timestamp_sec	0	1	2	3	4	5
0.23770519999993667	-7.0341644287109375	5.839457988739014	-3.4763808250427246	0.0024434609804302454	-0.006108652334660292	-0.004886921960860491
0.23773510000000897	-7.0341644287109375	5.839457988739014	-3.4763808250427246	0.0024434609804302454	-0.006108652334660292	-0.004886921960860491
0.23774539999999433	-7.058106422424316	5.868188381195068	-3.464409828186035	0.004886921960860491	-0.00366519158706069	-0.004886921960860491
0.2377529999998842	-7.058106422424316	5.868188381195068	-3.464409828186035	0.004886921960860491	-0.00366519158706069	-0.004886921960860491
0.23776079999993271	-6.943184852600098	5.87776517868042	-3.4332852363586426	0.00366519158706069	-0.0024434609804302454	-0.00366519158706069
0.23776810000003934	-6.943184852600098	5.87776517868042	-3.4332852363586426	0.00366519158706069	-0.0024434609804302454	-0.00366519158706069
0.2377759999999398	-6.98628044128418	5.758055210113525	-3.466804027557373	0.0	0.0	-0.0024434609804302454
0.23778859999993074	-6.98628044128418	5.758055210113525	-3.466804027557373	0.0	0.0	-0.0024434609804302454
0.23780779999992774	-7.022193431854248	5.801150798797607	-3.4979286193847656	-0.009773843921720982	0.00366519158706069	-0.004886921960860491
0.2378208000000086	-7.022193431854248	5.801150798797607	-3.4979286193847656	-0.009773843921720982	0.00366519158706069	-0.004886921960860491
0.2378320000000258	-7.046135425567627	5.801150798797607	-3.4811692237854004	-0.00855211354792118	0.006108652334660292	-0.006108652334660292
0.23784359999990556	-7.046135425567627	5.801150798797607	-3.4811692237854004	-0.00855211354792118	0.006108652334660292	-0.006108652334660292
0.2533487000000605	-6.97430944442749	5.868188381195068	-3.5745432376861572	-0.00366519158706069	0.004886921960860491	-0.00733038317412138
0.25473710000005667	-6.97430944442749	5.868188381195068	-3.5745432376861572	-0.00366519158706069	0.004886921960860491	-0.00733038317412138
0.2747432999999546	-6.97430944442749	5.837063789367676	-3.5410242080688477	-0.0024434609804302454	0.0024434609804302454	-0.006108652334660292
0.27504670000007536	-6.97430944442749	5.837063789367676	-3.5410242080688477	-0.0024434609804302454	0.0024434609804302454	-0.006108652334660292
0.2954675999999381	-6.995857238769531	5.880159378051758	-3.426102638244629	-0.0012217304902151227	-0.0012217304902151227	-0.004886921960860491
0.29552910000006705	-6.995857238769531	5.880159378051758	-3.426102638244629	-0.0012217304902151227	-0.0012217304902151227	-0.004886921960860491
0.3538920999999391	-6.97430944442749	5.832275390625	-3.512293815612793	-0.0012217304902151227	-0.00366519158706069	-0.0024434609804302454
0.3539224999999533	-6.97430944442749	5.832275390625	-3.512293815612793	-0.0012217304902151227	-0.00366519158706069	-0.0024434609804302454
0.3539315999998962	-6.914454460144043	5.803544998168945	-3.4596214294433594	0.0	-0.00733038317412138	-0.0012217304902151227
0.35394289999999273	-6.914454460144043	5.803544998168945	-3.4596214294433594	0.0	-0.00733038317412138	-0.0012217304902151227
0.3544142999999167	-7.022193431854248	5.892130374908447	-3.5194764137268066	-0.0012217304902151227	-0.010995574295520782	-0.0012217304902151227
0.35546789999989414	-7.022193431854248	5.892130374908447	-3.5194764137268066	-0.0012217304902151227	-0.010995574295520782	-0.0012217304902151227
0.3760941999998977	-7.0126166343688965	5.858611583709717	-3.4620156288146973	-0.0012217304902151227	-0.015882495790719986	0.0
0.37699689999999464	-7.0126166343688965	5.858611583709717	-3.4620156288146973	-0.0012217304902151227	-0.015882495790719986	0.0
0.3936788000000888	-6.998251438140869	5.856217384338379	-3.4811692237854004	0.0024434609804302454	-0.01710422709584236	0.0012217304902151227
0.39371269999992364	-6.998251438140869	5.856217384338379	-3.4811692237854004	0.0024434609804302454	-0.01710422709584236	0.0012217304902151227
0.4160704999999325	-6.988674640655518	5.813121795654297	-3.406949043273926	0.0	-0.018325956538319588	0.0024434609804302454
0.41610450000007404	-6.988674640655518	5.813121795654297	-3.406949043273926	0.0	-0.018325956538319588	0.0024434609804302454
0.44436689999997725	-6.97430944442749	5.875370979309082	-3.49314022064209	0.0	-0.01710422709584236	0.00366519158706069
0.4567053000000669	-6.97430944442749	5.875370979309082	-3.49314022064209	0.0	-0.01710422709584236	0.00366519158706069
0.4567500000000564	-6.998251438140869	5.882553577423096	-3.466804027557373	-0.00366519158706069	-0.013439035043120384	0.0024434609804302454
0.45676320000006854	-6.998251438140869	5.882553577423096	-3.466804027557373	-0.00366519158706069	-0.013439035043120384	0.0024434609804302454
0.47718719999988934	-6.993463039398193	5.827486991882324	-3.5003228187561035	-0.006108652334660292	-0.010995574295520782	0.0024434609804302454
0.4772419999999329	-6.993463039398193	5.827486991882324	-3.5003228187561035	-0.006108652334660292	-0.010995574295520782	0.0024434609804302454
0.5003994999999577	-6.981492042541504	5.841852188110352	-3.44765043258667	-0.0012217304902151227	-0.00733038317412138	0.004886921960860491
0.500455699999975	-6.981492042541504	5.841852188110352	-3.44765043258667	-0.0012217304902151227	-0.00733038317412138	0.004886921960860491
0.5167710999999144	-7.000645637512207	5.853823184967041	-3.4596214294433594	-0.0024434609804302454	-0.006108652334660292	0.006108652334660292
0.5168036000000029	-7.000645637512207	5.853823184967041	-3.4596214294433594	-0.0024434609804302454	-0.006108652334660292	0.006108652334660292
0.5354417000000922	-6.943184852600098	5.837063789367676	-3.44765043258667	-0.004886921960860491	-0.0024434609804302454	0.006108652334660292
0.5357839000000695	-6.943184852600098	5.837063789367676	-3.44765043258667	-0.004886921960860491	-0.0024434609804302454	0.006108652334660292
0.555813100000023	-7.003039836883545	5.78678560256958	-3.4763808250427246	-0.006108652334660292	-0.004886921960860491	0.00733038317412138
0.5561634999999114	-7.003039836883545	5.78678560256958	-3.4763808250427246	-0.006108652334660292	-0.004886921960860491	0.00733038317412138
0.5752571000000444	-6.936002254486084	5.817910194396973	-3.466804027557373	-0.00733038317412138	-0.00733038317412138	0.004886921960860491
0.5759479000000738	-6.936002254486084	5.817910194396973	-3.466804027557373	-0.00733038317412138	-0.00733038317412138	0.004886921960860491
0.5930040000000645	-6.981492042541504	5.899312973022461	-3.4955344200134277	-0.004886921960860491	-0.010995574295520782	0.00366519158706069
0.5942746999999144	-6.981492042541504	5.899312973022461	-3.4955344200134277	-0.004886921960860491	-0.010995574295520782	0.00366519158706069
0.6159347000000253	-7.043741226196289	5.78678560256958	-3.5218706130981445	0.0024434609804302454	-0.015882495790719986	0.004886921960860491
0.6159743999999137	-7.043741226196289	5.78678560256958	-3.5218706130981445	0.0024434609804302454	-0.015882495790719986	0.004886921960860491
0.6332205999999587	-7.015010833740234	5.853823184967041	-3.5027170181274414	0.00366519158706069	-0.02076941914856434	0.004886921960860491
0.6349436000000424	-7.015010833740234	5.853823184967041	-3.5027170181274414	0.00366519158706069	-0.02076941914856434	0.004886921960860491
0.6552732000000105	-7.043741226196289	5.817910194396973	-3.4763808250427246	0.00855211354792118	-0.024434609338641167	0.004886921960860491
0.6553395000000819	-7.043741226196289	5.817910194396973	-3.4763808250427246	0.00855211354792118	-0.024434609338641167	0.004886921960860491
0.6769268000000466	-6.993463039398193	5.884947776794434	-3.404554843902588	0.012217304669320583	-0.024434609338641167	0.006108652334660292
0.6772951999998895	-6.993463039398193	5.884947776794434	-3.404554843902588	0.012217304669320583	-0.024434609338641167	0.006108652334660292
0.6932277000000795	-7.024587631225586	5.849034786224365	-3.4141316413879395	0.012217304669320583	-0.021991148591041565	0.00733038317412138
0.6932604000000993	-7.024587631225586	5.849034786224365	-3.4141316413879395	0.012217304669320583	-0.021991148591041565	0.00733038317412138
0.7138942999999927	-7.026981830596924	5.91128396987915	-3.4572272300720215	0.00855211354792118	-0.015882495790719986	0.00733038317412138
0.7139448999998876	-7.026981830596924	5.91128396987915	-3.4572272300720215	0.00855211354792118	-0.015882495790719986	0.00733038317412138
0.735270299999911	-7.036558628082275	5.849034786224365	-3.423708438873291	0.006108652334660292	-0.006108652334660292	0.00733038317412138
0.735300099999904	-7.036558628082275	5.849034786224365	-3.423708438873291	0.006108652334660292	-0.006108652334660292	0.00733038317412138
0.7547460000000683	-7.029376029968262	5.851428985595703	-3.4093432426452637	0.004886921960860491	0.006108652334660292	0.006108652334660292
0.7547752000000401	-7.029376029968262	5.851428985595703	-3.4093432426452637	0.004886921960860491	0.006108652334660292	0.006108652334660292
0.7733166000000438	-7.005434036254883	5.856217384338379	-3.4165258407592773	0.0	0.019547687843441963	0.00366519158706069
0.7733453999999256	-7.005434036254883	5.856217384338379	-3.4165258407592773	0.0	0.019547687843441963	0.00366519158706069
0.7978636000000279	-6.981492042541504	5.846640586853027	-3.450044631958008	-0.010995574295520782	0.030543262138962746	0.0
0.7979084000000967	-6.981492042541504	5.846640586853027	-3.450044631958008	-0.010995574295520782	0.030543262138962746	0.0
0.8203389999998763	-6.967126846313477	5.899312973022461	-3.56017804145813	-0.019547687843441963	0.03420845419168472	-0.0024434609804302454
0.8203968000000259	-6.967126846313477	5.899312973022461	-3.56017804145813	-0.019547687843441963	0.03420845419168472	-0.0024434609804302454
0.8354282000000239	-6.938396453857422	5.8873419761657715	-3.5721490383148193	-0.015882495790719986	0.0354301854968071	-0.004886921960860491
0.8354587999999694	-6.938396453857422	5.8873419761657715	-3.5721490383148193	-0.015882495790719986	0.0354301854968071	-0.004886921960860491
0.8552858999998989	-7.048529624938965	5.774814605712891	-3.56017804145813	-0.010995574295520782	0.028099801391363144	-0.00366519158706069
0.8553159000000505	-7.048529624938965	5.774814605712891	-3.56017804145813	-0.010995574295520782	0.028099801391363144	-0.00366519158706069
0.8734044999998787	-7.0126166343688965	5.856217384338379	-3.514688014984131	-0.00366519158706069	0.013439035043120384	-0.0024434609804302454
0.8734340999999404	-7.0126166343688965	5.856217384338379	-3.514688014984131	-0.00366519158706069	0.013439035043120384	-0.0024434609804302454
0.894585300000017	-6.98628044128418	5.808333396911621	-3.531447410583496	-0.0012217304902151227	-0.00366519158706069	0.0012217304902151227
0.8946241999999529	-6.98628044128418	5.808333396911621	-3.531447410583496	-0.0012217304902151227	-0.00366519158706069	0.0012217304902151227
0.9181593999999222	-6.8809356689453125	5.817910194396973	-3.533841609954834	0.0012217304902151227	-0.015882495790719986	0.004886921960860491
0.9182284000000891	-6.8809356689453125	5.817910194396973	-3.533841609954834	0.0012217304902151227	-0.015882495790719986	0.004886921960860491
0.935805500000015	-6.94079065322876	5.8657941818237305	-3.5242648124694824	0.009773843921720982	-0.030543262138962746	0.009773843921720982
0.9358336999998755	-6.94079065322876	5.8657941818237305	-3.5242648124694824	0.009773843921720982	-0.030543262138962746	0.009773843921720982
0.9570641000000251	-7.024587631225586	5.837063789367676	-3.5051112174987793	0.012217304669320583	-0.036651913076639175	0.010995574295520782
0.9571267999999691	-7.024587631225586	5.837063789367676	-3.5051112174987793	0.012217304669320583	-0.036651913076639175	0.010995574295520782
0.9781597999999576	-7.048529624938965	5.839457988739014	-3.4404678344726562	0.00855211354792118	-0.036651913076639175	0.012217304669320583
0.9788530999999239	-7.048529624938965	5.839457988739014	-3.4404678344726562	0.00855211354792118	-0.036651913076639175	0.012217304669320583
0.992835100000093	-6.9910688400268555	5.793968200683594	-3.469198226928711	0.0024434609804302454	-0.0354301854968071	0.012217304669320583
0.9928637999998955	-6.9910688400268555	5.793968200683594	-3.469198226928711	0.0024434609804302454	-0.0354301854968071	0.012217304669320583
1.015715999999884	-7.000645637512207	5.8203043937683105	-3.4572272300720215	0.00366519158706069	-0.030543262138962746	0.009773843921720982
1.015745799999877	-7.000645637512207	5.8203043937683105	-3.4572272300720215	0.00366519158706069	-0.030543262138962746	0.009773843921720982
1.0357748999999785	-6.98628044128418	5.8442463874816895	-3.3949780464172363	0.0012217304902151227	-0.02321287989616394	0.00855211354792118
1.0358046999999715	-6.98628044128418	5.8442463874816895	-3.3949780464172363	0.0012217304902151227	-0.02321287989616394	0.00855211354792118
1.0545770999999604	-7.022193431854248	5.880159378051758	-3.3925838470458984	-0.0024434609804302454	-0.01466076634824276	0.006108652334660292
1.0546065000000908	-7.022193431854248	5.880159378051758	-3.3925838470458984	-0.0024434609804302454	-0.01466076634824276	0.006108652334660292
1.0750178000000687	-6.962338447570801	5.870582580566406	-3.428496837615967	-0.004886921960860491	-0.009773843921720982	0.004886921960860491
1.0750514999999723	-6.962338447570801	5.870582580566406	-3.428496837615967	-0.004886921960860491	-0.009773843921720982	0.004886921960860491
1.0959534000000986	-6.943184852600098	5.875370979309082	-3.4141316413879395	-0.00733038317412138	-0.004886921960860491	0.0024434609804302454
1.0962838999998894	-6.943184852600098	5.875370979309082	-3.4141316413879395	-0.00733038317412138	-0.004886921960860491	0.0024434609804302454
1.1159195000000182	-6.981492042541504	5.861005783081055	-3.5051112174987793	-0.00733038317412138	-0.00366519158706069	0.0024434609804302454
1.1159723999999187	-6.981492042541504	5.861005783081055	-3.5051112174987793	-0.00733038317412138	-0.00366519158706069	0.0024434609804302454
1.14012230000003	-7.01979923248291	5.870582580566406	-3.466804027557373	-0.004886921960860491	-0.0024434609804302454	0.0012217304902151227
1.1401714000000993	-7.01979923248291	5.870582580566406	-3.466804027557373	-0.004886921960860491	-0.0024434609804302454	0.0012217304902151227
1.1605162000000746	-7.005434036254883	5.837063789367676	-3.4404678344726562	0.0012217304902151227	-0.0024434609804302454	0.0012217304902151227
1.1605815999998867	-7.005434036254883	5.837063789367676	-3.4404678344726562	0.0012217304902151227	-0.0024434609804302454	0.0012217304902151227
1.1759508000000096	-6.909666061401367	5.793968200683594	-3.4739866256713867	-0.0012217304902151227	-0.00366519158706069	0.0024434609804302454
1.1759993000000577	-6.909666061401367	5.793968200683594	-3.4739866256713867	-0.0012217304902151227	-0.00366519158706069	0.0024434609804302454
1.1955921999999646	-6.914454460144043	5.839457988739014	-3.485957622528076	-0.009773843921720982	-0.00733038317412138	0.0
1.195661100000052	-6.914454460144043	5.839457988739014	-3.485957622528076	-0.009773843921720982	-0.00733038317412138	0.0
1.2165611999998873	-6.976703643798828	5.942408561706543	-3.490746021270752	-0.009773843921720982	-0.00855211354792118	0.0012217304902151227
1.216873699999951	-6.976703643798828	5.942408561706543	-3.490746021270752	-0.009773843921720982	-0.00855211354792118	0.0012217304902151227
1.2338362999998935	-6.947973251342773	5.858611583709717	-3.488351821899414	0.0012217304902151227	-0.00855211354792118	0.004886921960860491
1.2338939999999639	-6.947973251342773	5.858611583709717	-3.488351821899414	0.0012217304902151227	-0.00855211354792118	0.004886921960860491
1.255083900000045	-6.952761650085449	5.880159378051758	-3.450044631958008	0.006108652334660292	-0.012217304669320583	0.00855211354792118
1.2551335000000563	-6.952761650085449	5.880159378051758	-3.450044631958008	0.006108652334660292	-0.012217304669320583	0.00855211354792118
1.2778485999999702	-7.015010833740234	5.880159378051758	-3.5242648124694824	0.00733038317412138	-0.015882495790719986	0.009773843921720982
1.2778808000000481	-7.015010833740234	5.880159378051758	-3.5242648124694824	0.00733038317412138	-0.015882495790719986	0.009773843921720982
1.2958002000000306	-6.950367450714111	5.901707172393799	-3.421314239501953	0.010995574295520782	-0.010995574295520782	0.00855211354792118
1.295857000000069	-6.950367450714111	5.901707172393799	-3.421314239501953	0.010995574295520782	-0.010995574295520782	0.00855211354792118
1.3151353000000654	-6.988674640655518	5.87776517868042	-3.375824451446533	0.009773843921720982	-0.004886921960860491	0.00733038317412138
1.315186699999913	-6.988674640655518	5.87776517868042	-3.375824451446533	0.009773843921720982	-0.004886921960860491	0.00733038317412138
1.3349496000000727	-6.988674640655518	5.858611583709717	-3.4572272300720215	0.0	0.0024434609804302454	0.004886921960860491
1.3355957999999646	-6.988674640655518	5.858611583709717	-3.4572272300720215	0.0	0.0024434609804302454	0.004886921960860491
1.3552465000000211	-7.0317702293396	5.815515995025635	-3.4835634231567383	-0.004886921960860491	0.00733038317412138	0.0012217304902151227
1.3552988999999798	-7.0317702293396	5.815515995025635	-3.4835634231567383	-0.004886921960860491	0.00733038317412138	0.0012217304902151227
1.3758115000000544	-6.9695210456848145	5.868188381195068	-3.4404678344726562	-0.0024434609804302454	0.00855211354792118	-0.0012217304902151227
1.375842700000021	-6.9695210456848145	5.868188381195068	-3.4404678344726562	-0.0024434609804302454	0.00855211354792118	-0.0012217304902151227
1.3947206999998798	-7.005434036254883	5.918466567993164	-3.507505416870117	0.0012217304902151227	0.00733038317412138	-0.0012217304902151227
1.396203499999956	-7.005434036254883	5.918466567993164	-3.507505416870117	0.0012217304902151227	0.00733038317412138	-0.0012217304902151227
1.4156009000000722	-6.9455790519714355	5.904101371765137	-3.4380736351013184	0.0024434609804302454	0.00366519158706069	0.0
1.415651999999909	-6.9455790519714355	5.904101371765137	-3.4380736351013184	0.0024434609804302454	0.00366519158706069	0.0
1.4355960000000323	-7.003039836883545	5.825092792510986	-3.464409828186035	0.00366519158706069	0.0012217304902151227	-0.0012217304902151227
1.4368113999998968	-7.003039836883545	5.825092792510986	-3.464409828186035	0.00366519158706069	0.0012217304902151227	-0.0012217304902151227
1.4579243999999107	-6.8809356689453125	5.832275390625	-3.4572272300720215	0.00733038317412138	0.00366519158706069	-0.0024434609804302454
1.4579630000000634	-6.8809356689453125	5.832275390625	-3.4572272300720215	0.00733038317412138	0.00366519158706069	-0.0024434609804302454
1.4756996000000981	-6.993463039398193	5.8203043937683105	-3.485957622528076	0.004886921960860491	0.006108652334660292	0.0
1.4757564999999886	-6.993463039398193	5.8203043937683105	-3.485957622528076	0.004886921960860491	0.006108652334660292	0.0
1.5022351000000072	-6.912060260772705	5.889736175537109	-3.488351821899414	0.004886921960860491	0.00855211354792118	0.0012217304902151227
1.5022859999999127	-6.912060260772705	5.889736175537109	-3.488351821899414	0.004886921960860491	0.00855211354792118	0.0012217304902151227
1.5165993000000526	-6.936002254486084	5.9088897705078125	-3.49314022064209	-0.0012217304902151227	0.00855211354792118	0.0024434609804302454
1.5166441999999734	-6.936002254486084	5.9088897705078125	-3.49314022064209	-0.0012217304902151227	0.00855211354792118	0.0024434609804302454
1.5342719000000216	-6.976703643798828	5.846640586853027	-3.5410242080688477	-0.004886921960860491	0.00733038317412138	0.00366519158706069
1.5373419000000013	-6.976703643798828	5.846640586853027	-3.5410242080688477	-0.004886921960860491	0.00733038317412138	0.00366519158706069
1.5571237999999994	-6.981492042541504	5.8657941818237305	-3.4620156288146973	-0.006108652334660292	0.004886921960860491	0.00366519158706069
1.5580039999999826	-6.981492042541504	5.8657941818237305	-3.4620156288146973	-0.006108652334660292	0.004886921960860491	0.00366519158706069
1.5761047999999391	-7.000645637512207	5.8873419761657715	-3.550601005554199	-0.00366519158706069	0.0012217304902151227	0.00366519158706069
1.5764859000000797	-7.000645637512207	5.8873419761657715	-3.550601005554199	-0.00366519158706069	0.0012217304902151227	0.00366519158706069
1.596209799999997	-6.979097843170166	5.822698593139648	-3.5410242080688477	-0.0012217304902151227	-0.004886921960860491	0.00366519158706069
1.5962495999999646	-6.979097843170166	5.822698593139648	-3.5410242080688477	-0.0012217304902151227	-0.004886921960860491	0.00366519158706069
1.6195399000000634	-6.921637058258057	5.808333396911621	-3.5027170181274414	0.00366519158706069	-0.013439035043120384	0.00366519158706069
1.6196128999999928	-6.921637058258057	5.808333396911621	-3.5027170181274414	0.00366519158706069	-0.013439035043120384	0.00366519158706069
1.6396855999998934	-6.998251438140869	5.822698593139648	-3.4739866256713867	0.00733038317412138	-0.02076941914856434	0.004886921960860491
1.639725700000099	-6.998251438140869	5.822698593139648	-3.4739866256713867	0.00733038317412138	-0.02076941914856434	0.004886921960860491
1.657409400000006	-7.0126166343688965	5.884947776794434	-3.4787750244140625	0.00855211354792118	-0.024434609338641167	0.004886921960860491
1.6574845000000096	-7.0126166343688965	5.884947776794434	-3.4787750244140625	0.00855211354792118	-0.024434609338641167	0.004886921960860491
1.6768288999999186	-6.979097843170166	5.9088897705078125	-3.4189200401306152	0.00855211354792118	-0.024434609338641167	0.00366519158706069
1.6768644999999651	-6.979097843170166	5.9088897705078125	-3.4189200401306152	0.00855211354792118	-0.024434609338641167	0.00366519158706069
1.6978500000000167	-6.909666061401367	5.8442463874816895	-3.378218650817871	0.00366519158706069	-0.024434609338641167	0.004886921960860491
1.6989452000000256	-6.909666061401367	5.8442463874816895	-3.378218650817871	0.00366519158706069	-0.024434609338641167	0.004886921960860491
1.7155831000000035	-6.950367450714111	5.892130374908447	-3.445256233215332	-0.0012217304902151227	-0.02076941914856434	0.004886921960860491
1.7156219999999394	-6.950367450714111	5.892130374908447	-3.445256233215332	-0.0012217304902151227	-0.02076941914856434	0.004886921960860491
1.7370266000000356	-6.983886241912842	5.851428985595703	-3.464409828186035	0.0	-0.01466076634824276	0.0024434609804302454
1.7383700000000317	-6.983886241912842	5.851428985595703	-3.464409828186035	0.0	-0.01466076634824276	0.0024434609804302454
1.7577022000000397	-6.947973251342773	5.894524574279785	-3.4308910369873047	-0.00366519158706069	-0.009773843921720982	0.0
1.7589672999999948	-6.947973251342773	5.894524574279785	-3.4308910369873047	-0.00366519158706069	-0.009773843921720982	0.0
1.7809778999999253	-7.000645637512207	5.839457988739014	-3.5242648124694824	-0.004886921960860491	-0.004886921960860491	0.0024434609804302454
1.781038399999943	-7.000645637512207	5.839457988739014	-3.5242648124694824	-0.004886921960860491	-0.004886921960860491	0.0024434609804302454
1.798406200000045	-6.904877662658691	5.904101371765137	-3.4811692237854004	-0.00366519158706069	-0.004886921960860491	0.0024434609804302454
1.7984513999999763	-6.904877662658691	5.904101371765137	-3.4811692237854004	-0.00366519158706069	-0.004886921960860491	0.0024434609804302454
1.8166181999999935	-6.98628044128418	5.815515995025635	-3.442862033843994	-0.0012217304902151227	-0.00366519158706069	0.0012217304902151227
1.816662400000041	-6.98628044128418	5.815515995025635	-3.442862033843994	-0.0012217304902151227	-0.00366519158706069	0.0012217304902151227
1.83612590000007	-6.919242858886719	5.861005783081055	-3.4739866256713867	0.0	-0.004886921960860491	0.0024434609804302454
1.8361617000000479	-6.919242858886719	5.861005783081055	-3.4739866256713867	0.0	-0.004886921960860491	0.0024434609804302454
1.8574174000000312	-6.919242858886719	5.853823184967041	-3.4620156288146973	-0.004886921960860491	-0.006108652334660292	0.0024434609804302454
1.8574734999999691	-6.919242858886719	5.853823184967041	-3.4620156288146973	-0.004886921960860491	-0.006108652334660292	0.0024434609804302454
1.8774938999999904	-6.9240312576293945	5.901707172393799	-3.4763808250427246	-0.0024434609804302454	-0.00733038317412138	0.0012217304902151227
1.8784911000000193	-6.9240312576293945	5.901707172393799	-3.4763808250427246	-0.0024434609804302454	-0.00733038317412138	0.0012217304902151227
1.8979683000000023	-6.9695210456848145	5.882553577423096	-3.4763808250427246	-0.0012217304902151227	-0.00733038317412138	0.0012217304902151227
1.89800409999998	-6.9695210456848145	5.882553577423096	-3.4763808250427246	-0.0012217304902151227	-0.00733038317412138	0.0012217304902151227
1.9220505000000685	-6.998251438140869	5.892130374908447	-3.4572272300720215	0.0	-0.00733038317412138	0.0024434609804302454
1.9220817999998872	-6.998251438140869	5.892130374908447	-3.4572272300720215	0.0	-0.00733038317412138	0.0024434609804302454
1.940423100000089	-6.964732646942139	5.868188381195068	-3.5027170181274414	0.0	-0.00733038317412138	0.0024434609804302454
1.9404881999998906	-6.964732646942139	5.868188381195068	-3.5027170181274414	0.0	-0.00733038317412138	0.0024434609804302454
1.9560469999998986	-6.976703643798828	5.851428985595703	-3.4979286193847656	0.0012217304902151227	-0.006108652334660292	0.004886921960860491
1.957053999999971	-6.976703643798828	5.851428985595703	-3.4979286193847656	0.0012217304902151227	-0.006108652334660292	0.004886921960860491
1.9759149999999863	-6.916848659515381	5.825092792510986	-3.4308910369873047	0.0012217304902151227	-0.00366519158706069	0.0012217304902151227
1.975972400000046	-6.916848659515381	5.825092792510986	-3.4308910369873047	0.0012217304902151227	-0.00366519158706069	0.0012217304902151227
1.9987493999999515	-6.959944248199463	5.861005783081055	-3.4979286193847656	-0.0024434609804302454	0.0	0.0024434609804302454
1.9987928000000466	-6.959944248199463	5.861005783081055	-3.4979286193847656	-0.0024434609804302454	0.0	0.0024434609804302454
2.015987700000096	-6.952761650085449	5.87776517868042	-3.4835634231567383	-0.00366519158706069	0.0012217304902151227	0.0012217304902151227
2.016095499999892	-6.952761650085449	5.87776517868042	-3.4835634231567383	-0.00366519158706069	0.0012217304902151227	0.0012217304902151227
2.036080399999946	-6.98628044128418	5.918466567993164	-3.5027170181274414	-0.004886921960860491	0.0	0.0012217304902151227
2.036132299999963	-6.98628044128418	5.918466567993164	-3.5027170181274414	-0.004886921960860491	0.0	0.0012217304902151227
2.0570643999999447	-7.0341644287109375	5.87776517868042	-3.5027170181274414	-0.004886921960860491	-0.0012217304902151227	0.0
2.0574916999999004	-7.0341644287109375	5.87776517868042	-3.5027170181274414	-0.004886921960860491	-0.0012217304902151227	0.0
2.078196700000035	-6.94079065322876	5.944802761077881	-3.445256233215332	0.0	-0.0024434609804302454	0.0012217304902151227
2.078228699999954	-6.94079065322876	5.944802761077881	-3.445256233215332	0.0	-0.0024434609804302454	0.0012217304902151227
2.1005179999999655	-6.907271862030029	5.875370979309082	-3.4356794357299805	0.0024434609804302454	-0.006108652334660292	0.0024434609804302454
2.1005855000000793	-6.907271862030029	5.875370979309082	-3.4356794357299805	0.0024434609804302454	-0.006108652334660292	0.0024434609804302454
2.1184352000000217	-6.909666061401367	5.872976779937744	-3.4524388313293457	-0.004886921960860491	-0.006108652334660292	0.0024434609804302454
2.1184705000000577	-6.909666061401367	5.872976779937744	-3.4524388313293457	-0.004886921960860491	-0.006108652334660292	0.0024434609804302454
2.134797899999967	-7.0341644287109375	5.942408561706543	-3.5266590118408203	-0.00733038317412138	-0.004886921960860491	-0.0012217304902151227
2.1352600000000166	-7.0341644287109375	5.942408561706543	-3.5266590118408203	-0.00733038317412138	-0.004886921960860491	-0.0012217304902151227
2.156575499999917	-7.079654216766357	5.9519853591918945	-3.471592426300049	-0.0024434609804302454	-0.006108652334660292	-0.0012217304902151227
2.1574507999998787	-7.079654216766357	5.9519853591918945	-3.471592426300049	-0.0024434609804302454	-0.006108652334660292	-0.0012217304902151227
2.17685019999999	-6.988674640655518	5.8203043937683105	-3.4763808250427246	0.0012217304902151227	-0.006108652334660292	0.0
2.177936099999897	-6.988674640655518	5.8203043937683105	-3.4763808250427246	0.0012217304902151227	-0.006108652334660292	0.0
2.198030999999901	-6.97430944442749	5.851428985595703	-3.4787750244140625	0.0024434609804302454	-0.00733038317412138	0.0
2.198962100000017	-6.97430944442749	5.851428985595703	-3.4787750244140625	0.0024434609804302454	-0.00733038317412138	0.0
2.219689199999948	-6.964732646942139	5.892130374908447	-3.469198226928711	0.0012217304902151227	-0.004886921960860491	-0.0012217304902151227
2.2197227999999996	-6.964732646942139	5.892130374908447	-3.469198226928711	0.0012217304902151227	-0.004886921960860491	-0.0012217304902151227
2.239999500000067	-6.912060260772705	5.901707172393799	-3.4739866256713867	0.00366519158706069	-0.0024434609804302454	-0.0024434609804302454
2.240032700000029	-6.912060260772705	5.901707172393799	-3.4739866256713867	0.00366519158706069	-0.0024434609804302454	-0.0024434609804302454
2.2593065000000934	-6.981492042541504	5.87776517868042	-3.397372245788574	0.004886921960860491	0.0	-0.0024434609804302454
2.2603787000000466	-6.981492042541504	5.87776517868042	-3.397372245788574	0.004886921960860491	0.0	-0.0024434609804302454
2.276873099999875	-6.988674640655518	5.894524574279785	-3.466804027557373	-0.0024434609804302454	-0.0012217304902151227	-0.0024434609804302454
2.2782543999999234	-6.988674640655518	5.894524574279785	-3.466804027557373	-0.0024434609804302454	-0.0012217304902151227	-0.0024434609804302454
2.2971379999999044	-7.003039836883545	5.892130374908447	-3.4356794357299805	-0.00733038317412138	-0.00366519158706069	-0.0024434609804302454
2.2981134999999995	-7.003039836883545	5.892130374908447	-3.4356794357299805	-0.00733038317412138	-0.00366519158706069	-0.0024434609804302454
2.3199939999999515	-6.962338447570801	5.880159378051758	-3.4955344200134277	-0.0024434609804302454	-0.00733038317412138	-0.0012217304902151227
2.3200438999999733	-6.962338447570801	5.880159378051758	-3.4955344200134277	-0.0024434609804302454	-0.00733038317412138	-0.0012217304902151227
2.3392366000000493	-6.993463039398193	5.87776517868042	-3.4189200401306152	0.0	-0.006108652334660292	-0.0012217304902151227
2.3393054000000575	-6.993463039398193	5.87776517868042	-3.4189200401306152	0.0	-0.006108652334660292	-0.0012217304902151227
2.358340799999951	-7.026981830596924	5.880159378051758	-3.4979286193847656	0.00366519158706069	-0.004886921960860491	0.0
2.3591644000000542	-7.026981830596924	5.880159378051758	-3.4979286193847656	0.00366519158706069	-0.004886921960860491	0.0
2.3781684000000496	-6.976703643798828	5.858611583709717	-3.450044631958008	0.0024434609804302454	-0.004886921960860491	-0.0012217304902151227
2.378557600000022	-6.976703643798828	5.858611583709717	-3.450044631958008	0.0024434609804302454	-0.004886921960860491	-0.0012217304902151227
2.401176699999951	-6.9455790519714355	5.899312973022461	-3.536235809326172	-0.0012217304902151227	-0.0024434609804302454	-0.00366519158706069
2.4012092999998913	-6.9455790519714355	5.899312973022461	-3.536235809326172	-0.0012217304902151227	-0.0024434609804302454	-0.00366519158706069
2.419159000000036	-6.952761650085449	5.868188381195068	-3.4548330307006836	0.0012217304902151227	-0.0024434609804302454	0.0
2.419255499999963	-6.952761650085449	5.868188381195068	-3.4548330307006836	0.0012217304902151227	-0.0024434609804302454	0.0
2.4387340000000677	-6.952761650085449	5.808333396911621	-3.5386300086975098	0.0	-0.0012217304902151227	0.0012217304902151227
2.4387662999999975	-6.952761650085449	5.808333396911621	-3.5386300086975098	0.0	-0.0012217304902151227	0.0012217304902151227
2.4559423000000606	-6.983886241912842	5.851428985595703	-3.4787750244140625	-0.010995574295520782	-0.0012217304902151227	0.0024434609804302454
2.4587103999999727	-6.983886241912842	5.851428985595703	-3.4787750244140625	-0.010995574295520782	-0.0012217304902151227	0.0024434609804302454
2.479032499999903	-6.914454460144043	5.942408561706543	-3.5170822143554688	-0.00733038317412138	-0.0012217304902151227	0.0012217304902151227
2.479514599999902	-6.914454460144043	5.942408561706543	-3.5170822143554688	-0.00733038317412138	-0.0012217304902151227	0.0012217304902151227
2.4982921000000715	-7.01979923248291	5.841852188110352	-3.4620156288146973	-0.006108652334660292	-0.006108652334660292	-0.0012217304902151227
2.499227000000019	-7.01979923248291	5.841852188110352	-3.4620156288146973	-0.006108652334660292	-0.006108652334660292	-0.0012217304902151227
2.5150492000000213	-6.995857238769531	5.858611583709717	-3.490746021270752	-0.004886921960860491	-0.0024434609804302454	-0.0012217304902151227
2.515079999999898	-6.995857238769531	5.858611583709717	-3.490746021270752	-0.004886921960860491	-0.0024434609804302454	-0.0012217304902151227
2.5379699000000073	-6.9240312576293945	5.87776517868042	-3.4572272300720215	0.00366519158706069	0.0	-0.00366519158706069
2.5388924999999745	-6.9240312576293945	5.87776517868042	-3.4572272300720215	0.00366519158706069	0.0	-0.00366519158706069
2.5610285000000204	-6.957550048828125	5.9088897705078125	-3.426102638244629	0.0024434609804302454	-0.0012217304902151227	-0.0012217304902151227
2.5610569000000396	-6.957550048828125	5.9088897705078125	-3.426102638244629	0.0024434609804302454	-0.0012217304902151227	-0.0012217304902151227
2.580456099999992	-6.909666061401367	5.87776517868042	-3.4356794357299805	-0.013439035043120384	-0.00855211354792118	0.0012217304902151227
2.58048430000008	-6.909666061401367	5.87776517868042	-3.4356794357299805	-0.013439035043120384	-0.00855211354792118	0.0012217304902151227
2.5984212000000753	-6.9024834632873535	5.8657941818237305	-3.509899616241455	-0.01466076634824276	-0.004886921960860491	-0.0012217304902151227
2.598453999999947	-6.9024834632873535	5.8657941818237305	-3.509899616241455	-0.01466076634824276	-0.004886921960860491	-0.0012217304902151227
2.618057399999998	-7.000645637512207	5.858611583709717	-3.533841609954834	-0.012217304669320583	-0.006108652334660292	0.0024434609804302454
2.6194172000000435	-7.000645637512207	5.858611583709717	-3.533841609954834	-0.012217304669320583	-0.006108652334660292	0.0024434609804302454
2.638909999999896	-6.995857238769531	5.793968200683594	-3.428496837615967	-0.00733038317412138	-0.00366519158706069	0.0
2.6389692000000196	-6.995857238769531	5.793968200683594	-3.428496837615967	-0.00733038317412138	-0.00366519158706069	0.0
2.661289399999987	-6.962338447570801	5.801150798797607	-3.488351821899414	-0.00855211354792118	-0.006108652334660292	0.0012217304902151227
2.66131919999998	-6.962338447570801	5.801150798797607	-3.488351821899414	-0.00855211354792118	-0.006108652334660292	0.0012217304902151227
2.6772765999999137	-6.947973251342773	5.961562156677246	-3.4787750244140625	0.004886921960860491	-0.00366519158706069	0.0
2.6781998999999814	-6.947973251342773	5.961562156677246	-3.4787750244140625	0.004886921960860491	-0.00366519158706069	0.0
2.6991043000000445	-7.105990409851074	5.91128396987915	-3.428496837615967	0.004886921960860491	-0.00366519158706069	0.0024434609804302454
2.699134400000048	-7.105990409851074	5.91128396987915	-3.428496837615967	0.004886921960860491	-0.00366519158706069	0.0024434609804302454
2.7195126999999957	-6.979097843170166	5.8442463874816895	-3.466804027557373	-0.010995574295520782	-0.004886921960860491	0.00366519158706069
2.71954269999992	-6.979097843170166	5.8442463874816895	-3.466804027557373	-0.010995574295520782	-0.004886921960860491	0.00366519158706069
2.73973019999994	-6.943184852600098	5.801150798797607	-3.485957622528076	-0.00733038317412138	-0.006108652334660292	0.004886921960860491
2.7413833000000523	-6.943184852600098	5.801150798797607	-3.485957622528076	-0.00733038317412138	-0.006108652334660292	0.004886921960860491
2.75867889999995	-6.964732646942139	5.808333396911621	-3.469198226928711	-0.00855211354792118	-0.00366519158706069	0.00366519158706069
2.7594429000000673	-6.964732646942139	5.808333396911621	-3.469198226928711	-0.00855211354792118	-0.00366519158706069	0.00366519158706069
2.7782205999999405	-6.981492042541504	5.861005783081055	-3.4380736351013184	-0.0024434609804302454	-0.0024434609804302454	0.0024434609804302454
2.7790147999999135	-6.981492042541504	5.861005783081055	-3.4380736351013184	-0.0024434609804302454	-0.0024434609804302454	0.0024434609804302454
2.797421199999917	-6.993463039398193	5.853823184967041	-3.4739866256713867	0.0	-0.0024434609804302454	0.0012217304902151227
2.798234099999945	-6.993463039398193	5.853823184967041	-3.4739866256713867	0.0	-0.0024434609804302454	0.0012217304902151227
2.8181544999999915	-6.952761650085449	5.827486991882324	-3.4763808250427246	-0.00366519158706069	-0.0012217304902151227	0.0
2.819191099999898	-6.952761650085449	5.827486991882324	-3.4763808250427246	-0.00366519158706069	-0.0012217304902151227	0.0
2.837872900000093	-6.995857238769531	5.913678169250488	-3.4979286193847656	0.0024434609804302454	0.0	0.0
2.83860750000008	-6.995857238769531	5.913678169250488	-3.4979286193847656	0.0024434609804302454	0.0	0.0
2.858502000000044	-6.950367450714111	5.861005783081055	-3.5027170181274414	0.004886921960860491	0.0	0.0012217304902151227
2.858742399999983	-6.950367450714111	5.861005783081055	-3.5027170181274414	0.004886921960860491	0.0	0.0012217304902151227
2.8787975000000188	-6.993463039398193	5.949591159820557	-3.4835634231567383	0.0024434609804302454	-0.0024434609804302454	0.0012217304902151227
2.8801645000000917	-6.993463039398193	5.949591159820557	-3.4835634231567383	0.0024434609804302454	-0.0024434609804302454	0.0012217304902151227
2.899826399999938	-6.916848659515381	5.920860767364502	-3.507505416870117	0.0012217304902151227	-0.00366519158706069	0.00366519158706069
2.90082469999993	-6.916848659515381	5.920860767364502	-3.507505416870117	0.0012217304902151227	-0.00366519158706069	0.00366519158706069
2.922445200000084	-6.981492042541504	5.896918773651123	-3.4787750244140625	-0.006108652334660292	-0.004886921960860491	0.00366519158706069
2.9224744000000555	-6.981492042541504	5.896918773651123	-3.4787750244140625	-0.006108652334660292	-0.004886921960860491	0.00366519158706069
2.9370441000000937	-6.983886241912842	5.868188381195068	-3.464409828186035	0.0012217304902151227	-0.004886921960860491	0.00366519158706069
2.9370744999998806	-6.983886241912842	5.868188381195068	-3.464409828186035	0.0012217304902151227	-0.004886921960860491	0.00366519158706069
2.958086200000025	-6.962338447570801	5.846640586853027	-3.4332852363586426	0.0	-0.00733038317412138	0.004886921960860491
2.95905659999994	-6.962338447570801	5.846640586853027	-3.4332852363586426	0.0	-0.00733038317412138	0.004886921960860491
2.9781536000000415	-6.9695210456848145	5.863399982452393	-3.485957622528076	-0.0024434609804302454	-0.00733038317412138	0.0024434609804302454
2.978183700000045	-6.9695210456848145	5.863399982452393	-3.485957622528076	-0.0024434609804302454	-0.00733038317412138	0.0024434609804302454
2.9994859999999335	-7.046135425567627	5.868188381195068	-3.471592426300049	-0.0012217304902151227	-0.00855211354792118	0.0012217304902151227
2.999531599999955	-7.046135425567627	5.868188381195068	-3.471592426300049	-0.0012217304902151227	-0.00855211354792118	0.0012217304902151227
3.019424200000003	-6.931213855743408	5.918466567993164	-3.4093432426452637	0.0012217304902151227	-0.009773843921720982	0.0024434609804302454
3.019457500000044	-6.931213855743408	5.918466567993164	-3.4093432426452637	0.0012217304902151227	-0.009773843921720982	0.0024434609804302454
3.0387799000000086	-6.967126846313477	5.940014362335205	-3.380612850189209	0.004886921960860491	-0.009773843921720982	0.00366519158706069
3.0398746999999275	-6.967126846313477	5.940014362335205	-3.380612850189209	0.004886921960860491	-0.009773843921720982	0.00366519158706069
3.0603495000000294	-6.873753070831299	5.875370979309082	-3.509899616241455	-0.00855211354792118	-0.00855211354792118	0.004886921960860491
3.06038169999988	-6.873753070831299	5.875370979309082	-3.509899616241455	-0.00855211354792118	-0.00855211354792118	0.004886921960860491
3.078592300000082	-6.97430944442749	5.863399982452393	-3.469198226928711	-0.01466076634824276	-0.004886921960860491	0.00366519158706069
3.079586099999915	-6.97430944442749	5.863399982452393	-3.469198226928711	-0.01466076634824276	-0.004886921960860491	0.00366519158706069
3.099077399999942	-6.9695210456848145	5.932831764221191	-3.5051112174987793	-0.004886921960860491	0.0	0.004886921960860491
3.0994243000000097	-6.9695210456848145	5.932831764221191	-3.5051112174987793	-0.004886921960860491	0.0	0.004886921960860491
3.1183046000001013	-6.971915245056152	5.870582580566406	-3.49314022064209	-0.0024434609804302454	0.0	0.00366519158706069
3.1195259999999507	-6.971915245056152	5.870582580566406	-3.49314022064209	-0.0024434609804302454	0.0	0.00366519158706069
3.138410199999953	-6.964732646942139	5.861005783081055	-3.4811692237854004	0.0	0.0	0.0012217304902151227
3.139545700000099	-6.964732646942139	5.861005783081055	-3.4811692237854004	0.0	0.0	0.0012217304902151227
3.1582897000000685	-6.933608055114746	5.9735331535339355	-3.4524388313293457	0.0	-0.0012217304902151227	0.0012217304902151227
3.1591172999999344	-6.933608055114746	5.9735331535339355	-3.4524388313293457	0.0	-0.0012217304902151227	0.0012217304902151227
3.1788653000000977	-6.9695210456848145	5.837063789367676	-3.4404678344726562	-0.004886921960860491	-0.004886921960860491	0.00366519158706069
3.1800539999999273	-6.9695210456848145	5.837063789367676	-3.4404678344726562	-0.004886921960860491	-0.004886921960860491	0.00366519158706069
3.1990507999998954	-6.950367450714111	5.872976779937744	-3.49314022064209	-0.00733038317412138	-0.0012217304902151227	0.0012217304902151227
3.1994852000000265	-6.950367450714111	5.872976779937744	-3.49314022064209	-0.00733038317412138	-0.0012217304902151227	0.0012217304902151227
3.2201265999999578	-6.9695210456848145	5.841852188110352	-3.442862033843994	0.0012217304902151227	-0.0012217304902151227	0.0012217304902151227
3.2210115999998834	-6.9695210456848145	5.841852188110352	-3.442862033843994	0.0012217304902151227	-0.0012217304902151227	0.0012217304902151227
3.2381410000000415	-6.957550048828125	5.91128396987915	-3.44765043258667	0.0012217304902151227	-0.004886921960860491	-0.0024434609804302454
3.239116700000068	-6.957550048828125	5.91128396987915	-3.44765043258667	0.0012217304902151227	-0.004886921960860491	-0.0024434609804302454
3.258550699999887	-6.921637058258057	5.91128396987915	-3.4596214294433594	0.00733038317412138	-0.00855211354792118	-0.0012217304902151227
3.260719800000061	-6.921637058258057	5.91128396987915	-3.4596214294433594	0.00733038317412138	-0.00855211354792118	-0.0012217304902151227
3.286454099999901	-7.024587631225586	5.987898349761963	-3.4763808250427246	0.0024434609804302454	-0.009773843921720982	0.0
3.286508700000013	-7.024587631225586	5.987898349761963	-3.4763808250427246	0.0024434609804302454	-0.009773843921720982	0.0
3.298667999999907	-6.947973251342773	5.872976779937744	-3.4979286193847656	0.0	-0.00855211354792118	0.0
3.298953400000073	-6.947973251342773	5.872976779937744	-3.4979286193847656	0.0	-0.00855211354792118	0.0
3.3189288000000943	-6.971915245056152	5.92325496673584	-3.450044631958008	0.0012217304902151227	-0.004886921960860491	-0.0012217304902151227
3.3197000000000116	-6.971915245056152	5.92325496673584	-3.450044631958008	0.0012217304902151227	-0.004886921960860491	-0.0012217304902151227
3.338699800000086	-6.92881965637207	5.91128396987915	-3.4572272300720215	0.00366519158706069	-0.0012217304902151227	0.0
3.3396170999999413	-6.92881965637207	5.91128396987915	-3.4572272300720215	0.00366519158706069	-0.0012217304902151227	0.0
3.3589266999999836	-6.993463039398193	5.906495571136475	-3.4165258407592773	-0.0012217304902151227	0.0024434609804302454	0.0012217304902151227
3.359311299999945	-6.993463039398193	5.906495571136475	-3.4165258407592773	-0.0012217304902151227	0.0024434609804302454	0.0012217304902151227
3.381296999999904	-6.97430944442749	5.851428985595703	-3.4620156288146973	0.0024434609804302454	0.00733038317412138	-0.0012217304902151227
3.382377099999985	-6.97430944442749	5.851428985595703	-3.4620156288146973	0.0024434609804302454	0.00733038317412138	-0.0012217304902151227
3.3988904999998795	-7.0341644287109375	5.916072368621826	-3.49314022064209	-0.00366519158706069	0.009773843921720982	-0.0012217304902151227
3.400527900000043	-7.0341644287109375	5.916072368621826	-3.49314022064209	-0.00366519158706069	0.009773843921720982	-0.0012217304902151227
3.4194062999999915	-6.959944248199463	5.863399982452393	-3.4620156288146973	0.0	0.00855211354792118	-0.0012217304902151227
3.4194794	-6.959944248199463	5.863399982452393	-3.4620156288146973	0.0	0.00855211354792118	-0.0012217304902151227
3.438620599999922	-6.947973251342773	5.918466567993164	-3.5170822143554688	-0.00366519158706069	0.009773843921720982	-0.0012217304902151227
3.439785099999881	-6.947973251342773	5.918466567993164	-3.5170822143554688	-0.00366519158706069	0.009773843921720982	-0.0012217304902151227
3.4587335999999596	-6.92881965637207	5.817910194396973	-3.509899616241455	-0.0024434609804302454	0.009773843921720982	-0.00366519158706069
3.45953099999997	-6.92881965637207	5.817910194396973	-3.509899616241455	-0.0024434609804302454	0.009773843921720982	-0.00366519158706069
3.4787598999998863	-6.983886241912842	5.8203043937683105	-3.40216064453125	-0.0012217304902151227	0.00733038317412138	-0.004886921960860491
3.4798379999999725	-6.983886241912842	5.8203043937683105	-3.40216064453125	-0.0012217304902151227	0.00733038317412138	-0.004886921960860491
3.499490200000082	-6.955155849456787	5.942408561706543	-3.4979286193847656	-0.0012217304902151227	0.00366519158706069	-0.00733038317412138
3.4996819999998934	-6.955155849456787	5.942408561706543	-3.4979286193847656	-0.0012217304902151227	0.00366519158706069	-0.00733038317412138
3.519857000000002	-6.936002254486084	5.896918773651123	-3.552995204925537	0.0	-0.0012217304902151227	-0.004886921960860491
3.519912199999908	-6.936002254486084	5.896918773651123	-3.552995204925537	0.0	-0.0012217304902151227	-0.004886921960860491
3.540358400000059	-6.926425457000732	5.928043365478516	-3.4356794357299805	0.0012217304902151227	-0.00733038317412138	-0.00366519158706069
3.541210000000092	-6.926425457000732	5.928043365478516	-3.4356794357299805	0.0012217304902151227	-0.00733038317412138	-0.00366519158706069
3.5600672999999006	-6.904877662658691	5.975927352905273	-3.4763808250427246	0.00366519158706069	-0.009773843921720982	-0.0012217304902151227
3.5601168999999118	-6.904877662658691	5.975927352905273	-3.4763808250427246	0.00366519158706069	-0.009773843921720982	-0.0012217304902151227
3.5849878999999873	-6.938396453857422	5.8442463874816895	-3.4763808250427246	0.0012217304902151227	-0.013439035043120384	0.0
3.5850212999998803	-6.938396453857422	5.8442463874816895	-3.4763808250427246	0.0012217304902151227	-0.013439035043120384	0.0
3.598848099999941	-6.988674640655518	5.880159378051758	-3.5194764137268066	-0.0024434609804302454	-0.012217304669320583	0.0024434609804302454
3.599753299999975	-6.988674640655518	5.880159378051758	-3.5194764137268066	-0.0024434609804302454	-0.012217304669320583	0.0024434609804302454
3.6192470999999387	-6.943184852600098	5.841852188110352	-3.4548330307006836	0.0012217304902151227	-0.009773843921720982	0.0012217304902151227
3.620527300000049	-6.943184852600098	5.841852188110352	-3.4548330307006836	0.0012217304902151227	-0.009773843921720982	0.0012217304902151227
3.638654200000019	-6.962338447570801	5.880159378051758	-3.466804027557373	0.0012217304902151227	-0.006108652334660292	0.0012217304902151227
3.639585899999929	-6.962338447570801	5.880159378051758	-3.466804027557373	0.0012217304902151227	-0.006108652334660292	0.0012217304902151227
3.658790199999885	-7.017405033111572	5.9519853591918945	-3.4332852363586426	0.0	-0.00366519158706069	0.0
3.6596709999998893	-7.017405033111572	5.9519853591918945	-3.4332852363586426	0.0	-0.00366519158706069	0.0
3.6804460999999264	-6.892906665802002	5.892130374908447	-3.4979286193847656	-0.004886921960860491	-0.0024434609804302454	-0.0012217304902151227
3.680496400000038	-6.892906665802002	5.892130374908447	-3.4979286193847656	-0.004886921960860491	-0.0024434609804302454	-0.0012217304902151227
3.702367299999878	-6.936002254486084	5.884947776794434	-3.531447410583496	-0.00733038317412138	-0.004886921960860491	-0.0012217304902151227
3.7024245000000064	-6.936002254486084	5.884947776794434	-3.531447410583496	-0.00733038317412138	-0.004886921960860491	-0.0012217304902151227
3.7207244999999602	-6.88332986831665	5.863399982452393	-3.529053211212158	-0.004886921960860491	-0.006108652334660292	0.0
3.720760700000028	-6.88332986831665	5.863399982452393	-3.529053211212158	-0.004886921960860491	-0.006108652334660292	0.0
3.73920720000001	-6.955155849456787	5.837063789367676	-3.4811692237854004	-0.0024434609804302454	-0.00855211354792118	0.0024434609804302454
3.7392368999999235	-6.955155849456787	5.837063789367676	-3.4811692237854004	-0.0024434609804302454	-0.00855211354792118	0.0024434609804302454
3.757145600000058	-6.912060260772705	5.87776517868042	-3.469198226928711	-0.0024434609804302454	-0.013439035043120384	0.00366519158706069
3.7571932999999262	-6.912060260772705	5.87776517868042	-3.469198226928711	-0.0024434609804302454	-0.013439035043120384	0.00366519158706069
3.777076000000079	-6.9455790519714355	5.827486991882324	-3.466804027557373	-0.0012217304902151227	-0.019547687843441963	0.0012217304902151227
3.7771055999999135	-6.9455790519714355	5.827486991882324	-3.466804027557373	-0.0012217304902151227	-0.019547687843441963	0.0012217304902151227
3.7961387999998806	-7.024587631225586	5.896918773651123	-3.44765043258667	0.0012217304902151227	-0.025656340643763542	0.0012217304902151227
3.7961700000000747	-7.024587631225586	5.896918773651123	-3.44765043258667	0.0012217304902151227	-0.025656340643763542	0.0012217304902151227
3.8170465000000604	-7.017405033111572	5.9735331535339355	-3.529053211212158	0.0024434609804302454	-0.03176499158143997	0.0012217304902151227
3.8171144999998887	-7.017405033111572	5.9735331535339355	-3.529053211212158	0.0024434609804302454	-0.03176499158143997	0.0012217304902151227
3.8400426999999127	-7.000645637512207	5.892130374908447	-3.4404678344726562	0.00366519158706069	-0.036651913076639175	0.00366519158706069
3.84007459999998	-7.000645637512207	5.892130374908447	-3.4404678344726562	0.00366519158706069	-0.036651913076639175	0.00366519158706069
3.8593413999999484	-6.981492042541504	5.91128396987915	-3.335123062133789	0.01466076634824276	-0.03420845419168472	0.00855211354792118
3.8593762000000424	-6.981492042541504	5.91128396987915	-3.335123062133789	0.01466076634824276	-0.03420845419168472	0.00855211354792118
3.8782562999999755	-6.976703643798828	5.892130374908447	-3.3877954483032227	0.01466076634824276	-0.028099801391363144	0.00855211354792118
3.8782850000000053	-6.976703643798828	5.892130374908447	-3.3877954483032227	0.01466076634824276	-0.028099801391363144	0.00855211354792118
3.8990466000000197	-6.9695210456848145	5.918466567993164	-3.3518824577331543	0.006108652334660292	-0.01710422709584236	0.009773843921720982
3.899108999999953	-6.9695210456848145	5.918466567993164	-3.3518824577331543	0.006108652334660292	-0.01710422709584236	0.009773843921720982
3.919446500000049	-6.936002254486084	5.896918773651123	-3.3518824577331543	0.0	-0.0012217304902151227	0.00855211354792118
3.9230695999999625	-6.936002254486084	5.896918773651123	-3.3518824577331543	0.0	-0.0012217304902151227	0.00855211354792118
3.9386070000000473	-6.962338447570801	5.882553577423096	-3.4308910369873047	-0.006108652334660292	0.015882495790719986	0.004886921960860491
3.9386759999999867	-6.962338447570801	5.882553577423096	-3.4308910369873047	-0.006108652334660292	0.015882495790719986	0.004886921960860491
3.9595348999998805	-6.995857238769531	5.904101371765137	-3.4979286193847656	-0.02321287989616394	0.02932153269648552	-0.0012217304902151227
3.959562900000037	-6.995857238769531	5.904101371765137	-3.4979286193847656	-0.02321287989616394	0.02932153269648552	-0.0012217304902151227
3.977566300000035	-7.053318023681641	5.959167957305908	-3.531447410583496	-0.018325956538319588	0.0354301854968071	-0.00733038317412138
3.977618800000073	-7.053318023681641	5.959167957305908	-3.531447410583496	-0.018325956538319588	0.0354301854968071	-0.00733038317412138
4.000419100000045	-6.998251438140869	5.868188381195068	-3.469198226928711	-0.004886921960860491	0.03420845419168472	-0.006108652334660292
4.000449200000048	-6.998251438140869	5.868188381195068	-3.469198226928711	-0.004886921960860491	0.03420845419168472	-0.006108652334660292
4.0213335000000825	-6.873753070831299	5.875370979309082	-3.5242648124694824	-0.00366519158706069	0.030543262138962746	-0.004886921960860491
4.02217870000004	-6.873753070831299	5.875370979309082	-3.5242648124694824	-0.00366519158706069	0.030543262138962746	-0.004886921960860491
4.03952819999995	-6.9240312576293945	5.853823184967041	-3.550601005554199	-0.01710422709584236	0.01710422709584236	-0.004886921960860491
4.039578599999913	-6.9240312576293945	5.853823184967041	-3.550601005554199	-0.01710422709584236	0.01710422709584236	-0.004886921960860491
4.061194200000045	-6.9455790519714355	5.9088897705078125	-3.507505416870117	-0.01466076634824276	0.0024434609804302454	-0.00366519158706069
4.06122379999988	-6.9455790519714355	5.9088897705078125	-3.507505416870117	-0.01466076634824276	0.0024434609804302454	-0.00366519158706069
4.0800526000000445	-6.892906665802002	5.815515995025635	-3.533841609954834	0.00366519158706069	-0.006108652334660292	0.0024434609804302454
4.08009949999996	-6.892906665802002	5.815515995025635	-3.533841609954834	0.00366519158706069	-0.006108652334660292	0.0024434609804302454
4.100022800000033	-6.938396453857422	5.913678169250488	-3.4620156288146973	0.009773843921720982	-0.01466076634824276	0.004886921960860491
4.100054	-6.938396453857422	5.913678169250488	-3.4620156288146973	0.009773843921720982	-0.01466076634824276	0.004886921960860491
4.11901429999989	-6.8809356689453125	5.92325496673584	-3.5003228187561035	0.00733038317412138	-0.02076941914856434	0.006108652334660292
4.1190438999999515	-6.8809356689453125	5.92325496673584	-3.5003228187561035	0.00733038317412138	-0.02076941914856434	0.006108652334660292
4.139160899999979	-6.926425457000732	5.875370979309082	-3.4356794357299805	0.009773843921720982	-0.02321287989616394	0.00855211354792118
4.139228900000035	-6.926425457000732	5.875370979309082	-3.4356794357299805	0.009773843921720982	-0.02321287989616394	0.00855211354792118
4.160637299999962	-6.9695210456848145	5.949591159820557	-3.4979286193847656	0.00733038317412138	-0.021991148591041565	0.009773843921720982
4.16213259999995	-6.9695210456848145	5.949591159820557	-3.4979286193847656	0.00733038317412138	-0.021991148591041565	0.009773843921720982
4.18122070000004	-6.981492042541504	5.841852188110352	-3.490746021270752	0.004886921960860491	-0.01710422709584236	0.00855211354792118
4.181908499999963	-6.981492042541504	5.841852188110352	-3.490746021270752	0.004886921960860491	-0.01710422709584236	0.00855211354792118
4.199599799999987	-6.971915245056152	5.904101371765137	-3.4404678344726562	-0.00366519158706069	-0.015882495790719986	0.00855211354792118
4.199652999999898	-6.971915245056152	5.904101371765137	-3.4404678344726562	-0.00366519158706069	-0.015882495790719986	0.00855211354792118
4.219979400000057	-6.950367450714111	5.947196960449219	-3.4524388313293457	-0.0012217304902151227	-0.015882495790719986	0.00733038317412138
4.220955000000004	-6.950367450714111	5.947196960449219	-3.4524388313293457	-0.0012217304902151227	-0.015882495790719986	0.00733038317412138
4.236931200000072	-7.003039836883545	5.916072368621826	-3.450044631958008	-0.0012217304902151227	-0.015882495790719986	0.00733038317412138
4.236990599999899	-7.003039836883545	5.916072368621826	-3.450044631958008	-0.0012217304902151227	-0.015882495790719986	0.00733038317412138
4.259748400000035	-6.9695210456848145	5.8657941818237305	-3.529053211212158	0.0	-0.01466076634824276	0.00366519158706069
4.259783700000071	-6.9695210456848145	5.8657941818237305	-3.529053211212158	0.0	-0.01466076634824276	0.00366519158706069
4.279122700000016	-7.005434036254883	5.8873419761657715	-3.466804027557373	0.0012217304902151227	-0.012217304669320583	0.0024434609804302454
4.279152600000089	-7.005434036254883	5.8873419761657715	-3.466804027557373	0.0012217304902151227	-0.012217304669320583	0.0024434609804302454
4.3024471999999605	-6.981492042541504	5.92325496673584	-3.442862033843994	0.006108652334660292	-0.00733038317412138	0.0
4.302503500000057	-6.981492042541504	5.92325496673584	-3.442862033843994	0.006108652334660292	-0.00733038317412138	0.0
4.320290200000045	-6.964732646942139	5.8873419761657715	-3.509899616241455	0.006108652334660292	-0.004886921960860491	-0.0012217304902151227
4.321352100000013	-6.964732646942139	5.8873419761657715	-3.509899616241455	0.006108652334660292	-0.004886921960860491	-0.0012217304902151227
4.341234499999928	-6.9455790519714355	5.87776517868042	-3.4332852363586426	0.00366519158706069	-0.0012217304902151227	-0.0012217304902151227
4.341266299999916	-6.9455790519714355	5.87776517868042	-3.4332852363586426	0.00366519158706069	-0.0012217304902151227	-0.0012217304902151227
4.360868900000014	-6.888118267059326	5.91128396987915	-3.4332852363586426	0.00366519158706069	0.0	0.0
4.360936600000059	-6.888118267059326	5.91128396987915	-3.4332852363586426	0.00366519158706069	0.0	0.0
4.379837799999905	-6.897695064544678	5.959167957305908	-3.4548330307006836	0.0012217304902151227	0.0024434609804302454	0.0012217304902151227
4.379907000000003	-6.897695064544678	5.959167957305908	-3.4548330307006836	0.0012217304902151227	0.0024434609804302454	0.0012217304902151227
4.400855200000024	-6.92881965637207	5.889736175537109	-3.442862033843994	0.0012217304902151227	0.004886921960860491	0.0024434609804302454
4.40089880000005	-6.92881965637207	5.889736175537109	-3.442862033843994	0.0012217304902151227	0.004886921960860491	0.0024434609804302454
4.420808000000079	-7.038952827453613	5.872976779937744	-3.5051112174987793	-0.0012217304902151227	0.006108652334660292	0.0012217304902151227
4.421760400000039	-7.038952827453613	5.872976779937744	-3.5051112174987793	-0.0012217304902151227	0.006108652334660292	0.0012217304902151227
4.440195099999983	-7.010222434997559	5.882553577423096	-3.464409828186035	0.0	0.006108652334660292	0.0012217304902151227
4.440262999999959	-7.010222434997559	5.882553577423096	-3.464409828186035	0.0	0.006108652334660292	0.0012217304902151227
4.463348400000086	-6.964732646942139	5.935225963592529	-3.469198226928711	0.006108652334660292	0.004886921960860491	0.0
4.463400599999886	-6.964732646942139	5.935225963592529	-3.469198226928711	0.006108652334660292	0.004886921960860491	0.0
4.481495300000006	-6.962338447570801	5.904101371765137	-3.4835634231567383	0.010995574295520782	0.006108652334660292	0.0012217304902151227
4.481775700000071	-6.962338447570801	5.904101371765137	-3.4835634231567383	0.010995574295520782	0.006108652334660292	0.0012217304902151227
4.50327829999992	-6.9910688400268555	5.961562156677246	-3.514688014984131	0.0	0.004886921960860491	0.0024434609804302454
4.503309700000045	-6.9910688400268555	5.961562156677246	-3.514688014984131	0.0	0.004886921960860491	0.0024434609804302454
4.520798399999876	-6.955155849456787	5.872976779937744	-3.4404678344726562	-0.0024434609804302454	0.006108652334660292	0.0012217304902151227
4.522821900000054	-6.955155849456787	5.872976779937744	-3.4404678344726562	-0.0024434609804302454	0.006108652334660292	0.0012217304902151227
4.540404999999964	-6.957550048828125	5.894524574279785	-3.5194764137268066	-0.0012217304902151227	0.00855211354792118	-0.0024434609804302454
4.541013600000042	-6.957550048828125	5.894524574279785	-3.5194764137268066	-0.0012217304902151227	0.00855211354792118	-0.0024434609804302454
4.559890400000086	-7.015010833740234	5.856217384338379	-3.555389642715454	-0.004886921960860491	0.00855211354792118	-0.0024434609804302454
4.56086920000007	-7.015010833740234	5.856217384338379	-3.555389642715454	-0.004886921960860491	0.00855211354792118	-0.0024434609804302454
4.580718700000034	-6.981492042541504	5.892130374908447	-3.5266590118408203	-0.00366519158706069	0.00733038317412138	-0.00366519158706069
4.581940499999973	-6.981492042541504	5.892130374908447	-3.5266590118408203	-0.00366519158706069	0.00733038317412138	-0.00366519158706069
4.600143200000048	-7.005434036254883	5.832275390625	-3.4979286193847656	0.0	0.0024434609804302454	-0.0024434609804302454
4.600173000000041	-7.005434036254883	5.832275390625	-3.4979286193847656	0.0	0.0024434609804302454	-0.0024434609804302454
4.619886199999883	-6.988674640655518	5.978321552276611	-3.56017804145813	-0.0024434609804302454	-0.004886921960860491	-0.0024434609804302454
4.619947899999943	-6.988674640655518	5.978321552276611	-3.56017804145813	-0.0024434609804302454	-0.004886921960860491	-0.0024434609804302454
4.6403483999999935	-6.952761650085449	5.863399982452393	-3.512293815612793	0.0012217304902151227	-0.012217304669320583	-0.0024434609804302454
4.640377899999976	-6.952761650085449	5.863399982452393	-3.512293815612793	0.0012217304902151227	-0.012217304669320583	-0.0024434609804302454
4.663643099999945	-6.988674640655518	5.829881191253662	-3.4596214294433594	0.0024434609804302454	-0.018325956538319588	0.0
4.6636722000000645	-6.988674640655518	5.829881191253662	-3.4596214294433594	0.0024434609804302454	-0.018325956538319588	0.0
4.678472600000077	-6.919242858886719	5.9304375648498535	-3.399766445159912	0.00733038317412138	-0.02076941914856434	0.00366519158706069
4.6785030999999435	-6.919242858886719	5.9304375648498535	-3.399766445159912	0.00733038317412138	-0.02076941914856434	0.00366519158706069
4.693215999999893	-6.912060260772705	5.889736175537109	-3.4548330307006836	0.0012217304902151227	-0.02076941914856434	0.004886921960860491
4.693294200000082	-6.912060260772705	5.889736175537109	-3.4548330307006836	0.0012217304902151227	-0.02076941914856434	0.004886921960860491
4.712871199999881	-6.947973251342773	5.920860767364502	-3.464409828186035	-0.004886921960860491	-0.015882495790719986	0.004886921960860491
4.712940899999921	-6.947973251342773	5.920860767364502	-3.464409828186035	-0.004886921960860491	-0.015882495790719986	0.004886921960860491
4.7346253999999135	-6.962338447570801	5.959167957305908	-3.488351821899414	-0.006108652334660292	-0.013439035043120384	0.0024434609804302454
4.734695800000054	-6.962338447570801	5.959167957305908	-3.488351821899414	-0.006108652334660292	-0.013439035043120384	0.0024434609804302454
4.756388100000095	-7.029376029968262	5.853823184967041	-3.507505416870117	-0.004886921960860491	-0.012217304669320583	0.0024434609804302454
4.756466600000067	-7.029376029968262	5.853823184967041	-3.507505416870117	-0.004886921960860491	-0.012217304669320583	0.0024434609804302454
4.778021000000081	-7.005434036254883	5.918466567993164	-3.44765043258667	-0.0024434609804302454	-0.01466076634824276	0.0024434609804302454
4.778090699999893	-7.005434036254883	5.918466567993164	-3.44765043258667	-0.0024434609804302454	-0.01466076634824276	0.0024434609804302454
4.799736899999971	-6.947973251342773	5.928043365478516	-3.4835634231567383	0.0024434609804302454	-0.018325956538319588	0.00366519158706069
4.799776900000097	-6.947973251342773	5.928043365478516	-3.4835634231567383	0.0024434609804302454	-0.018325956538319588	0.00366519158706069
4.823364399999946	-6.993463039398193	5.849034786224365	-3.4380736351013184	0.0024434609804302454	-0.019547687843441963	0.00366519158706069
4.823414599999978	-6.993463039398193	5.849034786224365	-3.4380736351013184	0.0024434609804302454	-0.019547687843441963	0.00366519158706069
4.8390452999999525	-6.9455790519714355	5.95677375793457	-3.466804027557373	0.0	-0.019547687843441963	0.0012217304902151227
4.839115999999876	-6.9455790519714355	5.95677375793457	-3.466804027557373	0.0	-0.019547687843441963	0.0012217304902151227
4.859622899999977	-7.024587631225586	5.916072368621826	-3.4356794357299805	0.00366519158706069	-0.015882495790719986	0.0
4.860823499999924	-7.024587631225586	5.916072368621826	-3.4356794357299805	0.00366519158706069	-0.015882495790719986	0.0
4.879222300000038	-6.955155849456787	5.839457988739014	-3.399766445159912	-0.0012217304902151227	-0.009773843921720982	0.0
4.879298999999946	-6.955155849456787	5.839457988739014	-3.399766445159912	-0.0012217304902151227	-0.009773843921720982	0.0
4.900687300000072	-6.993463039398193	5.949591159820557	-3.4763808250427246	-0.00733038317412138	-0.006108652334660292	0.0
4.901031500000045	-6.993463039398193	5.949591159820557	-3.4763808250427246	-0.00733038317412138	-0.006108652334660292	0.0
4.923622099999875	-6.947973251342773	5.947196960449219	-3.490746021270752	-0.006108652334660292	-0.0012217304902151227	-0.0012217304902151227
4.923689299999978	-6.947973251342773	5.947196960449219	-3.490746021270752	-0.006108652334660292	-0.0012217304902151227	-0.0012217304902151227
4.939951000000065	-7.005434036254883	5.899312973022461	-3.397372245788574	0.0	0.0012217304902151227	-0.0012217304902151227
4.939978599999904	-7.005434036254883	5.899312973022461	-3.397372245788574	0.0	0.0012217304902151227	-0.0012217304902151227
4.960318099999995	-6.993463039398193	5.875370979309082	-3.509899616241455	-0.0012217304902151227	-0.0024434609804302454	-0.0012217304902151227
4.961258499999985	-6.993463039398193	5.875370979309082	-3.509899616241455	-0.0012217304902151227	-0.0024434609804302454	-0.0012217304902151227
4.983285499999965	-7.048529624938965	5.918466567993164	-3.4739866256713867	0.0	-0.00366519158706069	-0.0012217304902151227
4.983316699999932	-7.048529624938965	5.918466567993164	-3.4739866256713867	0.0	-0.00366519158706069	-0.0012217304902151227
4.999973299999965	-6.931213855743408	5.9519853591918945	-3.442862033843994	0.004886921960860491	-0.004886921960860491	-0.0012217304902151227
5.000002600000016	-6.931213855743408	5.9519853591918945	-3.442862033843994	0.004886921960860491	-0.004886921960860491	-0.0012217304902151227
5.020502699999952	-6.919242858886719	5.966350555419922	-3.3518824577331543	0.009773843921720982	-0.0024434609804302454	-0.0012217304902151227
5.020891399999982	-6.919242858886719	5.966350555419922	-3.3518824577331543	0.009773843921720982	-0.0024434609804302454	-0.0012217304902151227
5.038491699999895	-6.9695210456848145	5.904101371765137	-3.40216064453125	0.0	0.0024434609804302454	0.0
5.038522300000068	-6.9695210456848145	5.904101371765137	-3.40216064453125	0.0	0.0024434609804302454	0.0
5.059979599999906	-6.957550048828125	5.846640586853027	-3.442862033843994	-0.013439035043120384	0.009773843921720982	-0.0024434609804302454
5.060286700000006	-6.957550048828125	5.846640586853027	-3.442862033843994	-0.013439035043120384	0.009773843921720982	-0.0024434609804302454
5.08048319999989	-6.909666061401367	5.913678169250488	-3.49314022064209	-0.01466076634824276	0.01466076634824276	-0.004886921960860491
5.0805103000000145	-6.909666061401367	5.913678169250488	-3.49314022064209	-0.01466076634824276	0.01466076634824276	-0.004886921960860491
5.100727499999948	-7.029376029968262	5.918466567993164	-3.5051112174987793	-0.009773843921720982	0.018325956538319588	-0.004886921960860491
5.100760000000037	-7.029376029968262	5.918466567993164	-3.5051112174987793	-0.009773843921720982	0.018325956538319588	-0.004886921960860491
5.121159399999897	-6.916848659515381	5.9304375648498535	-3.5434184074401855	-0.012217304669320583	0.013439035043120384	-0.0012217304902151227
5.121198999999933	-6.916848659515381	5.9304375648498535	-3.5434184074401855	-0.012217304669320583	0.013439035043120384	-0.0012217304902151227
5.1420221000000765	-6.9455790519714355	5.868188381195068	-3.5697548389434814	-0.00733038317412138	0.006108652334660292	-0.0024434609804302454
5.1420883999999205	-6.9455790519714355	5.868188381195068	-3.5697548389434814	-0.00733038317412138	0.006108652334660292	-0.0024434609804302454
5.159464800000023	-6.92881965637207	5.925649166107178	-3.5625722408294678	-0.00366519158706069	-0.00366519158706069	-0.0024434609804302454
5.159531600000037	-6.92881965637207	5.925649166107178	-3.5625722408294678	-0.00366519158706069	-0.00366519158706069	-0.0024434609804302454
5.180858499999886	-6.916848659515381	5.841852188110352	-3.5027170181274414	0.0012217304902151227	-0.013439035043120384	-0.0012217304902151227
5.1809083000000555	-6.916848659515381	5.841852188110352	-3.5027170181274414	0.0012217304902151227	-0.013439035043120384	-0.0012217304902151227
5.202042299999903	-6.967126846313477	5.925649166107178	-3.4548330307006836	0.00855211354792118	-0.025656340643763542	0.0
5.2021082999999635	-6.967126846313477	5.925649166107178	-3.4548330307006836	0.00855211354792118	-0.025656340643763542	0.0
5.223548899999969	-6.959944248199463	5.87776517868042	-3.488351821899414	0.010995574295520782	-0.03298672288656235	0.0012217304902151227
5.223585700000058	-6.959944248199463	5.87776517868042	-3.488351821899414	0.010995574295520782	-0.03298672288656235	0.0012217304902151227
5.240846899999951	-7.0126166343688965	5.872976779937744	-3.442862033843994	0.00733038317412138	-0.036651913076639175	0.0024434609804302454
5.2424696000000495	-7.0126166343688965	5.872976779937744	-3.442862033843994	0.00733038317412138	-0.036651913076639175	0.0024434609804302454
5.262253200000032	-7.0341644287109375	5.896918773651123	-3.4572272300720215	0.006108652334660292	-0.0354301854968071	0.0024434609804302454
5.262282200000072	-7.0341644287109375	5.896918773651123	-3.4572272300720215	0.006108652334660292	-0.0354301854968071	0.0024434609804302454
5.282373600000028	-7.005434036254883	5.9735331535339355	-3.3686418533325195	0.006108652334660292	-0.02932153269648552	0.004886921960860491
5.282401799999889	-7.005434036254883	5.9735331535339355	-3.3686418533325195	0.006108652334660292	-0.02932153269648552	0.004886921960860491
5.304048400000056	-6.916848659515381	5.937620162963867	-3.4356794357299805	0.0024434609804302454	-0.02076941914856434	0.00366519158706069
5.304324599999973	-6.916848659515381	5.937620162963867	-3.4356794357299805	0.0024434609804302454	-0.02076941914856434	0.00366519158706069
5.321777999999995	-6.964732646942139	5.928043365478516	-3.469198226928711	-0.0012217304902151227	-0.009773843921720982	0.0012217304902151227
5.323095700000067	-6.964732646942139	5.928043365478516	-3.469198226928711	-0.0012217304902151227	-0.009773843921720982	0.0012217304902151227
5.342303599999923	-6.952761650085449	5.91128396987915	-3.4165258407592773	-0.004886921960860491	-0.0012217304902151227	-0.0024434609804302454
5.342662399999881	-6.952761650085449	5.91128396987915	-3.4165258407592773	-0.004886921960860491	-0.0012217304902151227	-0.0024434609804302454
5.362175799999932	-6.993463039398193	5.825092792510986	-3.4117374420166016	-0.004886921960860491	0.0024434609804302454	-0.0012217304902151227
5.362205700000004	-6.993463039398193	5.825092792510986	-3.4117374420166016	-0.004886921960860491	0.0024434609804302454	-0.0012217304902151227
5.379236799999944	-6.936002254486084	5.937620162963867	-3.4739866256713867	-0.006108652334660292	0.00366519158706069	-0.0024434609804302454
5.379265099999884	-6.936002254486084	5.937620162963867	-3.4739866256713867	-0.006108652334660292	0.00366519158706069	-0.0024434609804302454
5.404009099999939	-7.007828235626221	5.961562156677246	-3.485957622528076	-0.0024434609804302454	0.0012217304902151227	-0.0024434609804302454
5.404060399999935	-7.007828235626221	5.961562156677246	-3.485957622528076	-0.0024434609804302454	0.0012217304902151227	-0.0024434609804302454
5.422429899999997	-6.983886241912842	5.9088897705078125	-3.471592426300049	0.0012217304902151227	0.0	-0.0024434609804302454
5.423388700000032	-6.983886241912842	5.9088897705078125	-3.471592426300049	0.0012217304902151227	0.0	-0.0024434609804302454
5.442259100000001	-6.998251438140869	5.858611583709717	-3.4979286193847656	-0.0024434609804302454	-0.0024434609804302454	-0.004886921960860491
5.442887700000028	-6.998251438140869	5.858611583709717	-3.4979286193847656	-0.0024434609804302454	-0.0024434609804302454	-0.004886921960860491
5.464837299999999	-6.964732646942139	5.827486991882324	-3.469198226928711	-0.006108652334660292	-0.00733038317412138	-0.004886921960860491
5.4654851999998755	-6.964732646942139	5.827486991882324	-3.469198226928711	-0.006108652334660292	-0.00733038317412138	-0.004886921960860491
5.483185699999922	-6.964732646942139	5.8203043937683105	-3.4572272300720215	-0.0024434609804302454	-0.00733038317412138	-0.004886921960860491
5.483251999999993	-6.964732646942139	5.8203043937683105	-3.4572272300720215	-0.0024434609804302454	-0.00733038317412138	-0.004886921960860491
5.501602300000059	-6.888118267059326	5.858611583709717	-3.4739866256713867	0.0024434609804302454	-0.010995574295520782	-0.0024434609804302454
5.503091399999903	-6.888118267059326	5.858611583709717	-3.4739866256713867	0.0024434609804302454	-0.010995574295520782	-0.0024434609804302454
5.522222699999929	-6.909666061401367	5.832275390625	-3.471592426300049	0.0012217304902151227	-0.01710422709584236	-0.0012217304902151227
5.524135599999909	-6.909666061401367	5.832275390625	-3.471592426300049	0.0012217304902151227	-0.01710422709584236	-0.0012217304902151227
5.540641399999913	-7.015010833740234	5.932831764221191	-3.426102638244629	0.0012217304902151227	-0.02076941914856434	0.0
5.541880600000013	-7.015010833740234	5.932831764221191	-3.426102638244629	0.0012217304902151227	-0.02076941914856434	0.0
5.562574900000072	-6.9695210456848145	5.884947776794434	-3.406949043273926	0.00366519158706069	-0.02321287989616394	0.0024434609804302454
5.562902099999974	-6.9695210456848145	5.884947776794434	-3.406949043273926	0.00366519158706069	-0.02321287989616394	0.0024434609804302454
5.582632500000045	-6.995857238769531	5.825092792510986	-3.4404678344726562	0.004886921960860491	-0.024434609338641167	0.0012217304902151227
5.582664900000054	-6.995857238769531	5.825092792510986	-3.4404678344726562	0.004886921960860491	-0.024434609338641167	0.0012217304902151227
5.602000899999894	-6.9455790519714355	5.992686748504639	-3.426102638244629	0.010995574295520782	-0.024434609338641167	0.0
5.603739200000064	-6.9455790519714355	5.992686748504639	-3.426102638244629	0.010995574295520782	-0.024434609338641167	0.0
5.624144800000067	-6.97430944442749	5.801150798797607	-3.44765043258667	0.00855211354792118	-0.024434609338641167	-0.0012217304902151227
5.6262878	-6.97430944442749	5.801150798797607	-3.44765043258667	0.00855211354792118	-0.024434609338641167	-0.0012217304902151227
5.642143499999975	-7.003039836883545	5.849034786224365	-3.4404678344726562	-0.0024434609804302454	-0.02076941914856434	-0.0024434609804302454
5.642802099999926	-7.003039836883545	5.849034786224365	-3.4404678344726562	-0.0024434609804302454	-0.02076941914856434	-0.0024434609804302454
5.664220699999987	-6.97430944442749	5.841852188110352	-3.421314239501953	0.0012217304902151227	-0.01710422709584236	-0.006108652334660292
5.664272600000004	-6.97430944442749	5.841852188110352	-3.421314239501953	0.0012217304902151227	-0.01710422709584236	-0.006108652334660292
5.68218899999988	-6.955155849456787	5.896918773651123	-3.4332852363586426	0.004886921960860491	-0.01466076634824276	-0.006108652334660292
5.682740199999898	-6.955155849456787	5.896918773651123	-3.4332852363586426	0.004886921960860491	-0.01466076634824276	-0.006108652334660292
5.702562499999885	-6.983886241912842	5.8873419761657715	-3.4787750244140625	0.00733038317412138	-0.012217304669320583	-0.00855211354792118
5.703657199999952	-6.983886241912842	5.8873419761657715	-3.4787750244140625	0.00733038317412138	-0.012217304669320583	-0.00855211354792118
5.721978799999988	-6.995857238769531	5.9088897705078125	-3.466804027557373	0.00733038317412138	-0.012217304669320583	-0.00733038317412138
5.722013900000093	-6.995857238769531	5.9088897705078125	-3.466804027557373	0.00733038317412138	-0.012217304669320583	-0.00733038317412138
5.741097399999944	-6.964732646942139	5.896918773651123	-3.4572272300720215	0.00733038317412138	-0.00855211354792118	-0.004886921960860491
5.741124099999979	-6.964732646942139	5.896918773651123	-3.4572272300720215	0.00733038317412138	-0.00855211354792118	-0.004886921960860491
5.763218099999904	-6.959944248199463	5.9088897705078125	-3.4117374420166016	0.006108652334660292	-0.004886921960860491	-0.004886921960860491
5.763249899999892	-6.959944248199463	5.9088897705078125	-3.4117374420166016	0.006108652334660292	-0.004886921960860491	-0.004886921960860491
5.784339499999987	-6.943184852600098	5.849034786224365	-3.40216064453125	0.0	-0.0012217304902151227	-0.0024434609804302454
5.784370000000081	-6.943184852600098	5.849034786224365	-3.40216064453125	0.0	-0.0012217304902151227	-0.0024434609804302454
5.802397200000087	-7.003039836883545	5.889736175537109	-3.3710360527038574	-0.00366519158706069	0.004886921960860491	-0.0012217304902151227
5.80314240000007	-7.003039836883545	5.889736175537109	-3.3710360527038574	-0.00366519158706069	0.004886921960860491	-0.0012217304902151227
5.822229099999959	-6.9695210456848145	5.901707172393799	-3.4524388313293457	-0.0024434609804302454	0.010995574295520782	-0.0012217304902151227
5.823091799999929	-6.9695210456848145	5.901707172393799	-3.4524388313293457	-0.0024434609804302454	0.010995574295520782	-0.0012217304902151227
5.840295799999922	-7.0557122230529785	5.913678169250488	-3.44765043258667	-0.00366519158706069	0.015882495790719986	-0.0012217304902151227
5.840329299999894	-7.0557122230529785	5.913678169250488	-3.44765043258667	-0.00366519158706069	0.015882495790719986	-0.0012217304902151227
5.863143600000058	-7.01979923248291	5.813121795654297	-3.4524388313293457	-0.00733038317412138	0.01710422709584236	-0.0024434609804302454
5.8631754999998975	-7.01979923248291	5.813121795654297	-3.4524388313293457	-0.00733038317412138	0.01710422709584236	-0.0024434609804302454
5.8806540999999015	-6.9910688400268555	5.801150798797607	-3.466804027557373	-0.009773843921720982	0.015882495790719986	-0.0024434609804302454
5.880721100000073	-6.9910688400268555	5.801150798797607	-3.466804027557373	-0.009773843921720982	0.015882495790719986	-0.0024434609804302454
5.903068699999949	-7.024587631225586	5.834669589996338	-3.4955344200134277	-0.004886921960860491	0.013439035043120384	-0.0024434609804302454
5.9031023000000005	-7.024587631225586	5.834669589996338	-3.4955344200134277	-0.004886921960860491	0.013439035043120384	-0.0024434609804302454
5.923487000000023	-6.983886241912842	5.796362400054932	-3.5051112174987793	-0.00366519158706069	0.00855211354792118	-0.00366519158706069
5.924229299999979	-6.983886241912842	5.796362400054932	-3.5051112174987793	-0.00366519158706069	0.00855211354792118	-0.00366519158706069
5.943446700000095	-6.9695210456848145	5.803544998168945	-3.4835634231567383	0.0024434609804302454	0.00366519158706069	-0.00366519158706069
5.943475999999919	-6.9695210456848145	5.803544998168945	-3.4835634231567383	0.0024434609804302454	0.00366519158706069	-0.00366519158706069
5.96025480000003	-7.01979923248291	5.834669589996338	-3.4835634231567383	0.0012217304902151227	-0.006108652334660292	0.0
5.96028380000007	-7.01979923248291	5.834669589996338	-3.4835634231567383	0.0012217304902151227	-0.006108652334660292	0.0
5.982499100000041	-6.907271862030029	5.805939197540283	-3.450044631958008	-0.0024434609804302454	-0.013439035043120384	0.0024434609804302454
5.98252669999988	-6.907271862030029	5.805939197540283	-3.450044631958008	-0.0024434609804302454	-0.013439035043120384	0.0024434609804302454
6.001927499999965	-7.007828235626221	5.8203043937683105	-3.485957622528076	0.0	-0.01710422709584236	0.0024434609804302454
6.0019574000000375	-7.007828235626221	5.8203043937683105	-3.485957622528076	0.0	-0.01710422709584236	0.0024434609804302454
6.022060499999952	-6.92881965637207	5.928043365478516	-3.423708438873291	0.0024434609804302454	-0.019547687843441963	0.0012217304902151227
6.022101799999973	-6.92881965637207	5.928043365478516	-3.423708438873291	0.0024434609804302454	-0.019547687843441963	0.0012217304902151227
6.043707600000062	-6.933608055114746	5.889736175537109	-3.375824451446533	0.006108652334660292	-0.019547687843441963	0.006108652334660292
6.043755200000078	-6.933608055114746	5.889736175537109	-3.375824451446533	0.006108652334660292	-0.019547687843441963	0.006108652334660292
6.061451699999907	-6.943184852600098	5.87776517868042	-3.404554843902588	0.0	-0.018325956538319588	0.00855211354792118
6.061506799999961	-6.943184852600098	5.87776517868042	-3.404554843902588	0.0	-0.018325956538319588	0.00855211354792118
6.082847099999981	-6.964732646942139	5.8203043937683105	-3.445256233215332	-0.00366519158706069	-0.015882495790719986	0.009773843921720982
6.083060700000033	-6.964732646942139	5.8203043937683105	-3.445256233215332	-0.00366519158706069	-0.015882495790719986	0.009773843921720982
6.103129999999965	-6.907271862030029	5.96874475479126	-3.3901896476745605	-0.012217304669320583	-0.012217304669320583	0.00855211354792118
6.103168099999948	-6.907271862030029	5.96874475479126	-3.3901896476745605	-0.012217304669320583	-0.012217304669320583	0.00855211354792118
6.124037999999928	-7.048529624938965	5.9088897705078125	-3.4356794357299805	-0.009773843921720982	-0.009773843921720982	0.009773843921720982
6.124088699999902	-7.048529624938965	5.9088897705078125	-3.4356794357299805	-0.009773843921720982	-0.009773843921720982	0.009773843921720982
6.145292400000017	-7.06528902053833	5.928043365478516	-3.512293815612793	-0.006108652334660292	-0.009773843921720982	0.00855211354792118
6.14534279999998	-7.06528902053833	5.928043365478516	-3.512293815612793	-0.006108652334660292	-0.009773843921720982	0.00855211354792118
6.163026299999956	-7.038952827453613	5.963956356048584	-3.4955344200134277	-0.0012217304902151227	-0.009773843921720982	0.00855211354792118
6.16306940000004	-7.038952827453613	5.963956356048584	-3.4955344200134277	-0.0012217304902151227	-0.009773843921720982	0.00855211354792118
6.181554900000037	-6.962338447570801	5.932831764221191	-3.4548330307006836	0.0024434609804302454	-0.00733038317412138	0.00855211354792118
6.181585499999983	-6.962338447570801	5.932831764221191	-3.4548330307006836	0.0024434609804302454	-0.00733038317412138	0.00855211354792118
6.200332200000048	-6.97430944442749	5.901707172393799	-3.4141316413879395	0.0024434609804302454	-0.00366519158706069	0.00733038317412138
6.2003855000000385	-6.97430944442749	5.901707172393799	-3.4141316413879395	0.0024434609804302454	-0.00366519158706069	0.00733038317412138
6.221604099999922	-6.909666061401367	5.896918773651123	-3.4165258407592773	0.0012217304902151227	0.0	0.004886921960860491
6.222587499999918	-6.909666061401367	5.896918773651123	-3.4165258407592773	0.0012217304902151227	0.0	0.004886921960860491
6.242684099999906	-6.998251438140869	5.8203043937683105	-3.3662476539611816	-0.0012217304902151227	0.006108652334660292	0.00366519158706069
6.24272689999998	-6.998251438140869	5.8203043937683105	-3.3662476539611816	-0.0012217304902151227	0.006108652334660292	0.00366519158706069
6.267474600000014	-6.9695210456848145	5.875370979309082	-3.426102638244629	-0.00366519158706069	0.00855211354792118	0.0012217304902151227
6.2675056999999015	-6.9695210456848145	5.875370979309082	-3.426102638244629	-0.00366519158706069	0.00855211354792118	0.0012217304902151227
6.283304000000044	-6.936002254486084	5.884947776794434	-3.4308910369873047	-0.00366519158706069	0.009773843921720982	0.0012217304902151227
6.284528399999999	-6.936002254486084	5.884947776794434	-3.4308910369873047	-0.00366519158706069	0.009773843921720982	0.0012217304902151227
6.3050166999998964	-7.053318023681641	5.856217384338379	-3.4835634231567383	-0.006108652334660292	0.00855211354792118	0.0024434609804302454
6.305068299999903	-7.053318023681641	5.856217384338379	-3.4835634231567383	-0.006108652334660292	0.00855211354792118	0.0024434609804302454
6.3238218999999845	-6.967126846313477	5.813121795654297	-3.509899616241455	-0.00855211354792118	0.00733038317412138	0.0024434609804302454
6.323877300000049	-6.967126846313477	5.813121795654297	-3.509899616241455	-0.00855211354792118	0.00733038317412138	0.0024434609804302454
6.344033500000023	-6.955155849456787	5.870582580566406	-3.5003228187561035	-0.004886921960860491	0.00366519158706069	0.0024434609804302454
6.344086500000003	-6.955155849456787	5.870582580566406	-3.5003228187561035	-0.004886921960860491	0.00366519158706069	0.0024434609804302454
6.364076399999931	-7.007828235626221	5.884947776794434	-3.5170822143554688	0.0012217304902151227	0.0	0.00366519158706069
6.364143699999886	-7.007828235626221	5.884947776794434	-3.5170822143554688	0.0012217304902151227	0.0	0.00366519158706069
6.3836584000000585	-6.9695210456848145	5.899312973022461	-3.509899616241455	0.006108652334660292	-0.004886921960860491	0.006108652334660292
6.38372789999994	-6.9695210456848145	5.899312973022461	-3.509899616241455	0.006108652334660292	-0.004886921960860491	0.006108652334660292
6.404117600000063	-6.926425457000732	5.875370979309082	-3.450044631958008	0.00855211354792118	-0.009773843921720982	0.00733038317412138
6.404153700000052	-6.926425457000732	5.875370979309082	-3.450044631958008	0.00855211354792118	-0.009773843921720982	0.00733038317412138
6.42374360000008	-6.9695210456848145	5.856217384338379	-3.485957622528076	0.006108652334660292	-0.013439035043120384	0.00733038317412138
6.42378379999991	-6.9695210456848145	5.856217384338379	-3.485957622528076	0.006108652334660292	-0.013439035043120384	0.00733038317412138
6.442741699999942	-6.971915245056152	5.872976779937744	-3.426102638244629	0.00366519158706069	-0.013439035043120384	0.00855211354792118
6.44505950000007	-6.971915245056152	5.872976779937744	-3.426102638244629	0.00366519158706069	-0.013439035043120384	0.00855211354792118
6.462689400000045	-6.967126846313477	5.906495571136475	-3.56017804145813	0.0024434609804302454	-0.013439035043120384	0.004886921960860491
6.462774999999965	-6.967126846313477	5.906495571136475	-3.56017804145813	0.0024434609804302454	-0.013439035043120384	0.004886921960860491
6.485848300000043	-7.0317702293396	5.928043365478516	-3.4356794357299805	0.006108652334660292	-0.012217304669320583	0.0024434609804302454
6.485889999999927	-7.0317702293396	5.928043365478516	-3.4356794357299805	0.006108652334660292	-0.012217304669320583	0.0024434609804302454
6.5045542999998816	-7.007828235626221	5.980715751647949	-3.421314239501953	0.00855211354792118	-0.00733038317412138	-0.0012217304902151227
6.504583800000091	-7.007828235626221	5.980715751647949	-3.421314239501953	0.00855211354792118	-0.00733038317412138	-0.0012217304902151227
6.524931799999877	-6.947973251342773	5.8657941818237305	-3.442862033843994	0.006108652334660292	-0.004886921960860491	-0.00366519158706069
6.52498259999993	-6.947973251342773	5.8657941818237305	-3.442862033843994	0.006108652334660292	-0.004886921960860491	-0.00366519158706069
6.5436727999999675	-6.9455790519714355	5.901707172393799	-3.378218650817871	0.0024434609804302454	0.0024434609804302454	-0.004886921960860491
6.543710400000009	-6.9455790519714355	5.901707172393799	-3.378218650817871	0.0024434609804302454	0.0024434609804302454	-0.004886921960860491
6.565057399999887	-6.94079065322876	5.832275390625	-3.378218650817871	-0.0024434609804302454	0.009773843921720982	-0.006108652334660292
6.565115099999957	-6.94079065322876	5.832275390625	-3.378218650817871	-0.0024434609804302454	0.009773843921720982	-0.006108652334660292
6.586313300000029	-6.926425457000732	5.8657941818237305	-3.464409828186035	-0.00733038317412138	0.015882495790719986	-0.006108652334660292
6.5875685000000885	-6.926425457000732	5.8657941818237305	-3.464409828186035	-0.00733038317412138	0.015882495790719986	-0.006108652334660292
6.602255399999876	-6.950367450714111	5.892130374908447	-3.4979286193847656	-0.010995574295520782	0.018325956538319588	-0.006108652334660292
6.603787999999895	-6.950367450714111	5.892130374908447	-3.4979286193847656	-0.010995574295520782	0.018325956538319588	-0.006108652334660292
6.62497929999995	-6.912060260772705	5.884947776794434	-3.5051112174987793	-0.012217304669320583	0.01466076634824276	-0.004886921960860491
6.625021199999992	-6.912060260772705	5.884947776794434	-3.5051112174987793	-0.012217304669320583	0.01466076634824276	-0.004886921960860491
6.643341400000054	-6.983886241912842	5.935225963592529	-3.529053211212158	-0.010995574295520782	0.004886921960860491	-0.004886921960860491
6.643375200000037	-6.983886241912842	5.935225963592529	-3.529053211212158	-0.010995574295520782	0.004886921960860491	-0.004886921960860491
6.6626269999999295	-6.957550048828125	5.875370979309082	-3.514688014984131	0.0	-0.00366519158706069	-0.004886921960860491
6.663390400000026	-6.957550048828125	5.875370979309082	-3.514688014984131	0.0	-0.00366519158706069	-0.004886921960860491
6.6844200000000455	-6.943184852600098	5.817910194396973	-3.4763808250427246	0.0	-0.015882495790719986	-0.0024434609804302454
6.684474800000089	-6.943184852600098	5.817910194396973	-3.4763808250427246	0.0	-0.015882495790719986	-0.0024434609804302454
6.704446100000041	-6.955155849456787	5.9088897705078125	-3.5218706130981445	0.004886921960860491	-0.02932153269648552	0.0012217304902151227
6.704490200000009	-6.955155849456787	5.9088897705078125	-3.5218706130981445	0.004886921960860491	-0.02932153269648552	0.0012217304902151227
6.724142099999881	-6.919242858886719	5.8873419761657715	-3.4620156288146973	0.00855211354792118	-0.039095375686883926	0.00366519158706069
6.724997799999983	-6.919242858886719	5.8873419761657715	-3.4620156288146973	0.00855211354792118	-0.039095375686883926	0.00366519158706069
6.746256200000062	-6.988674640655518	5.942408561706543	-3.4308910369873047	0.012217304669320583	-0.042760565876960754	0.006108652334660292
6.746305500000062	-6.988674640655518	5.942408561706543	-3.4308910369873047	0.012217304669320583	-0.042760565876960754	0.006108652334660292
6.764536700000008	-6.976703643798828	5.992686748504639	-3.428496837615967	0.009773843921720982	-0.042760565876960754	0.006108652334660292
6.7645870999999715	-6.976703643798828	5.992686748504639	-3.428496837615967	0.009773843921720982	-0.042760565876960754	0.006108652334660292
6.7839217000000644	-6.995857238769531	5.829881191253662	-3.4524388313293457	0.004886921960860491	-0.03787364438176155	0.0024434609804302454
6.7839985000000524	-6.995857238769531	5.829881191253662	-3.4524388313293457	0.004886921960860491	-0.03787364438176155	0.0024434609804302454
6.803962599999977	-7.000645637512207	5.913678169250488	-3.4356794357299805	0.004886921960860491	-0.03176499158143997	0.0
6.806316899999956	-7.000645637512207	5.913678169250488	-3.4356794357299805	0.004886921960860491	-0.03176499158143997	0.0
6.822960899999998	-7.038952827453613	5.95677375793457	-3.4572272300720215	0.006108652334660292	-0.02321287989616394	-0.0012217304902151227
6.823013799999899	-7.038952827453613	5.95677375793457	-3.4572272300720215	0.006108652334660292	-0.02321287989616394	-0.0012217304902151227
6.841102200000023	-7.036558628082275	5.882553577423096	-3.4093432426452637	0.004886921960860491	-0.013439035043120384	-0.00366519158706069
6.841928099999905	-7.036558628082275	5.882553577423096	-3.4093432426452637	0.004886921960860491	-0.013439035043120384	-0.00366519158706069
6.863504599999942	-7.005434036254883	5.892130374908447	-3.423708438873291	-0.00366519158706069	-0.00366519158706069	-0.009773843921720982
6.863536199999999	-7.005434036254883	5.892130374908447	-3.423708438873291	-0.00366519158706069	-0.00366519158706069	-0.009773843921720982
6.876348400000097	-6.967126846313477	5.944802761077881	-3.485957622528076	-0.010995574295520782	0.006108652334660292	-0.010995574295520782
6.8763830999998845	-6.967126846313477	5.944802761077881	-3.485957622528076	-0.010995574295520782	0.006108652334660292	-0.010995574295520782
6.904107000000067	-6.931213855743408	5.817910194396973	-3.44765043258667	-0.012217304669320583	0.01466076634824276	-0.012217304669320583
6.904137999999875	-6.931213855743408	5.817910194396973	-3.44765043258667	-0.012217304669320583	0.01466076634824276	-0.012217304669320583
6.923674599999913	-6.962338447570801	5.875370979309082	-3.426102638244629	-0.01466076634824276	0.015882495790719986	-0.010995574295520782
6.923724499999935	-6.962338447570801	5.875370979309082	-3.426102638244629	-0.01466076634824276	0.015882495790719986	-0.010995574295520782
6.941772599999922	-6.959944248199463	5.932831764221191	-3.4979286193847656	-0.01466076634824276	0.010995574295520782	-0.009773843921720982
6.941833000000088	-6.959944248199463	5.932831764221191	-3.4979286193847656	-0.01466076634824276	0.010995574295520782	-0.009773843921720982
6.964739100000088	-6.97430944442749	5.884947776794434	-3.5386300086975098	-0.013439035043120384	0.0012217304902151227	-0.00855211354792118
6.964807099999916	-6.97430944442749	5.884947776794434	-3.5386300086975098	-0.013439035043120384	0.0012217304902151227	-0.00855211354792118
6.982916599999953	-7.01979923248291	5.849034786224365	-3.536235809326172	-0.00733038317412138	-0.015882495790719986	-0.004886921960860491
6.982967899999949	-7.01979923248291	5.849034786224365	-3.536235809326172	-0.00733038317412138	-0.015882495790719986	-0.004886921960860491
7.0012384999999995	-6.952761650085449	5.863399982452393	-3.4955344200134277	-0.0012217304902151227	-0.028099801391363144	0.0
7.001274700000067	-6.952761650085449	5.863399982452393	-3.4955344200134277	-0.0012217304902151227	-0.028099801391363144	0.0
7.022860600000058	-6.9455790519714355	5.870582580566406	-3.466804027557373	0.010995574295520782	-0.04398229718208313	0.0024434609804302454
7.022937899999988	-6.9455790519714355	5.870582580566406	-3.466804027557373	0.010995574295520782	-0.04398229718208313	0.0024434609804302454
7.045619100000067	-6.92881965637207	5.894524574279785	-3.3877954483032227	0.018325956538319588	-0.05742133408784866	0.00733038317412138
7.0471652999999606	-6.92881965637207	5.894524574279785	-3.3877954483032227	0.018325956538319588	-0.05742133408784866	0.00733038317412138
7.064077600000019	-7.015010833740234	5.963956356048584	-3.3279404640197754	0.024434609338641167	-0.06108652427792549	0.009773843921720982
7.064126499999929	-7.015010833740234	5.963956356048584	-3.3279404640197754	0.024434609338641167	-0.06108652427792549	0.009773843921720982
7.083368600000085	-6.967126846313477	5.750872611999512	-3.354276657104492	0.01466076634824276	-0.059864792972803116	0.012217304669320583
7.084120400000074	-6.967126846313477	5.750872611999512	-3.354276657104492	0.01466076634824276	-0.059864792972803116	0.012217304669320583
7.104885499999909	-6.967126846313477	5.9088897705078125	-3.4548330307006836	-0.009773843921720982	-0.05375614017248154	0.010995574295520782
7.104944599999953	-6.967126846313477	5.9088897705078125	-3.4548330307006836	-0.009773843921720982	-0.05375614017248154	0.010995574295520782
7.124724499999957	-7.022193431854248	5.901707172393799	-3.3255462646484375	0.0024434609804302454	-0.0403171069920063	0.00733038317412138
7.124776999999995	-7.022193431854248	5.901707172393799	-3.3255462646484375	0.0024434609804302454	-0.0403171069920063	0.00733038317412138
7.145058699999936	-7.029376029968262	5.925649166107178	-3.383007049560547	0.0	-0.02321287989616394	0.004886921960860491
7.1450907999999345	-7.029376029968262	5.925649166107178	-3.383007049560547	0.0	-0.02321287989616394	0.004886921960860491
7.163969199999883	-7.074865818023682	5.916072368621826	-3.4620156288146973	-0.006108652334660292	-0.00733038317412138	0.0
7.1640233999999055	-7.074865818023682	5.916072368621826	-3.4620156288146973	-0.006108652334660292	-0.00733038317412138	0.0
7.184201499999972	-7.060500621795654	5.918466567993164	-3.423708438873291	-0.006108652334660292	0.004886921960860491	-0.004886921960860491
7.184281499999997	-7.060500621795654	5.918466567993164	-3.423708438873291	-0.006108652334660292	0.004886921960860491	-0.004886921960860491
7.206061699999964	-6.950367450714111	5.940014362335205	-3.4787750244140625	0.0	0.012217304669320583	-0.00733038317412138
7.2061211000000185	-6.950367450714111	5.940014362335205	-3.4787750244140625	0.0	0.012217304669320583	-0.00733038317412138
7.22528340000008	-7.000645637512207	5.849034786224365	-3.4380736351013184	-0.0012217304902151227	0.01466076634824276	-0.00855211354792118
7.225312600000052	-7.000645637512207	5.849034786224365	-3.4380736351013184	-0.0012217304902151227	0.01466076634824276	-0.00855211354792118
7.243632700000035	-6.921637058258057	5.784391403198242	-3.426102638244629	-0.00366519158706069	0.012217304669320583	-0.00733038317412138
7.244463900000028	-6.921637058258057	5.784391403198242	-3.426102638244629	-0.00366519158706069	0.012217304669320583	-0.00733038317412138
7.262890299999981	-7.036558628082275	5.896918773651123	-3.488351821899414	-0.0024434609804302454	0.004886921960860491	-0.006108652334660292
7.2648320000000695	-7.036558628082275	5.896918773651123	-3.488351821899414	-0.0024434609804302454	0.004886921960860491	-0.006108652334660292
7.285014499999988	-6.938396453857422	5.889736175537109	-3.442862033843994	0.0024434609804302454	-0.00366519158706069	-0.00366519158706069
7.28507680000007	-6.938396453857422	5.889736175537109	-3.442862033843994	0.0024434609804302454	-0.00366519158706069	-0.00366519158706069
7.305542699999933	-6.98628044128418	5.813121795654297	-3.404554843902588	0.0012217304902151227	-0.012217304669320583	0.0
7.306552000000011	-6.98628044128418	5.813121795654297	-3.404554843902588	0.0012217304902151227	-0.012217304669320583	0.0
7.324984800000038	-6.959944248199463	5.853823184967041	-3.4141316413879395	0.004886921960860491	-0.015882495790719986	0.00366519158706069
7.325960399999985	-6.959944248199463	5.853823184967041	-3.4141316413879395	0.004886921960860491	-0.015882495790719986	0.00366519158706069
7.343266699999958	-6.979097843170166	5.889736175537109	-3.426102638244629	0.004886921960860491	-0.015882495790719986	0.004886921960860491
7.343323000000055	-6.979097843170166	5.889736175537109	-3.426102638244629	0.004886921960860491	-0.015882495790719986	0.004886921960860491
7.3643348000000515	-6.962338447570801	5.863399982452393	-3.426102638244629	0.00366519158706069	-0.013439035043120384	0.006108652334660292
7.364394199999879	-6.962338447570801	5.863399982452393	-3.426102638244629	0.00366519158706069	-0.013439035043120384	0.006108652334660292
7.387816799999882	-6.955155849456787	5.91128396987915	-3.428496837615967	0.0012217304902151227	-0.010995574295520782	0.004886921960860491
7.387847799999918	-6.955155849456787	5.91128396987915	-3.428496837615967	0.0012217304902151227	-0.010995574295520782	0.004886921960860491
7.405582899999899	-6.998251438140869	5.892130374908447	-3.4548330307006836	0.0024434609804302454	-0.00855211354792118	0.006108652334660292
7.405630299999984	-6.998251438140869	5.892130374908447	-3.4548330307006836	0.0024434609804302454	-0.00855211354792118	0.006108652334660292
7.426188599999932	-7.0557122230529785	5.954379558563232	-3.4117374420166016	0.0012217304902151227	-0.006108652334660292	0.006108652334660292
7.4262463000000025	-7.0557122230529785	5.954379558563232	-3.4117374420166016	0.0012217304902151227	-0.006108652334660292	0.006108652334660292
7.442695700000058	-7.074865818023682	5.896918773651123	-3.3877954483032227	-0.00366519158706069	-0.006108652334660292	0.00366519158706069
7.442908100000068	-7.074865818023682	5.896918773651123	-3.3877954483032227	-0.00366519158706069	-0.006108652334660292	0.00366519158706069
7.464223599999968	-7.022193431854248	5.892130374908447	-3.3710360527038574	-0.00366519158706069	-0.004886921960860491	0.0012217304902151227
7.46426990000009	-7.022193431854248	5.892130374908447	-3.3710360527038574	-0.00366519158706069	-0.004886921960860491	0.0012217304902151227
7.48222039999996	-7.041347026824951	5.894524574279785	-3.4189200401306152	0.0	-0.004886921960860491	-0.0012217304902151227
7.482255599999917	-7.041347026824951	5.894524574279785	-3.4189200401306152	0.0	-0.004886921960860491	-0.0012217304902151227
7.5042338000000655	-7.000645637512207	5.87776517868042	-3.4165258407592773	-0.0012217304902151227	-0.006108652334660292	-0.0024434609804302454
7.504277400000092	-7.000645637512207	5.87776517868042	-3.4165258407592773	-0.0012217304902151227	-0.006108652334660292	-0.0024434609804302454
7.525078200000053	-6.995857238769531	5.863399982452393	-3.4524388313293457	-0.0024434609804302454	-0.006108652334660292	-0.00366519158706069
7.526229199999989	-6.995857238769531	5.863399982452393	-3.4524388313293457	-0.0024434609804302454	-0.006108652334660292	-0.00366519158706069
7.547546999999895	-6.9695210456848145	5.872976779937744	-3.428496837615967	-0.006108652334660292	-0.006108652334660292	-0.00366519158706069
7.547583600000053	-6.9695210456848145	5.872976779937744	-3.428496837615967	-0.006108652334660292	-0.006108652334660292	-0.00366519158706069
7.5642917000000125	-7.003039836883545	5.880159378051758	-3.40216064453125	-0.00733038317412138	-0.00733038317412138	-0.00366519158706069
7.565592599999945	-7.003039836883545	5.880159378051758	-3.40216064453125	-0.00733038317412138	-0.00733038317412138	-0.00366519158706069
7.5862509999999475	-6.947973251342773	5.920860767364502	-3.4189200401306152	-0.004886921960860491	-0.010995574295520782	-0.00366519158706069
7.586320200000046	-6.947973251342773	5.920860767364502	-3.4189200401306152	-0.004886921960860491	-0.010995574295520782	-0.00366519158706069
7.605612000000065	-6.998251438140869	5.92325496673584	-3.44765043258667	-0.0024434609804302454	-0.013439035043120384	-0.0024434609804302454
7.6062715999999	-6.998251438140869	5.92325496673584	-3.44765043258667	-0.0024434609804302454	-0.013439035043120384	-0.0024434609804302454
7.626199099999894	-6.993463039398193	5.880159378051758	-3.4165258407592773	-0.0012217304902151227	-0.01710422709584236	0.0012217304902151227
7.626255299999912	-6.993463039398193	5.880159378051758	-3.4165258407592773	-0.0012217304902151227	-0.01710422709584236	0.0012217304902151227
7.645063799999889	-6.926425457000732	5.916072368621826	-3.397372245788574	-0.0024434609804302454	-0.02076941914856434	0.0024434609804302454
7.645108299999947	-6.926425457000732	5.916072368621826	-3.397372245788574	-0.0024434609804302454	-0.02076941914856434	0.0024434609804302454
7.664488899999924	-6.9455790519714355	5.846640586853027	-3.3231520652770996	0.0024434609804302454	-0.024434609338641167	0.004886921960860491
7.66509700000006	-6.9455790519714355	5.846640586853027	-3.3231520652770996	0.0024434609804302454	-0.024434609338641167	0.004886921960860491
7.684952300000077	-7.0317702293396	5.837063789367676	-3.361459255218506	0.0024434609804302454	-0.025656340643763542	0.006108652334660292
7.685006799999883	-7.0317702293396	5.837063789367676	-3.361459255218506	0.0024434609804302454	-0.025656340643763542	0.006108652334660292
7.7046080000000075	-6.9910688400268555	5.849034786224365	-3.3710360527038574	0.0	-0.025656340643763542	0.006108652334660292
7.705462399999988	-6.9910688400268555	5.849034786224365	-3.3710360527038574	0.0	-0.025656340643763542	0.006108652334660292
7.7229308999999375	-7.0126166343688965	5.880159378051758	-3.3303346633911133	-0.0012217304902151227	-0.025656340643763542	0.006108652334660292
7.722960600000079	-7.0126166343688965	5.880159378051758	-3.3303346633911133	-0.0012217304902151227	-0.025656340643763542	0.006108652334660292
7.744349300000067	-6.97430944442749	5.935225963592529	-3.4141316413879395	0.0012217304902151227	-0.021991148591041565	0.006108652334660292
7.745404300000018	-6.97430944442749	5.935225963592529	-3.4141316413879395	0.0012217304902151227	-0.021991148591041565	0.006108652334660292
7.762933799999928	-7.072471618652344	5.846640586853027	-3.406949043273926	-0.0024434609804302454	-0.01710422709584236	0.0024434609804302454
7.762970700000096	-7.072471618652344	5.846640586853027	-3.406949043273926	-0.0024434609804302454	-0.01710422709584236	0.0024434609804302454
7.783670000000029	-7.060500621795654	5.87776517868042	-3.3638534545898438	-0.0012217304902151227	-0.01466076634824276	0.0012217304902151227
7.783700400000043	-7.060500621795654	5.87776517868042	-3.3638534545898438	-0.0012217304902151227	-0.01466076634824276	0.0012217304902151227
7.801402300000063	-7.022193431854248	5.961562156677246	-3.3854012489318848	0.0	-0.010995574295520782	0.0
7.802306199999975	-7.022193431854248	5.961562156677246	-3.3854012489318848	0.0	-0.010995574295520782	0.0
7.826591400000098	-6.9695210456848145	5.8657941818237305	-3.399766445159912	-0.0012217304902151227	-0.006108652334660292	-0.0024434609804302454
7.826632600000039	-6.9695210456848145	5.8657941818237305	-3.399766445159912	-0.0012217304902151227	-0.006108652334660292	-0.0024434609804302454
7.845204899999999	-6.97430944442749	5.894524574279785	-3.3949780464172363	-0.0012217304902151227	-0.0024434609804302454	-0.0024434609804302454
7.845689499999935	-6.97430944442749	5.894524574279785	-3.3949780464172363	-0.0012217304902151227	-0.0024434609804302454	-0.0024434609804302454
7.865254900000082	-7.029376029968262	5.8442463874816895	-3.375824451446533	-0.0012217304902151227	0.0	-0.0024434609804302454
7.865310099999988	-7.029376029968262	5.8442463874816895	-3.375824451446533	-0.0012217304902151227	0.0	-0.0024434609804302454
7.885983500000066	-6.979097843170166	5.839457988739014	-3.3949780464172363	-0.0012217304902151227	0.0024434609804302454	-0.00366519158706069
7.8860526999999365	-6.979097843170166	5.839457988739014	-3.3949780464172363	-0.0012217304902151227	0.0024434609804302454	-0.00366519158706069
7.903249899999992	-6.979097843170166	5.87776517868042	-3.397372245788574	0.0	0.0024434609804302454	-0.0024434609804302454
7.90332259999991	-6.979097843170166	5.87776517868042	-3.397372245788574	0.0	0.0024434609804302454	-0.0024434609804302454
7.926123700000062	-7.007828235626221	5.817910194396973	-3.383007049560547	-0.0024434609804302454	0.0024434609804302454	-0.0024434609804302454
7.926165300000093	-7.007828235626221	5.817910194396973	-3.383007049560547	-0.0024434609804302454	0.0024434609804302454	-0.0024434609804302454
7.943535099999963	-6.9695210456848145	5.810727596282959	-3.445256233215332	-0.0012217304902151227	0.0	-0.0012217304902151227
7.9435733000000255	-6.9695210456848145	5.810727596282959	-3.445256233215332	-0.0012217304902151227	0.0	-0.0012217304902151227
7.964506300000039	-6.993463039398193	5.861005783081055	-3.421314239501953	0.0012217304902151227	-0.0012217304902151227	0.0012217304902151227
7.964577799999915	-6.993463039398193	5.861005783081055	-3.421314239501953	0.0012217304902151227	-0.0012217304902151227	0.0012217304902151227
7.983674699999938	-6.981492042541504	5.868188381195068	-3.380612850189209	0.0024434609804302454	-0.004886921960860491	0.0024434609804302454
7.984312099999897	-6.981492042541504	5.868188381195068	-3.380612850189209	0.0024434609804302454	-0.004886921960860491	0.0024434609804302454
8.007458699999916	-7.053318023681641	5.839457988739014	-3.3854012489318848	0.004886921960860491	-0.00366519158706069	0.0024434609804302454
8.007489699999951	-7.053318023681641	5.839457988739014	-3.3854012489318848	0.004886921960860491	-0.00366519158706069	0.0024434609804302454
8.025884399999995	-6.981492042541504	5.904101371765137	-3.315969467163086	0.006108652334660292	-0.0024434609804302454	0.00366519158706069
8.025917200000094	-6.981492042541504	5.904101371765137	-3.315969467163086	0.006108652334660292	-0.0024434609804302454	0.00366519158706069
8.044808299999886	-6.983886241912842	5.868188381195068	-3.337517261505127	0.004886921960860491	0.0	0.004886921960860491
8.044857500000035	-6.983886241912842	5.868188381195068	-3.337517261505127	0.004886921960860491	0.0	0.004886921960860491
8.065262200000006	-7.024587631225586	5.87776517868042	-3.3877954483032227	-0.00366519158706069	0.00366519158706069	0.00366519158706069
8.065317399999913	-7.024587631225586	5.87776517868042	-3.3877954483032227	-0.00366519158706069	0.00366519158706069	0.00366519158706069
8.084511300000031	-7.010222434997559	5.896918773651123	-3.4380736351013184	-0.00855211354792118	0.009773843921720982	0.0
8.084561099999974	-7.010222434997559	5.896918773651123	-3.4380736351013184	-0.00855211354792118	0.009773843921720982	0.0
8.10444080000002	-7.010222434997559	5.947196960449219	-3.3925838470458984	-0.00366519158706069	0.01466076634824276	0.0
8.104490299999952	-7.010222434997559	5.947196960449219	-3.3925838470458984	-0.00366519158706069	0.01466076634824276	0.0
8.125869100000045	-6.981492042541504	5.892130374908447	-3.485957622528076	0.0	0.01710422709584236	0.0012217304902151227
8.125947600000018	-6.981492042541504	5.892130374908447	-3.485957622528076	0.0	0.01710422709584236	0.0012217304902151227
8.142804500000011	-6.993463039398193	5.937620162963867	-3.469198226928711	0.0	0.019547687843441963	-0.0024434609804302454
8.142854499999885	-6.993463039398193	5.937620162963867	-3.469198226928711	0.0	0.019547687843441963	-0.0024434609804302454
8.165266799999927	-6.967126846313477	5.978321552276611	-3.4332852363586426	0.00733038317412138	0.018325956538319588	-0.00366519158706069
8.16531299999997	-6.967126846313477	5.978321552276611	-3.4332852363586426	0.00733038317412138	0.018325956538319588	-0.00366519158706069
8.188300199999958	-7.022193431854248	5.851428985595703	-3.3423056602478027	0.004886921960860491	0.019547687843441963	-0.006108652334660292
8.189123800000061	-7.022193431854248	5.851428985595703	-3.3423056602478027	0.004886921960860491	0.019547687843441963	-0.006108652334660292
8.20349770000007	-7.003039836883545	5.870582580566406	-3.421314239501953	0.0024434609804302454	0.018325956538319588	-0.00733038317412138
8.203552199999876	-7.003039836883545	5.870582580566406	-3.421314239501953	0.0024434609804302454	0.018325956538319588	-0.00733038317412138
8.224729199999956	-6.983886241912842	5.858611583709717	-3.4596214294433594	-0.0012217304902151227	0.013439035043120384	-0.00733038317412138
8.225767700000006	-6.983886241912842	5.858611583709717	-3.4596214294433594	-0.0012217304902151227	0.013439035043120384	-0.00733038317412138
8.246741100000008	-7.0317702293396	5.880159378051758	-3.4356794357299805	0.00366519158706069	0.00855211354792118	-0.00733038317412138
8.24677799999995	-7.0317702293396	5.880159378051758	-3.4356794357299805	0.00366519158706069	0.00855211354792118	-0.00733038317412138
8.263665700000047	-6.995857238769531	5.851428985595703	-3.4332852363586426	0.00366519158706069	0.004886921960860491	-0.006108652334660292
8.263698299999987	-6.995857238769531	5.851428985595703	-3.4332852363586426	0.00366519158706069	0.004886921960860491	-0.006108652334660292
8.284108500000002	-7.007828235626221	5.872976779937744	-3.426102638244629	0.0024434609804302454	0.00366519158706069	-0.00366519158706069
8.28414859999998	-7.007828235626221	5.872976779937744	-3.426102638244629	0.0024434609804302454	0.00366519158706069	-0.00366519158706069
8.303182399999969	-6.98628044128418	5.894524574279785	-3.445256233215332	-0.0012217304902151227	0.0012217304902151227	-0.0024434609804302454
8.303224	-6.98628044128418	5.894524574279785	-3.445256233215332	-0.0012217304902151227	0.0012217304902151227	-0.0024434609804302454
8.322979399999895	-6.959944248199463	5.841852188110352	-3.421314239501953	-0.00366519158706069	0.0024434609804302454	-0.0012217304902151227
8.323032699999885	-6.959944248199463	5.841852188110352	-3.421314239501953	-0.00366519158706069	0.0024434609804302454	-0.0012217304902151227
8.342181700000083	-7.046135425567627	5.889736175537109	-3.4596214294433594	0.0	0.0	-0.0024434609804302454
8.342682400000058	-7.046135425567627	5.889736175537109	-3.4596214294433594	0.0	0.0	-0.0024434609804302454
8.359966600000007	-6.94079065322876	5.896918773651123	-3.450044631958008	0.0012217304902151227	-0.0012217304902151227	-0.0012217304902151227
8.360000200000059	-6.94079065322876	5.896918773651123	-3.450044631958008	0.0012217304902151227	-0.0012217304902151227	-0.0012217304902151227
8.383694299999888	-6.959944248199463	5.817910194396973	-3.4955344200134277	-0.00366519158706069	-0.004886921960860491	0.0024434609804302454
8.38629190000006	-6.959944248199463	5.817910194396973	-3.4955344200134277	-0.00366519158706069	-0.004886921960860491	0.0024434609804302454
8.404626600000029	-6.959944248199463	5.803544998168945	-3.4404678344726562	-0.004886921960860491	-0.010995574295520782	0.0
8.405015999999932	-6.959944248199463	5.803544998168945	-3.4404678344726562	-0.004886921960860491	-0.010995574295520782	0.0
8.424767100000054	-7.0557122230529785	5.863399982452393	-3.490746021270752	0.004886921960860491	-0.015882495790719986	-0.0012217304902151227
8.424807599999895	-7.0557122230529785	5.863399982452393	-3.490746021270752	0.004886921960860491	-0.015882495790719986	-0.0012217304902151227
8.44524649999994	-6.993463039398193	5.894524574279785	-3.428496837615967	0.0012217304902151227	-0.021991148591041565	-0.0012217304902151227
8.445296699999972	-6.993463039398193	5.894524574279785	-3.428496837615967	0.0012217304902151227	-0.021991148591041565	-0.0012217304902151227
8.466381700000056	-7.024587631225586	5.870582580566406	-3.469198226928711	0.0024434609804302454	-0.025656340643763542	-0.0024434609804302454
8.466440299999931	-7.024587631225586	5.870582580566406	-3.469198226928711	0.0024434609804302454	-0.025656340643763542	-0.0024434609804302454
8.488343499999928	-6.967126846313477	5.894524574279785	-3.4763808250427246	0.00733038317412138	-0.025656340643763542	-0.0024434609804302454
8.488416099999995	-6.967126846313477	5.894524574279785	-3.4763808250427246	0.00733038317412138	-0.025656340643763542	-0.0024434609804302454
8.509189500000048	-6.964732646942139	5.932831764221191	-3.3303346633911133	0.00855211354792118	-0.02321287989616394	0.0
8.50990610000008	-6.964732646942139	5.932831764221191	-3.3303346633911133	0.00855211354792118	-0.02321287989616394	0.0
8.528130500000088	-6.904877662658691	5.937620162963867	-3.3518824577331543	0.006108652334660292	-0.018325956538319588	-0.0012217304902151227
8.528176900000062	-6.904877662658691	5.937620162963867	-3.3518824577331543	0.006108652334660292	-0.018325956538319588	-0.0012217304902151227
8.546598800000083	-7.074865818023682	5.856217384338379	-3.354276657104492	-0.0012217304902151227	-0.010995574295520782	-0.004886921960860491
8.547564199999897	-7.074865818023682	5.856217384338379	-3.354276657104492	-0.0012217304902151227	-0.010995574295520782	-0.004886921960860491
8.567472400000042	-6.964732646942139	5.8657941818237305	-3.3638534545898438	-0.00366519158706069	-0.00366519158706069	-0.004886921960860491
8.567512899999883	-6.964732646942139	5.8657941818237305	-3.3638534545898438	-0.00366519158706069	-0.00366519158706069	-0.004886921960860491
8.58594220000009	-7.048529624938965	5.918466567993164	-3.399766445159912	-0.00366519158706069	0.0024434609804302454	-0.00366519158706069
8.58627679999995	-7.048529624938965	5.918466567993164	-3.399766445159912	-0.00366519158706069	0.0024434609804302454	-0.00366519158706069
8.607301499999949	-6.995857238769531	5.928043365478516	-3.40216064453125	-0.0024434609804302454	0.006108652334660292	-0.004886921960860491
8.607353800000055	-6.995857238769531	5.928043365478516	-3.40216064453125	-0.0024434609804302454	0.006108652334660292	-0.004886921960860491
8.634083800000099	-6.976703643798828	5.849034786224365	-3.4332852363586426	-0.004886921960860491	0.00733038317412138	-0.00366519158706069
8.63414540000008	-6.976703643798828	5.849034786224365	-3.4332852363586426	-0.004886921960860491	0.00733038317412138	-0.00366519158706069
8.647228600000062	-6.9455790519714355	5.808333396911621	-3.4380736351013184	-0.0024434609804302454	0.004886921960860491	-0.0024434609804302454
8.647262400000045	-6.9455790519714355	5.808333396911621	-3.4380736351013184	-0.0024434609804302454	0.004886921960860491	-0.0024434609804302454
8.66755749999993	-7.010222434997559	5.861005783081055	-3.4380736351013184	0.0012217304902151227	0.00366519158706069	-0.0012217304902151227
8.668433399999913	-7.010222434997559	5.861005783081055	-3.4380736351013184	0.0012217304902151227	0.00366519158706069	-0.0012217304902151227
8.684632799999918	-6.998251438140869	5.851428985595703	-3.404554843902588	0.0012217304902151227	0.0024434609804302454	-0.0012217304902151227
8.684669100000065	-6.998251438140869	5.851428985595703	-3.404554843902588	0.0012217304902151227	0.0024434609804302454	-0.0012217304902151227
8.707539400000087	-6.976703643798828	5.901707172393799	-3.406949043273926	-0.0012217304902151227	-0.0012217304902151227	-0.0012217304902151227
8.707599699999946	-6.976703643798828	5.901707172393799	-3.406949043273926	-0.0012217304902151227	-0.0012217304902151227	-0.0012217304902151227
8.727431999999908	-7.029376029968262	5.817910194396973	-3.485957622528076	-0.0012217304902151227	-0.0012217304902151227	-0.0024434609804302454
8.728115099999968	-7.029376029968262	5.817910194396973	-3.485957622528076	-0.0012217304902151227	-0.0012217304902151227	-0.0024434609804302454
8.745813400000088	-7.007828235626221	5.834669589996338	-3.4524388313293457	0.0	-0.0024434609804302454	-0.0024434609804302454
8.74591220000002	-7.007828235626221	5.834669589996338	-3.4524388313293457	0.0	-0.0024434609804302454	-0.0024434609804302454
8.767935399999942	-6.979097843170166	5.863399982452393	-3.442862033843994	0.0012217304902151227	-0.0024434609804302454	-0.0024434609804302454
8.767986699999938	-6.979097843170166	5.863399982452393	-3.442862033843994	0.0012217304902151227	-0.0024434609804302454	-0.0024434609804302454
8.788849199999959	-7.0126166343688965	5.870582580566406	-3.406949043273926	0.0	-0.00366519158706069	-0.0012217304902151227
8.789563699999917	-7.0126166343688965	5.870582580566406	-3.406949043273926	0.0	-0.00366519158706069	-0.0012217304902151227
8.807677900000044	-7.010222434997559	5.796362400054932	-3.423708438873291	0.0024434609804302454	-0.00366519158706069	-0.0012217304902151227
8.807718099999875	-7.010222434997559	5.796362400054932	-3.423708438873291	0.0024434609804302454	-0.00366519158706069	-0.0012217304902151227
8.82852939999998	-6.976703643798828	5.916072368621826	-3.404554843902588	0.0024434609804302454	-0.00366519158706069	0.0012217304902151227
8.82857880000006	-6.976703643798828	5.916072368621826	-3.404554843902588	0.0024434609804302454	-0.00366519158706069	0.0012217304902151227
8.85205330000008	-7.0126166343688965	5.849034786224365	-3.3662476539611816	-0.0024434609804302454	-0.00366519158706069	0.0
8.852101700000048	-7.0126166343688965	5.849034786224365	-3.3662476539611816	-0.0024434609804302454	-0.00366519158706069	0.0
8.86612070000001	-7.026981830596924	5.870582580566406	-3.4572272300720215	0.0024434609804302454	-0.0024434609804302454	0.0
8.867431599999918	-7.026981830596924	5.870582580566406	-3.4572272300720215	0.0024434609804302454	-0.0024434609804302454	0.0
8.886119000000008	-6.957550048828125	5.899312973022461	-3.426102638244629	0.0	-0.0024434609804302454	-0.0012217304902151227
8.886676099999931	-6.957550048828125	5.899312973022461	-3.426102638244629	0.0	-0.0024434609804302454	-0.0012217304902151227
8.909880899999962	-6.967126846313477	5.858611583709717	-3.399766445159912	-0.0012217304902151227	-0.0012217304902151227	0.0
8.909910000000082	-6.967126846313477	5.858611583709717	-3.399766445159912	-0.0012217304902151227	-0.0012217304902151227	0.0
8.931329499999947	-6.995857238769531	5.8873419761657715	-3.3734302520751953	-0.0024434609804302454	0.0	-0.0012217304902151227
8.931380600000011	-6.995857238769531	5.8873419761657715	-3.3734302520751953	-0.0024434609804302454	0.0	-0.0012217304902151227
8.948628399999961	-6.993463039398193	5.872976779937744	-3.471592426300049	-0.0012217304902151227	0.0	-0.0012217304902151227
8.948671599999898	-6.993463039398193	5.872976779937744	-3.471592426300049	-0.0012217304902151227	0.0	-0.0012217304902151227
8.968016699999907	-7.062894821166992	5.940014362335205	-3.5194764137268066	-0.0024434609804302454	-0.0024434609804302454	-0.0012217304902151227
8.968068700000003	-7.062894821166992	5.940014362335205	-3.5194764137268066	-0.0024434609804302454	-0.0024434609804302454	-0.0012217304902151227
8.98819750000007	-6.950367450714111	5.861005783081055	-3.359065055847168	0.00366519158706069	-0.0024434609804302454	0.0
8.989974099999927	-6.950367450714111	5.861005783081055	-3.359065055847168	0.00366519158706069	-0.0024434609804302454	0.0
9.00645489999988	-6.947973251342773	5.822698593139648	-3.4596214294433594	0.0024434609804302454	-0.004886921960860491	0.0
9.007449599999973	-6.947973251342773	5.822698593139648	-3.4596214294433594	0.0024434609804302454	-0.004886921960860491	0.0
9.027151400000093	-7.017405033111572	5.8873419761657715	-3.4332852363586426	-0.004886921960860491	-0.004886921960860491	-0.0012217304902151227
9.02784500000007	-7.017405033111572	5.8873419761657715	-3.4332852363586426	-0.004886921960860491	-0.004886921960860491	-0.0012217304902151227
9.046511699999883	-7.048529624938965	5.851428985595703	-3.445256233215332	-0.00855211354792118	-0.0024434609804302454	0.0
9.047424599999886	-7.048529624938965	5.851428985595703	-3.445256233215332	-0.00855211354792118	-0.0024434609804302454	0.0
9.06689950000009	-6.967126846313477	5.901707172393799	-3.4548330307006836	-0.0012217304902151227	-0.0024434609804302454	0.0012217304902151227
9.068027099999881	-6.967126846313477	5.901707172393799	-3.4548330307006836	-0.0012217304902151227	-0.0024434609804302454	0.0012217304902151227
9.086693299999979	-6.964732646942139	5.837063789367676	-3.5051112174987793	0.0	-0.00366519158706069	0.0024434609804302454
9.087750899999946	-6.964732646942139	5.837063789367676	-3.5051112174987793	0.0	-0.00366519158706069	0.0024434609804302454
9.108135599999969	-7.024587631225586	5.853823184967041	-3.4404678344726562	0.0012217304902151227	-0.00366519158706069	0.0012217304902151227
9.10820990000002	-7.024587631225586	5.853823184967041	-3.4404678344726562	0.0012217304902151227	-0.00366519158706069	0.0012217304902151227
9.127447399999937	-6.979097843170166	5.916072368621826	-3.421314239501953	0.00366519158706069	-0.0012217304902151227	-0.0012217304902151227
9.127811300000076	-6.979097843170166	5.916072368621826	-3.421314239501953	0.00366519158706069	-0.0012217304902151227	-0.0012217304902151227
9.149371199999905	-7.06528902053833	5.803544998168945	-3.3446998596191406	0.00733038317412138	-0.0024434609804302454	0.0012217304902151227
9.150696100000005	-7.06528902053833	5.803544998168945	-3.3446998596191406	0.00733038317412138	-0.0024434609804302454	0.0012217304902151227
9.166534700000057	-6.9695210456848145	5.87776517868042	-3.4189200401306152	0.004886921960860491	0.0	0.0
9.167645499999935	-6.9695210456848145	5.87776517868042	-3.4189200401306152	0.004886921960860491	0.0	0.0
9.187119100000018	-6.995857238769531	5.8203043937683105	-3.378218650817871	0.0	-0.0012217304902151227	0.0
9.187489800000094	-6.995857238769531	5.8203043937683105	-3.378218650817871	0.0	-0.0012217304902151227	0.0
9.206837599999972	-6.964732646942139	5.880159378051758	-3.4404678344726562	-0.0012217304902151227	-0.0024434609804302454	-0.0012217304902151227
9.20756449999999	-6.964732646942139	5.880159378051758	-3.4404678344726562	-0.0012217304902151227	-0.0024434609804302454	-0.0012217304902151227
9.2272324999999	-6.988674640655518	5.904101371765137	-3.3877954483032227	0.0	-0.0024434609804302454	-0.0012217304902151227
9.227811400000064	-6.988674640655518	5.904101371765137	-3.3877954483032227	0.0	-0.0024434609804302454	-0.0012217304902151227
9.247160399999984	-7.000645637512207	5.889736175537109	-3.3949780464172363	0.0	-0.0024434609804302454	0.0012217304902151227
9.247655099999974	-7.000645637512207	5.889736175537109	-3.3949780464172363	0.0	-0.0024434609804302454	0.0012217304902151227
9.267032100000051	-6.98628044128418	5.815515995025635	-3.466804027557373	-0.00366519158706069	-0.0024434609804302454	-0.0012217304902151227
9.26798800000006	-6.98628044128418	5.815515995025635	-3.466804027557373	-0.00366519158706069	-0.0024434609804302454	-0.0012217304902151227
9.287165499999901	-6.995857238769531	5.904101371765137	-3.4739866256713867	0.0012217304902151227	0.0	0.0012217304902151227
9.287973400000055	-6.995857238769531	5.904101371765137	-3.4739866256713867	0.0012217304902151227	0.0	0.0012217304902151227
9.308369599999878	-6.979097843170166	5.87776517868042	-3.4141316413879395	0.006108652334660292	0.0024434609804302454	0.0
9.310638200000085	-6.979097843170166	5.87776517868042	-3.4141316413879395	0.006108652334660292	0.0024434609804302454	0.0
9.328342199999952	-6.9910688400268555	5.808333396911621	-3.4380736351013184	0.0	0.0024434609804302454	0.0024434609804302454
9.328370199999881	-6.9910688400268555	5.808333396911621	-3.4380736351013184	0.0	0.0024434609804302454	0.0024434609804302454
9.347370799999908	-7.010222434997559	5.825092792510986	-3.4117374420166016	-0.00366519158706069	0.004886921960860491	0.0024434609804302454
9.348314099999925	-7.010222434997559	5.825092792510986	-3.4117374420166016	-0.00366519158706069	0.004886921960860491	0.0024434609804302454
9.365276600000016	-6.983886241912842	5.880159378051758	-3.4117374420166016	0.0	0.004886921960860491	0.0012217304902151227
9.36530629999993	-6.983886241912842	5.880159378051758	-3.4117374420166016	0.0	0.004886921960860491	0.0012217304902151227
9.387027900000021	-7.0126166343688965	5.925649166107178	-3.359065055847168	-0.0024434609804302454	0.0024434609804302454	0.0012217304902151227
9.387780900000052	-7.0126166343688965	5.925649166107178	-3.359065055847168	-0.0024434609804302454	0.0024434609804302454	0.0012217304902151227
9.407270100000005	-7.036558628082275	5.791574001312256	-3.5458126068115234	-0.006108652334660292	0.0	0.0
9.407337599999892	-7.036558628082275	5.791574001312256	-3.5458126068115234	-0.006108652334660292	0.0	0.0
9.427807799999982	-6.962338447570801	5.858611583709717	-3.4548330307006836	-0.00855211354792118	0.0012217304902151227	-0.00366519158706069
9.42786419999993	-6.962338447570801	5.858611583709717	-3.4548330307006836	-0.00855211354792118	0.0012217304902151227	-0.00366519158706069
9.448551799999905	-6.933608055114746	5.825092792510986	-3.4524388313293457	0.0024434609804302454	-0.004886921960860491	-0.0012217304902151227
9.448582100000067	-6.933608055114746	5.825092792510986	-3.4524388313293457	0.0024434609804302454	-0.004886921960860491	-0.0012217304902151227
9.467817100000048	-6.967126846313477	5.8442463874816895	-3.423708438873291	0.00366519158706069	-0.009773843921720982	0.0
9.467847800000072	-6.967126846313477	5.8442463874816895	-3.423708438873291	0.00366519158706069	-0.009773843921720982	0.0
9.480938400000014	-7.038952827453613	5.8657941818237305	-3.471592426300049	0.00366519158706069	-0.012217304669320583	0.0024434609804302454
9.480968500000017	-7.038952827453613	5.8657941818237305	-3.471592426300049	0.00366519158706069	-0.012217304669320583	0.0024434609804302454
9.50694539999995	-6.964732646942139	5.841852188110352	-3.488351821899414	0.00366519158706069	-0.010995574295520782	0.0012217304902151227
9.50701580000009	-6.964732646942139	5.841852188110352	-3.488351821899414	0.00366519158706069	-0.010995574295520782	0.0012217304902151227
9.527581699999928	-6.988674640655518	5.872976779937744	-3.4356794357299805	0.0	-0.00855211354792118	0.0012217304902151227
9.527613199999905	-6.988674640655518	5.872976779937744	-3.4356794357299805	0.0	-0.00855211354792118	0.0012217304902151227
9.547051499999952	-7.062894821166992	5.841852188110352	-3.4332852363586426	-0.004886921960860491	-0.004886921960860491	0.0024434609804302454
9.547085400000014	-7.062894821166992	5.841852188110352	-3.4332852363586426	-0.004886921960860491	-0.004886921960860491	0.0024434609804302454
9.564537799999925	-7.026981830596924	5.841852188110352	-3.4979286193847656	-0.006108652334660292	-0.00366519158706069	0.0012217304902151227
9.565829200000053	-7.026981830596924	5.841852188110352	-3.4979286193847656	-0.006108652334660292	-0.00366519158706069	0.0012217304902151227
9.588209000000006	-7.0126166343688965	5.851428985595703	-3.442862033843994	-0.00366519158706069	-0.00366519158706069	0.00366519158706069
9.588240900000073	-7.0126166343688965	5.851428985595703	-3.442862033843994	-0.00366519158706069	-0.00366519158706069	0.00366519158706069
9.608520100000078	-6.967126846313477	5.880159378051758	-3.445256233215332	-0.00366519158706069	-0.00366519158706069	0.0024434609804302454
9.60857400000009	-6.967126846313477	5.880159378051758	-3.445256233215332	-0.00366519158706069	-0.00366519158706069	0.0024434609804302454
9.630301500000087	-7.007828235626221	5.837063789367676	-3.404554843902588	-0.0024434609804302454	-0.004886921960860491	0.0024434609804302454
9.631306700000096	-7.007828235626221	5.837063789367676	-3.404554843902588	-0.0024434609804302454	-0.004886921960860491	0.0024434609804302454
9.648363199999949	-7.026981830596924	5.870582580566406	-3.445256233215332	-0.0012217304902151227	-0.006108652334660292	0.004886921960860491
9.648430400000052	-7.026981830596924	5.870582580566406	-3.445256233215332	-0.0012217304902151227	-0.006108652334660292	0.004886921960860491
9.667469199999914	-6.9455790519714355	5.8442463874816895	-3.3901896476745605	0.0012217304902151227	-0.006108652334660292	0.004886921960860491
9.668386800000007	-6.9455790519714355	5.8442463874816895	-3.3901896476745605	0.0012217304902151227	-0.006108652334660292	0.004886921960860491
9.687947500000064	-6.957550048828125	5.8442463874816895	-3.4380736351013184	-0.0012217304902151227	-0.00366519158706069	0.00366519158706069
9.688770400000067	-6.957550048828125	5.8442463874816895	-3.4380736351013184	-0.0012217304902151227	-0.00366519158706069	0.00366519158706069
9.708209399999987	-7.060500621795654	5.8873419761657715	-3.4548330307006836	-0.004886921960860491	-0.0024434609804302454	0.00366519158706069
9.708259300000009	-7.060500621795654	5.8873419761657715	-3.4548330307006836	-0.004886921960860491	-0.0024434609804302454	0.00366519158706069
9.727476699999897	-6.98628044128418	5.9088897705078125	-3.4093432426452637	-0.00366519158706069	0.0012217304902151227	0.0012217304902151227
9.727509800000007	-6.98628044128418	5.9088897705078125	-3.4093432426452637	-0.00366519158706069	0.0012217304902151227	0.0012217304902151227
9.745529499999975	-7.010222434997559	5.861005783081055	-3.35667085647583	-0.0012217304902151227	0.0012217304902151227	0.0012217304902151227
9.745831799999905	-7.010222434997559	5.861005783081055	-3.35667085647583	-0.0012217304902151227	0.0012217304902151227	0.0012217304902151227
9.766669299999876	-7.041347026824951	5.889736175537109	-3.450044631958008	-0.0012217304902151227	0.0024434609804302454	0.0
9.766718699999956	-7.041347026824951	5.889736175537109	-3.450044631958008	-0.0012217304902151227	0.0024434609804302454	0.0
9.789272400000073	-6.993463039398193	5.839457988739014	-3.4739866256713867	-0.0024434609804302454	0.0012217304902151227	0.0
9.790899800000034	-6.993463039398193	5.839457988739014	-3.4739866256713867	-0.0024434609804302454	0.0012217304902151227	0.0
9.806251799999927	-6.967126846313477	5.872976779937744	-3.4739866256713867	-0.0024434609804302454	0.0	-0.0024434609804302454
9.80796220000002	-6.967126846313477	5.872976779937744	-3.4739866256713867	-0.0024434609804302454	0.0	-0.0024434609804302454
9.828159700000015	-7.017405033111572	5.92325496673584	-3.4332852363586426	0.0012217304902151227	-0.0024434609804302454	-0.0012217304902151227
9.828189500000008	-7.017405033111572	5.92325496673584	-3.4332852363586426	0.0012217304902151227	-0.0024434609804302454	-0.0012217304902151227
9.846486800000093	-7.005434036254883	5.861005783081055	-3.3925838470458984	0.0012217304902151227	-0.004886921960860491	0.0
9.846535599999925	-7.005434036254883	5.861005783081055	-3.3925838470458984	0.0012217304902151227	-0.004886921960860491	0.0
9.871981600000026	-6.979097843170166	5.87776517868042	-3.5218706130981445	0.0012217304902151227	-0.00733038317412138	-0.0012217304902151227
9.87540510000008	-6.979097843170166	5.87776517868042	-3.5218706130981445	0.0012217304902151227	-0.00733038317412138	-0.0012217304902151227
9.887248799999952	-7.000645637512207	5.901707172393799	-3.4380736351013184	0.0012217304902151227	-0.012217304669320583	-0.0012217304902151227
9.888998399999991	-7.000645637512207	5.901707172393799	-3.4380736351013184	0.0012217304902151227	-0.012217304669320583	-0.0012217304902151227
9.905438600000025	-7.022193431854248	5.896918773651123	-3.49314022064209	0.006108652334660292	-0.01466076634824276	-0.0024434609804302454
9.907748599999877	-7.022193431854248	5.896918773651123	-3.49314022064209	0.006108652334660292	-0.01466076634824276	-0.0024434609804302454
9.922691799999939	-7.022193431854248	5.899312973022461	-3.4739866256713867	0.009773843921720982	-0.018325956538319588	-0.0024434609804302454
9.923466899999994	-7.022193431854248	5.899312973022461	-3.4739866256713867	0.009773843921720982	-0.018325956538319588	-0.0024434609804302454
9.941676500000085	-7.0126166343688965	5.896918773651123	-3.383007049560547	0.01466076634824276	-0.018325956538319588	-0.0024434609804302454
9.942057700000078	-7.0126166343688965	5.896918773651123	-3.383007049560547	0.01466076634824276	-0.018325956538319588	-0.0024434609804302454
9.959819100000004	-7.007828235626221	5.7987565994262695	-3.3303346633911133	0.010995574295520782	-0.01710422709584236	-0.0024434609804302454
9.959847899999886	-7.007828235626221	5.7987565994262695	-3.3303346633911133	0.010995574295520782	-0.01710422709584236	-0.0024434609804302454
9.981193000000076	-6.97430944442749	5.817910194396973	-3.3854012489318848	0.006108652334660292	-0.013439035043120384	-0.0012217304902151227
9.981236599999875	-6.97430944442749	5.817910194396973	-3.3854012489318848	0.006108652334660292	-0.013439035043120384	-0.0012217304902151227
10.00211760000002	-6.98628044128418	5.906495571136475	-3.3734302520751953	-0.00366519158706069	-0.006108652334660292	-0.0024434609804302454
10.00215860000003	-6.98628044128418	5.906495571136475	-3.3734302520751953	-0.00366519158706069	-0.006108652334660292	-0.0024434609804302454
10.024465599999985	-7.022193431854248	5.906495571136475	-3.4524388313293457	-0.0024434609804302454	0.0024434609804302454	0.0
10.024518899999975	-7.022193431854248	5.906495571136475	-3.4524388313293457	-0.0024434609804302454	0.0024434609804302454	0.0
10.044175300000006	-7.0317702293396	5.940014362335205	-3.450044631958008	-0.0024434609804302454	0.00855211354792118	0.0012217304902151227
10.04420529999993	-7.0317702293396	5.940014362335205	-3.450044631958008	-0.0024434609804302454	0.00855211354792118	0.0012217304902151227
10.066403300000047	-7.017405033111572	5.904101371765137	-3.44765043258667	-0.00366519158706069	0.01466076634824276	0.0
10.066444499999989	-7.017405033111572	5.904101371765137	-3.44765043258667	-0.00366519158706069	0.01466076634824276	0.0
10.086931800000002	-7.0126166343688965	5.880159378051758	-3.4332852363586426	-0.004886921960860491	0.02076941914856434	-0.00366519158706069
10.08698830000003	-7.0126166343688965	5.880159378051758	-3.4332852363586426	-0.004886921960860491	0.02076941914856434	-0.00366519158706069
10.110739299999977	-7.015010833740234	5.822698593139648	-3.507505416870117	-0.0012217304902151227	0.024434609338641167	-0.004886921960860491
10.110784199999898	-7.015010833740234	5.822698593139648	-3.507505416870117	-0.0012217304902151227	0.024434609338641167	-0.004886921960860491
10.127492000000075	-7.0341644287109375	5.8203043937683105	-3.428496837615967	-0.0024434609804302454	0.021991148591041565	-0.00855211354792118
10.127523099999962	-7.0341644287109375	5.8203043937683105	-3.428496837615967	-0.0024434609804302454	0.021991148591041565	-0.00855211354792118
10.147696400000086	-7.0317702293396	5.846640586853027	-3.5266590118408203	-0.0012217304902151227	0.01710422709584236	-0.00733038317412138
10.147734599999922	-7.0317702293396	5.846640586853027	-3.5266590118408203	-0.0012217304902151227	0.01710422709584236	-0.00733038317412138
10.167614199999889	-7.041347026824951	5.805939197540283	-3.4572272300720215	0.0012217304902151227	0.006108652334660292	-0.004886921960860491
10.167646599999898	-7.041347026824951	5.805939197540283	-3.4572272300720215	0.0012217304902151227	0.006108652334660292	-0.004886921960860491
10.187449600000036	-6.98628044128418	5.825092792510986	-3.4811692237854004	0.004886921960860491	-0.0024434609804302454	-0.0024434609804302454
10.187494499999957	-6.98628044128418	5.825092792510986	-3.4811692237854004	0.004886921960860491	-0.0024434609804302454	-0.0024434609804302454
10.20713139999998	-6.971915245056152	5.853823184967041	-3.4763808250427246	0.00366519158706069	-0.009773843921720982	0.0
10.207162899999958	-6.971915245056152	5.853823184967041	-3.4763808250427246	0.00366519158706069	-0.009773843921720982	0.0
10.226557899999989	-6.955155849456787	5.829881191253662	-3.44765043258667	0.004886921960860491	-0.013439035043120384	0.0012217304902151227
10.226593599999887	-6.955155849456787	5.829881191253662	-3.44765043258667	0.004886921960860491	-0.013439035043120384	0.0012217304902151227
10.247785300000032	-6.964732646942139	5.801150798797607	-3.49314022064209	0.00366519158706069	-0.012217304669320583	0.0024434609804302454
10.247826799999984	-6.964732646942139	5.801150798797607	-3.49314022064209	0.00366519158706069	-0.012217304669320583	0.0024434609804302454
10.271283900000071	-6.964732646942139	5.779603004455566	-3.426102638244629	0.00366519158706069	-0.009773843921720982	0.0024434609804302454
10.271317299999964	-6.964732646942139	5.779603004455566	-3.426102638244629	0.00366519158706069	-0.009773843921720982	0.0024434609804302454
10.287462499999947	-7.048529624938965	5.815515995025635	-3.509899616241455	-0.0024434609804302454	-0.00733038317412138	0.0024434609804302454
10.288789299999962	-7.048529624938965	5.815515995025635	-3.509899616241455	-0.0024434609804302454	-0.00733038317412138	0.0024434609804302454
10.306366399999888	-6.983886241912842	5.810727596282959	-3.5051112174987793	-0.0012217304902151227	-0.00366519158706069	0.00366519158706069
10.309631099999933	-6.983886241912842	5.810727596282959	-3.5051112174987793	-0.0012217304902151227	-0.00366519158706069	0.00366519158706069
10.330783200000042	-6.967126846313477	5.906495571136475	-3.4404678344726562	-0.004886921960860491	-0.004886921960860491	0.00366519158706069
10.330829600000015	-6.967126846313477	5.906495571136475	-3.4404678344726562	-0.004886921960860491	-0.004886921960860491	0.00366519158706069
10.351307800000086	-6.971915245056152	5.870582580566406	-3.471592426300049	-0.0024434609804302454	-0.00733038317412138	0.00366519158706069
10.351345999999921	-6.971915245056152	5.870582580566406	-3.471592426300049	-0.0024434609804302454	-0.00733038317412138	0.00366519158706069
10.368979999999965	-7.046135425567627	5.8442463874816895	-3.4739866256713867	0.0	-0.010995574295520782	0.0024434609804302454
10.3695338	-7.046135425567627	5.8442463874816895	-3.4739866256713867	0.0	-0.010995574295520782	0.0024434609804302454
10.38831950000008	-7.010222434997559	5.810727596282959	-3.536235809326172	0.0024434609804302454	-0.01710422709584236	0.0012217304902151227
10.391049099999918	-7.010222434997559	5.810727596282959	-3.536235809326172	0.0024434609804302454	-0.01710422709584236	0.0012217304902151227
10.41124579999996	-7.005434036254883	5.882553577423096	-3.423708438873291	0.009773843921720982	-0.02076941914856434	0.0012217304902151227
10.411277100000007	-7.005434036254883	5.882553577423096	-3.423708438873291	0.009773843921720982	-0.02076941914856434	0.0012217304902151227
10.43088140000009	-7.005434036254883	5.896918773651123	-3.423708438873291	0.012217304669320583	-0.021991148591041565	0.0012217304902151227
10.4309295999999	-7.005434036254883	5.896918773651123	-3.423708438873291	0.012217304669320583	-0.021991148591041565	0.0012217304902151227
10.447137999999995	-6.97430944442749	5.872976779937744	-3.426102638244629	0.009773843921720982	-0.019547687843441963	0.0024434609804302454
10.447186500000043	-6.97430944442749	5.872976779937744	-3.426102638244629	0.009773843921720982	-0.019547687843441963	0.0024434609804302454
10.462030800000093	-6.9455790519714355	5.846640586853027	-3.3518824577331543	0.006108652334660292	-0.009773843921720982	0.0
10.462112100000013	-6.9455790519714355	5.846640586853027	-3.3518824577331543	0.006108652334660292	-0.009773843921720982	0.0
10.480551999999989	-6.97430944442749	5.937620162963867	-3.4117374420166016	0.0	0.0	-0.0012217304902151227
10.480657699999938	-6.97430944442749	5.937620162963867	-3.4117374420166016	0.0	0.0	-0.0012217304902151227
10.50089469999989	-7.0126166343688965	5.808333396911621	-3.4596214294433594	-0.006108652334660292	0.012217304669320583	-0.0024434609804302454
10.500950599999896	-7.0126166343688965	5.808333396911621	-3.4596214294433594	-0.006108652334660292	0.012217304669320583	-0.0024434609804302454
10.524333800000022	-7.024587631225586	5.827486991882324	-3.4620156288146973	-0.00733038317412138	0.021991148591041565	-0.004886921960860491
10.5243660000001	-7.024587631225586	5.827486991882324	-3.4620156288146973	-0.00733038317412138	0.021991148591041565	-0.004886921960860491
10.54841620000002	-7.038952827453613	5.774814605712891	-3.4955344200134277	-0.013439035043120384	0.024434609338641167	-0.006108652334660292
10.548468199999888	-7.038952827453613	5.774814605712891	-3.4955344200134277	-0.013439035043120384	0.024434609338641167	-0.006108652334660292
10.569830700000011	-7.0557122230529785	5.8203043937683105	-3.5625722408294678	-0.01466076634824276	0.02321287989616394	-0.004886921960860491
10.569882100000086	-7.0557122230529785	5.8203043937683105	-3.5625722408294678	-0.01466076634824276	0.02321287989616394	-0.004886921960860491
10.59306360000005	-6.952761650085449	5.942408561706543	-3.536235809326172	-0.00855211354792118	0.01466076634824276	-0.0024434609804302454
10.593094600000086	-6.952761650085449	5.942408561706543	-3.536235809326172	-0.00855211354792118	0.01466076634824276	-0.0024434609804302454
10.60780109999996	-6.98628044128418	5.87776517868042	-3.5027170181274414	-0.006108652334660292	0.0012217304902151227	-0.0012217304902151227
10.607866300000069	-6.98628044128418	5.87776517868042	-3.5027170181274414	-0.006108652334660292	0.0012217304902151227	-0.0012217304902151227
10.628219499999886	-7.01979923248291	5.849034786224365	-3.469198226928711	0.0012217304902151227	-0.012217304669320583	0.00366519158706069
10.628272299999935	-7.01979923248291	5.849034786224365	-3.469198226928711	0.0012217304902151227	-0.012217304669320583	0.00366519158706069
10.650571200000059	-6.94079065322876	5.78678560256958	-3.5003228187561035	0.009773843921720982	-0.024434609338641167	0.004886921960860491
10.65061199999991	-6.94079065322876	5.78678560256958	-3.5003228187561035	0.009773843921720982	-0.024434609338641167	0.004886921960860491
10.667681800000082	-6.94079065322876	5.861005783081055	-3.3877954483032227	0.015882495790719986	-0.02932153269648552	0.006108652334660292
10.668750199999977	-6.94079065322876	5.861005783081055	-3.3877954483032227	0.015882495790719986	-0.02932153269648552	0.006108652334660292
10.688010000000077	-7.058106422424316	5.87776517868042	-3.380612850189209	0.01466076634824276	-0.02932153269648552	0.006108652334660292
10.68805599999996	-7.058106422424316	5.87776517868042	-3.380612850189209	0.01466076634824276	-0.02932153269648552	0.006108652334660292
10.711265800000092	-6.98628044128418	5.889736175537109	-3.4165258407592773	0.006108652334660292	-0.02321287989616394	0.004886921960860491
10.711306100000002	-6.98628044128418	5.889736175537109	-3.4165258407592773	0.006108652334660292	-0.02321287989616394	0.004886921960860491
10.731024899999966	-6.98628044128418	5.889736175537109	-3.421314239501953	0.004886921960860491	-0.013439035043120384	0.00366519158706069
10.732830899999954	-6.98628044128418	5.889736175537109	-3.421314239501953	0.004886921960860491	-0.013439035043120384	0.00366519158706069
10.753109700000095	-7.0126166343688965	5.8873419761657715	-3.426102638244629	0.0	-0.00366519158706069	0.0024434609804302454
10.753161999999975	-7.0126166343688965	5.8873419761657715	-3.426102638244629	0.0	-0.00366519158706069	0.0024434609804302454
10.77035120000005	-7.026981830596924	5.875370979309082	-3.4620156288146973	-0.006108652334660292	0.00733038317412138	-0.0024434609804302454
10.770400699999982	-7.026981830596924	5.875370979309082	-3.4620156288146973	-0.006108652334660292	0.00733038317412138	-0.0024434609804302454
10.7910245999999	-7.050923824310303	5.846640586853027	-3.5194764137268066	-0.012217304669320583	0.010995574295520782	-0.004886921960860491
10.7910652999999	-7.050923824310303	5.846640586853027	-3.5194764137268066	-0.012217304669320583	0.010995574295520782	-0.004886921960860491
10.810768300000063	-7.017405033111572	5.8442463874816895	-3.4763808250427246	-0.004886921960860491	0.01466076634824276	-0.00733038317412138
10.811443099999906	-7.017405033111572	5.8442463874816895	-3.4763808250427246	-0.004886921960860491	0.01466076634824276	-0.00733038317412138
10.83145740000009	-6.952761650085449	5.904101371765137	-3.4787750244140625	0.0012217304902151227	0.010995574295520782	-0.006108652334660292
10.831496199999947	-6.952761650085449	5.904101371765137	-3.4787750244140625	0.0012217304902151227	0.010995574295520782	-0.006108652334660292
10.851699999999937	-6.904877662658691	5.8657941818237305	-3.442862033843994	0.0012217304902151227	0.00733038317412138	-0.00733038317412138
10.85177930000009	-6.904877662658691	5.8657941818237305	-3.442862033843994	0.0012217304902151227	0.00733038317412138	-0.00733038317412138
10.871378199999981	-6.931213855743408	5.846640586853027	-3.4979286193847656	-0.004886921960860491	0.00366519158706069	-0.004886921960860491
10.871432099999993	-6.931213855743408	5.846640586853027	-3.4979286193847656	-0.004886921960860491	0.00366519158706069	-0.004886921960860491
10.89175739999996	-6.98628044128418	5.829881191253662	-3.4979286193847656	-0.004886921960860491	0.0	-0.0024434609804302454
10.891811299999972	-6.98628044128418	5.829881191253662	-3.4979286193847656	-0.004886921960860491	0.0	-0.0024434609804302454
10.912108799999942	-6.962338447570801	5.837063789367676	-3.464409828186035	-0.0024434609804302454	-0.0024434609804302454	-0.0012217304902151227
10.912148200000047	-6.962338447570801	5.837063789367676	-3.464409828186035	-0.0024434609804302454	-0.0024434609804302454	-0.0012217304902151227
10.928789099999904	-6.959944248199463	5.832275390625	-3.488351821899414	-0.00366519158706069	-0.006108652334660292	0.0012217304902151227
10.928856799999949	-6.959944248199463	5.832275390625	-3.488351821899414	-0.00366519158706069	-0.006108652334660292	0.0012217304902151227
10.949415799999997	-7.024587631225586	5.896918773651123	-3.4979286193847656	-0.006108652334660292	-0.00855211354792118	0.0024434609804302454
10.949454900000092	-7.024587631225586	5.896918773651123	-3.4979286193847656	-0.006108652334660292	-0.00855211354792118	0.0024434609804302454
10.968714800000043	-7.0341644287109375	5.849034786224365	-3.471592426300049	-0.00855211354792118	-0.012217304669320583	0.0024434609804302454
10.968763200000012	-7.0341644287109375	5.849034786224365	-3.471592426300049	-0.00855211354792118	-0.012217304669320583	0.0024434609804302454
10.98849569999993	-7.079654216766357	5.839457988739014	-3.450044631958008	-0.0024434609804302454	-0.01466076634824276	0.004886921960860491
10.989401099999895	-7.079654216766357	5.839457988739014	-3.450044631958008	-0.0024434609804302454	-0.01466076634824276	0.004886921960860491
11.008675499999981	-6.9910688400268555	5.849034786224365	-3.445256233215332	0.0	-0.018325956538319588	0.004886921960860491
11.008712900000091	-6.9910688400268555	5.849034786224365	-3.445256233215332	0.0	-0.018325956538319588	0.004886921960860491
11.029256799999985	-7.0341644287109375	5.822698593139648	-3.550601005554199	-0.00366519158706069	-0.024434609338641167	0.00366519158706069
11.029299999999921	-7.0341644287109375	5.822698593139648	-3.550601005554199	-0.00366519158706069	-0.024434609338641167	0.00366519158706069
11.052243599999883	-7.007828235626221	5.803544998168945	-3.550601005554199	0.0012217304902151227	-0.02932153269648552	0.0024434609804302454
11.053501000000097	-7.007828235626221	5.803544998168945	-3.550601005554199	0.0012217304902151227	-0.02932153269648552	0.0024434609804302454
11.07372609999993	-7.050923824310303	5.8442463874816895	-3.442862033843994	0.009773843921720982	-0.03420845419168472	0.0012217304902151227
11.074896699999954	-7.050923824310303	5.8442463874816895	-3.442862033843994	0.009773843921720982	-0.03420845419168472	0.0012217304902151227
11.089533699999947	-7.017405033111572	5.87776517868042	-3.3901896476745605	0.010995574295520782	-0.03787364438176155	-0.0012217304902151227
11.090413200000057	-7.017405033111572	5.87776517868042	-3.3901896476745605	0.010995574295520782	-0.03787364438176155	-0.0012217304902151227
11.111993199999915	-7.022193431854248	5.858611583709717	-3.464409828186035	0.013439035043120384	-0.039095375686883926	0.0
11.112034799999947	-7.022193431854248	5.858611583709717	-3.464409828186035	0.013439035043120384	-0.039095375686883926	0.0
11.132398299999977	-7.058106422424316	5.892130374908447	-3.3231520652770996	0.013439035043120384	-0.039095375686883926	-0.0012217304902151227
11.132439299999987	-7.058106422424316	5.892130374908447	-3.3231520652770996	0.013439035043120384	-0.039095375686883926	-0.0012217304902151227
11.151094199999989	-7.01979923248291	5.851428985595703	-3.3518824577331543	0.009773843921720982	-0.03420845419168472	0.0
11.151125699999966	-7.01979923248291	5.851428985595703	-3.3518824577331543	0.009773843921720982	-0.03420845419168472	0.0
11.169975499999964	-7.094019412994385	5.892130374908447	-3.4524388313293457	0.006108652334660292	-0.021991148591041565	-0.0024434609804302454
11.170802399999957	-7.094019412994385	5.892130374908447	-3.4524388313293457	0.006108652334660292	-0.021991148591041565	-0.0024434609804302454
11.192623899999944	-6.979097843170166	5.880159378051758	-3.445256233215332	0.0	-0.00855211354792118	-0.004886921960860491
11.192659999999933	-6.979097843170166	5.880159378051758	-3.445256233215332	0.0	-0.00855211354792118	-0.004886921960860491
11.213188899999977	-6.9910688400268555	5.872976779937744	-3.4787750244140625	-0.0012217304902151227	0.0024434609804302454	-0.006108652334660292
11.213241500000095	-6.9910688400268555	5.872976779937744	-3.4787750244140625	-0.0012217304902151227	0.0024434609804302454	-0.006108652334660292
11.234554800000069	-7.0126166343688965	5.779603004455566	-3.4835634231567383	-0.0024434609804302454	0.013439035043120384	-0.00733038317412138
11.23460470000009	-7.0126166343688965	5.779603004455566	-3.4835634231567383	-0.0024434609804302454	0.013439035043120384	-0.00733038317412138
11.251971500000082	-7.000645637512207	5.781997203826904	-3.4572272300720215	-0.0024434609804302454	0.018325956538319588	-0.00733038317412138
11.252001900000096	-7.000645637512207	5.781997203826904	-3.4572272300720215	-0.0024434609804302454	0.018325956538319588	-0.00733038317412138
11.27180599999997	-6.98628044128418	5.791574001312256	-3.450044631958008	-0.0024434609804302454	0.019547687843441963	-0.00733038317412138
11.272402300000067	-6.98628044128418	5.791574001312256	-3.450044631958008	-0.0024434609804302454	0.019547687843441963	-0.00733038317412138
11.28887080000004	-7.026981830596924	5.858611583709717	-3.509899616241455	-0.00366519158706069	0.015882495790719986	-0.00733038317412138
11.289187399999946	-7.026981830596924	5.858611583709717	-3.509899616241455	-0.00366519158706069	0.015882495790719986	-0.00733038317412138
11.313033500000074	-6.983886241912842	5.858611583709717	-3.5386300086975098	0.0012217304902151227	0.00855211354792118	-0.00733038317412138
11.313084599999911	-6.983886241912842	5.858611583709717	-3.5386300086975098	0.0012217304902151227	0.00855211354792118	-0.00733038317412138
11.328150199999982	-7.079654216766357	5.817910194396973	-3.536235809326172	0.004886921960860491	0.0012217304902151227	-0.00733038317412138
11.328515899999957	-7.079654216766357	5.817910194396973	-3.536235809326172	0.004886921960860491	0.0012217304902151227	-0.00733038317412138
11.351150799999914	-7.0317702293396	5.853823184967041	-3.5027170181274414	0.009773843921720982	-0.00855211354792118	-0.00855211354792118
11.351181900000029	-7.0317702293396	5.853823184967041	-3.5027170181274414	0.009773843921720982	-0.00855211354792118	-0.00855211354792118
11.372944299999972	-6.9910688400268555	5.805939197540283	-3.471592426300049	0.010995574295520782	-0.01710422709584236	-0.0024434609804302454
11.373313000000053	-6.9910688400268555	5.805939197540283	-3.471592426300049	0.010995574295520782	-0.01710422709584236	-0.0024434609804302454
11.391759200000024	-6.962338447570801	5.906495571136475	-3.4572272300720215	0.012217304669320583	-0.019547687843441963	-0.0012217304902151227
11.391791000000012	-6.962338447570801	5.906495571136475	-3.4572272300720215	0.012217304669320583	-0.019547687843441963	-0.0012217304902151227
11.412002699999903	-7.029376029968262	5.779603004455566	-3.4165258407592773	0.009773843921720982	-0.019547687843441963	-0.0012217304902151227
11.412042400000018	-7.029376029968262	5.779603004455566	-3.4165258407592773	0.009773843921720982	-0.019547687843441963	-0.0012217304902151227
11.432553599999892	-7.048529624938965	5.770026206970215	-3.4380736351013184	0.009773843921720982	-0.015882495790719986	-0.004886921960860491
11.432608600000094	-7.048529624938965	5.770026206970215	-3.4380736351013184	0.009773843921720982	-0.015882495790719986	-0.004886921960860491
11.451985500000092	-7.048529624938965	5.78678560256958	-3.4548330307006836	0.00366519158706069	-0.010995574295520782	-0.006108652334660292
11.452071499999875	-7.048529624938965	5.78678560256958	-3.4548330307006836	0.00366519158706069	-0.010995574295520782	-0.006108652334660292
11.472049900000002	-6.998251438140869	5.868188381195068	-3.4787750244140625	0.0012217304902151227	-0.006108652334660292	-0.00733038317412138
11.472088799999938	-6.998251438140869	5.868188381195068	-3.4787750244140625	0.0012217304902151227	-0.006108652334660292	-0.00733038317412138
11.48995519999994	-6.967126846313477	5.805939197540283	-3.464409828186035	0.00366519158706069	-0.00366519158706069	-0.00855211354792118
11.489989899999955	-6.967126846313477	5.805939197540283	-3.464409828186035	0.00366519158706069	-0.00366519158706069	-0.00855211354792118
11.51240000000007	-7.007828235626221	5.827486991882324	-3.471592426300049	0.00366519158706069	-0.00366519158706069	-0.006108652334660292
11.512441699999954	-7.007828235626221	5.827486991882324	-3.471592426300049	0.00366519158706069	-0.00366519158706069	-0.006108652334660292
11.53228409999997	-6.976703643798828	5.832275390625	-3.4572272300720215	0.0012217304902151227	-0.004886921960860491	-0.006108652334660292
11.532336900000018	-6.976703643798828	5.832275390625	-3.4572272300720215	0.0012217304902151227	-0.004886921960860491	-0.006108652334660292
11.55194419999998	-7.046135425567627	5.793968200683594	-3.466804027557373	0.0024434609804302454	-0.00855211354792118	-0.006108652334660292
11.551979699999947	-7.046135425567627	5.793968200683594	-3.466804027557373	0.0024434609804302454	-0.00855211354792118	-0.006108652334660292
11.569134600000098	-6.98628044128418	5.827486991882324	-3.4620156288146973	0.0012217304902151227	-0.00855211354792118	-0.006108652334660292
11.569186700000046	-6.98628044128418	5.827486991882324	-3.4620156288146973	0.0012217304902151227	-0.00855211354792118	-0.006108652334660292
11.58980849999989	-7.017405033111572	5.827486991882324	-3.40216064453125	0.00366519158706069	-0.009773843921720982	-0.004886921960860491
11.589864699999907	-7.017405033111572	5.827486991882324	-3.40216064453125	0.00366519158706069	-0.009773843921720982	-0.004886921960860491
11.612065999999913	-6.97430944442749	5.870582580566406	-3.4380736351013184	0.0	-0.00733038317412138	-0.0024434609804302454
11.612104099999897	-6.97430944442749	5.870582580566406	-3.4380736351013184	0.0	-0.00733038317412138	-0.0024434609804302454
11.632418700000017	-6.998251438140869	5.793968200683594	-3.4165258407592773	-0.004886921960860491	-0.004886921960860491	-0.0012217304902151227
11.632465400000001	-6.998251438140869	5.793968200683594	-3.4165258407592773	-0.004886921960860491	-0.004886921960860491	-0.0012217304902151227
11.651640000000043	-6.98628044128418	5.8442463874816895	-3.509899616241455	-0.00855211354792118	-0.00366519158706069	0.0012217304902151227
11.651674199999889	-6.98628044128418	5.8442463874816895	-3.509899616241455	-0.00855211354792118	-0.00366519158706069	0.0012217304902151227
11.67473670000004	-6.97430944442749	5.825092792510986	-3.536235809326172	-0.00855211354792118	-0.00366519158706069	0.0
11.674773100000039	-6.97430944442749	5.825092792510986	-3.536235809326172	-0.00855211354792118	-0.00366519158706069	0.0
11.690624399999933	-7.0341644287109375	5.805939197540283	-3.5170822143554688	-0.00855211354792118	-0.004886921960860491	0.0
11.690953699999909	-7.0341644287109375	5.805939197540283	-3.5170822143554688	-0.00855211354792118	-0.004886921960860491	0.0
11.714607500000056	-7.0772600173950195	5.841852188110352	-3.490746021270752	-0.00855211354792118	-0.00855211354792118	0.0
11.7146616	-7.0772600173950195	5.841852188110352	-3.490746021270752	-0.00855211354792118	-0.00855211354792118	0.0
11.729855099999895	-7.062894821166992	5.719748020172119	-3.49314022064209	-0.006108652334660292	-0.013439035043120384	-0.0012217304902151227
11.729908600000044	-7.062894821166992	5.719748020172119	-3.49314022064209	-0.006108652334660292	-0.013439035043120384	-0.0012217304902151227
11.75169320000009	-7.072471618652344	5.750872611999512	-3.4811692237854004	-0.00366519158706069	-0.021991148591041565	0.0
11.751726400000052	-7.072471618652344	5.750872611999512	-3.4811692237854004	-0.00366519158706069	-0.021991148591041565	0.0
11.771492999999964	-6.964732646942139	5.8203043937683105	-3.512293815612793	-0.0012217304902151227	-0.0354301854968071	0.0012217304902151227
11.771523800000068	-6.964732646942139	5.8203043937683105	-3.512293815612793	-0.0012217304902151227	-0.0354301854968071	0.0012217304902151227
11.791734800000086	-7.048529624938965	5.7987565994262695	-3.450044631958008	0.00733038317412138	-0.04642575979232788	0.0024434609804302454
11.791766399999915	-7.048529624938965	5.7987565994262695	-3.450044631958008	0.00733038317412138	-0.04642575979232788	0.0024434609804302454
11.81091390000006	-6.995857238769531	5.805939197540283	-3.4141316413879395	0.00855211354792118	-0.05375614017248154	0.004886921960860491
11.810964799999965	-6.995857238769531	5.805939197540283	-3.4141316413879395	0.00855211354792118	-0.05375614017248154	0.004886921960860491
11.833294999999907	-7.017405033111572	5.839457988739014	-3.383007049560547	0.00366519158706069	-0.05497787147760391	0.00733038317412138
11.833346099999972	-7.017405033111572	5.839457988739014	-3.383007049560547	0.00366519158706069	-0.05497787147760391	0.00733038317412138
11.853570600000012	-7.086836814880371	5.870582580566406	-3.383007049560547	0.00366519158706069	-0.051312681287527084	0.006108652334660292
11.854726600000049	-7.086836814880371	5.870582580566406	-3.383007049560547	0.00366519158706069	-0.051312681287527084	0.006108652334660292
11.873974599999883	-7.043741226196289	5.774814605712891	-3.3470940589904785	0.00366519158706069	-0.04153883829712868	0.00733038317412138
11.874025000000074	-7.043741226196289	5.774814605712891	-3.3470940589904785	0.00366519158706069	-0.04153883829712868	0.00733038317412138
11.890675200000032	-7.026981830596924	5.805939197540283	-3.315969467163086	-0.00733038317412138	-0.03298672288656235	0.00733038317412138
11.891295200000059	-7.026981830596924	5.805939197540283	-3.315969467163086	-0.00733038317412138	-0.03298672288656235	0.00733038317412138
11.911235099999885	-6.947973251342773	5.810727596282959	-3.426102638244629	-0.012217304669320583	-0.024434609338641167	0.006108652334660292
11.911288100000093	-6.947973251342773	5.810727596282959	-3.426102638244629	-0.012217304669320583	-0.024434609338641167	0.006108652334660292
11.935757700000067	-7.091625213623047	5.8873419761657715	-3.464409828186035	-0.01710422709584236	-0.015882495790719986	0.004886921960860491
11.935794700000088	-7.091625213623047	5.8873419761657715	-3.464409828186035	-0.01710422709584236	-0.015882495790719986	0.004886921960860491
11.95314159999998	-7.082048416137695	5.846640586853027	-3.442862033843994	-0.013439035043120384	-0.01466076634824276	0.00366519158706069
11.953209499999957	-7.082048416137695	5.846640586853027	-3.442862033843994	-0.013439035043120384	-0.01466076634824276	0.00366519158706069
11.97072819999994	-7.0557122230529785	5.868188381195068	-3.423708438873291	-0.006108652334660292	-0.01466076634824276	0.006108652334660292
11.971655499999997	-7.0557122230529785	5.868188381195068	-3.423708438873291	-0.006108652334660292	-0.01466076634824276	0.006108652334660292
11.993308399999933	-7.048529624938965	5.841852188110352	-3.4955344200134277	-0.00366519158706069	-0.021991148591041565	0.004886921960860491
11.99365859999989	-7.048529624938965	5.841852188110352	-3.4955344200134277	-0.00366519158706069	-0.021991148591041565	0.004886921960860491
12.011257800000067	-6.964732646942139	5.880159378051758	-3.383007049560547	0.00366519158706069	-0.02932153269648552	0.006108652334660292
12.01129119999996	-6.964732646942139	5.880159378051758	-3.383007049560547	0.00366519158706069	-0.02932153269648552	0.006108652334660292
12.036183100000017	-7.058106422424316	5.796362400054932	-3.332728862762451	0.013439035043120384	-0.036651913076639175	0.00733038317412138
12.036562999999887	-7.058106422424316	5.796362400054932	-3.332728862762451	0.013439035043120384	-0.036651913076639175	0.00733038317412138
12.053429399999914	-7.0341644287109375	5.810727596282959	-3.2848446369171143	0.013439035043120384	-0.03787364438176155	0.00733038317412138
12.053480600000057	-7.0341644287109375	5.810727596282959	-3.2848446369171143	0.013439035043120384	-0.03787364438176155	0.00733038317412138
12.072611000000052	-7.003039836883545	5.861005783081055	-3.3231520652770996	0.009773843921720982	-0.03787364438176155	0.00733038317412138
12.072664199999963	-7.003039836883545	5.861005783081055	-3.3231520652770996	0.009773843921720982	-0.03787364438176155	0.00733038317412138
12.093118799999957	-7.0341644287109375	5.889736175537109	-3.3016040325164795	0.0024434609804302454	-0.03176499158143997	0.009773843921720982
12.093148500000098	-7.0341644287109375	5.889736175537109	-3.3016040325164795	0.0024434609804302454	-0.03176499158143997	0.009773843921720982
12.113926900000024	-7.046135425567627	5.954379558563232	-3.3303346633911133	0.00366519158706069	-0.02076941914856434	0.006108652334660292
12.113969700000098	-7.046135425567627	5.954379558563232	-3.3303346633911133	0.00366519158706069	-0.02076941914856434	0.006108652334660292
12.134085599999935	-7.127538681030273	5.817910194396973	-3.3303346633911133	-0.004886921960860491	-0.00855211354792118	0.006108652334660292
12.134115699999938	-7.127538681030273	5.817910194396973	-3.3303346633911133	-0.004886921960860491	-0.00855211354792118	0.006108652334660292
12.153570499999887	-7.024587631225586	5.832275390625	-3.3734302520751953	-0.010995574295520782	0.004886921960860491	0.004886921960860491
12.153614399999924	-7.024587631225586	5.832275390625	-3.3734302520751953	-0.010995574295520782	0.004886921960860491	0.004886921960860491
12.173512300000084	-6.983886241912842	5.815515995025635	-3.4117374420166016	-0.012217304669320583	0.01466076634824276	0.0024434609804302454
12.174496999999974	-6.983886241912842	5.815515995025635	-3.4117374420166016	-0.012217304669320583	0.01466076634824276	0.0024434609804302454
12.195751299999984	-7.038952827453613	5.832275390625	-3.421314239501953	-0.00733038317412138	0.01710422709584236	0.0
12.19631860000004	-7.038952827453613	5.832275390625	-3.421314239501953	-0.00733038317412138	0.01710422709584236	0.0
12.222932299999911	-7.070077419281006	5.880159378051758	-3.4165258407592773	-0.006108652334660292	0.01466076634824276	0.0
12.223965399999997	-7.070077419281006	5.880159378051758	-3.4165258407592773	-0.006108652334660292	0.01466076634824276	0.0
12.232660299999907	-7.026981830596924	5.791574001312256	-3.35667085647583	-0.00855211354792118	0.00855211354792118	0.0012217304902151227
12.232719300000099	-7.026981830596924	5.791574001312256	-3.35667085647583	-0.00855211354792118	0.00855211354792118	0.0012217304902151227
12.251292800000101	-7.043741226196289	5.805939197540283	-3.3854012489318848	-0.00733038317412138	0.0012217304902151227	0.0024434609804302454
12.251332999999931	-7.043741226196289	5.805939197540283	-3.3854012489318848	-0.00733038317412138	0.0012217304902151227	0.0024434609804302454
12.272907199999963	-7.06528902053833	5.849034786224365	-3.4141316413879395	-0.0024434609804302454	-0.00855211354792118	0.00366519158706069
12.272970700000087	-7.06528902053833	5.849034786224365	-3.4141316413879395	-0.0024434609804302454	-0.00855211354792118	0.00366519158706069
12.293865099999948	-7.048529624938965	5.861005783081055	-3.428496837615967	0.00366519158706069	-0.018325956538319588	0.00366519158706069
12.294989499999929	-7.048529624938965	5.861005783081055	-3.428496837615967	0.00366519158706069	-0.018325956538319588	0.00366519158706069
12.312996800000064	-7.053318023681641	5.851428985595703	-3.404554843902588	0.004886921960860491	-0.021991148591041565	0.0012217304902151227
12.314145300000064	-7.053318023681641	5.851428985595703	-3.404554843902588	0.004886921960860491	-0.021991148591041565	0.0012217304902151227
12.335215999999946	-7.0341644287109375	5.87776517868042	-3.339911460876465	0.004886921960860491	-0.024434609338641167	0.0024434609804302454
12.3352746999999	-7.0341644287109375	5.87776517868042	-3.339911460876465	0.004886921960860491	-0.024434609338641167	0.0024434609804302454
12.356966300000067	-6.983886241912842	5.892130374908447	-3.335123062133789	0.00366519158706069	-0.02321287989616394	0.00366519158706069
12.35699569999997	-6.983886241912842	5.892130374908447	-3.335123062133789	0.00366519158706069	-0.02321287989616394	0.00366519158706069
12.373520899999903	-7.048529624938965	5.856217384338379	-3.3231520652770996	0.0012217304902151227	-0.02076941914856434	0.006108652334660292
12.37474259999999	-7.048529624938965	5.856217384338379	-3.3231520652770996	0.0012217304902151227	-0.02076941914856434	0.006108652334660292
12.393726000000015	-6.962338447570801	5.7987565994262695	-3.3063924312591553	0.0	-0.01466076634824276	0.00366519158706069
12.394507599999997	-6.962338447570801	5.7987565994262695	-3.3063924312591553	0.0	-0.01466076634824276	0.00366519158706069
12.4135318000001	-7.058106422424316	5.772420406341553	-3.397372245788574	-0.0012217304902151227	-0.010995574295520782	0.0024434609804302454
12.414551899999879	-7.058106422424316	5.772420406341553	-3.397372245788574	-0.0012217304902151227	-0.010995574295520782	0.0024434609804302454
12.434365300000081	-7.015010833740234	5.889736175537109	-3.3470940589904785	-0.004886921960860491	-0.006108652334660292	0.0
12.434693400000015	-7.015010833740234	5.889736175537109	-3.3470940589904785	-0.004886921960860491	-0.006108652334660292	0.0
12.454607099999976	-7.0317702293396	5.856217384338379	-3.3494882583618164	-0.00366519158706069	-0.006108652334660292	-0.0012217304902151227
12.454643799999985	-7.0317702293396	5.856217384338379	-3.3494882583618164	-0.00366519158706069	-0.006108652334660292	-0.0012217304902151227
12.472521500000084	-7.017405033111572	5.815515995025635	-3.4141316413879395	-0.0012217304902151227	-0.010995574295520782	-0.0024434609804302454
12.474320300000045	-7.017405033111572	5.815515995025635	-3.4141316413879395	-0.0012217304902151227	-0.010995574295520782	-0.0024434609804302454
12.49415840000006	-7.046135425567627	5.87776517868042	-3.3423056602478027	0.0	-0.013439035043120384	-0.0024434609804302454
12.49419110000008	-7.046135425567627	5.87776517868042	-3.3423056602478027	0.0	-0.013439035043120384	-0.0024434609804302454
12.517092300000058	-7.024587631225586	5.875370979309082	-3.3662476539611816	0.006108652334660292	-0.015882495790719986	0.0
12.517141000000038	-7.024587631225586	5.875370979309082	-3.3662476539611816	0.006108652334660292	-0.015882495790719986	0.0
12.534469199999876	-7.024587631225586	5.808333396911621	-3.3734302520751953	0.00733038317412138	-0.01710422709584236	-0.0024434609804302454
12.534518499999876	-7.024587631225586	5.808333396911621	-3.3734302520751953	0.00733038317412138	-0.01710422709584236	-0.0024434609804302454
12.554591099999925	-7.067683219909668	5.863399982452393	-3.3638534545898438	0.006108652334660292	-0.013439035043120384	-0.004886921960860491
12.554621700000098	-7.067683219909668	5.863399982452393	-3.3638534545898438	0.006108652334660292	-0.013439035043120384	-0.004886921960860491
12.57361560000004	-7.053318023681641	5.858611583709717	-3.318363666534424	0.006108652334660292	-0.00733038317412138	-0.004886921960860491
12.573646399999916	-7.053318023681641	5.858611583709717	-3.318363666534424	0.006108652334660292	-0.00733038317412138	-0.004886921960860491
12.592836799999986	-6.995857238769531	5.815515995025635	-3.337517261505127	0.004886921960860491	0.0	-0.006108652334660292
12.59661189999997	-6.995857238769531	5.815515995025635	-3.337517261505127	0.004886921960860491	0.0	-0.006108652334660292
12.613539299999957	-7.041347026824951	5.805939197540283	-3.3039982318878174	0.004886921960860491	0.00733038317412138	-0.006108652334660292
12.614437199999884	-7.041347026824951	5.805939197540283	-3.3039982318878174	0.004886921960860491	0.00733038317412138	-0.006108652334660292
12.63237980000008	-7.089231014251709	5.829881191253662	-3.3494882583618164	0.0024434609804302454	0.013439035043120384	-0.00733038317412138
12.63475369999992	-7.089231014251709	5.829881191253662	-3.3494882583618164	0.0024434609804302454	0.013439035043120384	-0.00733038317412138
12.65427509999995	-7.029376029968262	5.8203043937683105	-3.3662476539611816	-0.0012217304902151227	0.019547687843441963	-0.00855211354792118
12.654747499999985	-7.029376029968262	5.8203043937683105	-3.3662476539611816	-0.0012217304902151227	0.019547687843441963	-0.00855211354792118
12.675985399999945	-7.048529624938965	5.839457988739014	-3.3446998596191406	-0.004886921960860491	0.024434609338641167	-0.004886921960860491
12.676384899999903	-7.048529624938965	5.839457988739014	-3.3446998596191406	-0.004886921960860491	0.024434609338641167	-0.004886921960860491
12.693593499999906	-6.967126846313477	5.863399982452393	-3.3255462646484375	-0.004886921960860491	0.02932153269648552	-0.00366519158706069
12.695866900000055	-6.967126846313477	5.863399982452393	-3.3255462646484375	-0.004886921960860491	0.02932153269648552	-0.00366519158706069
12.71252770000001	-6.957550048828125	5.829881191253662	-3.4141316413879395	-0.009773843921720982	0.030543262138962746	-0.00366519158706069
12.713662999999997	-6.957550048828125	5.829881191253662	-3.4141316413879395	-0.009773843921720982	0.030543262138962746	-0.00366519158706069
12.734995499999968	-7.007828235626221	5.896918773651123	-3.4548330307006836	-0.009773843921720982	0.02932153269648552	-0.00366519158706069
12.735030399999914	-7.007828235626221	5.896918773651123	-3.4548330307006836	-0.009773843921720982	0.02932153269648552	-0.00366519158706069
12.754717300000038	-7.0557122230529785	5.861005783081055	-3.442862033843994	-0.00366519158706069	0.02687807008624077	-0.0024434609804302454
12.755434100000002	-7.0557122230529785	5.861005783081055	-3.442862033843994	-0.00366519158706069	0.02687807008624077	-0.0024434609804302454
12.774623900000051	-7.06528902053833	5.772420406341553	-3.397372245788574	0.0012217304902151227	0.02076941914856434	0.0012217304902151227
12.774655200000097	-7.06528902053833	5.772420406341553	-3.397372245788574	0.0012217304902151227	0.02076941914856434	0.0012217304902151227
12.794674499999928	-7.01979923248291	5.760449409484863	-3.4117374420166016	-0.0012217304902151227	0.013439035043120384	0.0
12.795291800000086	-7.01979923248291	5.760449409484863	-3.4117374420166016	-0.0012217304902151227	0.013439035043120384	0.0
12.815359100000023	-7.022193431854248	5.858611583709717	-3.426102638244629	0.0	0.00733038317412138	0.0
12.815974899999901	-7.022193431854248	5.858611583709717	-3.426102638244629	0.0	0.00733038317412138	0.0
12.836317400000098	-7.101202011108398	5.781997203826904	-3.3925838470458984	0.00366519158706069	0.004886921960860491	0.0012217304902151227
12.837234399999943	-7.101202011108398	5.781997203826904	-3.3925838470458984	0.00366519158706069	0.004886921960860491	0.0012217304902151227
12.855992000000015	-7.036558628082275	5.839457988739014	-3.4548330307006836	0.006108652334660292	0.00366519158706069	0.004886921960860491
12.85604340000009	-7.036558628082275	5.839457988739014	-3.4548330307006836	0.006108652334660292	0.00366519158706069	0.004886921960860491
12.87433749999991	-6.995857238769531	5.8873419761657715	-3.428496837615967	0.004886921960860491	0.00366519158706069	0.004886921960860491
12.87541669999996	-6.995857238769531	5.8873419761657715	-3.428496837615967	0.004886921960860491	0.00366519158706069	0.004886921960860491
12.894613400000026	-6.933608055114746	5.861005783081055	-3.4117374420166016	0.004886921960860491	0.004886921960860491	0.00366519158706069
12.894666400000006	-6.933608055114746	5.861005783081055	-3.4117374420166016	0.004886921960860491	0.004886921960860491	0.00366519158706069
12.914586099999951	-6.993463039398193	5.87776517868042	-3.3494882583618164	0.00366519158706069	0.009773843921720982	0.0012217304902151227
12.914622000000008	-6.993463039398193	5.87776517868042	-3.3494882583618164	0.00366519158706069	0.009773843921720982	0.0012217304902151227
12.937886299999946	-6.955155849456787	5.796362400054932	-3.4332852363586426	0.0024434609804302454	0.01466076634824276	0.0012217304902151227
12.937935899999957	-6.955155849456787	5.796362400054932	-3.4332852363586426	0.0024434609804302454	0.01466076634824276	0.0012217304902151227
12.951561800000036	-7.010222434997559	5.810727596282959	-3.378218650817871	-0.00366519158706069	0.015882495790719986	-0.0012217304902151227
12.951601799999935	-7.010222434997559	5.810727596282959	-3.378218650817871	-0.00366519158706069	0.015882495790719986	-0.0012217304902151227
12.973263300000099	-7.062894821166992	5.758055210113525	-3.4811692237854004	0.0	0.012217304669320583	-0.0012217304902151227
12.973298800000066	-7.062894821166992	5.758055210113525	-3.4811692237854004	0.0	0.012217304669320583	-0.0012217304902151227
12.995981699999902	-7.062894821166992	5.805939197540283	-3.4811692237854004	-0.0012217304902151227	0.006108652334660292	0.0
12.996985999999879	-7.062894821166992	5.805939197540283	-3.4811692237854004	-0.0012217304902151227	0.006108652334660292	0.0
13.012263099999927	-7.0341644287109375	5.875370979309082	-3.4189200401306152	0.00366519158706069	-0.0024434609804302454	0.0
13.012296099999958	-7.0341644287109375	5.875370979309082	-3.4189200401306152	0.00366519158706069	-0.0024434609804302454	0.0
13.03315049999992	-7.041347026824951	5.896918773651123	-3.3854012489318848	0.012217304669320583	-0.00855211354792118	0.0012217304902151227
13.034006300000101	-7.041347026824951	5.896918773651123	-3.3854012489318848	0.012217304669320583	-0.00855211354792118	0.0012217304902151227
13.053809799999954	-6.957550048828125	5.892130374908447	-3.361459255218506	0.013439035043120384	-0.012217304669320583	0.00366519158706069
13.053863399999955	-6.957550048828125	5.892130374908447	-3.361459255218506	0.013439035043120384	-0.012217304669320583	0.00366519158706069
13.07299039999998	-7.0126166343688965	5.853823184967041	-3.4332852363586426	0.006108652334660292	-0.009773843921720982	0.0024434609804302454
13.073021500000095	-7.0126166343688965	5.853823184967041	-3.4332852363586426	0.006108652334660292	-0.009773843921720982	0.0024434609804302454
13.09192179999991	-7.0341644287109375	5.829881191253662	-3.428496837615967	0.0024434609804302454	-0.00366519158706069	0.0024434609804302454
13.092001799999935	-7.0341644287109375	5.829881191253662	-3.428496837615967	0.0024434609804302454	-0.00366519158706069	0.0024434609804302454
13.114274900000055	-7.015010833740234	5.853823184967041	-3.3662476539611816	0.004886921960860491	0.006108652334660292	0.0024434609804302454
13.11430519999999	-7.015010833740234	5.853823184967041	-3.3662476539611816	0.004886921960860491	0.006108652334660292	0.0024434609804302454
13.134918299999981	-7.0557122230529785	5.839457988739014	-3.3925838470458984	-0.0012217304902151227	0.013439035043120384	0.0012217304902151227
13.134968899999876	-7.0557122230529785	5.839457988739014	-3.3925838470458984	-0.0012217304902151227	0.013439035043120384	0.0012217304902151227
13.155913199999986	-7.036558628082275	5.791574001312256	-3.4356794357299805	0.0	0.019547687843441963	-0.0012217304902151227
13.158050100000082	-7.036558628082275	5.791574001312256	-3.4356794357299805	0.0	0.019547687843441963	-0.0012217304902151227
13.174264300000004	-7.053318023681641	5.791574001312256	-3.4332852363586426	-0.004886921960860491	0.02321287989616394	-0.00366519158706069
13.174611500000083	-7.053318023681641	5.791574001312256	-3.4332852363586426	-0.004886921960860491	0.02321287989616394	-0.00366519158706069
13.194695599999932	-7.053318023681641	5.827486991882324	-3.4763808250427246	-0.0024434609804302454	0.024434609338641167	-0.006108652334660292
13.195111700000098	-7.053318023681641	5.827486991882324	-3.4763808250427246	-0.0024434609804302454	0.024434609338641167	-0.006108652334660292
13.214985800000022	-7.06528902053833	5.767632007598877	-3.4596214294433594	-0.0024434609804302454	0.021991148591041565	-0.00733038317412138
13.215019900000016	-7.06528902053833	5.767632007598877	-3.4596214294433594	-0.0024434609804302454	0.021991148591041565	-0.00733038317412138
13.23553579999998	-6.976703643798828	5.832275390625	-3.423708438873291	-0.0024434609804302454	0.01710422709584236	-0.004886921960860491
13.235633199999938	-6.976703643798828	5.832275390625	-3.423708438873291	-0.0024434609804302454	0.01710422709584236	-0.004886921960860491
13.254889000000048	-7.022193431854248	5.7556610107421875	-3.469198226928711	-0.0024434609804302454	0.013439035043120384	-0.004886921960860491
13.255202999999938	-7.022193431854248	5.7556610107421875	-3.469198226928711	-0.0024434609804302454	0.013439035043120384	-0.004886921960860491
13.27501570000004	-6.9695210456848145	5.8657941818237305	-3.5266590118408203	-0.004886921960860491	0.012217304669320583	-0.006108652334660292
13.275880700000016	-6.9695210456848145	5.8657941818237305	-3.5266590118408203	-0.004886921960860491	0.012217304669320583	-0.006108652334660292
13.295884699999988	-6.983886241912842	5.832275390625	-3.4835634231567383	-0.006108652334660292	0.00366519158706069	-0.006108652334660292
13.296623700000055	-6.983886241912842	5.832275390625	-3.4835634231567383	-0.006108652334660292	0.00366519158706069	-0.006108652334660292
13.31821489999993	-6.976703643798828	5.789179801940918	-3.485957622528076	-0.00366519158706069	0.0	-0.00366519158706069
13.319158499999958	-6.976703643798828	5.789179801940918	-3.485957622528076	-0.00366519158706069	0.0	-0.00366519158706069
13.335534300000063	-7.0341644287109375	5.8203043937683105	-3.450044631958008	-0.0012217304902151227	-0.0024434609804302454	-0.0024434609804302454
13.335578599999963	-7.0341644287109375	5.8203043937683105	-3.450044631958008	-0.0012217304902151227	-0.0024434609804302454	-0.0024434609804302454
13.356147400000054	-6.979097843170166	5.801150798797607	-3.5051112174987793	0.0012217304902151227	-0.004886921960860491	0.0
13.356180499999937	-6.979097843170166	5.801150798797607	-3.5051112174987793	0.0012217304902151227	-0.004886921960860491	0.0
13.375536699999884	-7.007828235626221	5.801150798797607	-3.4596214294433594	0.0012217304902151227	-0.009773843921720982	0.0024434609804302454
13.375574599999936	-7.007828235626221	5.801150798797607	-3.4596214294433594	0.0012217304902151227	-0.009773843921720982	0.0024434609804302454
13.39475820000007	-6.943184852600098	5.853823184967041	-3.4093432426452637	-0.0012217304902151227	-0.012217304669320583	0.0024434609804302454
13.395908199999894	-6.943184852600098	5.853823184967041	-3.4093432426452637	-0.0012217304902151227	-0.012217304669320583	0.0024434609804302454
13.415575199999921	-6.98628044128418	5.770026206970215	-3.507505416870117	-0.0012217304902151227	-0.013439035043120384	0.0024434609804302454
13.415629999999965	-6.98628044128418	5.770026206970215	-3.507505416870117	-0.0012217304902151227	-0.013439035043120384	0.0024434609804302454
13.435446499999898	-7.022193431854248	5.813121795654297	-3.442862033843994	0.0	-0.012217304669320583	0.00366519158706069
13.435484300000098	-7.022193431854248	5.813121795654297	-3.442862033843994	0.0	-0.012217304669320583	0.00366519158706069
13.455277999999907	-7.079654216766357	5.829881191253662	-3.4572272300720215	0.0	-0.010995574295520782	0.00366519158706069
13.45562700000005	-7.079654216766357	5.829881191253662	-3.4572272300720215	0.0	-0.010995574295520782	0.00366519158706069
13.47628439999994	-6.981492042541504	5.825092792510986	-3.4763808250427246	-0.004886921960860491	-0.00855211354792118	0.0024434609804302454
13.476316700000098	-6.981492042541504	5.825092792510986	-3.4763808250427246	-0.004886921960860491	-0.00855211354792118	0.0024434609804302454
13.493218099999922	-7.003039836883545	5.837063789367676	-3.5027170181274414	-0.00733038317412138	-0.006108652334660292	0.0024434609804302454
13.493250499999931	-7.003039836883545	5.837063789367676	-3.5027170181274414	-0.00733038317412138	-0.006108652334660292	0.0024434609804302454
13.514411500000051	-7.003039836883545	5.817910194396973	-3.490746021270752	-0.00366519158706069	-0.006108652334660292	0.0012217304902151227
13.515230100000053	-7.003039836883545	5.817910194396973	-3.490746021270752	-0.00366519158706069	-0.006108652334660292	0.0012217304902151227
13.536438399999952	-6.952761650085449	5.827486991882324	-3.4739866256713867	-0.004886921960860491	-0.006108652334660292	0.0024434609804302454
13.536476799999946	-6.952761650085449	5.827486991882324	-3.4739866256713867	-0.004886921960860491	-0.006108652334660292	0.0024434609804302454
13.555702099999962	-7.010222434997559	5.822698593139648	-3.4596214294433594	-0.00733038317412138	-0.004886921960860491	0.0024434609804302454
13.556571200000008	-7.010222434997559	5.822698593139648	-3.4596214294433594	-0.00733038317412138	-0.004886921960860491	0.0024434609804302454
13.57529529999988	-7.022193431854248	5.8442463874816895	-3.4404678344726562	-0.00733038317412138	-0.0024434609804302454	0.0012217304902151227
13.575372799999968	-7.022193431854248	5.8442463874816895	-3.4404678344726562	-0.00733038317412138	-0.0024434609804302454	0.0012217304902151227
13.596212700000024	-7.062894821166992	5.882553577423096	-3.4596214294433594	-0.00733038317412138	-0.0024434609804302454	0.0
13.596269200000052	-7.062894821166992	5.882553577423096	-3.4596214294433594	-0.00733038317412138	-0.0024434609804302454	0.0
13.614551599999913	-7.079654216766357	5.851428985595703	-3.4763808250427246	-0.00733038317412138	0.0	0.0
13.614590500000077	-7.079654216766357	5.851428985595703	-3.4763808250427246	-0.00733038317412138	0.0	0.0
13.638252400000056	-6.983886241912842	5.834669589996338	-3.4524388313293457	-0.004886921960860491	0.0012217304902151227	0.0012217304902151227
13.6417335000001	-6.983886241912842	5.834669589996338	-3.4524388313293457	-0.004886921960860491	0.0012217304902151227	0.0012217304902151227
13.656346199999916	-7.010222434997559	5.772420406341553	-3.4548330307006836	-0.010995574295520782	-0.0012217304902151227	0.0012217304902151227
13.657567199999903	-7.010222434997559	5.772420406341553	-3.4548330307006836	-0.010995574295520782	-0.0012217304902151227	0.0012217304902151227
13.67675589999999	-7.060500621795654	5.904101371765137	-3.5194764137268066	-0.01466076634824276	-0.00855211354792118	-0.0012217304902151227
13.676806599999964	-7.060500621795654	5.904101371765137	-3.5194764137268066	-0.01466076634824276	-0.00855211354792118	-0.0012217304902151227
13.695260599999983	-7.029376029968262	5.872976779937744	-3.4380736351013184	-0.0024434609804302454	-0.010995574295520782	0.00366519158706069
13.695295199999919	-7.029376029968262	5.872976779937744	-3.4380736351013184	-0.0024434609804302454	-0.010995574295520782	0.00366519158706069
13.718770499999891	-7.038952827453613	5.853823184967041	-3.450044631958008	0.0	-0.01710422709584236	0.00855211354792118
13.718800800000054	-7.038952827453613	5.853823184967041	-3.450044631958008	0.0	-0.01710422709584236	0.00855211354792118
13.735712899999953	-6.98628044128418	5.9088897705078125	-3.485957622528076	0.00366519158706069	-0.019547687843441963	0.00733038317412138
13.735762900000054	-6.98628044128418	5.9088897705078125	-3.485957622528076	0.00366519158706069	-0.019547687843441963	0.00733038317412138
13.755799199999956	-7.010222434997559	5.846640586853027	-3.4308910369873047	0.00366519158706069	-0.015882495790719986	0.00733038317412138
13.755830699999933	-7.010222434997559	5.846640586853027	-3.4308910369873047	0.00366519158706069	-0.015882495790719986	0.00733038317412138
13.776911200000086	-7.041347026824951	5.815515995025635	-3.3925838470458984	0.0024434609804302454	-0.00855211354792118	0.006108652334660292
13.77696160000005	-7.041347026824951	5.815515995025635	-3.3925838470458984	0.0024434609804302454	-0.00855211354792118	0.006108652334660292
13.798080300000038	-7.0126166343688965	5.815515995025635	-3.3662476539611816	-0.004886921960860491	-0.0012217304902151227	0.00366519158706069
13.79811339999992	-7.0126166343688965	5.815515995025635	-3.3662476539611816	-0.004886921960860491	-0.0012217304902151227	0.00366519158706069
13.8156077000001	-7.024587631225586	5.839457988739014	-3.406949043273926	-0.009773843921720982	0.004886921960860491	0.0
13.815662900000007	-7.024587631225586	5.839457988739014	-3.406949043273926	-0.009773843921720982	0.004886921960860491	0.0
13.838311900000008	-7.015010833740234	5.781997203826904	-3.4596214294433594	-0.006108652334660292	0.006108652334660292	-0.0012217304902151227
13.838362899999993	-7.015010833740234	5.781997203826904	-3.4596214294433594	-0.006108652334660292	0.006108652334660292	-0.0012217304902151227
13.85564290000002	-7.060500621795654	5.87776517868042	-3.445256233215332	-0.00733038317412138	0.0024434609804302454	0.0
13.856481999999914	-7.060500621795654	5.87776517868042	-3.445256233215332	-0.00733038317412138	0.0024434609804302454	0.0
13.87757089999991	-7.0317702293396	5.916072368621826	-3.471592426300049	-0.00366519158706069	-0.00366519158706069	0.0012217304902151227
13.877618600000005	-7.0317702293396	5.916072368621826	-3.471592426300049	-0.00366519158706069	-0.00366519158706069	0.0012217304902151227
13.898537499999975	-7.0772600173950195	5.870582580566406	-3.4548330307006836	0.004886921960860491	-0.006108652334660292	0.0024434609804302454
13.898571499999889	-7.0772600173950195	5.870582580566406	-3.4548330307006836	0.004886921960860491	-0.006108652334660292	0.0024434609804302454
13.915751199999931	-6.983886241912842	5.894524574279785	-3.4620156288146973	0.00366519158706069	-0.00733038317412138	0.00366519158706069
13.915800600000011	-6.983886241912842	5.894524574279785	-3.4620156288146973	0.00366519158706069	-0.00733038317412138	0.00366519158706069
13.936796799999911	-7.024587631225586	5.851428985595703	-3.421314239501953	0.0012217304902151227	-0.004886921960860491	0.00366519158706069
13.93719299999998	-7.024587631225586	5.851428985595703	-3.421314239501953	0.0012217304902151227	-0.004886921960860491	0.00366519158706069
13.956409699999995	-7.005434036254883	5.758055210113525	-3.426102638244629	0.0	-0.0012217304902151227	0.004886921960860491
13.956589200000053	-7.005434036254883	5.758055210113525	-3.426102638244629	0.0	-0.0012217304902151227	0.004886921960860491
13.97435029999997	-7.0341644287109375	5.789179801940918	-3.4380736351013184	-0.006108652334660292	0.00366519158706069	0.004886921960860491
13.978827899999942	-7.0341644287109375	5.789179801940918	-3.4380736351013184	-0.006108652334660292	0.00366519158706069	0.004886921960860491
13.994382300000098	-6.981492042541504	5.899312973022461	-3.471592426300049	-0.00855211354792118	0.00855211354792118	0.004886921960860491
13.994440799999893	-6.981492042541504	5.899312973022461	-3.471592426300049	-0.00855211354792118	0.00855211354792118	0.004886921960860491
14.015749899999946	-6.988674640655518	5.851428985595703	-3.488351821899414	-0.009773843921720982	0.009773843921720982	0.0024434609804302454
14.015782299999955	-6.988674640655518	5.851428985595703	-3.488351821899414	-0.009773843921720982	0.009773843921720982	0.0024434609804302454
14.038979400000017	-7.072471618652344	5.8442463874816895	-3.488351821899414	-0.00733038317412138	0.00733038317412138	0.0024434609804302454
14.039014400000042	-7.072471618652344	5.8442463874816895	-3.488351821899414	-0.00733038317412138	0.00733038317412138	0.0024434609804302454
14.056163799999922	-7.060500621795654	5.851428985595703	-3.557783842086792	-0.006108652334660292	0.00366519158706069	0.0012217304902151227
14.056759199999988	-7.060500621795654	5.851428985595703	-3.557783842086792	-0.006108652334660292	0.00366519158706069	0.0012217304902151227
14.078330399999913	-7.005434036254883	5.767632007598877	-3.4739866256713867	-0.0024434609804302454	-0.00366519158706069	-0.0012217304902151227
14.078389699999889	-7.005434036254883	5.767632007598877	-3.4739866256713867	-0.0024434609804302454	-0.00366519158706069	-0.0012217304902151227
14.098428699999886	-6.971915245056152	5.87776517868042	-3.4787750244140625	0.0024434609804302454	-0.013439035043120384	-0.0012217304902151227
14.098499499999889	-6.971915245056152	5.87776517868042	-3.4787750244140625	0.0024434609804302454	-0.013439035043120384	-0.0012217304902151227
14.117669299999989	-7.003039836883545	5.8657941818237305	-3.531447410583496	0.004886921960860491	-0.021991148591041565	-0.0012217304902151227
14.118606100000079	-7.003039836883545	5.8657941818237305	-3.531447410583496	0.004886921960860491	-0.021991148591041565	-0.0012217304902151227
14.136357599999883	-6.967126846313477	5.875370979309082	-3.4524388313293457	0.00733038317412138	-0.02687807008624077	0.0
14.136451500000021	-6.967126846313477	5.875370979309082	-3.4524388313293457	0.00733038317412138	-0.02687807008624077	0.0
14.156828500000074	-6.94079065322876	5.8657941818237305	-3.466804027557373	0.010995574295520782	-0.02932153269648552	0.0024434609804302454
14.15690010000003	-6.94079065322876	5.8657941818237305	-3.466804027557373	0.010995574295520782	-0.02932153269648552	0.0024434609804302454
14.17566499999998	-7.029376029968262	5.875370979309082	-3.445256233215332	0.00733038317412138	-0.02687807008624077	0.004886921960860491
14.175694199999953	-7.029376029968262	5.875370979309082	-3.445256233215332	0.00733038317412138	-0.02687807008624077	0.004886921960860491
14.196974400000045	-7.003039836883545	5.7987565994262695	-3.423708438873291	-0.0024434609804302454	-0.02076941914856434	0.004886921960860491
14.1970045999999	-7.003039836883545	5.7987565994262695	-3.423708438873291	-0.0024434609804302454	-0.02076941914856434	0.004886921960860491
14.216027899999972	-6.976703643798828	5.851428985595703	-3.4189200401306152	-0.0024434609804302454	-0.012217304669320583	0.00366519158706069
14.216056600000002	-6.976703643798828	5.851428985595703	-3.4189200401306152	-0.0024434609804302454	-0.012217304669320583	0.00366519158706069
14.237553599999956	-7.058106422424316	5.832275390625	-3.4763808250427246	-0.004886921960860491	-0.006108652334660292	0.0012217304902151227
14.237587600000097	-7.058106422424316	5.832275390625	-3.4763808250427246	-0.004886921960860491	-0.006108652334660292	0.0012217304902151227
14.257194099999879	-7.0341644287109375	5.822698593139648	-3.471592426300049	-0.00733038317412138	0.0	0.0
14.257262800000035	-7.0341644287109375	5.822698593139648	-3.471592426300049	-0.00733038317412138	0.0	0.0
14.279054000000087	-7.053318023681641	5.856217384338379	-3.488351821899414	-0.004886921960860491	0.0	-0.0012217304902151227
14.279121699999905	-7.053318023681641	5.856217384338379	-3.488351821899414	-0.004886921960860491	0.0	-0.0012217304902151227
14.297687100000076	-6.981492042541504	5.8442463874816895	-3.529053211212158	0.0012217304902151227	-0.00366519158706069	0.0
14.297719400000005	-6.981492042541504	5.8442463874816895	-3.529053211212158	0.0012217304902151227	-0.00366519158706069	0.0
14.31763049999995	-7.0126166343688965	5.793968200683594	-3.49314022064209	0.0024434609804302454	-0.00855211354792118	0.0024434609804302454
14.317659699999922	-7.0126166343688965	5.793968200683594	-3.49314022064209	0.0024434609804302454	-0.00855211354792118	0.0024434609804302454
14.337129900000036	-6.957550048828125	5.772420406341553	-3.4763808250427246	0.00366519158706069	-0.013439035043120384	0.0024434609804302454
14.337159400000019	-6.957550048828125	5.772420406341553	-3.4763808250427246	0.00366519158706069	-0.013439035043120384	0.0024434609804302454
14.3570694	-6.979097843170166	5.8203043937683105	-3.4787750244140625	0.0012217304902151227	-0.015882495790719986	0.0024434609804302454
14.357137599999987	-6.979097843170166	5.8203043937683105	-3.4787750244140625	0.0012217304902151227	-0.015882495790719986	0.0024434609804302454
14.376808700000083	-6.995857238769531	5.839457988739014	-3.445256233215332	0.0012217304902151227	-0.01710422709584236	0.0024434609804302454
14.378118699999959	-6.995857238769531	5.839457988739014	-3.445256233215332	0.0012217304902151227	-0.01710422709584236	0.0024434609804302454
14.396331500000088	-7.062894821166992	5.837063789367676	-3.4141316413879395	-0.0012217304902151227	-0.015882495790719986	0.0012217304902151227
14.397316300000057	-7.062894821166992	5.837063789367676	-3.4141316413879395	-0.0012217304902151227	-0.015882495790719986	0.0012217304902151227
14.418503699999974	-6.981492042541504	5.827486991882324	-3.4356794357299805	-0.0024434609804302454	-0.01466076634824276	0.0012217304902151227
14.418532599999935	-6.981492042541504	5.827486991882324	-3.4356794357299805	-0.0024434609804302454	-0.01466076634824276	0.0012217304902151227
14.439696299999923	-7.0341644287109375	5.896918773651123	-3.442862033843994	0.0012217304902151227	-0.012217304669320583	0.0012217304902151227
14.439725499999895	-7.0341644287109375	5.896918773651123	-3.442862033843994	0.0012217304902151227	-0.012217304669320583	0.0012217304902151227
14.456295799999907	-6.962338447570801	5.817910194396973	-3.3686418533325195	0.00366519158706069	-0.012217304669320583	0.0024434609804302454
14.456324300000006	-6.962338447570801	5.817910194396973	-3.3686418533325195	0.00366519158706069	-0.012217304669320583	0.0024434609804302454
14.477742600000056	-7.036558628082275	5.875370979309082	-3.4572272300720215	-0.0024434609804302454	-0.010995574295520782	0.00366519158706069
14.477773099999922	-7.036558628082275	5.875370979309082	-3.4572272300720215	-0.0024434609804302454	-0.010995574295520782	0.00366519158706069
14.495767599999908	-6.952761650085449	5.813121795654297	-3.469198226928711	-0.009773843921720982	-0.01466076634824276	0.0024434609804302454
14.49579749999998	-6.952761650085449	5.813121795654297	-3.469198226928711	-0.009773843921720982	-0.01466076634824276	0.0024434609804302454
14.516159000000016	-7.074865818023682	5.846640586853027	-3.4380736351013184	-0.006108652334660292	-0.01466076634824276	0.004886921960860491
14.517069999999876	-7.074865818023682	5.846640586853027	-3.4380736351013184	-0.006108652334660292	-0.01466076634824276	0.004886921960860491
14.536499800000001	-7.0126166343688965	5.837063789367676	-3.4811692237854004	0.0	-0.01466076634824276	0.006108652334660292
14.537842100000034	-7.0126166343688965	5.837063789367676	-3.4811692237854004	0.0	-0.01466076634824276	0.006108652334660292
14.55675969999993	-7.029376029968262	5.880159378051758	-3.471592426300049	-0.0024434609804302454	-0.018325956538319588	0.00733038317412138
14.55806890000008	-7.029376029968262	5.880159378051758	-3.471592426300049	-0.0024434609804302454	-0.018325956538319588	0.00733038317412138
14.577106299999969	-6.947973251342773	5.78678560256958	-3.421314239501953	-0.00366519158706069	-0.019547687843441963	0.004886921960860491
14.57713519999993	-6.947973251342773	5.78678560256958	-3.421314239501953	-0.00366519158706069	-0.019547687843441963	0.004886921960860491
14.600093999999899	-7.060500621795654	5.884947776794434	-3.469198226928711	0.0024434609804302454	-0.019547687843441963	0.006108652334660292
14.6012975000001	-7.060500621795654	5.884947776794434	-3.469198226928711	0.0024434609804302454	-0.019547687843441963	0.006108652334660292
14.614946500000087	-6.957550048828125	5.7772088050842285	-3.4572272300720215	0.0024434609804302454	-0.018325956538319588	0.004886921960860491
14.614973499999905	-6.957550048828125	5.7772088050842285	-3.4572272300720215	0.0024434609804302454	-0.018325956538319588	0.004886921960860491
14.637118800000053	-7.022193431854248	5.832275390625	-3.406949043273926	0.0	-0.02076941914856434	0.00366519158706069
14.638417599999912	-7.022193431854248	5.832275390625	-3.406949043273926	0.0	-0.02076941914856434	0.00366519158706069
14.65521220000005	-7.000645637512207	5.853823184967041	-3.4596214294433594	0.0	-0.02321287989616394	0.00366519158706069
14.655855400000064	-7.000645637512207	5.853823184967041	-3.4596214294433594	0.0	-0.02321287989616394	0.00366519158706069
14.67684589999999	-6.938396453857422	5.872976779937744	-3.466804027557373	0.0	-0.02687807008624077	0.004886921960860491
14.678524200000084	-6.938396453857422	5.872976779937744	-3.466804027557373	0.0	-0.02687807008624077	0.004886921960860491
14.696589700000004	-6.995857238769531	5.851428985595703	-3.4404678344726562	0.0012217304902151227	-0.02687807008624077	0.004886921960860491
14.697946699999875	-6.995857238769531	5.851428985595703	-3.4404678344726562	0.0012217304902151227	-0.02687807008624077	0.004886921960860491
14.716896099999985	-7.017405033111572	5.851428985595703	-3.4356794357299805	-0.0012217304902151227	-0.02687807008624077	0.006108652334660292
14.71893389999991	-7.017405033111572	5.851428985595703	-3.4356794357299805	-0.0012217304902151227	-0.02687807008624077	0.006108652334660292
14.73571250000009	-7.026981830596924	5.861005783081055	-3.471592426300049	-0.0012217304902151227	-0.02687807008624077	0.004886921960860491
14.73634519999996	-7.026981830596924	5.861005783081055	-3.471592426300049	-0.0012217304902151227	-0.02687807008624077	0.004886921960860491
14.7589210000001	-7.026981830596924	5.880159378051758	-3.4811692237854004	0.0012217304902151227	-0.024434609338641167	0.00366519158706069
14.759965799999918	-7.026981830596924	5.880159378051758	-3.4811692237854004	0.0012217304902151227	-0.024434609338641167	0.00366519158706069
14.776203399999986	-7.0557122230529785	5.8657941818237305	-3.4380736351013184	0.0024434609804302454	-0.024434609338641167	0.004886921960860491
14.777994099999887	-7.0557122230529785	5.8657941818237305	-3.4380736351013184	0.0024434609804302454	-0.024434609338641167	0.004886921960860491
14.798780699999952	-6.957550048828125	5.872976779937744	-3.399766445159912	0.004886921960860491	-0.021991148591041565	0.00366519158706069
14.798848899999939	-6.957550048828125	5.872976779937744	-3.399766445159912	0.004886921960860491	-0.021991148591041565	0.00366519158706069
14.817688599999883	-6.9910688400268555	5.832275390625	-3.4165258407592773	0.0012217304902151227	-0.019547687843441963	0.004886921960860491
14.818469900000082	-6.9910688400268555	5.832275390625	-3.4165258407592773	0.0012217304902151227	-0.019547687843441963	0.004886921960860491
14.837134800000058	-6.964732646942139	5.8657941818237305	-3.399766445159912	0.0012217304902151227	-0.01710422709584236	0.0024434609804302454
14.837166999999909	-6.964732646942139	5.8657941818237305	-3.399766445159912	0.0012217304902151227	-0.01710422709584236	0.0024434609804302454
14.857242099999894	-7.062894821166992	5.863399982452393	-3.44765043258667	-0.0012217304902151227	-0.01466076634824276	0.0
14.858357800000022	-7.062894821166992	5.863399982452393	-3.44765043258667	-0.0012217304902151227	-0.01466076634824276	0.0
14.876464400000032	-7.06528902053833	5.884947776794434	-3.426102638244629	-0.006108652334660292	-0.010995574295520782	-0.0012217304902151227
14.877434999999878	-7.06528902053833	5.884947776794434	-3.426102638244629	-0.006108652334660292	-0.010995574295520782	-0.0012217304902151227
14.899310100000093	-7.067683219909668	5.858611583709717	-3.464409828186035	-0.006108652334660292	-0.009773843921720982	-0.0024434609804302454
14.899355000000014	-7.067683219909668	5.858611583709717	-3.464409828186035	-0.006108652334660292	-0.009773843921720982	-0.0024434609804302454
14.92076760000009	-7.0126166343688965	5.889736175537109	-3.3949780464172363	-0.006108652334660292	-0.00733038317412138	-0.004886921960860491
14.921599699999888	-7.0126166343688965	5.889736175537109	-3.3949780464172363	-0.006108652334660292	-0.00733038317412138	-0.004886921960860491
14.93866469999989	-7.062894821166992	5.975927352905273	-3.4380736351013184	-0.004886921960860491	-0.006108652334660292	-0.006108652334660292
14.938695300000063	-7.062894821166992	5.975927352905273	-3.4380736351013184	-0.004886921960860491	-0.006108652334660292	-0.006108652334660292
14.957179600000018	-7.180211067199707	5.918466567993164	-3.4620156288146973	0.0012217304902151227	-0.006108652334660292	-0.010995574295520782
14.95846349999988	-7.180211067199707	5.918466567993164	-3.4620156288146973	0.0012217304902151227	-0.006108652334660292	-0.010995574295520782
14.97731060000001	-7.132327079772949	5.947196960449219	-3.3925838470458984	0.015882495790719986	0.004886921960860491	-0.024434609338641167
14.97886420000009	-7.132327079772949	5.947196960449219	-3.3925838470458984	0.015882495790719986	0.004886921960860491	-0.024434609338641167
14.996658499999967	-7.067683219909668	6.045359134674072	-3.531447410583496	0.0024434609804302454	0.01466076634824276	-0.030543262138962746
14.99762009999995	-7.067683219909668	6.045359134674072	-3.531447410583496	0.0024434609804302454	0.01466076634824276	-0.030543262138962746
15.019352399999889	-6.988674640655518	5.954379558563232	-3.6128504276275635	-0.01710422709584236	0.012217304669320583	-0.042760565876960754
15.019385000000057	-6.988674640655518	5.954379558563232	-3.6128504276275635	-0.01710422709584236	0.012217304669320583	-0.042760565876960754
15.039299300000039	-6.890512466430664	5.770026206970215	-3.6080620288848877	-0.009773843921720982	0.03420845419168472	-0.0659734457731247
15.039327700000058	-6.890512466430664	5.770026206970215	-3.6080620288848877	-0.009773843921720982	0.03420845419168472	-0.0659734457731247
15.058050399999956	-6.797138690948486	5.817910194396973	-3.44765043258667	-0.024434609338641167	0.0403171069920063	-0.07696902006864548
15.059377399999903	-6.797138690948486	5.817910194396973	-3.44765043258667	-0.024434609338641167	0.0403171069920063	-0.07696902006864548
15.079418799999985	-6.596025466918945	5.8657941818237305	-3.3039982318878174	-0.006108652334660292	0.0403171069920063	-0.06108652427792549
15.079446899999994	-6.596025466918945	5.8657941818237305	-3.3039982318878174	-0.006108652334660292	0.0403171069920063	-0.06108652427792549
15.097009000000071	-6.607996463775635	5.5329999923706055	-3.421314239501953	-0.05497787147760391	0.02076941914856434	-0.021991148591041565
15.097076399999878	-6.607996463775635	5.5329999923706055	-3.421314239501953	-0.05497787147760391	0.02076941914856434	-0.021991148591041565
15.118409500000098	-7.005434036254883	5.319916248321533	-3.3734302520751953	-0.07819075137376785	0.00733038317412138	-0.00855211354792118
15.118482099999937	-7.005434036254883	5.319916248321533	-3.3734302520751953	-0.07819075137376785	0.00733038317412138	-0.00855211354792118
15.139491399999997	-7.2137298583984375	5.463568210601807	-3.550601005554199	-0.09162978827953339	-0.021991148591041565	-0.0024434609804302454
15.139547900000025	-7.2137298583984375	5.463568210601807	-3.550601005554199	-0.09162978827953339	-0.021991148591041565	-0.0024434609804302454
15.158174500000086	-7.350199222564697	5.710171222686768	-3.584120035171509	-0.0659734457731247	-0.04764748737215996	-0.00366519158706069
15.15899760000002	-7.350199222564697	5.710171222686768	-3.584120035171509	-0.0659734457731247	-0.04764748737215996	-0.00366519158706069
15.17823129999988	-7.328651428222656	5.963956356048584	-3.5386300086975098	-0.024434609338641167	-0.08429940044879913	0.00855211354792118
15.178280500000028	-7.328651428222656	5.963956356048584	-3.5386300086975098	-0.024434609338641167	-0.08429940044879913	0.00855211354792118
15.199473399999988	-7.2113356590271	6.009446144104004	-3.5194764137268066	0.02321287989616394	-0.10995574295520782	0.018325956538319588
15.199504499999875	-7.2113356590271	6.009446144104004	-3.5194764137268066	0.02321287989616394	-0.10995574295520782	0.018325956538319588
15.218314899999996	-7.132327079772949	5.9304375648498535	-3.3901896476745605	0.051312681287527084	-0.12461651116609573	0.03176499158143997
15.218998300000067	-7.132327079772949	5.9304375648498535	-3.3901896476745605	0.051312681287527084	-0.12461651116609573	0.03176499158143997
15.24033129999998	-7.086836814880371	5.851428985595703	-3.1866824626922607	0.04764748737215996	-0.11972958594560623	0.03176499158143997
15.241801099999975	-7.086836814880371	5.851428985595703	-3.1866824626922607	0.04764748737215996	-0.11972958594560623	0.03176499158143997
15.258778599999914	-7.0317702293396	5.829881191253662	-3.004723072052002	0.04398229718208313	-0.09529497474431992	0.019547687843441963
15.259812999999895	-7.0317702293396	5.829881191253662	-3.004723072052002	0.04398229718208313	-0.09529497474431992	0.019547687843441963
15.278827200000023	-6.998251438140869	5.904101371765137	-2.9472622871398926	0.025656340643763542	-0.06352998316287994	0.00366519158706069
15.279914899999994	-6.998251438140869	5.904101371765137	-2.9472622871398926	0.025656340643763542	-0.06352998316287994	0.00366519158706069
15.298009000000093	-6.995857238769531	5.983109951019287	-3.043030261993408	-0.00733038317412138	-0.018325956538319588	-0.009773843921720982
15.298975500000097	-6.995857238769531	5.983109951019287	-3.043030261993408	-0.00733038317412138	-0.018325956538319588	-0.009773843921720982
15.320247800000061	-7.0557122230529785	6.026205539703369	-3.1723172664642334	-0.04764748737215996	0.02932153269648552	-0.01466076634824276
15.320277099999885	-7.0557122230529785	6.026205539703369	-3.1723172664642334	-0.04764748737215996	0.02932153269648552	-0.01466076634824276
15.340131500000098	-7.082048416137695	5.947196960449219	-3.2130186557769775	-0.08429940044879913	0.08185594528913498	-0.018325956538319588
15.340160799999921	-7.082048416137695	5.947196960449219	-3.2130186557769775	-0.08429940044879913	0.08185594528913498	-0.018325956538319588
15.36122690000002	-7.050923824310303	5.858611583709717	-3.442862033843994	-0.10995574295520782	0.1258382350206375	-0.018325956538319588
15.361256099999991	-7.050923824310303	5.858611583709717	-3.442862033843994	-0.10995574295520782	0.1258382350206375	-0.018325956538319588
15.380105199999889	-6.955155849456787	5.793968200683594	-3.471592426300049	-0.12095131725072861	0.14538592100143433	-0.012217304669320583
15.380132499999945	-6.955155849456787	5.793968200683594	-3.471592426300049	-0.12095131725072861	0.14538592100143433	-0.012217304669320583
15.400004300000091	-6.938396453857422	5.676652431488037	-3.397372245788574	-0.10751228034496307	0.14782938361167908	-0.006108652334660292
15.40146690000006	-6.938396453857422	5.676652431488037	-3.397372245788574	-0.10751228034496307	0.14782938361167908	-0.006108652334660292
15.419878799999879	-6.962338447570801	5.705382823944092	-3.4620156288146973	-0.09529497474431992	0.12461651116609573	0.0
15.419906200000014	-6.962338447570801	5.705382823944092	-3.4620156288146973	-0.09529497474431992	0.12461651116609573	0.0
15.438891600000034	-7.0557122230529785	5.652710437774658	-3.5410242080688477	-0.07941248267889023	0.09529497474431992	0.0012217304902151227
15.439899700000069	-7.0557122230529785	5.652710437774658	-3.5410242080688477	-0.07941248267889023	0.09529497474431992	0.0012217304902151227
15.459262500000023	-7.115567684173584	5.681440830230713	-3.552995204925537	-0.06108652427792549	0.04886921867728233	0.006108652334660292
15.45996480000008	-7.115567684173584	5.681440830230713	-3.552995204925537	-0.06108652427792549	0.04886921867728233	0.006108652334660292
15.478269199999886	-7.216124057769775	5.813121795654297	-3.490746021270752	-0.036651913076639175	-0.0024434609804302454	0.009773843921720982
15.479941900000085	-7.216124057769775	5.813121795654297	-3.490746021270752	-0.036651913076639175	-0.0024434609804302454	0.009773843921720982
15.499421299999995	-7.079654216766357	5.822698593139648	-3.450044631958008	-0.021991148591041565	-0.05497787147760391	0.01710422709584236
15.499459800000068	-7.079654216766357	5.822698593139648	-3.450044631958008	-0.021991148591041565	-0.05497787147760391	0.01710422709584236
15.51950910000005	-7.007828235626221	5.825092792510986	-3.423708438873291	-0.01466076634824276	-0.09407325088977814	0.02687807008624077
15.519539200000054	-7.007828235626221	5.825092792510986	-3.423708438873291	-0.01466076634824276	-0.09407325088977814	0.02687807008624077
15.542985199999976	-7.0126166343688965	5.849034786224365	-3.4165258407592773	-0.015882495790719986	-0.1258382350206375	0.030543262138962746
15.543059699999958	-7.0126166343688965	5.849034786224365	-3.4165258407592773	-0.015882495790719986	-0.1258382350206375	0.030543262138962746
15.561333699999977	-6.931213855743408	5.8657941818237305	-3.383007049560547	0.0	-0.13927727937698364	0.028099801391363144
15.561883800000032	-6.931213855743408	5.8657941818237305	-3.383007049560547	0.0	-0.13927727937698364	0.028099801391363144
15.580516100000068	-6.988674640655518	5.954379558563232	-3.2321722507476807	0.009773843921720982	-0.13927727937698364	0.02687807008624077
15.580547999999908	-6.988674640655518	5.954379558563232	-3.2321722507476807	0.009773843921720982	-0.13927727937698364	0.02687807008624077
15.600052699999878	-7.015010833740234	5.841852188110352	-3.205836057662964	-0.00366519158706069	-0.12828169763088226	0.02687807008624077
15.600084899999956	-7.015010833740234	5.841852188110352	-3.205836057662964	-0.00366519158706069	-0.12828169763088226	0.02687807008624077
15.619923400000062	-6.976703643798828	5.796362400054932	-3.1890766620635986	-0.0354301854968071	-0.11239920556545258	0.021991148591041565
15.619959599999902	-6.976703643798828	5.796362400054932	-3.1890766620635986	-0.0354301854968071	-0.11239920556545258	0.021991148591041565
15.64132410000002	-7.038952827453613	5.928043365478516	-3.1723172664642334	-0.036651913076639175	-0.10018189996480942	0.01466076634824276
15.641358800000035	-7.038952827453613	5.928043365478516	-3.1723172664642334	-0.036651913076639175	-0.10018189996480942	0.01466076634824276
15.659087100000079	-7.060500621795654	5.971138954162598	-3.1866824626922607	-0.02076941914856434	-0.09407325088977814	0.00855211354792118
15.660882899999933	-7.060500621795654	5.971138954162598	-3.1866824626922607	-0.02076941914856434	-0.09407325088977814	0.00855211354792118
15.678689899999881	-7.101202011108398	5.8203043937683105	-3.1196448802948	-0.009773843921720982	-0.09773843735456467	-0.0012217304902151227
15.680925399999978	-7.101202011108398	5.8203043937683105	-3.1196448802948	-0.009773843921720982	-0.09773843735456467	-0.0012217304902151227
15.700636999999915	-7.175422668457031	5.9088897705078125	-3.1244332790374756	0.0012217304902151227	-0.10751228034496307	-0.009773843921720982
15.700687399999879	-7.175422668457031	5.9088897705078125	-3.1244332790374756	0.0012217304902151227	-0.10751228034496307	-0.009773843921720982
15.722880999999916	-7.204153060913086	5.916072368621826	-3.1268274784088135	0.006108652334660292	-0.11850785464048386	-0.018325956538319588
15.723719699999947	-7.204153060913086	5.916072368621826	-3.1268274784088135	0.006108652334660292	-0.11850785464048386	-0.018325956538319588
15.739932700000054	-7.201758861541748	5.935225963592529	-3.138798475265503	0.021991148591041565	-0.12217304855585098	-0.024434609338641167
15.73998759999995	-7.201758861541748	5.935225963592529	-3.138798475265503	0.021991148591041565	-0.12217304855585098	-0.024434609338641167
15.760108499999887	-7.137115478515625	6.011840343475342	-3.090914487838745	0.03787364438176155	-0.1160643994808197	-0.024434609338641167
15.760142000000087	-7.137115478515625	6.011840343475342	-3.090914487838745	0.03787364438176155	-0.1160643994808197	-0.024434609338641167
15.780479300000025	-7.091625213623047	6.078877925872803	-3.0166940689086914	0.0403171069920063	-0.09651670604944229	-0.021991148591041565
15.780512399999907	-7.091625213623047	6.078877925872803	-3.0166940689086914	0.0403171069920063	-0.09651670604944229	-0.021991148591041565
15.798995200000036	-7.041347026824951	6.157886981964111	-3.026270866394043	0.021991148591041565	-0.06841690838336945	-0.025656340643763542
15.799792499999967	-7.041347026824951	6.157886981964111	-3.026270866394043	0.021991148591041565	-0.06841690838336945	-0.025656340643763542
15.819917600000053	-7.053318023681641	6.1315507888793945	-3.0765492916107178	0.0024434609804302454	-0.03298672288656235	-0.02932153269648552
15.820640700000013	-7.053318023681641	6.1315507888793945	-3.0765492916107178	0.0024434609804302454	-0.03298672288656235	-0.02932153269648552
15.840294099999937	-7.1251444816589355	5.95677375793457	-3.071760892868042	-0.009773843921720982	0.00855211354792118	-0.03298672288656235
15.840547100000094	-7.1251444816589355	5.95677375793457	-3.071760892868042	-0.009773843921720982	0.00855211354792118	-0.03298672288656235
15.860377799999924	-7.110779285430908	5.92325496673584	-3.134010076522827	-0.02321287989616394	0.04398229718208313	-0.039095375686883926
15.86041380000006	-7.110779285430908	5.92325496673584	-3.134010076522827	-0.02321287989616394	0.04398229718208313	-0.039095375686883926
15.885635999999977	-7.141903877258301	5.827486991882324	-3.090914487838745	-0.028099801391363144	0.06719517707824707	-0.042760565876960754
15.88569490000009	-7.141903877258301	5.827486991882324	-3.090914487838745	-0.028099801391363144	0.06719517707824707	-0.042760565876960754
15.89944289999994	-7.184999465942383	5.7772088050842285	-3.1675288677215576	-0.024434609338641167	0.07819075137376785	-0.04886921867728233
15.900458300000082	-7.184999465942383	5.7772088050842285	-3.1675288677215576	-0.024434609338641167	0.07819075137376785	-0.04886921867728233
15.931127300000071	-7.182605266571045	5.822698593139648	-3.272873640060425	-0.019547687843441963	0.07819075137376785	-0.051312681287527084
15.931178099999897	-7.182605266571045	5.822698593139648	-3.272873640060425	-0.019547687843441963	0.07819075137376785	-0.051312681287527084
15.944636499999888	-7.158663272857666	5.784391403198242	-3.272873640060425	-0.015882495790719986	0.07452555745840073	-0.04886921867728233
15.944688799999994	-7.158663272857666	5.784391403198242	-3.272873640060425	-0.015882495790719986	0.07452555745840073	-0.04886921867728233
15.959394900000007	-7.144298076629639	5.686229228973389	-3.2632968425750732	-0.0012217304902151227	0.06475171446800232	-0.04398229718208313
15.959796000000097	-7.144298076629639	5.686229228973389	-3.2632968425750732	-0.0012217304902151227	0.06475171446800232	-0.04398229718208313
15.978795600000012	-7.134721279144287	5.748478412628174	-3.224989652633667	0.006108652334660292	0.051312681287527084	-0.0403171069920063
15.978849099999934	-7.134721279144287	5.748478412628174	-3.224989652633667	0.006108652334660292	0.051312681287527084	-0.0403171069920063
16.00045750000004	-7.161057472229004	5.781997203826904	-3.294421434402466	0.006108652334660292	0.03420845419168472	-0.03787364438176155
16.000491799999963	-7.161057472229004	5.781997203826904	-3.294421434402466	0.006108652334660292	0.03420845419168472	-0.03787364438176155
16.020001899999897	-7.132327079772949	5.736507415771484	-3.2968156337738037	0.004886921960860491	0.01466076634824276	-0.03420845419168472
16.020041600000013	-7.132327079772949	5.736507415771484	-3.2968156337738037	0.004886921960860491	0.01466076634824276	-0.03420845419168472
16.040410099999917	-7.156269073486328	5.724536418914795	-3.3039982318878174	0.01466076634824276	0.0024434609804302454	-0.03298672288656235
16.041146199999957	-7.156269073486328	5.724536418914795	-3.3039982318878174	0.01466076634824276	0.0024434609804302454	-0.03298672288656235
16.05852929999992	-7.070077419281006	5.748478412628174	-3.2824504375457764	0.019547687843441963	-0.00733038317412138	-0.030543262138962746
16.0590009	-7.070077419281006	5.748478412628174	-3.2824504375457764	0.019547687843441963	-0.00733038317412138	-0.030543262138962746
16.080059800000072	-7.110779285430908	5.770026206970215	-3.265691041946411	0.019547687843441963	-0.009773843921720982	-0.025656340643763542
16.080092899999954	-7.110779285430908	5.770026206970215	-3.265691041946411	0.019547687843441963	-0.009773843921720982	-0.025656340643763542
16.100759400000015	-7.115567684173584	5.69580602645874	-3.2130186557769775	0.01466076634824276	-0.00855211354792118	-0.02076941914856434
16.100812200000064	-7.115567684173584	5.69580602645874	-3.2130186557769775	0.01466076634824276	-0.00855211354792118	-0.02076941914856434
16.12032320000003	-7.156269073486328	5.803544998168945	-3.246537446975708	0.00855211354792118	-0.0024434609804302454	-0.018325956538319588
16.12113260000001	-7.156269073486328	5.803544998168945	-3.246537446975708	0.00855211354792118	-0.0024434609804302454	-0.018325956538319588
16.139637600000015	-7.175422668457031	5.793968200683594	-3.2321722507476807	0.018325956538319588	0.006108652334660292	-0.015882495790719986
16.139693699999953	-7.175422668457031	5.793968200683594	-3.2321722507476807	0.018325956538319588	0.006108652334660292	-0.015882495790719986
16.160560399999895	-7.2113356590271	5.7987565994262695	-3.2178070545196533	0.01710422709584236	0.012217304669320583	-0.009773843921720982
16.16132300000004	-7.2113356590271	5.7987565994262695	-3.2178070545196533	0.01710422709584236	0.012217304669320583	-0.009773843921720982
16.18091729999992	-7.1490864753723145	5.801150798797607	-3.201047658920288	0.019547687843441963	0.021991148591041565	-0.00855211354792118
16.18169130000001	-7.1490864753723145	5.801150798797607	-3.201047658920288	0.019547687843441963	0.021991148591041565	-0.00855211354792118
16.203839199999948	-7.115567684173584	5.846640586853027	-3.224989652633667	0.015882495790719986	0.03298672288656235	-0.010995574295520782
16.203893899999912	-7.115567684173584	5.846640586853027	-3.224989652633667	0.015882495790719986	0.03298672288656235	-0.010995574295520782
16.220284499999934	-7.1251444816589355	5.815515995025635	-3.222595453262329	0.009773843921720982	0.04764748737215996	-0.013439035043120384
16.220672400000012	-7.1251444816589355	5.815515995025635	-3.222595453262329	0.009773843921720982	0.04764748737215996	-0.013439035043120384
16.240108599999985	-7.113173484802246	5.758055210113525	-3.3039982318878174	0.00366519158706069	0.059864792972803116	-0.012217304669320583
16.24188009999989	-7.113173484802246	5.758055210113525	-3.3039982318878174	0.00366519158706069	0.059864792972803116	-0.012217304669320583
16.26028990000009	-7.079654216766357	5.736507415771484	-3.3231520652770996	0.00366519158706069	0.06841690838336945	-0.012217304669320583
16.261256999999887	-7.079654216766357	5.736507415771484	-3.3231520652770996	0.00366519158706069	0.06841690838336945	-0.012217304669320583
16.280072999999902	-7.1251444816589355	5.803544998168945	-3.2178070545196533	0.012217304669320583	0.07208210229873657	-0.012217304669320583
16.28010560000007	-7.1251444816589355	5.803544998168945	-3.2178070545196533	0.012217304669320583	0.07208210229873657	-0.012217304669320583
16.301394699999946	-7.096413612365723	5.671864032745361	-3.361459255218506	0.009773843921720982	0.06719517707824707	-0.012217304669320583
16.30146280000008	-7.096413612365723	5.671864032745361	-3.361459255218506	0.009773843921720982	0.06719517707824707	-0.012217304669320583
16.321437099999912	-7.161057472229004	5.791574001312256	-3.421314239501953	0.0012217304902151227	0.06230825558304787	-0.01466076634824276
16.32246729999997	-7.161057472229004	5.791574001312256	-3.421314239501953	0.0012217304902151227	0.06230825558304787	-0.01466076634824276
16.343305500000042	-7.132327079772949	5.760449409484863	-3.423708438873291	0.00855211354792118	0.05619960278272629	-0.01466076634824276
16.34335370000008	-7.132327079772949	5.760449409484863	-3.423708438873291	0.00855211354792118	0.05619960278272629	-0.01466076634824276
16.36053539999989	-7.12035608291626	5.700594425201416	-3.406949043273926	0.010995574295520782	0.05009094998240471	-0.013439035043120384
16.36148430000003	-7.12035608291626	5.700594425201416	-3.406949043273926	0.010995574295520782	0.05009094998240471	-0.013439035043120384
16.38125409999998	-7.12035608291626	5.731719017028809	-3.397372245788574	0.010995574295520782	0.04153883829712868	-0.010995574295520782
16.38130339999998	-7.12035608291626	5.731719017028809	-3.397372245788574	0.010995574295520782	0.04153883829712868	-0.010995574295520782
16.39980710000009	-7.094019412994385	5.717353820800781	-3.3901896476745605	0.019547687843441963	0.03420845419168472	-0.00855211354792118
16.40055869999992	-7.094019412994385	5.717353820800781	-3.3901896476745605	0.019547687843441963	0.03420845419168472	-0.00855211354792118
16.417337999999972	-7.1490864753723145	5.74129581451416	-3.40216064453125	0.02076941914856434	0.019547687843441963	-0.009773843921720982
16.418221700000004	-7.1490864753723145	5.74129581451416	-3.40216064453125	0.02076941914856434	0.019547687843441963	-0.009773843921720982
16.44097600000009	-7.146692276000977	5.7556610107421875	-3.3710360527038574	0.02932153269648552	0.012217304669320583	-0.009773843921720982
16.441005700000005	-7.146692276000977	5.7556610107421875	-3.3710360527038574	0.02932153269648552	0.012217304669320583	-0.009773843921720982
16.459822600000052	-7.139509677886963	5.748478412628174	-3.4404678344726562	0.028099801391363144	0.010995574295520782	-0.006108652334660292
16.459887199999912	-7.139509677886963	5.748478412628174	-3.4404678344726562	0.028099801391363144	0.010995574295520782	-0.006108652334660292
16.481073500000093	-7.117961883544922	5.722142219543457	-3.339911460876465	0.024434609338641167	0.010995574295520782	-0.00366519158706069
16.481935199999953	-7.117961883544922	5.722142219543457	-3.339911460876465	0.024434609338641167	0.010995574295520782	-0.00366519158706069
16.501051899999993	-7.117961883544922	5.702988624572754	-3.3207578659057617	0.021991148591041565	0.013439035043120384	-0.00366519158706069
16.502463799999987	-7.117961883544922	5.702988624572754	-3.3207578659057617	0.021991148591041565	0.013439035043120384	-0.00366519158706069
16.521537500000022	-7.0988078117370605	5.7125654220581055	-3.3901896476745605	0.019547687843441963	0.019547687843441963	-0.0024434609804302454
16.521572500000048	-7.0988078117370605	5.7125654220581055	-3.3901896476745605	0.019547687843441963	0.019547687843441963	-0.0024434609804302454
16.54079580000007	-7.1251444816589355	5.760449409484863	-3.4596214294433594	0.012217304669320583	0.025656340643763542	-0.006108652334660292
16.542466999999988	-7.1251444816589355	5.760449409484863	-3.4596214294433594	0.012217304669320583	0.025656340643763542	-0.006108652334660292
16.559604300000046	-7.163451671600342	5.856217384338379	-3.4572272300720215	-0.0012217304902151227	0.03298672288656235	-0.010995574295520782
16.56059899999991	-7.163451671600342	5.856217384338379	-3.4572272300720215	-0.0012217304902151227	0.03298672288656235	-0.010995574295520782
16.57839829999989	-7.070077419281006	5.767632007598877	-3.49314022064209	0.0	0.0403171069920063	-0.015882495790719986
16.5796699	-7.070077419281006	5.767632007598877	-3.49314022064209	0.0	0.0403171069920063	-0.015882495790719986
16.6011946000001	-7.091625213623047	5.69580602645874	-3.485957622528076	-0.00733038317412138	0.04398229718208313	-0.01710422709584236
16.60122269999988	-7.091625213623047	5.69580602645874	-3.485957622528076	-0.00733038317412138	0.04398229718208313	-0.01710422709584236
16.621029200000066	-7.137115478515625	5.700594425201416	-3.5003228187561035	0.00733038317412138	0.04398229718208313	-0.01710422709584236
16.622546199999988	-7.137115478515625	5.700594425201416	-3.5003228187561035	0.00733038317412138	0.04398229718208313	-0.01710422709584236
16.64084580000008	-7.0988078117370605	5.758055210113525	-3.49314022064209	0.01710422709584236	0.03787364438176155	-0.021991148591041565
16.640876799999887	-7.0988078117370605	5.758055210113525	-3.49314022064209	0.01710422709584236	0.03787364438176155	-0.021991148591041565
16.65930759999992	-7.084442615509033	5.602431774139404	-3.555389642715454	0.013439035043120384	0.025656340643763542	-0.02687807008624077
16.659338499999876	-7.084442615509033	5.602431774139404	-3.555389642715454	0.013439035043120384	0.025656340643763542	-0.02687807008624077
16.68322850000004	-7.089231014251709	5.6670756340026855	-3.600879430770874	-0.006108652334660292	0.006108652334660292	-0.030543262138962746
16.683257899999944	-7.089231014251709	5.6670756340026855	-3.600879430770874	-0.006108652334660292	0.006108652334660292	-0.030543262138962746
16.70217630000002	-7.022193431854248	5.6191911697387695	-3.576937437057495	0.00366519158706069	-0.01466076634824276	-0.028099801391363144
16.70220479999989	-7.022193431854248	5.6191911697387695	-3.576937437057495	0.00366519158706069	-0.01466076634824276	-0.028099801391363144
16.721257500000092	-7.026981830596924	5.70777702331543	-3.533841609954834	0.00855211354792118	-0.03787364438176155	-0.025656340643763542
16.721289399999932	-7.026981830596924	5.70777702331543	-3.533841609954834	0.00855211354792118	-0.03787364438176155	-0.025656340643763542
16.742833699999892	-7.096413612365723	5.671864032745361	-3.555389642715454	0.006108652334660292	-0.06352998316287994	-0.02321287989616394
16.742866699999922	-7.096413612365723	5.671864032745361	-3.555389642715454	0.006108652334660292	-0.06352998316287994	-0.02321287989616394
16.76118100000008	-7.122750282287598	5.640739440917969	-3.4955344200134277	0.0024434609804302454	-0.08674286305904388	-0.024434609338641167
16.761925699999892	-7.122750282287598	5.640739440917969	-3.4955344200134277	0.0024434609804302454	-0.08674286305904388	-0.024434609338641167
16.78020700000002	-7.24485445022583	5.700594425201416	-3.509899616241455	0.00733038317412138	-0.10506882518529892	-0.025656340643763542
16.780257299999903	-7.24485445022583	5.700594425201416	-3.509899616241455	0.00733038317412138	-0.10506882518529892	-0.025656340643763542
16.802306600000065	-7.3238630294799805	5.817910194396973	-3.5242648124694824	0.02687807008624077	-0.12950342893600464	-0.02321287989616394
16.803058400000054	-7.3238630294799805	5.817910194396973	-3.5242648124694824	0.02687807008624077	-0.12950342893600464	-0.02321287989616394
16.82305180000003	-7.374141216278076	5.808333396911621	-3.6511576175689697	0.0659734457731247	-0.16004669666290283	-0.010995574295520782
16.823082200000044	-7.374141216278076	5.808333396911621	-3.6511576175689697	0.0659734457731247	-0.16004669666290283	-0.010995574295520782
16.844556900000043	-7.424419403076172	6.514622688293457	-3.7612907886505127	0.08307767659425735	-0.1612684279680252	0.0
16.844586400000026	-7.424419403076172	6.514622688293457	-3.7612907886505127	0.08307767659425735	-0.1612684279680252	0.0
16.86371280000003	-7.539340972900391	6.754043102264404	-3.890577793121338	0.1466076523065567	-0.15760323405265808	0.059864792972803116
16.863742400000092	-7.539340972900391	6.754043102264404	-3.890577793121338	0.1466076523065567	-0.15760323405265808	0.059864792972803116
16.880569500000092	-7.953537940979004	6.856993675231934	-4.3861775398254395	0.1319468915462494	-0.10751228034496307	0.12461651116609573
16.88203939999994	-7.953537940979004	6.856993675231934	-4.3861775398254395	0.1319468915462494	-0.10751228034496307	0.12461651116609573
16.900940300000002	-7.762001991271973	7.438784599304199	-4.326322555541992	0.08185594528913498	-0.07208210229873657	0.2015855312347412
16.90219860000002	-7.762001991271973	7.438784599304199	-4.326322555541992	0.08185594528913498	-0.07208210229873657	0.2015855312347412
16.92169459999991	-7.501033782958984	6.878541469573975	-4.288015365600586	0.12095131725072861	0.009773843921720982	0.37751471996307373
16.92172669999991	-7.501033782958984	6.878541469573975	-4.288015365600586	0.12095131725072861	0.009773843921720982	0.37751471996307373
16.943786199999977	-7.161057472229004	6.665457725524902	-4.197035789489746	0.09040805697441101	0.09896016865968704	0.50335294008255
16.94473190000008	-7.161057472229004	6.665457725524902	-4.197035789489746	0.09040805697441101	0.09896016865968704	0.50335294008255
16.959265799999912	-6.773196697235107	6.277596950531006	-3.8331170082092285	0.11728613078594208	0.15882496535778046	0.6206390857696533
16.959296600000016	-6.773196697235107	6.277596950531006	-3.8331170082092285	0.11728613078594208	0.15882496535778046	0.6206390857696533
16.979204799999934	-6.423643112182617	6.337451934814453	-4.606443881988525	0.036651913076639175	0.15760323405265808	0.6585127115249634
16.981381499999998	-6.423643112182617	6.337451934814453	-4.606443881988525	0.036651913076639175	0.15760323405265808	0.6585127115249634
17.00096880000001	-6.246472358703613	7.189787864685059	-5.406107425689697	-0.036651913076639175	0.12095131725072861	0.7147123217582703
17.00194529999999	-6.246472358703613	7.189787864685059	-5.406107425689697	-0.036651913076639175	0.12095131725072861	0.7147123217582703
17.020156799999995	-5.801150798797607	7.769184589385986	-5.91128396987915	0.17837265133857727	0.1514945775270462	0.836885392665863
17.02018810000004	-5.801150798797607	7.769184589385986	-5.91128396987915	0.17837265133857727	0.1514945775270462	0.836885392665863
17.04061999999999	-4.733336925506592	8.588001251220703	-6.320692539215088	0.42149701714515686	0.24434609711170197	0.9651671051979065
17.040650299999925	-4.733336925506592	8.588001251220703	-6.320692539215088	0.42149701714515686	0.24434609711170197	0.9651671051979065
17.06046450000008	-4.632780075073242	8.303091049194336	-6.423643112182617	0.4960225820541382	0.3787364661693573	1.1618657112121582
17.06151900000009	-4.632780075073242	8.303091049194336	-6.423643112182617	0.4960225820541382	0.3787364661693573	1.1618657112121582
17.082555599999978	-4.51067590713501	8.432378768920898	-6.270414352416992	0.16249015927314758	0.5644394755363464	1.3634512424468994
17.082585899999913	-4.51067590713501	8.432378768920898	-6.270414352416992	0.16249015927314758	0.5644394755363464	1.3634512424468994
17.101988899999924	-4.235342979431152	8.35336971282959	-6.344634532928467	0.015882495790719986	0.7098253965377808	1.5540411472320557
17.102934499999947	-4.235342979431152	8.35336971282959	-6.344634532928467	0.015882495790719986	0.7098253965377808	1.5540411472320557
17.123916999999892	-3.890577793121338	8.75080680847168	-6.782773494720459	-0.384845107793808	0.8552113175392151	1.7434093952178955
17.123946899999964	-3.890577793121338	8.75080680847168	-6.782773494720459	-0.384845107793808	0.8552113175392151	1.7434093952178955
17.141549899999973	-3.691859006881714	8.058882713317871	-6.825869083404541	-0.8136724829673767	0.9663888216018677	1.9511035680770874
17.142500700000028	-3.691859006881714	8.058882713317871	-6.825869083404541	-0.8136724829673767	0.9663888216018677	1.9511035680770874
17.164686399999937	-3.4787750244140625	7.237671852111816	-6.121973514556885	-1.1215485334396362	1.0885618925094604	2.144136905670166
17.166096599999946	-3.4787750244140625	7.237671852111816	-6.121973514556885	-1.1215485334396362	1.0885618925094604	2.144136905670166
17.182755600000064	-2.540247917175293	6.768408298492432	-4.9152960777282715	-1.2669345140457153	1.186300277709961	2.2650883197784424
17.183670699999993	-2.540247917175293	6.768408298492432	-4.9152960777282715	-1.2669345140457153	1.186300277709961	2.2650883197784424
17.20437620000007	-1.522712230682373	7.5417351722717285	-4.106055736541748	-1.3756685256958008	1.3866641521453857	2.3774874210357666
17.204406500000005	-1.522712230682373	7.5417351722717285	-4.106055736541748	-1.3756685256958008	1.3866641521453857	2.3774874210357666
17.222811500000034	-0.6607996821403503	9.279925346374512	-3.8953661918640137	-1.5625933408737183	1.4135421514511108	2.4911084175109863
17.223751900000025	-0.6607996821403503	9.279925346374512	-3.8953661918640137	-1.5625933408737183	1.4135421514511108	2.4911084175109863
17.240950500000054	-0.5171475410461426	7.225700855255127	-4.357447147369385	-1.4025466442108154	1.302364706993103	2.7708847522735596
17.241335599999957	-0.5171475410461426	7.225700855255127	-4.357447147369385	-1.4025466442108154	1.302364706993103	2.7708847522735596
17.262757299999976	-0.2992752194404602	5.7125654220581055	-4.685452938079834	-1.3548991680145264	1.3561208248138428	2.811201810836792
17.262788799999953	-0.2992752194404602	5.7125654220581055	-4.685452938079834	-1.3548991680145264	1.3561208248138428	2.811201810836792
17.280822899999976	0.4189853072166443	7.833827972412109	-3.251325845718384	-0.9101892113685608	1.4782938957214355	2.841745138168335
17.281953799999883	0.4189853072166443	7.833827972412109	-3.251325845718384	-0.9101892113685608	1.4782938957214355	2.841745138168335
17.304096999999956	1.0247182846069336	9.263166427612305	-2.2888567447662354	-0.11728613078594208	1.4074335098266602	2.902831554412842
17.30416369999989	1.0247182846069336	9.263166427612305	-2.2888567447662354	-0.11728613078594208	1.4074335098266602	2.902831554412842
17.32620369999995	1.9536685943603516	8.47786808013916	-2.169146776199341	0.05619960278272629	1.2999212741851807	3.076317310333252
17.326234800000066	1.9536685943603516	8.47786808013916	-2.169146776199341	0.05619960278272629	1.2999212741851807	3.076317310333252
17.340514799999937	2.43011474609375	7.893682956695557	-2.1523873805999756	-0.5143485069274902	1.3439035415649414	2.976135492324829
17.34054429999992	2.43011474609375	7.893682956695557	-2.1523873805999756	-0.5143485069274902	1.3439035415649414	2.976135492324829
17.362844499999937	2.674323320388794	8.221688270568848	-2.1811177730560303	-0.901637077331543	1.3439035415649414	2.7867672443389893
17.362873499999978	2.674323320388794	8.221688270568848	-2.1811177730560303	-0.901637077331543	1.3439035415649414	2.7867672443389893
17.38100069999996	2.96162748336792	8.1139497756958	-2.4612393379211426	-1.1166616678237915	1.302364706993103	2.5864033699035645
17.381034799999952	2.96162748336792	8.1139497756958	-2.4612393379211426	-1.1166616678237915	1.302364706993103	2.5864033699035645
17.402257400000053	3.026270866394043	7.694964408874512	-2.5043349266052246	-1.1997393369674683	1.3341296911239624	2.437352418899536
17.403733299999885	3.026270866394043	7.694964408874512	-2.5043349266052246	-1.1997393369674683	1.3341296911239624	2.437352418899536
17.421784099999968	2.9305028915405273	7.63989782333374	-2.477998733520508	-1.026253581047058	1.3964380025863647	2.207667112350464
17.422678200000064	2.9305028915405273	7.63989782333374	-2.477998733520508	-1.026253581047058	1.3964380025863647	2.207667112350464
17.443237499999896	2.8227639198303223	7.362170219421387	-2.4684219360351562	-0.779464066028595	1.49906325340271	1.940108060836792
17.444107199999962	2.8227639198303223	7.362170219421387	-2.4684219360351562	-0.779464066028595	1.49906325340271	1.940108060836792
17.464352199999894	2.7772738933563232	7.223306655883789	-1.7812861204147339	-0.5167919993400574	1.6383405923843384	1.626123309135437
17.464381100000082	2.7772738933563232	7.223306655883789	-1.7812861204147339	-0.5167919993400574	1.6383405923843384	1.626123309135437
17.48487399999999	2.585737943649292	6.13633918762207	-1.8339585065841675	-0.2687807083129883	1.7324138879776	1.310916781425476
17.485388000000057	2.585737943649292	6.13633918762207	-1.8339585065841675	-0.2687807083129883	1.7324138879776	1.310916781425476
17.500113000000056	2.3271639347076416	7.582436561584473	-1.173158884048462	0.3701843321323395	1.8057177066802979	0.9248499870300293
17.50015069999995	2.3271639347076416	7.582436561584473	-1.173158884048462	0.3701843321323395	1.8057177066802979	0.9248499870300293
17.524840499999982	2.164358377456665	9.418789863586426	-0.7445967197418213	1.3683381080627441	1.7507398128509521	0.4434881806373596
17.524894099999983	2.164358377456665	9.418789863586426	-0.7445967197418213	1.3683381080627441	1.7507398128509521	0.4434881806373596
17.54187469999988	2.6001031398773193	9.952696800231934	-0.7709329724311829	1.6102408170700073	1.6212363243103027	0.12828169763088226
17.541926899999908	2.6001031398773193	9.952696800231934	-0.7709329724311829	1.6102408170700073	1.6212363243103027	0.12828169763088226
17.56328140000005	1.9800047874450684	7.824251174926758	-1.0558429956436157	0.8881980776786804	1.538158655166626	-0.11484266817569733
17.563421800000015	1.9800047874450684	7.824251174926758	-1.0558429956436157	0.8881980776786804	1.538158655166626	-0.11484266817569733
17.582010200000013	1.4700398445129395	6.342240333557129	-2.382230758666992	-0.1062905490398407	1.4672982692718506	-0.5277875661849976
17.582043800000065	1.4700398445129395	6.342240333557129	-2.382230758666992	-0.1062905490398407	1.4672982692718506	-0.5277875661849976
17.60206029999995	1.5418659448623657	9.095572471618652	-3.179499864578247	0.2626720666885376	1.3524556159973145	-0.7415903806686401
17.602958700000045	1.5418659448623657	9.095572471618652	-3.179499864578247	0.2626720666885376	1.3524556159973145	-0.7415903806686401
17.624240800000052	1.4891934394836426	11.647790908813477	-3.136404275894165	1.2107349634170532	1.1154398918151855	-0.9517280459403992
17.624307799999997	1.4891934394836426	11.647790908813477	-3.136404275894165	1.2107349634170532	1.1154398918151855	-0.9517280459403992
17.64761109999995	1.2090718746185303	9.988609313964844	-3.4787750244140625	1.253495454788208	1.0910053253173828	-0.9822713136672974
17.647683299999926	1.2090718746185303	9.988609313964844	-3.4787750244140625	1.253495454788208	1.0910053253173828	-0.9822713136672974
17.663090499999953	0.8762778043746948	8.882488250732422	-3.406949043273926	0.9529497623443604	1.2192870378494263	-1.1117748022079468
17.66325690000008	0.8762778043746948	8.882488250732422	-3.406949043273926	0.9529497623443604	1.2192870378494263	-1.1117748022079468
17.682571399999915	-0.1149216815829277	9.619902610778809	-2.1356279850006104	1.236391305923462	1.1545352935791016	-1.2217304706573486
17.68260220000002	-0.1149216815829277	9.619902610778809	-2.1356279850006104	1.236391305923462	1.1545352935791016	-1.2217304706573486
17.703371199999992	-0.5099649429321289	10.230423927307129	-2.5115175247192383	0.9969320893287659	0.940732479095459	-1.29381263256073
17.70344010000008	-0.5099649429321289	10.230423927307129	-2.5115175247192383	0.9969320893287659	0.940732479095459	-1.29381263256073
17.723257699999976	-0.5530605912208557	11.197681427001953	-3.3734302520751953	0.7611380815505981	0.7489207983016968	-1.243721604347229
17.723288899999943	-0.5530605912208557	11.197681427001953	-3.3734302520751953	0.7611380815505981	0.7489207983016968	-1.243721604347229
17.743804100000034	-0.19632454216480255	11.372458457946777	-3.6511576175689697	0.940732479095459	0.5864306092262268	-1.0604621171951294
17.74383429999989	-0.19632454216480255	11.372458457946777	-3.6511576175689697	0.940732479095459	0.5864306092262268	-1.0604621171951294
17.764372399999957	0.13168109953403473	11.008539199829102	-3.73016619682312	0.8772025108337402	0.44837507605552673	-0.8943067193031311
17.764440899999954	0.13168109953403473	11.008539199829102	-3.73016619682312	0.8772025108337402	0.44837507605552673	-0.8943067193031311
17.784812099999954	0.5195417404174805	10.831368446350098	-3.3877954483032227	0.8197811841964722	0.4153883755207062	-0.6914994716644287
17.784879499999988	0.5195417404174805	10.831368446350098	-3.3877954483032227	0.8197811841964722	0.4153883755207062	-0.6914994716644287
17.80610999999999	0.8451532125473022	10.702081680297852	-3.2968156337738037	0.7819074988365173	0.44104471802711487	-0.6010913848876953
17.806172500000002	0.8451532125473022	10.702081680297852	-3.2968156337738037	0.7819074988365173	0.44104471802711487	-0.6010913848876953
17.82501780000007	1.1013327836990356	10.579977035522461	-3.689464807510376	0.5766568183898926	0.3433062732219696	-0.5448917746543884
17.825062500000058	1.1013327836990356	10.579977035522461	-3.689464807510376	0.5766568183898926	0.3433062732219696	-0.5448917746543884
17.844152699999995	0.8259995579719543	9.86650562286377	-3.222595453262329	0.30543261766433716	0.23335053026676178	-0.4386012554168701
17.84421150000003	0.8259995579719543	9.86650562286377	-3.222595453262329	0.30543261766433716	0.23335053026676178	-0.4386012554168701
17.86253570000008	0.6703764796257019	8.808267593383789	-3.2632968425750732	0.1258382350206375	0.1771509200334549	-0.38117989897727966
17.86372929999993	0.6703764796257019	8.808267593383789	-3.2632968425750732	0.1258382350206375	0.1771509200334549	-0.38117989897727966
17.883306400000038	0.26336219906806946	8.87051773071289	-3.2297780513763428	0.16249015927314758	0.09651670604944229	-0.3579670190811157
17.883336299999883	0.26336219906806946	8.87051773071289	-3.2297780513763428	0.16249015927314758	0.09651670604944229	-0.3579670190811157
17.904833199999985	0.15562310814857483	8.844181060791016	-3.251325845718384	0.4593706727027893	0.05864306539297104	-0.3078760802745819
17.90486409999994	0.15562310814857483	8.844181060791016	-3.251325845718384	0.4593706727027893	0.05864306539297104	-0.3078760802745819
17.923265299999912	-0.10773907601833344	9.062053680419922	-3.773261785507202	0.5864306092262268	-0.0024434609804302454	-0.26511552929878235
17.923917699999947	-0.10773907601833344	9.062053680419922	-3.773261785507202	0.5864306092262268	-0.0024434609804302454	-0.26511552929878235
17.944553900000074	-0.33039984107017517	9.167398452758789	-3.1651346683502197	0.6291912198066711	-0.018325956538319588	-0.19547687470912933
17.94734870000002	-0.33039984107017517	9.167398452758789	-3.1651346683502197	0.6291912198066711	-0.018325956538319588	-0.19547687470912933
17.96453919999999	-0.2082955539226532	9.033323287963867	-2.937685489654541	0.384845107793808	0.009773843921720982	-0.10384709388017654
17.9645751999999	-0.2082955539226532	9.033323287963867	-2.937685489654541	0.384845107793808	0.009773843921720982	-0.10384709388017654
17.98219479999989	0.06224924325942993	9.454702377319336	-2.8155810832977295	0.24556782841682434	0.02687807008624077	-0.0659734457731247
17.982225799999924	0.06224924325942993	9.454702377319336	-2.8155810832977295	0.24556782841682434	0.02687807008624077	-0.0659734457731247
18.00139399999989	0.36152446269989014	9.727641105651855	-2.0039467811584473	0.15393804013729095	0.08674286305904388	-0.045204028487205505
18.002275699999927	0.36152446269989014	9.727641105651855	-2.0039467811584473	0.15393804013729095	0.08674286305904388	-0.045204028487205505
18.023433000000068	0.395043283700943	8.968679428100586	-2.7078421115875244	-0.2382374405860901	0.19547687470912933	-0.10262536257505417
18.023464500000046	0.395043283700943	8.968679428100586	-2.7078421115875244	-0.2382374405860901	0.19547687470912933	-0.10262536257505417
18.042669799999885	0.7254431247711182	9.433155059814453	-3.93367338180542	-0.42760565876960754	0.18570303916931152	-0.12828169763088226
18.042739700000084	0.7254431247711182	9.433155059814453	-3.93367338180542	-0.42760565876960754	0.18570303916931152	-0.12828169763088226
18.06262680000009	2.7054479122161865	12.476184844970703	-5.037400245666504	0.030543262138962746	0.12461651116609573	-0.04642575979232788
18.062694899999997	2.7054479122161865	12.476184844970703	-5.037400245666504	0.030543262138962746	0.12461651116609573	-0.04642575979232788
18.081715900000063	1.2066776752471924	10.04846477508545	-3.2752678394317627	0.7000515460968018	-0.0403171069920063	0.12828169763088226
18.08176380000009	1.2066776752471924	10.04846477508545	-3.2752678394317627	0.7000515460968018	-0.0403171069920063	0.12828169763088226
18.1036567000001	1.580173134803772	7.55131196975708	-2.300827741622925	0.17959438264369965	-0.09529497474431992	0.18570303916931152
18.103992800000015	1.580173134803772	7.55131196975708	-2.300827741622925	0.17959438264369965	-0.09529497474431992	0.18570303916931152
18.128130900000087	2.1571757793426514	6.864176273345947	-2.691082715988159	-0.06352998316287994	-0.06963863968849182	0.20036379992961884
18.128169699999944	2.1571757793426514	6.864176273345947	-2.691082715988159	-0.06352998316287994	-0.06963863968849182	0.20036379992961884
18.14326140000003	2.43011474609375	8.44195556640625	-4.120420932769775	0.13561208546161652	-0.12950342893600464	-0.039095375686883926
18.143312799999876	2.43011474609375	8.44195556640625	-4.120420932769775	0.13561208546161652	-0.12950342893600464	-0.039095375686883926
18.163577300000043	2.873042106628418	9.533711433410645	-3.7397429943084717	0.6035348773002625	-0.20402899384498596	-0.06719517707824707
18.163615400000026	2.873042106628418	9.533711433410645	-3.7397429943084717	0.6035348773002625	-0.20402899384498596	-0.06719517707824707
18.18119539999998	2.6791117191314697	8.700529098510742	-3.6367924213409424	0.5852088928222656	-0.13927727937698364	-0.10751228034496307
18.181246599999895	2.6791117191314697	8.700529098510742	-3.6367924213409424	0.5852088928222656	-0.13927727937698364	-0.10751228034496307
18.203135700000075	2.4468741416931152	8.315062522888184	-3.950432777404785	0.15760323405265808	-0.1258382350206375	-0.17837265133857727
18.20318689999999	2.4468741416931152	8.315062522888184	-3.950432777404785	0.15760323405265808	-0.1258382350206375	-0.17837265133857727
18.22128479999992	1.8818424940109253	8.614337921142578	-4.151545524597168	0.010995574295520782	-0.1319468915462494	-0.2064724564552307
18.221318899999915	1.8818424940109253	8.614337921142578	-4.151545524597168	0.010995574295520782	-0.1319468915462494	-0.2064724564552307
18.243681299999935	1.2641384601593018	9.29189682006836	-4.1156325340271	0.2028072625398636	-0.1270599663257599	-0.21135938167572021
18.243750899999895	1.2641384601593018	9.29189682006836	-4.1156325340271	0.2028072625398636	-0.1270599663257599	-0.21135938167572021
18.264077999999927	0.9840168952941895	9.066842079162598	-3.866635799407959	0.2871066629886627	-0.08796459436416626	-0.2076941877603531
18.264126999999917	0.9840168952941895	9.066842079162598	-3.866635799407959	0.2871066629886627	-0.08796459436416626	-0.2076941877603531
18.287055999999893	1.1659762859344482	8.710105895996094	-3.8091750144958496	0.21380282938480377	-0.08796459436416626	-0.16859880089759827
18.287105399999973	1.1659762859344482	8.710105895996094	-3.8091750144958496	0.21380282938480377	-0.08796459436416626	-0.16859880089759827
18.30432780000001	1.3120225667953491	8.765172004699707	-4.278438568115234	0.09162978827953339	-0.13439035415649414	-0.1661553531885147
18.304378300000053	1.3120225667953491	8.765172004699707	-4.278438568115234	0.09162978827953339	-0.13439035415649414	-0.1661553531885147
18.32387249999988	1.5155296325683594	9.244012832641602	-4.156333923339844	0.18570303916931152	-0.11972958594560623	-0.17959438264369965
18.324598100000003	1.5155296325683594	9.244012832641602	-4.156333923339844	0.18570303916931152	-0.11972958594560623	-0.17959438264369965
18.344254399999954	1.403002142906189	8.980650901794434	-4.180276393890381	0.2541199326515198	-0.1111774742603302	-0.1417207419872284
18.344287399999985	1.403002142906189	8.980650901794434	-4.180276393890381	0.2541199326515198	-0.1111774742603302	-0.1417207419872284
18.364690299999893	1.5682021379470825	8.959102630615234	-4.405331134796143	0.2321287989616394	-0.06719517707824707	-0.12095131725072861
18.364768700000013	1.5682021379470825	8.959102630615234	-4.405331134796143	0.2321287989616394	-0.06719517707824707	-0.12095131725072861
18.3838667	1.6328455209732056	9.01895809173584	-4.1611223220825195	0.29077184200286865	-0.042760565876960754	-0.07452555745840073
18.384588399999984	1.6328455209732056	9.01895809173584	-4.1611223220825195	0.29077184200286865	-0.042760565876960754	-0.07452555745840073
18.404307300000028	1.525106430053711	8.707711219787598	-4.410119533538818	0.3225368559360504	-0.04398229718208313	-0.010995574295520782
18.40566869999998	1.525106430053711	8.707711219787598	-4.410119533538818	0.3225368559360504	-0.04398229718208313	-0.010995574295520782
18.424015699999927	1.4245500564575195	8.647856712341309	-4.960785865783691	0.2272418737411499	-0.06108652427792549	0.013439035043120384
18.42629940000006	1.4245500564575195	8.647856712341309	-4.960785865783691	0.2272418737411499	-0.06108652427792549	0.013439035043120384
18.447346700000026	1.4053963422775269	8.724471092224121	-4.7620673179626465	0.27488934993743896	-0.059864792972803116	0.03298672288656235
18.448164200000065	1.4053963422775269	8.724471092224121	-4.7620673179626465	0.27488934993743896	-0.059864792972803116	0.03298672288656235
18.46424939999997	1.280897855758667	8.544905662536621	-4.73573112487793	0.2773328125476837	-0.024434609338641167	0.04642575979232788
18.46428489999994	1.280897855758667	8.544905662536621	-4.73573112487793	0.2773328125476837	-0.024434609338641167	0.04642575979232788
18.48355760000004	1.2617442607879639	8.130708694458008	-4.558559894561768	0.15760323405265808	0.00366519158706069	0.04153883829712868
18.48554080000008	1.2617442607879639	8.130708694458008	-4.558559894561768	0.15760323405265808	0.00366519158706069	0.04153883829712868
18.50716220000004	1.0845733880996704	8.221688270568848	-4.525041103363037	0.07208210229873657	0.04886921867728233	-0.02321287989616394
18.50724409999998	1.0845733880996704	8.221688270568848	-4.525041103363037	0.07208210229873657	0.04886921867728233	-0.02321287989616394
18.524830500000007	0.9672574996948242	8.746018409729004	-4.6734819412231445	0.01710422709584236	0.08918632566928864	-0.10384709388017654
18.524902299999894	0.9672574996948242	8.746018409729004	-4.6734819412231445	0.01710422709584236	0.08918632566928864	-0.10384709388017654
18.54564759999994	0.8738836050033569	9.174580574035645	-4.532223701477051	0.02932153269648552	0.10506882518529892	-0.15271630883216858
18.545715700000073	0.8738836050033569	9.174580574035645	-4.532223701477051	0.02932153269648552	0.10506882518529892	-0.15271630883216858
18.56489119999992	1.1204863786697388	8.552088737487793	-4.618414878845215	-0.006108652334660292	0.1270599663257599	-0.10751228034496307
18.56566090000001	1.1204863786697388	8.552088737487793	-4.618414878845215	-0.006108652334660292	0.1270599663257599	-0.10751228034496307
18.584933599999886	1.1300631761550903	8.439560890197754	-4.436455726623535	-0.17104226350784302	0.1160643994808197	-0.0806342139840126
18.585064500000044	1.1300631761550903	8.439560890197754	-4.436455726623535	-0.17104226350784302	0.1160643994808197	-0.0806342139840126
18.608244000000013	0.8786720037460327	8.389283180236816	-4.304774761199951	-0.11850785464048386	0.13805554807186127	-0.04642575979232788
18.608272299999953	0.8786720037460327	8.389283180236816	-4.304774761199951	-0.11850785464048386	0.13805554807186127	-0.04642575979232788
18.624763999999914	1.0247182846069336	9.617507934570312	-5.25527286529541	-0.13439035415649414	0.10995574295520782	-0.10384709388017654
18.6247957999999	1.0247182846069336	9.617507934570312	-5.25527286529541	-0.13439035415649414	0.10995574295520782	-0.10384709388017654
18.645153299999947	0.9624691009521484	8.518569946289062	-3.861847400665283	-0.0012217304902151227	0.17104226350784302	-0.10384709388017654
18.645184499999914	0.9624691009521484	8.518569946289062	-3.861847400665283	-0.0012217304902151227	0.17104226350784302	-0.10384709388017654
18.66216059999988	1.0654197931289673	8.528146743774414	-3.9815573692321777	0.07208210229873657	0.09162978827953339	0.006108652334660292
18.662223699999913	1.0654197931289673	8.528146743774414	-3.9815573692321777	0.07208210229873657	0.09162978827953339	0.006108652334660292
18.68512439999995	1.8579005002975464	8.880094528198242	-4.6471452713012695	0.019547687843441963	0.1258382350206375	-0.019547687843441963
18.68515380000008	1.8579005002975464	8.880094528198242	-4.6471452713012695	0.019547687843441963	0.1258382350206375	-0.019547687843441963
18.70520220000003	1.7094600200653076	8.248024940490723	-4.67827033996582	-0.11850785464048386	0.1466076523065567	-0.045204028487205505
18.705231400000002	1.7094600200653076	8.248024940490723	-4.67827033996582	-0.11850785464048386	0.1466076523065567	-0.045204028487205505
18.72694290000004	1.9823989868164062	8.89445972442627	-3.8762125968933105	-0.2370157092809677	0.1661553531885147	-0.05497787147760391
18.727900099999943	1.9823989868164062	8.89445972442627	-3.8762125968933105	-0.2370157092809677	0.1661553531885147	-0.05497787147760391
18.74670560000004	2.056619167327881	8.7268648147583	-3.648763418197632	-0.13072516024112701	0.19058994948863983	-0.030543262138962746
18.746756600000026	2.056619167327881	8.7268648147583	-3.648763418197632	-0.13072516024112701	0.19058994948863983	-0.030543262138962746
18.767688800000087	2.1595699787139893	8.667010307312012	-3.866635799407959	0.04153883829712868	0.1111774742603302	-0.039095375686883926
18.767742	2.1595699787139893	8.667010307312012	-3.866635799407959	0.04153883829712868	0.1111774742603302	-0.039095375686883926
18.78459739999994	2.5234885215759277	9.05487060546875	-4.216189384460449	-0.00733038317412138	0.09040805697441101	-0.05253441259264946
18.78562450000004	2.5234885215759277	9.05487060546875	-4.216189384460449	-0.00733038317412138	0.09040805697441101	-0.05253441259264946
18.805307000000084	2.2026655673980713	8.803479194641113	-3.9600095748901367	-0.17470745742321014	0.0708603709936142	-0.03420845419168472
18.805332200000066	2.2026655673980713	8.803479194641113	-3.9600095748901367	-0.17470745742321014	0.0708603709936142	-0.03420845419168472
18.82515740000008	2.0925323963165283	8.669404029846191	-3.9384617805480957	-0.1417207419872284	0.024434609338641167	0.010995574295520782
18.825192600000037	2.0925323963165283	8.669404029846191	-3.9384617805480957	-0.1417207419872284	0.024434609338641167	0.010995574295520782
18.846372700000074	1.5634137392044067	8.439560890197754	-3.7229835987091064	-0.02321287989616394	0.013439035043120384	0.02321287989616394
18.846405600000026	1.5634137392044067	8.439560890197754	-3.7229835987091064	-0.02321287989616394	0.013439035043120384	0.02321287989616394
18.866547000000082	1.5107412338256836	8.683769226074219	-4.146757125854492	0.042760565876960754	0.009773843921720982	-0.042760565876960754
18.86657940000009	1.5107412338256836	8.683769226074219	-4.146757125854492	0.042760565876960754	0.009773843921720982	-0.042760565876960754
18.88505299999997	1.525106430053711	8.724471092224121	-4.141968727111816	0.04153883829712868	-0.021991148591041565	-0.08674286305904388
18.887030399999958	1.525106430053711	8.724471092224121	-4.141968727111816	0.04153883829712868	-0.021991148591041565	-0.08674286305904388
18.90566149999995	1.3982137441635132	8.760383605957031	-4.094084739685059	0.01710422709584236	-0.05619960278272629	-0.10506882518529892
18.906670000000076	1.3982137441635132	8.760383605957031	-4.094084739685059	0.01710422709584236	-0.05619960278272629	-0.10506882518529892
18.927730500000052	1.192312479019165	8.561665534973145	-4.197035789489746	-0.05619960278272629	-0.08185594528913498	-0.09651670604944229
18.927762399999892	1.192312479019165	8.561665534973145	-4.197035789489746	-0.05619960278272629	-0.08185594528913498	-0.09651670604944229
18.94520269999998	1.0103530883789062	8.655038833618164	-4.307168960571289	-0.06108652427792549	-0.10873401165008545	-0.10873401165008545
18.946193499999936	1.0103530883789062	8.655038833618164	-4.307168960571289	-0.06108652427792549	-0.10873401165008545	-0.10873401165008545
18.964733499999966	1.139639973640442	9.066842079162598	-4.699818134307861	0.06230825558304787	-0.13316862285137177	-0.10751228034496307
18.964802499999905	1.139639973640442	9.066842079162598	-4.699818134307861	0.06230825558304787	-0.13316862285137177	-0.10751228034496307
18.98481169999991	1.1803414821624756	8.913613319396973	-4.661510944366455	0.07696902006864548	-0.14049901068210602	-0.08307767659425735
18.98623900000007	1.1803414821624756	8.913613319396973	-4.661510944366455	0.07696902006864548	-0.14049901068210602	-0.08307767659425735
19.00639410000008	1.314416766166687	8.884882926940918	-4.541800498962402	-0.02687807008624077	-0.12461651116609573	-0.03298672288656235
19.006424299999935	1.314416766166687	8.884882926940918	-4.541800498962402	-0.02687807008624077	-0.12461651116609573	-0.03298672288656235
19.022009300000036	1.3886369466781616	8.81784439086914	-4.24970817565918	-0.09040805697441101	-0.09285151958465576	0.006108652334660292
19.022040600000082	1.3886369466781616	8.81784439086914	-4.24970817565918	-0.09040805697441101	-0.09285151958465576	0.006108652334660292
19.039804300000014	1.5083470344543457	8.755595207214355	-4.326322555541992	-0.09773843735456467	-0.0757472887635231	0.019547687843441963
19.040459300000066	1.5083470344543457	8.755595207214355	-4.326322555541992	-0.09773843735456467	-0.0757472887635231	0.019547687843441963
19.05745509999997	1.3024457693099976	8.734047889709473	-3.9480385780334473	-0.09407325088977814	-0.05375614017248154	0.024434609338641167
19.057570700000042	1.3024457693099976	8.734047889709473	-3.9480385780334473	-0.09407325088977814	-0.05375614017248154	0.024434609338641167
19.079981699999962	1.3455413579940796	8.588001251220703	-3.885789394378662	-0.13439035415649414	-0.04764748737215996	0.015882495790719986
19.080354899999975	1.3455413579940796	8.588001251220703	-3.885789394378662	-0.13439035415649414	-0.04764748737215996	0.015882495790719986
19.097005399999944	1.1276689767837524	8.7268648147583	-4.359841346740723	-0.12095131725072861	-0.05009094998240471	-0.0012217304902151227
19.097532199999932	1.1276689767837524	8.7268648147583	-4.359841346740723	-0.12095131725072861	-0.05009094998240471	-0.0012217304902151227
19.122728300000063	1.0414776802062988	8.904036521911621	-4.264073371887207	-0.039095375686883926	-0.0354301854968071	-0.045204028487205505
19.122778500000095	1.0414776802062988	8.904036521911621	-4.264073371887207	-0.039095375686883926	-0.0354301854968071	-0.045204028487205505
19.142772899999954	1.1348515748977661	8.877699851989746	-4.180276393890381	-0.039095375686883926	-0.009773843921720982	-0.039095375686883926
19.1428042	1.1348515748977661	8.877699851989746	-4.180276393890381	-0.039095375686883926	-0.009773843921720982	-0.039095375686883926
19.16314770000008	1.0821791887283325	8.664615631103516	-4.197035789489746	-0.1319468915462494	0.004886921960860491	-0.02321287989616394
19.16321579999999	1.0821791887283325	8.664615631103516	-4.197035789489746	-0.1319468915462494	0.004886921960860491	-0.02321287989616394
19.183839399999897	1.2473790645599365	8.83699893951416	-4.225766181945801	-0.1466076523065567	0.0024434609804302454	-0.01466076634824276
19.18391079999992	1.2473790645599365	8.83699893951416	-4.225766181945801	-0.1466076523065567	0.0024434609804302454	-0.01466076634824276
19.2037064000001	1.256955862045288	8.971074104309082	-4.065354347229004	-0.10262536257505417	0.01710422709584236	-0.01710422709584236
19.203736100000015	1.256955862045288	8.971074104309082	-4.065354347229004	-0.10262536257505417	0.01710422709584236	-0.01710422709584236
19.22374139999988	1.3982137441635132	8.923190116882324	-4.027047157287598	-0.1270599663257599	0.019547687843441963	-0.004886921960860491
19.223771499999884	1.3982137441635132	8.923190116882324	-4.027047157287598	-0.1270599663257599	0.019547687843441963	-0.004886921960860491
19.245807900000045	1.4173674583435059	8.841787338256836	-3.993528366088867	-0.16982053220272064	0.00855211354792118	0.006108652334660292
19.245878100000027	1.4173674583435059	8.841787338256836	-3.993528366088867	-0.16982053220272064	0.00855211354792118	0.006108652334660292
19.263973000000078	1.3934253454208374	8.753201484680176	-3.9480385780334473	-0.19547687470912933	0.009773843921720982	0.00366519158706069
19.26400179999996	1.3934253454208374	8.753201484680176	-3.9480385780334473	-0.19547687470912933	0.009773843921720982	0.00366519158706069
19.28508039999997	1.381454348564148	8.908824920654297	-3.9264907836914062	-0.12461651116609573	0.00366519158706069	0.00366519158706069
19.28512980000005	1.381454348564148	8.908824920654297	-3.9264907836914062	-0.12461651116609573	0.00366519158706069	0.00366519158706069
19.303357000000005	1.357512354850769	9.155426979064941	-3.93367338180542	-0.10384709388017654	0.0012217304902151227	0.004886921960860491
19.30340789999991	1.357512354850769	9.155426979064941	-3.93367338180542	-0.10384709388017654	0.0012217304902151227	0.004886921960860491
19.32509159999995	1.314416766166687	8.856152534484863	-3.9264907836914062	-0.11850785464048386	-0.006108652334660292	0.04764748737215996
19.32737750000001	1.314416766166687	8.856152534484863	-3.9264907836914062	-0.11850785464048386	-0.006108652334660292	0.04764748737215996
19.348004700000047	1.3192051649093628	8.935160636901855	-3.737348794937134	-0.16493362188339233	-0.009773843921720982	0.0403171069920063
19.34807120000005	1.3192051649093628	8.935160636901855	-3.737348794937134	-0.16493362188339233	-0.009773843921720982	0.0403171069920063
19.36692519999997	1.2689268589019775	8.767566680908203	-4.041412353515625	-0.23090706765651703	-0.025656340643763542	0.05864306539297104
19.36695430000009	1.2689268589019775	8.767566680908203	-4.041412353515625	-0.23090706765651703	-0.025656340643763542	0.05864306539297104
19.384179899999936	1.1492167711257935	9.153033256530762	-3.9695863723754883	-0.17837265133857727	-0.006108652334660292	0.030543262138962746
19.384239799999932	1.1492167711257935	9.153033256530762	-3.9695863723754883	-0.17837265133857727	-0.006108652334660292	0.030543262138962746
19.4072321000001	1.2018892765045166	8.822632789611816	-3.957615375518799	-0.18325957655906677	0.01710422709584236	0.030543262138962746
19.40728110000009	1.2018892765045166	8.822632789611816	-3.957615375518799	-0.18325957655906677	0.01710422709584236	0.030543262138962746
19.423896000000013	1.0678139925003052	8.712499618530273	-3.6750996112823486	-0.24923302233219147	0.02932153269648552	0.03787364438176155
19.423945799999956	1.0678139925003052	8.712499618530273	-3.6750996112823486	-0.24923302233219147	0.02932153269648552	0.03787364438176155
19.44716049999988	1.1659762859344482	8.875306129455566	-3.797203779220581	-0.26022860407829285	0.021991148591041565	0.00366519158706069
19.447195199999896	1.1659762859344482	8.875306129455566	-3.797203779220581	-0.26022860407829285	0.021991148591041565	0.00366519158706069
19.466854499999954	1.2976573705673218	9.27034854888916	-3.7660791873931885	-0.1612684279680252	0.0403171069920063	-0.0012217304902151227
19.467588100000057	1.2976573705673218	9.27034854888916	-3.7660791873931885	-0.1612684279680252	0.0403171069920063	-0.0012217304902151227
19.48718359999998	1.2737152576446533	9.129091262817383	-3.6942532062530518	-0.13072516024112701	0.04886921867728233	0.0024434609804302454
19.487243099999887	1.2737152576446533	9.129091262817383	-3.6942532062530518	-0.13072516024112701	0.04886921867728233	0.0024434609804302454
19.506069199999956	1.3455413579940796	9.107542991638184	-3.6080620288848877	-0.19547687470912933	0.05253441259264946	0.019547687843441963
19.508501999999908	1.3455413579940796	9.107542991638184	-3.6080620288848877	-0.19547687470912933	0.05253441259264946	0.019547687843441963
19.526038700000072	1.4197616577148438	9.028534889221191	-3.584120035171509	-0.18570303916931152	0.05253441259264946	0.05009094998240471
19.52663039999993	1.4197616577148438	9.028534889221191	-3.584120035171509	-0.18570303916931152	0.05253441259264946	0.05009094998240471
19.556115200000022	1.558625340461731	9.129091262817383	-3.689464807510376	-0.11239920556545258	0.06475171446800232	0.06108652427792549
19.556164699999954	1.558625340461731	9.129091262817383	-3.689464807510376	-0.11239920556545258	0.06475171446800232	0.06108652427792549
19.56818300000009	1.4628572463989258	9.078812599182129	-3.624821424484253	-0.02687807008624077	0.07208210229873657	0.08674286305904388
19.569970600000033	1.4628572463989258	9.078812599182129	-3.624821424484253	-0.02687807008624077	0.07208210229873657	0.08674286305904388
19.58631730000002	1.5729905366897583	9.126696586608887	-3.7684733867645264	-0.02321287989616394	0.0708603709936142	0.10751228034496307
19.586351299999933	1.5729905366897583	9.126696586608887	-3.7684733867645264	-0.02321287989616394	0.0708603709936142	0.10751228034496307
19.606520300000057	1.5394717454910278	9.244012832641602	-3.8139634132385254	0.042760565876960754	0.1160643994808197	0.12828169763088226
19.606550499999912	1.5394717454910278	9.244012832641602	-3.8139634132385254	0.042760565876960754	0.1160643994808197	0.12828169763088226
19.6272320999999	1.37906014919281	9.148244857788086	-3.514688014984131	0.042760565876960754	0.14782938361167908	0.13927727937698364
19.629124000000047	1.37906014919281	9.148244857788086	-3.514688014984131	0.042760565876960754	0.14782938361167908	0.13927727937698364
19.64526950000004	1.2952631711959839	8.583212852478027	-3.557783842086792	-0.06719517707824707	0.1722639948129654	0.14538592100143433
19.645300500000076	1.2952631711959839	8.583212852478027	-3.557783842086792	-0.06719517707824707	0.1722639948129654	0.14538592100143433
19.665924800000084	1.3670891523361206	8.501810073852539	-3.2992098331451416	-0.09407325088977814	0.1869247704744339	0.09285151958465576
19.66712940000002	1.3670891523361206	8.501810073852539	-3.2992098331451416	-0.09407325088977814	0.1869247704744339	0.09285151958465576
19.685072999999875	1.278503656387329	8.904036521911621	-3.160346269607544	0.09162978827953339	0.1869247704744339	0.045204028487205505
19.68596739999998	1.278503656387329	8.904036521911621	-3.160346269607544	0.09162978827953339	0.1869247704744339	0.045204028487205505
19.705000400000017	1.4077905416488647	8.904036521911621	-3.4524388313293457	0.14049901068210602	0.16859880089759827	-0.013439035043120384
19.70503430000008	1.4077905416488647	8.904036521911621	-3.4524388313293457	0.14049901068210602	0.16859880089759827	-0.013439035043120384
19.728132799999912	1.501164436340332	9.035717010498047	-3.555389642715454	0.06230825558304787	0.14416420459747314	-0.05619960278272629
19.72816469999998	1.501164436340332	9.035717010498047	-3.555389642715454	0.06230825558304787	0.14416420459747314	-0.05619960278272629
19.744839899999988	1.6496049165725708	8.887276649475098	-3.220201253890991	0.03420845419168472	0.12950342893600464	-0.04398229718208313
19.744868600000018	1.6496049165725708	8.887276649475098	-3.220201253890991	0.03420845419168472	0.12950342893600464	-0.04398229718208313
19.764624599999934	1.778891921043396	8.80587387084961	-3.359065055847168	0.04764748737215996	0.09651670604944229	-0.05497787147760391
19.764653599999974	1.778891921043396	8.80587387084961	-3.359065055847168	0.04764748737215996	0.09651670604944229	-0.05497787147760391
19.785307399999965	1.7693150043487549	8.69095230102539	-3.6320040225982666	0.09651670604944229	0.08552113175392151	-0.08674286305904388
19.785336099999995	1.7693150043487549	8.69095230102539	-3.6320040225982666	0.09651670604944229	0.08552113175392151	-0.08674286305904388
19.806029899999885	1.6615760326385498	9.787496566772461	-3.021482467651367	0.3078760802745819	0.1062905490398407	-0.12217304855585098
19.806066500000043	1.6615760326385498	9.787496566772461	-3.021482467651367	0.3078760802745819	0.1062905490398407	-0.12217304855585098
19.82421260000001	1.316810965538025	9.191340446472168	-3.3446998596191406	0.16371189057826996	0.024434609338641167	-0.07208210229873657
19.82424149999997	1.316810965538025	9.191340446472168	-3.3446998596191406	0.16371189057826996	0.024434609338641167	-0.07208210229873657
19.844695300000012	1.3934253454208374	8.813055992126465	-3.375824451446533	-0.08918632566928864	-0.02076941914856434	-0.05253441259264946
19.845032299999957	1.3934253454208374	8.813055992126465	-3.375824451446533	-0.08918632566928864	-0.02076941914856434	-0.05253441259264946
19.866826299999957	1.3670891523361206	8.951920509338379	-3.380612850189209	0.03298672288656235	-0.07208210229873657	-0.02321287989616394
19.866856999999982	1.3670891523361206	8.951920509338379	-3.380612850189209	0.03298672288656235	-0.07208210229873657	-0.02321287989616394
19.885678899999903	1.4221558570861816	8.971074104309082	-3.576937437057495	0.07330382615327835	-0.10995574295520782	-0.01466076634824276
19.88571019999995	1.4221558570861816	8.971074104309082	-3.576937437057495	0.07330382615327835	-0.10995574295520782	-0.01466076634824276
19.90585229999988	1.501164436340332	8.939949035644531	-3.576937437057495	0.1160643994808197	-0.11239920556545258	-0.009773843921720982
19.905924500000083	1.501164436340332	8.939949035644531	-3.576937437057495	0.1160643994808197	-0.11239920556545258	-0.009773843921720982
19.925683700000036	1.4484920501708984	8.765172004699707	-3.780444383621216	0.0806342139840126	-0.1160643994808197	-0.025656340643763542
19.92571309999994	1.4484920501708984	8.765172004699707	-3.780444383621216	0.0806342139840126	-0.1160643994808197	-0.025656340643763542
19.94800209999994	1.3072341680526733	8.848969459533691	-3.8714241981506348	0.04886921867728233	-0.10506882518529892	-0.045204028487205505
19.948047000000088	1.3072341680526733	8.848969459533691	-3.8714241981506348	0.04886921867728233	-0.10506882518529892	-0.045204028487205505
19.96446650000007	1.3838485479354858	8.93037223815918	-3.818751811981201	0.03787364438176155	-0.09407325088977814	-0.07330382615327835
19.964504000000034	1.3838485479354858	8.93037223815918	-3.818751811981201	0.03787364438176155	-0.09407325088977814	-0.07330382615327835
19.983277000000044	1.5155296325683594	9.026140213012695	-3.825934410095215	0.013439035043120384	-0.07696902006864548	-0.1014036312699318
19.983326799999986	1.5155296325683594	9.026140213012695	-3.825934410095215	0.013439035043120384	-0.07696902006864548	-0.1014036312699318
20.006981100000075	1.53707754611969	9.184157371520996	-3.890577793121338	-0.00366519158706069	-0.05742133408784866	-0.1062905490398407
20.00703159999989	1.53707754611969	9.184157371520996	-3.890577793121338	-0.00366519158706069	-0.05742133408784866	-0.1062905490398407
20.02262429999996	1.436521053314209	9.2033109664917	-3.643975019454956	-0.04398229718208313	-0.03176499158143997	-0.09040805697441101
20.02267669999992	1.436521053314209	9.2033109664917	-3.643975019454956	-0.04398229718208313	-0.03176499158143997	-0.09040805697441101
20.047167299999956	1.357512354850769	8.89445972442627	-3.4763808250427246	-0.10384709388017654	-0.03176499158143997	-0.05253441259264946
20.047219499999983	1.357512354850769	8.89445972442627	-3.4763808250427246	-0.10384709388017654	-0.03176499158143997	-0.05253441259264946
20.064570900000035	1.4508862495422363	8.899248123168945	-3.823540210723877	-0.12217304855585098	-0.04642575979232788	-0.04642575979232788
20.064624999999978	1.4508862495422363	8.899248123168945	-3.823540210723877	-0.12217304855585098	-0.04642575979232788	-0.04642575979232788
20.08635520000007	1.403002142906189	9.160215377807617	-3.691859006881714	0.004886921960860491	-0.04764748737215996	-0.042760565876960754
20.08639919999996	1.403002142906189	9.160215377807617	-3.691859006881714	0.004886921960860491	-0.04764748737215996	-0.042760565876960754
20.106356300000016	1.5059528350830078	9.057265281677246	-4.043806552886963	0.045204028487205505	-0.039095375686883926	-0.02076941914856434
20.106408099999953	1.5059528350830078	9.057265281677246	-4.043806552886963	0.045204028487205505	-0.039095375686883926	-0.02076941914856434
20.12529040000004	1.2497732639312744	9.107542991638184	-3.60566782951355	-0.00855211354792118	-0.02687807008624077	-0.0012217304902151227
20.125345200000083	1.2497732639312744	9.107542991638184	-3.60566782951355	-0.00855211354792118	-0.02687807008624077	-0.0012217304902151227
20.145794199999955	1.2952631711959839	8.868123054504395	-3.73016619682312	-0.01466076634824276	-0.04153883829712868	0.042760565876960754
20.14588189999995	1.2952631711959839	8.868123054504395	-3.73016619682312	-0.01466076634824276	-0.04153883829712868	0.042760565876960754
20.166853299999957	1.259350061416626	8.956708908081055	-3.6583402156829834	-0.03420845419168472	-0.013439035043120384	0.02321287989616394
20.168255799999997	1.259350061416626	8.956708908081055	-3.6583402156829834	-0.03420845419168472	-0.013439035043120384	0.02321287989616394
20.186172799999895	1.1013327836990356	9.083600997924805	-3.780444383621216	0.004886921960860491	0.00733038317412138	0.006108652334660292
20.186202999999978	1.1013327836990356	9.083600997924805	-3.780444383621216	0.004886921960860491	0.00733038317412138	0.006108652334660292
20.208894699999973	1.2737152576446533	8.9064302444458	-3.7181951999664307	-0.036651913076639175	0.021991148591041565	0.00366519158706069
20.2089461999999	1.2737152576446533	8.9064302444458	-3.7181951999664307	-0.036651913076639175	0.021991148591041565	0.00366519158706069
20.226298600000064	1.3239935636520386	8.935160636901855	-3.892971992492676	-0.11972958594560623	0.024434609338641167	0.004886921960860491
20.227205400000003	1.3239935636520386	8.935160636901855	-3.892971992492676	-0.11972958594560623	0.024434609338641167	0.004886921960860491
20.24961559999997	1.3718775510787964	9.141061782836914	-3.7708675861358643	-0.1319468915462494	0.03176499158143997	-0.010995574295520782
20.249669799999992	1.3718775510787964	9.141061782836914	-3.7708675861358643	-0.1319468915462494	0.03176499158143997	-0.010995574295520782
20.26902199999995	1.5155296325683594	9.121908187866211	-3.667917013168335	-0.1514945775270462	0.051312681287527084	-0.013439035043120384
20.269062000000076	1.5155296325683594	9.121908187866211	-3.667917013168335	-0.1514945775270462	0.051312681287527084	-0.013439035043120384
20.288409199999933	1.525106430053711	9.222464561462402	-3.797203779220581	-0.16737708449363708	0.06352998316287994	-0.0012217304902151227
20.288459599999896	1.525106430053711	9.222464561462402	-3.797203779220581	-0.16737708449363708	0.06352998316287994	-0.0012217304902151227
20.306859699999904	1.501164436340332	9.191340446472168	-3.579331636428833	-0.1661553531885147	0.08918632566928864	0.028099801391363144
20.30754449999995	1.501164436340332	9.191340446472168	-3.579331636428833	-0.1661553531885147	0.08918632566928864	0.028099801391363144
20.327308399999993	1.41257905960083	8.762778282165527	-3.6296098232269287	-0.11728613078594208	0.1014036312699318	0.07330382615327835
20.32761490000007	1.41257905960083	8.762778282165527	-3.6296098232269287	-0.11728613078594208	0.1014036312699318	0.07330382615327835
20.34792309999989	1.400607943534851	8.793902397155762	-3.485957622528076	-0.03787364438176155	0.09773843735456467	0.1111774742603302
20.348184700000047	1.400607943534851	8.793902397155762	-3.485957622528076	-0.03787364438176155	0.09773843735456467	0.1111774742603302
20.37021260000006	1.3479355573654175	8.652645111083984	-3.2824504375457764	0.1771509200334549	0.12339477986097336	0.12217304855585098
20.37211410000009	1.3479355573654175	8.652645111083984	-3.2824504375457764	0.1771509200334549	0.12339477986097336	0.12217304855585098
20.388271199999963	1.556231141090393	8.975862503051758	-3.5410242080688477	0.33597588539123535	0.12950342893600464	0.08429940044879913
20.388313899999957	1.556231141090393	8.975862503051758	-3.5410242080688477	0.33597588539123535	0.12950342893600464	0.08429940044879913
20.407597500000065	1.5753847360610962	9.153033256530762	-3.754108190536499	0.4740314185619354	0.12828169763088226	0.06475171446800232
20.407637900000054	1.5753847360610962	9.153033256530762	-3.754108190536499	0.4740314185619354	0.12828169763088226	0.06475171446800232
20.427008699999988	1.5705963373184204	9.02135181427002	-3.5170822143554688	0.46181413531303406	0.10873401165008545	0.04642575979232788
20.427041200000076	1.5705963373184204	9.02135181427002	-3.5170822143554688	0.46181413531303406	0.10873401165008545	0.04642575979232788
20.44816969999988	1.4053963422775269	8.51138687133789	-3.864241600036621	0.33475416898727417	0.08552113175392151	0.05864306539297104
20.448238100000026	1.4053963422775269	8.51138687133789	-3.864241600036621	0.33475416898727417	0.08552113175392151	0.05864306539297104
20.468552099999897	1.6711528301239014	7.762001991271973	-5.298368453979492	0.22846360504627228	0.06475171446800232	0.018325956538319588
20.46859449999988	1.6711528301239014	7.762001991271973	-5.298368453979492	0.22846360504627228	0.06475171446800232	0.018325956538319588
20.489048700000012	1.601720929145813	9.320627212524414	-3.689464807510376	0.3604104816913605	0.20525072515010834	-0.12339477986097336
20.489090699999906	1.601720929145813	9.320627212524414	-3.689464807510376	0.3604104816913605	0.20525072515010834	-0.12339477986097336
20.508099299999913	1.4293384552001953	8.813055992126465	-3.995922565460205	0.4899139404296875	0.17104226350784302	-0.06475171446800232
20.508137900000065	1.4293384552001953	8.813055992126465	-3.995922565460205	0.4899139404296875	0.17104226350784302	-0.06475171446800232
20.529759199999944	1.5490485429763794	8.87051773071289	-4.084507942199707	0.059864792972803116	0.21135938167572021	-0.16249015927314758
20.529818700000078	1.5490485429763794	8.87051773071289	-4.084507942199707	0.059864792972803116	0.21135938167572021	-0.16249015927314758
20.546877499999937	1.4101848602294922	8.971074104309082	-3.4165258407592773	0.028099801391363144	0.22479841113090515	-0.16249015927314758
20.546933800000033	1.4101848602294922	8.971074104309082	-3.4165258407592773	0.028099801391363144	0.22479841113090515	-0.16249015927314758
20.567579499999965	1.5466543436050415	9.117119789123535	-3.2632968425750732	-0.042760565876960754	0.2064724564552307	-0.16737708449363708
20.567634400000088	1.5466543436050415	9.117119789123535	-3.2632968425750732	-0.042760565876960754	0.2064724564552307	-0.16737708449363708
20.587966300000062	1.4245500564575195	9.425971984863281	-3.2824504375457764	-0.13439035415649414	0.1612684279680252	-0.17959438264369965
20.58800700000006	1.4245500564575195	9.425971984863281	-3.2824504375457764	-0.13439035415649414	0.1612684279680252	-0.17959438264369965
20.60694770000009	1.3958195447921753	9.339780807495117	-3.6296098232269287	-0.19914206862449646	0.08429940044879913	-0.13561208546161652
20.607910100000026	1.3958195447921753	9.339780807495117	-3.6296098232269287	-0.19914206862449646	0.08429940044879913	-0.13561208546161652
20.62700249999989	1.3742717504501343	9.107542991638184	-3.404554843902588	-0.3066543638706207	-0.010995574295520782	-0.0806342139840126
20.627806499999906	1.3742717504501343	9.107542991638184	-3.404554843902588	-0.3066543638706207	-0.010995574295520782	-0.0806342139840126
20.646027900000036	1.5682021379470825	8.432378768920898	-3.7421371936798096	-0.3433062732219696	-0.06719517707824707	-0.013439035043120384
20.64607090000004	1.5682021379470825	8.432378768920898	-3.7421371936798096	-0.3433062732219696	-0.06719517707824707	-0.013439035043120384
