timestamp_sec	0	1
0.014248200022848323	78.0	100.0
0.03433290001703426	78.0	100.0
0.05482490002759732	78.0	100.0
0.07463290001032874	78.0	100.0
0.09384090002276935	78.0	100.0
0.11448720001499169	78.0	100.0
0.13503400000627153	78.0	100.0
0.1539154000056442	78.0	100.0
0.17454860001453198	78.0	100.0
0.19298310001613572	78.0	100.0
0.21434260002570227	78.0	100.0
0.2346393000043463	78.0	100.0
0.2544220000272617	78.0	100.0
0.2750693000270985	78.0	100.0
0.294731200003298	78.0	100.0
0.3145871000015177	78.0	100.0
0.3343839000153821	78.0	100.0
0.35466080001788214	78.0	100.0
0.374850400025025	78.0	100.0
0.39474909999989904	78.0	100.0
0.4146228000172414	78.0	100.0
0.43564840001636185	78.0	100.0
0.455673000018578	78.0	100.0
0.47558030000072904	78.0	100.0
0.4946440000203438	78.0	100.0
0.5162459000130184	78.0	100.0
0.5361400000110734	78.0	100.0
0.5553955000068527	78.0	100.0
0.5752107000153046	78.0	100.0
0.5950765000015963	78.0	100.0
0.6154330000281334	78.0	100.0
0.6351211000001058	78.0	100.0
0.6551015000150073	78.0	100.0
0.6749659000197425	78.0	100.0
0.6945319000224117	78.0	100.0
0.7151354000088759	78.0	100.0
0.734409600001527	78.0	100.0
0.7568254000216257	78.0	100.0
0.7749719000130426	78.0	100.0
0.794353700010106	78.0	100.0
0.8152685000095516	78.0	100.0
0.8350399000046309	78.0	100.0
0.8554358000110369	78.0	100.0
0.8752444000274409	78.0	100.0
0.8952820000122301	78.0	100.0
0.9154019000125118	79.0	100.0
0.9351474000141025	79.0	100.0
0.9574268000142183	79.0	100.0
0.975577000004705	79.0	100.0
0.9951051000098232	79.0	100.0
1.0150810000195634	79.0	100.0
1.035029900027439	79.0	100.0
1.0564061000186484	79.0	100.0
1.0750590000243392	79.0	100.0
1.0945483000250533	79.0	100.0
1.1151504000008572	79.0	100.0
1.1372401000116952	79.0	100.0
1.1560332000080962	79.0	100.0
1.175894200016046	79.0	100.0
1.1954844000283629	79.0	100.0
1.2192202000005636	79.0	100.0
1.2351182000129484	79.0	100.0
1.2553194000211079	79.0	100.0
1.2754749000014272	79.0	100.0
1.2953946000197902	79.0	100.0
1.3189388000173494	79.0	100.0
1.3350676000118256	79.0	100.0
1.3553864000132307	79.0	100.0
1.375179200025741	79.0	100.0
1.3946292000182439	79.0	100.0
1.4143158000078984	79.0	100.0
1.4357278000097722	79.0	100.0
1.4545184000162408	79.0	100.0
1.4750993000052404	79.0	100.0
1.4949710000073537	79.0	100.0
1.5147353000065777	79.0	100.0
1.534580300009111	79.0	100.0
1.5549564000102691	79.0	100.0
1.5758151000190992	79.0	100.0
1.5953997000178788	79.0	100.0
1.6147917000052985	79.0	100.0
1.6348539000027813	79.0	100.0
1.6551431000116281	79.0	100.0
1.6753255000221543	79.0	100.0
1.6947804000228643	79.0	100.0
1.7150994000257924	79.0	100.0
1.7349626000213902	79.0	100.0
1.7550643000286072	79.0	100.0
1.7751185000233818	79.0	100.0
1.7974506000173278	79.0	100.0
1.8187242000130937	79.0	100.0
1.8358513000130188	79.0	100.0
1.8565753000148106	79.0	100.0
1.8770320000185166	79.0	100.0
1.8970284000097308	79.0	100.0
1.916962900024373	78.0	100.0
1.9364140000252519	78.0	100.0
1.9563476000039373	78.0	100.0
1.9782201000198256	78.0	100.0
1.996460600028513	78.0	100.0
2.0170331000117585	78.0	100.0
2.036266800016165	78.0	100.0
2.0562974000058603	78.0	100.0
2.0767802000045776	78.0	100.0
2.097090300027048	78.0	100.0
2.1156523000099696	78.0	100.0
2.1365973000065424	78.0	100.0
2.1569226999999955	78.0	100.0
2.1766901000228245	78.0	100.0
2.1968204000149854	78.0	100.0
2.216661500016926	78.0	100.0
2.2367860000231303	78.0	100.0
2.257298600015929	78.0	100.0
2.2769993000256363	78.0	100.0
2.29705950000789	78.0	100.0
2.3170317000185605	78.0	100.0
2.3359630000195466	78.0	100.0
2.355563200020697	78.0	100.0
2.376936900021974	78.0	100.0
2.3967713000020012	78.0	100.0
2.4166075000248384	78.0	100.0
2.4365472000208683	78.0	100.0
2.4564030000183266	78.0	100.0
2.476913600025	78.0	100.0
2.497458900004858	78.0	100.0
2.516507200023625	78.0	100.0
2.5350914000009652	78.0	100.0
2.5558369000209495	78.0	100.0
2.5757980000053067	78.0	100.0
2.5970674000272993	78.0	100.0
2.6158583000069484	78.0	100.0
2.6367067000246607	78.0	100.0
2.6551443000207655	78.0	100.0
2.6764968000061344	78.0	100.0
2.6959916000196245	78.0	100.0
2.7153251000272576	78.0	100.0
2.7359403000155	78.0	100.0
2.7565439000027254	78.0	100.0
2.7759738000168	78.0	100.0
2.7974150000081863	78.0	100.0
2.8157112000044435	78.0	100.0
2.8352243000117596	78.0	100.0
2.8554260000237264	78.0	100.0
2.8802920000161976	78.0	100.0
2.8969622000004165	78.0	100.0
2.9173467000073288	78.0	100.0
2.937015400006203	78.0	100.0
2.957060900022043	78.0	100.0
2.976862400013488	78.0	100.0
2.9970837000000756	78.0	100.0
3.016945300012594	78.0	100.0
3.036965200008126	78.0	100.0
3.056840100005502	78.0	100.0
3.0781677000049967	78.0	100.0
3.097034500009613	78.0	100.0
3.118126100016525	78.0	100.0
3.137245800025994	78.0	100.0
3.156944000016665	78.0	100.0
3.1774806000175886	78.0	100.0
3.1971567000146024	78.0	100.0
3.2166271000169218	78.0	100.0
3.2369568000140134	78.0	100.0
3.256592800025828	78.0	100.0
3.2773499000177253	78.0	100.0
3.296987000008812	78.0	100.0
3.316879100020742	78.0	100.0
3.337093400012236	78.0	100.0
3.3628798000281677	78.0	100.0
3.3764595000247937	78.0	100.0
3.396738900017226	78.0	100.0
3.419197900017025	78.0	100.0
3.436624900001334	78.0	100.0
3.45644270000048	78.0	100.0
3.479209700017236	78.0	100.0
3.4988797000260092	78.0	100.0
3.5184699000092223	78.0	100.0
3.5370568000071216	78.0	100.0
3.557078100013314	78.0	100.0
3.5768524000013713	78.0	100.0
3.5972633000055794	78.0	100.0
3.6170464000024367	78.0	100.0
3.637341500027105	78.0	100.0
3.658053100021789	78.0	100.0
3.6778596000222024	78.0	100.0
3.6967638000205625	78.0	100.0
3.716572000004817	78.0	100.0
3.7368420000129845	78.0	100.0
3.7571901000046637	78.0	100.0
3.7772962000162806	78.0	100.0
3.7967691000085324	78.0	100.0
3.8164993000100367	78.0	100.0
3.835787700023502	78.0	100.0
3.8542796000256203	78.0	100.0
3.8742672000080347	78.0	100.0
3.8946754000207875	78.0	100.0
3.9145351000188384	80.0	100.0
3.9344420000270475	80.0	100.0
3.9564902000129223	80.0	100.0
3.974461700010579	80.0	100.0
3.9948394000239205	80.0	100.0
4.015777500026161	80.0	100.0
4.036634300020523	80.0	100.0
4.05697040000814	80.0	100.0
4.077823700004956	80.0	100.0
4.097268600016832	80.0	100.0
4.117287300003227	80.0	100.0
4.138397500006249	80.0	100.0
4.158704700006638	80.0	100.0
4.178196300024865	80.0	100.0
4.198141200002283	80.0	100.0
4.216927000001306	80.0	100.0
4.238173700025072	80.0	100.0
4.257260400016094	80.0	100.0
4.278530200012028	80.0	100.0
4.297496400016826	80.0	100.0
4.3178138000075705	80.0	100.0
4.338567800004967	80.0	100.0
4.358530299999984	80.0	100.0
4.378568300016923	80.0	100.0
4.398438300006092	80.0	100.0
4.417382400017232	80.0	100.0
4.43830550002167	80.0	100.0
4.4586369000026025	80.0	100.0
4.478654900012771	80.0	100.0
4.498323500010883	80.0	100.0
4.5177870000188705	80.0	100.0
4.538259400025709	80.0	100.0
4.558391700003995	80.0	100.0
4.577789400005713	80.0	100.0
4.598232400021516	80.0	100.0
4.617670200008433	80.0	100.0
4.637733500014292	80.0	100.0
4.658293100015726	80.0	100.0
4.679041600000346	80.0	100.0
4.69786230000318	80.0	100.0
4.717661600006977	80.0	100.0
4.737840000016149	80.0	100.0
4.758135600015521	80.0	100.0
4.777857500012033	80.0	100.0
4.797967700025765	80.0	100.0
4.817254100024002	80.0	100.0
4.8379417000105605	80.0	100.0
4.859787200024584	80.0	100.0
4.87842790002469	80.0	100.0
4.898812800005544	80.0	100.0
4.919358300016029	81.0	100.0
4.93876360001741	81.0	100.0
4.958590400026878	81.0	100.0
4.978745800006436	81.0	100.0
4.9996484000002965	81.0	100.0
5.018726300011622	81.0	100.0
5.038812000013422	81.0	100.0
5.058713600010378	81.0	100.0
5.0791556000185665	81.0	100.0
5.09852930001216	81.0	100.0
5.1182540000008885	81.0	100.0
5.137979500024812	81.0	100.0
5.159780200017849	81.0	100.0
5.178286000009393	81.0	100.0
5.198377800028538	81.0	100.0
5.218055900011677	81.0	100.0
5.238157000014326	81.0	100.0
5.258630600001197	81.0	100.0
5.278973100008443	81.0	100.0
5.298496800009161	81.0	100.0
5.318357400014065	81.0	100.0
5.338311300001806	81.0	100.0
5.358532300015213	81.0	100.0
5.378512100025546	81.0	100.0
5.398184700025013	81.0	100.0
5.4189576000208035	81.0	100.0
5.438590200006729	81.0	100.0
5.459587300021667	81.0	100.0
5.478619700006675	81.0	100.0
5.498442200012505	81.0	100.0
5.5199037000129465	81.0	100.0
5.538328100024955	81.0	100.0
5.559076500008814	81.0	100.0
5.579158000007737	81.0	100.0
5.598692000028677	81.0	100.0
5.618590000027325	81.0	100.0
5.6391037000285	81.0	100.0
5.658618800021941	81.0	100.0
5.679377100022975	81.0	100.0
5.699376400007168	81.0	100.0
5.718941600003745	81.0	100.0
5.739084900007583	81.0	100.0
5.759696900000563	81.0	100.0
5.779649000003701	81.0	100.0
5.798861000017496	81.0	100.0
5.818931500019971	81.0	100.0
5.838947900017956	81.0	100.0
5.859244600025704	81.0	100.0
5.879695300012827	81.0	100.0
5.898512400017353	81.0	100.0
5.9200174000288825	81.0	100.0
5.935415100015234	81.0	100.0
5.959342100017238	81.0	100.0
5.979265400004806	81.0	100.0
5.999530400004005	81.0	100.0
6.018967400013935	81.0	100.0
6.0399816000135615	81.0	100.0
6.060148200020194	81.0	100.0
6.0817210000241175	81.0	100.0
6.100411000021268	81.0	100.0
6.119125000026543	81.0	100.0
6.138891900016461	81.0	100.0
6.158795500028646	81.0	100.0
6.178991000022506	81.0	100.0
6.199096900003497	81.0	100.0
6.219642400013981	81.0	100.0
6.240984700008994	81.0	100.0
6.259049100015545	81.0	100.0
6.279744900006335	81.0	100.0
6.299669200001517	81.0	100.0
6.319547400024021	81.0	100.0
6.338739500002703	81.0	100.0
6.359003100020345	81.0	100.0
6.379004900023574	81.0	100.0
6.399447800009511	81.0	100.0
6.418741300003603	81.0	100.0
6.439189700002316	81.0	100.0
6.458860500017181	81.0	100.0
6.479147900012322	81.0	100.0
6.498947500018403	81.0	100.0
6.519880000007106	81.0	100.0
6.5408933000289835	81.0	100.0
6.560656300018309	81.0	100.0
6.581442100025015	81.0	100.0
6.600613900023745	81.0	100.0
6.619270800001686	81.0	100.0
6.639788700005738	81.0	100.0
6.660484300024109	81.0	100.0
6.680460100003984	81.0	100.0
6.70052830001805	81.0	100.0
6.720645400026115	81.0	100.0
6.740370700019412	81.0	100.0
6.760811700019985	81.0	100.0
6.780618500022683	81.0	100.0
6.800316700013354	81.0	100.0
6.819657700019889	81.0	100.0
6.840611000021454	81.0	100.0
6.8637163000239525	81.0	100.0
6.8813996000099	81.0	100.0
6.90163060001214	81.0	100.0
6.920386300014798	81.0	100.0
6.940889100020286	81.0	100.0
6.9626603000215255	81.0	100.0
6.982307500002207	81.0	100.0
7.003020600008313	81.0	100.0
7.020975500025088	81.0	100.0
7.03954330002307	81.0	100.0
7.059551900019869	81.0	100.0
7.0813230000203475	81.0	100.0
7.099765300023137	81.0	100.0
7.120909400022356	81.0	100.0
7.140492100006668	81.0	100.0
7.1600117000052705	81.0	100.0
7.180282700021053	81.0	100.0
7.201053200027673	81.0	100.0
7.221467800001847	81.0	100.0
7.240452100028051	81.0	100.0
7.26036130002467	81.0	100.0
7.281198200013023	81.0	100.0
7.300583200005349	81.0	100.0
7.320912400027737	81.0	100.0
7.340490900009172	81.0	100.0
7.3605918000102974	81.0	100.0
7.380905200028792	81.0	100.0
7.401281100028427	81.0	100.0
7.420874000003096	81.0	100.0
7.4408776000200305	81.0	100.0
7.459778500022367	81.0	100.0
7.48076000000583	81.0	100.0
7.501829600019846	81.0	100.0
7.520064300013473	81.0	100.0
7.539967800024897	81.0	100.0
7.560432800004492	81.0	100.0
7.579032300011022	81.0	100.0
7.60069800002384	81.0	100.0
7.621287900023162	81.0	100.0
7.640461900009541	81.0	100.0
7.6604194000246935	81.0	100.0
7.68094670001301	81.0	100.0
7.700277100026142	81.0	100.0
7.7201775000139605	81.0	100.0
7.740653100016061	81.0	100.0
7.7606008000147995	81.0	100.0
7.780851000017719	81.0	100.0
7.8009505000081845	81.0	100.0
7.822203500021715	81.0	100.0
7.841292400000384	81.0	100.0
7.860920700011775	81.0	100.0
7.880891000007978	81.0	100.0
7.901709200028563	81.0	100.0
7.921649800002342	81.0	100.0
7.9406332000216935	81.0	100.0
7.960649200016633	81.0	100.0
7.981316200020956	81.0	100.0
8.000638700003037	81.0	100.0
8.020532300026389	81.0	100.0
8.04092720002518	81.0	100.0
8.060558500001207	81.0	100.0
8.080847100005485	81.0	100.0
8.100527300004615	81.0	100.0
8.120611800026381	81.0	100.0
8.14105240002391	81.0	100.0
8.161208400008036	81.0	100.0
8.180995300004724	81.0	100.0
8.200837000011234	81.0	100.0
8.220897900027921	81.0	100.0
8.241083200002322	81.0	100.0
8.260885200026678	81.0	100.0
8.282002500025555	81.0	100.0
8.30094920002739	81.0	100.0
8.321878200018546	81.0	100.0
8.341241100017214	81.0	100.0
8.361144900001818	81.0	100.0
8.381152900023153	81.0	100.0
8.401150400022743	81.0	100.0
8.420487400027923	81.0	100.0
8.440960300009465	81.0	100.0
8.460546900023473	81.0	100.0
8.481098100019153	81.0	100.0
8.500945300009334	81.0	100.0
8.52095060001011	81.0	100.0
8.540623600012623	81.0	100.0
8.561275700019905	81.0	100.0
8.580900900007691	81.0	100.0
8.601061900000786	81.0	100.0
8.62050960000488	81.0	100.0
8.64141190002556	81.0	100.0
8.660778500023298	81.0	100.0
8.68138620001264	81.0	100.0
8.70119550000527	81.0	100.0
8.720901700027753	81.0	100.0
8.741025100025581	81.0	100.0
8.761511300021084	81.0	100.0
8.782681400014553	81.0	100.0
8.801056300027994	81.0	100.0
8.82143690000521	81.0	100.0
8.841631800023606	81.0	100.0
8.861008400010178	81.0	100.0
8.881794500019168	81.0	100.0
8.902064400026575	81.0	100.0
8.921806400001515	81.0	100.0
8.941723600000842	81.0	100.0
8.961565600009635	81.0	100.0
8.981642200000351	81.0	100.0
9.00195290002739	81.0	100.0
9.02117660001386	81.0	100.0
9.04055210002116	81.0	100.0
9.061374800017802	81.0	100.0
9.083221200009575	81.0	100.0
9.101272200001404	81.0	100.0
9.121540700027253	81.0	100.0
9.141413300007116	81.0	100.0
9.161490900005447	81.0	100.0
9.181769300019369	81.0	100.0
9.201097300014226	81.0	100.0
9.221765500027686	81.0	100.0
9.241715100011788	81.0	100.0
9.261261600011494	81.0	100.0
9.446011800027918	81.0	100.0
9.446035400003893	81.0	100.0
9.44604400001117	81.0	100.0
9.446052300016163	81.0	100.0
9.44605950001278	81.0	100.0
9.44606690001092	81.0	100.0
9.446074500010582	81.0	100.0
9.446082300011767	81.0	100.0
9.446504100022139	81.0	100.0
9.461665000009816	81.0	100.0
9.480432400014251	81.0	100.0
9.499465000000782	81.0	100.0
9.550514600006863	81.0	100.0
9.550537000002805	81.0	100.0
9.555313800025033	81.0	100.0
9.686828900012188	81.0	100.0
9.686864900024375	81.0	100.0
9.686883000016678	81.0	100.0
9.686904500005767	81.0	100.0
9.686928600014653	81.0	100.0
9.686945600027684	81.0	100.0
9.696145100024296	81.0	100.0
9.716772100015078	81.0	100.0
9.737596300023142	81.0	100.0
9.757656500005396	81.0	100.0
9.813104300003033	81.0	100.0
9.81315210001776	81.0	100.0
9.820173800020711	81.0	100.0
9.841641500010155	81.0	100.0
9.860497300018324	81.0	100.0
9.909742800024105	81.0	100.0
9.909763700008625	81.0	100.0
9.921437200013315	81.0	100.0
9.940993200027151	81.0	100.0
9.962771900027292	81.0	100.0
10.012839900009567	81.0	100.0
10.012860300019383	81.0	100.0
10.022340400028042	81.0	100.0
10.040877400024328	81.0	100.0
10.060420700028772	81.0	100.0
10.081307400017977	81.0	100.0
10.115283600025577	81.0	100.0
10.120844000019133	81.0	100.0
10.140625500003807	81.0	100.0
10.161063200008357	81.0	100.0
10.180975900002522	81.0	100.0
10.225072100001853	81.0	100.0
10.225091600004816	81.0	100.0
10.240588000015123	81.0	100.0
10.26134790002834	81.0	100.0
10.281655200000387	81.0	100.0
10.322911300027044	81.0	100.0
10.322933100018417	81.0	100.0
10.340483200008748	81.0	100.0
10.360524600022472	81.0	100.0
10.381240400020033	81.0	100.0
10.422430700011319	81.0	100.0
10.422450400015805	81.0	100.0
10.441236600017874	81.0	100.0
10.460558800026774	81.0	100.0
10.481705800018972	81.0	100.0
10.504225900018355	81.0	100.0
10.521757600014098	81.0	100.0
10.541191500000423	81.0	100.0
10.560708500008332	81.0	100.0
10.582614000013564	81.0	100.0
10.776396500004921	81.0	100.0
10.776445000024978	81.0	100.0
10.776469200005522	81.0	100.0
10.776492200006032	81.0	100.0
10.776514700002735	81.0	100.0
10.776537800004007	81.0	100.0
10.776564000028884	81.0	100.0
10.776591000001645	81.0	100.0
10.776613500027452	81.0	100.0
10.782353100017644	81.0	100.0
10.983028500020737	81.0	100.0
10.983049000002211	81.0	100.0
10.983057300007204	81.0	100.0
10.983066100016003	81.0	100.0
10.983074500021758	81.0	100.0
10.983082200022181	81.0	100.0
10.983089600020321	80.0	100.0
10.98309700001846	80.0	100.0
10.983104200015077	80.0	100.0
10.983431700005895	80.0	100.0
11.002434400026686	80.0	100.0
11.021908600028837	80.0	100.0
11.085803600028157	80.0	100.0
11.086357300024247	80.0	100.0
11.086388000025181	80.0	100.0
11.102664800011553	80.0	100.0
11.135303400020348	80.0	100.0
11.14253290000488	80.0	100.0
11.162598400027491	80.0	100.0
11.182516800006852	80.0	100.0
11.200744500005385	80.0	100.0
11.39210520000779	80.0	100.0
11.392153600027086	80.0	100.0
11.39217920001829	80.0	100.0
11.39220150001347	80.0	100.0
11.392225700023118	80.0	100.0
11.392256000021007	80.0	100.0
11.392279100022279	80.0	100.0
11.392300700012129	80.0	100.0
11.392322800005786	80.0	100.0
11.40352220000932	80.0	100.0
11.429815400013467	80.0	100.0
11.443379200005438	80.0	100.0
11.463579800009029	80.0	100.0
11.484788300003856	80.0	100.0
11.503296700015198	80.0	100.0
11.541242500010412	80.0	100.0
11.54323170002317	80.0	100.0
11.564267500012647	80.0	100.0
11.584023100003833	80.0	100.0
11.603997600002913	80.0	100.0
11.624901000002865	80.0	100.0
11.644829200027743	80.0	100.0
11.696551600005478	80.0	100.0
11.696570800006157	80.0	100.0
11.705643300025258	80.0	100.0
11.837069200002588	80.0	100.0
11.837088900007075	80.0	100.0
11.837102200021036	80.0	100.0
11.837113500019768	80.0	100.0
11.837121300020954	80.0	100.0
11.837128700019093	80.0	100.0
11.843833900027676	80.0	100.0
11.862804300006246	80.0	100.0
11.884716400003526	80.0	100.0
11.904900500026997	80.0	100.0
11.926007100002607	80.0	100.0
11.944572700012941	80.0	100.0
11.964302900014445	80.0	100.0
12.00789230002556	80.0	100.0
12.007912400003988	80.0	100.0
12.025152400019579	80.0	100.0
12.143976300023496	80.0	100.0
12.14399580002646	80.0	100.0
12.14400420000311	80.0	100.0
12.144011900003534	80.0	100.0
12.14401980000548	80.0	100.0
12.144900500017684	80.0	100.0
12.164976300002309	80.0	100.0
12.185192300006747	80.0	100.0
12.204675000015413	80.0	100.0
12.225809500028845	80.0	100.0
12.244804100017063	80.0	100.0
12.264304500014987	80.0	100.0
12.311004500021227	80.0	100.0
12.311028500000248	80.0	100.0
12.325130500015803	80.0	100.0
12.451006300019799	80.0	100.0
12.45103000002564	80.0	100.0
12.451038600003812	80.0	100.0
12.451047100010328	80.0	100.0
12.451054800010752	80.0	100.0
12.451062500011176	80.0	100.0
12.464820200024405	80.0	100.0
12.48554230001173	80.0	100.0
12.504504600015935	80.0	100.0
12.524935500026913	80.0	100.0
12.545399800001178	80.0	100.0
12.564989300008165	80.0	100.0
12.6275112000003	80.0	100.0
12.62753260001773	80.0	100.0
12.627541300025769	80.0	100.0
12.645798500016099	80.0	100.0
12.75774560001446	80.0	100.0
12.75777980001294	80.0	100.0
12.75779760000296	80.0	100.0
12.757814200012945	80.0	100.0
12.757830500020646	80.0	100.0
12.765698800008977	80.0	100.0
12.786030800023582	80.0	100.0
12.805379100027494	80.0	100.0
12.824700100027258	80.0	100.0
12.846243200008757	80.0	100.0
12.867147600016324	80.0	100.0
12.888833300006809	80.0	100.0
12.906646700022975	80.0	100.0
12.926474700012477	82.0	100.0
12.946982800000114	82.0	100.0
12.968196500005433	82.0	100.0
12.985768100013956	82.0	100.0
13.006494700006442	82.0	100.0
13.02635120000923	82.0	100.0
13.046721700025955	82.0	100.0
13.06387340000947	82.0	100.0
13.08513110000058	82.0	100.0
13.101570700004231	82.0	100.0
13.124581600015517	82.0	100.0
13.147047800011933	82.0	100.0
13.167011500016088	82.0	100.0
13.186411200003931	82.0	100.0
13.20754920001491	82.0	100.0
13.22443340002792	82.0	100.0
13.243376600003103	82.0	100.0
13.2637213000271	82.0	100.0
13.28749530002824	82.0	100.0
13.30689980002353	82.0	100.0
13.326328200026182	82.0	100.0
13.346335500013083	82.0	100.0
13.366290900012245	82.0	100.0
13.387182800011942	82.0	100.0
13.406637300009606	82.0	100.0
13.426419000024907	82.0	100.0
13.446913800027687	82.0	100.0
13.466240000008838	82.0	100.0
13.486928800004534	82.0	100.0
13.506705400010105	82.0	100.0
13.526820700004464	82.0	100.0
13.54626560001634	82.0	100.0
13.56648840001435	82.0	100.0
13.586636100022588	82.0	100.0
13.606890600000042	82.0	100.0
13.627430100023048	82.0	100.0
13.646506600023713	82.0	100.0
13.666744000016479	82.0	100.0
13.686742500023684	82.0	100.0
13.706555000011576	82.0	100.0
13.726934700011043	82.0	100.0
13.752753700013272	82.0	100.0
13.767095300019719	82.0	100.0
13.787076900014654	82.0	100.0
13.807105500018224	82.0	100.0
13.826496800000314	82.0	100.0
13.846807600028114	82.0	100.0
13.866190400003688	82.0	100.0
13.88700020001852	82.0	100.0
13.907000300008804	82.0	100.0
13.92709310000646	83.0	100.0
13.946979700005613	83.0	100.0
13.966970700013917	83.0	100.0
13.987180200027069	83.0	100.0
14.007232000003569	83.0	100.0
14.026486300019315	83.0	100.0
14.046421500010183	83.0	100.0
14.068525900016539	83.0	100.0
14.086807000014232	83.0	100.0
14.107202000013785	83.0	100.0
14.126505300024292	83.0	100.0
14.146420300006866	83.0	100.0
14.166954700020142	83.0	100.0
14.187366200028919	83.0	100.0
14.206895600014832	83.0	100.0
14.227090700005647	83.0	100.0
14.247037900000578	83.0	100.0
14.26714200002607	83.0	100.0
14.287624000018695	83.0	100.0
14.307568100019125	83.0	100.0
14.32712640002137	83.0	100.0
14.347067200025776	83.0	100.0
14.36697980001918	83.0	100.0
14.386433100007707	83.0	100.0
14.406964800000424	83.0	100.0
14.427095800027018	83.0	100.0
14.447937800025102	83.0	100.0
14.466991300025256	83.0	100.0
14.486963100003777	83.0	100.0
14.50729940002202	83.0	100.0
14.527241000003414	83.0	100.0
14.547066700004507	83.0	100.0
14.567561200005002	83.0	100.0
14.586875500011956	83.0	100.0
14.606965300015872	83.0	100.0
14.627086400025291	83.0	100.0
14.647045400022762	83.0	100.0
14.666753000026802	83.0	100.0
14.68732270001783	83.0	100.0
14.707303500006674	83.0	100.0
14.726981400017394	83.0	100.0
14.75139340001624	83.0	100.0
14.766440700012026	83.0	100.0
14.786343000014313	83.0	100.0
14.806150200020056	83.0	100.0
14.826761400006944	83.0	100.0
14.846881500008749	83.0	100.0
14.866799300012644	83.0	100.0
14.887646900024265	83.0	100.0
14.908570400002645	83.0	100.0
14.928378600016003	85.0	100.0
14.947569600015413	85.0	100.0
14.967573100002483	85.0	100.0
14.987424700026168	85.0	100.0
15.006794800021453	85.0	100.0
15.02690250001615	85.0	100.0
15.047374200017657	85.0	100.0
15.066567500005476	85.0	100.0
15.086962900008075	85.0	100.0
15.106813400023384	85.0	100.0
15.126651700004004	85.0	100.0
15.146271300007356	85.0	100.0
15.166969600017183	85.0	100.0
15.187509800016414	85.0	100.0
15.207421500002965	85.0	100.0
15.226793300011195	85.0	100.0
15.247902000002796	85.0	100.0
15.267439200018998	85.0	100.0
15.287862100027269	85.0	100.0
15.306814400013536	85.0	100.0
15.32642300002044	85.0	100.0
15.346675800014054	85.0	100.0
15.366935900005046	85.0	100.0
15.387530800013337	85.0	100.0
15.407327100023394	85.0	100.0
15.427313700027298	85.0	100.0
15.446902600000612	85.0	100.0
15.466755800007377	85.0	100.0
15.488392700004624	85.0	100.0
15.507553600007668	85.0	100.0
15.526972800027579	85.0	100.0
15.547265000001062	85.0	100.0
15.56850160000613	85.0	100.0
15.586729000002379	85.0	100.0
15.608242400019662	85.0	100.0
15.627888500021072	85.0	100.0
15.647670600010315	85.0	100.0
15.66880770001444	85.0	100.0
15.687413800013019	85.0	100.0
15.706949900020845	85.0	100.0
15.727677900023991	85.0	100.0
15.74805640001432	85.0	100.0
15.768108300020685	85.0	100.0
15.788495400018292	85.0	100.0
15.811683700012509	85.0	100.0
15.828193800000008	85.0	100.0
15.848449400014943	85.0	100.0
15.86823090002872	85.0	100.0
15.888259200000903	85.0	100.0
15.908984500012593	85.0	100.0
15.928452500025742	86.0	100.0
15.947592100012116	86.0	100.0
15.969639900024049	86.0	100.0
15.987114200019278	86.0	100.0
16.008427300024778	86.0	100.0
16.02717080002185	86.0	100.0
16.047145100019407	86.0	100.0
16.067195200012065	86.0	100.0
16.089077400014503	86.0	100.0
16.10926890000701	86.0	100.0
16.12820250002551	86.0	100.0
16.148295900027733	86.0	100.0
16.167038500017952	86.0	100.0
16.18746290000854	86.0	100.0
16.20763360001729	86.0	100.0
16.22540000002482	86.0	100.0
16.247540900018066	86.0	100.0
16.26750890002586	86.0	100.0
16.287618100002874	86.0	100.0
16.307312300021295	86.0	100.0
16.32927380001638	86.0	100.0
16.348875100025907	86.0	100.0
16.368220200005453	86.0	100.0
16.388446100027068	86.0	100.0
16.408476200012956	86.0	100.0
16.428612300020177	86.0	100.0
16.448660800000653	86.0	100.0
16.4687707000121	86.0	100.0
16.48884520001593	86.0	100.0
16.507892700028606	86.0	100.0
16.52875060000224	86.0	100.0
16.5484315000067	86.0	100.0
16.568736000015633	86.0	100.0
16.588320800015936	86.0	100.0
16.608891300013056	86.0	100.0
16.630031600012444	86.0	100.0
16.647648200014373	86.0	100.0
16.668641200027196	86.0	100.0
16.689133300009416	86.0	100.0
16.709230600012233	86.0	100.0
16.73300270002801	86.0	100.0
16.74883750002482	86.0	100.0
16.76833550000447	86.0	100.0
16.789787700021407	86.0	100.0
16.808956500026397	86.0	100.0
16.829849300003843	86.0	100.0
16.848555100004887	86.0	100.0
16.86977790002129	86.0	100.0
16.889167200017255	86.0	100.0
16.909736100002192	86.0	100.0
16.93589600000996	88.0	100.0
16.950929500017082	88.0	100.0
16.968619800027227	88.0	100.0
16.98929290001979	88.0	100.0
17.01011390000349	88.0	100.0
17.031319100002293	88.0	100.0
17.049470600002678	88.0	100.0
17.068981300020823	88.0	100.0
17.089345900021726	88.0	100.0
17.109225500025786	88.0	100.0
17.12915600000997	88.0	100.0
17.148984700004803	88.0	100.0
17.17009070000495	88.0	100.0
17.190791300003184	88.0	100.0
17.211922900023637	88.0	100.0
17.232796600001166	88.0	100.0
17.249932700011414	88.0	100.0
17.269734100002097	88.0	100.0
17.28986220000661	88.0	100.0
17.310122300026705	88.0	100.0
17.332667600014247	88.0	100.0
17.351403900014702	88.0	100.0
17.369859800004633	88.0	100.0
17.39101260001189	88.0	100.0
17.409406900027534	88.0	100.0
17.42917870002566	88.0	100.0
17.45190700000967	88.0	100.0
17.46886460002861	88.0	100.0
17.490311000001384	88.0	100.0
17.509894800023176	88.0	100.0
17.530260600004112	88.0	100.0
17.548034700012067	88.0	100.0
17.569283700024243	88.0	100.0
17.588827300001867	88.0	100.0
17.610380200028885	88.0	100.0
17.630167200026335	88.0	100.0
17.6486996000167	88.0	100.0
17.670171400008257	88.0	100.0
17.685647800011793	88.0	100.0
17.70574740000302	88.0	100.0
17.729463900002884	88.0	100.0
17.749005300021963	88.0	100.0
17.7698350000137	88.0	100.0
17.790339900006074	88.0	100.0
17.810464900016086	88.0	100.0
17.830249600025127	88.0	100.0
17.850103400007356	88.0	100.0
17.87007510001422	88.0	100.0
17.89195830002427	88.0	100.0
17.910546400002204	88.0	100.0
17.930699600023217	88.0	100.0
17.948981500027003	88.0	100.0
17.9709541000193	88.0	100.0
17.990235400007805	88.0	100.0
18.010060300002806	88.0	100.0
18.029545200028224	88.0	100.0
18.050593800027855	88.0	100.0
18.071574900008272	88.0	100.0
18.091470400016988	88.0	100.0
18.109988200012594	88.0	100.0
18.129951100010658	88.0	100.0
18.149597800016636	88.0	100.0
18.170460900000762	88.0	100.0
18.19071800002712	88.0	100.0
18.21001070001512	88.0	100.0
18.229997300019022	88.0	100.0
18.250873500015587	88.0	100.0
18.267926000000443	88.0	100.0
18.290408900007606	88.0	100.0
18.31013540001004	88.0	100.0
18.330549900012556	88.0	100.0
18.350160500005586	88.0	100.0
18.37203440000303	88.0	100.0
18.39037810001173	88.0	100.0
18.410536000010325	88.0	100.0
18.430364400002873	88.0	100.0
18.44987530002254	88.0	100.0
18.471914600027958	88.0	100.0
18.490637300012168	88.0	100.0
18.51001740002539	88.0	100.0
18.530500600027153	88.0	100.0
18.54983520001406	88.0	100.0
18.572668300010264	88.0	100.0
18.59016740001971	88.0	100.0
18.609938400011742	88.0	100.0
18.628964200004702	88.0	100.0
18.650448800006416	88.0	100.0
18.67005980000249	88.0	100.0
18.687413500010734	88.0	100.0
18.70989600001485	88.0	100.0
18.729961500008358	88.0	100.0
18.74945140001364	88.0	100.0
18.76839170002495	88.0	100.0
18.789842200028943	88.0	100.0
18.810368500009645	88.0	100.0
18.829731500009075	88.0	100.0
18.85063000000082	88.0	100.0
18.869717400026275	88.0	100.0
18.890506300027482	88.0	100.0
18.910726600006456	88.0	100.0
18.93085470001097	87.0	100.0
18.95034880001913	87.0	100.0
18.97248640001635	87.0	100.0
18.99084180002683	87.0	100.0
19.011164800002007	87.0	100.0
19.030792200006545	87.0	100.0
19.05064410000341	87.0	100.0
19.07057630000054	87.0	100.0
19.090731400006916	87.0	100.0
19.109143200010294	87.0	100.0
19.130517100013094	87.0	100.0
19.15066030001617	87.0	100.0
19.170362400007434	87.0	100.0
19.189854100026423	87.0	100.0
19.210885700013023	87.0	100.0
19.23026270000264	87.0	100.0
19.250391000008676	87.0	100.0
19.27013360001729	87.0	100.0
19.29075750001357	87.0	100.0
19.310351800028002	87.0	100.0
19.33087490001344	87.0	100.0
19.349462200014386	87.0	100.0
19.369182800001	87.0	100.0
19.393261700024595	87.0	100.0
19.41117700000177	87.0	100.0
19.43033600001945	87.0	100.0
19.450994000013452	87.0	100.0
19.470439700002316	87.0	100.0
19.490947800019057	87.0	100.0
19.51070390001405	87.0	100.0
19.53030780001427	87.0	100.0
19.55022460001055	87.0	100.0
19.5702129000274	87.0	100.0
19.590912200015737	87.0	100.0
19.610814700019546	87.0	100.0
19.630377900000894	87.0	100.0
19.650450600020122	87.0	100.0
19.670047900028294	87.0	100.0
19.690308500023093	87.0	100.0
19.71053640000173	87.0	100.0
19.73018630000297	87.0	100.0
19.750394100003177	87.0	100.0
19.771051800023997	87.0	100.0
19.790098500001477	87.0	100.0
19.81040310001117	87.0	100.0
19.83716120000463	87.0	100.0
19.850318200013135	87.0	100.0
19.87079650000669	87.0	100.0
19.890768200013554	87.0	100.0
19.911978200019803	87.0	100.0
19.931171100004576	87.0	100.0
19.950871900015045	87.0	100.0
19.97093860001769	87.0	100.0
19.99049080000259	87.0	100.0
20.01010500002303	87.0	100.0
20.02962790001766	87.0	100.0
20.050662200024817	87.0	100.0
20.070315000019036	87.0	100.0
20.09087380001438	87.0	100.0
20.111160000000382	87.0	100.0
20.130641400028253	87.0	100.0
20.15038910001749	87.0	100.0
20.170973200001754	87.0	100.0
20.190869200014276	87.0	100.0
20.212486900010845	87.0	100.0
20.230645600007847	87.0	100.0
20.251049900020007	87.0	100.0
20.270223000028636	87.0	100.0
20.291058700007852	87.0	100.0
20.310542500024894	87.0	100.0
20.330515100009507	87.0	100.0
20.349716500000795	87.0	100.0
20.370218800002476	87.0	100.0
20.390721100004157	87.0	100.0
20.41076410000096	87.0	100.0
20.430348900001263	87.0	100.0
20.450681300018914	87.0	100.0
20.47189770001569	87.0	100.0
20.492282000021078	87.0	100.0
20.510598100023344	87.0	100.0
20.531276900001103	87.0	100.0
20.550090900011128	87.0	100.0
20.57059770001797	87.0	100.0
20.59333170001628	87.0	100.0
20.612891300028423	87.0	100.0
20.630663700023433	87.0	100.0
20.65049140001065	87.0	100.0
20.67040280002402	87.0	100.0
20.69103250000626	87.0	100.0
20.710986500023864	87.0	100.0
20.730638100008946	87.0	100.0
20.75067740000668	87.0	100.0
20.770996100007324	87.0	100.0
20.790775300003588	87.0	100.0
20.810804400010966	87.0	100.0
20.83048940001754	87.0	100.0
20.85288630001014	87.0	100.0
20.870603400020627	87.0	100.0
20.896052800002508	87.0	100.0
20.91596220000065	87.0	100.0
20.930724600009853	86.0	100.0
20.95059360002051	86.0	100.0
20.97265010001138	86.0	100.0
20.99216050002724	86.0	100.0
21.01143620000221	86.0	100.0
21.03169220002019	86.0	100.0
21.050930500001414	86.0	100.0
21.070894600008614	86.0	100.0
21.090947000018787	86.0	100.0
21.110439100011718	86.0	100.0
21.13120910001453	86.0	100.0
21.15097680001054	86.0	100.0
21.170738300017547	86.0	100.0
21.1898301000183	86.0	100.0
21.2107758000202	86.0	100.0
21.22975800000131	86.0	100.0
21.25065450000693	86.0	100.0
21.269909500028007	86.0	100.0
21.29038830002537	86.0	100.0
21.310266800021054	86.0	100.0
21.330061900021974	86.0	100.0
21.350176500011003	86.0	100.0
21.371673400019063	86.0	100.0
21.390141100011533	86.0	100.0
21.41077870002482	86.0	100.0
21.43055990000721	86.0	100.0
21.451060100022005	86.0	100.0
21.470815200009383	86.0	100.0
21.49085840000771	86.0	100.0
21.51077420002548	86.0	100.0
21.53095270000631	86.0	100.0
21.54983390000416	86.0	100.0
21.570481000002474	86.0	100.0
21.59085600002436	86.0	100.0
21.610866000002716	86.0	100.0
21.63282270001946	86.0	100.0
21.651199300016742	86.0	100.0
21.67111440000008	86.0	100.0
21.690864000003785	86.0	100.0
21.711486200016225	86.0	100.0
21.730978100007633	86.0	100.0
21.752517600019928	86.0	100.0
21.771564000024227	86.0	100.0
21.79107780000777	86.0	100.0
21.8115554000251	86.0	100.0
21.83105060001253	86.0	100.0
21.851039300003322	86.0	100.0
21.870563200005563	86.0	100.0
21.890813700010767	86.0	100.0
21.91295640001772	86.0	100.0
21.93162940000184	84.0	100.0
21.953185000020312	84.0	100.0
21.973100400005933	84.0	100.0
21.990956500027096	84.0	100.0
22.010634100006428	84.0	100.0
22.030309300025692	84.0	100.0
22.050386400020216	84.0	100.0
22.070791400008602	84.0	100.0
22.092611200001556	84.0	100.0
22.11129540001275	84.0	100.0
22.130648100021062	84.0	100.0
22.152142300008563	84.0	100.0
22.171245000005	84.0	100.0
22.19153940002434	84.0	100.0
22.210975500027416	84.0	100.0
22.231168300000718	84.0	100.0
22.25121690001106	84.0	100.0
22.270420900022145	84.0	100.0
22.291831700014882	84.0	100.0
22.3104465000215	84.0	100.0
22.33079540001927	84.0	100.0
22.35130450001452	84.0	100.0
22.370629200013354	84.0	100.0
22.39106140000513	84.0	100.0
22.410322700015968	84.0	100.0
22.430366800021147	84.0	100.0
22.450677700020606	84.0	100.0
22.470484400022542	84.0	100.0
22.490926300000865	84.0	100.0
22.510860700014746	84.0	100.0
22.53070360000129	84.0	100.0
22.550915800005896	84.0	100.0
22.57241430002614	84.0	100.0
22.5924261000182	84.0	100.0
22.61203490002663	84.0	100.0
22.631368900008965	84.0	100.0
22.65041120001115	84.0	100.0
22.670982200012077	84.0	100.0
22.69137860002229	84.0	100.0
22.711558900016826	84.0	100.0
22.72537870000815	84.0	100.0
22.74726410000585	84.0	100.0
22.765086400002474	84.0	100.0
22.785251200024504	84.0	100.0
22.808560200006468	84.0	100.0
22.829261400009273	84.0	100.0
22.85033490002388	84.0	100.0
22.870924300019396	84.0	100.0
22.889438000012888	84.0	100.0
22.91305730000022	84.0	100.0
22.930612700001802	84.0	100.0
22.95142660001875	84.0	100.0
22.97146630001953	84.0	100.0
22.992173200007528	84.0	100.0
23.012205400009407	84.0	100.0
23.031646900024498	84.0	100.0
23.052100100001553	84.0	100.0
23.070893200027058	84.0	100.0
23.091672500013374	84.0	100.0
23.112085100001423	84.0	100.0
23.130622200027574	84.0	100.0
23.151998300018022	84.0	100.0
23.172277900011977	84.0	100.0
23.189073700021254	84.0	100.0
23.209291400009533	84.0	100.0
23.231250400014687	84.0	100.0
23.250966100022197	84.0	100.0
23.27126280000084	84.0	100.0
23.292090600007214	84.0	100.0
23.3121973000234	84.0	100.0
23.33268500000122	84.0	100.0
23.352153600018937	84.0	100.0
23.372259900002973	84.0	100.0
23.392267700022785	84.0	100.0
23.412202500010608	84.0	100.0
23.431903400021838	84.0	100.0
23.452435200015316	84.0	100.0
23.470888800016837	84.0	100.0
23.491877800028306	84.0	100.0
23.510772400011774	84.0	100.0
23.532215200015344	84.0	100.0
23.550844900019	84.0	100.0
23.570939400000498	84.0	100.0
23.59246990000247	84.0	100.0
23.61227320000762	84.0	100.0
23.631778000009945	84.0	100.0
23.65175650001038	84.0	100.0
23.671536500012735	84.0	100.0
23.693409600004088	84.0	100.0
23.7114948000235	84.0	100.0
23.733100400015246	84.0	100.0
23.750260600005277	84.0	100.0
23.77096550000715	84.0	100.0
23.79175380000379	84.0	100.0
23.81215000001248	84.0	100.0
23.83255300001474	84.0	100.0
23.852567900001304	84.0	100.0
23.87220910002361	84.0	100.0
23.89305080001941	84.0	100.0
23.912481200008187	84.0	100.0
23.934200300020166	82.0	100.0
23.95261250002659	82.0	100.0
23.971967800025595	82.0	100.0
23.993792500026757	82.0	100.0
24.012669700023253	82.0	100.0
24.03521250002086	82.0	100.0
24.052367900003446	82.0	100.0
24.0720884000184	82.0	100.0
24.092508900008397	82.0	100.0
24.112360900006024	82.0	100.0
24.133666800014907	82.0	100.0
24.152126300003147	82.0	100.0
24.172577900026226	82.0	100.0
24.192853100015782	82.0	100.0
24.213045200012857	82.0	100.0
24.23234620000585	82.0	100.0
24.252841500012437	82.0	100.0
24.271933000010904	82.0	100.0
24.292660100007197	82.0	100.0
24.31254230000195	82.0	100.0
24.332737000018824	82.0	100.0
24.352185700001428	82.0	100.0
24.373948200023733	82.0	100.0
24.39289160000044	82.0	100.0
24.412807600019732	82.0	100.0
24.43242840000312	82.0	100.0
24.452536000026157	82.0	100.0
24.472303700022167	82.0	100.0
24.49278780000168	82.0	100.0
24.512739000027068	82.0	100.0
24.532492500002263	82.0	100.0
24.552448400005233	82.0	100.0
24.572707100014668	82.0	100.0
24.592550200002734	82.0	100.0
24.61286750002182	82.0	100.0
24.632410900027025	82.0	100.0
24.652725000021746	82.0	100.0
24.67246860000887	82.0	100.0
24.692697100021178	82.0	100.0
24.71249030000763	82.0	100.0
24.732789700006833	82.0	100.0
24.752330600022106	82.0	100.0
24.772848500026157	82.0	100.0
24.792696800024714	82.0	100.0
24.812726500007557	82.0	100.0
24.833275400014827	82.0	100.0
24.854551700002048	82.0	100.0
24.87226350000128	82.0	100.0
24.892700700002024	82.0	100.0
24.913036100013414	82.0	100.0
24.931606300000567	81.0	100.0
24.95293440000387	81.0	100.0
24.97467890000553	81.0	100.0
24.993514700006926	81.0	100.0
25.01267700002063	81.0	100.0
25.032942200021353	81.0	100.0
25.05276070002583	81.0	100.0
25.07346710001002	81.0	100.0
25.093994900002144	81.0	100.0
25.112717500014696	81.0	100.0
25.133032300014747	81.0	100.0
25.153149000019766	81.0	100.0
25.17299770002137	81.0	100.0
25.193485700001474	81.0	100.0
25.21378670001286	81.0	100.0
25.232842299999902	81.0	100.0
25.253584200021578	81.0	100.0
25.272952200000873	81.0	100.0
25.293878300028155	81.0	100.0
25.31267400001525	81.0	100.0
25.333759500004817	81.0	100.0
25.352746700024	81.0	100.0
25.373851200012723	81.0	100.0
25.393898000009358	81.0	100.0
25.413726300001144	81.0	100.0
25.434235700027784	81.0	100.0
25.45376390000456	81.0	100.0
25.472744700004114	81.0	100.0
25.494216500024777	81.0	100.0
25.514055300009204	81.0	100.0
25.53485090000322	81.0	100.0
25.55373580000014	81.0	100.0
25.574128700012807	81.0	100.0
25.59415390001959	81.0	100.0
25.61384660002659	81.0	100.0
25.63281750000897	81.0	100.0
25.653036400006386	81.0	100.0
25.672444200026803	81.0	100.0
25.69351040001493	81.0	100.0
25.71295050001936	81.0	100.0
25.733461499999976	81.0	100.0
25.75352950001252	81.0	100.0
25.773397900018608	81.0	100.0
25.793728100019507	81.0	100.0
25.813874300016323	81.0	100.0
25.833661500015296	81.0	100.0
25.854244400019525	81.0	100.0
25.873556400008965	81.0	100.0
25.894436100003077	81.0	100.0
25.913870000018505	81.0	100.0
25.934192800021265	81.0	100.0
25.95424030002323	81.0	100.0
25.974139900004957	81.0	100.0
25.994280200015055	81.0	100.0
26.014216800016584	81.0	100.0
26.034109300002456	81.0	100.0
26.055693700007396	81.0	100.0
26.073449600022286	81.0	100.0
26.094444500020472	81.0	100.0
26.114772400003858	81.0	100.0
26.134320200013462	81.0	100.0
26.15307460000622	81.0	100.0
26.174316800024826	81.0	100.0
26.193809300020803	81.0	100.0
26.21378910000203	81.0	100.0
26.233994400012307	81.0	100.0
26.254212100000586	81.0	100.0
26.279611500009196	81.0	100.0
26.29470840000431	81.0	100.0
26.314121200004593	81.0	100.0
26.334035800013226	81.0	100.0
26.355996199999936	81.0	100.0
26.374226400017506	81.0	100.0
26.39430490002269	81.0	100.0
26.414605300000403	81.0	100.0
26.43377160001546	81.0	100.0
26.454609400010668	81.0	100.0
26.474479000025894	81.0	100.0
26.493948600022122	81.0	100.0
26.51354290000745	81.0	100.0
26.534358600009	81.0	100.0
26.55474050002522	81.0	100.0
26.5744097000279	81.0	100.0
26.594680600013817	81.0	100.0
26.614490500011016	81.0	100.0
26.634032800007844	81.0	100.0
26.654511600005208	81.0	100.0
26.674683700024616	81.0	100.0
26.69400780001888	81.0	100.0
26.713741900020977	81.0	100.0
26.73358980001649	81.0	100.0
26.75441250001313	81.0	100.0
26.774270900001284	81.0	100.0
26.793862800026545	81.0	100.0
26.814322000020184	81.0	100.0
26.834996900026454	81.0	100.0
26.85411680000834	81.0	100.0
26.874372800026322	81.0	100.0
26.894948300003307	81.0	100.0
26.91546260000905	81.0	100.0
26.934588000003714	81.0	100.0
26.954594500013627	81.0	100.0
26.97617170002195	81.0	100.0
26.99462450001738	81.0	100.0
27.014066400006413	81.0	100.0
27.035149100003764	81.0	100.0
27.0542782000266	81.0	100.0
27.07462920001126	81.0	100.0
27.094555300020147	81.0	100.0
27.11420170002384	81.0	100.0
27.133970200025942	81.0	100.0
27.153658800001722	81.0	100.0
27.17505260001053	81.0	100.0
27.19374930000049	81.0	100.0
27.214078200020595	81.0	100.0
27.237652400013758	81.0	100.0
27.25412320002215	81.0	100.0
27.273861400026362	81.0	100.0
27.294177200004924	81.0	100.0
27.313865000003716	81.0	100.0
27.33396580000408	81.0	100.0
27.35401060001459	81.0	100.0
27.374093600024935	81.0	100.0
27.39408630001708	81.0	100.0
27.41398900002241	81.0	100.0
27.43357520000427	81.0	100.0
27.45413230001577	81.0	100.0
27.475611700006993	81.0	100.0
27.494618300028378	81.0	100.0
27.514027000026545	81.0	100.0
27.534333700023126	81.0	100.0
27.554482300009113	81.0	100.0
27.574059800012037	81.0	100.0
27.594098600005964	81.0	100.0
27.614760100026615	81.0	100.0
27.634091400017496	81.0	100.0
27.655029900022782	81.0	100.0
27.67589370001224	81.0	100.0
27.69470680001541	81.0	100.0
27.71466350002447	81.0	100.0
27.734535700001288	81.0	100.0
27.755435600003693	81.0	100.0
27.774550200003432	81.0	100.0
27.795082000026014	81.0	100.0
27.81461980001768	81.0	100.0
27.833992200001376	81.0	100.0
27.855045200005407	81.0	100.0
27.874162000021897	81.0	100.0
27.895643300027587	81.0	100.0
27.91573820001213	81.0	100.0
27.935339000017848	81.0	100.0
27.95517220001784	81.0	100.0
27.980823400022928	81.0	100.0
27.995391300006304	81.0	100.0
28.014726800000062	81.0	100.0
28.03453570001875	81.0	100.0
28.05529600000591	81.0	100.0
28.074424800026463	81.0	100.0
28.09683120000409	81.0	100.0
28.113928400009172	81.0	100.0
28.134629500011215	81.0	100.0
28.15471540001454	81.0	100.0
28.174706700025126	81.0	100.0
28.194754600001033	81.0	100.0
28.214192400017055	81.0	100.0
28.234156400023494	81.0	100.0
28.254168200015556	81.0	100.0
28.27405180002097	81.0	100.0
28.295034900016617	81.0	100.0
28.314097900001798	81.0	100.0
28.334303400013596	81.0	100.0
28.35397730002296	81.0	100.0
28.374159200000577	81.0	100.0
28.394569000025513	81.0	100.0
28.414398400025675	81.0	100.0
28.43391450002673	81.0	100.0
28.454452700010734	81.0	100.0
28.473990600003162	81.0	100.0
28.495609200006584	81.0	100.0
28.515003900014563	81.0	100.0
28.535246700019343	81.0	100.0
28.554963000002317	81.0	100.0
28.574874200014165	81.0	100.0
28.59530790001736	81.0	100.0
28.615257900004508	81.0	100.0
28.634962300013285	81.0	100.0
28.6550446000183	81.0	100.0
28.674178300017957	81.0	100.0
28.69533170000068	81.0	100.0
28.714249000011478	81.0	100.0
28.734390300000086	81.0	100.0
28.754984500003047	81.0	100.0
28.77586700001848	81.0	100.0
28.796731500013266	81.0	100.0
28.814872000017203	81.0	100.0
28.835321000020485	81.0	100.0
28.85543840000173	81.0	100.0
28.875227000011364	81.0	100.0
28.89617900000303	81.0	100.0
28.916319900017697	81.0	100.0
28.936492900014855	81.0	100.0
28.9552049000049	81.0	100.0
28.97608210000908	81.0	100.0
28.99579710001126	81.0	100.0
29.015960700024152	81.0	100.0
29.034705100028077	81.0	100.0
29.05597210000269	81.0	100.0
29.07538460000069	81.0	100.0
29.09539610001957	81.0	100.0
29.11605550002423	81.0	100.0
29.136389700026484	81.0	100.0
29.155091400025412	81.0	100.0
29.175176400021883	81.0	100.0
29.19508470001165	81.0	100.0
29.21627630002331	81.0	100.0
29.235407300002407	81.0	100.0
29.254846400028327	81.0	100.0
29.275291800004197	81.0	100.0
29.296116900019115	81.0	100.0
29.315953400015133	81.0	100.0
29.33575350002502	81.0	100.0
29.358402500016382	81.0	100.0
29.375895600009244	81.0	100.0
29.397244400024647	81.0	100.0
29.41540789999999	81.0	100.0
29.434762700024294	81.0	100.0
29.454896600014763	81.0	100.0
29.47458850001567	81.0	100.0
29.495486900006654	81.0	100.0
29.514567000005627	81.0	100.0
29.53611890002503	81.0	100.0
29.555283800000325	81.0	100.0
29.575986700016074	81.0	100.0
29.596170600008918	81.0	100.0
29.615557200013427	81.0	100.0
29.635318900021957	81.0	100.0
29.66312970002764	81.0	100.0
29.675563800003147	81.0	100.0
29.69674510002369	81.0	100.0
29.715399300010176	81.0	100.0
29.73561570001766	81.0	100.0
29.756531300023198	81.0	100.0
29.77565430002869	81.0	100.0
29.797131000028457	81.0	100.0
29.817928500007838	81.0	100.0
29.835168900026474	81.0	100.0
29.856931200018153	81.0	100.0
29.87471660002484	81.0	100.0
29.89731820000452	81.0	100.0
29.917805200006114	81.0	100.0
29.936440800025593	80.0	100.0
29.956711400009226	80.0	100.0
29.976237300026696	80.0	100.0
30.00081600001431	80.0	100.0
30.01615350000793	80.0	100.0
30.03616910002893	80.0	100.0
30.05625420002616	80.0	100.0
30.076576700026635	80.0	100.0
30.100120400020387	80.0	100.0
30.116175100003602	80.0	100.0
30.137876100023277	80.0	100.0
30.158550900028786	80.0	100.0
30.177855600020848	80.0	100.0
30.198555500013754	80.0	100.0
30.216651900002034	80.0	100.0
30.238874500006204	80.0	100.0
30.25944530000561	80.0	100.0
30.277785400016	80.0	100.0
30.30034080002224	80.0	100.0
30.31619400001364	80.0	100.0
30.34036240002024	80.0	100.0
30.355832900007954	80.0	100.0
30.37760310000158	80.0	100.0
30.402305300027365	80.0	100.0
30.419901200017193	80.0	100.0
30.438271200022427	80.0	100.0
30.461809400003403	80.0	100.0
30.478159100021003	80.0	100.0
30.504158200026723	80.0	100.0
30.51967290000175	80.0	100.0
30.540550500008976	80.0	100.0
30.56117390000145	80.0	100.0
30.57901800001855	80.0	100.0
30.603480100020533	80.0	100.0
30.621383000019705	80.0	100.0
30.641339600028004	80.0	100.0
30.661884500004817	80.0	100.0
30.679427400027635	80.0	100.0
30.70188610002515	80.0	100.0
30.718485400022473	80.0	100.0
30.736812400020426	80.0	100.0
30.761662500008242	80.0	100.0
30.776790300005814	80.0	100.0
30.801579800026957	80.0	100.0
30.81782490000478	80.0	100.0
30.838156900019385	80.0	100.0
30.85860550001962	80.0	100.0
30.876747500005877	80.0	100.0
30.897061200026656	80.0	100.0
30.920246800000314	80.0	100.0
30.938771500019357	79.0	100.0
30.96213290002197	79.0	100.0
30.981167200021446	79.0	100.0
30.998205200012308	79.0	100.0
31.018495300028007	79.0	100.0
31.0382320000208	79.0	100.0
31.06031750002876	79.0	100.0
31.079291300004115	79.0	100.0
31.09787480000523	79.0	100.0
31.116641000000527	79.0	100.0
31.137628700002097	79.0	100.0
31.15804810001282	79.0	100.0
31.18039670001599	79.0	100.0
31.201208200014662	79.0	100.0
31.218441900011385	79.0	100.0
31.23614490000182	79.0	100.0
31.258038300002227	79.0	100.0
31.277602400019532	79.0	100.0
31.29717130001518	79.0	100.0
31.316899500001455	79.0	100.0
31.337639000004856	79.0	100.0
31.356897700025	79.0	100.0
31.37705520002055	79.0	100.0
31.39819360000547	79.0	100.0
31.41795380000258	79.0	100.0
31.437943400000222	79.0	100.0
31.45812740002293	79.0	100.0
31.479233100020792	79.0	100.0
31.499675200000638	79.0	100.0
31.519209700025385	79.0	100.0
31.53958360000979	79.0	100.0
31.557228000019677	79.0	100.0
31.578409300011117	79.0	100.0
31.59838900002069	79.0	100.0
31.616570500016678	79.0	100.0
31.63560890001827	79.0	100.0
31.654240100004245	79.0	100.0
31.673770900000818	79.0	100.0
31.693317700002808	79.0	100.0
31.71369670002605	79.0	100.0
31.734547900006874	79.0	100.0
31.75694590000785	79.0	100.0
31.776213100005407	79.0	100.0
31.79794670001138	79.0	100.0
31.817791200010106	79.0	100.0
31.8379015000246	79.0	100.0
31.858097900025314	79.0	100.0
31.878681300004246	79.0	100.0
31.89870040002279	79.0	100.0
31.918253100011498	79.0	100.0
31.9408487000037	79.0	100.0
31.960226800001692	79.0	100.0
31.9781291000254	79.0	100.0
31.99991750001209	79.0	100.0
32.02078870002879	79.0	100.0
32.03760860001785	79.0	100.0
32.05863690000842	79.0	100.0
32.07817530000466	79.0	100.0
32.098203600005945	79.0	100.0
32.11985780001851	79.0	100.0
32.13838730001589	79.0	100.0
32.158534000016516	79.0	100.0
32.17786060000071	79.0	100.0
32.19851360001485	79.0	100.0
32.21975860002567	79.0	100.0
32.23877920000814	79.0	100.0
32.25851590000093	79.0	100.0
32.27894230000675	79.0	100.0
32.29980440001236	79.0	100.0
32.319460100028664	79.0	100.0
32.33800820002216	79.0	100.0
32.36270650001825	79.0	100.0
32.37857920001261	79.0	100.0
32.398684600018896	79.0	100.0
32.41882570000598	79.0	100.0
32.43825520001701	79.0	100.0
32.45839110002271	79.0	100.0
32.478494400013005	79.0	100.0
32.499908200028585	79.0	100.0
32.521541900001466	79.0	100.0
32.537764200009406	79.0	100.0
32.55857400002424	79.0	100.0
32.58012300002156	79.0	100.0
32.600017200020375	79.0	100.0
32.62187930001528	79.0	100.0
32.63872490002541	79.0	100.0
32.65869380001095	79.0	100.0
32.67834740001126	79.0	100.0
32.69859450001968	79.0	100.0
32.72057660002611	79.0	100.0
32.738666100020055	79.0	100.0
32.758412300026976	79.0	100.0
32.778661800024565	79.0	100.0
32.79901240000618	79.0	100.0
32.819215800001984	79.0	100.0
32.83853090001503	79.0	100.0
32.85807650000788	79.0	100.0
32.879373600007966	79.0	100.0
32.898860300017986	79.0	100.0
32.92012570000952	79.0	100.0
32.93932930001756	78.0	100.0
32.96036900000763	78.0	100.0
32.978536700014956	78.0	100.0
32.99967980000656	78.0	100.0
33.02018110000063	78.0	100.0
33.038784900010796	78.0	100.0
33.058700800000224	78.0	100.0
33.07810800001607	78.0	100.0
33.09824670001399	78.0	100.0
33.11836890000268	78.0	100.0
33.13825540000107	78.0	100.0
33.15847570000915	78.0	100.0
33.177844200021354	78.0	100.0
33.198847600026056	78.0	100.0
33.21885360000306	78.0	100.0
33.23627300001681	78.0	100.0
33.258908900024835	78.0	100.0
33.278202300018165	78.0	100.0
33.29924910000409	78.0	100.0
33.31907730002422	78.0	100.0
33.33856940001715	78.0	100.0
33.35864750001929	78.0	100.0
33.379032600001665	78.0	100.0
33.398010100005195	78.0	100.0
33.41789670000435	78.0	100.0
33.43822980002733	78.0	100.0
33.45825070000137	78.0	100.0
33.477859800012084	78.0	100.0
33.49864100001287	78.0	100.0
33.51794100002735	78.0	100.0
33.5384087000275	78.0	100.0
33.55814450001344	78.0	100.0
33.57874650001759	78.0	100.0
33.598810700001195	78.0	100.0
33.619354200025555	78.0	100.0
33.63877410002169	78.0	100.0
33.65949420002289	78.0	100.0
33.678830100019695	78.0	100.0
33.70130380001501	78.0	100.0
33.718896300008055	78.0	100.0
33.7392965000181	78.0	100.0
33.7601043000177	78.0	100.0
33.77915650000796	78.0	100.0
33.79974650000804	78.0	100.0
33.81904950001626	78.0	100.0
33.83875230001286	78.0	100.0
33.8590591000102	78.0	100.0
33.879038300015964	78.0	100.0
33.899271000002045	78.0	100.0
33.920080100011546	78.0	100.0
33.940131500014104	79.0	100.0
33.961343900009524	79.0	100.0
33.98102240002481	79.0	100.0
33.9996753000014	79.0	100.0
34.02102110002306	79.0	100.0
34.03970510000363	79.0	100.0
34.06101520001539	79.0	100.0
34.08208160000504	79.0	100.0
34.099590400001034	79.0	100.0
34.119763700000476	79.0	100.0
34.13924700001371	79.0	100.0
34.15990540001076	79.0	100.0
34.1804435000231	79.0	100.0
34.20153570000548	79.0	100.0
34.22174930002075	79.0	100.0
34.2418773000245	79.0	100.0
34.264231800014386	79.0	100.0
34.279630000004545	79.0	100.0
34.30083790002391	79.0	100.0
34.31911390001187	79.0	100.0
34.33949250000296	79.0	100.0
34.359759900020435	79.0	100.0
34.381660900020506	79.0	100.0
34.403670200001216	79.0	100.0
34.421120700018946	79.0	100.0
34.44034590001684	79.0	100.0
34.45964160002768	79.0	100.0
34.480381600005785	79.0	100.0
34.50255110001308	79.0	100.0
34.52005910000298	79.0	100.0
34.54251420000219	79.0	100.0
34.56281490001129	79.0	100.0
34.57991210001637	79.0	100.0
34.60437810001895	79.0	100.0
34.62332380001317	79.0	100.0
34.644910300004994	79.0	100.0
34.666485700028716	79.0	100.0
34.68387520001852	79.0	100.0
34.705709300003946	79.0	100.0
34.72318100000848	79.0	100.0
34.745653400023	79.0	100.0
34.76347020000685	79.0	100.0
34.78358780001872	79.0	100.0
34.800709000002826	79.0	100.0
34.82377750001615	79.0	100.0
34.842707400006475	79.0	100.0
34.86080690001836	79.0	100.0
34.88601250000647	79.0	100.0
34.90618970000651	79.0	100.0
34.92542700000922	79.0	100.0
34.945355800009565	79.0	100.0
34.96385240001837	79.0	100.0
34.9802297000133	79.0	100.0
35.0038514000189	79.0	100.0
35.02356310002506	79.0	100.0
35.04466220000177	79.0	100.0
35.065617000014754	79.0	100.0
35.082966200017836	79.0	100.0
35.104844700021204	79.0	100.0
35.122034600004554	79.0	100.0
35.13952020002762	79.0	100.0
35.16227070000605	79.0	100.0
35.18035600002622	79.0	100.0
35.200263400009135	79.0	100.0
35.22001710001496	79.0	100.0
35.24024440001813	79.0	100.0
35.26034220002475	79.0	100.0
35.280650600005174	79.0	100.0
35.30170250000083	79.0	100.0
35.323949100013124	79.0	100.0
35.342629500024486	79.0	100.0
35.36738390001119	79.0	100.0
35.38347880000947	79.0	100.0
35.40028850000817	79.0	100.0
35.42483900001389	79.0	100.0
35.44168720001471	79.0	100.0
35.460730100021465	79.0	100.0
35.483971200010274	79.0	100.0
35.500724400015315	79.0	100.0
35.52018150000367	79.0	100.0
35.54240880001453	79.0	100.0
35.56047240001499	79.0	100.0
35.576573900005314	79.0	100.0
35.60244810002041	79.0	100.0
35.618477400013944	79.0	100.0
35.643003800010774	79.0	100.0
35.665659900027094	79.0	100.0
35.68186810001498	79.0	100.0
35.70213980000699	79.0	100.0
35.720632300013676	79.0	100.0
35.74496110001928	79.0	100.0
35.76341700000921	79.0	100.0
35.781791300018085	79.0	100.0
35.80056490001152	79.0	100.0
35.821923400013475	79.0	100.0
35.8437676000176	79.0	100.0
35.862096100026974	79.0	100.0
35.880824000021676	79.0	100.0
35.90409980001277	79.0	100.0
35.924722499999916	79.0	100.0
35.94672760000685	79.0	100.0
35.96631270000944	79.0	100.0
35.981827600015095	79.0	100.0
36.00295300001744	79.0	100.0
36.026304800005164	79.0	100.0
36.04193010000745	79.0	100.0
36.06455010001082	79.0	100.0
36.07895150000695	79.0	100.0
36.095416300027864	79.0	100.0
36.11420320000616	79.0	100.0
36.135049100004835	79.0	100.0
36.15551950002555	79.0	100.0
36.17760230001295	79.0	100.0
36.19732870001462	79.0	100.0
36.219512200012105	79.0	100.0
36.23949690000154	79.0	100.0
36.261244799999986	79.0	100.0
36.28004610000062	79.0	100.0
36.299932900001295	79.0	100.0
36.319075600011274	79.0	100.0
36.338829900021665	79.0	100.0
36.35977080001612	79.0	100.0
36.37978500002646	79.0	100.0
36.39946460002102	79.0	100.0
36.42195630000788	79.0	100.0
36.43939460002002	79.0	100.0
36.45938680000836	79.0	100.0
36.47912540001562	79.0	100.0
36.5006745000137	79.0	100.0
36.52015550000942	79.0	100.0
36.54028170002857	79.0	100.0
36.56248200000846	79.0	100.0
36.579540200007614	79.0	100.0
36.59932370000752	79.0	100.0
36.61984930001199	79.0	100.0
36.64040110001224	79.0	100.0
36.65937970002415	79.0	100.0
36.67988520002109	79.0	100.0
36.70113660002244	79.0	100.0
36.72004270000616	79.0	100.0
36.74533080001129	79.0	100.0
36.76010130002396	79.0	100.0
36.78031000000192	79.0	100.0
36.799436900008004	79.0	100.0
36.82013380000717	79.0	100.0
36.84086410002783	79.0	100.0
36.864934400015045	79.0	100.0
36.88030690001324	79.0	100.0
36.90006440001889	79.0	100.0
36.921423800027696	79.0	100.0
36.94034220001777	78.0	100.0
36.96147220002604	78.0	100.0
36.98214450001251	78.0	100.0
37.001261299999896	78.0	100.0
37.020123900001636	78.0	100.0
37.03997410001466	78.0	100.0
37.06099140000879	78.0	100.0
37.07884690002538	78.0	100.0
37.10011250001844	78.0	100.0
37.11966460000258	78.0	100.0
37.14036180000403	78.0	100.0
37.16050180001184	78.0	100.0
37.180152400018414	78.0	100.0
37.20024540001759	78.0	100.0
37.22133110000868	78.0	100.0
37.24102050001966	78.0	100.0
37.262200800003484	78.0	100.0
37.28030590002891	78.0	100.0
37.301372900023125	78.0	100.0
37.32061390002491	78.0	100.0
37.34034100000281	78.0	100.0
37.36046350002289	78.0	100.0
37.38079100000323	78.0	100.0
37.4005200000247	78.0	100.0
37.420737400010694	78.0	100.0
37.440660700027365	78.0	100.0
37.46052590000909	78.0	100.0
37.48051050002687	78.0	100.0
37.50059550002334	78.0	100.0
37.52035150001757	78.0	100.0
37.541197400016245	78.0	100.0
37.560700000001816	78.0	100.0
37.58108320002793	78.0	100.0
37.600502100016456	78.0	100.0
37.62076210000669	78.0	100.0
37.640975000016624	78.0	100.0
37.65986110002268	78.0	100.0
37.68035500001861	78.0	100.0
37.70140150000225	78.0	100.0
37.72106020001229	78.0	100.0
37.74137000000337	78.0	100.0
37.760627100011334	78.0	100.0
37.78070490001119	78.0	100.0
37.80185360001633	78.0	100.0
37.82235300002503	78.0	100.0
37.84135870001046	78.0	100.0
37.86394220002694	78.0	100.0
37.88097850000486	78.0	100.0
37.90082990002702	78.0	100.0
37.921352700010175	78.0	100.0
37.94092700001784	77.0	100.0
37.96155780000845	77.0	100.0
37.981162400014	77.0	100.0
38.00163290000637	77.0	100.0
38.021094800002174	77.0	100.0
38.04054310001084	77.0	100.0
38.05987360002473	77.0	100.0
38.08171310002217	77.0	100.0
38.1028093000059	77.0	100.0
38.12146420002682	77.0	100.0
38.14140500000212	77.0	100.0
38.16184300000896	77.0	100.0
38.18150740000419	77.0	100.0
38.201364900014596	77.0	100.0
38.22151160001522	77.0	100.0
38.241365500027314	77.0	100.0
38.261498200008646	77.0	100.0
38.2806821000122	77.0	100.0
38.301865100016585	77.0	100.0
38.32141160001629	77.0	100.0
38.34082650000346	77.0	100.0
38.362278600019636	77.0	100.0
38.38150150000001	77.0	100.0
38.40152090002084	77.0	100.0
38.420867300010286	77.0	100.0
38.44043050002074	77.0	100.0
38.46151710001868	77.0	100.0
38.48111580000841	77.0	100.0
38.50121930000023	77.0	100.0
38.52157340000849	77.0	100.0
38.541357600013725	77.0	100.0
38.56096830000752	77.0	100.0
38.58113490001415	77.0	100.0
38.60134790002485	77.0	100.0
38.62191540002823	77.0	100.0
38.64151500002481	77.0	100.0
38.665674800024135	77.0	100.0
38.68109430000186	77.0	100.0
38.7013654000184	77.0	100.0
38.721235700009856	77.0	100.0
38.74122300001909	77.0	100.0
38.76392100000521	77.0	100.0
38.78120530000888	77.0	100.0
38.801269100018544	77.0	100.0
38.82258790000924	77.0	100.0
38.84122340002796	77.0	100.0
38.86479380002129	77.0	100.0
38.8812868000241	77.0	100.0
38.90134210002725	77.0	100.0
38.921347400028026	77.0	100.0
38.94134390002	76.0	100.0
38.96567680002772	76.0	100.0
38.98197500000242	76.0	100.0
39.001822100020945	76.0	100.0
39.02212480001617	76.0	100.0
39.04172120001749	76.0	100.0
39.063337300001876	76.0	100.0
39.08220550001715	76.0	100.0
39.102309800015064	76.0	100.0
39.121849300019676	76.0	100.0
39.14212530001532	76.0	100.0
39.163329800008796	76.0	100.0
39.1820921000035	76.0	100.0
39.202299700002186	76.0	100.0
39.222008000011556	76.0	100.0
39.242544300010195	76.0	100.0
39.26659370001289	76.0	100.0
39.281873700005235	76.0	100.0
39.302333100000396	76.0	100.0
39.321730500028934	76.0	100.0
39.34188430002541	76.0	100.0
39.36435780001921	76.0	100.0
39.382109200028935	76.0	100.0
39.402357900020434	76.0	100.0
39.424781600013375	76.0	100.0
39.442875700013246	76.0	100.0
39.46236570001929	76.0	100.0
39.48173760002828	76.0	100.0
39.50303240001085	76.0	100.0
39.52175590000115	76.0	100.0
39.54156410001451	76.0	100.0
39.56484160001855	76.0	100.0
39.581632700021146	76.0	100.0
39.601509400003124	76.0	100.0
39.62232380002388	76.0	100.0
39.64154380001128	76.0	100.0
39.663823300012155	76.0	100.0
39.68268940001144	76.0	100.0
39.70249980001245	76.0	100.0
39.72130340000149	76.0	100.0
39.741900800028816	76.0	100.0
39.761721800023224	76.0	100.0
39.7819333000225	76.0	100.0
39.80209810001543	76.0	100.0
39.82207090000156	76.0	100.0
39.8423283000011	76.0	100.0
39.85999830000219	76.0	100.0
39.8821613000182	76.0	100.0
39.903071200009435	76.0	100.0
39.92390210001031	76.0	100.0
39.9428145000129	75.0	100.0
39.962320000020554	75.0	100.0
39.98595210001804	75.0	100.0
40.0034923000203	75.0	100.0
40.02284970000619	75.0	100.0
40.04331420001108	75.0	100.0
40.06384610000532	75.0	100.0
40.08373050001683	75.0	100.0
40.10496460000286	75.0	100.0
40.11947760000476	75.0	100.0
40.13892380002653	75.0	100.0
40.16086250002263	75.0	100.0
40.182196800014935	75.0	100.0
40.20572430000175	75.0	100.0
40.225658400013344	75.0	100.0
40.24585360000492	75.0	100.0
40.266104700014694	75.0	100.0
40.28685320002842	75.0	100.0
40.30586410002434	75.0	100.0
40.32757950000814	75.0	100.0
40.34626130000106	75.0	100.0
40.36745230000815	75.0	100.0
40.38555560001987	75.0	100.0
40.40578670002287	75.0	100.0
40.42539410002064	75.0	100.0
40.44522200000938	75.0	100.0
40.46822190002422	75.0	100.0
40.487993100017775	75.0	100.0
40.50589700002456	75.0	100.0
40.52543660000083	75.0	100.0
40.545615200011525	75.0	100.0
40.56659290002426	75.0	100.0
40.590949200006435	75.0	100.0
40.606517200008966	75.0	100.0
40.626192000025185	75.0	100.0
40.64822900001309	75.0	100.0
40.66655970001011	75.0	100.0
40.68625310002244	75.0	100.0
40.70719700001064	75.0	100.0
40.728412000025855	75.0	100.0
40.74659800002701	75.0	100.0
40.76931850000983	75.0	100.0
40.78861380001763	75.0	100.0
40.805831400008174	75.0	100.0
40.827773900004104	75.0	100.0
40.84564360001241	75.0	100.0
40.865884800005006	75.0	100.0
40.88586750000832	75.0	100.0
40.907992800028296	75.0	100.0
40.93021590000717	75.0	100.0
40.94903570000315	74.0	100.0
40.9706074000278	74.0	100.0
40.987757599999895	74.0	100.0
41.010593700018944	74.0	100.0
41.029053300007945	74.0	100.0
41.048545100027695	74.0	100.0
41.07219260002603	74.0	100.0
41.08986660002847	74.0	100.0
41.10741840000264	74.0	100.0
41.126217300014105	74.0	100.0
41.14832400000887	74.0	100.0
41.16911170000094	74.0	100.0
41.191237300023204	74.0	100.0
41.210911800008034	74.0	100.0
41.23038240001188	74.0	100.0
41.248891200026264	74.0	100.0
41.26682480002637	74.0	100.0
41.286775200016564	74.0	100.0
41.30725660000462	74.0	100.0
41.32709620002424	74.0	100.0
41.34668580000289	74.0	100.0
41.36767970002256	74.0	100.0
41.389555000001565	74.0	100.0
41.410014700028114	74.0	100.0
41.42630850002752	74.0	100.0
41.45389700002852	74.0	100.0
41.47213580002426	74.0	100.0
41.491480700002285	74.0	100.0
41.50872100002016	74.0	100.0
41.53073300002143	74.0	100.0
41.54904860001989	74.0	100.0
41.56791220000014	74.0	100.0
41.58822600002168	74.0	100.0
41.60771970002679	74.0	100.0
41.62768410000717	74.0	100.0
41.64700120000634	74.0	100.0
41.666691000020364	74.0	100.0
41.68874390001292	74.0	100.0
41.709264900011476	74.0	100.0
41.72783490002621	74.0	100.0
41.748946900013834	74.0	100.0
41.76688340000692	74.0	100.0
41.788546000025235	74.0	100.0
41.806523700011894	74.0	100.0
41.82692390002194	74.0	100.0
41.84805690002395	74.0	100.0
41.86949170002481	74.0	100.0
41.89325400002417	74.0	100.0
41.91147440002533	74.0	100.0
41.93413830001373	74.0	100.0
41.950456800026586	74.0	100.0
41.97468640000443	74.0	100.0
41.99093680002261	74.0	100.0
42.00886860000901	74.0	100.0
42.02878920000512	74.0	100.0
42.04922620000434	74.0	100.0
42.068485900003	74.0	100.0
42.08807230001548	74.0	100.0
42.10883370001102	74.0	100.0
42.13016390000121	74.0	100.0
42.14953800002695	74.0	100.0
42.168841500009876	74.0	100.0
42.19203890001518	74.0	100.0
42.208745200012345	74.0	100.0
42.22845990001224	74.0	100.0
42.24886210000841	74.0	100.0
42.27000210000551	74.0	100.0
42.29109960002825	74.0	100.0
42.30993800002034	74.0	100.0
42.33232970000245	74.0	100.0
42.347122900013346	74.0	100.0
42.37127060000785	74.0	100.0
42.38833160002832	74.0	100.0
42.408181200007675	74.0	100.0
42.427354300016304	74.0	100.0
42.447791400016285	74.0	100.0
42.46776410000166	74.0	100.0
42.48908040000242	74.0	100.0
42.50847900001099	74.0	100.0
42.53205530002015	74.0	100.0
42.548783900012495	74.0	100.0
42.56930880001164	74.0	100.0
42.59406510001281	74.0	100.0
42.61111010002787	74.0	100.0
42.62833450001199	74.0	100.0
42.64803660000325	74.0	100.0
42.66873870001291	74.0	100.0
42.68889280001167	74.0	100.0
42.708763700007694	74.0	100.0
42.728714600001695	74.0	100.0
42.748938100005034	74.0	100.0
42.77088250001543	74.0	100.0
42.793757700012065	74.0	100.0
42.810026700026356	74.0	100.0
42.82997570000589	74.0	100.0
42.850582000013674	74.0	100.0
42.86877050000476	74.0	100.0
42.88875180002651	74.0	100.0
42.91052370000398	74.0	100.0
42.93207640000037	74.0	100.0
42.94984420001856	74.0	100.0
42.96872010000516	74.0	100.0
42.99545750001562	74.0	100.0
43.00988840000355	74.0	100.0
43.03059100001701	74.0	100.0
43.048755900003016	74.0	100.0
43.069789500004845	74.0	100.0
43.09097370001837	74.0	100.0
43.11018650000915	74.0	100.0
43.12739700000384	74.0	100.0
43.14993380001397	74.0	100.0
43.17224930002703	74.0	100.0
43.19089380002697	74.0	100.0
43.20842310000444	74.0	100.0
43.22980650002137	74.0	100.0
43.247883300005924	74.0	100.0
43.27224630001001	74.0	100.0
43.28679290000582	74.0	100.0
43.30962030001683	74.0	100.0
43.32711100002052	74.0	100.0
43.348681000003126	74.0	100.0
43.368768000014825	74.0	100.0
43.3887200000172	74.0	100.0
43.41125950001879	74.0	100.0
43.429840600001626	74.0	100.0
43.451284000009764	74.0	100.0
43.470405500003835	74.0	100.0
43.48910410000826	74.0	100.0
43.51023400001577	74.0	100.0
43.52886080002645	74.0	100.0
43.55018970000674	74.0	100.0
43.569121000007726	74.0	100.0
43.59042840002803	74.0	100.0
43.61178210002254	74.0	100.0
43.630386000004364	74.0	100.0
43.65146440002718	74.0	100.0
43.669970900024055	74.0	100.0
43.69114380000974	74.0	100.0
43.71078190000844	74.0	100.0
43.731104300008155	74.0	100.0
43.74967800002196	74.0	100.0
43.772200600011274	74.0	100.0
43.78886060000514	74.0	100.0
43.80937800000538	74.0	100.0
43.830374800018035	74.0	100.0
43.84987100001308	74.0	100.0
43.873422300006496	74.0	100.0
43.890178400004515	74.0	100.0
43.910170400020434	74.0	100.0
43.93169310002122	74.0	100.0
43.95270930000697	75.0	100.0
43.97087200000533	75.0	100.0
43.99237720001838	75.0	100.0
44.01071640002192	75.0	100.0
44.03046720000566	75.0	100.0
44.05215410000528	75.0	100.0
44.07551870000316	75.0	100.0
44.08998900000006	75.0	100.0
44.110900700005004	75.0	100.0
44.13040570000885	75.0	100.0
44.1509192000085	75.0	100.0
44.175899300025776	75.0	100.0
44.19099560001632	75.0	100.0
44.212088300002506	75.0	100.0
44.23239200000535	75.0	100.0
44.25028450001264	75.0	100.0
44.270676000014646	75.0	100.0
44.29031800001394	75.0	100.0
44.31170380002004	75.0	100.0
44.329671300016344	75.0	100.0
44.350165600015316	75.0	100.0
44.37157090002438	75.0	100.0
44.392147700011265	75.0	100.0
44.410796200012555	75.0	100.0
44.43083810000098	75.0	100.0
44.450762200023746	75.0	100.0
44.470699800003786	75.0	100.0
44.492261800012784	75.0	100.0
44.512040000001434	75.0	100.0
44.53230060002534	75.0	100.0
44.55653090000851	75.0	100.0
44.57082250001258	75.0	100.0
44.59107610001229	75.0	100.0
44.612235600012355	75.0	100.0
44.63109500001883	75.0	100.0
44.65064010000788	75.0	100.0
44.671215600013966	75.0	100.0
44.690997100027744	75.0	100.0
44.7110353000171	75.0	100.0
44.73085790002369	75.0	100.0
44.75096310002846	75.0	100.0
44.7704117000103	75.0	100.0
44.79069800002617	75.0	100.0
44.81032410002081	75.0	100.0
44.830220000003465	75.0	100.0
44.850062500016065	75.0	100.0
44.87014100002125	75.0	100.0
44.892446500016376	75.0	100.0
44.91285780002363	75.0	100.0
44.9360263000126	75.0	100.0
44.952142200025264	75.0	100.0
44.97045860000071	75.0	100.0
44.99474850000115	75.0	100.0
45.0112189000065	75.0	100.0
45.03151370002888	75.0	100.0
45.05079820001265	75.0	100.0
45.07239160002791	75.0	100.0
45.090345800010255	75.0	100.0
45.110860100016	75.0	100.0
45.12866360001499	75.0	100.0
45.15554180002073	75.0	100.0
45.17176680002012	75.0	100.0
45.19241860002512	75.0	100.0
45.217547300009755	75.0	100.0
45.233083300001454	75.0	100.0
45.252588700008346	75.0	100.0
45.27219940000214	75.0	100.0
45.291001800011145	75.0	100.0
45.31102550000651	75.0	100.0
45.33123950002482	75.0	100.0
45.35190110001713	75.0	100.0
45.37257180002052	75.0	100.0
45.39237910002703	75.0	100.0
45.410837700008415	75.0	100.0
45.43162630000734	75.0	100.0
45.45057580000139	75.0	100.0
45.4708814000187	75.0	100.0
45.49127050000243	75.0	100.0
45.51251080000657	75.0	100.0
45.53274890000466	75.0	100.0
45.5513802000205	75.0	100.0
45.57280130000436	75.0	100.0
45.590874900022754	75.0	100.0
45.61125320001156	75.0	100.0
45.63189070002409	75.0	100.0
45.65110120002646	75.0	100.0
45.67175560002215	75.0	100.0
45.69094090000726	75.0	100.0
45.71210310002789	75.0	100.0
45.73082840000279	75.0	100.0
45.751714600017294	75.0	100.0
45.770864200021606	75.0	100.0
45.79219900001772	75.0	100.0
45.81245480000507	75.0	100.0
45.83173690002877	75.0	100.0
45.8523718000215	75.0	100.0
45.871734300017124	75.0	100.0
45.89181690002442	75.0	100.0
45.9146493000153	75.0	100.0
45.933522200008156	75.0	100.0
45.9525082000182	75.0	100.0
45.97085000001243	75.0	100.0
45.99458850000519	75.0	100.0
46.012825700017856	75.0	100.0
46.03178070002468	75.0	100.0
46.05234050002764	75.0	100.0
46.0724144000269	75.0	100.0
46.09146680001868	75.0	100.0
46.11511540002539	75.0	100.0
46.132617900002515	75.0	100.0
46.153216400009114	75.0	100.0
46.172784800000954	75.0	100.0
46.19281380000757	75.0	100.0
46.21481380000478	75.0	100.0
46.2319259000069	75.0	100.0
46.252925800014054	75.0	100.0
46.27151610000874	75.0	100.0
46.291416800027946	75.0	100.0
46.31179880001582	75.0	100.0
46.331373200024245	75.0	100.0
46.353853200009326	75.0	100.0
46.37255020000157	75.0	100.0
46.39267060000566	75.0	100.0
46.41491610000958	75.0	100.0
46.43448800002807	75.0	100.0
46.455652900011046	75.0	100.0
46.472688300011214	75.0	100.0
46.492171400022926	75.0	100.0
46.513065200007986	75.0	100.0
46.535078500019154	75.0	100.0
46.55367250001291	75.0	100.0
46.577598300005775	75.0	100.0
46.59310290002031	75.0	100.0
46.61444400000619	75.0	100.0
46.634604200022295	75.0	100.0
46.65293190002558	75.0	100.0
46.67411570000695	75.0	100.0
46.6927387000178	75.0	100.0
46.713376400002744	75.0	100.0
46.73527470001136	75.0	100.0
46.75377810001373	75.0	100.0
46.775227800011635	75.0	100.0
46.79467180001666	75.0	100.0
46.81380520001403	75.0	100.0
46.83649980000337	75.0	100.0
46.85547200002475	75.0	100.0
46.87609290002729	75.0	100.0
46.89306150001357	75.0	100.0
46.91519690002315	75.0	100.0
46.936037800012855	75.0	100.0
46.9553009000083	74.0	100.0
46.97775040002307	74.0	100.0
46.99505950001185	74.0	100.0
47.01390910000191	74.0	100.0
47.034161700023105	74.0	100.0
47.05683200000203	74.0	100.0
47.07417790000909	74.0	100.0
47.09360490000108	74.0	100.0
47.113838800025405	74.0	100.0
47.13346100001945	74.0	100.0
47.155577000026824	74.0	100.0
47.172695700020995	74.0	100.0
47.19425480000791	74.0	100.0
47.214353900024435	74.0	100.0
47.23419330001343	74.0	100.0
47.25425310002174	74.0	100.0
47.27603650002857	74.0	100.0
47.29557030001888	74.0	100.0
47.31449860002613	74.0	100.0
47.33864190001623	74.0	100.0
47.354420700023184	74.0	100.0
47.37556100002257	74.0	100.0
47.394046100002015	74.0	100.0
47.41393640000024	74.0	100.0
47.434431600006064	74.0	100.0
47.454444600007264	74.0	100.0
47.474279700021725	74.0	100.0
47.49571490002563	74.0	100.0
47.5139971000026	74.0	100.0
47.53639700001804	74.0	100.0
47.55447390000336	74.0	100.0
47.57417560002068	74.0	100.0
47.59495510000852	74.0	100.0
47.61503550002817	74.0	100.0
47.63403750001453	74.0	100.0
47.65552140001091	74.0	100.0
47.674567400012165	74.0	100.0
47.69440870001563	74.0	100.0
47.714844100002665	74.0	100.0
47.73453810001956	74.0	100.0
47.75347200001124	74.0	100.0
47.77367280001636	74.0	100.0
47.79423550001229	74.0	100.0
47.81386270001531	74.0	100.0
47.837061200028984	74.0	100.0
47.85386600001948	74.0	100.0
47.87382380000781	74.0	100.0
47.89409250000608	74.0	100.0
47.91482930001803	74.0	100.0
47.938362900022184	74.0	100.0
47.955423100007465	73.0	100.0
47.97820030001458	73.0	100.0
47.994970300002024	73.0	100.0
48.01472130001639	73.0	100.0
48.03626840002835	73.0	100.0
48.05407190002734	73.0	100.0
48.07470870000543	73.0	100.0
48.09925950001343	73.0	100.0
48.115248000016436	73.0	100.0
48.136311300011585	73.0	100.0
48.15481190002174	73.0	100.0
48.17410650002421	73.0	100.0
48.194599200011	73.0	100.0
48.214306000008946	73.0	100.0
48.23477390001062	73.0	100.0
48.25485120000667	73.0	100.0
48.27511540002888	73.0	100.0
48.29481410002336	73.0	100.0
48.31388820000575	73.0	100.0
48.33300270000473	73.0	100.0
48.353422500018496	73.0	100.0
48.372174700023606	73.0	100.0
48.390218300017295	73.0	100.0
48.416372500010766	73.0	100.0
48.43424830000731	73.0	100.0
48.454549700021744	73.0	100.0
48.4718674000178	73.0	100.0
48.49187610001536	73.0	100.0
48.5162105000054	73.0	100.0
48.53085840001586	73.0	100.0
48.55093480000505	73.0	100.0
48.57072760001756	73.0	100.0
48.59239870001329	73.0	100.0
48.61138070002198	73.0	100.0
48.63451940001687	73.0	100.0
48.652767200022936	73.0	100.0
48.67968380000093	73.0	100.0
48.693674000009196	73.0	100.0
48.71410160002415	73.0	100.0
48.73397930001374	73.0	100.0
48.755080000002636	73.0	100.0
48.77633390002302	73.0	100.0
48.79428380000172	73.0	100.0
48.817874900007155	73.0	100.0
48.83630290001747	73.0	100.0
48.85632910000277	73.0	100.0
48.87772810002207	73.0	100.0
48.89180050001596	73.0	100.0
48.916190600022674	73.0	100.0
48.93661470001098	73.0	100.0
48.95575690001715	72.0	100.0
48.980453600001056	72.0	100.0
48.999592600011965	72.0	100.0
49.0156708000286	72.0	100.0
49.03451880000648	72.0	100.0
49.05484890000662	72.0	100.0
49.07506020000437	72.0	100.0
49.09479650002322	72.0	100.0
49.11630670001614	72.0	100.0
49.13510230000247	72.0	100.0
49.154801900003804	72.0	100.0
49.177369200013345	72.0	100.0
49.19507180000073	72.0	100.0
49.216113100002985	72.0	100.0
49.23624700002256	72.0	100.0
49.255190200026846	72.0	100.0
49.27527640000335	72.0	100.0
49.29451990002417	72.0	100.0
49.31767050002236	72.0	100.0
49.336547100014286	72.0	100.0
49.358499100024346	72.0	100.0
49.37581520000822	72.0	100.0
49.39910840001539	72.0	100.0
49.41695970000001	72.0	100.0
49.436518300004536	72.0	100.0
49.45784500002628	72.0	100.0
49.47671310001169	72.0	100.0
49.495999100006884	72.0	100.0
49.51680030001444	72.0	100.0
49.536465500015765	72.0	100.0
49.556112900027074	72.0	100.0
49.57567140000174	72.0	100.0
49.601262500014855	72.0	100.0
49.616548000019975	72.0	100.0
49.636407000012696	72.0	100.0
49.656308800011175	72.0	100.0
49.67559810000239	72.0	100.0
49.69659560002037	72.0	100.0
49.716375200019684	72.0	100.0
49.73473470000317	72.0	100.0
49.756847000011476	72.0	100.0
49.77531890000682	72.0	100.0
49.79688160002115	72.0	100.0
49.81752150002285	72.0	100.0
49.836717600002885	72.0	100.0
49.858230700017884	72.0	100.0
49.87617360000149	72.0	100.0
49.89610110002104	72.0	100.0
49.91610450000735	72.0	100.0
49.938354900019476	72.0	100.0
49.95552270000917	71.0	100.0
49.98029950002092	71.0	100.0
49.996797600004356	71.0	100.0
50.01680340000894	71.0	100.0
50.03619240000262	71.0	100.0
50.05617860000348	71.0	100.0
50.07657580001978	71.0	100.0
50.0958343000093	71.0	100.0
50.116694900003495	71.0	100.0
50.13653390001855	71.0	100.0
50.15623880000203	71.0	100.0
50.17608740000287	71.0	100.0
50.19657860000734	71.0	100.0
50.216336100012995	71.0	100.0
50.23605150001822	71.0	100.0
50.25646600002074	71.0	100.0
50.27543400001014	71.0	100.0
50.29688000000897	71.0	100.0
50.31782930000918	71.0	100.0
50.33680930000264	71.0	100.0
50.36149260000093	71.0	100.0
50.376466300018365	71.0	100.0
50.396245200012345	71.0	100.0
50.416298100026324	71.0	100.0
50.43765260002692	71.0	100.0
50.456154500017874	71.0	100.0
50.47682990002795	71.0	100.0
50.49710090001463	71.0	100.0
50.5182133000053	71.0	100.0
50.536229600023944	71.0	100.0
50.55660110001918	71.0	100.0
50.57655120000709	71.0	100.0
50.59695300000021	71.0	100.0
50.61767090001376	71.0	100.0
50.64312640001299	71.0	100.0
50.65621540002758	71.0	100.0
50.676734100008616	71.0	100.0
50.69621290001669	71.0	100.0
50.71711760002654	71.0	100.0
50.736400200024946	71.0	100.0
50.756303600006504	71.0	100.0
50.77619660002529	71.0	100.0
50.79686820000643	71.0	100.0
50.81659560001572	71.0	100.0
50.83701170000131	71.0	100.0
50.856580100022256	71.0	100.0
50.87624860001961	71.0	100.0
50.89655670002685	71.0	100.0
50.91717030000291	71.0	100.0
50.93832480002311	71.0	100.0
50.95725620002486	71.0	100.0
50.97707730002003	71.0	100.0
50.99667620001128	71.0	100.0
51.0170894000039	71.0	100.0
51.03688080000575	71.0	100.0
51.05637760000536	71.0	100.0
51.07754540001042	71.0	100.0
51.096832900017034	71.0	100.0
51.11667990000569	71.0	100.0
51.13705920000211	71.0	100.0
51.15769920000457	71.0	100.0
51.176782100024866	71.0	100.0
51.196717400016496	71.0	100.0
51.21730960000423	71.0	100.0
51.236656900000526	71.0	100.0
51.25674100001925	71.0	100.0
51.27682370002731	71.0	100.0
51.29677570000058	71.0	100.0
51.31495310002356	71.0	100.0
51.33844220000901	71.0	100.0
51.35785520001082	71.0	100.0
51.37465010001324	71.0	100.0
51.39461660000961	71.0	100.0
51.414228800014826	71.0	100.0
51.43410280000535	71.0	100.0
51.451916200021515	71.0	100.0
51.47361150002689	71.0	100.0
51.490919500007294	71.0	100.0
51.51054240000667	71.0	100.0
51.531722400017316	71.0	100.0
51.552151200012304	71.0	100.0
51.58068740001181	71.0	100.0
51.59484680002788	71.0	100.0
51.61704270000337	71.0	100.0
51.64823430002434	71.0	100.0
51.65810080000665	71.0	100.0
51.678054000018165	71.0	100.0
51.774857900018105	71.0	100.0
51.77488540002378	71.0	100.0
51.77489760000026	71.0	100.0
51.77490960000432	71.0	100.0
51.777608000003966	71.0	100.0
51.79823610000312	71.0	100.0
51.81847510000807	71.0	100.0
51.837763300020015	71.0	100.0
51.947953500028234	71.0	100.0
51.94797250002739	71.0	100.0
51.947982500016224	71.0	100.0
51.94799030001741	71.0	100.0
51.94800060000853	71.0	100.0
51.959039400011534	71.0	100.0
51.977884300024016	71.0	100.0
52.091801000002306	71.0	100.0
52.09182350002811	71.0	100.0
52.09183250000933	71.0	100.0
52.09184050001204	71.0	100.0
52.09184790001018	71.0	100.0
52.097640100022545	71.0	100.0
52.11810330001754	71.0	100.0
52.13797940002405	71.0	100.0
52.2553202000272	71.0	100.0
52.255341500014765	71.0	100.0
52.25534990002052	71.0	100.0
52.255357800022466	71.0	100.0
52.255365100019844	71.0	100.0
52.257888200023444	71.0	100.0
52.28399740002351	71.0	100.0
52.29733470000792	71.0	100.0
52.40156840000418	71.0	100.0
52.40158720000181	71.0	100.0
52.40159520000452	71.0	100.0
52.40160300000571	71.0	100.0
52.40161060000537	71.0	100.0
52.415054400014924	71.0	100.0
52.43424950001645	71.0	100.0
52.45375900002546	71.0	100.0
52.56313740002224	71.0	100.0
52.56315630002064	71.0	100.0
52.56316480002715	71.0	100.0
52.56317280000076	71.0	100.0
52.56318010002724	71.0	100.0
52.57644980002078	71.0	100.0
52.59829370002262	71.0	100.0
52.74431340000592	71.0	100.0
52.74434800000745	71.0	100.0
52.74436560002505	71.0	100.0
52.744383300014306	71.0	100.0
52.74440670001786	71.0	100.0
52.74442660002387	71.0	100.0
52.74444290000247	71.0	100.0
52.75573090001126	71.0	100.0
52.77590120001696	71.0	100.0
52.79588170000352	71.0	100.0
52.816883800027426	71.0	100.0
52.836864200013224	71.0	100.0
52.85554410002078	71.0	100.0
52.96745050000027	71.0	100.0
52.96747000000323	71.0	100.0
52.96747850000975	71.0	100.0
52.96748660001322	71.0	100.0
52.967494600015925	72.0	100.0
52.980538800009526	72.0	100.0
52.998916600015946	72.0	100.0
53.106918100005714	72.0	100.0
53.10696870001266	72.0	100.0
53.10699260002002	72.0	100.0
53.107015100016724	72.0	100.0
53.10703760001343	72.0	100.0
53.1197758000053	72.0	100.0
53.13923380000051	72.0	100.0
53.159165300021414	72.0	100.0
53.178480400005355	72.0	100.0
53.3227823000052	72.0	100.0
53.32280140000512	72.0	100.0
53.32281400001375	72.0	100.0
53.32282210001722	72.0	100.0
53.32283010001993	72.0	100.0
53.3228382000234	72.0	100.0
53.32284560002154	72.0	100.0
53.33896520000417	72.0	100.0
53.35955930000637	72.0	100.0
53.37905410001986	72.0	100.0
53.5272426000156	72.0	100.0
53.527261100010946	72.0	100.0
53.527269100013655	72.0	100.0
53.52727680001408	72.0	100.0
53.5272845000145	72.0	100.0
53.52729240001645	72.0	100.0
53.52729980001459	72.0	100.0
53.538964200008195	72.0	100.0
53.55915210000239	72.0	100.0
53.57878640000126	72.0	100.0
53.731610400020145	72.0	100.0
53.731630700000096	72.0	100.0
53.731638800003566	72.0	100.0
53.731649900000775	72.0	100.0
53.731658000004245	72.0	100.0
53.73166530000162	72.0	100.0
53.73167240002658	72.0	100.0
53.740350300009595	72.0	100.0
53.75890360001358	72.0	100.0
53.778657300019404	72.0	100.0
53.937240000028396	72.0	100.0
53.937259400001494	72.0	100.0
53.937267600005725	72.0	100.0
53.93727600001148	72.0	100.0
53.937283800012665	72.0	100.0
53.93729110001004	72.0	100.0
53.93729830000666	72.0	100.0
53.93947090001893	72.0	100.0
53.96014070001547	73.0	100.0
53.97880590002751	73.0	100.0
53.99877590002143	73.0	100.0
54.10425970001961	73.0	100.0
54.104281500010984	73.0	100.0
54.10429010001826	73.0	100.0
54.104297900019446	73.0	100.0
54.10430550001911	73.0	100.0
54.12093790000654	73.0	100.0
54.13847290002741	73.0	100.0
54.29082020002534	73.0	100.0
54.290839400026016	73.0	100.0
54.29084730002796	73.0	100.0
54.290857200016035	73.0	100.0
54.2908666000003	73.0	100.0
54.290874400001485	73.0	100.0
54.29088180002873	73.0	100.0
54.29902960002073	73.0	100.0
54.31888470001286	73.0	100.0
54.33873400001903	73.0	100.0
54.359110600023996	73.0	100.0
54.37871860002633	73.0	100.0
54.39986070001032	73.0	100.0
54.55115450001904	73.0	100.0
54.55117500000051	73.0	100.0
54.55118350000703	73.0	100.0
54.551192100014305	73.0	100.0
54.55120150002767	73.0	100.0
54.551209400000516	73.0	100.0
54.55121690002852	73.0	100.0
54.559061700012535	73.0	100.0
54.580609900003765	73.0	100.0
54.599780000018654	73.0	100.0
54.756434000009904	73.0	100.0
54.756481400021585	73.0	100.0
54.75650530002895	73.0	100.0
54.756529000005685	73.0	100.0
54.75655300001381	73.0	100.0
54.756575700012036	73.0	100.0
54.756597900006454	73.0	100.0
54.75895550000132	73.0	100.0
54.779002900002524	73.0	100.0
54.800308600009885	73.0	100.0
54.9609965000127	73.0	100.0
54.961017700028606	73.0	100.0
54.961026800010586	73.0	100.0
54.96103510001558	73.0	100.0
54.96104330001981	73.0	100.0
54.96105150002404	73.0	100.0
54.96105890002218	73.0	100.0
54.961066000018036	74.0	100.0
54.97961760000908	74.0	100.0
55.001776100019924	74.0	100.0
55.020199200022034	74.0	100.0
55.16589990002103	74.0	100.0
55.16592200001469	74.0	100.0
55.16593070002273	74.0	100.0
55.16593900002772	74.0	100.0
55.165947000001324	74.0	100.0
55.16595460000099	74.0	100.0
55.16596200002823	74.0	100.0
55.18048060001456	74.0	100.0
55.200163300003624	74.0	100.0
55.22043020001729	74.0	100.0
55.37106550001772	74.0	100.0
55.371101200027624	74.0	100.0
55.371119100018404	74.0	100.0
55.371136300003855	74.0	100.0
55.37115350001841	74.0	100.0
55.37117590001435	74.0	100.0
55.37119330000132	74.0	100.0
55.3795598000288	74.0	100.0
55.399743700021645	74.0	100.0
55.41968770002131	74.0	100.0
55.574757100024726	74.0	100.0
55.574776200024644	74.0	100.0
55.574789800011786	74.0	100.0
55.5748014000128	74.0	100.0
55.574809700017795	74.0	100.0
55.57481730001746	74.0	100.0
55.57482490001712	74.0	100.0
55.58113620002405	74.0	100.0
55.603425600013	74.0	100.0
55.62085170001956	74.0	100.0
55.77934870001627	74.0	100.0
55.7793688000238	74.0	100.0
55.779377100028796	74.0	100.0
55.7793851000024	74.0	100.0
55.779392900003586	74.0	100.0
55.77940050000325	74.0	100.0
55.77940780000063	74.0	100.0
55.78140530001838	74.0	100.0
55.80024510002113	74.0	100.0
55.82065410001087	74.0	100.0
55.84064110001782	74.0	100.0
55.98469810001552	74.0	100.0
55.98471670001163	74.0	100.0
55.98472750000656	74.0	100.0
55.98473600001307	74.0	100.0
55.984744300018065	74.0	100.0
55.98475200001849	74.0	100.0
55.984759200015105	74.0	100.0
56.000697700015735	74.0	100.0
56.021167400002014	74.0	100.0
56.041124700015644	74.0	100.0
56.18941900000209	74.0	100.0
56.18945430000895	74.0	100.0
56.18947160002426	74.0	100.0
56.18948850000743	74.0	100.0
56.189505300018936	74.0	100.0
56.18952160002664	74.0	100.0
56.18953780000447	74.0	100.0
56.20034890001989	74.0	100.0
56.2210180000111	74.0	100.0
56.240857100026915	74.0	100.0
56.34658140002284	74.0	100.0
56.346601800003555	74.0	100.0
56.346609900007024	74.0	100.0
56.34661770000821	74.0	100.0
56.34662530000787	74.0	100.0
56.36081050001667	74.0	100.0
56.38077450002311	74.0	100.0
56.53298470002483	74.0	100.0
56.53300470000249	74.0	100.0
56.53301350001129	74.0	100.0
56.53302120001172	74.0	100.0
56.53302890001214	74.0	100.0
56.53303640001104	74.0	100.0
56.5330435000069	74.0	100.0
56.54177330000675	74.0	100.0
56.56504180000047	74.0	100.0
56.67276490002405	74.0	100.0
56.67281320001348	74.0	100.0
56.67283750002389	74.0	100.0
56.672860200022114	74.0	100.0
56.67288270001882	74.0	100.0
56.68220820001443	74.0	100.0
56.70123910001712	74.0	100.0
56.72217150000506	74.0	100.0
56.74256830001832	74.0	100.0
56.76144350002869	74.0	100.0
56.78115410002647	74.0	100.0
56.80306130001554	74.0	100.0
56.821583200013265	74.0	100.0
56.84148490001098	74.0	100.0
56.861632300016936	74.0	100.0
56.88169400001061	74.0	100.0
56.90150820001145	74.0	100.0
56.921841900009895	74.0	100.0
56.94229200002155	74.0	100.0
56.96119530001306	73.0	100.0
56.98176090000197	73.0	100.0
57.00215880002361	73.0	100.0
57.022730800003046	73.0	100.0
57.04250300000422	73.0	100.0
57.062053400004515	73.0	100.0
57.081477900006576	73.0	100.0
57.10226070001954	73.0	100.0
57.12166590002016	73.0	100.0
57.141455500008306	73.0	100.0
57.16183190001175	73.0	100.0
57.18182720002369	73.0	100.0
57.201819300011266	73.0	100.0
57.221900400007144	73.0	100.0
57.24188410001807	73.0	100.0
57.26195230000303	73.0	100.0
57.28269890000229	73.0	100.0
57.302140800020425	73.0	100.0
57.322830500022974	73.0	100.0
57.34219380002469	73.0	100.0
57.36283120000735	73.0	100.0
57.38398510002298	73.0	100.0
57.4028506000177	73.0	100.0
57.42291020002449	73.0	100.0
57.44256320002023	73.0	100.0
57.46262570002	73.0	100.0
57.482385700015584	73.0	100.0
57.502455900015775	73.0	100.0
57.52307220001239	73.0	100.0
57.54288750002161	73.0	100.0
57.56274040002609	73.0	100.0
57.58294600000954	73.0	100.0
57.603330600017216	73.0	100.0
57.6230593000073	73.0	100.0
57.64274700000533	73.0	100.0
57.662400900007924	73.0	100.0
57.68296830001054	73.0	100.0
57.70247420002124	73.0	100.0
57.72327750001568	73.0	100.0
57.7428827000258	73.0	100.0
57.76297210002667	73.0	100.0
57.78225880002719	73.0	100.0
57.80317100000684	73.0	100.0
57.82323960002395	73.0	100.0
57.84287230001064	73.0	100.0
57.862590700009605	73.0	100.0
57.8829843000276	73.0	100.0
57.902737600001274	73.0	100.0
57.92291570000816	73.0	100.0
57.94370700002764	73.0	100.0
57.962687000021106	72.0	100.0
57.9824863000249	72.0	100.0
58.00489190002554	72.0	100.0
58.022257000004174	72.0	100.0
58.0423905000207	72.0	100.0
58.06225620000623	72.0	100.0
58.08271020001848	72.0	100.0
58.102363300014986	72.0	100.0
58.1231496000255	72.0	100.0
58.14418790000491	72.0	100.0
58.162394200015115	72.0	100.0
58.182994400005555	72.0	100.0
58.203416500007734	72.0	100.0
58.224539200018626	72.0	100.0
58.243345400027465	72.0	100.0
58.2630204000161	72.0	100.0
58.28329330001725	72.0	100.0
58.30517190002138	72.0	100.0
58.323680900008185	72.0	100.0
58.342361200018786	72.0	100.0
58.36289020002005	72.0	100.0
58.38281520002056	72.0	100.0
58.40246830001706	72.0	100.0
58.42416310001863	72.0	100.0
58.44289880001452	72.0	100.0
58.46522680000635	72.0	100.0
58.482949000026565	72.0	100.0
58.50372750000679	72.0	100.0
58.52226860000519	72.0	100.0
58.541022500023246	72.0	100.0
58.55904800002463	72.0	100.0
58.57951020001201	72.0	100.0
58.60125390000758	72.0	100.0
58.62249700000393	72.0	100.0
58.64251200002036	72.0	100.0
58.66242060001241	72.0	100.0
58.68138580000959	72.0	100.0
58.70190340001136	72.0	100.0
58.725391600019066	72.0	100.0
58.744442700000945	72.0	100.0
58.768138600018574	72.0	100.0
58.783775600022636	72.0	100.0
58.80373500002315	72.0	100.0
58.82468350001727	72.0	100.0
58.84478470002068	72.0	100.0
58.86422540000058	72.0	100.0
58.88471800001571	72.0	100.0
58.904577400011476	72.0	100.0
58.92514010000741	72.0	100.0
58.94498420000309	72.0	100.0
58.96478120001848	72.0	100.0
58.98448870002176	72.0	100.0
59.00449750002008	72.0	100.0
59.024800000013784	72.0	100.0
59.04417220002506	72.0	100.0
59.06295270001283	72.0	100.0
59.08371200002148	72.0	100.0
59.10486000002129	72.0	100.0
59.12764150000294	72.0	100.0
59.14456430001883	72.0	100.0
59.16475850000279	72.0	100.0
59.1846698000154	72.0	100.0
59.204596600000514	72.0	100.0
59.228613700019196	72.0	100.0
59.244521100015845	72.0	100.0
59.264492500020424	72.0	100.0
59.28465220000362	72.0	100.0
59.304134200006956	72.0	100.0
59.3250609000097	72.0	100.0
59.343790300015826	72.0	100.0
59.364702300023055	72.0	100.0
59.3846285000036	72.0	100.0
59.404675000027055	72.0	100.0
59.4247360000154	72.0	100.0
59.445347700006096	72.0	100.0
59.464430200023344	72.0	100.0
59.48478630001773	72.0	100.0
59.50569620000897	72.0	100.0
59.52463300002273	72.0	100.0
59.54484630000661	72.0	100.0
59.5649134000123	72.0	100.0
59.5847246000194	72.0	100.0
59.60463140002685	72.0	100.0
59.62561200000346	72.0	100.0
59.644897600024706	72.0	100.0
59.666316100017866	72.0	100.0
59.68584620000911	72.0	100.0
59.70464310000534	72.0	100.0
59.72576130001107	72.0	100.0
59.74584680001135	72.0	100.0
59.76517410000088	72.0	100.0
59.78462190000573	72.0	100.0
59.80649240000639	72.0	100.0
59.825835700001335	72.0	100.0
59.845551500009606	72.0	100.0
59.86471820002771	72.0	100.0
59.88537770000403	72.0	100.0
59.904715800017584	72.0	100.0
59.9256312000216	72.0	100.0
59.94619660000899	72.0	100.0
59.96604940001271	71.0	100.0
59.982608000020264	71.0	100.0
60.006666100001894	71.0	100.0
60.02573750002193	71.0	100.0
60.04696510001668	71.0	100.0
60.06645550002577	71.0	100.0
60.086398100014776	71.0	100.0
60.1059254000138	71.0	100.0
60.126585000019986	71.0	100.0
60.14858780000941	71.0	100.0
60.166591800021706	71.0	100.0
60.185862900019856	71.0	100.0
60.205716700002085	71.0	100.0
60.225750300014624	71.0	100.0
60.2464050000126	71.0	100.0
60.266116700018756	71.0	100.0
60.28631370002404	71.0	100.0
60.30536100000609	71.0	100.0
60.325879300013185	71.0	100.0
60.34558740002103	71.0	100.0
60.365876300027594	71.0	100.0
60.38536580000073	71.0	100.0
60.405429100006586	71.0	100.0
60.4255554000265	71.0	100.0
60.444396600010805	71.0	100.0
60.46797850000439	71.0	100.0
60.48390460002702	71.0	100.0
60.5054361000075	71.0	100.0
60.520736800011946	71.0	100.0
60.54065300000366	71.0	100.0
60.56304860001546	71.0	100.0
60.58625480000046	71.0	100.0
60.60670560001745	71.0	100.0
60.626797100005206	71.0	100.0
60.64675590000115	71.0	100.0
60.66634150000755	71.0	100.0
60.68578040000284	71.0	100.0
60.705284600000596	71.0	100.0
60.72616860002745	71.0	100.0
60.74541400000453	71.0	100.0
60.766225800005486	71.0	100.0
60.786412800021935	71.0	100.0
60.807122800004436	71.0	100.0
60.82709080001223	71.0	100.0
60.84658480001963	71.0	100.0
60.86657140002353	71.0	100.0
60.886669500003336	71.0	100.0
60.906309600017266	71.0	100.0
60.92911220001406	71.0	100.0
60.94727160001639	71.0	100.0
60.96787610001047	71.0	100.0
60.98648340001819	71.0	100.0
61.00865150001482	71.0	100.0
61.026869500026805	71.0	100.0
61.04681620001793	71.0	100.0
61.067017200024566	71.0	100.0
61.086510600027395	71.0	100.0
61.106942500016885	71.0	100.0
61.12689240000327	71.0	100.0
61.146769200015115	71.0	100.0
61.16670030000387	71.0	100.0
61.18840790001559	71.0	100.0
61.20736150001176	71.0	100.0
61.22693450000952	71.0	100.0
61.24739300002693	71.0	100.0
61.26699300002656	71.0	100.0
61.28698670002632	71.0	100.0
61.307342000014614	71.0	100.0
61.32677820001845	71.0	100.0
61.34677570001804	71.0	100.0
61.36708710002131	71.0	100.0
61.3868075000064	71.0	100.0
61.40660650000791	71.0	100.0
61.42602360001183	71.0	100.0
61.44631080000545	71.0	100.0
61.46673800001736	71.0	100.0
61.48630410002079	71.0	100.0
61.505658000009134	71.0	100.0
61.52716250001686	71.0	100.0
61.54423860000679	71.0	100.0
61.56542990001617	71.0	100.0
61.58345660002669	71.0	100.0
61.60614990000613	71.0	100.0
61.627001500019105	71.0	100.0
61.64658220001729	71.0	100.0
61.66671350001707	71.0	100.0
61.68722590000834	71.0	100.0
61.70670790001168	71.0	100.0
61.72805970002082	71.0	100.0
61.74727500000154	71.0	100.0
61.766997100028675	71.0	100.0
61.787303700024495	71.0	100.0
61.80707040001289	71.0	100.0
61.827270600013435	71.0	100.0
61.84668200000306	71.0	100.0
61.866587500000605	71.0	100.0
61.88964100001613	71.0	100.0
61.9064557000238	71.0	100.0
61.927157400001306	71.0	100.0
61.94802950002486	71.0	100.0
61.968253800005186	71.0	100.0
61.9872047000099	71.0	100.0
62.007994900021004	71.0	100.0
62.02743320001173	71.0	100.0
62.046988600020995	71.0	100.0
62.06617100001313	71.0	100.0
62.086804200022016	71.0	100.0
62.106934400013415	71.0	100.0
62.126779100013664	71.0	100.0
62.14679580001393	71.0	100.0
62.166924600023776	71.0	100.0
62.18663570002536	71.0	100.0
62.20784280000953	71.0	100.0
62.22868040000321	71.0	100.0
62.24829470002442	71.0	100.0
62.26749700002256	71.0	100.0
62.28824380002334	71.0	100.0
62.308257500000764	71.0	100.0
62.32864140000311	71.0	100.0
62.34785270001157	71.0	100.0
62.374300300027244	71.0	100.0
62.38842780000414	71.0	100.0
62.40814660000615	71.0	100.0
62.42850650000037	71.0	100.0
62.4483841000183	71.0	100.0
62.46809010001016	71.0	100.0
62.48798860001261	71.0	100.0
62.50782850000542	71.0	100.0
62.5282599000202	71.0	100.0
62.546739600016735	71.0	100.0
62.56816350002191	71.0	100.0
62.58719160000328	71.0	100.0
62.60823910002364	71.0	100.0
62.62792920001084	71.0	100.0
62.64850650000153	71.0	100.0
62.66674660000717	71.0	100.0
62.687475700018695	71.0	100.0
62.70890700002201	71.0	100.0
62.72862310000346	71.0	100.0
62.748245900002075	71.0	100.0
62.768676900013816	71.0	100.0
62.78809050002019	71.0	100.0
62.80851270002313	71.0	100.0
62.82831170002464	71.0	100.0
62.848736400017515	71.0	100.0
62.86802780002472	71.0	100.0
62.88901490002172	71.0	100.0
62.90834860000177	71.0	100.0
62.929773600015324	71.0	100.0
62.9500190000108	71.0	100.0
62.96955980002531	71.0	100.0
62.98886740001035	71.0	100.0
63.0087196000095	71.0	100.0
63.02917350002099	71.0	100.0
63.048778700002	71.0	100.0
63.06859980002628	71.0	100.0
63.08903130001272	71.0	100.0
63.11022070000763	71.0	100.0
63.13028700000723	71.0	100.0
63.149854200019035	71.0	100.0
63.1691514000122	71.0	100.0
63.1886089000036	71.0	100.0
63.20897340000374	71.0	100.0
63.229746400000295	71.0	100.0
63.24961020000046	71.0	100.0
63.2686697000172	71.0	100.0
63.289718600019114	71.0	100.0
63.308472400007304	71.0	100.0
63.32995510002365	71.0	100.0
63.348728300014045	71.0	100.0
63.37012180002057	71.0	100.0
63.38864870002726	71.0	100.0
63.41010000000824	71.0	100.0
63.428739500028314	71.0	100.0
63.449144200014416	71.0	100.0
63.468502000003355	71.0	100.0
63.488571200025035	71.0	100.0
63.50881460000528	71.0	100.0
63.52913860001718	71.0	100.0
63.54818840001826	71.0	100.0
63.56869680000818	71.0	100.0
63.58916350000072	71.0	100.0
63.60846750001656	71.0	100.0
63.63036060001468	71.0	100.0
63.64921610002057	71.0	100.0
63.668524900014745	71.0	100.0
63.68868360001943	71.0	100.0
63.70853900001384	71.0	100.0
63.72945510002319	71.0	100.0
63.74897320001037	71.0	100.0
63.76925630000187	71.0	100.0
63.788447700004326	71.0	100.0
63.80854930001078	71.0	100.0
63.829144300019834	71.0	100.0
63.84911850001663	71.0	100.0
63.86871380000957	71.0	100.0
63.8895487000118	71.0	100.0
63.90897890002816	71.0	100.0
63.929030400002375	71.0	100.0
63.95041410002159	71.0	100.0
63.969676100008655	71.0	100.0
63.98492410001927	71.0	100.0
64.00872830001754	71.0	100.0
64.02609760002815	71.0	100.0
64.04667240002891	71.0	100.0
64.06555950001348	71.0	100.0
64.08557330002077	71.0	100.0
64.10527130000992	71.0	100.0
64.12644960000762	71.0	100.0
64.14725970002473	71.0	100.0
64.16754130000481	71.0	100.0
64.18735880000168	71.0	100.0
64.20841200000723	71.0	100.0
64.22727920001489	71.0	100.0
64.24958220002009	71.0	100.0
64.2690684000263	71.0	100.0
64.29013720000512	71.0	100.0
64.31006470002467	71.0	100.0
64.33038870000746	71.0	100.0
64.3487812000094	71.0	100.0
64.37082000001101	71.0	100.0
64.38875330000883	71.0	100.0
64.41011870000511	71.0	100.0
64.43061440001475	71.0	100.0
64.45014070000616	71.0	100.0
64.46929580002325	71.0	100.0
64.48981400000048	71.0	100.0
64.51024000000325	71.0	100.0
64.52949490002356	71.0	100.0
64.55246390000684	71.0	100.0
64.57233430002816	71.0	100.0
64.58985320001375	71.0	100.0
64.60878770001	71.0	100.0
64.62957810002263	71.0	100.0
64.64990530000068	71.0	100.0
64.66977300000144	71.0	100.0
64.68959320001886	71.0	100.0
64.7099986000103	71.0	100.0
64.73100080000586	71.0	100.0
64.75024180000764	71.0	100.0
64.77029120002408	71.0	100.0
64.79080900002737	71.0	100.0
64.80930840002839	71.0	100.0
64.82964850001736	71.0	100.0
64.85001260001445	71.0	100.0
64.86952880001627	71.0	100.0
64.89291840000078	71.0	100.0
64.90913770001498	71.0	100.0
64.93087580002612	71.0	100.0
64.95019160001539	71.0	100.0
64.97020540002268	72.0	100.0
64.98965290002525	72.0	100.0
65.0100862000254	72.0	100.0
65.0301970000146	72.0	100.0
65.05056270002387	72.0	100.0
65.0706121000112	72.0	100.0
65.09109370000078	72.0	100.0
65.11004450000473	72.0	100.0
65.13112060001004	72.0	100.0
65.15046700002858	72.0	100.0
65.17055820001406	72.0	100.0
65.19039770000381	72.0	100.0
65.21054200001527	72.0	100.0
65.23073750000913	72.0	100.0
65.25096900001517	72.0	100.0
65.27067400002852	72.0	100.0
65.29020590000437	72.0	100.0
65.30988240000443	72.0	100.0
65.3309446000203	72.0	100.0
65.35057140002027	72.0	100.0
65.37132380000548	72.0	100.0
65.39054870000109	72.0	100.0
65.41027910000412	72.0	100.0
65.42996510001831	72.0	100.0
65.45012370002223	72.0	100.0
65.47335180002847	72.0	100.0
65.49075810000068	72.0	100.0
65.50879300001543	72.0	100.0
65.5307504000084	72.0	100.0
65.55079260002822	72.0	100.0
65.57087920000777	72.0	100.0
65.59081880000303	72.0	100.0
65.61091480002506	72.0	100.0
65.63002390001202	72.0	100.0
65.65054680002504	72.0	100.0
65.67088170000352	72.0	100.0
65.69129620000604	72.0	100.0
65.71080060000531	72.0	100.0
65.73077500000363	72.0	100.0
65.75087380001787	72.0	100.0
65.77007600001525	72.0	100.0
65.79076800000621	72.0	100.0
65.8106685000239	72.0	100.0
65.83040760000586	72.0	100.0
65.85085830002208	72.0	100.0
65.87068080002791	72.0	100.0
65.89074480001	72.0	100.0
65.91101120001986	72.0	100.0
65.93208580001374	72.0	100.0
65.95114060002379	72.0	100.0
65.97141820000252	74.0	100.0
65.99015880000661	74.0	100.0
66.01026890001958	74.0	100.0
66.03121440001996	74.0	100.0
66.05056170001626	74.0	100.0
66.07289280000259	74.0	100.0
66.09024010002031	74.0	100.0
66.11069460000726	74.0	100.0
66.13287340002717	74.0	100.0
66.15098360000411	74.0	100.0
66.17085600001155	74.0	100.0
66.19087550000404	74.0	100.0
66.21013640001183	74.0	100.0
66.23026780001237	74.0	100.0
66.2507586000138	74.0	100.0
66.27001490001567	74.0	100.0
66.29255950002698	74.0	100.0
66.31077510002069	74.0	100.0
66.33102630000212	74.0	100.0
66.35111560000223	74.0	100.0
66.37035520002246	74.0	100.0
66.39113550001639	74.0	100.0
66.41093980000005	74.0	100.0
66.43142750000698	74.0	100.0
66.45115620002616	74.0	100.0
66.47070460001123	74.0	100.0
66.49063290000777	74.0	100.0
66.5110647000256	74.0	100.0
66.53174240002409	74.0	100.0
66.55086310001207	74.0	100.0
66.57033000001684	74.0	100.0
66.59046540001873	74.0	100.0
66.61106780002592	74.0	100.0
66.63028610000038	74.0	100.0
66.65034430002561	74.0	100.0
66.67011090001324	74.0	100.0
66.69112250002217	74.0	100.0
66.71282940002857	74.0	100.0
66.73179460002575	74.0	100.0
66.7510851000261	74.0	100.0
66.77250500000082	74.0	100.0
66.79051290001371	74.0	100.0
66.81024180000531	74.0	100.0
66.83067040002788	74.0	100.0
66.850674300018	74.0	100.0
66.87026580001111	74.0	100.0
66.89070400001947	74.0	100.0
66.91061100002844	74.0	100.0
66.93135690002237	74.0	100.0
66.95127160000266	74.0	100.0
66.97211510001216	75.0	100.0
66.99052230000962	75.0	100.0
67.01271040001302	75.0	100.0
67.03093940002145	75.0	100.0
67.05064240001957	75.0	100.0
67.07059000001755	75.0	100.0
67.09026230001473	75.0	100.0
67.11187710001832	75.0	100.0
67.13263990002451	75.0	100.0
67.15145060000941	75.0	100.0
67.17196140001761	75.0	100.0
67.19138320002821	75.0	100.0
67.21447580002132	75.0	100.0
67.2318827000272	75.0	100.0
67.25070290002623	75.0	100.0
67.27032900002087	75.0	100.0
67.29019410000183	75.0	100.0
67.31169660002342	75.0	100.0
67.33309610001743	75.0	100.0
67.351891600003	75.0	100.0
67.37187260002247	75.0	100.0
67.39055520002148	75.0	100.0
67.41085500002373	75.0	100.0
67.4318484000105	75.0	100.0
67.45094430001336	75.0	100.0
67.47124610000174	75.0	100.0
67.49233360000653	75.0	100.0
67.5122318000067	75.0	100.0
67.53239260002738	75.0	100.0
67.55017070000758	75.0	100.0
67.57151000000886	75.0	100.0
67.59191230000579	75.0	100.0
67.61261190002551	75.0	100.0
67.63158960000146	75.0	100.0
67.65268330002436	75.0	100.0
67.67176870000549	75.0	100.0
67.69265230000019	75.0	100.0
67.71132660002331	75.0	100.0
67.73287870001514	75.0	100.0
67.75124920002418	75.0	100.0
67.77213730002404	75.0	100.0
67.79277570001432	75.0	100.0
67.81225750001613	75.0	100.0
67.83230140001979	75.0	100.0
67.85072460002266	75.0	100.0
67.87060290001682	75.0	100.0
67.89196620002622	75.0	100.0
67.91094350002822	75.0	100.0
67.93250680001802	75.0	100.0
67.95265940000536	75.0	100.0
67.97367910001776	77.0	100.0
67.9910667000222	77.0	100.0
68.01268220000202	77.0	100.0
68.03363110002829	77.0	100.0
68.05241860001115	77.0	100.0
68.07225910000852	77.0	100.0
68.09271540000918	77.0	100.0
68.11183250002796	77.0	100.0
68.13268050001352	77.0	100.0
68.15259150002385	77.0	100.0
68.17261880001752	77.0	100.0
68.19248300002073	77.0	100.0
68.2126469000068	77.0	100.0
68.2327401000075	77.0	100.0
68.25270880002063	77.0	100.0
68.27262080000946	77.0	100.0
68.29299740001443	77.0	100.0
68.3093596000108	77.0	100.0
68.32861610001419	77.0	100.0
68.349211200024	77.0	100.0
68.3708384000056	77.0	100.0
68.39316900001722	77.0	100.0
68.41263520001667	77.0	100.0
68.43270740000298	77.0	100.0
68.45245890002116	77.0	100.0
68.47261490000528	77.0	100.0
68.4930237000226	77.0	100.0
68.51219630002743	77.0	100.0
68.53386970001156	77.0	100.0
68.55383420002181	77.0	100.0
68.57361210000818	77.0	100.0
68.5926807000069	77.0	100.0
68.61270600001444	77.0	100.0
68.63273650000338	77.0	100.0
68.65233770001214	77.0	100.0
68.67237180002849	77.0	100.0
68.69413230000646	77.0	100.0
68.71214950000285	77.0	100.0
68.73292790001142	77.0	100.0
68.75258800000302	77.0	100.0
68.77280670002801	77.0	100.0
68.79252760001691	77.0	100.0
68.81282850002754	77.0	100.0
68.83285160001833	77.0	100.0
68.85311520000687	77.0	100.0
68.87287240001024	77.0	100.0
68.8958743000112	77.0	100.0
68.91312150002341	77.0	100.0
68.9334706000227	77.0	100.0
68.9551172000065	77.0	100.0
68.9743905000214	78.0	100.0
68.99556240002858	78.0	100.0
69.01490210002521	78.0	100.0
69.03405450002174	78.0	100.0
69.05434200001764	78.0	100.0
69.07381040000473	78.0	100.0
69.09399520000443	78.0	100.0
69.11381650000112	78.0	100.0
69.13379270001315	78.0	100.0
69.15303340001265	78.0	100.0
69.17467850001412	78.0	100.0
69.1941516000079	78.0	100.0
69.21416930001578	78.0	100.0
69.23299070002395	78.0	100.0
69.25405810002121	78.0	100.0
69.4502692000242	78.0	100.0
69.45029230002547	78.0	100.0
69.45030080000288	78.0	100.0
69.4503085000033	78.0	100.0
69.4503160000022	78.0	100.0
69.45032360000187	78.0	100.0
69.45033140000305	78.0	100.0
69.45033900000271	78.0	100.0
69.45034630000009	78.0	100.0
69.4539739000029	78.0	100.0
69.4735054000048	78.0	100.0
69.49375800002599	78.0	100.0
69.51359950000187	78.0	100.0
69.56190370002878	78.0	100.0
69.5619228000287	78.0	100.0
69.57471280000755	78.0	100.0
69.7011077000061	78.0	100.0
69.7011429000122	78.0	100.0
69.70116039999994	78.0	100.0
69.7011773000122	78.0	100.0
69.70119390002219	78.0	100.0
69.70121020000079	78.0	100.0
69.71457490001922	78.0	100.0
69.7346627000079	78.0	100.0
69.75455900002271	78.0	100.0
69.77478750000591	78.0	100.0
69.82060220002313	78.0	100.0
69.82062020001467	78.0	100.0
69.834748400026	78.0	100.0
69.85455000001821	78.0	100.0
69.87731050001457	78.0	100.0
69.9187413000036	78.0	100.0
69.91876310002408	78.0	100.0
69.93471930001397	78.0	100.0
69.95546730002388	78.0	100.0
69.97585660000914	80.0	100.0
70.01851220001117	80.0	100.0
70.01854470002581	80.0	100.0
70.0345718000026	80.0	100.0
70.05483030001051	80.0	100.0
70.07397110000602	80.0	100.0
70.12121990000014	80.0	100.0
70.12126830001944	80.0	100.0
70.13582520000637	80.0	100.0
70.15479540001252	80.0	100.0
70.17464060001657	80.0	100.0
70.23221220000414	80.0	100.0
70.23223130000406	80.0	100.0
70.23470930001349	80.0	100.0
70.25396250002086	80.0	100.0
70.2747878000082	80.0	100.0
70.3280435000197	80.0	100.0
70.32809040002758	80.0	100.0
70.33512320002774	80.0	100.0
70.3552848000254	80.0	100.0
70.37526060000528	80.0	100.0
70.43831980001414	80.0	100.0
70.43836720002582	80.0	100.0
70.43839160000789	80.0	100.0
70.45482480002102	80.0	100.0
70.47373820000212	80.0	100.0
70.49484930001199	80.0	100.0
70.67866090001189	80.0	100.0
70.67868160002399	80.0	100.0
70.67869020000217	80.0	100.0
70.67869820000487	80.0	100.0
70.67870610000682	80.0	100.0
70.67971950001083	80.0	100.0
70.67973870001151	80.0	100.0
70.67974750002031	80.0	100.0
70.6797553000215	80.0	100.0
70.69686400002684	80.0	100.0
70.88589330000104	80.0	100.0
70.88591300000553	80.0	100.0
70.88592120000976	80.0	100.0
70.88592900001095	80.0	100.0
70.88593640000909	80.0	100.0
70.88594410000951	80.0	100.0
70.88595130000613	80.0	100.0
70.8859586000035	80.0	100.0
70.88596600000164	80.0	100.0
70.89560760001768	80.0	100.0
70.91576500001247	80.0	100.0
70.93735700001707	80.0	100.0
70.9900261000148	80.0	100.0
70.99004590002005	82.0	100.0
70.99526500000502	82.0	100.0
71.03953270000056	82.0	100.0
71.03955500002485	82.0	100.0
71.05606830000761	82.0	100.0
71.07597480001277	82.0	100.0
71.09539870001026	82.0	100.0
71.29396960002487	82.0	100.0
71.29398940000101	82.0	100.0
71.293997700006	82.0	100.0
71.29400540000643	82.0	100.0
71.29401610000059	82.0	100.0
71.29490390000865	82.0	100.0
71.29493710002862	82.0	100.0
71.29495470001712	82.0	100.0
71.2949718000018	82.0	100.0
71.29628930002218	82.0	100.0
71.31598460001987	82.0	100.0
71.34561740001664	82.0	100.0
71.35617210000055	82.0	100.0
71.37625480000861	82.0	100.0
71.39640300002065	82.0	100.0
71.4164353000233	82.0	100.0
71.43635550001636	82.0	100.0
71.45638930000132	82.0	100.0
71.47550180001417	82.0	100.0
71.49630400000024	82.0	100.0
71.51665850001154	82.0	100.0
71.54707430000417	82.0	100.0
71.55616060001194	82.0	100.0
71.57665850000922	82.0	100.0
71.59676310000941	82.0	100.0
71.61773360002553	82.0	100.0
71.63694350002334	82.0	100.0
71.65681760001462	82.0	100.0
71.67652490001637	82.0	100.0
71.69688470000983	82.0	100.0
71.71665190000203	82.0	100.0
71.9090282000252	82.0	100.0
71.90907490000245	82.0	100.0
71.90909940001438	82.0	100.0
71.9091224000149	82.0	100.0
71.90914480001084	82.0	100.0
71.90916760000982	82.0	100.0
71.90918970000348	82.0	100.0
71.90921170002548	82.0	100.0
71.90923900000053	82.0	100.0
71.9172063000151	82.0	100.0
71.93732530000852	82.0	100.0
71.95788030000404	82.0	100.0
71.97761590001755	82.0	100.0
72.02273490000516	82.0	100.0
72.02404770001885	82.0	100.0
72.03689290001057	82.0	100.0
72.15964980001445	82.0	100.0
72.15967000002274	82.0	100.0
72.15967880000244	82.0	100.0
72.15968660000362	82.0	100.0
72.15969440000481	82.0	100.0
72.15970240000752	82.0	100.0
72.17869870000868	82.0	100.0
72.19780330001959	82.0	100.0
72.21815400000196	82.0	100.0
72.23824910001713	82.0	100.0
72.42274360000738	82.0	100.0
72.42277530001593	82.0	100.0
72.4227891000046	82.0	100.0
72.42280290002236	82.0	100.0
72.42285160001484	82.0	100.0
72.42286430002423	82.0	100.0
72.42287440001382	82.0	100.0
72.42288440000266	82.0	100.0
72.42289380001603	82.0	100.0
72.43802050000522	82.0	100.0
72.45803420001175	82.0	100.0
72.47820680000586	82.0	100.0
72.534476300003	82.0	100.0
72.53449550000369	82.0	100.0
72.53966860001674	82.0	100.0
72.67130860002362	82.0	100.0
72.67132970000966	82.0	100.0
72.67133990000002	82.0	100.0
72.67134800000349	82.0	100.0
72.67135540000163	82.0	100.0
72.67136270002811	82.0	100.0
72.67825110000558	82.0	100.0
72.69786210000166	82.0	100.0
72.7185332000081	82.0	100.0
72.73827200001688	82.0	100.0
72.77588030000334	82.0	100.0
72.77790320001077	82.0	100.0
72.79730050000944	82.0	100.0
72.81751330001862	82.0	100.0
72.83888290001778	82.0	100.0
72.86922360002063	82.0	100.0
72.87758020000183	82.0	100.0
72.89787250000518	82.0	100.0
72.91947910000454	82.0	100.0
72.93813690001843	82.0	100.0
72.96003500002553	82.0	100.0
72.97872360001202	83.0	100.0
72.99858720001066	83.0	100.0
73.02061270002741	83.0	100.0
73.0383466000203	83.0	100.0
73.05847740001627	83.0	100.0
73.07837810000638	83.0	100.0
73.09787320002215	83.0	100.0
73.11819580002339	83.0	100.0
73.1390090000059	83.0	100.0
73.15961890001199	83.0	100.0
73.1777323000133	83.0	100.0
73.19856990000699	83.0	100.0
73.2187808000017	83.0	100.0
73.23891530002584	83.0	100.0
73.25801440002397	83.0	100.0
73.27635820000432	83.0	100.0
73.29397370002698	83.0	100.0
73.31576430000132	83.0	100.0
73.3373522000038	83.0	100.0
73.35781690001022	83.0	100.0
73.37747280002804	83.0	100.0
73.39580560001195	83.0	100.0
73.41864490002627	83.0	100.0
73.43815960001666	83.0	100.0
73.46009080001386	83.0	100.0
73.47835890002898	83.0	100.0
73.49882350000553	83.0	100.0
73.51868580002338	83.0	100.0
73.53894730002503	83.0	100.0
73.5590830000001	83.0	100.0
73.58010260001174	83.0	100.0
73.59818770000129	83.0	100.0
73.63169310000376	83.0	100.0
73.638854800025	83.0	100.0
73.65826120000565	83.0	100.0
73.6782275000005	83.0	100.0
73.69893320000847	83.0	100.0
73.71925670001656	83.0	100.0
73.73922700001276	83.0	100.0
73.85146750000422	83.0	100.0
73.85148710000794	83.0	100.0
73.8514955000137	83.0	100.0
73.85150380001869	83.0	100.0
73.85151480001514	83.0	100.0
73.8588045000215	83.0	100.0
73.87870540001313	83.0	100.0
73.89863010001136	83.0	100.0
73.99389350001002	83.0	100.0
73.99409190000733	83.0	100.0
73.99410940002417	83.0	100.0
73.99411820000387	82.0	100.0
73.99869850001414	82.0	100.0
74.01874010000029	82.0	100.0
74.03908520002733	82.0	100.0
74.05899110002792	82.0	100.0
74.16932510002516	82.0	100.0
74.16937890002737	82.0	100.0
74.1694034000102	82.0	100.0
74.16942680001375	82.0	100.0
74.1694492000097	82.0	100.0
74.17901000002166	82.0	100.0
74.19917180002085	82.0	100.0
74.3116858000285	82.0	100.0
74.31170590000693	82.0	100.0
74.31171490001725	82.0	100.0
74.31172290001996	82.0	100.0
74.311731600028	82.0	100.0
74.31807770000887	82.0	100.0
74.33884550002404	82.0	100.0
74.35820080002304	82.0	100.0
74.37841040000785	82.0	100.0
74.47879440002725	82.0	100.0
74.47884210001212	82.0	100.0
74.478866200021	82.0	100.0
74.47888890001923	82.0	100.0
74.48151460001827	82.0	100.0
74.4995379000029	82.0	100.0
74.51939900001162	82.0	100.0
74.6149847000197	82.0	100.0
74.61500370001886	82.0	100.0
74.6150155000214	82.0	100.0
74.61502360002487	82.0	100.0
74.61995050002588	82.0	100.0
74.64028600000893	82.0	100.0
74.65924560002168	82.0	100.0
74.6792487000057	82.0	100.0
74.77547900000354	82.0	100.0
74.77549900001031	82.0	100.0
74.77550830002292	82.0	100.0
74.7755161000241	82.0	100.0
74.78033310000319	82.0	100.0
74.79931210001814	82.0	100.0
74.81964250002056	82.0	100.0
74.9110305000213	82.0	100.0
74.91105060002883	82.0	100.0
74.91105890000472	82.0	100.0
74.91106680000667	82.0	100.0
74.92027500001132	82.0	100.0
74.94056780001847	82.0	100.0
74.96084640000481	82.0	100.0
74.98053450000589	81.0	100.0
75.08528570001363	81.0	100.0
75.08532080001896	81.0	100.0
75.08533840000746	81.0	100.0
75.08537150002667	81.0	100.0
75.08541860000696	81.0	100.0
75.10029820000636	81.0	100.0
75.12026720002177	81.0	100.0
75.2228503000224	81.0	100.0
75.22289840001031	81.0	100.0
75.22292290002224	81.0	100.0
75.22294540001894	81.0	100.0
75.22296790001565	81.0	100.0
75.24080680002226	81.0	100.0
75.26009610001347	81.0	100.0
75.28054570002132	81.0	100.0
75.30054650001694	81.0	100.0
75.44045760002336	81.0	100.0
75.44051300000865	81.0	100.0
75.44054190002498	81.0	100.0
75.44055810000282	81.0	100.0
75.4405724000244	81.0	100.0
75.44058380002389	81.0	100.0
75.44180000000051	81.0	100.0
75.4603114000056	81.0	100.0
75.48053670002264	81.0	100.0
75.50079390002065	81.0	100.0
75.64502380002523	81.0	100.0
75.64506100001745	81.0	100.0
75.64507860000595	81.0	100.0
75.64509600002202	81.0	100.0
75.64511270000366	81.0	100.0
75.64512920001289	81.0	100.0
75.64514540001983	81.0	100.0
75.66101940002409	81.0	100.0
75.68056540001999	81.0	100.0
75.70075370001723	81.0	100.0
75.85041440001805	81.0	100.0
75.85043450002559	81.0	100.0
75.85044310000376	81.0	100.0
75.85045090000494	81.0	100.0
75.85045840000384	81.0	100.0
75.85046600000351	81.0	100.0
75.85047360000317	81.0	100.0
75.86192790002679	81.0	100.0
75.88082810002379	81.0	100.0
75.90141480002785	81.0	100.0
76.05590500001563	81.0	100.0
76.05592820001766	81.0	100.0
76.05593700002646	81.0	100.0
76.05594540000311	83.0	100.0
76.0559532000043	83.0	100.0
76.05596060000244	83.0	100.0
76.05596850000438	83.0	100.0
76.06014130002586	83.0	100.0
76.07740180002293	83.0	100.0
76.0971432000224	83.0	100.0
76.11698170000454	83.0	100.0
76.2107551000081	83.0	100.0
76.21077870001318	83.0	100.0
76.21079050001572	83.0	100.0
76.21080210001674	83.0	100.0
76.22485160001088	83.0	100.0
76.24235160002718	83.0	100.0
76.43688740002108	83.0	100.0
76.43690850000712	83.0	100.0
76.43691750001744	83.0	100.0
76.43692620002548	83.0	100.0
76.4369339000259	83.0	100.0
76.43694160002633	83.0	100.0
76.43694890002371	83.0	100.0
76.43695630002185	83.0	100.0
76.4369634000177	83.0	100.0
76.44192870002007	83.0	100.0
76.46209610000369	83.0	100.0
76.48159470001701	83.0	100.0
76.50192710000556	83.0	100.0
76.52164180000545	83.0	100.0
76.66917220002506	83.0	100.0
76.66919290000806	83.0	100.0
76.66920110001229	83.0	100.0
76.669209100015	83.0	100.0
76.66921650001314	83.0	100.0
76.66922420001356	83.0	100.0
76.66923140001018	83.0	100.0
76.68203010002617	83.0	100.0
76.70188910001889	83.0	100.0
76.72185230001924	83.0	100.0
76.87353970002732	83.0	100.0
76.87357400002657	83.0	100.0
76.87359170001582	83.0	100.0
76.87360860002809	83.0	100.0
76.87362560001202	83.0	100.0
76.87364200002048	83.0	100.0
76.87365840002894	83.0	100.0
76.87906270002713	83.0	100.0
76.89864870000747	83.0	100.0
76.91954680002527	83.0	100.0
77.07872020002105	83.0	100.0
77.07874600001378	83.0	100.0
77.07875910002622	84.0	100.0
77.07877050002571	84.0	100.0
77.07878290000372	84.0	100.0
77.07879410000169	84.0	100.0
77.07880440002191	84.0	100.0
77.08259020000696	84.0	100.0
77.10330020001857	84.0	100.0
77.12250340002356	84.0	100.0
77.14373740000883	84.0	100.0
77.28401360000134	84.0	100.0
77.28403350000735	84.0	100.0
77.28404210001463	84.0	100.0
77.28405160002876	84.0	100.0
77.28405970000313	84.0	100.0
77.2840683000104	84.0	100.0
77.2840758000093	84.0	100.0
77.30332340000314	84.0	100.0
77.32180920001701	84.0	100.0
77.34423650000826	84.0	100.0
77.48822240001755	84.0	100.0
77.48824210002203	84.0	100.0
77.48825000002398	84.0	100.0
77.48825790002593	84.0	100.0
77.48826940002618	84.0	100.0
77.48827740002889	84.0	100.0
77.48828470002627	84.0	100.0
77.50265080001554	84.0	100.0
77.5225987000158	84.0	100.0
77.54260740001337	84.0	100.0
77.69351010001265	84.0	100.0
77.69352940001409	84.0	100.0
77.69354070001282	84.0	100.0
77.69354880001629	84.0	100.0
77.693556800019	84.0	100.0
77.69356460002018	84.0	100.0
77.6935723000206	84.0	100.0
77.70420230002492	84.0	100.0
77.7226754000003	84.0	100.0
77.7433647000289	84.0	100.0
77.86074710002868	84.0	100.0
77.86076680000406	84.0	100.0
77.86078080002335	84.0	100.0
77.8607892	84.0	100.0
77.86079680002877	84.0	100.0
77.86479570000665	84.0	100.0
77.8856453000044	84.0	100.0
77.90440310002305	84.0	100.0
78.08629090001341	84.0	100.0
78.08633190000546	84.0	100.0
78.08634980002535	84.0	100.0
78.08637080001063	84.0	100.0
78.08638920000521	84.0	100.0
78.08640540001215	84.0	100.0
78.0864216000191	84.0	100.0
78.08643740002299	84.0	100.0
78.08645380000235	84.0	100.0
78.1046980000101	84.0	100.0
78.12359790000482	84.0	100.0
78.14421320002293	84.0	100.0
78.16707400002633	84.0	100.0
78.30740940000396	84.0	100.0
78.30743090002215	84.0	100.0
78.30743970000185	84.0	100.0
78.30744790000608	84.0	100.0
78.30745580000803	84.0	100.0
78.30746300000465	84.0	100.0
78.30747070000507	84.0	100.0
78.32358070000191	84.0	100.0
78.34549710000283	84.0	100.0
78.3650212000066	84.0	100.0
78.46316680000746	84.0	100.0
78.4631892000034	84.0	100.0
78.4631980000122	84.0	100.0
78.46320610001567	84.0	100.0
78.46520180001971	84.0	100.0
78.48416470002849	84.0	100.0
78.50404970001546	84.0	100.0
78.64900070001022	84.0	100.0
78.6490199000109	84.0	100.0
78.64902820001589	84.0	100.0
78.6490380000032	84.0	100.0
78.64904610000667	84.0	100.0
78.64905360000557	84.0	100.0
78.649061300006	84.0	100.0
78.66475540000829	84.0	100.0
78.68432450000546	84.0	100.0
78.78830830001971	84.0	100.0
78.78832700001658	84.0	100.0
78.78833840001607	84.0	100.0
78.78834670002107	84.0	100.0
78.78835520002758	84.0	100.0
78.80649450002238	84.0	100.0
78.82578540002578	84.0	100.0
78.84241840001778	84.0	100.0
78.86579560002428	84.0	100.0
78.88464390000445	84.0	100.0
78.90567090001423	84.0	100.0
78.9248364000232	84.0	100.0
78.94559130002744	84.0	100.0
78.96608090001973	84.0	100.0
78.9864179000142	84.0	100.0
79.00569990000804	84.0	100.0
79.02544870000565	84.0	100.0
79.04153320001205	84.0	100.0
79.06172930001048	84.0	100.0
79.08088140000473	84.0	100.0
79.10023150002235	84.0	100.0
79.12187760000234	84.0	100.0
79.14603800000623	84.0	100.0
79.16497540002456	84.0	100.0
79.1856271000288	84.0	100.0
79.20608580001863	84.0	100.0
79.22587180000846	84.0	100.0
79.24579060001997	84.0	100.0
79.26586680000764	84.0	100.0
79.28432010000688	84.0	100.0
79.30621360000805	84.0	100.0
79.32551590001094	84.0	100.0
79.34548610000638	84.0	100.0
79.3662693000224	84.0	100.0
79.38783690001583	84.0	100.0
79.40678540000226	84.0	100.0
79.42672180000227	84.0	100.0
79.44655690001673	84.0	100.0
79.46620480000274	84.0	100.0
79.48586070002057	84.0	100.0
79.5061287000135	84.0	100.0
79.52564050001092	84.0	100.0
79.54629850000492	84.0	100.0
79.56604540001717	84.0	100.0
79.5864547000092	84.0	100.0
79.605995800026	84.0	100.0
79.62619690000429	84.0	100.0
79.64610780001385	84.0	100.0
79.66620560002048	84.0	100.0
79.6857179000217	84.0	100.0
79.7065958000021	84.0	100.0
79.7262792000256	84.0	100.0
79.74658500001533	84.0	100.0
79.76618200002122	84.0	100.0
79.78623270001845	84.0	100.0
79.80612200000905	84.0	100.0
79.82568110001739	84.0	100.0
79.84709840000141	84.0	100.0
79.86827990002348	84.0	100.0
79.88357590002124	84.0	100.0
79.9070042000094	84.0	100.0
79.92460620001657	84.0	100.0
79.94675240002107	84.0	100.0
79.96681740001077	84.0	100.0
79.9866544000106	84.0	100.0
80.00644450000254	84.0	100.0
80.02625880000414	84.0	100.0
80.04681270002038	84.0	100.0
80.06745330002741	84.0	100.0
80.08667750001769	84.0	100.0
80.10553210001672	84.0	100.0
80.12392690000706	84.0	100.0
80.14691960002529	84.0	100.0
80.16431230001035	84.0	100.0
80.18516210000962	84.0	100.0
80.20457270002225	84.0	100.0
80.2272502000269	84.0	100.0
80.24704360001488	84.0	100.0
80.26707100000931	84.0	100.0
80.28685450000921	84.0	100.0
80.30687280002167	84.0	100.0
80.32612910002354	84.0	100.0
80.34681690001162	84.0	100.0
80.36892160002026	84.0	100.0
80.3866256000183	84.0	100.0
80.40705700000399	84.0	100.0
80.42674850000185	84.0	100.0
80.44658340001479	84.0	100.0
80.4670613000053	84.0	100.0
80.48655380000127	84.0	100.0
80.50655530000222	84.0	100.0
80.52657920002821	84.0	100.0
80.54749670001911	84.0	100.0
80.56674120001844	84.0	100.0
80.58668800001033	84.0	100.0
80.60595840000315	84.0	100.0
80.6283267000108	84.0	100.0
80.64695730002131	84.0	100.0
80.66716080001788	84.0	100.0
80.68661690002773	84.0	100.0
80.70699670002796	84.0	100.0
80.72766980002052	84.0	100.0
80.74757520001731	84.0	100.0
80.76716680001118	84.0	100.0
80.78639070002828	84.0	100.0
80.80588260001969	84.0	100.0
80.82659410001361	84.0	100.0
80.84652630001074	84.0	100.0
80.86619160001283	84.0	100.0
80.88638440001523	84.0	100.0
80.9065703000233	84.0	100.0
80.92882910001208	84.0	100.0
80.94678230001591	84.0	100.0
80.96754260000307	84.0	100.0
80.98620450001908	84.0	100.0
81.0076433000213	84.0	100.0
81.02816890002578	84.0	100.0
81.04720180001459	84.0	100.0
81.06824460002827	84.0	100.0
81.08775830001105	84.0	100.0
81.10838760001934	84.0	100.0
81.12728680000873	84.0	100.0
81.14832590002334	84.0	100.0
81.16812070002197	84.0	100.0
81.18821540000499	84.0	100.0
81.2072028000257	84.0	100.0
81.22744790001889	84.0	100.0
81.2484994000115	84.0	100.0
81.26823060002062	84.0	100.0
81.28842420000001	84.0	100.0
81.30828470000415	84.0	100.0
81.32669960000203	84.0	100.0
81.34818020000239	84.0	100.0
81.36686450001434	84.0	100.0
81.38805550002144	84.0	100.0
81.4066557000042	84.0	100.0
81.4287108000135	84.0	100.0
81.44829810000374	84.0	100.0
81.4676199000096	84.0	100.0
81.48798560001887	84.0	100.0
81.50753380000242	84.0	100.0
81.52746310000657	84.0	100.0
81.54971760002081	84.0	100.0
81.56786970002577	84.0	100.0
81.58853940002155	84.0	100.0
81.60796310001751	84.0	100.0
81.62767690001056	84.0	100.0
81.64881210000021	84.0	100.0
81.66837170001236	84.0	100.0
81.6877484000288	84.0	100.0
81.70816690000356	84.0	100.0
81.72881430000416	84.0	100.0
81.74885180001729	84.0	100.0
81.76893010002095	84.0	100.0
81.78872950002551	84.0	100.0
81.80729990001419	84.0	100.0
81.82864310001605	84.0	100.0
81.84977820000495	84.0	100.0
81.86831370001892	84.0	100.0
81.88891110001714	84.0	100.0
81.90979090001201	84.0	100.0
81.92857920000097	84.0	100.0
81.94997550002881	84.0	100.0
81.97023280002759	84.0	100.0
81.99022460001288	83.0	100.0
82.00896730000386	83.0	100.0
82.03092200000538	83.0	100.0
82.04986320002354	83.0	100.0
82.06972400000086	83.0	100.0
82.08895480001229	83.0	100.0
82.1097706000146	83.0	100.0
82.12947440001881	83.0	100.0
82.1502367000212	83.0	100.0
82.16764190001413	83.0	100.0
82.19000280002365	83.0	100.0
82.20862180000404	83.0	100.0
82.2298121000058	83.0	100.0
82.2494246000133	83.0	100.0
82.27006570002413	83.0	100.0
82.28953000000911	83.0	100.0
82.30925230000867	83.0	100.0
82.32854680001037	83.0	100.0
82.34946430000127	83.0	100.0
82.36930890000076	83.0	100.0
82.38949460000731	83.0	100.0
82.40915000002133	83.0	100.0
82.42919190000976	83.0	100.0
82.44996080000419	83.0	100.0
82.47144990001107	83.0	100.0
82.48909300001105	83.0	100.0
82.50923040002817	83.0	100.0
82.52946900000097	83.0	100.0
82.5492563000007	83.0	100.0
82.56948650002596	83.0	100.0
82.58897240000078	83.0	100.0
82.60929640001268	83.0	100.0
82.62957070002449	83.0	100.0
82.64957210002467	83.0	100.0
82.66952960001072	83.0	100.0
82.68943770002807	83.0	100.0
82.71129730000393	83.0	100.0
82.73146750000888	83.0	100.0
82.7624913000036	83.0	100.0
82.76906240000972	83.0	100.0
82.78741180000361	83.0	100.0
82.80758720001904	83.0	100.0
82.8284122000041	83.0	100.0
82.8494663000165	83.0	100.0
82.86701470002299	83.0	100.0
82.89027890001307	83.0	100.0
82.90957909999997	83.0	100.0
82.93445410000277	83.0	100.0
82.95694100001128	83.0	100.0
82.96905750001315	83.0	100.0
82.9871214000159	84.0	100.0
83.00676090002526	84.0	100.0
83.02596780000022	84.0	100.0
83.04772400000365	84.0	100.0
83.06765610000002	84.0	100.0
83.08832630002871	84.0	100.0
83.1077013000031	84.0	100.0
83.12928300001658	84.0	100.0
83.15072430000873	84.0	100.0
83.169243500015	84.0	100.0
83.19006700001773	84.0	100.0
83.21091180000803	84.0	100.0
83.2309479000105	84.0	100.0
83.25142670000787	84.0	100.0
83.27040670000133	84.0	100.0
83.29067730001407	84.0	100.0
83.31104550001328	84.0	100.0
83.3308657000016	84.0	100.0
83.35132640000666	84.0	100.0
83.37029080002685	84.0	100.0
83.39077700002235	84.0	100.0
83.41033240000252	84.0	100.0
83.4323317000235	84.0	100.0
83.45106570000644	84.0	100.0
83.47086040000431	84.0	100.0
83.49032200002694	84.0	100.0
83.51030860000174	84.0	100.0
83.53003940000781	84.0	100.0
83.55014770000707	84.0	100.0
83.57062410001527	84.0	100.0
83.59139390001656	84.0	100.0
83.61093560000882	84.0	100.0
83.63069440002437	84.0	100.0
83.6504835000087	84.0	100.0
83.67029370000819	84.0	100.0
83.69093660000362	84.0	100.0
83.71053690000554	84.0	100.0
83.72987700000522	84.0	100.0
83.75108040001942	84.0	100.0
83.77056200001971	84.0	100.0
83.79049020001548	84.0	100.0
83.8105976000079	84.0	100.0
83.83119830000214	84.0	100.0
83.85058370002662	84.0	100.0
83.87088310002582	84.0	100.0
83.89072250001482	84.0	100.0
83.91132870002184	84.0	100.0
83.93047110000043	84.0	100.0
83.95083360001445	84.0	100.0
83.97212920000311	84.0	100.0
83.99090830000932	85.0	100.0
84.01088440002059	85.0	100.0
84.03091130001121	85.0	100.0
84.05149450001772	85.0	100.0
84.07069260001299	85.0	100.0
84.09049650002271	85.0	100.0
84.1114298000175	85.0	100.0
84.13107530001434	85.0	100.0
84.15147290000459	85.0	100.0
84.17048490000889	85.0	100.0
84.19097840000177	85.0	100.0
84.21243620000314	85.0	100.0
84.23133150002104	85.0	100.0
84.2507247000176	85.0	100.0
84.27147450001212	85.0	100.0
84.29061630001524	85.0	100.0
84.31108470002073	85.0	100.0
84.33129980001831	85.0	100.0
84.35137840002426	85.0	100.0
84.37084110002615	85.0	100.0
84.39076710000518	85.0	100.0
84.41141390000121	85.0	100.0
84.43162940000184	85.0	100.0
84.45088860002579	85.0	100.0
84.47144810002646	85.0	100.0
84.49128160002874	85.0	100.0
84.51240720000351	85.0	100.0
84.53259920002893	85.0	100.0
84.55340150001575	85.0	100.0
84.57067890002509	85.0	100.0
84.59176770001068	85.0	100.0
84.61168970001745	85.0	100.0
84.63101750001078	85.0	100.0
84.65190790002816	85.0	100.0
84.67089510001824	85.0	100.0
84.69056550000096	85.0	100.0
84.71186020001187	85.0	100.0
84.73116560000926	85.0	100.0
84.7524636000162	85.0	100.0
84.77188760001445	85.0	100.0
84.7915486000129	85.0	100.0
84.81063580000773	85.0	100.0
84.83196540002245	85.0	100.0
84.8520753000048	85.0	100.0
84.87067329999991	85.0	100.0
84.89092060000985	85.0	100.0
84.9124403000169	85.0	100.0
84.93085790000623	85.0	100.0
84.9523990000016	85.0	100.0
84.97396130001289	85.0	100.0
84.99347910002689	85.0	100.0
85.01264700002503	85.0	100.0
85.0349022000155	85.0	100.0
85.05323030002182	85.0	100.0
85.07266300002811	85.0	100.0
85.09256000001915	85.0	100.0
85.11253450001823	85.0	100.0
85.1338751000003	85.0	100.0
85.15640340000391	85.0	100.0
85.17258410001523	85.0	100.0
85.19250180001836	85.0	100.0
85.21265790000325	85.0	100.0
85.23655820000567	85.0	100.0
85.25260140001774	85.0	100.0
85.27275190001819	85.0	100.0
85.29230780000216	85.0	100.0
85.31277940000291	85.0	100.0
85.33271050002077	85.0	100.0
85.35389300002134	85.0	100.0
85.37229490000755	85.0	100.0
85.39241580001544	85.0	100.0
85.41212020002422	85.0	100.0
85.43400730000576	85.0	100.0
85.45362030001706	85.0	100.0
85.47278830001596	85.0	100.0
85.49249630002305	85.0	100.0
85.5137487000029	85.0	100.0
85.53251970000565	85.0	100.0
85.55294500000309	85.0	100.0
85.5736092000152	85.0	100.0
85.593737600022	85.0	100.0
85.61294240001007	85.0	100.0
85.63365920001525	85.0	100.0
85.65362380002625	85.0	100.0
85.67260660001193	85.0	100.0
85.69257630000357	85.0	100.0
85.71253250000882	85.0	100.0
85.73249630001374	85.0	100.0
85.75334320002003	85.0	100.0
85.77213670001947	85.0	100.0
85.79252620000625	85.0	100.0
85.81279660001746	85.0	100.0
85.8330121000181	85.0	100.0
85.85269200001494	85.0	100.0
85.87319600000046	85.0	100.0
85.89212410000619	85.0	100.0
85.91277059999993	85.0	100.0
85.93239490000997	85.0	100.0
85.95350420000614	85.0	100.0
85.9730679000204	85.0	100.0
85.9941409000021	85.0	100.0
86.0128631000116	85.0	100.0
86.03244130001985	85.0	100.0
86.05554740002844	85.0	100.0
86.07256740002776	85.0	100.0
86.09257080001407	85.0	100.0
86.11432410002453	85.0	100.0
86.13390660000732	85.0	100.0
86.15429230002337	85.0	100.0
86.17446700000437	85.0	100.0
86.1943172000174	85.0	100.0
86.21347800001968	85.0	100.0
86.23407660002704	85.0	100.0
86.25407360002282	85.0	100.0
86.27430120002828	85.0	100.0
86.2937584000174	85.0	100.0
86.31371350001427	85.0	100.0
86.33501150002121	85.0	100.0
86.35534840001492	85.0	100.0
86.37412380002206	85.0	100.0
86.39427790002082	85.0	100.0
86.41375710000284	85.0	100.0
86.4341671000002	85.0	100.0
86.45422450001934	85.0	100.0
86.47535180000705	85.0	100.0
86.49369040000602	85.0	100.0
86.51523590000579	85.0	100.0
86.53464090000489	85.0	100.0
86.55309260002105	85.0	100.0
86.57361390002188	85.0	100.0
86.59135770000285	85.0	100.0
86.61076610002783	85.0	100.0
86.62851940002292	85.0	100.0
86.65076280001085	85.0	100.0
86.67693630000576	85.0	100.0
86.69099080000888	85.0	100.0
86.71236480001244	85.0	100.0
86.73221610000473	85.0	100.0
86.75398110001697	85.0	100.0
86.7745288000151	85.0	100.0
86.79415030000382	85.0	100.0
86.8138547000126	85.0	100.0
86.83412550002686	85.0	100.0
86.85456980002346	85.0	100.0
86.87471600002027	85.0	100.0
86.89408550001099	85.0	100.0
86.9143391000107	85.0	100.0
86.93414700002177	85.0	100.0
86.95504110000911	85.0	100.0
86.97711120001622	85.0	100.0
86.99414650001563	86.0	100.0
87.01396120002028	86.0	100.0
87.034954200004	86.0	100.0
87.05411120000645	86.0	100.0
87.07462490000762	86.0	100.0
87.0948558000091	86.0	100.0
87.11487440002384	86.0	100.0
87.13464980002027	86.0	100.0
87.15461240001605	86.0	100.0
87.17461240000557	86.0	100.0
87.19493420000072	86.0	100.0
87.2148285000003	86.0	100.0
87.23465500000748	86.0	100.0
87.25494750001235	86.0	100.0
87.27485420001904	86.0	100.0
87.2947012000077	86.0	100.0
87.31474610001897	86.0	100.0
87.33468280002126	86.0	100.0
87.35491930000717	86.0	100.0
87.37461880000774	86.0	100.0
87.39446750000934	86.0	100.0
87.41437820001738	86.0	100.0
87.43480710001313	86.0	100.0
87.45480380000663	86.0	100.0
87.47496970000793	86.0	100.0
87.49468470001011	86.0	100.0
87.51416260001133	86.0	100.0
87.53432480001356	86.0	100.0
87.55473800000618	86.0	100.0
87.57472700002836	86.0	100.0
87.59522870002547	86.0	100.0
87.61462580002262	86.0	100.0
87.6350567000045	86.0	100.0
87.65410520002479	86.0	100.0
87.6744946000108	86.0	100.0
87.69480180001119	86.0	100.0
87.71468320002896	86.0	100.0
87.73634190001758	86.0	100.0
87.75566760002403	86.0	100.0
87.77515020000283	86.0	100.0
87.79631550001795	86.0	100.0
87.81396230001701	86.0	100.0
87.83482100002584	86.0	100.0
87.8557492000109	86.0	100.0
87.87592050002422	86.0	100.0
87.89501310000196	86.0	100.0
87.91592060000403	86.0	100.0
87.9351875000284	86.0	100.0
87.9562887000211	86.0	100.0
87.97653810001793	86.0	100.0
87.99563060002401	87.0	100.0
88.01622950000456	87.0	100.0
88.03799340000842	87.0	100.0
88.05575750002754	87.0	100.0
88.07512570000836	87.0	100.0
88.09658290000516	87.0	100.0
88.11472480001976	87.0	100.0
88.13458940002602	87.0	100.0
88.15625190001447	87.0	100.0
88.17473830000381	87.0	100.0
88.19514120000531	87.0	100.0
88.21590820001438	87.0	100.0
88.23481750002247	87.0	100.0
88.25483150000218	87.0	100.0
88.27490460002446	87.0	100.0
88.29447310001706	87.0	100.0
88.31548240000848	87.0	100.0
88.33681730000535	87.0	100.0
88.35592020000331	87.0	100.0
88.3745379000029	87.0	100.0
88.39603230002103	87.0	100.0
88.41594430000987	87.0	100.0
88.4355862000084	87.0	100.0
88.4560499000072	87.0	100.0
88.47500050000963	87.0	100.0
88.4954485000053	87.0	100.0
88.51585120000527	87.0	100.0
88.53491140002734	87.0	100.0
88.55659090002882	87.0	100.0
88.57756120001432	87.0	100.0
88.59584170000744	87.0	100.0
88.61563080002088	87.0	100.0
88.63560770000913	87.0	100.0
88.65651000000071	87.0	100.0
88.6765199000074	87.0	100.0
88.69654160001664	87.0	100.0
88.7180178000126	87.0	100.0
88.73639680002816	87.0	100.0
88.75682580002467	87.0	100.0
88.77563700001338	87.0	100.0
88.79625390001456	87.0	100.0
88.81599860001006	87.0	100.0
88.83731460000854	87.0	100.0
88.8562677000009	87.0	100.0
88.87685010000132	87.0	100.0
88.89583080000011	87.0	100.0
88.91606370001682	87.0	100.0
88.93632600002456	87.0	100.0
88.95653490000404	87.0	100.0
88.97687470001983	87.0	100.0
88.99679140001535	87.0	100.0
89.01810580000165	87.0	100.0
89.0378206000023	87.0	100.0
89.05530240002554	87.0	100.0
89.07666430002428	87.0	100.0
89.09496850002324	87.0	100.0
89.1165562000242	87.0	100.0
89.14234480002779	87.0	100.0
89.15670270001283	87.0	100.0
89.17633210000349	87.0	100.0
89.19916000001831	87.0	100.0
89.21664130000863	87.0	100.0
89.23649730000761	87.0	100.0
89.25746200000867	87.0	100.0
89.2773184000107	87.0	100.0
89.29649750000681	87.0	100.0
89.31743710002047	87.0	100.0
89.33656080000219	87.0	100.0
89.35707680002088	87.0	100.0
89.37645990002784	87.0	100.0
89.3968197000213	87.0	100.0
89.41638530002092	87.0	100.0
89.43685310002184	87.0	100.0
89.45674730002065	87.0	100.0
89.47698660002789	87.0	100.0
89.49618620000547	87.0	100.0
89.51691720000235	87.0	100.0
89.53727480000816	87.0	100.0
89.55736400000751	87.0	100.0
89.57818930002395	87.0	100.0
89.59695170001942	87.0	100.0
89.61745480002719	87.0	100.0
89.63668110000435	87.0	100.0
89.65714740002295	87.0	100.0
89.6768687000149	87.0	100.0
89.69683520001126	87.0	100.0
89.71791590002249	87.0	100.0
89.73699120001402	87.0	100.0
89.75770440002088	87.0	100.0
89.7768206000037	87.0	100.0
89.797163500014	87.0	100.0
89.81676840002183	87.0	100.0
89.84007840001141	87.0	100.0
89.85709970002063	87.0	100.0
89.87701650001691	87.0	100.0
89.8971012000111	87.0	100.0
89.91731020002044	87.0	100.0
89.93680310001946	87.0	100.0
89.95751600002404	87.0	100.0
89.97783560000244	87.0	100.0
89.99779140000464	87.0	100.0
90.01767910001217	87.0	100.0
90.03790040002787	87.0	100.0
90.05844590000925	87.0	100.0
90.07839080001577	87.0	100.0
90.09675760002574	87.0	100.0
90.11697590001859	87.0	100.0
90.13812500002678	87.0	100.0
90.15755060000811	87.0	100.0
90.17600260002655	87.0	100.0
90.19553000002634	87.0	100.0
90.21632540001883	87.0	100.0
90.23829280000064	87.0	100.0
90.2581817000173	87.0	100.0
90.27812910001376	87.0	100.0
90.29752710001776	87.0	100.0
90.31833370000822	87.0	100.0
90.33777650000411	87.0	100.0
90.35882120000315	87.0	100.0
90.37833310000133	87.0	100.0
90.39763180000591	87.0	100.0
90.41785900000832	87.0	100.0
90.43765710000298	87.0	100.0
90.45862220000708	87.0	100.0
90.47749170000316	87.0	100.0
90.49766900000395	87.0	100.0
90.51744250001502	87.0	100.0
90.54566000000341	87.0	100.0
90.55814940002165	87.0	100.0
90.57763150002575	87.0	100.0
90.59782240001368	87.0	100.0
90.61768290001783	87.0	100.0
90.63773160002893	87.0	100.0
90.65806890002568	87.0	100.0
90.67784440002288	87.0	100.0
90.69763470001635	87.0	100.0
90.71783390000928	87.0	100.0
90.73847070001648	87.0	100.0
90.75888890001806	87.0	100.0
90.77718090001144	87.0	100.0
90.79768850002438	87.0	100.0
90.81762550002895	87.0	100.0
90.83768240001518	87.0	100.0
90.85784630000126	87.0	100.0
90.87832710001385	87.0	100.0
90.89765320002334	87.0	100.0
90.91792980002356	87.0	100.0
90.93792490000487	87.0	100.0
90.95877500000643	87.0	100.0
90.97968970000511	87.0	100.0
90.99910070002079	86.0	100.0
91.01814510000986	86.0	100.0
91.04046420002123	86.0	100.0
91.05872020000243	86.0	100.0
91.07863380000344	86.0	100.0
91.09865480000735	86.0	100.0
91.11840820001089	86.0	100.0
91.13809600000968	86.0	100.0
91.15816790002282	86.0	100.0
91.17842790001305	86.0	100.0
91.19793150000623	86.0	100.0
91.21825460001128	86.0	100.0
91.23894690000452	86.0	100.0
91.25853880000068	86.0	100.0
91.27888770002755	86.0	100.0
91.29887590001454	86.0	100.0
91.31860680002137	86.0	100.0
91.33871660000295	86.0	100.0
91.35876460000873	86.0	100.0
91.38020320000942	86.0	100.0
91.39831370001775	86.0	100.0
91.41795250002178	86.0	100.0
91.43800230001216	86.0	100.0
91.45822090000729	86.0	100.0
91.47825180002837	86.0	100.0
91.49848550002207	86.0	100.0
91.5189318000048	86.0	100.0
91.5389999000181	86.0	100.0
91.55926830001408	86.0	100.0
91.57941550001851	86.0	100.0
91.5999007000064	86.0	100.0
91.61862600001041	86.0	100.0
91.63885780001874	86.0	100.0
91.6586559000134	86.0	100.0
91.67846550000831	86.0	100.0
91.69855930001359	86.0	100.0
91.71869300000253	86.0	100.0
91.73854200000642	86.0	100.0
91.75926790002268	86.0	100.0
91.77915040001972	86.0	100.0
91.79885100002866	86.0	100.0
91.81859000000986	86.0	100.0
91.8387848000275	86.0	100.0
91.85899280000012	86.0	100.0
91.87992440001108	86.0	100.0
91.89882450000732	86.0	100.0
91.9188629000273	86.0	100.0
91.939019500016	86.0	100.0
91.96069230002468	86.0	100.0
91.97917570002028	86.0	100.0
92.00017060001846	84.0	100.0
92.01908480000566	84.0	100.0
92.0390832000121	84.0	100.0
92.05992320002406	84.0	100.0
92.07912950002356	84.0	100.0
92.0994200000132	84.0	100.0
92.11958580001374	84.0	100.0
92.13879180001095	84.0	100.0
92.16013690002728	84.0	100.0
92.1793364000041	84.0	100.0
92.1994340000092	84.0	100.0
92.21899770002346	84.0	100.0
92.2395322000084	84.0	100.0
92.25917699999991	84.0	100.0
92.27922670001863	84.0	100.0
92.29913050000323	84.0	100.0
92.31995330000063	84.0	100.0
92.33988830001908	84.0	100.0
92.35919860002468	84.0	100.0
92.37907140000607	84.0	100.0
92.39915950002614	84.0	100.0
92.41942400002154	84.0	100.0
92.43928240000969	84.0	100.0
92.46520660002716	84.0	100.0
92.4792610000004	84.0	100.0
92.4993744000094	84.0	100.0
92.51811000000453	84.0	100.0
92.53832580000744	84.0	100.0
92.55981060001068	84.0	100.0
92.5782880000188	84.0	100.0
92.59877230002894	84.0	100.0
92.61849880000227	84.0	100.0
92.63838260000921	84.0	100.0
92.65858990000561	84.0	100.0
92.67854270001408	84.0	100.0
92.6984392000013	84.0	100.0
92.71864060001099	84.0	100.0
92.73832780000521	84.0	100.0
92.7594738000189	84.0	100.0
92.77863750001416	84.0	100.0
92.80014950002078	84.0	100.0
92.82136750000063	84.0	100.0
92.83998990000691	84.0	100.0
92.85905620001722	84.0	100.0
92.87914210002054	84.0	100.0
92.89918850001413	84.0	100.0
92.91875100001926	84.0	100.0
92.93853060001857	84.0	100.0
92.95991380000487	84.0	100.0
92.98065810001572	84.0	100.0
93.0006269000005	84.0	100.0
93.01995130002615	84.0	100.0
93.03873280002153	84.0	100.0
93.05920980000519	84.0	100.0
93.07907070001238	84.0	100.0
93.09928470000159	84.0	100.0
93.1218759000185	84.0	100.0
93.13939730002312	84.0	100.0
93.16232810000656	84.0	100.0
93.18173450001632	84.0	100.0
93.1999670000223	84.0	100.0
93.21654610001133	84.0	100.0
93.23939400000381	84.0	100.0
93.26005020001321	84.0	100.0
93.27983300000778	84.0	100.0
93.2997034	84.0	100.0
93.3206147000019	84.0	100.0
93.3390751000261	84.0	100.0
93.36003540002275	84.0	100.0
93.38048390002223	84.0	100.0
93.4000988000189	84.0	100.0
93.42098640001495	84.0	100.0
93.44022010001936	84.0	100.0
93.45981500000926	84.0	100.0
93.47961920002126	84.0	100.0
93.49984470001073	84.0	100.0
93.51937300001737	84.0	100.0
93.53890020001563	84.0	100.0
93.56000420000055	84.0	100.0
93.57845870000892	84.0	100.0
93.59983360001934	84.0	100.0
93.62000730002183	84.0	100.0
93.64012460000231	84.0	100.0
93.65964920000988	84.0	100.0
93.67914810002549	84.0	100.0
93.70001050000428	84.0	100.0
93.71981820001383	84.0	100.0
93.73885750002228	84.0	100.0
93.76142680001794	84.0	100.0
93.77938240001095	84.0	100.0
93.79977180002606	84.0	100.0
93.81982070000959	84.0	100.0
93.84013360002427	84.0	100.0
93.86050290000276	84.0	100.0
93.87951960001374	84.0	100.0
93.89917460002471	84.0	100.0
93.92003480001586	84.0	100.0
93.94025950002833	84.0	100.0
93.96060800002306	84.0	100.0
93.98136930001783	84.0	100.0
94.00061740001547	84.0	100.0
94.02334440001869	84.0	100.0
94.04276250000112	84.0	100.0
94.0602302000043	84.0	100.0
94.08016110002063	84.0	100.0
94.09807080001337	84.0	100.0
94.1194022000127	84.0	100.0
94.14002460002666	84.0	100.0
94.1607120000117	84.0	100.0
94.18004500001553	84.0	100.0
94.20023860002402	84.0	100.0
94.21885980002116	84.0	100.0
94.24071570002707	84.0	100.0
94.26060580002377	84.0	100.0
94.28049420000752	84.0	100.0
94.29987750001601	84.0	100.0
94.31981450002058	84.0	100.0
94.33966260001762	84.0	100.0
94.36022160001448	84.0	100.0
94.38045960001182	84.0	100.0
94.3999513000017	84.0	100.0
94.41867100002128	84.0	100.0
94.43979210001999	84.0	100.0
94.45957280002767	84.0	100.0
94.4797614000272	84.0	100.0
94.4985946000088	84.0	100.0
94.51999550001347	84.0	100.0
94.54416080002557	84.0	100.0
94.56056020001415	84.0	100.0
94.57959050001227	84.0	100.0
94.60018820001278	84.0	100.0
94.61923730000854	84.0	100.0
94.64006400000653	84.0	100.0
94.66001480002888	84.0	100.0
94.6795923000027	84.0	100.0
94.69944320002105	84.0	100.0
94.71941490002791	84.0	100.0
94.73942580001312	84.0	100.0
94.76030190000893	84.0	100.0
94.77997570001753	84.0	100.0
94.80052970000543	84.0	100.0
94.82032640001853	84.0	100.0
94.84049090000917	84.0	100.0
94.86172810001881	84.0	100.0
94.88043760001892	84.0	100.0
94.89923249999993	84.0	100.0
94.92045830001007	84.0	100.0
94.94026730000041	84.0	100.0
94.96061370000825	84.0	100.0
94.98076770000625	84.0	100.0
95.00048630000674	81.0	100.0
95.0202355000074	81.0	100.0
95.04036020001513	81.0	100.0
95.06061100002262	81.0	100.0
95.08079840001301	81.0	100.0
95.0989486000035	81.0	100.0
95.11995620001107	81.0	100.0
95.14151830002083	81.0	100.0
95.16179130002274	81.0	100.0
95.18029700001352	81.0	100.0
95.19878820001031	81.0	100.0
95.22053720001713	81.0	100.0
95.24060890002875	81.0	100.0
95.26051110000117	81.0	100.0
95.2807204000128	81.0	100.0
95.30038080000668	81.0	100.0
95.32026020000922	81.0	100.0
95.3393959000241	81.0	100.0
95.3608531000209	81.0	100.0
95.37911300000269	81.0	100.0
95.39994810000644	81.0	100.0
95.42042560002301	81.0	100.0
95.44059790001484	81.0	100.0
95.46053410001332	81.0	100.0
95.48052910002298	81.0	100.0
95.50057260002359	81.0	100.0
95.52060870002606	81.0	100.0
95.54039500001818	81.0	100.0
95.56057810000493	81.0	100.0
95.58068030001596	81.0	100.0
95.59887500002515	81.0	100.0
95.62026540000807	81.0	100.0
95.64049950000481	81.0	100.0
95.66055230001803	81.0	100.0
95.6811268000165	81.0	100.0
95.6973937000148	81.0	100.0
95.71467750001466	81.0	100.0
95.73363800000516	81.0	100.0
95.75465780001832	81.0	100.0
95.77391560000251	81.0	100.0
95.79631320000044	81.0	100.0
95.8204698000045	81.0	100.0
95.8436359000043	81.0	100.0
95.8604508000135	81.0	100.0
95.88056460002554	81.0	100.0
95.9005914000154	81.0	100.0
95.92032319999998	81.0	100.0
95.93843320000451	81.0	100.0
95.96088480000617	81.0	100.0
95.98087630001828	81.0	100.0
96.00070370000321	80.0	100.0
96.0199473000248	80.0	100.0
96.04103930000565	80.0	100.0
96.06055010002456	80.0	100.0
96.08099470002344	80.0	100.0
96.10082400002284	80.0	100.0
96.12107180000748	80.0	100.0
96.14043470000615	80.0	100.0
96.16039600002114	80.0	100.0
96.1807325000118	80.0	100.0
96.20071250002366	80.0	100.0
96.22057800000766	80.0	100.0
96.24088810000103	80.0	100.0
96.26072520000162	80.0	100.0
96.28047050000168	80.0	100.0
96.30030810000608	80.0	100.0
96.32058970001526	80.0	100.0
96.34047630001442	80.0	100.0
96.36041270001442	80.0	100.0
96.38042940001469	80.0	100.0
96.40065880000475	80.0	100.0
96.42028780002147	80.0	100.0
96.4398782000062	80.0	100.0
96.46029890002683	80.0	100.0
96.4808152000187	80.0	100.0
96.5005961000279	80.0	100.0
96.52058830001624	80.0	100.0
96.53940520001925	80.0	100.0
96.56200830001035	80.0	100.0
96.58051790000172	80.0	100.0
96.60277410002891	80.0	100.0
96.62045490002492	80.0	100.0
96.64059820002876	80.0	100.0
96.66108400002122	80.0	100.0
96.6805845000199	80.0	100.0
96.70069880000665	80.0	100.0
96.72029990001465	80.0	100.0
96.74038390000351	80.0	100.0
96.76051340001868	80.0	100.0
96.77994100001524	80.0	100.0
96.80055610000272	80.0	100.0
96.82005620002747	80.0	100.0
96.84068130000378	80.0	100.0
96.86055710000801	80.0	100.0
96.88041270000394	80.0	100.0
96.90034800002468	80.0	100.0
96.920867000008	80.0	100.0
96.94011220001266	80.0	100.0
96.96078010002384	80.0	100.0
96.98286030002055	80.0	100.0
97.00204040002427	78.0	100.0
97.02060490002623	78.0	100.0
97.04262070002733	78.0	100.0
97.06179370000609	78.0	100.0
97.08062930000597	78.0	100.0
97.10081720000017	78.0	100.0
97.12062860000879	78.0	100.0
97.1404320000147	78.0	100.0
97.16190750000533	78.0	100.0
97.18043850001413	78.0	100.0
97.20053610001924	78.0	100.0
97.22085440001683	78.0	100.0
97.24171010000282	78.0	100.0
97.2614528000122	78.0	100.0
97.28165350001655	78.0	100.0
97.3013414000161	78.0	100.0
97.32149590001791	78.0	100.0
97.3411943000101	78.0	100.0
97.36149360000854	78.0	100.0
97.38072280000779	78.0	100.0
97.40092410001671	78.0	100.0
97.42207390000112	78.0	100.0
97.4406989000272	78.0	100.0
97.4614071000251	78.0	100.0
97.48145490000024	78.0	100.0
97.50161700000172	78.0	100.0
97.52428420001525	78.0	100.0
97.54201860001194	78.0	100.0
97.56196000002092	78.0	100.0
97.5816204000148	78.0	100.0
97.60225220001303	78.0	100.0
97.62152950000018	78.0	100.0
97.64191640002537	78.0	100.0
97.66155740001705	78.0	100.0
97.68176070001209	78.0	100.0
97.70117510002456	78.0	100.0
97.72197220000089	78.0	100.0
97.74084170002607	78.0	100.0
97.76144110001042	78.0	100.0
97.78066130002844	78.0	100.0
97.80090630002087	78.0	100.0
97.82106690001092	78.0	100.0
97.8440271000145	78.0	100.0
97.86069230001885	78.0	100.0
97.88132060001954	78.0	100.0
97.90407840002445	78.0	100.0
97.92111220001243	78.0	100.0
97.94121630000882	78.0	100.0
97.9607815000054	78.0	100.0
97.98221870002453	78.0	100.0
98.0029407000111	77.0	100.0
98.02049290001742	77.0	100.0
98.04163800002425	77.0	100.0
98.06248040002538	77.0	100.0
98.08219830002054	77.0	100.0
98.10192660000757	77.0	100.0
98.12204440002097	77.0	100.0
98.14213820002624	77.0	100.0
98.1625210000202	77.0	100.0
98.18208520000917	77.0	100.0
98.20298590001767	77.0	100.0
98.22184110002127	77.0	100.0
98.24101500000688	77.0	100.0
98.26038540000445	77.0	100.0
98.28137490001973	77.0	100.0
98.30157200002577	77.0	100.0
98.32104990002699	77.0	100.0
98.34341940001468	77.0	100.0
98.36285940001835	77.0	100.0
98.38093450001907	77.0	100.0
98.40237070000148	77.0	100.0
98.42257320001954	77.0	100.0
98.44094490000862	77.0	100.0
98.46166620001895	77.0	100.0
98.48246890000883	77.0	100.0
98.50210610000067	77.0	100.0
98.52193290001014	77.0	100.0
98.54206050001085	77.0	100.0
98.56268930001534	77.0	100.0
98.58242810002412	77.0	100.0
98.60252120002406	77.0	100.0
98.62247740000021	77.0	100.0
98.64325580000877	77.0	100.0
98.6628545000276	77.0	100.0
98.68234030000167	77.0	100.0
98.70249460000196	77.0	100.0
98.72258000000147	77.0	100.0
98.7423531000095	77.0	100.0
98.76270650001243	77.0	100.0
98.78257580002537	77.0	100.0
98.80252330002259	77.0	100.0
98.8218783000193	77.0	100.0
98.84187550001661	77.0	100.0
98.86194690002594	77.0	100.0
98.88186000002315	77.0	100.0
98.90395240002545	77.0	100.0
98.92196910001803	77.0	100.0
98.94162730002427	77.0	100.0
98.96225800001412	77.0	100.0
98.98310120002134	77.0	100.0
99.00309470001957	77.0	100.0
99.02205430000322	77.0	100.0
99.04198660000111	77.0	100.0
99.06302590001724	77.0	100.0
99.0827456000261	77.0	100.0
99.10263950002263	77.0	100.0
99.12240800002473	77.0	100.0
99.14235490001738	77.0	100.0
99.16324160000659	77.0	100.0
99.18302470000344	77.0	100.0
99.20422130002407	77.0	100.0
99.22230990001117	77.0	100.0
99.24277140002232	77.0	100.0
99.26518960000249	77.0	100.0
99.28281500001322	77.0	100.0
99.30238840001402	77.0	100.0
99.32315130002098	77.0	100.0
99.34245510000619	77.0	100.0
99.36383140002727	77.0	100.0
99.38276410000981	77.0	100.0
99.4026087000093	77.0	100.0
99.42256000000634	77.0	100.0
99.44311250001192	77.0	100.0
99.46310690001701	77.0	100.0
99.48220720002428	77.0	100.0
99.50223030001507	77.0	100.0
99.52265650001937	77.0	100.0
99.54212120000739	77.0	100.0
99.56281120001222	77.0	100.0
99.5822905000241	77.0	100.0
99.60239630000433	77.0	100.0
99.6224355000013	77.0	100.0
99.64563160002581	77.0	100.0
99.66273980002734	77.0	100.0
99.6832375000231	77.0	100.0
99.7030986000027	77.0	100.0
99.723553000018	77.0	100.0
99.74315570000908	77.0	100.0
99.76421480000135	77.0	100.0
99.78310370002873	77.0	100.0
99.80415380001068	77.0	100.0
99.822750500025	77.0	100.0
99.8424877000216	77.0	100.0
99.86353590001818	77.0	100.0
99.8828143000137	77.0	100.0
99.90261450002436	77.0	100.0
99.92241000002832	77.0	100.0
99.94325280000339	77.0	100.0
99.96367220001412	77.0	100.0
99.98416250001173	77.0	100.0
100.00423160000355	76.0	100.0
100.02322710002773	76.0	100.0
100.04643010001746	76.0	100.0
100.06416660000104	76.0	100.0
100.0845013000071	76.0	100.0
100.10466580002685	76.0	100.0
100.1238655000052	76.0	100.0
100.14258760001394	76.0	100.0
100.16448650002712	76.0	100.0
100.1865717000037	76.0	100.0
100.20408860000316	76.0	100.0
100.22341410000809	76.0	100.0
100.24339270000928	76.0	100.0
100.26277370000025	76.0	100.0
100.28465090002283	76.0	100.0
100.30441630000132	76.0	100.0
100.32448700000532	76.0	100.0
100.34392760001356	76.0	100.0
100.3646587000112	76.0	100.0
100.38470940000843	76.0	100.0
100.4045758000284	76.0	100.0
100.42423400000553	76.0	100.0
100.44378010000219	76.0	100.0
100.46403520001331	76.0	100.0
100.48374620001414	76.0	100.0
100.5038972000184	76.0	100.0
100.52406170000904	76.0	100.0
100.54465580001124	76.0	100.0
100.56591360000311	76.0	100.0
100.58453130000271	76.0	100.0
100.60640200000489	76.0	100.0
100.6235325000016	76.0	100.0
100.64411380002275	76.0	100.0
100.6644454000052	76.0	100.0
100.68437990001985	76.0	100.0
100.70470380000188	76.0	100.0
100.72448100001202	76.0	100.0
100.74432170001091	76.0	100.0
100.76375820001704	76.0	100.0
100.78436930000316	76.0	100.0
100.80438370001502	76.0	100.0
100.82422380000935	76.0	100.0
100.84406430000672	76.0	100.0
100.86460120000993	76.0	100.0
100.88453030001256	76.0	100.0
100.90416410000762	76.0	100.0
100.92729230000987	76.0	100.0
100.94665370002622	76.0	100.0
100.96453390002716	76.0	100.0
100.98565870002494	76.0	100.0
101.00577990000602	76.0	100.0
101.0246843000059	76.0	100.0
101.04472140001599	76.0	100.0
101.06492420000723	76.0	100.0
101.08455970001523	76.0	100.0
101.1047438000096	76.0	100.0
101.12559810001403	76.0	100.0
101.14539810002316	76.0	100.0
101.16576900001382	76.0	100.0
101.18557390000205	76.0	100.0
101.20480040000984	76.0	100.0
101.22359140001936	76.0	100.0
101.24538040001062	76.0	100.0
101.26841000001878	76.0	100.0
101.2855327000143	76.0	100.0
101.30556800001068	76.0	100.0
101.32606180000585	76.0	100.0
101.345060200023	76.0	100.0
101.36632940001437	76.0	100.0
101.38546660001157	76.0	100.0
101.40541880001547	76.0	100.0
101.42603620002046	76.0	100.0
101.44796370001859	76.0	100.0
101.46425520000048	76.0	100.0
101.48627890000353	76.0	100.0
101.50482030000421	76.0	100.0
101.52587800001493	76.0	100.0
101.54567830002634	76.0	100.0
101.56595570000354	76.0	100.0
101.58475180002279	76.0	100.0
101.60523240000475	76.0	100.0
101.6253110000107	76.0	100.0
101.64512510001077	76.0	100.0
101.66582840000046	76.0	100.0
101.68529690001742	76.0	100.0
101.70496810000623	76.0	100.0
101.72598900002777	76.0	100.0
101.74581700001727	76.0	100.0
101.766374800005	76.0	100.0
101.78588160002255	76.0	100.0
101.80651120000402	76.0	100.0
101.82617950002896	76.0	100.0
101.84622340000351	76.0	100.0
101.86614730002475	76.0	100.0
101.88611010002205	76.0	100.0
101.90583090001019	76.0	100.0
101.92754540001624	76.0	100.0
101.94579180001165	76.0	100.0
101.96685540000908	76.0	100.0
101.98664670001017	76.0	100.0
102.00688620001893	77.0	100.0
102.02690090000397	77.0	100.0
102.04659780001384	77.0	100.0
102.06654060000437	77.0	100.0
102.08644250000361	77.0	100.0
102.10661370001617	77.0	100.0
102.12667409999995	77.0	100.0
102.14601410002797	77.0	100.0
102.16686990001472	77.0	100.0
102.18663790001301	77.0	100.0
102.20663480000803	77.0	100.0
102.22970790002728	77.0	100.0
102.24684450001223	77.0	100.0
102.26671820000047	77.0	100.0
102.28634290001355	77.0	100.0
102.3063845000288	77.0	100.0
102.32695180000155	77.0	100.0
102.3461466000008	77.0	100.0
102.36663990002126	77.0	100.0
102.38640720001422	77.0	100.0
102.406194900017	77.0	100.0
102.42677610000828	77.0	100.0
102.44699590001255	77.0	100.0
102.46645840001293	77.0	100.0
102.48587030000635	77.0	100.0
102.50563620001776	77.0	100.0
102.52574470001855	77.0	100.0
102.54670930001885	77.0	100.0
102.5677850000211	77.0	100.0
102.5866772000154	77.0	100.0
102.60662820001016	77.0	100.0
102.62696600001073	77.0	100.0
102.64708470000187	77.0	100.0
102.66678990001674	77.0	100.0
102.6861360000039	77.0	100.0
102.70674240001244	77.0	100.0
102.72620410000673	77.0	100.0
102.74754440001561	77.0	100.0
102.76604090002365	77.0	100.0
102.78707690001465	77.0	100.0
102.80676490001497	77.0	100.0
102.82660170001327	77.0	100.0
102.84909590001917	77.0	100.0
102.8665487000253	77.0	100.0
102.88607690000208	77.0	100.0
102.9059799000097	77.0	100.0
102.92631830001483	77.0	100.0
102.94654050000827	77.0	100.0
102.96725930002867	77.0	100.0
102.98830110000563	77.0	100.0
103.00796150002861	77.0	100.0
103.02718150001601	77.0	100.0
103.05015380002442	77.0	100.0
103.06765560002532	77.0	100.0
103.08726160001243	77.0	100.0
103.10762690001866	77.0	100.0
103.12732090000645	77.0	100.0
103.1467537000135	77.0	100.0
103.16973190000863	77.0	100.0
103.18850420002127	77.0	100.0
103.20731370002613	77.0	100.0
103.22697870002594	77.0	100.0
103.24903900001664	77.0	100.0
103.26804520000587	77.0	100.0
103.28817550002714	77.0	100.0
103.30427280001459	77.0	100.0
103.32548010000028	77.0	100.0
103.34663540002657	77.0	100.0
103.3682594000129	77.0	100.0
103.38769040000625	77.0	100.0
103.40776270002243	77.0	100.0
103.42746500001522	77.0	100.0
103.44802340000751	77.0	100.0
103.46825110001373	77.0	100.0
103.4881933000288	77.0	100.0
103.50773310000659	77.0	100.0
103.52785470001982	77.0	100.0
103.54690900002606	77.0	100.0
103.56768260002718	77.0	100.0
103.58801550001954	77.0	100.0
103.60792170002242	77.0	100.0
103.62796300000628	77.0	100.0
103.64878430002136	77.0	100.0
103.66843300001347	77.0	100.0
103.68747470001108	77.0	100.0
103.70812080000178	77.0	100.0
103.72795690002386	77.0	100.0
103.74825130001409	77.0	100.0
103.77057380002225	77.0	100.0
103.78839430000517	77.0	100.0
103.80819150002208	77.0	100.0
103.82825210000738	77.0	100.0
103.84790200000862	77.0	100.0
103.86845230002655	77.0	100.0
103.88739140002872	77.0	100.0
103.90811150000081	77.0	100.0
103.92839590000222	77.0	100.0
103.94849370000884	77.0	100.0
103.96875850000652	77.0	100.0
103.98891040001763	77.0	100.0
104.00968030001968	77.0	100.0
104.02851740000187	77.0	100.0
104.04843960001017	77.0	100.0
104.07265570000163	77.0	100.0
104.08870980000938	77.0	100.0
104.10791120000067	77.0	100.0
104.12977430000319	77.0	100.0
104.14842590002809	77.0	100.0
104.16931600001408	77.0	100.0
104.1886239000014	77.0	100.0
104.20848490000935	77.0	100.0
104.22804950000136	77.0	100.0
104.25003840000136	77.0	100.0
104.26881600002525	77.0	100.0
104.28970400002436	77.0	100.0
104.31038190002437	77.0	100.0
104.33024710000609	77.0	100.0
104.34852850000607	77.0	100.0
104.36904940000386	77.0	100.0
104.3884455000225	77.0	100.0
104.40944980000495	77.0	100.0
104.42935940000461	77.0	100.0
104.44934460002696	77.0	100.0
104.46938080000109	77.0	100.0
104.48869150000974	77.0	100.0
104.50854710000567	77.0	100.0
104.52876900002593	77.0	100.0
104.55054690001998	77.0	100.0
104.56897510000272	77.0	100.0
104.58967770001618	77.0	100.0
104.60905850000563	77.0	100.0
104.62839050000184	77.0	100.0
104.64906220001285	77.0	100.0
104.6692016000161	77.0	100.0
104.68921600002795	77.0	100.0
104.70868590002647	77.0	100.0
104.729286900023	77.0	100.0
104.74880400000256	77.0	100.0
104.76902200002223	77.0	100.0
104.79002640000544	77.0	100.0
104.80940810000175	77.0	100.0
104.82876170001691	77.0	100.0
104.84929860002012	77.0	100.0
104.86955740000121	77.0	100.0
104.88989870002843	77.0	100.0
104.90932500001509	77.0	100.0
104.92918150001788	77.0	100.0
104.9488467000192	77.0	100.0
104.9697756000096	77.0	100.0
104.9899816000252	77.0	100.0
105.01080940000247	77.0	100.0
105.02993210000568	77.0	100.0
105.0511119000148	77.0	100.0
105.06855390002602	77.0	100.0
105.08943890000228	77.0	100.0
105.10858160001226	77.0	100.0
105.1301608000067	77.0	100.0
105.15017360000638	77.0	100.0
105.1707260000112	77.0	100.0
105.18958350000321	77.0	100.0
105.2103282000171	77.0	100.0
105.22935670000152	77.0	100.0
105.25056370001403	77.0	100.0
105.27037240000209	77.0	100.0
105.2900397000194	77.0	100.0
105.30955100001302	77.0	100.0
105.32951480001793	77.0	100.0
105.36245780001627	77.0	100.0
105.37029330001678	77.0	100.0
105.39035080000758	77.0	100.0
105.41022590000648	77.0	100.0
105.42997400002787	77.0	100.0
105.45072800002526	77.0	100.0
105.47047230001772	77.0	100.0
105.49021280001034	77.0	100.0
105.51140230000601	77.0	100.0
105.53053310001269	77.0	100.0
105.54963610001141	77.0	100.0
105.57072630000766	77.0	100.0
105.59007180001936	77.0	100.0
105.61087610002141	77.0	100.0
105.62983960000565	77.0	100.0
105.65054630002123	77.0	100.0
105.6705304000061	77.0	100.0
105.68974900001194	77.0	100.0
105.7103973000194	77.0	100.0
105.73001270001987	77.0	100.0
105.74973950002459	77.0	100.0
105.77034290001029	77.0	100.0
105.7906190000067	77.0	100.0
105.81148980002035	77.0	100.0
105.83458510000492	77.0	100.0
105.85054630000377	77.0	100.0
105.87051400000928	77.0	100.0
105.8904188000015	77.0	100.0
105.91036430001259	77.0	100.0
105.93056910001906	77.0	100.0
105.95063200002187	77.0	100.0
105.97071630001301	77.0	100.0
105.99098380000214	77.0	100.0
106.01138820001506	77.0	100.0
106.03008920000866	77.0	100.0
106.0524014000257	77.0	100.0
106.07079200001317	77.0	100.0
106.09064770000987	77.0	100.0
106.11046670001815	77.0	100.0
106.13062760001048	77.0	100.0
106.15000240001245	77.0	100.0
106.17230930001824	77.0	100.0
106.19228390001808	77.0	100.0
106.21057780002593	77.0	100.0
106.23108370002592	77.0	100.0
106.25068710002233	77.0	100.0
106.270891400025	77.0	100.0
106.29058220001752	77.0	100.0
106.3102716000285	77.0	100.0
106.33057260001078	77.0	100.0
106.35120370000368	77.0	100.0
106.37143960001413	77.0	100.0
106.3909290000156	77.0	100.0
106.41111280000769	77.0	100.0
106.4329172000289	77.0	100.0
106.45122500002617	77.0	100.0
106.47167760002776	77.0	100.0
106.49093090000679	77.0	100.0
106.51067540000076	77.0	100.0
106.53178140000091	77.0	100.0
106.55109580000862	77.0	100.0
106.57256960001541	77.0	100.0
106.59193280001637	77.0	100.0
106.61136120001902	77.0	100.0
106.63108460002695	77.0	100.0
106.65210810001008	77.0	100.0
106.67088480002712	77.0	100.0
106.69038100002217	77.0	100.0
106.7102863000182	77.0	100.0
106.73056330002146	77.0	100.0
106.75050250001368	77.0	100.0
106.7720065000176	77.0	100.0
106.79162980002002	77.0	100.0
106.81226340000285	77.0	100.0
106.83193050001864	77.0	100.0
106.85161370001151	77.0	100.0
106.870590800012	77.0	100.0
106.89198000001488	77.0	100.0
106.91070470001432	77.0	100.0
106.930577000021	77.0	100.0
106.95136760000605	77.0	100.0
106.97191930000554	77.0	100.0
106.99197590001859	77.0	100.0
107.0130067000282	77.0	100.0
107.03223190002609	77.0	100.0
107.05252810000093	77.0	100.0
107.07246990001295	77.0	100.0
107.0923966000264	77.0	100.0
107.112154500006	77.0	100.0
107.13242120001814	77.0	100.0
107.1520695000072	77.0	100.0
107.17203820002032	77.0	100.0
107.19177270002547	77.0	100.0
107.21109770002658	77.0	100.0
107.23117730001104	77.0	100.0
107.25229530001525	77.0	100.0
107.27200930000981	77.0	100.0
107.29227570001967	77.0	100.0
107.31186290000915	77.0	100.0
107.3323932000203	77.0	100.0
107.35167140001431	77.0	100.0
107.37304100001347	77.0	100.0
107.39286750002066	77.0	100.0
107.41238910000538	77.0	100.0
107.43243800001801	77.0	100.0
107.4525271000166	77.0	100.0
107.47260000000824	77.0	100.0
107.49245950000477	77.0	100.0
107.51171430002432	77.0	100.0
107.53255860001082	77.0	100.0
107.5524948000093	77.0	100.0
107.57251430000179	77.0	100.0
107.5920155000058	77.0	100.0
107.6124153000128	77.0	100.0
107.63178590001189	77.0	100.0
107.6520664000127	77.0	100.0
107.6726178000099	77.0	100.0
107.69230080000125	77.0	100.0
107.71211790002417	77.0	100.0
107.7324532000057	77.0	100.0
107.75205260000075	77.0	100.0
107.77282740001101	77.0	100.0
107.79245350000565	77.0	100.0
107.81265180002083	77.0	100.0
107.83224720001454	77.0	100.0
107.85240390000399	77.0	100.0
107.87257450001198	77.0	100.0
107.89272760000313	77.0	100.0
107.91346210002666	77.0	100.0
107.93367100000614	77.0	100.0
107.95271860001958	77.0	100.0
107.97400610000477	77.0	100.0
107.99381270000595	77.0	100.0
108.01419730001362	78.0	100.0
108.03367010000511	78.0	100.0
108.05374970001867	78.0	100.0
108.07368180001504	78.0	100.0
108.09344500000589	78.0	100.0
108.11338950000936	78.0	100.0
108.13353500000085	78.0	100.0
108.15446140000131	78.0	100.0
108.17375900002662	78.0	100.0
108.19358250001096	78.0	100.0
108.21405020001112	78.0	100.0
108.23362330000964	78.0	100.0
108.2538659000129	78.0	100.0
108.27648920001229	78.0	100.0
108.29376110000885	78.0	100.0
108.31285190000199	78.0	100.0
108.3340752000222	78.0	100.0
108.35291620000498	78.0	100.0
108.37333040000522	78.0	100.0
108.39262550001149	78.0	100.0
108.41323290002765	78.0	100.0
108.43290160002653	78.0	100.0
108.4531995000143	78.0	100.0
108.4736169000098	78.0	100.0
108.49340910001774	78.0	100.0
108.51307970000198	78.0	100.0
108.53314470002078	78.0	100.0
108.5539667000121	78.0	100.0
108.57410370002617	78.0	100.0
108.59347360001993	78.0	100.0
108.61341810002341	78.0	100.0
108.63349500001641	78.0	100.0
108.65352940000594	78.0	100.0
108.6730680000037	78.0	100.0
108.69363950000843	78.0	100.0
108.71304150001379	78.0	100.0
108.73342750000302	78.0	100.0
108.75804220000282	78.0	100.0
108.77370310001425	78.0	100.0
108.79357180002262	78.0	100.0
108.81359170001815	78.0	100.0
108.8304225000029	78.0	100.0
108.85121700001764	78.0	100.0
108.87048270000378	78.0	100.0
108.89049880002858	78.0	100.0
108.90946010002517	78.0	100.0
108.93065330001991	78.0	100.0
108.94933710002806	78.0	100.0
108.97391870000865	78.0	100.0
108.99364280002192	78.0	100.0
109.01290020000306	80.0	100.0
109.03264630000922	80.0	100.0
109.05411320002167	80.0	100.0
109.07405960001051	80.0	100.0
109.09541150002042	80.0	100.0
109.11413450000691	80.0	100.0
109.13372260000324	80.0	100.0
109.15461670001969	80.0	100.0
109.17437290001544	80.0	100.0
109.19486370001687	80.0	100.0
109.21384810001473	80.0	100.0
109.23443130002124	80.0	100.0
109.25459410002804	80.0	100.0
109.2743922000227	80.0	100.0
109.2944797000091	80.0	100.0
109.31451890000608	80.0	100.0
109.33467240000027	80.0	100.0
109.35449170001084	80.0	100.0
109.37480930000311	80.0	100.0
109.39542790001724	80.0	100.0
109.41695490002166	80.0	100.0
109.43453730002511	80.0	100.0
109.45475540001644	80.0	100.0
109.47571550001157	80.0	100.0
109.4946146000002	80.0	100.0
109.51445210000384	80.0	100.0
109.53502500001923	80.0	100.0
109.55460890001268	80.0	100.0
109.57481470002676	80.0	100.0
109.59491940002772	80.0	100.0
109.61487030002172	80.0	100.0
109.6346774000267	80.0	100.0
109.65485310001532	80.0	100.0
109.67474990000483	80.0	100.0
109.69473510002717	80.0	100.0
109.71484820000478	80.0	100.0
109.73478330002399	80.0	100.0
109.75383890001103	80.0	100.0
109.77440860000206	80.0	100.0
109.7942127000133	80.0	100.0
109.81207220000215	80.0	100.0
109.8304908000282	80.0	100.0
109.85347520001233	80.0	100.0
109.87511250001262	80.0	100.0
109.89469190000091	80.0	100.0
109.91522870000335	80.0	100.0
109.93526550001116	80.0	100.0
109.9549542000168	80.0	100.0
109.97529340002802	80.0	100.0
109.99481450000894	80.0	100.0
110.01205540000228	81.0	100.0
110.03425160000916	81.0	100.0
110.05439220002154	81.0	100.0
110.0744203000213	81.0	100.0
110.0942209000059	81.0	100.0
110.11405850001029	81.0	100.0
110.13473870002781	81.0	100.0
110.15393920001225	81.0	100.0
110.17436290002661	81.0	100.0
110.1943146000267	81.0	100.0
110.21471860000747	81.0	100.0
110.23413230001461	81.0	100.0
110.25523150002118	81.0	100.0
110.27445530000841	81.0	100.0
110.29440310000791	81.0	100.0
110.31417720002355	81.0	100.0
110.33364870000514	81.0	100.0
110.35481240000809	81.0	100.0
110.37462220000452	81.0	100.0
110.39499150001211	81.0	100.0
110.41549910002504	81.0	100.0
110.43671620002715	81.0	100.0
110.45562620001147	81.0	100.0
110.47372240002733	81.0	100.0
110.49596890000976	81.0	100.0
110.51525550000952	81.0	100.0
110.53557710000314	81.0	100.0
110.55499960001907	81.0	100.0
110.57581010001013	81.0	100.0
110.5948188000184	81.0	100.0
110.61497440002859	81.0	100.0
110.63500630002818	81.0	100.0
110.65524530000403	81.0	100.0
110.67609960000846	81.0	100.0
110.69427970002289	81.0	100.0
110.71490050002467	81.0	100.0
110.73502100000042	81.0	100.0
110.75519620001432	81.0	100.0
110.77468500001123	81.0	100.0
110.79556270001922	81.0	100.0
110.81562640002812	81.0	100.0
110.83632660002331	81.0	100.0
110.85603030002676	81.0	100.0
110.87454690001323	81.0	100.0
110.89475070001208	81.0	100.0
110.91520070002298	81.0	100.0
110.93817000000854	81.0	100.0
110.95533020002767	81.0	100.0
110.9764567000093	81.0	100.0
110.99646100000245	81.0	100.0
111.01497420002124	81.0	100.0
111.03477480000583	81.0	100.0
111.05648320002365	81.0	100.0
111.07645660001435	81.0	100.0
111.09545370002161	81.0	100.0
111.11599300001399	81.0	100.0
111.13653490002616	81.0	100.0
111.15618130000075	81.0	100.0
111.17620760001591	81.0	100.0
111.19578850001562	81.0	100.0
111.21575710002799	81.0	100.0
111.23483350002789	81.0	100.0
111.2565137000056	81.0	100.0
111.27655830001459	81.0	100.0
111.29602260002866	81.0	100.0
111.3150676000223	81.0	100.0
111.3351507000043	81.0	100.0
111.35483910000767	81.0	100.0
111.37333610001951	81.0	100.0
111.39388440002222	81.0	100.0
111.41273800001363	81.0	100.0
111.43518580001546	81.0	100.0
111.45675630000187	81.0	100.0
111.47645910002757	81.0	100.0
111.49571660000947	81.0	100.0
111.5247666000214	81.0	100.0
111.53147670000908	81.0	100.0
111.553021300002	81.0	100.0
111.57147530000657	81.0	100.0
111.5906277000031	81.0	100.0
111.61074570001801	81.0	100.0
111.63302100001602	81.0	100.0
111.65526700002374	81.0	100.0
111.6769458000199	81.0	100.0
111.69624400002067	81.0	100.0
111.71636730001774	81.0	100.0
111.73637920001056	81.0	100.0
111.75889160000952	81.0	100.0
111.77680590000818	81.0	100.0
111.79608270002063	81.0	100.0
111.8163038000057	81.0	100.0
111.83617830000003	81.0	100.0
111.85656569999992	81.0	100.0
111.87655100002303	81.0	100.0
111.89647200002219	81.0	100.0
111.91470250001294	81.0	100.0
111.93683710001642	81.0	100.0
111.95549090002896	81.0	100.0
111.97687800001586	81.0	100.0
111.99831760002417	81.0	100.0
112.01831630000379	80.0	100.0
112.03651360000367	80.0	100.0
112.05890720000025	80.0	100.0
112.07979190000333	80.0	100.0
112.09650020001573	80.0	100.0
112.11784510000143	80.0	100.0
112.13670240002102	80.0	100.0
112.15689560002647	80.0	100.0
112.17745050002122	80.0	100.0
112.19723970000632	80.0	100.0
112.21849920001114	80.0	100.0
112.23539770001662	80.0	100.0
112.25809040002059	80.0	100.0
112.27770150001743	80.0	100.0
112.29757970001083	80.0	100.0
112.31687930002226	80.0	100.0
112.33668200002285	80.0	100.0
112.35606350001763	80.0	100.0
112.37732250001864	80.0	100.0
112.39643130000331	80.0	100.0
112.41970860000583	80.0	100.0
112.43628810002701	80.0	100.0
112.45665210002335	80.0	100.0
112.4763294000004	80.0	100.0
112.49669130000984	80.0	100.0
112.51722500001779	80.0	100.0
112.53702980000526	80.0	100.0
112.55659700001706	80.0	100.0
112.57756650002557	80.0	100.0
112.5959968000243	80.0	100.0
112.61433450001641	80.0	100.0
112.62943410000298	80.0	100.0
112.65090360000613	80.0	100.0
112.67119650001405	80.0	100.0
112.69205060001696	80.0	100.0
112.71177350002108	80.0	100.0
112.73197650001384	80.0	100.0
112.75291710000602	80.0	100.0
112.77170160002424	80.0	100.0
112.79195800001617	80.0	100.0
112.81264970000484	80.0	100.0
112.83480310000596	80.0	100.0
112.85540540001239	80.0	100.0
112.87515460001305	80.0	100.0
112.8955064000038	80.0	100.0
112.91506230001687	80.0	100.0
112.93539900000906	80.0	100.0
112.95533750002505	80.0	100.0
112.9757796000049	80.0	100.0
112.9955600000103	80.0	100.0
113.01574710002751	79.0	100.0
113.03511290001916	79.0	100.0
113.05465270002605	79.0	100.0
113.07480640002177	79.0	100.0
113.0949875000224	79.0	100.0
113.11455710002338	79.0	100.0
113.1348836000252	79.0	100.0
113.15568220001296	79.0	100.0
113.17468750002445	79.0	100.0
113.19385940002394	79.0	100.0
113.21578790000058	79.0	100.0
113.23475140001392	79.0	100.0
113.25512580000213	79.0	100.0
113.27535550002358	79.0	100.0
113.29471510002622	79.0	100.0
113.31537270001718	79.0	100.0
113.33579180002562	79.0	100.0
113.35564790002536	79.0	100.0
113.37636390002444	79.0	100.0
113.39521330001298	79.0	100.0
113.41553210001439	79.0	100.0
113.43493149999995	79.0	100.0
113.45601300001726	79.0	100.0
113.47478030002094	79.0	100.0
113.4969442000147	79.0	100.0
113.5158602000156	79.0	100.0
113.53603020001901	79.0	100.0
113.55720580002526	79.0	100.0
113.57613890001085	79.0	100.0
113.59584480000194	79.0	100.0
113.61582280002767	79.0	100.0
113.63545290002367	79.0	100.0
113.65595770001528	79.0	100.0
113.67593460000353	79.0	100.0
113.695950000023	79.0	100.0
113.7158057000197	79.0	100.0
113.73633390001487	79.0	100.0
113.75576880000881	79.0	100.0
113.77607410002383	79.0	100.0
113.79571380000561	79.0	100.0
113.81598370001302	79.0	100.0
113.83564940001816	79.0	100.0
113.8559360000072	79.0	100.0
113.87593110001762	79.0	100.0
113.89593520000926	79.0	100.0
113.91602430000785	79.0	100.0
113.9359712000005	79.0	100.0
113.95626580002136	79.0	100.0
113.97679060001974	79.0	100.0
113.99705860001268	79.0	100.0
114.01693990000058	79.0	100.0
114.03615090000676	79.0	100.0
114.0562748000084	79.0	100.0
114.07542180002201	79.0	100.0
114.096151500009	79.0	100.0
114.11605970002711	79.0	100.0
114.13624330001767	79.0	100.0
114.15649990001111	79.0	100.0
114.17719500002568	79.0	100.0
114.19679220000398	79.0	100.0
114.21627830000944	79.0	100.0
114.23600470001111	79.0	100.0
114.25710470002377	79.0	100.0
114.27648180001415	79.0	100.0
114.29707700002473	79.0	100.0
114.31668870002613	79.0	100.0
114.33690449999995	79.0	100.0
114.35713540000143	79.0	100.0
114.37763060000725	79.0	100.0
114.39731970001594	79.0	100.0
114.4173667000141	79.0	100.0
114.43713060001028	79.0	100.0
114.45708930000546	79.0	100.0
114.47731250000652	79.0	100.0
114.49718330000178	79.0	100.0
114.51690530002816	79.0	100.0
114.53736930000014	79.0	100.0
114.55748890002724	79.0	100.0
114.5775165000232	79.0	100.0
114.59707030002028	79.0	100.0
114.61728650002624	79.0	100.0
114.63726740001584	79.0	100.0
114.65767490002327	79.0	100.0
114.67742710001767	79.0	100.0
114.69742520002183	79.0	100.0
114.71682940001483	79.0	100.0
114.73713180000777	79.0	100.0
114.75717400002759	79.0	100.0
114.77792740002042	79.0	100.0
114.7969798000122	79.0	100.0
114.81776680002804	79.0	100.0
114.83746520002023	79.0	100.0
114.85702140000649	79.0	100.0
114.8771358000231	79.0	100.0
114.89768550000736	79.0	100.0
114.91758100001607	79.0	100.0
114.93794800000614	79.0	100.0
114.9576773000008	79.0	100.0
114.97809220000636	79.0	100.0
114.9979165000259	79.0	100.0
115.01792680000653	79.0	100.0
115.03768120001769	79.0	100.0
115.05999100001645	79.0	100.0
115.07776290000766	79.0	100.0
115.0976661000168	79.0	100.0
115.11802520000492	79.0	100.0
115.13761700000032	79.0	100.0
115.15782200000831	79.0	100.0
115.1776485000155	79.0	100.0
115.19736650001141	79.0	100.0
115.21733220000169	79.0	100.0
115.23764050001046	79.0	100.0
115.25705250000465	79.0	100.0
115.27707930002362	79.0	100.0
115.29768280001008	79.0	100.0
115.31739140002173	79.0	100.0
115.33753090002574	79.0	100.0
115.35743510001339	79.0	100.0
115.37755920001655	79.0	100.0
115.39728910001577	79.0	100.0
115.41763110001921	79.0	100.0
115.43733320001047	79.0	100.0
115.4574910000083	79.0	100.0
115.47768710000673	79.0	100.0
115.49749440001324	79.0	100.0
115.51693470001919	79.0	100.0
115.53733410002314	79.0	100.0
115.55735430002096	79.0	100.0
115.57770850000088	79.0	100.0
115.59753010002896	79.0	100.0
115.61734370002523	79.0	100.0
115.64189990001614	79.0	100.0
115.65786190002109	79.0	100.0
115.67771790002007	79.0	100.0
115.6979898000136	79.0	100.0
115.71755270002177	79.0	100.0
115.73760040002526	79.0	100.0
115.75755750000826	79.0	100.0
115.77860750001855	79.0	100.0
115.79747300001327	79.0	100.0
115.81775200000266	79.0	100.0
115.83775410000817	79.0	100.0
115.85834870001418	79.0	100.0
115.87764630001038	79.0	100.0
115.89865000001737	79.0	100.0
115.91872480002348	79.0	100.0
115.9389750000264	79.0	100.0
115.95892160001677	79.0	100.0
115.9792592000158	79.0	100.0
115.99878610001178	79.0	100.0
116.01933830001508	80.0	100.0
116.03889830000116	80.0	100.0
116.05899150000187	80.0	100.0
116.07925070001511	80.0	100.0
116.09905500002787	80.0	100.0
116.11831830002484	80.0	100.0
116.13926630001515	80.0	100.0
116.1592722000205	80.0	100.0
116.1797377000039	80.0	100.0
116.1990462000249	80.0	100.0
116.21916860001511	80.0	100.0
116.23859290001565	80.0	100.0
116.25916560000041	80.0	100.0
116.27906470000744	80.0	100.0
116.29890130000422	80.0	100.0
116.31891560001532	80.0	100.0
116.33919050000259	80.0	100.0
116.35949370000162	80.0	100.0
116.37980340002105	80.0	100.0
116.39913930001785	80.0	100.0
116.41938330000266	80.0	100.0
116.43857930001104	80.0	100.0
116.45871670002816	80.0	100.0
116.47917090001283	80.0	100.0
116.49774920000345	80.0	100.0
116.51815920000081	80.0	100.0
116.53889080000226	80.0	100.0
116.55955740000354	80.0	100.0
116.5799948000058	80.0	100.0
116.59917650002171	80.0	100.0
116.6195137000177	80.0	100.0
116.63916290001362	80.0	100.0
116.65955720000784	80.0	100.0
116.67975550002302	80.0	100.0
116.69941450000624	80.0	100.0
116.71929480001563	80.0	100.0
116.73981720002485	80.0	100.0
116.75874480002676	80.0	100.0
116.7792586000287	80.0	100.0
116.7993303000112	80.0	100.0
116.81995370000368	80.0	100.0
116.83901200001128	80.0	100.0
116.8598125000135	80.0	100.0
116.87924290000228	80.0	100.0
116.89907090002089	80.0	100.0
116.91957110000658	80.0	100.0
116.93911190002109	80.0	100.0
116.95942200001446	80.0	100.0
116.98027540001203	80.0	100.0
117.00017600000137	80.0	100.0
117.0199266000127	78.0	100.0
117.03992800001288	78.0	100.0
117.05991900002118	78.0	100.0
117.08083260001149	78.0	100.0
117.09994240000378	78.0	100.0
117.11996410001302	78.0	100.0
117.1402809000283	78.0	100.0
117.16024710002239	78.0	100.0
117.18013340001926	78.0	100.0
117.19997070002137	78.0	100.0
117.2198985000141	78.0	100.0
117.23962370000663	78.0	100.0
117.25989960000152	78.0	100.0
117.28077740001027	78.0	100.0
117.29993210002431	78.0	100.0
117.32003690002603	78.0	100.0
117.3414895000169	78.0	100.0
117.36034560002736	78.0	100.0
117.37991950000287	78.0	100.0
117.40067060000729	78.0	100.0
117.42022220001672	78.0	100.0
117.44049990002532	78.0	100.0
117.46091720002005	78.0	100.0
117.48063010000624	78.0	100.0
117.50086810000357	78.0	100.0
117.52058330000727	78.0	100.0
117.54068050000933	78.0	100.0
117.5602302000043	78.0	100.0
117.58121440000832	78.0	100.0
117.60030000002007	78.0	100.0
117.62077870001667	78.0	100.0
117.64023290001205	78.0	100.0
117.6601053000195	78.0	100.0
117.68114120000973	78.0	100.0
117.70138670000597	78.0	100.0
117.72097490000306	78.0	100.0
117.74073670001235	78.0	100.0
117.76142930000788	78.0	100.0
117.78290490002837	78.0	100.0
117.80099390001851	78.0	100.0
117.82127430001856	78.0	100.0
117.84019660000922	78.0	100.0
117.86221230000956	78.0	100.0
117.8813634000253	78.0	100.0
117.90117850000388	78.0	100.0
117.92086750001181	78.0	100.0
117.94036880001659	78.0	100.0
117.96106590001727	78.0	100.0
117.98097480001161	78.0	100.0
118.00116240000352	78.0	100.0
118.0210761000053	77.0	100.0
118.04052860001684	77.0	100.0
118.06298480002442	77.0	100.0
118.0808688000252	77.0	100.0
118.10125640002661	77.0	100.0
118.12139020001632	77.0	100.0
118.14145340002142	77.0	100.0
118.16084620001493	77.0	100.0
118.18132180001703	77.0	100.0
118.20090940000955	77.0	100.0
118.22089670001878	77.0	100.0
118.2408292000182	77.0	100.0
118.2610885000031	77.0	100.0
118.281054400024	77.0	100.0
118.30150610001874	77.0	100.0
118.32142990001012	77.0	100.0
118.34190550001222	77.0	100.0
118.36175810001441	77.0	100.0
118.3819520000252	77.0	100.0
118.40147530002287	77.0	100.0
118.42180619999999	77.0	100.0
118.44132870002068	77.0	100.0
118.46133600000758	77.0	100.0
118.48092550001456	77.0	100.0
118.50115840000217	77.0	100.0
118.52084970002761	77.0	100.0
118.54108940000879	77.0	100.0
118.56093960002181	77.0	100.0
118.58122620001086	77.0	100.0
118.60109460001695	77.0	100.0
118.62109070000588	77.0	100.0
118.64103730002535	77.0	100.0
118.66118920000736	77.0	100.0
118.68118690000847	77.0	100.0
118.70103900000686	77.0	100.0
118.721488900017	77.0	100.0
118.74135860000388	77.0	100.0
118.76102110001375	77.0	100.0
118.78157320001628	77.0	100.0
118.80113600002369	77.0	100.0
118.82154980002088	77.0	100.0
118.84129560002475	77.0	100.0
118.8612994000141	77.0	100.0
118.88136810000287	77.0	100.0
118.90128020002157	77.0	100.0
118.92107030001353	77.0	100.0
118.94134770001983	77.0	100.0
118.96127390000038	77.0	100.0
118.9816889000067	77.0	100.0
119.00150209999993	77.0	100.0
119.021598500025	75.0	100.0
119.04161360001308	75.0	100.0
119.06176620000042	75.0	100.0
119.08261130002211	75.0	100.0
119.10240590001922	75.0	100.0
119.12160090001998	75.0	100.0
119.14236190001247	75.0	100.0
119.16172420000657	75.0	100.0
119.18228740000632	75.0	100.0
119.20183280002675	75.0	100.0
119.22199290001299	75.0	100.0
119.24122180000995	75.0	100.0
119.2628649000253	75.0	100.0
119.28262560002622	75.0	100.0
119.30280340000172	75.0	100.0
119.32262590000755	75.0	100.0
119.34231490001548	75.0	100.0
119.36243090001517	75.0	100.0
119.38297900001635	75.0	100.0
119.4019549000077	75.0	100.0
119.42251920001581	75.0	100.0
119.443087200023	75.0	100.0
119.4634940000251	75.0	100.0
119.48211740000988	75.0	100.0
119.50282560000778	75.0	100.0
119.52160440001171	75.0	100.0
119.54253240002436	75.0	100.0
119.5626630000188	75.0	100.0
119.5830923000176	75.0	100.0
119.60236980000627	75.0	100.0
119.62284980001277	75.0	100.0
119.65281640001922	75.0	100.0
119.66282180001144	75.0	100.0
119.68145580001874	75.0	100.0
119.70315110002412	75.0	100.0
119.72292090000701	75.0	100.0
119.7431272000249	75.0	100.0
119.7622098000138	75.0	100.0
119.78317670000251	75.0	100.0
119.80288260002271	75.0	100.0
119.82272870000452	75.0	100.0
119.8422049000219	75.0	100.0
119.86257490000571	75.0	100.0
119.88297250002506	75.0	100.0
119.90249250002671	75.0	100.0
119.92289280000841	75.0	100.0
119.94294010000885	75.0	100.0
119.96242090000305	75.0	100.0
119.98304430002463	75.0	100.0
120.00402310001664	75.0	100.0
120.02379330000258	75.0	100.0
120.04405340002268	75.0	100.0
120.06372780000675	75.0	100.0
120.0832113000215	75.0	100.0
120.10392040002625	75.0	100.0
120.12335480001639	75.0	100.0
120.14367320001475	75.0	100.0
120.16366160000325	75.0	100.0
120.18399590000627	75.0	100.0
120.20381310000084	75.0	100.0
120.2238627000188	75.0	100.0
120.24350580002647	75.0	100.0
120.2639826000086	75.0	100.0
120.2840652000159	75.0	100.0
120.30397250002716	75.0	100.0
120.32356750001782	75.0	100.0
120.34403250002651	75.0	100.0
120.36347260000184	75.0	100.0
120.3847400000086	75.0	100.0
120.40392710000742	75.0	100.0
120.42364360002102	75.0	100.0
120.44285290001426	75.0	100.0
120.46320670002024	75.0	100.0
120.4831070000073	75.0	100.0
120.50365779999993	75.0	100.0
120.52303970002686	75.0	100.0
120.54345920000924	75.0	100.0
120.56303680001292	75.0	100.0
120.58344550000038	75.0	100.0
120.60346270000446	75.0	100.0
120.62372780000442	75.0	100.0
120.64394000000902	75.0	100.0
120.66477330002817	75.0	100.0
120.68388390002656	75.0	100.0
120.70392570001422	75.0	100.0
120.72351800001343	75.0	100.0
120.74373590000323	75.0	100.0
120.76367480002227	75.0	100.0
120.78401440000744	75.0	100.0
120.80361080000876	75.0	100.0
120.82405410002684	75.0	100.0
120.84348490001867	75.0	100.0
120.86417060001986	75.0	100.0
120.88397530000657	75.0	100.0
120.90391150000505	75.0	100.0
120.92365560002509	75.0	100.0
120.94415430002846	75.0	100.0
120.96357100000023	75.0	100.0
120.98426080000354	75.0	100.0
121.00469680002425	75.0	100.0
121.02478940002038	74.0	100.0
121.0441144000215	74.0	100.0
121.06640260000131	74.0	100.0
121.0840113000013	74.0	100.0
121.10390470002312	74.0	100.0
121.12375970001449	74.0	100.0
121.14386800001375	74.0	100.0
121.16391340002883	74.0	100.0
121.18486710000434	74.0	100.0
121.20430540002417	74.0	100.0
121.22394870000426	74.0	100.0
121.24395760000334	74.0	100.0
121.26495210002759	74.0	100.0
121.2847925000242	74.0	100.0
121.30449200002477	74.0	100.0
121.32453370001167	74.0	100.0
121.34413470001891	74.0	100.0
121.36412850001943	74.0	100.0
121.38486560000456	74.0	100.0
121.40451840002788	74.0	100.0
121.42473750002682	74.0	100.0
121.44413790002	74.0	100.0
121.46479410000029	74.0	100.0
121.48417690000497	74.0	100.0
121.50413820001995	74.0	100.0
121.52412929999991	74.0	100.0
121.54516350000631	74.0	100.0
121.56417950001196	74.0	100.0
121.58517420000862	74.0	100.0
121.60572470002808	74.0	100.0
121.62427120000939	74.0	100.0
121.64462480001384	74.0	100.0
121.66423760002363	74.0	100.0
121.68731600002502	74.0	100.0
121.70419130002847	74.0	100.0
121.7241980000108	74.0	100.0
121.7446436000173	74.0	100.0
121.7646910000185	74.0	100.0
121.7846978000016	74.0	100.0
121.8051356000069	74.0	100.0
121.82492800001637	74.0	100.0
121.84463830001187	74.0	100.0
121.86778380000032	74.0	100.0
121.88477840000996	74.0	100.0
121.90533070001402	74.0	100.0
121.92481710002176	74.0	100.0
121.94513120001648	74.0	100.0
121.96424330002628	74.0	100.0
121.98535070000798	74.0	100.0
122.00516640002024	74.0	100.0
122.02542100002756	76.0	100.0
122.04493510001339	76.0	100.0
122.06716490001418	76.0	100.0
122.08534440002404	76.0	100.0
122.10550180001883	76.0	100.0
122.12481340000522	76.0	100.0
122.14532910002163	76.0	100.0
122.16470850000042	76.0	100.0
122.18458530001226	76.0	100.0
122.20498260000022	76.0	100.0
122.22476200002711	76.0	100.0
122.24471090000588	76.0	100.0
122.2649963000149	76.0	100.0
122.28501290001441	76.0	100.0
122.3053514000203	76.0	100.0
122.32457590001286	76.0	100.0
122.34468070001458	76.0	100.0
122.36477260000538	76.0	100.0
122.38525440002559	76.0	100.0
122.40555380002479	76.0	100.0
122.42470610002056	76.0	100.0
122.44479820001288	76.0	100.0
122.4648823000025	76.0	100.0
122.48470380000072	76.0	100.0
122.50478370001656	76.0	100.0
122.52420560002793	76.0	100.0
122.5453454000235	76.0	100.0
122.56466810000711	76.0	100.0
122.58467630000087	76.0	100.0
122.60420690002502	76.0	100.0
122.6246854000201	76.0	100.0
122.64467090001563	76.0	100.0
122.66532270002062	76.0	100.0
122.68491640000138	76.0	100.0
122.70543610001914	76.0	100.0
122.72519300002023	76.0	100.0
122.74536610001815	76.0	100.0
122.7651932000008	76.0	100.0
122.78539560001809	76.0	100.0
122.80483790001017	76.0	100.0
122.82517110000481	76.0	100.0
122.84489070001291	76.0	100.0
122.86546060000546	76.0	100.0
122.88560110001708	76.0	100.0
122.90511510000215	76.0	100.0
122.92488360000425	76.0	100.0
122.94540260001668	76.0	100.0
122.9652546000143	76.0	100.0
122.98587030000635	76.0	100.0
123.00518750000629	76.0	100.0
123.02546780000557	76.0	100.0
123.04523730001529	76.0	100.0
123.06898100001854	76.0	100.0
123.08526650001295	76.0	100.0
123.10536430001957	76.0	100.0
123.12488260000828	76.0	100.0
123.14486860000761	76.0	100.0
123.16498990001855	76.0	100.0
123.18576760002179	76.0	100.0
123.20468570000958	76.0	100.0
123.22512830002233	76.0	100.0
123.2459530000051	76.0	100.0
123.26468800002476	76.0	100.0
123.28582020002068	76.0	100.0
123.30495380001958	76.0	100.0
123.32599140002276	76.0	100.0
123.34574430002249	76.0	100.0
123.3653627000167	76.0	100.0
123.38623970001936	76.0	100.0
123.40593820001232	76.0	100.0
123.42558550002286	76.0	100.0
123.44550290002371	76.0	100.0
123.4658277000126	76.0	100.0
123.48528610001085	76.0	100.0
123.50520190002862	76.0	100.0
123.5249552000023	76.0	100.0
123.54528140000184	76.0	100.0
123.56519430002663	76.0	100.0
123.58560630001011	76.0	100.0
123.6055117000069	76.0	100.0
123.62603120002314	76.0	100.0
123.64577120001195	76.0	100.0
123.66599060001317	76.0	100.0
123.685535000026	76.0	100.0
123.70603440000559	76.0	100.0
123.72512330001337	76.0	100.0
123.74534440002753	76.0	100.0
123.76534100002027	76.0	100.0
123.78598830002011	76.0	100.0
123.80549560001236	76.0	100.0
123.82518620000337	76.0	100.0
123.84532040002523	76.0	100.0
123.86545310000656	76.0	100.0
123.88549030001741	76.0	100.0
123.90571300001466	76.0	100.0
123.92534330001217	76.0	100.0
123.94547700000112	76.0	100.0
123.96494770000572	76.0	100.0
123.9854099000222	76.0	100.0
124.00666840001941	76.0	100.0
124.02674410000327	77.0	100.0
124.04595610001707	77.0	100.0
124.0686207000108	77.0	100.0
124.08296950001386	77.0	100.0
124.10142170000472	77.0	100.0
124.12153070000932	77.0	100.0
124.14223690002109	77.0	100.0
124.16213080001762	77.0	100.0
124.18273300002329	77.0	100.0
124.2019602000073	77.0	100.0
124.22254580000299	77.0	100.0
124.24229130000458	77.0	100.0
124.26256080000894	77.0	100.0
124.28257620002842	77.0	100.0
124.30241980002029	77.0	100.0
124.32675420001033	77.0	100.0
124.34556670000893	77.0	100.0
124.36576510002487	77.0	100.0
124.38626560001285	77.0	100.0
124.40593090001494	77.0	100.0
124.426523800008	77.0	100.0
124.44562680000672	77.0	100.0
124.46680240001297	77.0	100.0
124.48694270002306	77.0	100.0
124.5072604000161	77.0	100.0
124.52645670002676	77.0	100.0
124.5469697000226	77.0	100.0
124.56658310000785	77.0	100.0
124.58704910002416	77.0	100.0
124.60657990002073	77.0	100.0
124.6267971000052	77.0	100.0
124.64547580000362	77.0	100.0
124.66700910002692	77.0	100.0
124.68690380000044	77.0	100.0
124.70686710000155	77.0	100.0
124.72708630000125	77.0	100.0
124.7470205000136	77.0	100.0
124.76677240000572	77.0	100.0
124.7875937000208	77.0	100.0
124.80673190002562	77.0	100.0
124.82720430000336	77.0	100.0
124.84706080000615	77.0	100.0
124.8673241000215	77.0	100.0
124.8870432000258	77.0	100.0
124.90745010002865	77.0	100.0
124.92766440002015	77.0	100.0
124.94766690002871	77.0	100.0
124.9675384000002	77.0	100.0
124.98784500002512	77.0	100.0
125.00823070001206	77.0	100.0
125.02794690002338	77.0	100.0
125.04760040002293	77.0	100.0
125.06797890001326	77.0	100.0
125.08798260000185	77.0	100.0
125.10718680001446	77.0	100.0
125.12685310002416	77.0	100.0
125.14767750000465	77.0	100.0
125.16790340002626	77.0	100.0
125.18864250002662	77.0	100.0
125.20790770000895	77.0	100.0
125.22737840001355	77.0	100.0
125.2468063000124	77.0	100.0
125.26791230001254	77.0	100.0
125.28783780001686	77.0	100.0
125.30781900000875	77.0	100.0
125.32794800002011	77.0	100.0
125.34786810001242	77.0	100.0
125.36773310002172	77.0	100.0
125.38891200002399	77.0	100.0
125.40794730000198	77.0	100.0
125.42804420000175	77.0	100.0
125.44784710000386	77.0	100.0
125.46784790002857	77.0	100.0
125.48790080001345	77.0	100.0
125.50790250001592	77.0	100.0
125.52784220001195	77.0	100.0
125.54714940002305	77.0	100.0
125.56756940000923	77.0	100.0
125.58890840000822	77.0	100.0
125.60770340001909	77.0	100.0
125.62812110001687	77.0	100.0
125.64773810000042	77.0	100.0
125.66883430001326	77.0	100.0
125.68845640000654	77.0	100.0
125.70830930001102	77.0	100.0
125.72843980000471	77.0	100.0
125.74862340002437	77.0	100.0
125.76844650000567	77.0	100.0
125.78899650002131	77.0	100.0
125.80895480001345	77.0	100.0
125.828671700001	77.0	100.0
125.84847930000979	77.0	100.0
125.86905170002137	77.0	100.0
125.88939570001094	77.0	100.0
125.90892180000083	77.0	100.0
125.92836200000602	77.0	100.0
125.94829759999993	77.0	100.0
125.96871130002546	77.0	100.0
125.98951040001702	77.0	100.0
126.00919690000592	77.0	100.0
126.02920030002133	77.0	100.0
126.04903250001371	77.0	100.0
126.069089000026	77.0	100.0
126.08873910002876	77.0	100.0
126.10945280001033	77.0	100.0
126.12817050001468	77.0	100.0
126.14832190002198	77.0	100.0
126.16873060000944	77.0	100.0
126.18895060001523	77.0	100.0
126.2083298000216	77.0	100.0
126.22855510000954	77.0	100.0
126.24881920000189	77.0	100.0
126.26932260001195	77.0	100.0
126.28972100000829	77.0	100.0
126.30954140002723	77.0	100.0
126.3292854000174	77.0	100.0
126.34977380000055	77.0	100.0
126.36899760001688	77.0	100.0
126.3893746000249	77.0	100.0
126.40949400002137	77.0	100.0
126.42937690002145	77.0	100.0
126.44942060002359	77.0	100.0
126.46971080001094	77.0	100.0
126.4894093000039	77.0	100.0
126.50944830002845	77.0	100.0
126.52925130000222	77.0	100.0
126.54945060002501	77.0	100.0
126.56932060001418	77.0	100.0
126.58993980000378	77.0	100.0
126.6094503000204	77.0	100.0
126.62938860000577	77.0	100.0
126.64940310001839	77.0	100.0
126.66917480001575	77.0	100.0
126.6890371000045	77.0	100.0
126.70936760000768	77.0	100.0
126.7294173000264	77.0	100.0
126.74956370002474	77.0	100.0
126.76969540002756	77.0	100.0
126.79049800001667	77.0	100.0
126.80953780002892	77.0	100.0
126.82957660002285	77.0	100.0
126.84965840002405	77.0	100.0
126.8696040000068	77.0	100.0
126.89010120002786	77.0	100.0
126.91007040001568	77.0	100.0
126.92918390000705	77.0	100.0
126.94987270000274	77.0	100.0
126.96971590002067	77.0	100.0
126.99096670001745	77.0	100.0
127.00969050001004	77.0	100.0
127.02988700001151	77.0	100.0
127.04967220002436	77.0	100.0
127.07184730001609	77.0	100.0
127.0897501000145	77.0	100.0
127.11000410001725	77.0	100.0
127.12983950000489	77.0	100.0
127.1500931000046	77.0	100.0
127.16980890001287	77.0	100.0
127.19070560002001	77.0	100.0
127.20972180002718	77.0	100.0
127.22935850001522	77.0	100.0
127.24868560000323	77.0	100.0
127.26947970001493	77.0	100.0
127.28943230002187	77.0	100.0
127.30941760001588	77.0	100.0
127.32943680000608	77.0	100.0
127.34950970002683	77.0	100.0
127.36919300002046	77.0	100.0
127.38984560000245	77.0	100.0
127.40944790001959	77.0	100.0
127.42950840000412	77.0	100.0
127.44932130002417	77.0	100.0
127.46980660001282	77.0	100.0
127.48943020001752	77.0	100.0
127.50941380002769	77.0	100.0
127.52908280002885	77.0	100.0
127.54938660000334	77.0	100.0
127.56908750001458	77.0	100.0
127.59042290001526	77.0	100.0
127.60948480002116	77.0	100.0
127.62969190001604	77.0	100.0
127.64933370001381	77.0	100.0
127.67030190001242	77.0	100.0
127.68940000000293	77.0	100.0
127.70936900001834	77.0	100.0
127.73064170000725	77.0	100.0
127.74954540000181	77.0	100.0
127.76948860002449	77.0	100.0
127.79063290002523	77.0	100.0
127.80969570000889	77.0	100.0
127.83027170001878	77.0	100.0
127.85077330001513	77.0	100.0
127.87090240002726	77.0	100.0
127.89090840000426	77.0	100.0
127.91394800000126	77.0	100.0
127.93021290001343	77.0	100.0
127.95038670001668	77.0	100.0
127.97030930002802	77.0	100.0
127.99086700001499	77.0	100.0
128.01096750001307	77.0	100.0
128.03150010001264	77.0	100.0
128.05085870000767	77.0	100.0
128.07127400001627	77.0	100.0
128.09128080002847	77.0	100.0
128.1108213000116	77.0	100.0
128.1305960000027	77.0	100.0
128.1509047000145	77.0	100.0
128.17047150002327	77.0	100.0
128.19109900001786	77.0	100.0
128.2103373000282	77.0	100.0
128.23139900001115	77.0	100.0
128.25049800000852	77.0	100.0
128.27083380002296	77.0	100.0
128.29045900001074	77.0	100.0
128.31074650000664	77.0	100.0
128.33044350001728	77.0	100.0
128.35068920001504	77.0	100.0
128.37062330002664	77.0	100.0
128.39086940002744	77.0	100.0
128.41054910002276	77.0	100.0
128.430858000007	77.0	100.0
128.45097850001184	77.0	100.0
128.4709867000056	77.0	100.0
128.49035410000943	77.0	100.0
128.5115832000156	77.0	100.0
128.53109700002824	77.0	100.0
128.5504245000193	77.0	100.0
128.57084560001385	77.0	100.0
128.591020700027	77.0	100.0
128.6103139000188	77.0	100.0
128.63173610001104	77.0	100.0
128.65190920000896	77.0	100.0
128.67192320001777	77.0	100.0
128.69164150001598	77.0	100.0
128.71080290002283	77.0	100.0
128.7303777000052	77.0	100.0
128.75172840000596	77.0	100.0
128.77094320001197	77.0	100.0
128.79212860000553	77.0	100.0
128.81100000001607	77.0	100.0
128.8312111000123	77.0	100.0
128.85093410001718	77.0	100.0
128.87118450002163	77.0	100.0
128.89085620001424	77.0	100.0
128.91387940000277	77.0	100.0
128.93143380002584	77.0	100.0
128.95137430002796	77.0	100.0
128.9708286000241	77.0	100.0
128.99181020000833	77.0	100.0
129.01189680001698	77.0	100.0
129.03185790000134	78.0	100.0
129.05183410001337	78.0	100.0
129.07242510002106	78.0	100.0
129.09170510002878	78.0	100.0
129.11161960000754	78.0	100.0
129.13142280001193	78.0	100.0
129.15145860001212	78.0	100.0
129.17168940001284	78.0	100.0
129.19191990001127	78.0	100.0
129.2113111000217	78.0	100.0
129.23210370002198	78.0	100.0
129.25173640000867	78.0	100.0
129.27166890000808	78.0	100.0
129.2919165000203	78.0	100.0
129.31142530002398	78.0	100.0
129.3577243000036	78.0	100.0
129.35774340000353	78.0	100.0
129.37144220000482	78.0	100.0
129.4938483000151	78.0	100.0
129.4938687000249	78.0	100.0
129.49387740000384	78.0	100.0
129.4938858000096	78.0	100.0
129.49389350001002	78.0	100.0
129.49412090002443	78.0	100.0
129.51233820000198	78.0	100.0
129.53254810001818	78.0	100.0
129.5519753000117	78.0	100.0
129.57229370001005	78.0	100.0
129.5928654000163	78.0	100.0
129.61220070000854	78.0	100.0
129.66560750000644	78.0	100.0
129.66562590000103	78.0	100.0
129.67264280002564	78.0	100.0
129.80200160000823	78.0	100.0
129.80204010001034	78.0	100.0
129.80205790000036	78.0	100.0
129.8020749000134	78.0	100.0
129.80209150002338	78.0	100.0
129.80210730002727	78.0	100.0
129.8132123000105	78.0	100.0
129.83242600000813	78.0	100.0
129.8521723000158	78.0	100.0
129.8728443	78.0	100.0
129.93216320002102	78.0	100.0
129.9321824000217	78.0	100.0
129.93281270001899	78.0	100.0
129.96808960000635	78.0	100.0
129.97266670002136	78.0	100.0
130.02493290000712	78.0	100.0
130.02497930001118	78.0	100.0
130.03334110000287	79.0	100.0
130.0532430000021	79.0	100.0
130.07495080001536	79.0	100.0
130.0931800000253	79.0	100.0
130.12741400001687	79.0	100.0
130.13291310000932	79.0	100.0
130.15326590000768	79.0	100.0
130.17288160001044	79.0	100.0
130.19353080002475	79.0	100.0
130.22957140000653	79.0	100.0
130.23384520001127	79.0	100.0
130.2527270000137	79.0	100.0
130.2729612000112	79.0	100.0
130.2931865999999	79.0	100.0
130.34073290001834	79.0	100.0
130.34078120000777	79.0	100.0
130.35295510001015	79.0	100.0
130.37285400001565	79.0	100.0
130.3931295000075	79.0	100.0
130.43809080001665	79.0	100.0
130.4381098000158	79.0	100.0
130.45277970001916	79.0	100.0
130.472777100018	79.0	100.0
130.49199570002384	79.0	100.0
130.53661170002306	79.0	100.0
130.53663000001688	79.0	100.0
130.5530019000289	79.0	100.0
130.57350320002297	79.0	100.0
130.59341660002246	79.0	100.0
130.61871870001778	79.0	100.0
130.63288580000517	79.0	100.0
130.6525903000147	79.0	100.0
130.67305680000572	79.0	100.0
130.69301690001157	79.0	100.0
130.89117110002553	79.0	100.0
130.89120640000328	79.0	100.0
130.8912242000224	79.0	100.0
130.891240500001	79.0	100.0
130.89125770001556	79.0	100.0
130.89128050001455	79.0	100.0
130.891305200028	79.0	100.0
130.89133050001692	79.0	100.0
130.89135530000203	79.0	100.0
130.89293150001322	79.0	100.0
131.09487710002577	79.0	100.0
131.0948982000118	79.0	100.0
131.0949068000191	79.0	100.0
131.09491460002027	79.0	100.0
131.09492220001994	79.0	100.0
131.09492940001655	79.0	100.0
131.09560630001943	81.0	100.0
131.095624700014	81.0	100.0
131.09563630001503	81.0	100.0
131.09564460002002	81.0	100.0
131.11314030000358	81.0	100.0
131.1364047000243	81.0	100.0
131.15376300000935	81.0	100.0
131.19710230000783	81.0	100.0
131.19712090000394	81.0	100.0
131.2131501000258	81.0	100.0
131.2496052000206	81.0	100.0
131.25332560000243	81.0	100.0
131.27363030001288	81.0	100.0
131.29344000000856	81.0	100.0
131.3146940000006	81.0	100.0
131.50593430001754	81.0	100.0
131.5059538000205	81.0	100.0
131.50596200002474	81.0	100.0
131.50596990002668	81.0	100.0
131.50598080002237	81.0	100.0
131.50598880002508	81.0	100.0
131.50599620002322	81.0	100.0
131.50600360002136	81.0	100.0
131.5060110000195	81.0	100.0
131.51317530000233	81.0	100.0
131.53631340002175	81.0	100.0
131.5542839000118	81.0	100.0
131.57371590001276	81.0	100.0
131.5936944000132	81.0	100.0
131.61366660002386	81.0	100.0
131.65505100000883	81.0	100.0
131.65507350000553	81.0	100.0
131.67486130000907	81.0	100.0
131.69162690002122	81.0	100.0
131.71489650002331	81.0	100.0
131.74163290002616	81.0	100.0
131.7542043000285	81.0	100.0
131.77494970001862	81.0	100.0
131.79489610000746	81.0	100.0
131.81487500001094	81.0	100.0
131.83365830002003	81.0	100.0
132.0164273000264	81.0	100.0
132.0164470000018	81.0	100.0
132.0164555000083	81.0	100.0
132.01646390001406	81.0	100.0
132.01647200001753	81.0	100.0
132.01709130001836	81.0	100.0
132.01710850000381	81.0	100.0
132.0171168000088	81.0	100.0
132.0171251000138	81.0	100.0
132.03509660001146	82.0	100.0
132.0554088000208	82.0	100.0
132.07546750002075	82.0	100.0
132.13646640002844	82.0	100.0
132.1364926000242	82.0	100.0
132.1365009000001	82.0	100.0
132.26529400001164	82.0	100.0
132.26629890000913	82.0	100.0
132.2663158000214	82.0	100.0
132.26632420002716	82.0	100.0
132.26633200002834	82.0	100.0
132.26633950002724	82.0	100.0
132.27553520002402	82.0	100.0
132.29554600000847	82.0	100.0
132.31572680000681	82.0	100.0
132.33551070000976	82.0	100.0
132.35577830002876	82.0	100.0
132.37480160000268	82.0	100.0
132.42591130000073	82.0	100.0
132.42593120000674	82.0	100.0
132.4348838000151	82.0	100.0
132.5653778000269	82.0	100.0
132.56540050002513	82.0	100.0
132.56540880000102	82.0	100.0
132.56541620002827	82.0	100.0
132.56542380002793	82.0	100.0
132.56543150002835	82.0	100.0
132.57499200000893	82.0	100.0
132.59558940000716	82.0	100.0
132.6145741000073	82.0	100.0
132.63514140000916	82.0	100.0
132.6799522000074	82.0	100.0
132.67997280001873	82.0	100.0
132.6954737000051	82.0	100.0
132.7153048000182	82.0	100.0
132.7351064000104	82.0	100.0
132.75509930000408	82.0	100.0
132.7757565000211	82.0	100.0
132.79606980000972	82.0	100.0
132.81551949999994	82.0	100.0
132.83596010002657	82.0	100.0
132.85619220000808	82.0	100.0
132.87647800002014	82.0	100.0
132.89656750002177	82.0	100.0
132.91688100001193	82.0	100.0
132.9356103000173	82.0	100.0
132.9562406000041	82.0	100.0
132.97589230001904	82.0	100.0
132.99660100002075	82.0	100.0
133.0168798000086	82.0	100.0
133.03455900002155	79.0	100.0
133.05619880001177	79.0	100.0
133.0785537000047	79.0	100.0
133.09582050002064	79.0	100.0
133.11679870000808	79.0	100.0
133.13624130000244	79.0	100.0
133.15752540001995	79.0	100.0
133.17705870000646	79.0	100.0
133.19652830000268	79.0	100.0
133.21605010001804	79.0	100.0
133.23692930000834	79.0	100.0
133.2558252000017	79.0	100.0
133.27683910002816	79.0	100.0
133.29710160000832	79.0	100.0
133.31632070001797	79.0	100.0
133.33257270001923	79.0	100.0
133.3572617000027	79.0	100.0
133.37616290000733	79.0	100.0
133.39685560000362	79.0	100.0
133.41585230000783	79.0	100.0
133.436772200017	79.0	100.0
133.4567557000264	79.0	100.0
133.4768269000051	79.0	100.0
133.496985100006	79.0	100.0
133.517061200022	79.0	100.0
133.53668890002882	79.0	100.0
133.5572748000268	79.0	100.0
133.57699940001476	79.0	100.0
133.5971885000181	79.0	100.0
133.6170069000218	79.0	100.0
133.6369648000109	79.0	100.0
133.6566849000228	79.0	100.0
133.67698050002218	79.0	100.0
133.6968786000216	79.0	100.0
133.71688000002177	79.0	100.0
133.73706640000455	79.0	100.0
133.75662250001915	79.0	100.0
133.77676460001385	79.0	100.0
133.79692240001168	79.0	100.0
133.81703320000088	79.0	100.0
133.83731490001082	79.0	100.0
133.8573360000155	79.0	100.0
133.87748600001214	79.0	100.0
133.8970194000285	79.0	100.0
133.91758850001497	79.0	100.0
133.93781000000308	79.0	100.0
133.9573417000065	79.0	100.0
133.97750930002076	79.0	100.0
133.99767670000438	79.0	100.0
134.01730410000891	79.0	100.0
134.03791360001196	78.0	100.0
134.05750200001057	78.0	100.0
134.0779346000054	78.0	100.0
134.09739640000043	78.0	100.0
134.11764920002315	78.0	100.0
134.1373573000019	78.0	100.0
134.1570202000148	78.0	100.0
134.1767960000143	78.0	100.0
134.1972209000087	78.0	100.0
134.21698740002466	78.0	100.0
134.23711290000938	78.0	100.0
134.25681420002365	78.0	100.0
134.27778600002057	78.0	100.0
134.29730780000682	78.0	100.0
134.3173868000158	78.0	100.0
134.3372190000082	78.0	100.0
134.35738070000662	78.0	100.0
134.37715420001769	78.0	100.0
134.39822090000962	78.0	100.0
134.41728550000698	78.0	100.0
134.43715880002128	78.0	100.0
134.45726600001217	78.0	100.0
134.47723230000702	78.0	100.0
134.4977323000203	78.0	100.0
134.51737490002415	78.0	100.0
134.53738810002687	78.0	100.0
134.55761220000568	78.0	100.0
134.57732020001276	78.0	100.0
134.5975393000117	78.0	100.0
134.6170051000081	78.0	100.0
134.63734750001458	78.0	100.0
134.6574109000212	78.0	100.0
134.68364210001891	78.0	100.0
134.69859330001054	78.0	100.0
134.71888540001237	78.0	100.0
134.73678680000012	78.0	100.0
134.75851980000152	78.0	100.0
134.7772902000288	78.0	100.0
134.79842330000247	78.0	100.0
134.81869840002037	78.0	100.0
134.83884500002023	78.0	100.0
134.85828260000562	78.0	100.0
134.8785451000149	78.0	100.0
134.8984383000061	78.0	100.0
134.91844280000078	78.0	100.0
134.93926070001908	78.0	100.0
134.9594987000164	78.0	100.0
134.97743480000645	78.0	100.0
134.99880970001686	78.0	100.0
135.01877870000317	78.0	100.0
135.03905930000474	80.0	100.0
135.0589386000065	80.0	100.0
135.0791731000063	80.0	100.0
135.09822360001272	80.0	100.0
135.11857130000135	80.0	100.0
135.13818940002238	80.0	100.0
135.15865160000976	80.0	100.0
135.1784839000029	80.0	100.0
135.19845980001264	80.0	100.0
135.2181588000094	80.0	100.0
135.23898180000833	80.0	100.0
135.2590510000009	80.0	100.0
135.27903810000862	80.0	100.0
135.29918510001153	80.0	100.0
135.31886090000626	80.0	100.0
135.33869590001996	80.0	100.0
135.35915290002595	80.0	100.0
135.37915680001606	80.0	100.0
135.39870750001865	80.0	100.0
135.4190634000115	80.0	100.0
135.43912850000197	80.0	100.0
135.45884370000567	80.0	100.0
135.47948900001938	80.0	100.0
135.49899960000766	80.0	100.0
135.5190883000032	80.0	100.0
135.5395453000092	80.0	100.0
135.5593842000235	80.0	100.0
135.57884670002386	80.0	100.0
135.59975340001984	80.0	100.0
135.61768550000852	80.0	100.0
135.63851450002403	80.0	100.0
135.65854040000704	80.0	100.0
135.67910370000754	80.0	100.0
135.6992594000185	80.0	100.0
135.71964580001077	80.0	100.0
135.73874170001363	80.0	100.0
135.75833210002747	80.0	100.0
135.90158430000884	80.0	100.0
135.9016333000036	80.0	100.0
135.90165750001324	80.0	100.0
135.90168020001147	80.0	100.0
135.90170250000665	80.0	100.0
135.9017246000003	80.0	100.0
135.90174750000006	80.0	100.0
135.91936090000672	80.0	100.0
135.9394283000147	80.0	100.0
136.03176400001394	80.0	100.0
136.03178370001842	80.0	100.0
136.03179700000328	80.0	100.0
136.03180920000887	80.0	100.0
136.03961040001013	83.0	100.0
136.05906950001372	83.0	100.0
136.0808318000054	83.0	100.0
136.09940970002208	83.0	100.0
136.11950680002337	83.0	100.0
136.20229350001318	83.0	100.0
136.20232160002342	83.0	100.0
136.20233400000143	83.0	100.0
136.20234460002393	83.0	100.0
136.21908410001197	83.0	100.0
136.2393547000247	83.0	100.0
136.32581620002748	83.0	100.0
136.32583670000895	83.0	100.0
136.3258485000115	83.0	100.0
136.32585660001496	83.0	100.0
136.33918460001587	83.0	100.0
136.35961060001864	83.0	100.0
136.45054640001035	83.0	100.0
136.4505773000128	83.0	100.0
136.4505861000216	83.0	100.0
136.45059410002432	83.0	100.0
136.45937060000142	83.0	100.0
136.48059610000928	83.0	100.0
136.4997493000119	83.0	100.0
136.51962950002053	83.0	100.0
136.65032470002188	83.0	100.0
136.65034450002713	83.0	100.0
136.65035300000454	83.0	100.0
136.65036120000877	83.0	100.0
136.65036880000844	83.0	100.0
136.65037620000658	83.0	100.0
136.65943070000503	83.0	100.0
136.6801276000042	83.0	100.0
136.70045940001728	83.0	100.0
136.71992220001994	83.0	100.0
136.74040450001485	83.0	100.0
136.82028990000254	83.0	100.0
136.82033770001726	83.0	100.0
136.82036210002843	83.0	100.0
136.82038550000289	83.0	100.0
136.84039530000882	83.0	100.0
136.860606000002	83.0	100.0
136.9491484000173	83.0	100.0
136.9491766000283	83.0	100.0
136.94918890000554	83.0	100.0
136.94920080000884	83.0	100.0
136.9609577000083	83.0	100.0
136.9809823000105	83.0	100.0
137.0009048000211	83.0	100.0
137.05091700001503	83.0	100.0
137.05095190001884	84.0	100.0
137.06035790001624	84.0	100.0
137.08102080001845	84.0	100.0
137.1014818000258	84.0	100.0
137.17999000000418	84.0	100.0
137.18001030001324	84.0	100.0
137.1800231000234	84.0	100.0
137.18087750000996	84.0	100.0
137.20088000001851	84.0	100.0
137.2206436000124	84.0	100.0
137.24135690002004	84.0	100.0
137.3226760000107	84.0	100.0
137.3226954000129	84.0	100.0
137.32270370001788	84.0	100.0
137.32271240002592	84.0	100.0
137.34046400000807	84.0	100.0
137.36142870000913	84.0	100.0
137.50174920001882	84.0	100.0
137.50176880002255	84.0	100.0
137.501777700003	84.0	100.0
137.50178560000495	84.0	100.0
137.50179380000918	84.0	100.0
137.5018031000218	84.0	100.0
137.5018111000245	84.0	100.0
137.52102940002806	84.0	100.0
137.540756900009	84.0	100.0
137.68964190001134	84.0	100.0
137.68966730000102	84.0	100.0
137.68967580000754	84.0	100.0
137.68968350000796	84.0	100.0
137.68969100000686	84.0	100.0
137.68969850000576	84.0	100.0
137.68970600000466	84.0	100.0
137.7020495000179	84.0	100.0
137.72135650002747	84.0	100.0
137.7419596000109	84.0	100.0
137.76149580001947	84.0	100.0
137.89486390000093	84.0	100.0
137.89488450001227	84.0	100.0
137.89489310001954	84.0	100.0
137.8949010000215	84.0	100.0
137.89491180001642	84.0	100.0
137.89491980001912	84.0	100.0
137.90193820002605	84.0	100.0
137.92242340001394	84.0	100.0
137.9418365000165	84.0	100.0
137.96248460002244	84.0	100.0
138.0989530000079	84.0	100.0
138.09897300001467	84.0	100.0
138.09898140002042	84.0	100.0
138.0989895000239	82.0	100.0
138.09900000001653	82.0	100.0
138.09900790001848	82.0	100.0
138.10133830000996	82.0	100.0
138.12217490002513	82.0	100.0
138.14167300000554	82.0	100.0
138.162635900022	82.0	100.0
138.25119990002713	82.0	100.0
138.25121930000023	82.0	100.0
138.25122750000446	82.0	100.0
138.2512370000186	82.0	100.0
138.2625581000175	82.0	100.0
138.28225480002584	82.0	100.0
138.43053270000382	82.0	100.0
138.43057190001127	82.0	100.0
138.43059490001178	82.0	100.0
138.4306148000178	82.0	100.0
138.43063120002626	82.0	100.0
138.43064730000333	82.0	100.0
138.4306634000095	82.0	100.0
138.44220280001173	82.0	100.0
138.46220770000946	82.0	100.0
138.6108668000088	82.0	100.0
138.6108849000011	82.0	100.0
138.61089300000458	82.0	100.0
138.61090320002404	82.0	100.0
138.6109108000237	82.0	100.0
138.6109183000226	82.0	100.0
138.61092550001922	82.0	100.0
138.62254630000098	82.0	100.0
138.64272340000025	82.0	100.0
138.6627334000077	82.0	100.0
138.68273890001	82.0	100.0
138.81646820000606	82.0	100.0
138.81651740000234	82.0	100.0
138.81654190001427	82.0	100.0
138.81656450001174	82.0	100.0
138.81658780001453	82.0	100.0
138.8166127000004	82.0	100.0
138.8226493000111	82.0	100.0
138.84269110002788	82.0	100.0
138.86175200002617	82.0	100.0
138.88240950001637	82.0	100.0
139.02078100002836	82.0	100.0
139.02083230001153	82.0	100.0
139.0208572000265	82.0	100.0
139.02087970002322	82.0	100.0
139.02090180001687	82.0	100.0
139.0209297000256	82.0	100.0
139.02226190001238	82.0	100.0
139.0398472000088	80.0	100.0
139.06062020000536	80.0	100.0
139.08056130001205	80.0	100.0
139.22550860000774	80.0	100.0
139.22553630001494	80.0	100.0
139.2255488000228	80.0	100.0
139.22559110002476	80.0	100.0
139.22560460001114	80.0	100.0
139.22561690001749	80.0	100.0
139.22562920002383	80.0	100.0
139.24352040002123	80.0	100.0
139.26344830001472	80.0	100.0
139.28390370000852	80.0	100.0
139.43022010001005	80.0	100.0
139.430239600013	80.0	100.0
139.43024760001572	80.0	100.0
139.43025600002147	80.0	100.0
139.43026360002114	80.0	100.0
139.43027100001927	80.0	100.0
139.43027860001894	80.0	100.0
139.44451220001793	80.0	100.0
139.46378290001303	80.0	100.0
139.48405250001815	80.0	100.0
139.50385390000883	80.0	100.0
139.63524110001163	80.0	100.0
139.63528940000106	80.0	100.0
139.63531380001223	80.0	100.0
139.63533620000817	80.0	100.0
139.6353586000041	80.0	100.0
139.63538080002763	80.0	100.0
139.6433181000175	80.0	100.0
139.66377890002332	80.0	100.0
139.68433300001197	80.0	100.0
139.70414330001222	80.0	100.0
139.806349600025	80.0	100.0
139.80636880002567	80.0	100.0
139.80638290001662	80.0	100.0
139.8063941000146	80.0	100.0
139.80640220001806	80.0	100.0
139.82463060002192	80.0	100.0
139.8438620000088	80.0	100.0
140.01830240001436	80.0	100.0
140.01833810002427	80.0	100.0
140.01835550001124	80.0	100.0
140.01837180001894	80.0	100.0
140.0183882000274	80.0	100.0
140.018404500006	80.0	100.0
140.01842120001675	80.0	100.0
140.01843700002064	80.0	100.0
140.02558990000398	80.0	100.0
140.04542810001294	78.0	100.0
140.06488850002643	78.0	100.0
140.08498710001004	78.0	100.0
140.10538530000485	78.0	100.0
140.24975350001478	78.0	100.0
140.24978980000014	78.0	100.0
140.24980730001698	78.0	100.0
140.24982420000015	78.0	100.0
140.2498406000086	78.0	100.0
140.24985680001555	78.0	100.0
140.24987340002554	78.0	100.0
140.2644677000062	78.0	100.0
140.2847193000198	78.0	100.0
140.3048117000144	78.0	100.0
140.39483430000837	78.0	100.0
140.39486380000017	78.0	100.0
140.39487600000575	78.0	100.0
140.394887500006	78.0	100.0
140.4048997000209	78.0	100.0
140.4243986000074	78.0	100.0
140.45177790001617	78.0	100.0
140.46529450002708	78.0	100.0
140.4848097000213	78.0	100.0
140.5051150000072	78.0	100.0
140.52512250002474	78.0	100.0
140.54522730002645	78.0	100.0
140.56532050002716	78.0	100.0
140.6442283000215	78.0	100.0
140.6442500000121	78.0	100.0
140.64425810001558	78.0	100.0
140.64532720000716	78.0	100.0
140.66482980002183	78.0	100.0
140.68588310002815	78.0	100.0
140.70622990000993	78.0	100.0
140.72483510000166	78.0	100.0
140.74512100001448	78.0	100.0
140.7656162000203	78.0	100.0
140.78492610002286	78.0	100.0
140.80326110002352	78.0	100.0
140.82540210001753	78.0	100.0
140.84536950002075	78.0	100.0
140.86546080000699	78.0	100.0
140.88644650002243	78.0	100.0
140.9063258000242	78.0	100.0
140.92737210000632	78.0	100.0
140.9451627000235	78.0	100.0
140.96650550002232	78.0	100.0
140.98563600002672	78.0	100.0
141.00694660001318	78.0	100.0
141.02627800000482	78.0	100.0
141.0469767000177	79.0	100.0
141.0664852000191	79.0	100.0
141.08680640000966	79.0	100.0
141.10729420001735	79.0	100.0
141.12696260001394	79.0	100.0
141.14618310000515	79.0	100.0
141.16625040001236	79.0	100.0
141.1861536000215	79.0	100.0
141.20651360001648	79.0	100.0
141.22566460000235	79.0	100.0
141.24695810000412	79.0	100.0
141.26632930000778	79.0	100.0
141.28527670001495	79.0	100.0
141.30661030000192	79.0	100.0
141.32640220000758	79.0	100.0
141.34626840002602	79.0	100.0
141.36666860000696	79.0	100.0
141.3861146000272	79.0	100.0
141.40670270001283	79.0	100.0
141.42645790000097	79.0	100.0
141.44649520001258	79.0	100.0
141.46622500001104	79.0	100.0
141.48665590002201	79.0	100.0
141.50681080002687	79.0	100.0
141.52658380000503	79.0	100.0
141.54687670001294	79.0	100.0
141.56657410002663	79.0	100.0
141.5866286000237	79.0	100.0
141.60324480000418	79.0	100.0
141.6254507000267	79.0	100.0
141.64712740000687	79.0	100.0
141.6667723999999	79.0	100.0
141.68690410000272	79.0	100.0
141.7075029000116	79.0	100.0
141.7277620000241	79.0	100.0
141.7470552000159	79.0	100.0
141.76866470000823	79.0	100.0
141.78728280001087	79.0	100.0
141.80684180001845	79.0	100.0
141.82624450000003	79.0	100.0
141.84698910001316	79.0	100.0
141.86677600000985	79.0	100.0
141.88671790002263	79.0	100.0
141.90720660000807	79.0	100.0
141.9268754000077	79.0	100.0
141.94687250000425	79.0	100.0
141.96767490002094	79.0	100.0
141.98673290002625	79.0	100.0
142.00757900002645	79.0	100.0
142.02829580000252	79.0	100.0
142.04783650001627	81.0	100.0
142.06734480001614	81.0	100.0
142.08903200001805	81.0	100.0
142.10765400002128	81.0	100.0
142.12755150001612	81.0	100.0
142.14760320002097	81.0	100.0
142.16872180000064	81.0	100.0
142.18787840000005	81.0	100.0
142.20881510002073	81.0	100.0
142.2278220000153	81.0	100.0
142.248453600012	81.0	100.0
142.2682164000289	81.0	100.0
142.2886819000123	81.0	100.0
142.30869040000835	81.0	100.0
142.32920940002077	81.0	100.0
142.34808720002184	81.0	100.0
142.3685432000202	81.0	100.0
142.38815710000927	81.0	100.0
142.40900720001082	81.0	100.0
142.4287874000147	81.0	100.0
142.44890940000187	81.0	100.0
142.46858690000954	81.0	100.0
142.48858530001598	81.0	100.0
142.50856790001853	81.0	100.0
142.52803830002085	81.0	100.0
142.54737000001478	81.0	100.0
142.569144100009	81.0	100.0
142.5887069000164	81.0	100.0
142.60907340000267	81.0	100.0
142.628901100019	81.0	100.0
142.650532700005	81.0	100.0
142.6690008000005	81.0	100.0
142.68910270000924	81.0	100.0
142.7087316000252	81.0	100.0
142.72790720002376	81.0	100.0
142.7486986000149	81.0	100.0
142.76640570000745	81.0	100.0
142.78614110001945	81.0	100.0
142.80571070002043	81.0	100.0
142.823269000015	81.0	100.0
142.84354400000302	81.0	100.0
142.8634453000268	81.0	100.0
142.88427710000542	81.0	100.0
142.904697400023	81.0	100.0
142.92561450001085	81.0	100.0
142.94745260002674	81.0	100.0
142.96725710001192	81.0	100.0
142.98873470001854	81.0	100.0
143.0093667000183	81.0	100.0
143.02844110000296	81.0	100.0
143.04696900001727	79.0	100.0
143.06871780002257	79.0	100.0
143.09036360000027	79.0	100.0
143.10943290000432	79.0	100.0
143.1295150000078	79.0	100.0
143.14934960001847	79.0	100.0
143.1699977000244	79.0	100.0
143.18863640000927	79.0	100.0
143.20934190001572	79.0	100.0
143.22893910002313	79.0	100.0
143.2491141000064	79.0	100.0
143.2693139000039	79.0	100.0
143.28988210001262	79.0	100.0
143.30880520000937	79.0	100.0
143.3293819000246	79.0	100.0
143.3494109000021	79.0	100.0
143.36955300002592	79.0	100.0
143.38884460000554	79.0	100.0
143.41043480002554	79.0	100.0
143.42957770000794	79.0	100.0
143.4498384000035	79.0	100.0
143.46952710000915	79.0	100.0
143.4896354000084	79.0	100.0
143.50996790002682	79.0	100.0
143.5300769000023	79.0	100.0
143.54961820002063	79.0	100.0
143.5696631000028	79.0	100.0
143.5891447000031	79.0	100.0
143.60999010002706	79.0	100.0
143.62914230002207	79.0	100.0
143.64914840002893	79.0	100.0
143.668796700018	79.0	100.0
143.68927110001096	79.0	100.0
143.7095197000017	79.0	100.0
143.72931360002258	79.0	100.0
143.7492148000165	79.0	100.0
143.76941050001187	79.0	100.0
143.78922930001863	79.0	100.0
143.80881090002367	79.0	100.0
143.828201300028	79.0	100.0
143.85147940000752	79.0	100.0
143.86785990002682	79.0	100.0
143.8855418000021	79.0	100.0
143.90595620000386	79.0	100.0
143.92683990002843	79.0	100.0
143.94745160001912	79.0	100.0
143.96832760001416	79.0	100.0
143.98872620001202	79.0	100.0
144.01075590000255	79.0	100.0
144.0308332000277	79.0	100.0
144.05082870001206	78.0	100.0
144.06925520001096	78.0	100.0
144.09039440000197	78.0	100.0
144.11078360001557	78.0	100.0
144.13057570002275	78.0	100.0
144.14951580000343	78.0	100.0
144.17053210001905	78.0	100.0
144.19046700000763	78.0	100.0
144.2114418000274	78.0	100.0
144.23044670000672	78.0	100.0
144.25092850002693	78.0	100.0
144.270517500001	78.0	100.0
144.29087300001993	78.0	100.0
144.31075190001866	78.0	100.0
144.3310657000111	78.0	100.0
144.35063540001283	78.0	100.0
144.37067940001725	78.0	100.0
144.39064020002843	78.0	100.0
144.4109914000146	78.0	100.0
144.43109380002716	78.0	100.0
144.45050130001619	78.0	100.0
144.4703132000286	78.0	100.0
144.49095090001356	78.0	100.0
144.5115353000001	78.0	100.0
144.53126660000999	78.0	100.0
144.55114430002868	78.0	100.0
144.57150700001512	78.0	100.0
144.5912585000042	78.0	100.0
144.61160200001905	78.0	100.0
144.6311145000218	78.0	100.0
144.65156720002415	78.0	100.0
144.67101690001437	78.0	100.0
144.6909501000191	78.0	100.0
144.71179640002083	78.0	100.0
144.73152120001032	78.0	100.0
144.75114010000834	78.0	100.0
144.7715954000014	78.0	100.0
144.79075160002685	78.0	100.0
144.811721200007	78.0	100.0
144.8310582000122	78.0	100.0
144.85162480000872	78.0	100.0
144.8711641000118	78.0	100.0
144.8908038000227	78.0	100.0
144.91147580000688	78.0	100.0
144.93161150001106	78.0	100.0
144.9524065000005	78.0	100.0
144.9716946000117	78.0	100.0
144.9914623000077	78.0	100.0
145.01179620000767	78.0	100.0
145.03223970002728	78.0	100.0
145.05214750001323	78.0	100.0
145.07196610001847	78.0	100.0
145.09396440000273	78.0	100.0
145.1125030000112	78.0	100.0
145.1323398000095	78.0	100.0
145.15148690002388	78.0	100.0
145.1725366000028	78.0	100.0
145.1916976000066	78.0	100.0
145.21233160002157	78.0	100.0
145.2316850000061	78.0	100.0
145.2517966000014	78.0	100.0
145.27337890001945	78.0	100.0
145.29162760000327	78.0	100.0
145.31175550000626	78.0	100.0
145.3320525000163	78.0	100.0
145.35214400000405	78.0	100.0
145.37349170001107	78.0	100.0
145.3924449000042	78.0	100.0
145.41345780002302	78.0	100.0
145.43218850000994	78.0	100.0
145.45209870001418	78.0	100.0
145.47183670001687	78.0	100.0
145.49327460001223	78.0	100.0
145.5130784000212	78.0	100.0
145.5319072000275	78.0	100.0
145.55178480001632	78.0	100.0
145.57331770000746	78.0	100.0
145.59268340002745	78.0	100.0
145.61291030002758	78.0	100.0
145.6329716000182	78.0	100.0
145.6527981000254	78.0	100.0
145.67203710001195	78.0	100.0
145.69294300000183	78.0	100.0
145.71312420000322	78.0	100.0
145.7326811000239	78.0	100.0
145.75285940000322	78.0	100.0
145.77285580002354	78.0	100.0
145.79318230002536	78.0	100.0
145.81313320001937	78.0	100.0
145.8330439000274	78.0	100.0
145.8533102000074	78.0	100.0
145.87279070002842	78.0	100.0
145.8923986000009	78.0	100.0
145.9125257000269	78.0	100.0
145.93266640001093	78.0	100.0
145.9533312000276	78.0	100.0
145.97325790001196	78.0	100.0
145.99319250002736	78.0	100.0
146.01336850001826	78.0	100.0
146.0332634000224	78.0	100.0
146.05343510000966	76.0	100.0
146.0731538000109	76.0	100.0
146.0930954000214	76.0	100.0
146.11333000002196	76.0	100.0
146.13331090001157	76.0	100.0
146.15319890002138	76.0	100.0
146.17343140000594	76.0	100.0
146.19289150001714	76.0	100.0
146.21403930001543	76.0	100.0
146.23321500001475	76.0	100.0
146.25294880001456	76.0	100.0
146.2728771000111	76.0	100.0
146.2936440000194	76.0	100.0
146.31297720002476	76.0	100.0
146.33284040002036	76.0	100.0
146.3542341000284	76.0	100.0
146.37467910000123	76.0	100.0
146.39364180000848	76.0	100.0
146.413789800019	76.0	100.0
146.4333260000276	76.0	100.0
146.45365140002104	76.0	100.0
146.47374520002631	76.0	100.0
146.49301550001837	76.0	100.0
146.51317300001392	76.0	100.0
146.53332170000067	76.0	100.0
146.5532821000088	76.0	100.0
146.57275810002466	76.0	100.0
146.5931741000095	76.0	100.0
146.61345800000709	76.0	100.0
146.63305810000747	76.0	100.0
146.65353430001414	76.0	100.0
146.67424630001187	76.0	100.0
146.69447440002114	76.0	100.0
146.71446300001116	76.0	100.0
146.7339572000201	76.0	100.0
146.75361020001583	76.0	100.0
146.77486580002005	76.0	100.0
146.79370670000208	76.0	100.0
146.8141675000079	76.0	100.0
146.83350040001096	76.0	100.0
146.85337730002357	76.0	100.0
146.87335620002705	76.0	100.0
146.89338880000287	76.0	100.0
146.9131339000014	76.0	100.0
146.93396150000626	76.0	100.0
146.95380320001277	76.0	100.0
146.9738795000012	76.0	100.0
146.99471690002247	76.0	100.0
147.01520930000697	76.0	100.0
147.034638800018	76.0	100.0
147.0548932000238	76.0	100.0
147.07462220001617	76.0	100.0
147.09492140001385	76.0	100.0
147.11494030000176	76.0	100.0
147.13519400000223	76.0	100.0
147.1548803000187	76.0	100.0
147.17496010000468	76.0	100.0
147.19567610000377	76.0	100.0
147.21535540002515	76.0	100.0
147.23341580000124	76.0	100.0
147.2553466000245	76.0	100.0
147.274693400017	76.0	100.0
147.29524410000886	76.0	100.0
147.31524490000447	76.0	100.0
147.33425030001672	76.0	100.0
147.3542067000235	76.0	100.0
147.3740619000164	76.0	100.0
147.39342270002817	76.0	100.0
147.41408640000736	76.0	100.0
147.4336163000262	76.0	100.0
147.45413960001315	76.0	100.0
147.4733450000058	76.0	100.0
147.49434030000702	76.0	100.0
147.51343950000592	76.0	100.0
147.53326460000244	76.0	100.0
147.55375750001986	76.0	100.0
147.57363680002163	76.0	100.0
147.59334970000782	76.0	100.0
147.61333190000732	76.0	100.0
147.63289130001795	76.0	100.0
147.65329320001183	76.0	100.0
147.6736240000173	76.0	100.0
147.6940178000077	76.0	100.0
147.71417930000462	76.0	100.0
147.73328230000334	76.0	100.0
147.7534250000026	76.0	100.0
147.77328160000616	76.0	100.0
147.79333780001616	76.0	100.0
147.81305660001817	76.0	100.0
147.8334426000074	76.0	100.0
147.85404510001536	76.0	100.0
147.87334420002298	76.0	100.0
147.89335390002816	76.0	100.0
147.91427730000578	76.0	100.0
147.93407960000332	76.0	100.0
147.9532665000006	76.0	100.0
147.977243500005	76.0	100.0
147.9935303000093	76.0	100.0
148.01415790000465	76.0	100.0
148.03495090000797	76.0	100.0
148.05491760000587	77.0	100.0
148.07459670002572	77.0	100.0
148.09584760002326	77.0	100.0
148.1149591000285	77.0	100.0
148.1348720000242	77.0	100.0
148.1536816000007	77.0	100.0
148.18068140000105	77.0	100.0
148.19472020000103	77.0	100.0
148.21467230000417	77.0	100.0
148.23416010002256	77.0	100.0
148.2545430000173	77.0	100.0
148.27443610000773	77.0	100.0
148.29417870001635	77.0	100.0
148.31586030000472	77.0	100.0
148.33486500001163	77.0	100.0
148.35411010001553	77.0	100.0
148.37424590002047	77.0	100.0
148.3943054000265	77.0	100.0
148.4154327000142	77.0	100.0
148.4345350000076	77.0	100.0
148.45464080001693	77.0	100.0
148.47454930000822	77.0	100.0
148.49434510001447	77.0	100.0
148.51561370000127	77.0	100.0
148.53497240002616	77.0	100.0
148.5547447000281	77.0	100.0
148.57501310002408	77.0	100.0
148.59451030002674	77.0	100.0
148.61502780002775	77.0	100.0
148.63500920002116	77.0	100.0
148.65496810001787	77.0	100.0
148.67171750002308	77.0	100.0
148.69272740001907	77.0	100.0
148.7126790000184	77.0	100.0
148.7326203000266	77.0	100.0
148.75302020000527	77.0	100.0
148.77561530002276	77.0	100.0
148.7947788000165	77.0	100.0
148.81599810000625	77.0	100.0
148.8358622000087	77.0	100.0
148.85544270000537	77.0	100.0
148.87424820000888	77.0	100.0
148.89549120000447	77.0	100.0
148.91547300000093	77.0	100.0
148.9358636000252	77.0	100.0
148.955729600013	77.0	100.0
148.97611120002693	77.0	100.0
148.9957843000011	77.0	100.0
149.01643650000915	77.0	100.0
149.03602000002866	77.0	100.0
149.0562727000215	77.0	100.0
149.07568000000902	77.0	100.0
149.09574960000464	77.0	100.0
149.11800140002742	77.0	100.0
149.13626150001073	77.0	100.0
149.15571820002515	77.0	100.0
149.1765080000041	77.0	100.0
149.19581050000852	77.0	100.0
149.21668370001134	77.0	100.0
149.23546720002196	77.0	100.0
149.25580770001397	77.0	100.0
149.27580210001906	77.0	100.0
149.29646730000968	77.0	100.0
149.31621370001812	77.0	100.0
149.3368648000178	77.0	100.0
149.35570530002587	77.0	100.0
149.37551350001013	77.0	100.0
149.39527930002077	77.0	100.0
149.4158092000289	77.0	100.0
149.4356597000151	77.0	100.0
149.455569200014	77.0	100.0
149.47568660002435	77.0	100.0
149.49574260000372	77.0	100.0
149.51592470001196	77.0	100.0
149.53584050000063	77.0	100.0
149.55550290000974	77.0	100.0
149.57590350002283	77.0	100.0
149.595461000019	77.0	100.0
149.61564710002858	77.0	100.0
149.6356520000263	77.0	100.0
149.6557864000206	77.0	100.0
149.67554540000856	77.0	100.0
149.6948890000058	77.0	100.0
149.71542050002608	77.0	100.0
149.73548820000724	77.0	100.0
149.75500750000356	77.0	100.0
149.77644250000594	77.0	100.0
149.79554480002844	77.0	100.0
149.81683720002184	77.0	100.0
149.83648120000726	77.0	100.0
149.85601100002532	77.0	100.0
149.8758740000194	77.0	100.0
149.89633520002826	77.0	100.0
149.91676640001242	77.0	100.0
149.93577490001917	77.0	100.0
149.95595040000626	77.0	100.0
149.97533550002845	77.0	100.0
149.99562760000117	77.0	100.0
150.01653710001847	77.0	100.0
150.0370556000271	77.0	100.0
150.05688250000821	78.0	100.0
150.07792770001106	78.0	100.0
150.09598320000805	78.0	100.0
150.11781290001818	78.0	100.0
150.13671340001747	78.0	100.0
150.15596370000276	78.0	100.0
150.17612940000254	78.0	100.0
150.19605950001278	78.0	100.0
150.2168419000227	78.0	100.0
150.23671350002405	78.0	100.0
150.25712570000906	78.0	100.0
150.2768610000203	78.0	100.0
150.296793800022	78.0	100.0
150.3168632000161	78.0	100.0
150.33652270000312	78.0	100.0
150.35643500002334	78.0	100.0
150.3765542000183	78.0	100.0
150.39646510002785	78.0	100.0
150.41673560001072	78.0	100.0
150.43638970001484	78.0	100.0
150.45663330002571	78.0	100.0
150.47669200002565	78.0	100.0
150.4957393000077	78.0	100.0
150.51678140001604	78.0	100.0
150.53670530000818	78.0	100.0
150.5567185000109	78.0	100.0
150.57706900002086	78.0	100.0
150.59657020002487	78.0	100.0
150.61703940000734	78.0	100.0
150.63662810000824	78.0	100.0
150.6566096000024	78.0	100.0
150.79693120002048	78.0	100.0
150.79697060000035	78.0	100.0
150.79697880000458	78.0	100.0
150.79698720001034	78.0	100.0
150.79699490001076	78.0	100.0
150.79700220000814	78.0	100.0
150.797830000025	78.0	100.0
150.8180251000158	78.0	100.0
150.8373385000159	78.0	100.0
150.85764470000868	78.0	100.0
150.87730780002312	78.0	100.0
150.89702220002073	78.0	100.0
150.9170327000029	78.0	100.0
150.93697810001322	78.0	100.0
150.95738420000998	78.0	100.0
150.97768440001528	78.0	100.0
150.99730740001542	78.0	100.0
151.01788350002607	78.0	100.0
151.03833250000025	78.0	100.0
151.05772450001677	80.0	100.0
151.07765070002642	80.0	100.0
151.0997258000134	80.0	100.0
151.11765560001368	80.0	100.0
151.1394579000189	80.0	100.0
151.1575744000147	80.0	100.0
151.1780446000048	80.0	100.0
151.19755390001228	80.0	100.0
151.21915970000555	80.0	100.0
151.23712690002867	80.0	100.0
151.25700390001293	80.0	100.0
151.2768338000169	80.0	100.0
151.29880880002747	80.0	100.0
151.31832590000704	80.0	100.0
151.3412908000173	80.0	100.0
151.3570731000218	80.0	100.0
151.37742180001806	80.0	100.0
151.39748750001309	80.0	100.0
151.419621500012	80.0	100.0
151.43846520001534	80.0	100.0
151.45723890000954	80.0	100.0
151.47720140000456	80.0	100.0
151.49786180001684	80.0	100.0
151.51822350002476	80.0	100.0
151.53757620000397	80.0	100.0
151.55732230001013	80.0	100.0
151.57806280002114	80.0	100.0
151.59801960000186	80.0	100.0
151.61822970001958	80.0	100.0
151.63837700002478	80.0	100.0
151.65815600001952	80.0	100.0
151.67743370000971	80.0	100.0
151.69847400000435	80.0	100.0
151.71800500000245	80.0	100.0
151.73805530002574	80.0	100.0
151.7581447000266	80.0	100.0
151.77755470000557	80.0	100.0
151.79766750001	80.0	100.0
151.81854700000258	80.0	100.0
151.83815290001803	80.0	100.0
151.8580829000275	80.0	100.0
151.87726330000442	80.0	100.0
151.89820740002324	80.0	100.0
151.91931840000325	80.0	100.0
151.93831920000957	80.0	100.0
151.95856350002578	80.0	100.0
151.9786199000082	80.0	100.0
151.99910720001208	80.0	100.0
152.01885089999996	80.0	100.0
152.03882750001503	80.0	100.0
152.05931140002212	81.0	100.0
152.0784947000211	81.0	100.0
152.09888760000467	81.0	100.0
152.1193202000286	81.0	100.0
152.13892730002408	81.0	100.0
152.15808860000107	81.0	100.0
152.1849730000249	81.0	100.0
152.19868850000785	81.0	100.0
152.22303370002192	81.0	100.0
152.23895620001713	81.0	100.0
152.25911610000185	81.0	100.0
152.27862410002854	81.0	100.0
152.29969840002013	81.0	100.0
152.31980780002777	81.0	100.0
152.33899250000832	81.0	100.0
152.3590767000278	81.0	100.0
152.37908310000785	81.0	100.0
152.39871660000063	81.0	100.0
152.41975750002894	81.0	100.0
152.43894390002242	81.0	100.0
152.459307800018	81.0	100.0
152.47910490000504	81.0	100.0
152.49947210002574	81.0	100.0
152.51964040001621	81.0	100.0
152.53955110002425	81.0	100.0
152.55891520000296	81.0	100.0
152.57943200002774	81.0	100.0
152.5997532000183	81.0	100.0
152.62026640001568	81.0	100.0
152.63954190001823	81.0	100.0
152.65989070001524	81.0	100.0
152.6792073000106	81.0	100.0
152.6989608000149	81.0	100.0
152.71964320002007	81.0	100.0
152.7395658000023	81.0	100.0
152.75857040000847	81.0	100.0
152.78058520000195	81.0	100.0
152.79952740002773	81.0	100.0
152.82008220002172	81.0	100.0
152.83957540002302	81.0	100.0
152.85977540002204	81.0	100.0
152.8795546000183	81.0	100.0
152.9005997000204	81.0	100.0
152.92059630001313	81.0	100.0
152.94020740000997	81.0	100.0
152.9602123000077	81.0	100.0
152.9803614000266	81.0	100.0
152.9997754000069	81.0	100.0
153.02058540002326	81.0	100.0
153.03797410000698	81.0	100.0
153.05986010000925	79.0	100.0
153.08055660000537	79.0	100.0
153.10054490002221	79.0	100.0
153.1205000000191	79.0	100.0
153.1409166000085	79.0	100.0
153.16018610002357	79.0	100.0
153.18211350002093	79.0	100.0
153.20085630001267	79.0	100.0
153.22097340002074	79.0	100.0
153.2401883000275	79.0	100.0
153.2606704000209	79.0	100.0
153.28004580002744	79.0	100.0
153.3008118000289	79.0	100.0
153.3207280000206	79.0	100.0
153.34044020000147	79.0	100.0
153.3598148000019	79.0	100.0
153.38045020002755	79.0	100.0
153.4002108000277	79.0	100.0
153.4205260000017	79.0	100.0
153.43996990000596	79.0	100.0
153.4603885000106	79.0	100.0
153.48031490002177	79.0	100.0
153.50037190000876	79.0	100.0
153.5202800000261	79.0	100.0
153.5407807000156	79.0	100.0
153.5607409000222	79.0	100.0
153.5806432000245	79.0	100.0
153.59996240001055	79.0	100.0
153.6207191000285	79.0	100.0
153.64025960001163	79.0	100.0
153.66051490002428	79.0	100.0
153.68038410000736	79.0	100.0
153.70054430002347	79.0	100.0
153.7228200000245	79.0	100.0
153.74134440001217	79.0	100.0
153.76139220001642	79.0	100.0
153.78099500000826	79.0	100.0
153.8005088000209	79.0	100.0
153.8211316000088	79.0	100.0
153.8418706000084	79.0	100.0
153.86127700001816	79.0	100.0
153.8808708000288	79.0	100.0
153.9011999000213	79.0	100.0
153.92128940002294	79.0	100.0
153.94121980000637	79.0	100.0
153.96071980000124	79.0	100.0
153.980779000005	79.0	100.0
154.00055640001665	79.0	100.0
154.02085840000655	79.0	100.0
154.04144970001653	79.0	100.0
154.06168260000413	80.0	100.0
154.0813860000053	80.0	100.0
154.10292820000905	80.0	100.0
154.12097740001627	80.0	100.0
154.1409262000234	80.0	100.0
154.1614292000013	80.0	100.0
154.1812458000204	80.0	100.0
154.20122240000637	80.0	100.0
154.2228187000146	80.0	100.0
154.24160300000221	80.0	100.0
154.26127640000777	80.0	100.0
154.28135730000213	80.0	100.0
154.30132830000366	80.0	100.0
154.32135860002018	80.0	100.0
154.3413053000113	80.0	100.0
154.36156660001143	80.0	100.0
154.38125930001843	80.0	100.0
154.4006990000198	80.0	100.0
154.42108130000997	80.0	100.0
154.44096920001903	80.0	100.0
154.4613106000179	80.0	100.0
154.48095320002176	80.0	100.0
154.50134120002622	80.0	100.0
154.52141960000154	80.0	100.0
154.54132890002802	80.0	100.0
154.5612053000077	80.0	100.0
154.5816284000175	80.0	100.0
154.60151480001514	80.0	100.0
154.6218914000201	80.0	100.0
154.64101240001037	80.0	100.0
154.66170020002755	80.0	100.0
154.6812608000182	80.0	100.0
154.70212980001816	80.0	100.0
154.7212276000064	80.0	100.0
154.74155640002573	80.0	100.0
154.76130250000278	80.0	100.0
154.78138110000873	80.0	100.0
154.80178470001556	80.0	100.0
154.82244640000863	80.0	100.0
154.8413977000164	80.0	100.0
154.86202190001495	80.0	100.0
154.88226950002718	80.0	100.0
154.9021621000138	80.0	100.0
154.92226890000165	80.0	100.0
154.94160580000607	80.0	100.0
154.96214100002544	80.0	100.0
154.98860940002487	80.0	100.0
155.002086100023	80.0	100.0
155.0269474000088	80.0	100.0
155.04229800001485	80.0	100.0
155.06274590000976	79.0	100.0
155.08249680002336	79.0	100.0
155.1026375000074	79.0	100.0
155.12292740002158	79.0	100.0
155.14231200001086	79.0	100.0
155.1624082000053	79.0	100.0
155.18533180002123	79.0	100.0
155.20280880000792	79.0	100.0
155.22300690002157	79.0	100.0
155.24278350002714	79.0	100.0
155.26303380000172	79.0	100.0
155.28299440001138	79.0	100.0
155.30269630000112	79.0	100.0
155.3228449000162	79.0	100.0
155.3432866000221	79.0	100.0
155.36318570000003	79.0	100.0
155.38270690001082	79.0	100.0
155.40281830000458	79.0	100.0
155.42373490001773	79.0	100.0
155.4429115000239	79.0	100.0
155.4633020000183	79.0	100.0
155.48310470001888	79.0	100.0
155.50348210000084	79.0	100.0
155.52360990000307	79.0	100.0
155.54453060001833	79.0	100.0
155.56327190002776	79.0	100.0
155.58363660000032	79.0	100.0
155.60398230000283	79.0	100.0
155.62397420001798	79.0	100.0
155.64358580001863	79.0	100.0
155.6637218000251	79.0	100.0
155.6842217000085	79.0	100.0
155.70390700001735	79.0	100.0
155.72114590002457	79.0	100.0
155.74368200000026	79.0	100.0
155.76374030002626	79.0	100.0
155.78440120001324	79.0	100.0
155.8041051000182	79.0	100.0
155.82250330000534	79.0	100.0
155.8428297000064	79.0	100.0
155.8635149000038	79.0	100.0
155.88352340002893	79.0	100.0
155.90383420002763	79.0	100.0
155.92376470001182	79.0	100.0
155.94360560001223	79.0	100.0
155.96377630002098	79.0	100.0
155.98395190000883	79.0	100.0
156.00422330002766	79.0	100.0
156.02519260000554	79.0	100.0
156.04379030002747	79.0	100.0
156.06441450002603	79.0	100.0
156.08347150002373	79.0	100.0
156.10208240000065	79.0	100.0
156.12480580000556	79.0	100.0
156.14407910002046	79.0	100.0
156.16428920000908	79.0	100.0
156.1847482000012	79.0	100.0
156.2046748000139	79.0	100.0
156.224426700006	79.0	100.0
156.2442837000126	79.0	100.0
156.26452510000672	79.0	100.0
156.28394350002054	79.0	100.0
156.30460740000126	79.0	100.0
156.32532280002488	79.0	100.0
156.3448874000169	79.0	100.0
156.3644111000176	79.0	100.0
156.3847778000054	79.0	100.0
156.40473030001158	79.0	100.0
156.4243352000194	79.0	100.0
156.44391440000618	79.0	100.0
156.46436780001386	79.0	100.0
156.48410820000572	79.0	100.0
156.5046139000042	79.0	100.0
156.52458070000284	79.0	100.0
156.5442854000139	79.0	100.0
156.56453970001894	79.0	100.0
156.5833655000024	79.0	100.0
156.60453040001448	79.0	100.0
156.62475180000183	79.0	100.0
156.64490970000043	79.0	100.0
156.66523060001782	79.0	100.0
156.68487350002397	79.0	100.0
156.70521070001996	79.0	100.0
156.72453080001287	79.0	100.0
156.74453840000206	79.0	100.0
156.76431670002057	79.0	100.0
156.78453620002256	79.0	100.0
156.80464280000888	79.0	100.0
156.82542420001118	79.0	100.0
156.84439520002343	79.0	100.0
156.8654116000107	79.0	100.0
156.88766220002435	79.0	100.0
156.90519430002314	79.0	100.0
156.92549010002404	79.0	100.0
156.9454147000215	79.0	100.0
156.96467370001483	79.0	100.0
156.98487080002087	79.0	100.0
157.00454830002855	79.0	100.0
157.02521360001992	79.0	100.0
157.04522680002265	79.0	100.0
157.06544420000864	77.0	100.0
157.08529960000305	77.0	100.0
157.10789220000152	77.0	100.0
157.12487130000954	77.0	100.0
157.14503470002091	77.0	100.0
157.16499100002693	77.0	100.0
157.18473460001405	77.0	100.0
157.2048854000168	77.0	100.0
157.22544240002753	77.0	100.0
157.2447049000184	77.0	100.0
157.26482360000955	77.0	100.0
157.28490080000483	77.0	100.0
157.3050091000041	77.0	100.0
157.32603120000567	77.0	100.0
157.3451148000022	77.0	100.0
157.36488090001512	77.0	100.0
157.38534500001697	77.0	100.0
157.40532130000065	77.0	100.0
157.42618470001617	77.0	100.0
157.4453547000012	77.0	100.0
157.4662277000025	77.0	100.0
157.4853618000052	77.0	100.0
157.50575920002302	77.0	100.0
157.52570530000958	77.0	100.0
157.54637240001466	77.0	100.0
157.56565280002542	77.0	100.0
157.58533100000932	77.0	100.0
157.60645910000312	77.0	100.0
157.63309470002423	77.0	100.0
157.64559520001058	77.0	100.0
157.66556230001152	77.0	100.0
157.68537450002623	77.0	100.0
157.7056246000284	77.0	100.0
157.7256479000207	77.0	100.0
157.7457460000005	77.0	100.0
157.76568300000508	77.0	100.0
157.7851071000041	77.0	100.0
157.80545240000356	77.0	100.0
157.82634020000114	77.0	100.0
157.8453394000244	77.0	100.0
157.86529790001805	77.0	100.0
157.8852960000222	77.0	100.0
157.9059248000267	77.0	100.0
157.92596370002138	77.0	100.0
157.94528400001582	77.0	100.0
157.96588440000778	77.0	100.0
157.9865739000088	77.0	100.0
158.00660720001906	77.0	100.0
158.02689570002258	77.0	100.0
158.0472028000222	77.0	100.0
158.0671876000124	79.0	100.0
158.0865339000011	79.0	100.0
158.10689110000385	79.0	100.0
158.1264587000187	79.0	100.0
158.14615460002096	79.0	100.0
158.1658200000238	79.0	100.0
158.18680590001168	79.0	100.0
158.20654780001496	79.0	100.0
158.22708740000962	79.0	100.0
158.24664970001322	79.0	100.0
158.26660850000917	79.0	100.0
158.28616510002757	79.0	100.0
158.30673420001403	79.0	100.0
158.32668010002817	79.0	100.0
158.34658340000897	79.0	100.0
158.36643750002258	79.0	100.0
158.38672820001375	79.0	100.0
158.40599710002425	79.0	100.0
158.42730290000327	79.0	100.0
158.44613520000712	79.0	100.0
158.4662005000282	79.0	100.0
158.48618100001477	79.0	100.0
158.50683810000191	79.0	100.0
158.52634140002192	79.0	100.0
158.54596460002358	79.0	100.0
158.56657380002434	79.0	100.0
158.58676950001973	79.0	100.0
158.60651440001675	79.0	100.0
158.62766450000345	79.0	100.0
158.6453954000026	79.0	100.0
158.6665227000194	79.0	100.0
158.68665230000624	79.0	100.0
158.7064553000091	79.0	100.0
158.7272864000115	79.0	100.0
158.74642560002394	79.0	100.0
158.76668180001434	79.0	100.0
158.78728340001544	79.0	100.0
158.80676100001438	79.0	100.0
158.8275196000177	79.0	100.0
158.84702939999988	79.0	100.0
158.86730170002556	79.0	100.0
158.88676800002577	79.0	100.0
158.9088624000142	79.0	100.0
158.92799500000547	79.0	100.0
158.94759740002337	79.0	100.0
158.9674727000238	79.0	100.0
158.98735490001854	79.0	100.0
159.00708890001988	79.0	100.0
159.02782750001643	79.0	100.0
159.04801930001122	79.0	100.0
159.06775120002567	78.0	100.0
159.08705200001714	78.0	100.0
159.10739180000382	78.0	100.0
159.1268041000003	78.0	100.0
159.14735670000664	78.0	100.0
159.16696770000271	78.0	100.0
159.18843540002126	78.0	100.0
159.2077422000002	78.0	100.0
159.22875190002378	78.0	100.0
159.24773620002088	78.0	100.0
159.26938780001365	78.0	100.0
159.287719200016	78.0	100.0
159.30768030000036	78.0	100.0
159.3285778000136	78.0	100.0
159.34763770000427	78.0	100.0
159.36811390001094	78.0	100.0
159.38771340000676	78.0	100.0
159.4079392000276	78.0	100.0
159.42786950001027	78.0	100.0
159.4478237000003	78.0	100.0
159.46821220000857	78.0	100.0
159.48813630000222	78.0	100.0
159.50870190002024	78.0	100.0
159.52853100001812	78.0	100.0
159.54838240001118	78.0	100.0
159.56796180002857	78.0	100.0
159.58858310000505	78.0	100.0
159.60813690000214	78.0	100.0
159.62976640000124	78.0	100.0
159.64781560000847	78.0	100.0
159.66621880000457	78.0	100.0
159.68429290002678	78.0	100.0
159.70403620001161	78.0	100.0
159.7243157000048	78.0	100.0
159.7440969000163	78.0	100.0
159.76448910002364	78.0	100.0
159.78513020000537	78.0	100.0
159.8063397000078	78.0	100.0
159.82735460001277	78.0	100.0
159.84767400001874	78.0	100.0
159.8678840000066	78.0	100.0
159.88797630000045	78.0	100.0
159.9077452000056	78.0	100.0
159.9285760000057	78.0	100.0
159.94806620001327	78.0	100.0
159.96794370000134	78.0	100.0
159.98922760001733	78.0	100.0
160.0080213000183	78.0	100.0
160.02852090002852	78.0	100.0
160.04897990002064	78.0	100.0
160.06900900002802	76.0	100.0
160.088897300011	76.0	100.0
160.10955700001796	76.0	100.0
160.12840440002037	76.0	100.0
160.1486696000211	76.0	100.0
160.1684774000023	76.0	100.0
160.1884203000227	76.0	100.0
160.20835320002516	76.0	100.0
160.22906890002196	76.0	100.0
160.2484104000032	76.0	100.0
160.26862580000306	76.0	100.0
160.28850240001339	76.0	100.0
160.3089857000159	76.0	100.0
160.32873850001488	76.0	100.0
160.34867530001793	76.0	100.0
160.36839460002375	76.0	100.0
160.3886341000034	76.0	100.0
160.40859420000925	76.0	100.0
160.42979790002573	76.0	100.0
160.44843620000756	76.0	100.0
160.46923010001774	76.0	100.0
160.48866280002403	76.0	100.0
160.50889260001713	76.0	100.0
160.52866930002347	76.0	100.0
160.54885640001157	76.0	100.0
160.56868190001114	76.0	100.0
160.58879550002166	76.0	100.0
160.60920670002815	76.0	100.0
160.62918710001395	76.0	100.0
160.64902680000523	76.0	100.0
160.6690815000038	76.0	100.0
160.68877350000548	76.0	100.0
160.70935500002815	76.0	100.0
160.7292429000081	76.0	100.0
160.74941290001152	76.0	100.0
160.76949210002203	76.0	100.0
160.78946450000512	76.0	100.0
160.80927870000596	76.0	100.0
160.82955770002445	76.0	100.0
160.84924360000878	76.0	100.0
160.86928460001945	76.0	100.0
160.88913510000566	76.0	100.0
160.90928370002075	76.0	100.0
160.92992610001238	76.0	100.0
160.9493445000262	76.0	100.0
160.96909010002855	76.0	100.0
160.98864290001802	76.0	100.0
161.01026020001154	76.0	100.0
161.02932800000417	76.0	100.0
161.0495924000279	76.0	100.0
161.06994520002627	77.0	100.0
161.08976670002448	77.0	100.0
161.1098027000262	77.0	100.0
161.12986830002046	77.0	100.0
161.1495635000174	77.0	100.0
161.16936860000715	77.0	100.0
161.18983000001754	77.0	100.0
161.2093968000263	77.0	100.0
161.23017940000864	77.0	100.0
161.24992000000202	77.0	100.0
161.2697253000224	77.0	100.0
161.2894384000101	77.0	100.0
161.30953960001352	77.0	100.0
161.33035140001448	77.0	100.0
161.34997410001233	77.0	100.0
161.36970820001443	77.0	100.0
161.3897337000235	77.0	100.0
161.4096660000214	77.0	100.0
161.43094090002705	77.0	100.0
161.44975750002777	77.0	100.0
161.4701911000011	77.0	100.0
161.49010690001887	77.0	100.0
161.51025430002483	77.0	100.0
161.52941940000164	77.0	100.0
161.54960670002038	77.0	100.0
161.56892720001633	77.0	100.0
161.58921260002535	77.0	100.0
161.609087800025	77.0	100.0
161.6301657000149	77.0	100.0
161.649327000021	77.0	100.0
161.66947060002713	77.0	100.0
161.68929860001663	77.0	100.0
161.70943830002216	77.0	100.0
161.73028950000298	77.0	100.0
161.7493229000247	77.0	100.0
161.76918420000584	77.0	100.0
161.7900255000277	77.0	100.0
161.8099614000239	77.0	100.0
161.8309570000274	77.0	100.0
161.850666000013	77.0	100.0
161.87061680000625	77.0	100.0
161.8903619000048	77.0	100.0
161.9103568000137	77.0	100.0
161.93004860001383	77.0	100.0
161.94936190001317	77.0	100.0
161.97071800002595	77.0	100.0
161.99092750001	77.0	100.0
162.0106937000237	77.0	100.0
162.03129410001566	77.0	100.0
162.052204800013	77.0	100.0
162.07069730001967	79.0	100.0
162.0909638000012	79.0	100.0
162.11082710002665	79.0	100.0
162.12956640002085	79.0	100.0
162.15082300000358	79.0	100.0
162.16937740001595	79.0	100.0
162.1902746000269	79.0	100.0
162.21027400001185	79.0	100.0
162.2329357000126	79.0	100.0
162.25050520000514	79.0	100.0
162.27246940002078	79.0	100.0
162.2899422000046	79.0	100.0
162.31059330000426	79.0	100.0
162.3309405000182	79.0	100.0
162.35068650002358	79.0	100.0
162.37054850001005	79.0	100.0
162.39042360000894	79.0	100.0
162.41063820000272	79.0	100.0
162.43115270001	79.0	100.0
162.45094020001125	79.0	100.0
162.47087060002377	79.0	100.0
162.49010000002454	79.0	100.0
162.51056050002808	79.0	100.0
162.53091300002416	79.0	100.0
162.55092340000556	79.0	100.0
162.5708926000225	79.0	100.0
162.5912554000097	79.0	100.0
162.6108466000005	79.0	100.0
162.63149580001482	79.0	100.0
162.65075250001973	79.0	100.0
162.6707832000102	79.0	100.0
162.69060930001433	79.0	100.0
162.71075230001588	79.0	100.0
162.73295940001844	79.0	100.0
162.7513278000115	79.0	100.0
162.77062830000068	79.0	100.0
162.79085430002306	79.0	100.0
162.81129310000688	79.0	100.0
162.83133850002196	79.0	100.0
162.85059970000293	79.0	100.0
162.8712172000087	79.0	100.0
162.89090020000003	79.0	100.0
162.91114710000693	79.0	100.0
162.93121120001888	79.0	100.0
162.9508821000054	79.0	100.0
162.97153060001438	79.0	100.0
162.99137700002757	79.0	100.0
163.01091260000248	79.0	100.0
163.031690600008	79.0	100.0
163.05281660001492	79.0	100.0
163.07235480000963	79.0	100.0
163.0925009000057	79.0	100.0
163.11364000002504	79.0	100.0
163.13241270001163	79.0	100.0
163.1525060000131	79.0	100.0
163.17221830002381	79.0	100.0
163.19190990002244	79.0	100.0
163.21242540000821	79.0	100.0
163.2324576000101	79.0	100.0
163.25114420001046	79.0	100.0
163.27179750002688	79.0	100.0
163.29210750001948	79.0	100.0
163.31174690002808	79.0	100.0
163.33202880001045	79.0	100.0
163.34962600001018	79.0	100.0
163.372723700013	79.0	100.0
163.39215140001033	79.0	100.0
163.41257700001006	79.0	100.0
163.43189360000542	79.0	100.0
163.4526686000172	79.0	100.0
163.47289410000667	79.0	100.0
163.49169500000426	79.0	100.0
163.51261520001572	79.0	100.0
163.53257640000083	79.0	100.0
163.5527784000151	79.0	100.0
163.5726571000123	79.0	100.0
163.59300990001066	79.0	100.0
163.61260480000055	79.0	100.0
163.63301580000552	79.0	100.0
163.6526035000279	79.0	100.0
163.67258120002225	79.0	100.0
163.69237860001158	79.0	100.0
163.71300260000862	79.0	100.0
163.73292160002165	79.0	100.0
163.75281800000812	79.0	100.0
163.77260540000862	79.0	100.0
163.79291940000257	79.0	100.0
163.8130203000037	79.0	100.0
163.83331770001678	79.0	100.0
163.85282060000463	79.0	100.0
163.87321060002432	79.0	100.0
163.89242270000977	79.0	100.0
163.9132038000098	79.0	100.0
163.93311860001995	79.0	100.0
163.95344520002254	79.0	100.0
163.97384400002193	79.0	100.0
163.9931567000167	79.0	100.0
164.01250330000767	79.0	100.0
164.0336629000085	79.0	100.0
164.05287570002838	79.0	100.0
164.07283110002754	79.0	100.0
164.09234050000669	79.0	100.0
164.1131884000206	79.0	100.0
164.1329258000187	79.0	100.0
164.15269660000922	79.0	100.0
164.17269250002573	79.0	100.0
164.19307880001725	79.0	100.0
164.21266650001053	79.0	100.0
164.23258300000452	79.0	100.0
164.25280130002648	79.0	100.0
164.2729162000178	79.0	100.0
164.29217510001035	79.0	100.0
164.31360080000013	79.0	100.0
164.33313950002776	79.0	100.0
164.35360030000447	79.0	100.0
164.37309180002194	79.0	100.0
164.3933362000098	79.0	100.0
164.41291990000173	79.0	100.0
164.43323470000178	79.0	100.0
164.45341510002618	79.0	100.0
164.47361100002308	79.0	100.0
164.49375240001245	79.0	100.0
164.51355550001608	79.0	100.0
164.5348010000016	79.0	100.0
164.55402480001794	79.0	100.0
164.57265120002558	79.0	100.0
164.59309770000982	79.0	100.0
164.6127110000234	79.0	100.0
164.6339090000256	79.0	100.0
164.6536076000193	79.0	100.0
164.67311550001614	79.0	100.0
164.6931353000109	79.0	100.0
164.71330360000138	79.0	100.0
164.73319300002186	79.0	100.0
164.75319260000833	79.0	100.0
164.7731462000229	79.0	100.0
164.7934277000022	79.0	100.0
164.81315730002825	79.0	100.0
164.8340695000079	79.0	100.0
164.85325110002304	79.0	100.0
164.8732554000162	79.0	100.0
164.89322250001715	79.0	100.0
164.9132227000082	79.0	100.0
164.933196900005	79.0	100.0
164.9564861000108	79.0	100.0
164.9735388000263	79.0	100.0
164.9932982000173	79.0	100.0
165.01330180000514	79.0	100.0
165.0332487000269	79.0	100.0
165.05435950000538	79.0	100.0
165.07466760001262	78.0	100.0
165.09430120000616	78.0	100.0
165.1146975000156	78.0	100.0
165.13464330002898	78.0	100.0
165.15429030000814	78.0	100.0
165.17199100001017	78.0	100.0
165.19062170002144	78.0	100.0
165.21056170001975	78.0	100.0
165.22924710001098	78.0	100.0
165.25047410000116	78.0	100.0
165.27222480002092	78.0	100.0
165.2948021000193	78.0	100.0
165.31397120002657	78.0	100.0
165.33492530000512	78.0	100.0
165.35455050002201	78.0	100.0
165.37462520002737	78.0	100.0
165.39480790001107	78.0	100.0
165.41470200000913	78.0	100.0
165.43530490002013	78.0	100.0
165.45459570002276	78.0	100.0
165.47435810000752	78.0	100.0
165.49447270002565	78.0	100.0
165.5158749000111	78.0	100.0
165.53469870000845	78.0	100.0
165.5544430000009	78.0	100.0
165.57453400001395	78.0	100.0
165.59491340001114	78.0	100.0
165.61447910001152	78.0	100.0
165.63543250001385	78.0	100.0
165.6546521000273	78.0	100.0
165.67495560002862	78.0	100.0
165.6951472000219	78.0	100.0
165.71532460002345	78.0	100.0
165.7354873000004	78.0	100.0
165.75637870002538	78.0	100.0
165.77498060002108	78.0	100.0
165.7950652000145	78.0	100.0
165.81490880000638	78.0	100.0
165.83518940000795	78.0	100.0
165.8548786000174	78.0	100.0
165.87549300002865	78.0	100.0
165.89566970002488	78.0	100.0
165.915330000018	78.0	100.0
165.9355647000193	78.0	100.0
165.9553560000204	78.0	100.0
165.9753400000045	78.0	100.0
165.99634440001682	78.0	100.0
166.01566530001583	78.0	100.0
166.0357415000035	78.0	100.0
166.05687830000534	78.0	100.0
166.0757046000217	79.0	100.0
166.09576070000185	79.0	100.0
166.11760570001206	79.0	100.0
166.13603500000318	79.0	100.0
166.15585130002	79.0	100.0
166.17577550001442	79.0	100.0
166.19632430002093	79.0	100.0
166.21563970000716	79.0	100.0
166.2368174000003	79.0	100.0
166.25570590002462	79.0	100.0
166.2768113000202	79.0	100.0
166.29780750002828	79.0	100.0
166.31684070001938	79.0	100.0
166.3373279000225	79.0	100.0
166.35593610000797	79.0	100.0
166.37587160000112	79.0	100.0
166.39583410002524	79.0	100.0
166.4160697000043	79.0	100.0
166.43644020002102	79.0	100.0
166.4556494000135	79.0	100.0
166.47692920002737	79.0	100.0
166.49685420002788	79.0	100.0
166.51676480000606	79.0	100.0
166.5371536000166	79.0	100.0
166.556522400002	79.0	100.0
166.57651070001884	79.0	100.0
166.59659630001988	79.0	100.0
166.61622410002747	79.0	100.0
166.63667440001154	79.0	100.0
166.65631900000153	79.0	100.0
166.67684379999992	79.0	100.0
166.6962367000233	79.0	100.0
166.7171257000009	79.0	100.0
166.7366363000183	79.0	100.0
166.75659980002092	79.0	100.0
166.77641630001017	79.0	100.0
166.7964194000233	79.0	100.0
166.81643220002297	79.0	100.0
166.8371615000069	79.0	100.0
166.8560845000029	79.0	100.0
166.87277200000244	79.0	100.0
166.89224650000688	79.0	100.0
166.91706620002515	79.0	100.0
166.93721560001723	79.0	100.0
166.9614630000142	79.0	100.0
166.98018250000314	79.0	100.0
167.004745800019	79.0	100.0
167.0185424000083	79.0	100.0
167.04006890000892	79.0	100.0
167.0603143000044	79.0	100.0
167.08119600001373	79.0	100.0
167.09898010001052	79.0	100.0
167.11984340002527	79.0	100.0
167.14038580001215	79.0	100.0
167.1603027000092	79.0	100.0
167.17988020001212	79.0	100.0
167.2001295000082	79.0	100.0
167.21926400001394	79.0	100.0
167.24006940002437	79.0	100.0
167.26019580001594	79.0	100.0
167.28091010000207	79.0	100.0
167.3001647000201	79.0	100.0
167.31998350002686	79.0	100.0
167.34016990000964	79.0	100.0
167.36063820001436	79.0	100.0
167.3801546000177	79.0	100.0
167.4003500000108	79.0	100.0
167.42011090001324	79.0	100.0
167.44117060001008	79.0	100.0
167.46014510001987	79.0	100.0
167.48039910002262	79.0	100.0
167.50145090001752	79.0	100.0
167.51990970000043	79.0	100.0
167.53705460001947	79.0	100.0
167.557166100014	79.0	100.0
167.5761411000276	79.0	100.0
167.5970027000003	79.0	100.0
167.61977830002434	79.0	100.0
167.6394263000111	79.0	100.0
167.65844880000805	79.0	100.0
167.68115510002826	79.0	100.0
167.7015628000081	79.0	100.0
167.72140550002223	79.0	100.0
167.74231680002413	79.0	100.0
167.76183450000826	79.0	100.0
167.78149470000062	79.0	100.0
167.80154070002027	79.0	100.0
167.82152190001216	79.0	100.0
167.84122530001332	79.0	100.0
167.86024390000966	79.0	100.0
167.88026620002347	79.0	100.0
167.90138170000864	79.0	100.0
167.92117760001565	79.0	100.0
167.94093890002114	79.0	100.0
167.96097100002225	79.0	100.0
167.9809777000046	79.0	100.0
168.0066164000018	79.0	100.0
168.02097740001045	79.0	100.0
168.0415134000068	79.0	100.0
168.0607179000217	79.0	100.0
168.080379800027	77.0	100.0
168.09884790002252	77.0	100.0
168.12031800000113	77.0	100.0
168.14248950002366	77.0	100.0
168.16174230002798	77.0	100.0
168.18156630001613	77.0	100.0
168.20289980000234	77.0	100.0
168.22239840001566	77.0	100.0
168.24292760001845	77.0	100.0
168.2627837000182	77.0	100.0
168.2823809000256	77.0	100.0
168.30199720000383	77.0	100.0
168.32243990001734	77.0	100.0
168.34214860000066	77.0	100.0
168.36228560001473	77.0	100.0
168.38448890001746	77.0	100.0
168.40139200002886	77.0	100.0
168.42210260001593	77.0	100.0
168.4426197000139	77.0	100.0
168.4624666000018	77.0	100.0
168.4821611000225	77.0	100.0
168.5022569000139	77.0	100.0
168.52205220001633	77.0	100.0
168.54204340002616	77.0	100.0
168.56266370002413	77.0	100.0
168.58235150002292	77.0	100.0
168.60285210001166	77.0	100.0
168.62225700001	77.0	100.0
168.64180520002265	77.0	100.0
168.6622108000156	77.0	100.0
168.6821832000278	77.0	100.0
168.70259320002515	77.0	100.0
168.72228720001294	77.0	100.0
168.74249010000494	77.0	100.0
168.7625296000042	77.0	100.0
168.78222130000358	77.0	100.0
168.80292570000165	77.0	100.0
168.82461010001134	77.0	100.0
168.8407974000147	77.0	100.0
168.86201930002426	77.0	100.0
168.88337980001234	77.0	100.0
168.90210490001482	77.0	100.0
168.9231909000082	77.0	100.0
168.94381690002047	77.0	100.0
168.96259200002532	77.0	100.0
168.9818229000084	77.0	100.0
169.00269840002875	77.0	100.0
169.02276230001007	77.0	100.0
169.04860580002423	77.0	100.0
169.06826120000915	77.0	100.0
169.0809759000258	78.0	100.0
169.10145250000642	78.0	100.0
169.12420740001835	78.0	100.0
169.14381800001138	78.0	100.0
169.16334700002335	78.0	100.0
169.18309810000937	78.0	100.0
169.20879870001227	78.0	100.0
169.22276300002704	78.0	100.0
169.24412990000565	78.0	100.0
169.2629296000232	78.0	100.0
169.2830202000041	78.0	100.0
169.30333390002488	78.0	100.0
169.32285930000944	78.0	100.0
169.34232940000948	78.0	100.0
169.3622448000242	78.0	100.0
169.38273160002427	78.0	100.0
169.40220340000815	78.0	100.0
169.424276500009	78.0	100.0
169.44510300000547	78.0	100.0
169.46265950001543	78.0	100.0
169.48315940002794	78.0	100.0
169.50202890002402	78.0	100.0
169.52315510000335	78.0	100.0
169.5436021000205	78.0	100.0
169.5626128000149	78.0	100.0
169.58388560000458	78.0	100.0
169.603789100016	78.0	100.0
169.62245610001264	78.0	100.0
169.6435957000067	78.0	100.0
169.66325000001234	78.0	100.0
169.6831187000207	78.0	100.0
169.70286260001012	78.0	100.0
169.7239178000018	78.0	100.0
169.74302560000797	78.0	100.0
169.76341360001243	78.0	100.0
169.78296530002262	78.0	100.0
169.80323100002715	78.0	100.0
169.8239626000286	78.0	100.0
169.84029620001093	78.0	100.0
169.86331860002247	78.0	100.0
169.88271260002512	78.0	100.0
169.9056262000231	78.0	100.0
169.9254788000253	78.0	100.0
169.94615030000568	78.0	100.0
169.96409560000757	78.0	100.0
169.98435320000863	78.0	100.0
170.00438060000306	78.0	100.0
170.02436120001948	78.0	100.0
170.04524310000124	78.0	100.0
170.06443510000827	78.0	100.0
170.08535840001423	79.0	100.0
170.1041089000064	79.0	100.0
170.12578520001261	79.0	100.0
170.14505500000087	79.0	100.0
170.16499670001213	79.0	100.0
170.18402070002048	79.0	100.0
170.20503940002527	79.0	100.0
170.22441780002555	79.0	100.0
170.24554830000852	79.0	100.0
170.26448850001907	79.0	100.0
170.28415840002708	79.0	100.0
170.30405450001126	79.0	100.0
170.32548820000375	79.0	100.0
170.3452348000137	79.0	100.0
170.3652434000105	79.0	100.0
170.38526850001654	79.0	100.0
170.404101800028	79.0	100.0
170.42471620001015	79.0	100.0
170.44573070001206	79.0	100.0
170.46414530000766	79.0	100.0
170.48414920002688	79.0	100.0
170.50494210000033	79.0	100.0
170.52575200001593	79.0	100.0
170.54550860001473	79.0	100.0
170.56607080000686	79.0	100.0
170.58597640000517	79.0	100.0
170.60498230002122	79.0	100.0
170.62468400000944	79.0	100.0
170.64521850002347	79.0	100.0
170.66445670000394	79.0	100.0
170.68465240002843	79.0	100.0
170.70444680002402	79.0	100.0
170.7245936000254	79.0	100.0
170.74498060002225	79.0	100.0
170.76467870001215	79.0	100.0
170.78438640001696	79.0	100.0
170.80502730002627	79.0	100.0
170.8245186000131	79.0	100.0
170.844974800013	79.0	100.0
170.86530350000248	79.0	100.0
170.88470660001622	79.0	100.0
170.90443390002474	79.0	100.0
170.9236845000123	79.0	100.0
170.94477710002684	79.0	100.0
170.96517840001616	79.0	100.0
170.98413960001199	79.0	100.0
171.00477500000852	79.0	100.0
171.02476470000693	79.0	100.0
171.0470196000242	79.0	100.0
171.0658213000279	79.0	100.0
171.08608080001432	78.0	100.0
171.10546830002568	78.0	100.0
171.1251058000198	78.0	100.0
171.1452065000194	78.0	100.0
171.16521890001604	78.0	100.0
171.18481990002329	78.0	100.0
171.20371690002503	78.0	100.0
171.22409640002297	78.0	100.0
171.2469566000218	78.0	100.0
171.26364490002743	78.0	100.0
171.28215030001593	78.0	100.0
171.30106150000938	78.0	100.0
171.3213733000157	78.0	100.0
171.34256110002752	78.0	100.0
171.36260810002568	78.0	100.0
171.3843460000062	78.0	100.0
171.40233530002297	78.0	100.0
171.4222654000041	78.0	100.0
171.44284930001595	78.0	100.0
171.46342760001426	78.0	100.0
171.48342590001994	78.0	100.0
171.50388880001265	78.0	100.0
171.5236649000144	78.0	100.0
171.5457224000129	78.0	100.0
171.5652014000225	78.0	100.0
171.58564420000766	78.0	100.0
171.60620550002204	78.0	100.0
171.62295510002878	78.0	100.0
171.63978730002418	78.0	100.0
171.65789100000984	78.0	100.0
171.67844860002515	78.0	100.0
171.70477380001103	78.0	100.0
171.7257791000011	78.0	100.0
171.74988760001725	78.0	100.0
171.76479020001716	78.0	100.0
171.7853278000257	78.0	100.0
171.80617190001067	78.0	100.0
171.82623170001898	78.0	100.0
171.8464739000192	78.0	100.0
171.86311420000857	78.0	100.0
171.88580490002641	78.0	100.0
171.90548580000177	78.0	100.0
171.92607630000566	78.0	100.0
171.9462144000281	78.0	100.0
171.96855530000175	78.0	100.0
171.98636160002206	78.0	100.0
172.00658420001855	78.0	100.0
172.0254522000032	78.0	100.0
172.05402500001946	78.0	100.0
172.0664585000195	78.0	100.0
172.08796940001776	77.0	100.0
172.1063236000191	77.0	100.0
172.12839820000227	77.0	100.0
172.1469025000115	77.0	100.0
172.16627970000263	77.0	100.0
172.18638550001197	77.0	100.0
172.20666320002056	77.0	100.0
172.22696830000496	77.0	100.0
172.24737720002304	77.0	100.0
172.26614050002536	77.0	100.0
172.28656130001764	77.0	100.0
172.30659550000564	77.0	100.0
172.326354800025	77.0	100.0
172.34661550002056	77.0	100.0
172.36631700000726	77.0	100.0
172.38699270001962	77.0	100.0
172.40585630002897	77.0	100.0
172.42558240002836	77.0	100.0
172.44745690000127	77.0	100.0
172.46255890000612	77.0	100.0
172.4835057000164	77.0	100.0
172.5026874000032	77.0	100.0
172.52294140000595	77.0	100.0
172.5421773000271	77.0	100.0
172.56118990000687	77.0	100.0
172.58483010000782	77.0	100.0
172.60566920001293	77.0	100.0
172.6263050000125	77.0	100.0
172.6459214000206	77.0	100.0
172.6668531000032	77.0	100.0
172.68751700001303	77.0	100.0
172.70642210001824	77.0	100.0
172.7272598000127	77.0	100.0
172.7469085000048	77.0	100.0
172.76577020002878	77.0	100.0
172.78836960002081	77.0	100.0
172.8060419000103	77.0	100.0
172.82097010000143	77.0	100.0
172.84446580000804	77.0	100.0
172.86330280001857	77.0	100.0
172.88545750000048	77.0	100.0
172.90606440001284	77.0	100.0
172.92650710002636	77.0	100.0
172.94723470002646	77.0	100.0
172.96728600002825	77.0	100.0
172.98858490001294	77.0	100.0
173.00834750002832	77.0	100.0
173.02796790000866	77.0	100.0
173.05046960001346	77.0	100.0
173.0683511000243	77.0	100.0
173.08805990000837	76.0	100.0
173.1075370000035	76.0	100.0
173.12813150000875	76.0	100.0
173.14795260000392	76.0	100.0
173.1676637000055	76.0	100.0
173.18774590000976	76.0	100.0
173.21235880002496	76.0	100.0
173.22521290002624	76.0	100.0
173.24428870002157	76.0	100.0
173.2627609000192	76.0	100.0
173.2820016000187	76.0	100.0
173.30160370000522	76.0	100.0
173.32168760002241	76.0	100.0
173.34311360001448	76.0	100.0
173.36515050000162	76.0	100.0
173.38536780001596	76.0	100.0
173.40545660001226	76.0	100.0
173.4254066000285	76.0	100.0
173.4457917000109	76.0	100.0
173.46641310001723	76.0	100.0
173.48509020000347	76.0	100.0
173.50517280001077	76.0	100.0
173.5251847000036	76.0	100.0
173.54534040001454	76.0	100.0
173.56597900000634	76.0	100.0
173.58462800001143	76.0	100.0
173.6052827000094	76.0	100.0
173.6250794000225	76.0	100.0
173.64566310000373	76.0	100.0
173.66515660000732	76.0	100.0
173.68616050001583	76.0	100.0
173.7049348000146	76.0	100.0
173.72551110002678	76.0	100.0
173.7454226000118	76.0	100.0
173.7652848000289	76.0	100.0
173.78540550000616	76.0	100.0
173.8052601000236	76.0	100.0
173.82544600000256	76.0	100.0
173.84533760001068	76.0	100.0
173.8651451000187	76.0	100.0
173.88539490001858	76.0	100.0
173.9075770000054	76.0	100.0
173.92609110000194	76.0	100.0
173.94524090000778	76.0	100.0
173.96509380001226	76.0	100.0
173.98860380001133	76.0	100.0
174.00513890001457	76.0	100.0
174.02522080001654	76.0	100.0
174.04655530001037	76.0	100.0
174.06547130001127	76.0	100.0
174.08677770002396	75.0	100.0
174.1065293000138	75.0	100.0
174.12631320001674	75.0	100.0
174.14619740002672	75.0	100.0
174.16681230001268	75.0	100.0
174.18804090001504	75.0	100.0
174.2068222000089	75.0	100.0
174.22641440000734	75.0	100.0
174.24713610002073	75.0	100.0
174.2652509000036	75.0	100.0
174.28656260002754	75.0	100.0
174.30594200000633	75.0	100.0
174.32682690001093	75.0	100.0
174.34710020001512	75.0	100.0
174.36686760000885	75.0	100.0
174.39054540000507	75.0	100.0
174.4070704000187	75.0	100.0
174.43351360000088	75.0	100.0
174.44719460001215	75.0	100.0
174.4668916000228	75.0	100.0
174.48734710001736	75.0	100.0
174.50639400002547	75.0	100.0
174.5269311000011	75.0	100.0
174.54640210000798	75.0	100.0
174.5665879000153	75.0	100.0
174.58663930001785	75.0	100.0
174.60664010001346	75.0	100.0
174.6265555000282	75.0	100.0
174.64742270001443	75.0	100.0
174.6669910000055	75.0	100.0
174.68660830002045	75.0	100.0
174.70666530000744	75.0	100.0
174.72682300000452	75.0	100.0
174.74631300001056	75.0	100.0
174.76639440000872	75.0	100.0
174.7865138000052	75.0	100.0
174.8067366000032	75.0	100.0
174.82633570002508	75.0	100.0
174.84900390001712	75.0	100.0
174.86629950001952	75.0	100.0
174.88707920000888	75.0	100.0
174.9060989000136	75.0	100.0
174.92640680001932	75.0	100.0
174.94716970002628	75.0	100.0
174.96734350000042	75.0	100.0
174.9867651000095	75.0	100.0
175.00653040001635	75.0	100.0
175.02701860002708	75.0	100.0
175.04752580000786	75.0	100.0
175.06755340000382	75.0	100.0
175.0877232000057	74.0	100.0
175.10732060001465	74.0	100.0
175.1286695000017	74.0	100.0
175.1472921000095	74.0	100.0
175.16724440001417	74.0	100.0
175.18710610002745	74.0	100.0
175.20743960002437	74.0	100.0
175.22694060002686	74.0	100.0
175.2479118000192	74.0	100.0
175.26737700001104	74.0	100.0
175.28758590001962	74.0	100.0
175.30737960000988	74.0	100.0
175.3280800000066	74.0	100.0
175.34788900002604	74.0	100.0
175.3673676000035	74.0	100.0
175.38764440000523	74.0	100.0
175.4078906000068	74.0	100.0
175.42796660002205	74.0	100.0
175.450920400006	74.0	100.0
175.46736370000872	74.0	100.0
175.48766950002755	74.0	100.0
175.63028310000664	74.0	100.0
175.63030250000884	74.0	100.0
175.63031700000283	74.0	100.0
175.63033050001832	74.0	100.0
175.63033840002026	74.0	100.0
175.63034570001764	74.0	100.0
175.63035290001426	74.0	100.0
175.64954320000834	74.0	100.0
175.6684404000116	74.0	100.0
175.68827910002437	74.0	100.0
175.70807610001066	74.0	100.0
175.72787380000227	74.0	100.0
175.74831770002493	74.0	100.0
175.76838520000456	74.0	100.0
175.78778010001406	74.0	100.0
175.80740910000168	74.0	100.0
175.82786120002856	74.0	100.0
175.84894980001263	74.0	100.0
175.8684537000081	74.0	100.0
175.88805490001687	74.0	100.0
175.9086722000211	74.0	100.0
175.9284244000155	74.0	100.0
175.94771880001645	74.0	100.0
175.96894520000205	74.0	100.0
175.98898069999996	74.0	100.0
176.00816730002407	74.0	100.0
176.02863810001872	74.0	100.0
176.04905070000677	74.0	100.0
176.06831210001837	74.0	100.0
176.0865709000209	74.0	100.0
176.10870060001616	74.0	100.0
176.12883490000968	74.0	100.0
176.14902310000616	74.0	100.0
176.1687858000223	74.0	100.0
176.18908440001542	74.0	100.0
176.20868620002875	74.0	100.0
176.22889240001678	74.0	100.0
176.24920060002478	74.0	100.0
176.26907450001454	74.0	100.0
176.28856570000062	74.0	100.0
176.30842370001483	74.0	100.0
176.32919930000207	74.0	100.0
176.34907810000004	74.0	100.0
176.36894930002745	74.0	100.0
176.3847377000202	74.0	100.0
176.40871990000596	74.0	100.0
176.428049500013	74.0	100.0
176.4488754000049	74.0	100.0
176.46840890002204	74.0	100.0
176.4894336000143	74.0	100.0
176.50837090000277	74.0	100.0
176.52859300002456	74.0	100.0
176.54891890002182	74.0	100.0
176.56929320000927	74.0	100.0
176.5891654000152	74.0	100.0
176.60897180001484	74.0	100.0
176.62910000002012	74.0	100.0
176.64876250000088	74.0	100.0
176.66854070001864	74.0	100.0
176.68915580000612	74.0	100.0
176.70885870000347	74.0	100.0
176.72911130002467	74.0	100.0
176.74907060002442	74.0	100.0
176.76900280002155	74.0	100.0
176.78855370002566	74.0	100.0
176.80868000001647	74.0	100.0
176.82892200001515	74.0	100.0
176.84898940002313	74.0	100.0
176.86866570002167	74.0	100.0
176.8890041000268	74.0	100.0
176.9086624000047	74.0	100.0
176.92898700002115	74.0	100.0
176.94894600001862	74.0	100.0
176.96864090001327	74.0	100.0
176.98945310001727	74.0	100.0
177.00908460002393	74.0	100.0
177.02865540000494	74.0	100.0
177.04910950001795	74.0	100.0
177.06896110001253	74.0	100.0
177.08942760000355	72.0	100.0
177.10861990001285	72.0	100.0
177.128746900009	72.0	100.0
177.14996330000577	72.0	100.0
177.16923020000104	72.0	100.0
177.18919740000274	72.0	100.0
177.21103150001727	72.0	100.0
177.22882340001524	72.0	100.0
177.2491273000196	72.0	100.0
177.26867710001534	72.0	100.0
177.28933490000782	72.0	100.0
177.30923920002533	72.0	100.0
177.329426900018	72.0	100.0
177.3452051000204	72.0	100.0
177.3643609000137	72.0	100.0
177.38464640002348	72.0	100.0
177.40657770002144	72.0	100.0
177.42654250000487	72.0	100.0
177.44708240000182	72.0	100.0
177.469393700012	72.0	100.0
177.48980450001545	72.0	100.0
177.51124180000625	72.0	100.0
177.53002450001077	72.0	100.0
177.5496563000197	72.0	100.0
177.57017990000895	72.0	100.0
177.59004550002282	72.0	100.0
177.6103980000189	72.0	100.0
177.62956310002482	72.0	100.0
177.65009640000062	72.0	100.0
177.66924650000874	72.0	100.0
177.68933370002196	72.0	100.0
177.70966800002498	72.0	100.0
177.72878760000458	72.0	100.0
177.74930780002614	72.0	100.0
177.76908800000092	72.0	100.0
177.7890268000192	72.0	100.0
177.80933160000131	72.0	100.0
177.82914270000765	72.0	100.0
177.84976350000943	72.0	100.0
177.86933590000262	72.0	100.0
177.8905171000224	72.0	100.0
177.9098548000038	72.0	100.0
177.930036500009	72.0	100.0
177.95045410000603	72.0	100.0
177.96997360000387	72.0	100.0
177.99007980001625	72.0	100.0
178.01056910000625	72.0	100.0
178.02981530001853	72.0	100.0
178.05082870001206	72.0	100.0
178.07105510000838	72.0	100.0
178.08994630002417	71.0	100.0
178.11077640001895	71.0	100.0
178.13296710001305	71.0	100.0
178.15117080000346	71.0	100.0
178.17045780000626	71.0	100.0
178.1902992000105	71.0	100.0
178.21050380001543	71.0	100.0
178.23053790000267	71.0	100.0
178.25099130001036	71.0	100.0
178.27020140000968	71.0	100.0
178.28873480000766	71.0	100.0
178.31115250001312	71.0	100.0
178.33009410000523	71.0	100.0
178.34996530000353	71.0	100.0
178.37051880001673	71.0	100.0
178.3893922000134	71.0	100.0
178.41040120000253	71.0	100.0
178.43015130001004	71.0	100.0
178.45293350002612	71.0	100.0
178.46934190002503	71.0	100.0
178.4907379000215	71.0	100.0
178.5101105000067	71.0	100.0
178.5302640000009	71.0	100.0
178.55045050001354	71.0	100.0
178.5708217000065	71.0	100.0
178.59065920001012	71.0	100.0
178.61116090000723	71.0	100.0
178.6301435000205	71.0	100.0
178.65066550002666	71.0	100.0
178.6698906000238	71.0	100.0
178.69077190000098	71.0	100.0
178.71274770001764	71.0	100.0
178.73091110002133	71.0	100.0
178.75078560001566	71.0	100.0
178.7706997000205	71.0	100.0
178.7906136000238	71.0	100.0
178.81032530000084	71.0	100.0
178.8294621000241	71.0	100.0
178.85125840001274	71.0	100.0
178.87030860001687	71.0	100.0
178.8910910000268	71.0	100.0
178.91045970001142	71.0	100.0
178.9305889000243	71.0	100.0
178.95131870001205	71.0	100.0
178.9703060000029	71.0	100.0
178.98954970002524	71.0	100.0
179.01088140002685	71.0	100.0
179.03075580002042	71.0	100.0
179.05064220001805	71.0	100.0
179.07053980001365	71.0	100.0
179.09089620001032	71.0	100.0
179.11012680002023	71.0	100.0
179.13092730002245	71.0	100.0
179.15082150002127	71.0	100.0
179.17015710001579	71.0	100.0
179.19035030002124	71.0	100.0
179.21116860001348	71.0	100.0
179.23127580000437	71.0	100.0
179.25138590001734	71.0	100.0
179.27086300001247	71.0	100.0
179.2910425000009	71.0	100.0
179.31060370002524	71.0	100.0
179.33083010002156	71.0	100.0
179.35142620000988	71.0	100.0
179.37098450001213	71.0	100.0
179.3912938000285	71.0	100.0
179.4105855000089	71.0	100.0
179.43068110002787	71.0	100.0
179.45160350002698	71.0	100.0
179.4707489000284	71.0	100.0
179.49128190000192	71.0	100.0
179.51077900000382	71.0	100.0
179.53107530000852	71.0	100.0
179.5520775000041	71.0	100.0
179.5713073000079	71.0	100.0
179.59084300001268	71.0	100.0
179.61085350002395	71.0	100.0
179.6306930000137	71.0	100.0
179.6517050000257	71.0	100.0
179.67107050001505	71.0	100.0
179.69108840002446	71.0	100.0
179.71085670002503	71.0	100.0
179.73125870001968	71.0	100.0
179.75158790001296	71.0	100.0
179.77148730002227	71.0	100.0
179.7914187000133	71.0	100.0
179.8118302000221	71.0	100.0
179.83177000001888	71.0	100.0
179.85155850002775	71.0	100.0
179.8717116000189	71.0	100.0
179.89231080000172	71.0	100.0
179.9114463000151	71.0	100.0
179.9326442000165	71.0	100.0
179.95237140002428	71.0	100.0
179.97136630001478	71.0	100.0
179.9917598000029	71.0	100.0
180.01196880001226	71.0	100.0
180.03119580002385	71.0	100.0
180.0522930000152	71.0	100.0
180.07207580000977	71.0	100.0
180.0924561000138	73.0	100.0
180.11233230002108	73.0	100.0
180.13234590002685	73.0	100.0
180.15093260002322	73.0	100.0
180.17239750002045	73.0	100.0
180.1918119000038	73.0	100.0
180.21241840001312	73.0	100.0
180.23200080002425	73.0	100.0
180.25178400002187	73.0	100.0
180.27202220002073	73.0	100.0
180.29288690001704	73.0	100.0
180.31185560001177	73.0	100.0
180.33228450000752	73.0	100.0
180.3527035000152	73.0	100.0
180.371535400016	73.0	100.0
180.39217440001084	73.0	100.0
180.40938670001924	73.0	100.0
180.4328807000129	73.0	100.0
180.45318880002014	73.0	100.0
180.47156530001666	73.0	100.0
180.49233770000865	73.0	100.0
180.51240710000275	73.0	100.0
180.53310110000893	73.0	100.0
180.55248100002063	73.0	100.0
180.57306980001158	73.0	100.0
180.59285200000159	73.0	100.0
180.61300170002505	73.0	100.0
180.6327142000082	73.0	100.0
180.65312340002856	73.0	100.0
180.67310570002883	73.0	100.0
180.6930585000082	73.0	100.0
180.71293260002858	73.0	100.0
180.7331957000133	73.0	100.0
180.75272500002757	73.0	100.0
180.7732440000109	73.0	100.0
180.7921913000173	73.0	100.0
180.81278760000714	73.0	100.0
180.83263480002643	73.0	100.0
180.8555673000228	73.0	100.0
180.87216510000871	73.0	100.0
180.89257640001597	73.0	100.0
180.9122077000211	73.0	100.0
180.93262290002895	73.0	100.0
180.95411270001205	73.0	100.0
180.97258610001882	73.0	100.0
180.9931306000217	73.0	100.0
181.0131720000063	73.0	100.0
181.03291730000637	73.0	100.0
181.05315390002215	73.0	100.0
181.07336100001703	73.0	100.0
181.09329470002558	75.0	100.0
181.11310810002033	75.0	100.0
181.13487490001717	75.0	100.0
181.1529515000002	75.0	100.0
181.1728636000189	75.0	100.0
181.193156000023	75.0	100.0
181.21330140001373	75.0	100.0
181.23349340001005	75.0	100.0
181.25384990000748	75.0	100.0
181.27347800001735	75.0	100.0
181.29317040002206	75.0	100.0
181.3130790000141	75.0	100.0
181.33340850000968	75.0	100.0
181.35318130001542	75.0	100.0
181.3741061000037	75.0	100.0
181.39309460000368	75.0	100.0
181.41404330002842	75.0	100.0
181.43392280000262	75.0	100.0
181.45403320001788	75.0	100.0
181.4738891000161	75.0	100.0
181.4940555000212	75.0	100.0
181.5137712000287	75.0	100.0
181.53305680002086	75.0	100.0
181.55382300002384	75.0	100.0
181.57305460001226	75.0	100.0
181.5930908000155	75.0	100.0
181.6136683000077	75.0	100.0
181.63289770000847	75.0	100.0
181.65356690000044	75.0	100.0
181.6735909000272	75.0	100.0
181.69367720000446	75.0	100.0
181.71311460001743	75.0	100.0
181.73356090000016	75.0	100.0
181.75312220002525	75.0	100.0
181.77306720000342	75.0	100.0
181.79243930001394	75.0	100.0
181.8135740000289	75.0	100.0
181.83541650002007	75.0	100.0
181.85503660002723	75.0	100.0
181.87341670002206	75.0	100.0
181.8935108000005	75.0	100.0
181.91343190000043	75.0	100.0
181.932672200026	75.0	100.0
181.95257930000662	75.0	100.0
181.97254480002448	75.0	100.0
181.9925844000245	75.0	100.0
182.0126370000071	75.0	100.0
182.03245340002468	75.0	100.0
182.0532291000127	75.0	100.0
182.07314590000897	75.0	100.0
182.09315430000424	76.0	100.0
182.11263170000166	76.0	100.0
182.13251170000876	76.0	100.0
182.15286940001533	76.0	100.0
182.1727143000171	76.0	100.0
182.19228760001715	76.0	100.0
182.2137700000021	76.0	100.0
182.23217880001175	76.0	100.0
182.2529063000111	76.0	100.0
182.2725855000026	76.0	100.0
182.2925579000148	76.0	100.0
182.31243320001522	76.0	100.0
182.3327381000272	76.0	100.0
182.35269920001156	76.0	100.0
182.3726391000091	76.0	100.0
182.3926084000268	76.0	100.0
182.41266890001134	76.0	100.0
182.4326590000128	76.0	100.0
182.4534445000172	76.0	100.0
182.4730847000028	76.0	100.0
182.49305930000264	76.0	100.0
182.51299440002185	76.0	100.0
182.5332533000037	76.0	100.0
182.5532014000055	76.0	100.0
182.57334360000095	76.0	100.0
182.5933208000206	76.0	100.0
182.61307100002887	76.0	100.0
182.6331672000233	76.0	100.0
182.6533528	76.0	100.0
182.6730429000163	76.0	100.0
182.69346370000858	76.0	100.0
182.71298720000777	76.0	100.0
182.73330430002534	76.0	100.0
182.75334390002536	76.0	100.0
182.7731630000053	76.0	100.0
182.7931177999999	76.0	100.0
182.81423290001112	76.0	100.0
182.83314680002513	76.0	100.0
182.85412480001105	76.0	100.0
182.8733636000252	76.0	100.0
182.89342850001412	76.0	100.0
182.91323010000633	76.0	100.0
182.93318170000566	76.0	100.0
182.95308530001785	76.0	100.0
182.97297230002005	76.0	100.0
182.99302840000018	76.0	100.0
183.01291040002252	76.0	100.0
183.0334784000006	76.0	100.0
183.053842000023	76.0	100.0
183.07431460000225	76.0	100.0
183.0946757000056	76.0	100.0
183.1139713000157	76.0	100.0
183.13413340001716	76.0	100.0
183.15407990000676	76.0	100.0
183.17399620002834	76.0	100.0
183.1942318000074	76.0	100.0
183.2146425000101	76.0	100.0
183.2321427000279	76.0	100.0
183.25281810000888	76.0	100.0
183.2725876000186	76.0	100.0
183.29316780000227	76.0	100.0
183.31415650001145	76.0	100.0
183.33495310001308	76.0	100.0
183.35527850000653	76.0	100.0
183.3749128000054	76.0	100.0
183.3945716000162	76.0	100.0
183.41437900002347	76.0	100.0
183.4334463000123	76.0	100.0
183.45053350002854	76.0	100.0
183.4693906000175	76.0	100.0
183.48981590001495	76.0	100.0
183.50952870000037	76.0	100.0
183.52985040002386	76.0	100.0
183.55247520000557	76.0	100.0
183.5735256000189	76.0	100.0
183.5946056000248	76.0	100.0
183.6148075000092	76.0	100.0
183.63465790002374	76.0	100.0
183.65590500002145	76.0	100.0
183.67515390002518	76.0	100.0
183.69544460001634	76.0	100.0
183.71527260000585	76.0	100.0
183.7353975000151	76.0	100.0
183.75510770000983	76.0	100.0
183.77573020002455	76.0	100.0
183.79467360000126	76.0	100.0
183.81459280001582	76.0	100.0
183.83508410002105	76.0	100.0
183.85554800002137	76.0	100.0
183.87461880000774	76.0	100.0
183.89493630002835	76.0	100.0
183.9147546000022	76.0	100.0
183.93492820000392	76.0	100.0
183.95543170001474	76.0	100.0
183.9753819000034	76.0	100.0
183.99480570000014	76.0	100.0
184.01572350002243	76.0	100.0
184.0352825000009	76.0	100.0
184.05578490000335	76.0	100.0
184.07652990001952	76.0	100.0
184.09583030000795	74.0	100.0
184.11597180002718	74.0	100.0
184.13749810002628	74.0	100.0
184.15559790001134	74.0	100.0
184.17559140000958	74.0	100.0
184.19057870001416	74.0	100.0
184.21130120000453	74.0	100.0
184.23063520001597	74.0	100.0
184.25207660000888	74.0	100.0
184.27227130002575	74.0	100.0
184.2938293000043	74.0	100.0
184.31545220001135	74.0	100.0
184.33635520000826	74.0	100.0
184.35929510000278	74.0	100.0
184.37588940002024	74.0	100.0
184.39563900002395	74.0	100.0
184.4168780000182	74.0	100.0
184.43627689999994	74.0	100.0
184.45707430000766	74.0	100.0
184.47587280001608	74.0	100.0
184.49681580002652	74.0	100.0
184.51648700001533	74.0	100.0
184.5366918000218	74.0	100.0
184.55678650000482	74.0	100.0
184.57637970001088	74.0	100.0
184.59638550001546	74.0	100.0
184.616852200008	74.0	100.0
184.63645990000805	74.0	100.0
184.65743410002324	74.0	100.0
184.67661430002772	74.0	100.0
184.69639440000174	74.0	100.0
184.71631450002315	74.0	100.0
184.73651090002386	74.0	100.0
184.75674260000233	74.0	100.0
184.777399100014	74.0	100.0
184.7961480000231	74.0	100.0
184.81640190002508	74.0	100.0
184.83627810000326	74.0	100.0
184.85888950002845	74.0	100.0
184.87642410001718	74.0	100.0
184.8970523000171	74.0	100.0
184.91714440000942	74.0	100.0
184.9372330000042	74.0	100.0
184.9575751000084	74.0	100.0
184.97652660001768	74.0	100.0
184.996527100011	74.0	100.0
185.01682720001554	74.0	100.0
185.03676120002638	74.0	100.0
185.05718250002246	74.0	100.0
185.07683300002827	74.0	100.0
185.09658400001354	73.0	100.0
185.1167510000232	73.0	100.0
185.13678770000115	73.0	100.0
185.15703900001245	73.0	100.0
185.17697790000238	73.0	100.0
185.196826600004	73.0	100.0
185.21707340001012	73.0	100.0
185.23670340000535	73.0	100.0
185.25747160002356	73.0	100.0
185.2769947000197	73.0	100.0
185.2970825000084	73.0	100.0
185.3167460000259	73.0	100.0
185.3372076000087	73.0	100.0
185.3571608000202	73.0	100.0
185.37745650002034	73.0	100.0
185.3970073000237	73.0	100.0
185.41736560000572	73.0	100.0
185.43696660001297	73.0	100.0
185.45727610000176	73.0	100.0
185.47706020000624	73.0	100.0
185.49701290001394	73.0	100.0
185.51712450000923	73.0	100.0
185.5383114000142	73.0	100.0
185.55790510002407	73.0	100.0
185.57733710002503	73.0	100.0
185.59696940000867	73.0	100.0
185.6175298000162	73.0	100.0
185.63713640000788	73.0	100.0
185.65722070002812	73.0	100.0
185.67738570002257	73.0	100.0
185.69805600002292	73.0	100.0
185.71716420000303	73.0	100.0
185.73707190001733	73.0	100.0
185.75715150000178	73.0	100.0
185.77772040001582	73.0	100.0
185.797204100003	73.0	100.0
185.8179563000158	73.0	100.0
185.83699500001967	73.0	100.0
185.8580524000281	73.0	100.0
185.87706420000177	73.0	100.0
185.8971669000166	73.0	100.0
185.91706300000078	73.0	100.0
185.9361528000154	73.0	100.0
185.95816620002734	73.0	100.0
185.97798880000482	73.0	100.0
185.99821630000952	73.0	100.0
186.01786550000543	73.0	100.0
186.03707120000036	73.0	100.0
186.05852680001408	73.0	100.0
186.0785110000288	73.0	100.0
186.09810520001338	71.0	100.0
186.11822250002297	71.0	100.0
186.13826550001977	71.0	100.0
186.15797140001087	71.0	100.0
186.17856380000012	71.0	100.0
186.19811130000744	71.0	100.0
186.21839280001586	71.0	100.0
186.23826010001358	71.0	100.0
186.25905469999998	71.0	100.0
186.27822660002857	71.0	100.0
186.2981443000026	71.0	100.0
186.31733850002638	71.0	100.0
186.33818360001897	71.0	100.0
186.35877640001127	71.0	100.0
186.37818240001798	71.0	100.0
186.39781829999993	71.0	100.0
186.41828480002005	71.0	100.0
186.43828590001795	71.0	100.0
186.45932730002096	71.0	100.0
186.47815870001796	71.0	100.0
186.4976138000202	71.0	100.0
186.5181820000289	71.0	100.0
186.53932360000908	71.0	100.0
186.5588727000286	71.0	100.0
186.57947470000363	71.0	100.0
186.59892770001898	71.0	100.0
186.6188234000001	71.0	100.0
186.6387526000035	71.0	100.0
186.65966870001284	71.0	100.0
186.67879390000599	71.0	100.0
186.69890530002885	71.0	100.0
186.7188853000116	71.0	100.0
186.73908310002298	71.0	100.0
186.75904260002426	71.0	100.0
186.77909360002377	71.0	100.0
186.79878150002332	71.0	100.0
186.8191332000133	71.0	100.0
186.8389108000265	71.0	100.0
186.8593587000214	71.0	100.0
186.87885950002237	71.0	100.0
186.89946120002423	71.0	100.0
186.9188769000175	71.0	100.0
186.93918860002304	71.0	100.0
186.95925490002264	71.0	100.0
186.9787922000105	71.0	100.0
186.99871290000738	71.0	100.0
187.01985770001193	71.0	100.0
187.0394211000239	71.0	100.0
187.05975530002615	71.0	100.0
187.07969560002675	71.0	100.0
187.09963490001974	71.0	100.0
187.11943460002658	71.0	100.0
187.14155390000087	71.0	100.0
187.15941330001806	71.0	100.0
187.17924520000815	71.0	100.0
187.199199100025	71.0	100.0
187.21936850002385	71.0	100.0
187.23932940000668	71.0	100.0
187.26063170001726	71.0	100.0
187.27915550000034	71.0	100.0
187.29940750001697	71.0	100.0
187.31932140002027	71.0	100.0
187.33879600002547	71.0	100.0
187.3595134000061	71.0	100.0
187.37930610001786	71.0	100.0
187.3996615000069	71.0	100.0
187.41951280002831	71.0	100.0
187.439592300012	71.0	100.0
187.46183250000468	71.0	100.0
187.47882720001508	71.0	100.0
187.50011650001397	71.0	100.0
187.5195230000245	71.0	100.0
187.5398079000006	71.0	100.0
187.55979130000924	71.0	100.0
187.58107310000923	71.0	100.0
187.60005160002038	71.0	100.0
187.61983060001512	71.0	100.0
187.63995120002073	71.0	100.0
187.66035980000743	71.0	100.0
187.6803227000055	71.0	100.0
187.7002855000028	71.0	100.0
187.7199968000059	71.0	100.0
187.74029410001822	71.0	100.0
187.76028760001645	71.0	100.0
187.78002670002752	71.0	100.0
187.80024030001368	71.0	100.0
187.81981620000442	71.0	100.0
187.84036290002405	71.0	100.0
187.86106360002304	71.0	100.0
187.8805924000044	71.0	100.0
187.90029140000115	71.0	100.0
187.91975480000838	71.0	100.0
187.9412973000144	71.0	100.0
187.960811500001	71.0	100.0
187.98055630002636	71.0	100.0
187.99971860001097	71.0	100.0
188.02072160001262	71.0	100.0
188.04071690002456	71.0	100.0
188.06094080000184	71.0	100.0
188.08122810002533	71.0	100.0
188.10103250000975	69.0	100.0
188.1206886	69.0	100.0
188.14086960002896	69.0	100.0
188.1610178000119	69.0	100.0
188.18095780001022	69.0	100.0
188.20019460000913	69.0	100.0
188.22044550001738	69.0	100.0
188.2402357000101	69.0	100.0
188.2607754000055	69.0	100.0
188.28047110000625	69.0	100.0
188.30048310002894	69.0	100.0
188.3202760000131	69.0	100.0
188.34041230002185	69.0	100.0
188.36058670000057	69.0	100.0
188.3805225000251	69.0	100.0
188.4004716000054	69.0	100.0
188.42045960001997	69.0	100.0
188.44041710000602	69.0	100.0
188.4611349000188	69.0	100.0
188.48067920000176	69.0	100.0
188.50074270000914	69.0	100.0
188.52104130000225	69.0	100.0
188.54055680002784	69.0	100.0
188.56134110002313	69.0	100.0
188.58090170001378	69.0	100.0
188.6003478000057	69.0	100.0
188.62062980001792	69.0	100.0
188.64075940000475	69.0	100.0
188.66102780000074	69.0	100.0
188.68052280001575	69.0	100.0
188.7006901000277	69.0	100.0
188.72056360001443	69.0	100.0
188.74056570001994	69.0	100.0
188.76096810001764	69.0	100.0
188.78066740001668	69.0	100.0
188.80092550002155	69.0	100.0
188.82078630002798	69.0	100.0
188.8406991000229	69.0	100.0
188.86107630000333	69.0	100.0
188.88087030002498	69.0	100.0
188.9034100000281	69.0	100.0
188.92065160002676	69.0	100.0
188.9410495000193	69.0	100.0
188.96347710001282	69.0	100.0
188.98081860001548	69.0	100.0
189.00113230000716	69.0	100.0
189.0210440000228	69.0	100.0
189.04118970001582	69.0	100.0
189.0620498000062	69.0	100.0
189.08148260001326	69.0	100.0
189.10217870000633	67.0	100.0
189.12231660002726	67.0	100.0
189.14172830001917	67.0	100.0
189.16115810000338	67.0	100.0
189.18187290002243	67.0	100.0
189.20105530001456	67.0	100.0
189.22132520002197	67.0	100.0
189.24235240000417	67.0	100.0
189.26335850000032	67.0	100.0
189.2809509000217	67.0	100.0
189.46354060000158	67.0	100.0
189.463576500013	67.0	100.0
189.46359500000835	67.0	100.0
189.46362120000413	67.0	100.0
189.46364630002063	67.0	100.0
189.4636689000181	67.0	100.0
189.46369180001784	67.0	100.0
189.46371480001835	67.0	100.0
189.4637367000105	67.0	100.0
189.48131130001275	67.0	100.0
189.50136850000126	67.0	100.0
189.5226194000279	67.0	100.0
189.57349910002085	67.0	100.0
189.57351880002534	67.0	100.0
189.5766655000043	67.0	100.0
189.59807680000085	67.0	100.0
189.7132816000085	67.0	100.0
189.7133010000107	67.0	100.0
189.71330890001263	67.0	100.0
189.71331680001458	67.0	100.0
189.71332420001272	67.0	100.0
189.72102640001685	67.0	100.0
189.74130640001385	67.0	100.0
189.76118950001546	67.0	100.0
189.78178590000607	67.0	100.0
189.83811850001803	67.0	100.0
189.8381377000187	67.0	100.0
189.84110210000654	67.0	100.0
189.86145590001252	67.0	100.0
189.8811093000113	67.0	100.0
189.92927400002372	67.0	100.0
189.9295439000125	67.0	100.0
189.94121860002633	67.0	100.0
189.96120070002507	67.0	100.0
189.98115810001036	67.0	100.0
190.03128060000017	67.0	100.0
190.03136840002844	67.0	100.0
190.04088720001164	67.0	100.0
190.06167640001513	67.0	100.0
190.0813772000256	67.0	100.0
190.13527860000613	66.0	100.0
190.13566530001117	66.0	100.0
190.14298520001466	66.0	100.0
190.1610000000219	66.0	100.0
190.18094160000328	66.0	100.0
190.20114670001203	66.0	100.0
190.2441867000016	66.0	100.0
190.24420500002452	66.0	100.0
190.26148870002362	66.0	100.0
190.28102810002747	66.0	100.0
190.30150320002576	66.0	100.0
190.33966270001838	66.0	100.0
190.3405850000272	66.0	100.0
190.3601289000071	66.0	100.0
190.38089800000307	66.0	100.0
190.4004196000169	66.0	100.0
190.44926050002687	66.0	100.0
190.44931460000225	66.0	100.0
190.46094160000212	66.0	100.0
190.48045500001172	66.0	100.0
190.50143770000432	66.0	100.0
190.69224060000852	66.0	100.0
190.69225990000996	66.0	100.0
190.69227390000015	66.0	100.0
190.69228710001335	66.0	100.0
190.69229510001605	66.0	100.0
190.69230280001648	66.0	100.0
190.69231010001386	66.0	100.0
190.6923172000097	66.0	100.0
190.69232440000633	66.0	100.0
190.7022510000097	66.0	100.0
190.72102870000526	66.0	100.0
190.74217100001988	66.0	100.0
190.7980377000058	66.0	100.0
190.7984869000211	66.0	100.0
190.8017163000186	66.0	100.0
190.933958300011	66.0	100.0
190.93397630000254	66.0	100.0
190.933984400006	66.0	100.0
190.93399240000872	66.0	100.0
190.93400260002818	66.0	100.0
190.93401040000026	66.0	100.0
190.94294820001232	66.0	100.0
190.96097820001887	66.0	100.0
190.98156540002674	66.0	100.0
191.00065160001395	66.0	100.0
191.02121340000303	66.0	100.0
191.040945500019	66.0	100.0
191.10065810001106	66.0	100.0
191.10104360000696	66.0	100.0
191.1024776000122	68.0	100.0
191.12129800001276	68.0	100.0
191.30703660001745	68.0	100.0
191.30707160002203	68.0	100.0
191.30708910000976	68.0	100.0
191.30710570001975	68.0	100.0
191.30712200002745	68.0	100.0
191.30786040000385	68.0	100.0
191.30787750001764	68.0	100.0
191.30788700000267	68.0	100.0
191.30789500000537	68.0	100.0
191.32120450001094	68.0	100.0
191.3409827000287	68.0	100.0
191.36124670002027	68.0	100.0
191.3810679000162	68.0	100.0
191.4008597000211	68.0	100.0
191.4209860000119	68.0	100.0
191.4565824000165	68.0	100.0
191.46115190000273	68.0	100.0
191.48120420001214	68.0	100.0
191.5021886000177	68.0	100.0
191.52212020001025	68.0	100.0
191.55030320002697	68.0	100.0
191.5617373000132	68.0	100.0
191.5817089000193	68.0	100.0
191.6012412000273	68.0	100.0
191.62110290001146	68.0	100.0
191.65308670001104	68.0	100.0
191.6632465000148	68.0	100.0
191.67994380000164	68.0	100.0
191.69832270001643	68.0	100.0
191.71788210002705	68.0	100.0
191.73673910001526	68.0	100.0
191.92089300000225	68.0	100.0
191.9209120000014	68.0	100.0
191.9209203000064	68.0	100.0
191.92092800000682	68.0	100.0
191.92093680001562	68.0	100.0
191.92094500001986	68.0	100.0
191.92095230001723	68.0	100.0
191.92095950001385	68.0	100.0
191.92114170000423	68.0	100.0
191.94199320001644	68.0	100.0
191.96129670002847	68.0	100.0
191.98107810001238	68.0	100.0
192.03493600001093	68.0	100.0
192.0354737000016	68.0	100.0
192.04237540002214	68.0	100.0
192.16977380000753	68.0	100.0
192.1698238000099	68.0	100.0
192.1698476000165	69.0	100.0
192.17047880002065	69.0	100.0
192.1704968000122	69.0	100.0
192.1705092000193	69.0	100.0
192.18161750002764	69.0	100.0
192.20077330002096	69.0	100.0
192.22147640000912	69.0	100.0
192.24520420000772	69.0	100.0
192.26235010000528	69.0	100.0
192.28089230001206	69.0	100.0
192.32921490000444	69.0	100.0
192.32923480001045	69.0	100.0
192.34154400002444	69.0	100.0
192.46842720001587	69.0	100.0
192.46912430002703	69.0	100.0
192.46914180001477	69.0	100.0
192.469150000019	69.0	100.0
192.4691580000217	69.0	100.0
192.4691686000151	69.0	100.0
192.4805966000131	69.0	100.0
192.50063500000397	69.0	100.0
192.5203664000146	69.0	100.0
192.55419300001813	69.0	100.0
192.58316100001684	69.0	100.0
192.58318950000103	69.0	100.0
192.59553480002796	69.0	100.0
192.61586160000297	69.0	100.0
192.63647290001973	69.0	100.0
192.6592008000007	69.0	100.0
192.6811128000263	69.0	100.0
192.7013134000008	69.0	100.0
192.72094230001676	69.0	100.0
192.7410690000106	69.0	100.0
192.76120460001403	69.0	100.0
192.78116940002656	69.0	100.0
192.801021900028	69.0	100.0
192.82125940002152	69.0	100.0
192.8413912000251	69.0	100.0
192.86137090000557	69.0	100.0
192.88078840001253	69.0	100.0
192.90067770000314	69.0	100.0
192.92042350000702	69.0	100.0
192.94056160000036	69.0	100.0
192.960974000016	69.0	100.0
192.9804328000173	69.0	100.0
193.00053410002147	69.0	100.0
193.0204443000257	69.0	100.0
193.04013760000817	69.0	100.0
193.06108230000245	69.0	100.0
193.0806225000124	69.0	100.0
193.10050730002695	68.0	100.0
193.12028740000096	68.0	100.0
193.14257670001825	68.0	100.0
193.16056910000043	68.0	100.0
193.18070850000367	68.0	100.0
193.20004250001512	68.0	100.0
193.22044690002804	68.0	100.0
193.2404846000136	68.0	100.0
193.25848280001082	68.0	100.0
193.27996330001042	68.0	100.0
193.3010379000043	68.0	100.0
193.3207852000196	68.0	100.0
193.34103610002785	68.0	100.0
193.35782830000971	68.0	100.0
193.38072370001464	68.0	100.0
193.40088900001138	68.0	100.0
193.42094430001453	68.0	100.0
193.4409902000043	68.0	100.0
193.46163870001328	68.0	100.0
193.4811311000085	68.0	100.0
193.5012851000065	68.0	100.0
193.52105060001486	68.0	100.0
193.54062670000712	68.0	100.0
193.56088980002096	68.0	100.0
193.5810675000248	68.0	100.0
193.6007599000004	68.0	100.0
193.6207147000241	68.0	100.0
193.64065110002412	68.0	100.0
193.6610825000098	68.0	100.0
193.68107630001032	68.0	100.0
193.70098310001777	68.0	100.0
193.7207223000005	68.0	100.0
193.74085810000543	68.0	100.0
193.76099520002026	68.0	100.0
193.78091980001773	68.0	100.0
193.8010560000257	68.0	100.0
193.8211376000254	68.0	100.0
193.84058670001104	68.0	100.0
193.86104710001382	68.0	100.0
193.88076360002742	68.0	100.0
193.9008020000183	68.0	100.0
193.92115450001438	68.0	100.0
193.94110660001752	68.0	100.0
193.9615165000141	68.0	100.0
193.98119490002864	68.0	100.0
194.0009692000167	68.0	100.0
194.0213439000072	68.0	100.0
194.0411437000148	68.0	100.0
194.0620778000157	68.0	100.0
194.08199980002246	68.0	100.0
194.1019889000163	68.0	100.0
194.12130530001014	68.0	100.0
194.14133500002208	68.0	100.0
194.1621593000018	68.0	100.0
194.18188870002632	68.0	100.0
194.2014935000043	68.0	100.0
194.22135970002273	68.0	100.0
194.24108470001374	68.0	100.0
194.26230070000747	68.0	100.0
194.28210620000027	68.0	100.0
194.30188920002547	68.0	100.0
194.32258840001305	68.0	100.0
194.34275300000445	68.0	100.0
194.36213000002317	68.0	100.0
194.38194790002308	68.0	100.0
194.40219800002524	68.0	100.0
194.422191700025	68.0	100.0
194.44202790001873	68.0	100.0
194.46283590001985	68.0	100.0
194.4820974000031	68.0	100.0
194.5022866000072	68.0	100.0
194.52223990001949	68.0	100.0
194.54210470002727	68.0	100.0
194.56261990001076	68.0	100.0
194.58244250001735	68.0	100.0
194.60222930001328	68.0	100.0
194.62258730002213	68.0	100.0
194.64233660002355	68.0	100.0
194.66252770001302	68.0	100.0
194.6821123000118	68.0	100.0
194.70317010002327	68.0	100.0
194.7224050000077	68.0	100.0
194.74269480002113	68.0	100.0
194.76370880001923	68.0	100.0
194.78303970000707	68.0	100.0
194.80254830000922	68.0	100.0
194.82339400000637	68.0	100.0
194.84285360001377	68.0	100.0
194.86386050001602	68.0	100.0
194.88299120002193	68.0	100.0
194.9042358000006	68.0	100.0
194.9232778000005	68.0	100.0
194.94357140001375	68.0	100.0
194.9635038000124	68.0	100.0
194.9832599000074	68.0	100.0
195.0036341000232	68.0	100.0
195.02325450000353	68.0	100.0
195.04302630000166	68.0	100.0
195.0635732000228	68.0	100.0
195.08391290000873	68.0	100.0
195.10398760001408	70.0	100.0
195.12389540000004	70.0	100.0
195.14377350002178	70.0	100.0
195.16397290001623	70.0	100.0
195.18337470002007	70.0	100.0
195.20351780002238	70.0	100.0
195.22351380001055	70.0	100.0
195.2460412000073	70.0	100.0
195.2649694000138	70.0	100.0
195.2839948000037	70.0	100.0
195.30375980000827	70.0	100.0
195.32398420001846	70.0	100.0
195.34445240002242	70.0	100.0
195.36402240002644	70.0	100.0
195.38264010002604	70.0	100.0
195.4031722000218	70.0	100.0
195.423758000019	70.0	100.0
195.44437240000116	70.0	100.0
195.46449930002564	70.0	100.0
195.48798020000686	70.0	100.0
195.50452450002194	70.0	100.0
195.52354710001964	70.0	100.0
195.54404030001024	70.0	100.0
195.5640557000006	70.0	100.0
195.58433280000463	70.0	100.0
195.60424710001098	70.0	100.0
195.6245938000211	70.0	100.0
195.64379740000004	70.0	100.0
195.6646987000131	70.0	100.0
195.68452650000108	70.0	100.0
195.70476410002448	70.0	100.0
195.72490960001596	70.0	100.0
195.74495290001505	70.0	100.0
195.76507410002523	70.0	100.0
195.784982400015	70.0	100.0
195.8045770000026	70.0	100.0
195.82482620002702	70.0	100.0
195.84437240002444	70.0	100.0
195.86448630000814	70.0	100.0
195.88421210000524	70.0	100.0
195.90457460001926	70.0	100.0
195.9243479000288	70.0	100.0
195.944458700018	70.0	100.0
195.9646738000156	70.0	100.0
195.98466230000486	70.0	100.0
196.0043078000017	70.0	100.0
196.02451290001045	70.0	100.0
196.04474890002166	70.0	100.0
196.06491100002313	70.0	100.0
196.085121000011	70.0	100.0
196.10540920001222	70.0	100.0
196.1250805000018	70.0	100.0
196.1472665000183	70.0	100.0
196.16512790002162	70.0	100.0
196.18530920002377	70.0	100.0
196.20448270000634	70.0	100.0
196.22442160002538	70.0	100.0
196.24456050002482	70.0	100.0
196.26500240000314	70.0	100.0
196.2845268000092	70.0	100.0
196.30462010001065	70.0	100.0
196.32450840002275	70.0	100.0
196.34476220002398	70.0	100.0
196.36490150002646	70.0	100.0
196.38489270000719	70.0	100.0
196.40475620000507	70.0	100.0
196.42484480002895	70.0	100.0
196.44464210001752	70.0	100.0
196.46630390000064	70.0	100.0
196.48545530001866	70.0	100.0
196.5060118000256	70.0	100.0
196.52532300000894	70.0	100.0
196.54546760002268	70.0	100.0
196.5661615000281	70.0	100.0
196.58601400000043	70.0	100.0
196.60555090001435	70.0	100.0
196.62491990000126	70.0	100.0
196.64538880001055	70.0	100.0
196.66499040002236	70.0	100.0
196.68539170001168	70.0	100.0
196.7048970000178	70.0	100.0
196.7236627000093	70.0	100.0
196.74580170001718	70.0	100.0
196.76508960002684	70.0	100.0
196.78496670001186	70.0	100.0
196.80559060000814	70.0	100.0
196.82515680001234	70.0	100.0
196.8450152000005	70.0	100.0
196.86578680001548	70.0	100.0
196.8877992000198	70.0	100.0
196.90581940000993	70.0	100.0
196.92604770002072	70.0	100.0
196.94588020001538	70.0	100.0
196.96614520001458	70.0	100.0
196.9864531000203	70.0	100.0
197.0049921000027	70.0	100.0
197.02596870000707	70.0	100.0
197.04618260002462	70.0	100.0
197.0665775000234	70.0	100.0
197.08626800001366	70.0	100.0
197.1065386000264	70.0	100.0
197.12595130002592	70.0	100.0
197.14621780000743	70.0	100.0
197.16643750001094	70.0	100.0
197.18595370001276	70.0	100.0
197.20597810001345	70.0	100.0
197.22610780000105	70.0	100.0
197.24628480002866	70.0	100.0
197.26632580001024	70.0	100.0
197.28596180002205	70.0	100.0
197.3060942000011	70.0	100.0
197.3263742000272	70.0	100.0
197.3462457000278	70.0	100.0
197.36658350002836	70.0	100.0
197.38648960000137	70.0	100.0
197.4066575000179	70.0	100.0
197.42646850002347	70.0	100.0
197.44674470002064	70.0	100.0
197.4672996000154	70.0	100.0
197.4861783000233	70.0	100.0
197.50631170000997	70.0	100.0
197.52658330000122	70.0	100.0
197.5464939000085	70.0	100.0
197.56677560001845	70.0	100.0
197.58724760002224	70.0	100.0
197.60669430001872	70.0	100.0
197.62699410002097	70.0	100.0
197.6463744000066	70.0	100.0
197.66683250002097	70.0	100.0
197.68660230000387	70.0	100.0
197.70720990002155	70.0	100.0
197.72637910000049	70.0	100.0
197.7470063000219	70.0	100.0
197.76822920000996	70.0	100.0
197.78706950001651	70.0	100.0
197.80643100000452	70.0	100.0
197.82670620002318	70.0	100.0
197.84709150000708	70.0	100.0
197.8667968000227	70.0	100.0
197.8866300000227	70.0	100.0
197.90598490001867	70.0	100.0
197.92715550001594	70.0	100.0
197.94759710002108	70.0	100.0
197.96743740001693	70.0	100.0
197.9871664000093	70.0	100.0
198.00754590000724	70.0	100.0
198.0276382000011	70.0	100.0
198.047301100014	70.0	100.0
198.06789740000386	70.0	100.0
198.08831480002846	70.0	100.0
198.10791880000033	70.0	100.0
198.12752900001942	70.0	100.0
198.147225600027	70.0	100.0
198.16771560002235	70.0	100.0
198.18795000002137	70.0	100.0
198.207373000012	70.0	100.0
198.22852560001775	70.0	100.0
198.24865250001312	70.0	100.0
198.2678053000127	70.0	100.0
198.28763400000753	70.0	100.0
198.30772770001204	70.0	100.0
198.32783250001376	70.0	100.0
198.34759320001467	70.0	100.0
198.36862590000965	70.0	100.0
198.38862160002463	70.0	100.0
198.40816780002206	70.0	100.0
198.42869240001892	70.0	100.0
198.44852620002348	70.0	100.0
198.46882030001143	70.0	100.0
198.48875170000247	70.0	100.0
198.5082249000261	70.0	100.0
198.52781320002396	70.0	100.0
198.548486100015	70.0	100.0
198.568291100004	70.0	100.0
198.5889814000111	70.0	100.0
198.60866310002166	70.0	100.0
198.62784180001472	70.0	100.0
198.64727210000274	70.0	100.0
198.6683563000115	70.0	100.0
198.6883142000006	70.0	100.0
198.7087156000198	70.0	100.0
198.7287322000193	70.0	100.0
198.748917000019	70.0	100.0
198.77549470000667	70.0	100.0
198.78876970001147	70.0	100.0
198.80825290002394	70.0	100.0
198.828253100015	70.0	100.0
198.8473261000181	70.0	100.0
198.86820600001374	70.0	100.0
198.88407880000887	70.0	100.0
198.90447090001544	70.0	100.0
198.9247787000204	70.0	100.0
198.94567559999996	70.0	100.0
198.96688370002084	70.0	100.0
198.9878228000016	70.0	100.0
199.00648120002006	70.0	100.0
199.0290550000209	70.0	100.0
199.04899410001235	70.0	100.0
199.06889170000795	70.0	100.0
199.09187540001585	70.0	100.0
199.1092808000103	70.0	100.0
199.12894290001714	70.0	100.0
199.15129190002335	70.0	100.0
199.1696699000022	70.0	100.0
199.1886956000235	70.0	100.0
199.20875570000499	70.0	100.0
199.22853260001284	70.0	100.0
199.2486176000093	70.0	100.0
199.26926960001583	70.0	100.0
199.28869270000723	70.0	100.0
199.30855360001442	70.0	100.0
199.3284339000238	70.0	100.0
199.34852950001368	70.0	100.0
199.3692415000114	70.0	100.0
199.38913560000947	70.0	100.0
199.40879910002695	70.0	100.0
199.42907790001482	70.0	100.0
199.44900950000738	70.0	100.0
199.46941240000888	70.0	100.0
199.4885322000191	70.0	100.0
199.5090751000098	70.0	100.0
199.52937100001145	70.0	100.0
199.5491844000062	70.0	100.0
199.57051390002016	70.0	100.0
199.58920400001807	70.0	100.0
199.608893800003	70.0	100.0
199.6297026000102	70.0	100.0
199.64896690001478	70.0	100.0
199.6699193000095	70.0	100.0
199.68912160000764	70.0	100.0
199.70933510002214	70.0	100.0
199.72891240002355	70.0	100.0
199.7498996000213	70.0	100.0
199.7689520000131	70.0	100.0
199.78918630001135	70.0	100.0
199.80969990001176	70.0	100.0
199.82973590001347	70.0	100.0
199.84896330002812	70.0	100.0
199.87032430002	70.0	100.0
199.88909600002808	70.0	100.0
199.9099966000067	70.0	100.0
199.9298505000188	70.0	100.0
199.94899350000196	70.0	100.0
199.96987360002822	70.0	100.0
199.99026650001178	70.0	100.0
200.00981050002156	70.0	100.0
200.02998630001093	70.0	100.0
200.050851100008	70.0	100.0
200.0710328000132	70.0	100.0
200.09020610002335	70.0	100.0
200.11134500001208	72.0	100.0
200.13071520000813	72.0	100.0
200.15077360000578	72.0	100.0
200.17111570000998	72.0	100.0
200.19090450002113	72.0	100.0
200.21043070001178	72.0	100.0
200.23143940002774	72.0	100.0
200.25079620000906	72.0	100.0
200.2712298000115	72.0	100.0
200.29097160001402	72.0	100.0
200.31113929999992	72.0	100.0
200.33146020001732	72.0	100.0
200.35131340002408	72.0	100.0
200.37100510002347	72.0	100.0
200.39146260000416	72.0	100.0
200.41176930000074	72.0	100.0
200.43109950001235	72.0	100.0
200.45024170001852	72.0	100.0
200.471311900008	72.0	100.0
200.49045940002543	72.0	100.0
200.5108267000178	72.0	100.0
200.5306723000249	72.0	100.0
200.55071180002415	72.0	100.0
200.57101900002453	72.0	100.0
200.59115280001424	72.0	100.0
200.61111920000985	72.0	100.0
200.63040080000064	72.0	100.0
200.6509999000118	72.0	100.0
200.6716732000059	72.0	100.0
200.69093450001674	72.0	100.0
200.71142060001148	72.0	100.0
200.73088700001244	72.0	100.0
200.75127590002376	72.0	100.0
200.77044310001656	72.0	100.0
200.7905036000011	72.0	100.0
200.8109174000274	72.0	100.0
200.83140190000995	72.0	100.0
200.8510681000189	72.0	100.0
200.87141860002885	72.0	100.0
200.89247950000572	72.0	100.0
200.91126820002683	72.0	100.0
200.93105710000964	72.0	100.0
200.9513644000108	72.0	100.0
200.97176580000087	72.0	100.0
200.99154180000187	72.0	100.0
201.01119030002155	72.0	100.0
201.03134870002395	72.0	100.0
201.05118040001253	72.0	100.0
201.07245020000846	72.0	100.0
201.0922864000022	72.0	100.0
201.11236660002032	72.0	100.0
201.1316066000145	72.0	100.0
201.15149120002752	72.0	100.0
201.17216620000545	72.0	100.0
201.1917297000182	72.0	100.0
201.21182550000958	72.0	100.0
201.23167890001787	72.0	100.0
201.25265730000683	72.0	100.0
201.27249800000573	72.0	100.0
201.2917424000043	72.0	100.0
201.3121435000212	72.0	100.0
201.33143530000234	72.0	100.0
201.35255120001966	72.0	100.0
201.37294540001312	72.0	100.0
201.39246630002162	72.0	100.0
201.41258990002098	72.0	100.0
201.43177110000397	72.0	100.0
201.45143920002738	72.0	100.0
201.47221740000532	72.0	100.0
201.49214390001725	72.0	100.0
201.51251960001537	72.0	100.0
201.5320492000028	72.0	100.0
201.55218750002678	72.0	100.0
201.5722535000241	72.0	100.0
201.59208110001055	72.0	100.0
201.61214370001107	72.0	100.0
201.63230110000586	72.0	100.0
201.65431280000485	72.0	100.0
201.6731847000192	72.0	100.0
201.69174540002132	72.0	100.0
201.71204310000758	72.0	100.0
201.73297230000026	72.0	100.0
201.75291910002124	72.0	100.0
201.772981600021	72.0	100.0
201.79299690001062	72.0	100.0
201.8128234000178	72.0	100.0
201.8324134000286	72.0	100.0
201.8523428000044	72.0	100.0
201.87277880002512	72.0	100.0
201.8917145000014	72.0	100.0
201.91248900000937	72.0	100.0
201.93174210001598	72.0	100.0
201.95258390001254	72.0	100.0
201.97307780000847	72.0	100.0
201.99254650002695	72.0	100.0
202.0119565000059	72.0	100.0
202.03276610001922	72.0	100.0
202.0524762000132	72.0	100.0
202.072931600007	72.0	100.0
202.09291970002232	72.0	100.0
202.1128714000224	70.0	100.0
202.13251230001333	70.0	100.0
202.15495420002844	70.0	100.0
202.17303340000217	70.0	100.0
202.1934259000118	70.0	100.0
202.2126368000172	70.0	100.0
202.23246100000688	70.0	100.0
202.25269330001902	70.0	100.0
202.27325400002883	70.0	100.0
202.29286610000418	70.0	100.0
202.31282940000528	70.0	100.0
202.33277780000935	70.0	100.0
202.35392040002625	70.0	100.0
202.37305820002803	70.0	100.0
202.39292550002574	70.0	100.0
202.4126545000181	70.0	100.0
202.4329573000141	70.0	100.0
202.4529343000031	70.0	100.0
202.47351320000598	70.0	100.0
202.4929735000187	70.0	100.0
202.5131617000152	70.0	100.0
202.5332368000236	70.0	100.0
202.55312280001817	70.0	100.0
202.57306850000168	70.0	100.0
202.59329650001018	70.0	100.0
202.61303950002184	70.0	100.0
202.63348850002512	70.0	100.0
202.65292890000273	70.0	100.0
202.67298450000817	70.0	100.0
202.69903909999994	70.0	100.0
202.7134906000283	70.0	100.0
202.73297590002767	70.0	100.0
202.75369630000205	70.0	100.0
202.7729087000189	70.0	100.0
202.79283170000417	70.0	100.0
202.81309060001513	70.0	100.0
202.83041570000933	70.0	100.0
202.85112920001848	70.0	100.0
202.87182420000318	70.0	100.0
202.8914467000286	70.0	100.0
202.91360750002787	70.0	100.0
202.93417550000595	70.0	100.0
202.95428080001147	70.0	100.0
202.97439840002335	70.0	100.0
202.99464550000266	70.0	100.0
203.0129697000084	70.0	100.0
203.03362030000426	70.0	100.0
203.05369750002865	70.0	100.0
203.07451800000854	70.0	100.0
203.09465820001788	70.0	100.0
203.1148013000202	70.0	100.0
203.13441280002007	70.0	100.0
203.1545137000212	70.0	100.0
203.1737867000047	70.0	100.0
203.1946279000258	70.0	100.0
203.21418470001663	70.0	100.0
203.23476170000504	70.0	100.0
203.25487990002148	70.0	100.0
203.2731405000086	70.0	100.0
203.2938828000042	70.0	100.0
203.31489640002837	70.0	100.0
203.33367060002638	70.0	100.0
203.354645000014	70.0	100.0
203.3745866000245	70.0	100.0
203.3949390000198	70.0	100.0
203.41496930000721	70.0	100.0
203.43517530002282	70.0	100.0
203.4547713000211	70.0	100.0
203.4757892000198	70.0	100.0
203.4943701000011	70.0	100.0
203.51494850000017	70.0	100.0
203.53448860000935	70.0	100.0
203.5542215000023	70.0	100.0
203.57397540000966	70.0	100.0
203.59495530001004	70.0	100.0
203.61421040000278	70.0	100.0
203.6345201000222	70.0	100.0
203.65425010002218	70.0	100.0
203.6751236000273	70.0	100.0
203.6940882000199	70.0	100.0
203.71515610002098	70.0	100.0
203.73483020000276	70.0	100.0
203.75498740002513	70.0	100.0
203.77499670002726	70.0	100.0
203.79497810002067	70.0	100.0
203.81432510001468	70.0	100.0
203.83518710001954	70.0	100.0
203.85441500000888	70.0	100.0
203.87466200001654	70.0	100.0
203.89377210001112	70.0	100.0
203.91550200001802	70.0	100.0
203.93499100001645	70.0	100.0
203.95644100001664	70.0	100.0
203.97560040000826	70.0	100.0
203.99555210000835	70.0	100.0
204.01554260001285	70.0	100.0
204.03544880001573	70.0	100.0
204.05544680001913	70.0	100.0
204.07578670000657	70.0	100.0
204.09573070000624	70.0	100.0
204.11638370002038	69.0	100.0
204.13594210002339	69.0	100.0
204.1558337000024	69.0	100.0
204.17606520000845	69.0	100.0
204.1964245000272	69.0	100.0
204.21493710001232	69.0	100.0
204.23542920002365	69.0	100.0
204.25583190002362	69.0	100.0
204.27597780001815	69.0	100.0
204.29575900000054	69.0	100.0
204.31551010001567	69.0	100.0
204.33565970000927	69.0	100.0
204.3564447000099	69.0	100.0
204.37565700002597	69.0	100.0
204.39620000001742	69.0	100.0
204.41578420001315	69.0	100.0
204.43635140001425	69.0	100.0
204.4560830000264	69.0	100.0
204.47632280000835	69.0	100.0
204.49564450001344	69.0	100.0
204.51558690000093	69.0	100.0
204.5361208000104	69.0	100.0
204.55675870002597	69.0	100.0
204.5767499000067	69.0	100.0
204.5965952000115	69.0	100.0
204.6162036000169	69.0	100.0
204.63616410002578	69.0	100.0
204.65567030000966	69.0	100.0
204.67680800001835	69.0	100.0
204.69574000002467	69.0	100.0
204.71520730000339	69.0	100.0
204.73565870002494	69.0	100.0
204.7563766000094	69.0	100.0
204.77667140000267	69.0	100.0
204.79697550000856	69.0	100.0
204.8156443000189	69.0	100.0
204.83598780000466	69.0	100.0
204.85670970001956	69.0	100.0
204.87689450001926	69.0	100.0
204.89640070000314	69.0	100.0
204.91662790000555	69.0	100.0
204.9366765000159	69.0	100.0
204.9565780000121	69.0	100.0
204.9763537000108	69.0	100.0
204.99588720002794	69.0	100.0
205.01557930000126	69.0	100.0
205.03591580002103	69.0	100.0
205.05585420000716	69.0	100.0
205.07661990000634	69.0	100.0
205.09654000002774	69.0	100.0
205.1163415000192	68.0	100.0
205.13608710002154	68.0	100.0
205.15855410002405	68.0	100.0
205.1767745000252	68.0	100.0
205.1971603000129	68.0	100.0
205.21681460001855	68.0	100.0
205.23696500001824	68.0	100.0
205.25640290000592	68.0	100.0
205.27740670001367	68.0	100.0
205.29728930001147	68.0	100.0
205.31636910000816	68.0	100.0
205.33638660001452	68.0	100.0
205.3563386000169	68.0	100.0
205.37712920000195	68.0	100.0
205.39655740000308	68.0	100.0
205.41684340001666	68.0	100.0
205.43688040002598	68.0	100.0
205.4569681000139	68.0	100.0
205.47723420002148	68.0	100.0
205.49753660001443	68.0	100.0
205.51709490001667	68.0	100.0
205.536333200027	68.0	100.0
205.55691450001905	68.0	100.0
205.57661440002266	68.0	100.0
205.5971781000262	68.0	100.0
205.61711210000794	68.0	100.0
205.63733390002744	68.0	100.0
205.65721080001094	68.0	100.0
205.67743620002875	68.0	100.0
205.69753350000246	68.0	100.0
205.7173878000176	68.0	100.0
205.73704630002612	68.0	100.0
205.75858830002835	68.0	100.0
205.77730410001823	68.0	100.0
205.79673520001234	68.0	100.0
205.8166086000274	68.0	100.0
205.8366164000181	68.0	100.0
205.8565691000258	68.0	100.0
205.87697420001496	68.0	100.0
205.8968409000081	68.0	100.0
205.91779790000874	68.0	100.0
205.936995200027	68.0	100.0
205.9572098000208	68.0	100.0
205.9770642000076	68.0	100.0
205.997748600028	68.0	100.0
206.01738730000216	68.0	100.0
206.0369637000258	68.0	100.0
206.05801180002163	68.0	100.0
206.0772849000059	68.0	100.0
206.09749030001694	68.0	100.0
206.11846160001005	66.0	100.0
206.248959700024	66.0	100.0
206.2489791000262	66.0	100.0
206.24898950001807	66.0	100.0
206.24899740002002	66.0	100.0
206.24900740000885	66.0	100.0
206.2490153000108	66.0	100.0
206.25723620000645	66.0	100.0
206.27817820000928	66.0	100.0
206.2978155000019	66.0	100.0
206.38028260000283	66.0	100.0
206.38030300001265	66.0	100.0
206.38031510001747	66.0	100.0
206.38032340002246	66.0	100.0
206.39788570001838	66.0	100.0
206.41690600002767	66.0	100.0
206.4371150000079	66.0	100.0
206.4576426000276	66.0	100.0
206.5502881000284	66.0	100.0
206.5503070000268	66.0	100.0
206.55032170002232	66.0	100.0
206.55033280001953	66.0	100.0
206.55692590001854	66.0	100.0
206.57782080001198	66.0	100.0
206.59817040001508	66.0	100.0
206.6733922000276	66.0	100.0
206.67341270000907	66.0	100.0
206.67342110001482	66.0	100.0
206.6785214000265	66.0	100.0
206.69788730001892	66.0	100.0
206.71835840001586	66.0	100.0
206.7970468000276	66.0	100.0
206.7970672000083	66.0	100.0
206.79708030002075	66.0	100.0
206.79826030001277	66.0	100.0
206.8178355000273	66.0	100.0
206.8381121000275	66.0	100.0
206.85791210000752	66.0	100.0
206.8785549000022	66.0	100.0
206.99724720002268	66.0	100.0
206.99726950001786	66.0	100.0
206.9972777000221	66.0	100.0
206.99728560002404	66.0	100.0
206.99729360002675	66.0	100.0
206.99882870001602	66.0	100.0
207.01821910002036	66.0	100.0
207.0385391000018	66.0	100.0
207.05831600000965	66.0	100.0
207.0792290000245	66.0	100.0
207.1679944000207	66.0	100.0
207.1680140000244	64.0	100.0
207.16802200002712	64.0	100.0
207.16803020000225	64.0	100.0
207.17931710000266	64.0	100.0
207.19918000002508	64.0	100.0
207.2964344000211	64.0	100.0
207.29645320001873	64.0	100.0
207.2964616000245	64.0	100.0
207.2964693000249	64.0	100.0
207.2985562000249	64.0	100.0
207.31908680000925	64.0	100.0
207.33867180001107	64.0	100.0
207.3985728000116	64.0	100.0
207.39859240001533	64.0	100.0
207.3994222000183	64.0	100.0
207.4192885000084	64.0	100.0
207.4394218000234	64.0	100.0
207.5275179000164	64.0	100.0
207.52753690001555	64.0	100.0
207.5275456000236	64.0	100.0
207.5275536000263	64.0	100.0
207.53922050000983	64.0	100.0
207.55969030002598	64.0	100.0
207.57944240001962	64.0	100.0
207.5997690000222	64.0	100.0
207.67003370000748	64.0	100.0
207.67008160002297	64.0	100.0
207.6701061000058	64.0	100.0
207.68071640000562	64.0	100.0
207.69929450002383	64.0	100.0
207.71955900001922	64.0	100.0
207.7895003000158	64.0	100.0
207.78952040002332	64.0	100.0
207.7895334000059	64.0	100.0
207.79476320001413	64.0	100.0
207.81689660000848	64.0	100.0
207.83702890001587	64.0	100.0
207.97455960002844	64.0	100.0
207.9745794000046	64.0	100.0
207.97459040000103	64.0	100.0
207.97459870000603	64.0	100.0
207.97460620000493	64.0	100.0
207.9746135000023	64.0	100.0
207.98312910000095	64.0	100.0
208.0017793000152	64.0	100.0
208.02656560001196	64.0	100.0
208.04335370002082	64.0	100.0
208.0621895000222	64.0	100.0
208.08241480001016	64.0	100.0
208.1040512000036	64.0	100.0
208.25318090000656	66.0	100.0
208.25320010000723	66.0	100.0
208.253213900025	66.0	100.0
208.25322210000013	66.0	100.0
208.2532302000036	66.0	100.0
208.25323790000402	66.0	100.0
208.2532457000052	66.0	100.0
208.2616590000107	66.0	100.0
208.2825281000114	66.0	100.0
208.3020257000171	66.0	100.0
208.4570126000035	66.0	100.0
208.45705990001443	66.0	100.0
208.45708420002484	66.0	100.0
208.45711400001892	66.0	100.0
208.45714930002578	66.0	100.0
208.45718580001267	66.0	100.0
208.4572217000241	66.0	100.0
208.46195810000063	66.0	100.0
208.4821399000066	66.0	100.0
208.50188230001368	66.0	100.0
208.52248420001706	66.0	100.0
208.71346440000343	66.0	100.0
208.7134836000041	66.0	100.0
208.71349830002873	66.0	100.0
208.71350920002442	66.0	100.0
208.71351720002713	66.0	100.0
208.7135248000268	66.0	100.0
208.71353220002493	66.0	100.0
208.7135395000223	66.0	100.0
208.71354670001892	66.0	100.0
208.72322300000815	66.0	100.0
208.7418646000151	66.0	100.0
208.76283170000534	66.0	100.0
208.78211450000526	66.0	100.0
208.80204770001	66.0	100.0
208.82269860000815	66.0	100.0
208.96906430000672	66.0	100.0
208.9690830000036	66.0	100.0
208.96909110000706	66.0	100.0
208.96909920001053	66.0	100.0
208.96910820002086	66.0	100.0
208.9691161000228	66.0	100.0
208.96912350002094	66.0	100.0
208.9834609000245	66.0	100.0
209.00268370000413	66.0	100.0
209.022729600023	66.0	100.0
209.17466610000702	66.0	100.0
209.17468560000998	66.0	100.0
209.17469840002013	66.0	100.0
209.17471750002005	66.0	100.0
209.174725400022	67.0	100.0
209.17473280002014	67.0	100.0
209.17474010001752	67.0	100.0
209.18356990002212	67.0	100.0
209.20321190002142	67.0	100.0
209.22362110001268	67.0	100.0
209.37955240000156	67.0	100.0
209.37957240000833	67.0	100.0
209.37958060001256	67.0	100.0
209.37958870001603	67.0	100.0
209.37959650001721	67.0	100.0
209.37960370001383	67.0	100.0
209.3796113000135	67.0	100.0
209.3839729000174	67.0	100.0
209.40396460000193	67.0	100.0
209.42437050002627	67.0	100.0
209.58446340000955	67.0	100.0
209.5844985000149	67.0	100.0
209.58451590000186	67.0	100.0
209.58453250001185	67.0	100.0
209.58454880001955	67.0	100.0
209.58456480002496	67.0	100.0
209.58458090000204	67.0	100.0
209.58645930001512	67.0	100.0
209.60443680000026	67.0	100.0
209.62430630001472	67.0	100.0
209.6442262000055	67.0	100.0
209.78953140001977	67.0	100.0
209.7895510000235	67.0	100.0
209.7895590000262	67.0	100.0
209.7895673000021	67.0	100.0
209.78957490000175	67.0	100.0
209.7895822999999	67.0	100.0
209.7895895000256	67.0	100.0
209.80387830000836	67.0	100.0
209.82429720001528	67.0	100.0
209.84427370000049	67.0	100.0
209.99428970000008	67.0	100.0
209.99432850000449	67.0	100.0
209.99434610002209	67.0	100.0
209.9943634000083	67.0	100.0
209.99438000001828	67.0	100.0
209.99439610002446	67.0	100.0
209.9944167000067	67.0	100.0
210.00506400002632	67.0	100.0
210.02389290000428	67.0	100.0
210.04530720002367	67.0	100.0
210.1660847000021	67.0	100.0
210.16610510001192	67.0	100.0
210.16611350001767	67.0	100.0
210.16612160002114	67.0	100.0
210.1661295000231	67.0	100.0
210.16613710002275	67.0	100.0
210.18351990001975	67.0	100.0
210.2047713000211	67.0	100.0
210.3917114000069	67.0	100.0
210.39176000002772	67.0	100.0
210.39178420000826	67.0	100.0
210.39180650000344	67.0	100.0
210.39182880002772	67.0	100.0
210.39185090002138	67.0	100.0
210.39187300001504	67.0	100.0
210.3918946000049	67.0	100.0
210.39191620002384	67.0	100.0
210.405438900023	67.0	100.0
210.42406310001388	67.0	100.0
210.4458569000126	67.0	100.0
210.4654321000271	67.0	100.0
210.60873280002852	67.0	100.0
210.60875440001837	67.0	100.0
210.60876280002412	67.0	100.0
210.6087714000023	67.0	100.0
210.60877930000424	67.0	100.0
210.60878660000162	67.0	100.0
210.60879380002734	67.0	100.0
210.62559150002198	67.0	100.0
210.64586820002296	67.0	100.0
210.66449310001917	67.0	100.0
210.76682130002882	67.0	100.0
210.76684040002874	67.0	100.0
210.7668485000031	67.0	100.0
210.76685660000658	67.0	100.0
210.766864300007	67.0	100.0
210.7862701000122	67.0	100.0
210.80540980002843	67.0	100.0
210.9535625000135	67.0	100.0
210.95359880002798	67.0	100.0
210.95361640001647	67.0	100.0
210.95363320002798	67.0	100.0
210.9536497000081	67.0	100.0
210.95366610001656	67.0	100.0
210.95368870001403	67.0	100.0
210.96517890001996	67.0	100.0
210.98601830002735	67.0	100.0
211.09488640000927	67.0	100.0
211.09490510000614	67.0	100.0
211.09491360001266	67.0	100.0
211.09492370000225	67.0	100.0
211.09493180000572	67.0	100.0
211.1064074000169	67.0	100.0
211.1258222000033	66.0	100.0
211.14503470002091	66.0	100.0
211.16670660002274	66.0	100.0
211.1876842000056	66.0	100.0
211.20604780002031	66.0	100.0
211.22593240000424	66.0	100.0
211.24601710002753	66.0	100.0
211.2652788000123	66.0	100.0
211.28659770000377	66.0	100.0
211.30515070000547	66.0	100.0
211.32575550000183	66.0	100.0
211.34634360001655	66.0	100.0
211.3661037000129	66.0	100.0
211.38531350000994	66.0	100.0
211.4077227000089	66.0	100.0
211.42431720002787	66.0	100.0
211.44610740002827	66.0	100.0
211.46534240001347	66.0	100.0
211.4857721000153	66.0	100.0
211.50642770002014	66.0	100.0
211.52601850000792	66.0	100.0
211.54544670000905	66.0	100.0
211.56523610002478	66.0	100.0
211.5854904000007	66.0	100.0
211.60609190000105	66.0	100.0
211.62622440000996	66.0	100.0
211.64631330000702	66.0	100.0
211.66580260000774	66.0	100.0
211.6863073000277	66.0	100.0
211.7054339000024	66.0	100.0
211.7252329000039	66.0	100.0
211.74615960000665	66.0	100.0
211.76627240001108	66.0	100.0
211.7864023000002	66.0	100.0
211.80548010001075	66.0	100.0
211.82524080001167	66.0	100.0
211.84531820000848	66.0	100.0
211.86603070001001	66.0	100.0
211.8879870000237	66.0	100.0
211.90635680002742	66.0	100.0
211.92644890001975	66.0	100.0
211.94643920002272	66.0	100.0
211.96634390001418	66.0	100.0
211.98614930000622	66.0	100.0
212.00690730000497	66.0	100.0
212.02579620000324	66.0	100.0
212.0463092000282	66.0	100.0
212.06609590002336	66.0	100.0
212.08734890000778	66.0	100.0
212.10959450001246	66.0	100.0
212.12801060001948	65.0	100.0
212.14574660002836	65.0	100.0
212.16648480002186	65.0	100.0
212.18745180001133	65.0	100.0
212.2066939000215	65.0	100.0
212.226527300023	65.0	100.0
212.24790140002733	65.0	100.0
212.26696790001006	65.0	100.0
212.2874160000065	65.0	100.0
212.3072207000223	65.0	100.0
212.32683050000924	65.0	100.0
212.34600880002836	65.0	100.0
212.36622520000674	65.0	100.0
212.38633370000753	65.0	100.0
212.40599840000505	65.0	100.0
212.4260990000039	65.0	100.0
212.44574600001215	65.0	100.0
212.4656497000251	65.0	100.0
212.48624630001723	65.0	100.0
212.50644270001794	65.0	100.0
212.52627300002496	65.0	100.0
212.54675000000861	65.0	100.0
212.56733980000718	65.0	100.0
212.5875199000002	65.0	100.0
212.60682670000824	65.0	100.0
212.62609530001646	65.0	100.0
212.6460585000168	65.0	100.0
212.6672578000289	65.0	100.0
212.68744460001471	65.0	100.0
212.70755970000755	65.0	100.0
212.72710640000878	65.0	100.0
212.74652930002776	65.0	100.0
212.76678420000826	65.0	100.0
212.78776700000162	65.0	100.0
212.8078569000063	65.0	100.0
212.82426990001113	65.0	100.0
212.84524600001168	65.0	100.0
212.86623250000412	65.0	100.0
212.89367940000375	65.0	100.0
212.9049486000149	65.0	100.0
212.9288296000159	65.0	100.0
212.94641020000563	65.0	100.0
212.96764120002626	65.0	100.0
212.98736700002337	65.0	100.0
213.0071983000089	65.0	100.0
213.02806050001527	65.0	100.0
213.0476137000078	65.0	100.0
213.0677462000167	65.0	100.0
213.087977600022	65.0	100.0
213.10873590002302	65.0	100.0
213.1289518000267	65.0	100.0
213.14810820002458	65.0	100.0
213.16793940000935	65.0	100.0
213.18786280002678	65.0	100.0
213.208844400011	65.0	100.0
213.22870460001286	65.0	100.0
213.24777820002055	65.0	100.0
213.26614810002502	65.0	100.0
213.28956930001732	65.0	100.0
213.30785340000875	65.0	100.0
213.32790090001072	65.0	100.0
213.34774330002256	65.0	100.0
213.36772680000286	65.0	100.0
213.3885503000056	65.0	100.0
213.4093418000266	65.0	100.0
213.4279556000256	65.0	100.0
213.44801450002706	65.0	100.0
213.46836720002466	65.0	100.0
213.4892277000181	65.0	100.0
213.5078989000176	65.0	100.0
213.5287973000086	65.0	100.0
213.54805680000572	65.0	100.0
213.5693415000278	65.0	100.0
213.58721660001902	65.0	100.0
213.60914880002383	65.0	100.0
213.62908130002324	65.0	100.0
213.64798930002144	65.0	100.0
213.66899480001302	65.0	100.0
213.68931580000208	65.0	100.0
213.7088033000182	65.0	100.0
213.72915170001215	65.0	100.0
213.74904370002332	65.0	100.0
213.76931360000162	65.0	100.0
213.78789570002118	65.0	100.0
213.80857390002348	65.0	100.0
213.82822760002455	65.0	100.0
213.85010170002352	65.0	100.0
213.8684954000055	65.0	100.0
213.88877190000494	65.0	100.0
213.90614170001936	65.0	100.0
213.92713810002897	65.0	100.0
213.9465466000256	65.0	100.0
213.96591760002775	65.0	100.0
213.9873035000055	65.0	100.0
214.00898600000073	65.0	100.0
214.0288387000037	65.0	100.0
214.0489531000203	65.0	100.0
214.06823970002006	65.0	100.0
214.08978800001205	65.0	100.0
214.11070940000354	65.0	100.0
214.12766290002037	66.0	100.0
214.1479400000244	66.0	100.0
214.17168570001377	66.0	100.0
214.19001280001248	66.0	100.0
214.20925310000894	66.0	100.0
214.22958920002566	66.0	100.0
214.24975090002408	66.0	100.0
214.26969930002815	66.0	100.0
214.29243160001351	66.0	100.0
214.30940500000725	66.0	100.0
214.33006870001554	66.0	100.0
214.3498347000277	66.0	100.0
214.370596200024	66.0	100.0
214.38937860002625	66.0	100.0
214.4100776000123	66.0	100.0
214.42970440001227	66.0	100.0
214.45005570002832	66.0	100.0
214.46887150002294	66.0	100.0
214.4893226000131	66.0	100.0
214.51059480002732	66.0	100.0
214.52804500001366	66.0	100.0
214.54961420001928	66.0	100.0
214.57018140002037	66.0	100.0
214.5906357000058	66.0	100.0
214.60972890001722	66.0	100.0
214.62968880002154	66.0	100.0
214.64998740001465	66.0	100.0
214.67011010000715	66.0	100.0
214.6900774000096	66.0	100.0
214.70986540001468	66.0	100.0
214.7299570000032	66.0	100.0
214.74944470002083	66.0	100.0
214.7716766000085	66.0	100.0
214.78986750001786	66.0	100.0
214.80983750001178	66.0	100.0
214.8297935000155	66.0	100.0
214.84997150002164	66.0	100.0
214.8704767000163	66.0	100.0
214.89120580002782	66.0	100.0
214.9102238000196	66.0	100.0
214.9304774000193	66.0	100.0
214.95025810002699	66.0	100.0
214.9696297000046	66.0	100.0
214.99003680000897	66.0	100.0
215.01331320000463	66.0	100.0
215.03038090001792	66.0	100.0
215.05123470001854	66.0	100.0
215.06975490000332	66.0	100.0
215.0909633000265	66.0	100.0
215.1109186000249	66.0	100.0
215.13088350000908	65.0	100.0
215.15081240001018	65.0	100.0
215.1711420000065	65.0	100.0
215.19167620001826	65.0	100.0
215.21148360002553	65.0	100.0
215.23053750002873	65.0	100.0
215.25153590002446	65.0	100.0
215.27069000000483	65.0	100.0
215.29479230000288	65.0	100.0
215.31109370000195	65.0	100.0
215.3314199000015	65.0	100.0
215.3504810000013	65.0	100.0
215.37127810000675	65.0	100.0
215.39190850002342	65.0	100.0
215.41176790001919	65.0	100.0
215.43158300002688	65.0	100.0
215.45155520000844	65.0	100.0
215.47035030002007	65.0	100.0
215.49198380002053	65.0	100.0
215.511158600013	65.0	100.0
215.53149620001204	65.0	100.0
215.55032550002215	65.0	100.0
215.57158350001555	65.0	100.0
215.59235010002158	65.0	100.0
215.6118676000042	65.0	100.0
215.631180700002	65.0	100.0
215.65126400001463	65.0	100.0
215.67040550001548	65.0	100.0
215.6933304000122	65.0	100.0
215.7101991000236	65.0	100.0
215.7313828000042	65.0	100.0
215.75014730001567	65.0	100.0
215.77086480002617	65.0	100.0
215.79346700001042	65.0	100.0
215.81098770000972	65.0	100.0
215.83172740001464	65.0	100.0
215.85168560000602	65.0	100.0
215.87094350002008	65.0	100.0
215.8918105000048	65.0	100.0
215.9115146000113	65.0	100.0
215.9317661000241	65.0	100.0
215.94854240000132	65.0	100.0
215.96937450001133	65.0	100.0
215.99089090002235	65.0	100.0
216.01250600002822	65.0	100.0
216.0298912000144	65.0	100.0
216.05221240001265	65.0	100.0
216.07187800001702	65.0	100.0
216.09341530001257	65.0	100.0
216.11359450002783	65.0	100.0
216.1332337000058	66.0	100.0
216.15281550001237	66.0	100.0
216.17228750002687	66.0	100.0
216.1926805000112	66.0	100.0
216.21314930001972	66.0	100.0
216.23192000002018	66.0	100.0
216.25363610000932	66.0	100.0
216.27311450001434	66.0	100.0
216.29314200000954	66.0	100.0
216.31494010001188	66.0	100.0
216.33187130000442	66.0	100.0
216.35208580002654	66.0	100.0
216.37343660002807	66.0	100.0
216.39235960002407	66.0	100.0
216.4122002000222	66.0	100.0
216.43221180001274	66.0	100.0
216.45270490000257	66.0	100.0
216.47192180002457	66.0	100.0
216.49256590000005	66.0	100.0
216.51258250002866	66.0	100.0
216.53269690001616	66.0	100.0
216.55201010001474	66.0	100.0
216.57273770001484	66.0	100.0
216.59243530000094	66.0	100.0
216.61480500001926	66.0	100.0
216.63251250001485	66.0	100.0
216.65211940000881	66.0	100.0
216.67225450000842	66.0	100.0
216.693883800006	66.0	100.0
216.71328920000815	66.0	100.0
216.7335145000252	66.0	100.0
216.75362250002217	66.0	100.0
216.77324650000082	66.0	100.0
216.7927739000006	66.0	100.0
216.8144803000032	66.0	100.0
216.83315900000161	66.0	100.0
216.85352330000023	66.0	100.0
216.87360050002462	66.0	100.0
216.89321780001046	66.0	100.0
216.91252970002824	66.0	100.0
216.9341340000101	66.0	100.0
216.95360580002307	66.0	100.0
216.97444810002344	66.0	100.0
216.99314720000257	66.0	100.0
217.01227250002557	66.0	100.0
217.03939090002677	66.0	100.0
217.05289380002068	66.0	100.0
217.07327770002303	66.0	100.0
217.09329090002575	66.0	100.0
217.11381520002033	66.0	100.0
217.13434270001017	66.0	100.0
217.15380150001147	66.0	100.0
217.17585520001012	66.0	100.0
217.19373200001428	66.0	100.0
217.2135170000256	66.0	100.0
217.23344450001605	66.0	100.0
217.25325390000944	66.0	100.0
217.27336420002393	66.0	100.0
217.2938712000032	66.0	100.0
217.31364790000953	66.0	100.0
217.33377160000964	66.0	100.0
217.35301070002606	66.0	100.0
217.37387230002787	66.0	100.0
217.3932555000065	66.0	100.0
217.4134004000225	66.0	100.0
217.43421580002178	66.0	100.0
217.45341720001306	66.0	100.0
217.47307030000957	66.0	100.0
217.4939748000179	66.0	100.0
217.51394490001258	66.0	100.0
217.53652600001078	66.0	100.0
217.5539517000143	66.0	100.0
217.57377440002165	66.0	100.0
217.59455160002108	66.0	100.0
217.6141159000108	66.0	100.0
217.633945700014	66.0	100.0
217.65413380000973	66.0	100.0
217.6739720000187	66.0	100.0
217.69373650001944	66.0	100.0
217.71481950001908	66.0	100.0
217.73427760001505	66.0	100.0
217.75413590000244	66.0	100.0
217.7740486000257	66.0	100.0
217.79416580000543	66.0	100.0
217.81393370000296	66.0	100.0
217.83335200001602	66.0	100.0
217.8539467000228	66.0	100.0
217.87395720000495	66.0	100.0
217.8942873000051	66.0	100.0
217.91438530001324	66.0	100.0
217.93395300002885	66.0	100.0
217.95409850002034	66.0	100.0
217.97401530001662	66.0	100.0
217.9940917000058	66.0	100.0
218.01540620002197	66.0	100.0
218.03434860002017	66.0	100.0
218.05427540000528	66.0	100.0
218.07340830002795	66.0	100.0
218.09380740000051	66.0	100.0
218.11800230000517	66.0	100.0
218.1352831000113	66.0	100.0
218.15413170002284	66.0	100.0
218.17436830000952	66.0	100.0
218.19439100002637	66.0	100.0
218.21400140001788	66.0	100.0
218.23326210002415	66.0	100.0
218.25462670001434	66.0	100.0
218.2741839000082	66.0	100.0
218.29456750000827	66.0	100.0
218.31443390002823	66.0	100.0
218.33423180002137	66.0	100.0
218.35596400001668	66.0	100.0
218.37511740002083	66.0	100.0
218.39423750000424	66.0	100.0
218.4137999000086	66.0	100.0
218.4339777000132	66.0	100.0
218.45423950001714	66.0	100.0
218.47363200000837	66.0	100.0
218.49387470001238	66.0	100.0
218.51352120001684	66.0	100.0
218.53392890002578	66.0	100.0
218.55466530000558	66.0	100.0
218.57467700002599	66.0	100.0
218.59531470001093	66.0	100.0
218.61376940002083	66.0	100.0
218.6337240000139	66.0	100.0
218.6539075000037	66.0	100.0
218.67478840000695	66.0	100.0
218.69397190000745	66.0	100.0
218.71378080002614	66.0	100.0
218.73415000000386	66.0	100.0
218.7540385000175	66.0	100.0
218.7740512000164	66.0	100.0
218.79386900001555	66.0	100.0
218.81371460002265	66.0	100.0
218.83400270002312	66.0	100.0
218.85390180000104	66.0	100.0
218.87380740002845	66.0	100.0
218.89483440000913	66.0	100.0
218.91393980002613	66.0	100.0
218.93286410000292	66.0	100.0
218.95330860000104	66.0	100.0
218.97416090001934	66.0	100.0
218.98989980001352	66.0	100.0
219.00988120000693	66.0	100.0
219.03132520001964	66.0	100.0
219.05335050000576	66.0	100.0
219.07532280002488	66.0	100.0
219.09620930001256	66.0	100.0
219.11607880002703	66.0	100.0
219.1358321000007	66.0	100.0
219.1556133000122	66.0	100.0
219.17578550000326	66.0	100.0
219.19546970000374	66.0	100.0
219.21559990002424	66.0	100.0
219.23425870001665	66.0	100.0
219.25573840001016	66.0	100.0
219.27735870002653	66.0	100.0
219.29556460000458	66.0	100.0
219.31544530001702	66.0	100.0
219.33596280001802	66.0	100.0
219.35571230002097	66.0	100.0
219.37535740001476	66.0	100.0
219.39601320002112	66.0	100.0
219.41539890001877	66.0	100.0
219.43493180000223	66.0	100.0
219.4560476000188	66.0	100.0
219.47535160000552	66.0	100.0
219.49560820002807	66.0	100.0
219.516394700011	66.0	100.0
219.535683300026	66.0	100.0
219.5556174000085	66.0	100.0
219.57690570002887	66.0	100.0
219.5959492000111	66.0	100.0
219.61556340000243	66.0	100.0
219.63564810002572	66.0	100.0
219.65532000001986	66.0	100.0
219.6740853000083	66.0	100.0
219.69597050000448	66.0	100.0
219.71431740000844	66.0	100.0
219.73556160001317	66.0	100.0
219.75527350002085	66.0	100.0
219.77534140000353	66.0	100.0
219.79617200000212	66.0	100.0
219.81582210000488	66.0	100.0
219.83431130001554	66.0	100.0
219.855527000007	66.0	100.0
219.8752776000183	66.0	100.0
219.89587720000418	66.0	100.0
219.91535390002537	66.0	100.0
219.93568810002762	66.0	100.0
219.95494640001561	66.0	100.0
219.97586890001548	66.0	100.0
219.9960407000035	66.0	100.0
220.01539410001715	66.0	100.0
220.03675950001343	66.0	100.0
220.05634120001923	66.0	100.0
220.07437770001707	66.0	100.0
220.09616120002465	66.0	100.0
220.1155751000042	66.0	100.0
220.13524390000384	65.0	100.0
220.15581260001636	65.0	100.0
220.1778943000245	65.0	100.0
220.19865570002003	65.0	100.0
220.2168010000023	65.0	100.0
220.2339344000211	65.0	100.0
220.2555212000152	65.0	100.0
220.2756830000144	65.0	100.0
220.29646280000452	65.0	100.0
220.31719060000614	65.0	100.0
220.33749150001677	65.0	100.0
220.35614190000342	65.0	100.0
220.37670160000562	65.0	100.0
220.3969167000032	65.0	100.0
220.41647480000393	65.0	100.0
220.43562410000595	65.0	100.0
220.45606810000027	65.0	100.0
220.47523660000297	65.0	100.0
220.49707210002816	65.0	100.0
220.51578520002658	65.0	100.0
220.53641010000138	65.0	100.0
220.55599780002376	65.0	100.0
220.5761812000128	65.0	100.0
220.59665390002192	65.0	100.0
220.61548570002196	65.0	100.0
220.63611420002417	65.0	100.0
220.65661500001443	65.0	100.0
220.6762105000089	65.0	100.0
220.69644890000927	65.0	100.0
220.72128970001359	65.0	100.0
220.73654140002327	65.0	100.0
220.75604740000563	65.0	100.0
220.77674590001698	65.0	100.0
220.7968437000236	65.0	100.0
220.81715360001544	65.0	100.0
220.8367856000259	65.0	100.0
220.85661990000517	65.0	100.0
220.87660680001136	65.0	100.0
220.89722300000722	65.0	100.0
220.9159411000146	65.0	100.0
220.93721330002882	65.0	100.0
220.95868750000955	65.0	100.0
220.97712790002697	65.0	100.0
220.9969147000229	65.0	100.0
221.01799010002287	65.0	100.0
221.03667610001867	65.0	100.0
221.0565395000158	65.0	100.0
221.07671180000762	65.0	100.0
221.10346250000293	65.0	100.0
221.13538600000902	65.0	100.0
221.1397870000219	66.0	100.0
221.157216600026	66.0	100.0
221.17811050001183	66.0	100.0
221.19965510000475	66.0	100.0
221.21787330001825	66.0	100.0
221.23776860002545	66.0	100.0
221.2702751000179	66.0	100.0
221.27841580001405	66.0	100.0
221.29797730001155	66.0	100.0
221.3180758000235	66.0	100.0
221.33810190000804	66.0	100.0
221.3580470000161	66.0	100.0
221.37781770000583	66.0	100.0
221.39721920000738	66.0	100.0
221.41804840002442	66.0	100.0
221.43835810001474	66.0	100.0
221.45789840002544	66.0	100.0
221.47794990002876	66.0	100.0
221.49814770001103	66.0	100.0
221.51812110000174	66.0	100.0
221.53720860002795	66.0	100.0
221.55718430000707	66.0	100.0
221.57724440001766	66.0	100.0
221.59803420002572	66.0	100.0
221.61724740001955	66.0	100.0
221.637698800012	66.0	100.0
221.65846180001972	66.0	100.0
221.6778288000205	66.0	100.0
221.698092000006	66.0	100.0
221.71790830002283	66.0	100.0
221.73866890001227	66.0	100.0
221.75753120001173	66.0	100.0
221.77796330000274	66.0	100.0
221.79816780000692	66.0	100.0
221.8179560000135	66.0	100.0
221.83812030000263	66.0	100.0
221.85900590001256	66.0	100.0
221.8778719000111	66.0	100.0
221.89805160000105	66.0	100.0
221.9181856000214	66.0	100.0
221.93974359999993	66.0	100.0
221.95792060001986	66.0	100.0
221.97930330000236	66.0	100.0
221.9992109000159	66.0	100.0
222.01843390002614	66.0	100.0
222.03717390002566	66.0	100.0
222.05781040000147	66.0	100.0
222.07773140000063	66.0	100.0
222.09799270000076	66.0	100.0
222.1189515000151	66.0	100.0
222.13943210002617	67.0	100.0
222.15887460001977	67.0	100.0
222.1790016000159	67.0	100.0
222.19923650001874	67.0	100.0
222.21928280001157	67.0	100.0
222.23968400000012	67.0	100.0
222.25930390000576	67.0	100.0
222.27897160002613	67.0	100.0
222.2998346000095	67.0	100.0
222.31840590000502	67.0	100.0
222.3392870000098	67.0	100.0
222.35903730001883	67.0	100.0
222.37948800000595	67.0	100.0
222.39996000000974	67.0	100.0
222.4190112000215	67.0	100.0
222.43848380001145	67.0	100.0
222.46028180001304	67.0	100.0
222.4793896000192	67.0	100.0
222.4995338000008	67.0	100.0
222.51911250001285	67.0	100.0
222.53964550001547	67.0	100.0
222.55963740000152	67.0	100.0
222.57986330002313	67.0	100.0
222.5996045000211	67.0	100.0
222.6192726000154	67.0	100.0
222.63983520001057	67.0	100.0
222.65956450000522	67.0	100.0
222.68000010002288	67.0	100.0
222.699809200014	67.0	100.0
222.71987410000293	67.0	100.0
222.73959460001788	67.0	100.0
222.75971100002062	67.0	100.0
222.77963700002874	67.0	100.0
222.7998343000072	67.0	100.0
222.81957610000973	67.0	100.0
222.83976880001137	67.0	100.0
222.8613444000075	67.0	100.0
222.87990170001285	67.0	100.0
222.89933600000222	67.0	100.0
222.91955120000057	67.0	100.0
222.93973820001702	67.0	100.0
222.96144110002206	67.0	100.0
222.98000570002478	67.0	100.0
222.99979310002527	67.0	100.0
223.0199773000204	67.0	100.0
223.03968230000464	67.0	100.0
223.0601614000043	67.0	100.0
223.07864550000522	67.0	100.0
223.1016647000215	67.0	100.0
223.12748390002525	67.0	100.0
223.1468316000246	66.0	100.0
223.16217090000282	66.0	100.0
223.1801390000037	66.0	100.0
223.19577230000868	66.0	100.0
223.21477120000054	66.0	100.0
223.2363651000196	66.0	100.0
223.25704210001277	66.0	100.0
223.27754630002892	66.0	100.0
223.2997632000188	66.0	100.0
223.31889550000778	66.0	100.0
223.33933370001614	66.0	100.0
223.36015780002344	66.0	100.0
223.37798690001364	66.0	100.0
223.3968220000097	66.0	100.0
223.41830320001463	66.0	100.0
223.43726670002798	66.0	100.0
223.4573034000059	66.0	100.0
223.4774057000177	66.0	100.0
223.49903000000631	66.0	100.0
223.5199077000143	66.0	100.0
223.54018960002577	66.0	100.0
223.56001720001223	66.0	100.0
223.58077420000336	66.0	100.0
223.60112510001636	66.0	100.0
223.62039890000597	66.0	100.0
223.63964320000377	66.0	100.0
223.66087470002822	66.0	100.0
223.68053960002726	66.0	100.0
223.70091320000938	66.0	100.0
223.7198369000107	66.0	100.0
223.74000210000668	66.0	100.0
223.76014270001906	66.0	100.0
223.78280040001846	66.0	100.0
223.8010100000247	66.0	100.0
223.82064040002297	66.0	100.0
223.84048450001865	66.0	100.0
223.86062940000556	66.0	100.0
223.88068610001937	66.0	100.0
223.90152010001475	66.0	100.0
223.92088570000487	66.0	100.0
223.94074870002805	66.0	100.0
223.96065450002789	66.0	100.0
223.9809901000117	66.0	100.0
224.00102910000714	66.0	100.0
224.02391450002324	66.0	100.0
224.04068710000138	66.0	100.0
224.06192140001804	66.0	100.0
224.0826455000206	66.0	100.0
224.10212530000717	66.0	100.0
224.12185150000732	66.0	100.0
224.14216690001194	65.0	100.0
224.1619816000166	65.0	100.0
224.18181560002267	65.0	100.0
224.2020699000277	65.0	100.0
224.2220519000257	65.0	100.0
224.241777200019	65.0	100.0
224.26195700000972	65.0	100.0
224.28156530001434	65.0	100.0
224.3019409000117	65.0	100.0
224.32181480000145	65.0	100.0
224.3417560000089	65.0	100.0
224.36174020002363	65.0	100.0
224.38203290000092	65.0	100.0
224.40130130000762	65.0	100.0
224.4212083000166	65.0	100.0
224.44104890001472	65.0	100.0
224.4619235000282	65.0	100.0
224.48156180002843	65.0	100.0
224.5017335000157	65.0	100.0
224.5217695000174	65.0	100.0
224.54183490001014	65.0	100.0
224.56182590001845	65.0	100.0
224.58113020000746	65.0	100.0
224.60198650002712	65.0	100.0
224.6214842000045	65.0	100.0
224.64151390001643	65.0	100.0
224.66125180001836	65.0	100.0
224.68179130001226	65.0	100.0
224.70446370000718	65.0	100.0
224.72169930001837	65.0	100.0
224.74130090000108	65.0	100.0
224.76186660001986	65.0	100.0
224.78187100001378	65.0	100.0
224.80219850002322	65.0	100.0
224.8218064000248	65.0	100.0
224.84188970000832	65.0	100.0
224.86177320001298	65.0	100.0
224.88125050000963	65.0	100.0
224.9023008000222	65.0	100.0
224.92774360001204	65.0	100.0
224.9417444000137	65.0	100.0
224.9620143000211	65.0	100.0
224.98226680001244	65.0	100.0
225.00203010000405	65.0	100.0
225.02217170002405	65.0	100.0
225.04134360002354	65.0	100.0
225.06124040001305	65.0	100.0
225.0817309000122	65.0	100.0
225.1030605000269	65.0	100.0
225.1230192000221	65.0	100.0
225.141921500006	67.0	100.0
225.16164850001223	67.0	100.0
225.18167050002376	67.0	100.0
225.2014694000245	67.0	100.0
225.22174240002641	67.0	100.0
225.24154970000382	67.0	100.0
225.26180890001706	67.0	100.0
225.28130710002733	67.0	100.0
225.30180360001395	67.0	100.0
225.32449600001564	67.0	100.0
225.34171730000526	67.0	100.0
225.3613602000114	67.0	100.0
225.3816953000205	67.0	100.0
225.40221060000476	67.0	100.0
225.42195170000196	67.0	100.0
225.441980100004	67.0	100.0
225.46188410001923	67.0	100.0
225.4817748000205	67.0	100.0
225.50262360001216	67.0	100.0
225.5236455000122	67.0	100.0
225.5426694000198	67.0	100.0
225.56253870000364	67.0	100.0
225.58220580001944	67.0	100.0
225.6032230000128	67.0	100.0
225.62308810002287	67.0	100.0
225.64314490000834	67.0	100.0
225.66252520002308	67.0	100.0
225.68256060002022	67.0	100.0
225.70364860002883	67.0	100.0
225.72334590001265	67.0	100.0
225.74338520001038	67.0	100.0
225.76339410000946	67.0	100.0
225.78359760000603	67.0	100.0
225.80366230002255	67.0	100.0
225.82384030002868	67.0	100.0
225.84318060000078	67.0	100.0
225.86333230001037	67.0	100.0
225.88340180000523	67.0	100.0
225.90317650002544	67.0	100.0
225.9218724000093	67.0	100.0
225.94342990001314	67.0	100.0
225.96194960002322	67.0	100.0
225.9820338000136	67.0	100.0
226.00404010000057	67.0	100.0
226.02302040002542	67.0	100.0
226.04297740000766	67.0	100.0
226.06238160000066	67.0	100.0
226.0823715000006	67.0	100.0
226.10328580002533	67.0	100.0
226.13318860001164	67.0	100.0
226.14420280000195	66.0	100.0
226.16236690001097	66.0	100.0
226.1838067000208	66.0	100.0
226.2052838000236	66.0	100.0
226.22160650001024	66.0	100.0
226.24468120001256	66.0	100.0
226.26387460000115	66.0	100.0
226.2852233000158	66.0	100.0
226.30482610000763	66.0	100.0
226.32305180002004	66.0	100.0
226.3429798000143	66.0	100.0
226.36409620000632	66.0	100.0
226.3838818000222	66.0	100.0
226.40477700001793	66.0	100.0
226.42376800000784	66.0	100.0
226.44517500000075	66.0	100.0
226.46347850002348	66.0	100.0
226.48400750002475	66.0	100.0
226.50231670000358	66.0	100.0
226.52389020001283	66.0	100.0
226.5453159000026	66.0	100.0
226.56386060002842	66.0	100.0
226.58472370001255	66.0	100.0
226.60487390001072	66.0	100.0
226.62460940002347	66.0	100.0
226.6448738000181	66.0	100.0
226.66511360000004	66.0	100.0
226.68487510000705	66.0	100.0
226.7052246000094	66.0	100.0
226.72467700002016	66.0	100.0
226.74527760001365	66.0	100.0
226.7648100000224	66.0	100.0
226.78439550002804	66.0	100.0
226.8042653000157	66.0	100.0
226.82477380000637	66.0	100.0
226.84499430001597	66.0	100.0
226.86451740001212	66.0	100.0
226.88403130002553	66.0	100.0
226.9050901000155	66.0	100.0
226.9242698000162	66.0	100.0
226.9443436000147	66.0	100.0
226.964346200024	66.0	100.0
226.98448760001338	66.0	100.0
227.00449630001094	66.0	100.0
227.02546470001107	66.0	100.0
227.04482080001617	66.0	100.0
227.06515670000226	66.0	100.0
227.0850351000263	66.0	100.0
227.10477180001908	66.0	100.0
227.12564960002783	66.0	100.0
227.14451690000715	65.0	100.0
227.16491290001431	65.0	100.0
227.18484530001297	65.0	100.0
227.20553850001306	65.0	100.0
227.22575490002055	65.0	100.0
227.24515240002074	65.0	100.0
227.26536180000403	65.0	100.0
227.28472250001505	65.0	100.0
227.30507590001798	65.0	100.0
227.32521190002444	65.0	100.0
227.344925900019	65.0	100.0
227.3667759000091	65.0	100.0
227.38561370002571	65.0	100.0
227.40532460002578	65.0	100.0
227.42507940001087	65.0	100.0
227.4444057000219	65.0	100.0
227.4656052000064	65.0	100.0
227.48510470002657	65.0	100.0
227.5050713000237	65.0	100.0
227.52592090002145	65.0	100.0
227.54596670001047	65.0	100.0
227.5660557000083	65.0	100.0
227.58589210000355	65.0	100.0
227.60621150000952	65.0	100.0
227.6275531000283	65.0	100.0
227.64621250002529	65.0	100.0
227.66704270002083	65.0	100.0
227.68587040001876	65.0	100.0
227.7060662000149	65.0	100.0
227.72630440001376	65.0	100.0
227.74605950000114	65.0	100.0
227.7657456000161	65.0	100.0
227.78589270001976	65.0	100.0
227.8064339000266	65.0	100.0
227.82528270001058	65.0	100.0
227.84582040001987	65.0	100.0
227.86612970000715	65.0	100.0
227.88697390002199	65.0	100.0
227.90789180001593	65.0	100.0
227.92600030000904	65.0	100.0
227.94576260002214	65.0	100.0
227.96544050000375	65.0	100.0
227.98580270001548	65.0	100.0
228.00609730000724	65.0	100.0
228.025693100004	65.0	100.0
228.04572350002127	65.0	100.0
228.06581270002062	65.0	100.0
228.08661350002512	65.0	100.0
228.10601510002743	65.0	100.0
228.127086100023	65.0	100.0
228.1466114000068	64.0	100.0
228.1662221000006	64.0	100.0
228.18635470001027	64.0	100.0
228.20646680000937	64.0	100.0
228.22619450002094	64.0	100.0
228.24572030000854	64.0	100.0
228.26576050001313	64.0	100.0
228.28611660000752	64.0	100.0
228.3057149000233	64.0	100.0
228.32605320002767	64.0	100.0
228.34705230002874	64.0	100.0
228.36640530001023	64.0	100.0
228.38663870000164	64.0	100.0
228.40758200001437	64.0	100.0
228.4269758000155	64.0	100.0
228.44660990001285	64.0	100.0
228.46573720002198	64.0	100.0
228.4864148000197	64.0	100.0
228.50660110000172	64.0	100.0
228.5272884000151	64.0	100.0
228.5455322000198	64.0	100.0
228.5654653000238	64.0	100.0
228.58594910000102	64.0	100.0
228.60752710001543	64.0	100.0
228.62720350001473	64.0	100.0
228.64612700001453	64.0	100.0
228.66590010002255	64.0	100.0
228.68586650001816	64.0	100.0
228.70730530002038	64.0	100.0
228.72580940002808	64.0	100.0
228.745736700017	64.0	100.0
228.7663430000248	64.0	100.0
228.7871764000156	64.0	100.0
228.80616180002107	64.0	100.0
228.82712750000064	64.0	100.0
228.84596750000492	64.0	100.0
228.86674650001805	64.0	100.0
228.88599680000334	64.0	100.0
228.90753880000557	64.0	100.0
228.927434000012	64.0	100.0
228.94604720000643	64.0	100.0
228.96585520001827	64.0	100.0
228.98611980001442	64.0	100.0
229.0074599000218	64.0	100.0
229.02681660000235	64.0	100.0
229.04675740000675	64.0	100.0
229.067913100007	64.0	100.0
229.0877675000229	64.0	100.0
229.10905150001054	64.0	100.0
229.12925780002843	64.0	100.0
229.14801390000503	63.0	100.0
229.17238460000954	63.0	100.0
229.18975520000095	63.0	100.0
229.20996640002704	63.0	100.0
229.22661610000068	63.0	100.0
229.24822270000004	63.0	100.0
229.27305340001476	63.0	100.0
229.28740790000302	63.0	100.0
229.30789920000825	63.0	100.0
229.3276725000178	63.0	100.0
229.34773290000157	63.0	100.0
229.36787280000863	63.0	100.0
229.3887901000271	63.0	100.0
229.40897680001217	63.0	100.0
229.42748890002258	63.0	100.0
229.44678810000187	63.0	100.0
229.46853120002197	63.0	100.0
229.48834200002602	63.0	100.0
229.51034190002247	63.0	100.0
229.52969600001234	63.0	100.0
229.5493575000146	63.0	100.0
229.56828430001042	63.0	100.0
229.58928220000234	63.0	100.0
229.60931410000194	63.0	100.0
229.62921760001336	63.0	100.0
229.6489524000208	63.0	100.0
229.6693369000277	63.0	100.0
229.68894520000322	63.0	100.0
229.70948980000685	63.0	100.0
229.7294424000138	63.0	100.0
229.7487180000171	63.0	100.0
229.76788670002134	63.0	100.0
229.78886160001275	63.0	100.0
229.8085606000095	63.0	100.0
229.82908700002008	63.0	100.0
229.84858810002333	63.0	100.0
229.86879380000755	63.0	100.0
229.8885966000089	63.0	100.0
229.90915540000424	63.0	100.0
229.92889030001243	63.0	100.0
229.94870560002164	63.0	100.0
229.9686077000224	63.0	100.0
229.98881230002735	63.0	100.0
230.00917630002368	63.0	100.0
230.02928560000146	63.0	100.0
230.0489619	63.0	100.0
230.06902370002354	63.0	100.0
230.08863280000514	63.0	100.0
230.10944300002302	63.0	100.0
230.13300640002126	63.0	100.0
230.1535049000231	62.0	100.0
230.16964690000168	62.0	100.0
230.18965560002835	62.0	100.0
230.2094581000274	62.0	100.0
230.229707600025	62.0	100.0
230.24935780002852	62.0	100.0
230.2699623000226	62.0	100.0
230.2896418000164	62.0	100.0
230.3101707000169	62.0	100.0
230.33009870001115	62.0	100.0
230.3499496000004	62.0	100.0
230.36949470001855	62.0	100.0
230.38982410001336	62.0	100.0
230.40989230002742	62.0	100.0
230.4297830000287	62.0	100.0
230.4503890000051	62.0	100.0
230.4703502000193	62.0	100.0
230.48999210001784	62.0	100.0
230.5100823000248	62.0	100.0
230.5299877000216	62.0	100.0
230.54983390000416	62.0	100.0
230.57000300000072	62.0	100.0
230.58974680001847	62.0	100.0
230.61022240002058	62.0	100.0
230.62998260001768	62.0	100.0
230.65002000000095	62.0	100.0
230.67037450001226	62.0	100.0
230.6897473000281	62.0	100.0
230.71022710000398	62.0	100.0
230.72982180002145	62.0	100.0
230.75050510000437	62.0	100.0
230.77011330000823	62.0	100.0
230.78912910001236	62.0	100.0
230.80973050001194	62.0	100.0
230.83015200000955	62.0	100.0
230.84859990002587	62.0	100.0
230.8688744000101	62.0	100.0
230.88784760001	62.0	100.0
230.90850950000458	62.0	100.0
230.92974240001058	62.0	100.0
230.9508332000114	62.0	100.0
230.9698879000207	62.0	100.0
230.98854080002639	62.0	100.0
231.0086689000018	62.0	100.0
231.02992600001744	62.0	100.0
231.04962180001894	62.0	100.0
231.07000370000605	62.0	100.0
231.08957170002395	62.0	100.0
231.10988920001546	62.0	100.0
231.1313326000236	62.0	100.0
231.15201600000728	62.0	100.0
231.17090640001697	62.0	100.0
231.1911667000095	62.0	100.0
231.2112257000117	62.0	100.0
231.23178940001526	62.0	100.0
231.25576720002573	62.0	100.0
231.27078310001525	62.0	100.0
231.2911512000137	62.0	100.0
231.31141900000512	62.0	100.0
231.32953940000152	62.0	100.0
231.3485802000214	62.0	100.0
231.36875380002311	62.0	100.0
231.38854480002192	62.0	100.0
231.40878750002594	62.0	100.0
231.4294539000257	62.0	100.0
231.4499975000217	62.0	100.0
231.47199640001054	62.0	100.0
231.48999720002757	62.0	100.0
231.5097995000251	62.0	100.0
231.52985460002674	62.0	100.0
231.5490760000248	62.0	100.0
231.57039060001262	62.0	100.0
231.59025140001904	62.0	100.0
231.6104922000086	62.0	100.0
231.6310964000004	62.0	100.0
231.6505743000016	62.0	100.0
231.66998620002414	62.0	100.0
231.68910810002126	62.0	100.0
231.7086110000091	62.0	100.0
231.7237227000005	62.0	100.0
231.74289910000516	62.0	100.0
231.76313020000816	62.0	100.0
231.7863319000171	62.0	100.0
231.8057703000086	62.0	100.0
231.82823380001355	62.0	100.0
231.85047260002466	62.0	100.0
231.8724006000266	62.0	100.0
231.89014270002372	62.0	100.0
231.9115218000079	62.0	100.0
231.93130760002532	62.0	100.0
231.9514267000195	62.0	100.0
231.97121740001603	62.0	100.0
231.99142080001184	62.0	100.0
232.01075220000348	62.0	100.0
232.0300777000084	62.0	100.0
232.050088900025	62.0	100.0
232.07059260000824	62.0	100.0
232.0910947000084	62.0	100.0
232.11167500002193	62.0	100.0
232.13221190002514	62.0	100.0
232.15205510001397	60.0	100.0
232.17280730002676	60.0	100.0
232.19389850000152	60.0	100.0
232.21172490000026	60.0	100.0
232.23186440000427	60.0	100.0
232.2509829000046	60.0	100.0
232.2706831000105	60.0	100.0
232.29316740002832	60.0	100.0
232.31435850000707	60.0	100.0
232.34139080002205	60.0	100.0
232.3493460000027	60.0	100.0
232.3682910000207	60.0	100.0
232.3889283000026	60.0	100.0
232.40731820001383	60.0	100.0
232.42820360002224	60.0	100.0
232.4477153000189	60.0	100.0
232.4679278000258	60.0	100.0
232.4881007000222	60.0	100.0
232.50877920002677	60.0	100.0
232.52945050000562	60.0	100.0
232.55121340000187	60.0	100.0
232.56969400000526	60.0	100.0
232.5939937000221	60.0	100.0
232.6139726000256	60.0	100.0
232.63170690002153	60.0	100.0
232.78797850001138	60.0	100.0
232.78799770001206	60.0	100.0
232.78800580001553	60.0	100.0
232.78801370001747	60.0	100.0
232.7880214000179	60.0	100.0
232.78802960002213	60.0	100.0
232.78803830000106	60.0	100.0
232.79425630002515	60.0	100.0
232.81311690001166	60.0	100.0
232.82911010002135	60.0	100.0
232.9241484000231	60.0	100.0
232.9241676000238	60.0	100.0
232.92417580002802	60.0	100.0
232.9241836000001	60.0	100.0
232.92945300001884	60.0	100.0
232.9511450000282	60.0	100.0
232.9702786000271	60.0	100.0
233.0933875000046	60.0	100.0
233.09340790001443	60.0	100.0
233.0934160000179	60.0	100.0
233.0934240000206	60.0	100.0
233.09343130001798	60.0	100.0
233.0956020000158	60.0	100.0
233.11394840001594	60.0	100.0
233.13371090000146	60.0	100.0
233.23038070002804	60.0	100.0
233.23040210001636	60.0	100.0
233.23041060002288	60.0	100.0
233.2304183000233	60.0	100.0
233.23329540001578	60.0	100.0
233.253578200005	60.0	100.0
233.27339840002242	60.0	100.0
233.29094280002755	60.0	100.0
233.40358500002185	60.0	100.0
233.403604000021	60.0	100.0
233.4036128000007	60.0	100.0
233.40362070000265	60.0	100.0
233.4036281000008	60.0	100.0
233.4142889000068	60.0	100.0
233.4330512000015	60.0	100.0
233.54794960000436	60.0	100.0
233.5479720000003	60.0	100.0
233.54798270002357	60.0	100.0
233.54799340001773	60.0	100.0
233.54800340000656	60.0	100.0
233.5537227000168	60.0	100.0
233.5734814000025	60.0	100.0
233.5939684000041	60.0	100.0
233.70843060000334	60.0	100.0
233.7084506000101	60.0	100.0
233.70846220001113	60.0	100.0
233.7084700000123	60.0	100.0
233.70847850001883	60.0	100.0
233.71616190002533	60.0	100.0
233.73349490002147	60.0	100.0
233.75380950002	60.0	100.0
233.84690590001992	60.0	100.0
233.84695480001392	60.0	100.0
233.8469794000266	60.0	100.0
233.8470027000003	60.0	100.0
233.85393870002008	60.0	100.0
233.87401730002603	60.0	100.0
233.89411510000355	60.0	100.0
233.9143016000162	60.0	100.0
234.0078707000066	60.0	100.0
234.00789070001338	60.0	100.0
234.00789910001913	60.0	100.0
234.00790680001955	60.0	100.0
234.01495070001693	60.0	100.0
234.0340908000071	60.0	100.0
234.053367000015	60.0	100.0
234.15151290001813	60.0	100.0
234.15153690002626	60.0	100.0
234.15154590000748	60.0	100.0
234.15155470001628	60.0	100.0
234.1538180000207	60.0	100.0
234.17151740001282	60.0	100.0
234.19384280001395	60.0	100.0
234.21354170000996	60.0	100.0
234.3180052000098	60.0	100.0
234.31802300002892	60.0	100.0
234.31803110000328	60.0	100.0
234.31804120002198	60.0	100.0
234.3180489000224	60.0	100.0
234.33330880000722	60.0	100.0
234.35443300000043	60.0	100.0
234.54529690000345	60.0	100.0
234.54531680000946	60.0	100.0
234.54532540001674	60.0	100.0
234.54533310001716	60.0	100.0
234.54534090001835	60.0	100.0
234.54534900002182	60.0	100.0
234.54535650002072	60.0	100.0
234.54536390001886	60.0	100.0
234.5453710000147	60.0	100.0
234.55423850001534	60.0	100.0
234.57431220001308	60.0	100.0
234.59409960001358	60.0	100.0
234.61422990000574	60.0	100.0
234.63444600001094	60.0	100.0
234.77603300000192	60.0	100.0
234.77605310000945	60.0	100.0
234.77606130001368	60.0	100.0
234.77606920001563	60.0	100.0
234.77607840002747	60.0	100.0
234.77608620002866	60.0	100.0
234.7760936000268	60.0	100.0
234.7945573000179	60.0	100.0
234.81561230000807	60.0	100.0
234.83442040000227	60.0	100.0
234.97961720000603	60.0	100.0
234.9796680000145	60.0	100.0
234.97969340000418	60.0	100.0
234.97971840001992	60.0	100.0
234.97973870002897	60.0	100.0
234.97975730002508	60.0	100.0
234.97977370000444	60.0	100.0
234.99366630002623	60.0	100.0
235.0143001000106	60.0	100.0
235.03372080001282	60.0	100.0
235.1847650000127	60.0	100.0
235.1847844000149	60.0	100.0
235.18479480000678	60.0	100.0
235.1848033000133	60.0	100.0
235.18481150001753	60.0	100.0
235.18481930001872	59.0	100.0
235.18482700001914	59.0	100.0
235.19538950000424	59.0	100.0
235.21515650002402	59.0	100.0
235.23446470001363	59.0	100.0
235.44303330002003	59.0	100.0
235.44306690001395	59.0	100.0
235.44308470000396	59.0	100.0
235.44310160001623	59.0	100.0
235.44311810002546	59.0	100.0
235.4431343000033	59.0	100.0
235.44315670002834	59.0	100.0
235.4431736000115	59.0	100.0
235.443190400023	59.0	100.0
235.44320730000618	59.0	100.0
235.45386800001143	59.0	100.0
235.4737856000138	59.0	100.0
235.49446650000755	59.0	100.0
235.51525120000588	59.0	100.0
235.53493370002252	59.0	100.0
235.6968514000182	59.0	100.0
235.69689880000078	59.0	100.0
235.69692350001424	59.0	100.0
235.69694640001399	59.0	100.0
235.69696850000764	59.0	100.0
235.69699070000206	59.0	100.0
235.6970131000271	59.0	100.0
235.6970354000223	59.0	100.0
235.71618090002448	59.0	100.0
235.7340449000185	59.0	100.0
235.7555145000224	59.0	100.0
235.9013117000286	59.0	100.0
235.90133100000094	59.0	100.0
235.90133970000898	59.0	100.0
235.9013479000132	59.0	100.0
235.9013557000144	59.0	100.0
235.9013632000133	59.0	100.0
235.90137080001296	59.0	100.0
235.9168697000132	59.0	100.0
235.93576270001358	59.0	100.0
235.9559001000016	59.0	100.0
236.10651370001142	59.0	100.0
236.1065606000193	59.0	100.0
236.10658460002742	59.0	100.0
236.1066069000226	59.0	100.0
236.10662930001854	59.0	100.0
236.1066511000099	59.0	100.0
236.10667330000433	59.0	100.0
236.11637780000456	59.0	100.0
236.13683350000065	59.0	100.0
236.15636380002252	61.0	100.0
236.31138060000376	61.0	100.0
236.31140160001814	61.0	100.0
236.31140990002314	61.0	100.0
236.3114185000013	61.0	100.0
236.31142620000173	61.0	100.0
236.31143370000063	61.0	100.0
236.31144100002712	61.0	100.0
236.31665200000862	61.0	100.0
236.33596100000432	61.0	100.0
236.35661950000213	61.0	100.0
236.51599000001443	61.0	100.0
236.5160100000212	61.0	100.0
236.51602330000605	61.0	100.0
236.51603340002475	61.0	100.0
236.51604120002594	61.0	100.0
236.51604860002408	61.0	100.0
236.51605600002222	61.0	100.0
236.51789330001338	61.0	100.0
236.53580730000976	61.0	100.0
236.55767420001212	61.0	100.0
236.5771574000246	61.0	100.0
236.72034950001398	61.0	100.0
236.7203691000177	61.0	100.0
236.72038220000104	61.0	100.0
236.72039200001745	61.0	100.0
236.72040010002092	61.0	100.0
236.7204077000206	61.0	100.0
236.72041510001873	61.0	100.0
236.73660430000746	61.0	100.0
236.7577049000247	61.0	100.0
236.77729320002254	61.0	100.0
236.88912250002613	61.0	100.0
236.889141200023	61.0	100.0
236.88914990000194	61.0	100.0
236.88915790000465	61.0	100.0
236.88916560000507	61.0	100.0
236.8971278000099	61.0	100.0
236.9174782000191	61.0	100.0
237.1166698000161	61.0	100.0
237.1166887000145	61.0	100.0
237.11670020001475	61.0	100.0
237.11671060000663	61.0	100.0
237.11672010002076	61.0	100.0
237.11672900000121	61.0	100.0
237.11673690000316	61.0	100.0
237.11674420000054	61.0	100.0
237.11675150002702	61.0	100.0
237.11867660001735	61.0	100.0
237.13803210001788	61.0	100.0
237.15790910000214	61.0	100.0
237.1780102000048	61.0	100.0
237.33484810002847	61.0	100.0
237.33486890001222	61.0	100.0
237.33487710001646	61.0	100.0
237.33488470001612	61.0	100.0
237.33489230001578	61.0	100.0
237.33489960001316	61.0	100.0
237.33490660000825	61.0	100.0
237.3372844000114	61.0	100.0
237.35809680001694	61.0	100.0
237.37760440001148	61.0	100.0
237.39793890001602	61.0	100.0
237.49153220001608	61.0	100.0
237.4915671000199	61.0	100.0
237.4915847000084	61.0	100.0
237.49160110001685	61.0	100.0
237.49775310000405	61.0	100.0
237.51818960002856	61.0	100.0
237.53814830002375	61.0	100.0
237.67091250000522	61.0	100.0
237.67093330001808	61.0	100.0
237.6709418000246	61.0	100.0
237.6709493000235	61.0	100.0
237.6709568000224	61.0	100.0
237.670964000019	61.0	100.0
237.6751652000239	61.0	100.0
237.69778120002593	61.0	100.0
237.71882900001947	61.0	100.0
237.81375370000023	61.0	100.0
237.81380430000718	61.0	100.0
237.8138319000136	61.0	100.0
237.8138599000231	61.0	100.0
237.81865030000336	61.0	100.0
237.83780460001435	61.0	100.0
237.85779640002875	61.0	100.0
237.87830880002002	61.0	100.0
237.89872000002651	61.0	100.0
237.91809690001537	61.0	100.0
237.93821210000897	61.0	100.0
237.9584100000211	61.0	100.0
237.97796880002716	61.0	100.0
237.9984647000092	61.0	100.0
238.01825890000327	61.0	100.0
238.03833560002386	61.0	100.0
238.05806170002325	61.0	100.0
238.07827960001305	61.0	100.0
238.0981010000105	61.0	100.0
238.11897730000783	61.0	100.0
238.1385239000083	61.0	100.0
238.15916629999992	59.0	100.0
238.17848380000214	59.0	100.0
238.20134260001942	59.0	100.0
238.21836440000334	59.0	100.0
238.23917770001572	59.0	100.0
238.25829730002442	59.0	100.0
238.27761560000363	59.0	100.0
238.29714830001467	59.0	100.0
238.31915330002084	59.0	100.0
238.33868950000033	59.0	100.0
238.35858370002825	59.0	100.0
238.37872760000755	59.0	100.0
238.39921750000212	59.0	100.0
238.41994380002143	59.0	100.0
238.43841120001161	59.0	100.0
238.4575148000149	59.0	100.0
238.47589120001066	59.0	100.0
238.49718110001413	59.0	100.0
238.5171404000139	59.0	100.0
238.5380563000217	59.0	100.0
238.55936920002569	59.0	100.0
238.57745840001735	59.0	100.0
238.5998107000196	59.0	100.0
238.61945250001736	59.0	100.0
238.63926440000068	59.0	100.0
238.65902310001547	59.0	100.0
238.6793711000064	59.0	100.0
238.6987197000126	59.0	100.0
238.71930010002689	59.0	100.0
238.73944540001685	59.0	100.0
238.75909590002266	59.0	100.0
238.77902090002317	59.0	100.0
238.79863700002898	59.0	100.0
238.81822710001143	59.0	100.0
238.83791530001326	59.0	100.0
238.85881500001415	59.0	100.0
238.87876340001822	59.0	100.0
238.89809220001916	59.0	100.0
238.91956800001208	59.0	100.0
238.93861650000326	59.0	100.0
238.95956440002192	59.0	100.0
238.97952300001634	59.0	100.0
238.9992303000181	59.0	100.0
239.01870650000637	59.0	100.0
239.04041960000177	59.0	100.0
239.05870460000006	59.0	100.0
239.07842340000207	59.0	100.0
239.09768740000436	59.0	100.0
239.11927640001522	59.0	100.0
239.1426775	59.0	100.0
239.15988210000796	60.0	100.0
239.17911690002074	60.0	100.0
239.19958830001997	60.0	100.0
239.2194941000198	60.0	100.0
239.23930730001302	60.0	100.0
239.25891490001231	60.0	100.0
239.27957260000403	60.0	100.0
239.30017540001427	60.0	100.0
239.31971470001736	60.0	100.0
239.33997290002299	60.0	100.0
239.35994920000667	60.0	100.0
239.37942750001093	60.0	100.0
239.39988890002132	60.0	100.0
239.41979620000347	60.0	100.0
239.44247470001574	60.0	100.0
239.45936720000464	60.0	100.0
239.47984220000217	60.0	100.0
239.4999586000049	60.0	100.0
239.52062730002217	60.0	100.0
239.53971600002842	60.0	100.0
239.5598716000095	60.0	100.0
239.5795309000241	60.0	100.0
239.5997651000216	60.0	100.0
239.6199750000087	60.0	100.0
239.64075530000264	60.0	100.0
239.6595860000234	60.0	100.0
239.67930010001874	60.0	100.0
239.70054750001873	60.0	100.0
239.72069350001402	60.0	100.0
239.74041870000656	60.0	100.0
239.759962000011	60.0	100.0
239.7806518000143	60.0	100.0
239.79973070000415	60.0	100.0
239.82073930001934	60.0	100.0
239.8400119000289	60.0	100.0
239.8595385000226	60.0	100.0
239.87967850000132	60.0	100.0
239.89920580000035	60.0	100.0
239.9201550000289	60.0	100.0
239.93960410001455	60.0	100.0
239.96183990000281	60.0	100.0
239.97946520001278	60.0	100.0
240.00012220002827	60.0	100.0
240.02069450001	60.0	100.0
240.04009460000088	60.0	100.0
240.06014900002629	60.0	100.0
240.08008610000252	60.0	100.0
240.10001450002892	60.0	100.0
240.12120160000632	60.0	100.0
240.14083340001525	60.0	100.0
240.16143950002152	62.0	100.0
240.17991810000967	62.0	100.0
240.20079990001977	62.0	100.0
240.2207593000203	62.0	100.0
240.24074810001184	62.0	100.0
240.25978260001284	62.0	100.0
240.28093700000318	62.0	100.0
240.30091300001368	62.0	100.0
240.3213805000123	62.0	100.0
240.3402298000001	62.0	100.0
240.35983750000014	62.0	100.0
240.38158390001627	62.0	100.0
240.4023528000107	62.0	100.0
240.4218768000137	62.0	100.0
240.5654433000018	62.0	100.0
240.56546360001084	62.0	100.0
240.56547210001736	62.0	100.0
240.56547970001702	62.0	100.0
240.56548720001592	62.0	100.0
240.5654945000133	62.0	100.0
240.56550170000992	62.0	100.0
240.58091610000702	62.0	100.0
240.60185790000833	62.0	100.0
240.62143480000668	62.0	100.0
240.64110820001224	62.0	100.0
240.66099370000302	62.0	100.0
240.68174940001336	62.0	100.0
240.7013051000249	62.0	100.0
240.7220198000141	62.0	100.0
240.7408204000094	62.0	100.0
240.76068470001337	62.0	100.0
240.78129960002843	62.0	100.0
240.80024600002798	62.0	100.0
240.81995320002898	62.0	100.0
240.84220740001183	62.0	100.0
240.86203220000607	62.0	100.0
240.8835020000115	62.0	100.0
240.9013601000188	62.0	100.0
240.92150000002584	62.0	100.0
240.94053210000857	62.0	100.0
240.96100620002835	62.0	100.0
240.98060420001275	62.0	100.0
241.0008828000282	62.0	100.0
241.0210872000025	62.0	100.0
241.03819310001563	62.0	100.0
241.06028100001276	62.0	100.0
241.08204740000656	62.0	100.0
241.10212270001648	62.0	100.0
241.1219408000179	62.0	100.0
241.1416868000233	62.0	100.0
241.16197800001828	62.0	100.0
241.18164100000286	62.0	100.0
241.20373750000726	62.0	100.0
241.22185440000612	62.0	100.0
241.2418874000141	62.0	100.0
241.2619744000258	62.0	100.0
241.28128300001845	62.0	100.0
241.3015116000024	62.0	100.0
241.3222227000224	62.0	100.0
241.3412608000217	62.0	100.0
241.36201600002823	62.0	100.0
241.38178030002746	62.0	100.0
241.40210800000932	62.0	100.0
241.42217760000494	62.0	100.0
241.441842500004	62.0	100.0
241.46110780001618	62.0	100.0
241.48207510000793	62.0	100.0
241.50332370001706	62.0	100.0
241.5280586000008	62.0	100.0
241.54107320000185	62.0	100.0
241.55835760000627	62.0	100.0
241.57782170001883	62.0	100.0
241.60023150002235	62.0	100.0
241.61784870002884	62.0	100.0
241.63787980002235	62.0	100.0
241.6582639000262	62.0	100.0
241.67908900001203	62.0	100.0
241.69934260001173	62.0	100.0
241.72103370001423	62.0	100.0
241.73965339999995	62.0	100.0
241.7593043000088	62.0	100.0
241.78108280000743	62.0	100.0
241.80530620002537	62.0	100.0
241.822699500015	62.0	100.0
241.84186100002262	62.0	100.0
241.86187450002762	62.0	100.0
241.88197570000193	62.0	100.0
241.90193880000152	62.0	100.0
241.92267200001515	62.0	100.0
241.94294380000792	62.0	100.0
241.96167680001236	62.0	100.0
241.98168360002455	62.0	100.0
242.00253150000935	62.0	100.0
242.02236370000173	62.0	100.0
242.0428531000216	62.0	100.0
242.06254420001642	62.0	100.0
242.0817037000088	62.0	100.0
242.1031842000084	62.0	100.0
242.12374300000374	62.0	100.0
242.14114550000522	62.0	100.0
242.16356040001847	63.0	100.0
242.18291000000318	63.0	100.0
242.20215950001148	63.0	100.0
242.22244350000983	63.0	100.0
242.2419544000004	63.0	100.0
242.26165370002855	63.0	100.0
242.28171270000166	63.0	100.0
242.3013719000155	63.0	100.0
242.32205180000165	63.0	100.0
242.3415366000263	63.0	100.0
242.36147230002098	63.0	100.0
242.38132030001725	63.0	100.0
242.40200060000643	63.0	100.0
242.42205260001356	63.0	100.0
242.44170630001463	63.0	100.0
242.46115090002422	63.0	100.0
242.48231590000796	63.0	100.0
242.50186420002137	63.0	100.0
242.52364800000214	63.0	100.0
242.54136610002024	63.0	100.0
242.5630273000279	63.0	100.0
242.5833958000003	63.0	100.0
242.60247520002304	63.0	100.0
242.62441820002277	63.0	100.0
242.64055080001708	63.0	100.0
242.66135800001211	63.0	100.0
242.6821175000223	63.0	100.0
242.70226310001453	63.0	100.0
242.7219748000207	63.0	100.0
242.74154700001236	63.0	100.0
242.761788600008	63.0	100.0
242.78144810002414	63.0	100.0
242.80184520001058	63.0	100.0
242.82338010001695	63.0	100.0
242.84183510000003	63.0	100.0
242.86160540001583	63.0	100.0
242.88183720002417	63.0	100.0
242.90249970002333	63.0	100.0
242.9243792000052	63.0	100.0
242.94181880002725	63.0	100.0
242.96221570001217	63.0	100.0
242.9818245000206	63.0	100.0
243.00183630001266	63.0	100.0
243.0223004000145	63.0	100.0
243.04345660001854	63.0	100.0
243.06317550002132	63.0	100.0
243.08242330001667	63.0	100.0
243.10381490000873	63.0	100.0
243.12401360002696	63.0	100.0
243.14388900002814	63.0	100.0
243.16372810001485	65.0	100.0
243.18301740000607	65.0	100.0
243.20370580002782	65.0	100.0
243.2229287000082	65.0	100.0
243.2433223000262	65.0	100.0
243.26327670001774	65.0	100.0
243.2834779000259	65.0	100.0
243.30254850001074	65.0	100.0
243.32559900000342	65.0	100.0
243.34443930000998	65.0	100.0
243.36377210001228	65.0	100.0
243.3829672000138	65.0	100.0
243.40367760002846	65.0	100.0
243.4224256000016	65.0	100.0
243.4434960000217	65.0	100.0
243.46214570000302	65.0	100.0
243.4851243000012	65.0	100.0
243.50356040001498	65.0	100.0
243.523675000004	65.0	100.0
243.54585930000758	65.0	100.0
243.56359820000944	65.0	100.0
243.58310220000567	65.0	100.0
243.6038983000035	65.0	100.0
243.62379210002837	65.0	100.0
243.64372890000232	65.0	100.0
243.66348510002717	65.0	100.0
243.6837562000146	65.0	100.0
243.70236440000008	65.0	100.0
243.72339760002797	65.0	100.0
243.74167840002337	65.0	100.0
243.76224030001322	65.0	100.0
243.7826963000116	65.0	100.0
243.80353690002812	65.0	100.0
243.8223264000262	65.0	100.0
243.84621990000596	65.0	100.0
243.86202010000125	65.0	100.0
243.88222410000162	65.0	100.0
243.9021370000264	65.0	100.0
243.92319540001336	65.0	100.0
243.94272930000443	65.0	100.0
243.96360000001732	65.0	100.0
243.98265000001993	65.0	100.0
244.00276200001827	65.0	100.0
244.02322970001842	65.0	100.0
244.04211790001136	65.0	100.0
244.061855500011	65.0	100.0
244.08310200000415	65.0	100.0
244.1033565000107	65.0	100.0
244.1242520000087	65.0	100.0
244.14425840001786	65.0	100.0
244.16394520000904	66.0	100.0
244.18375280001783	66.0	100.0
244.2054949000012	66.0	100.0
244.22352200001478	66.0	100.0
244.24384110001847	66.0	100.0
244.2639060000074	66.0	100.0
244.28361440001754	66.0	100.0
244.29834020001	66.0	100.0
244.32059960000333	66.0	100.0
244.33993800001917	66.0	100.0
244.36072470000363	66.0	100.0
244.3804881000251	66.0	100.0
244.4003992000071	66.0	100.0
244.4195780000009	66.0	100.0
244.4409152000153	66.0	100.0
244.46046500001103	66.0	100.0
244.48139230001834	66.0	100.0
244.5019847000076	66.0	100.0
244.5225219000131	66.0	100.0
244.54157820000546	66.0	100.0
244.56272780001746	66.0	100.0
244.58434620001935	66.0	100.0
244.60161030001473	66.0	100.0
244.62477370002307	66.0	100.0
244.64284380001482	66.0	100.0
244.6605772000039	66.0	100.0
244.67994500001078	66.0	100.0
244.7000304000103	66.0	100.0
244.72017490002327	66.0	100.0
244.7395995000261	66.0	100.0
244.76042620002409	66.0	100.0
244.78109720000066	66.0	100.0
244.80237290001241	66.0	100.0
244.82303160001175	66.0	100.0
244.84143640002003	66.0	100.0
244.86350760000641	66.0	100.0
244.88480330002494	66.0	100.0
244.90372700002627	66.0	100.0
244.92501690000063	66.0	100.0
244.94405260001076	66.0	100.0
244.96370220000972	66.0	100.0
244.98445920000086	66.0	100.0
245.00369110002066	66.0	100.0
245.02395320002688	66.0	100.0
245.04490850001457	66.0	100.0
245.0637199000048	66.0	100.0
245.08398990001297	66.0	100.0
245.10476360001485	66.0	100.0
245.12472260001232	66.0	100.0
245.14478340002825	66.0	100.0
245.1653367000108	67.0	100.0
245.18473360000644	67.0	100.0
245.20496570001706	67.0	100.0
245.22485900000902	67.0	100.0
245.2449248000048	67.0	100.0
245.26447130000452	67.0	100.0
245.28684620000422	67.0	100.0
245.30387110001175	67.0	100.0
245.32499560000724	67.0	100.0
245.34422230001655	67.0	100.0
245.36926460001268	67.0	100.0
245.38353690001532	67.0	100.0
245.4040656000143	67.0	100.0
245.42197580001084	67.0	100.0
245.4444548000174	67.0	100.0
245.4637698000006	67.0	100.0
245.48517690002336	67.0	100.0
245.50423130000127	67.0	100.0
245.52502850000747	67.0	100.0
245.54390860002604	67.0	100.0
245.56422370002838	67.0	100.0
245.58434900001157	67.0	100.0
245.60444690001896	67.0	100.0
245.62683220001054	67.0	100.0
245.6446547000087	67.0	100.0
245.66447510002763	67.0	100.0
245.68357740002102	67.0	100.0
245.70732020001742	67.0	100.0
245.7214351000148	67.0	100.0
245.74139560002368	67.0	100.0
245.7657192000188	67.0	100.0
245.78498170000967	67.0	100.0
245.80546790000517	67.0	100.0
245.82537970002159	67.0	100.0
245.8446905000019	67.0	100.0
245.8647860000201	67.0	100.0
245.8854003000015	67.0	100.0
245.9048485000094	67.0	100.0
245.92526760001783	67.0	100.0
245.94459750002716	67.0	100.0
245.96600870002294	67.0	100.0
245.98468840002897	67.0	100.0
246.0061812000058	67.0	100.0
246.02552010002546	67.0	100.0
246.0454877000011	67.0	100.0
246.0667752000154	67.0	100.0
246.08567300002323	67.0	100.0
246.10585810002522	67.0	100.0
246.1257027000247	67.0	100.0
246.1454412000021	67.0	100.0
246.1667719000252	67.0	100.0
246.18575450000935	67.0	100.0
246.2061053000216	67.0	100.0
246.22589150001295	67.0	100.0
246.2457895000116	67.0	100.0
246.26553510001395	67.0	100.0
246.2856701000128	67.0	100.0
246.30658850001055	67.0	100.0
246.32645290001528	67.0	100.0
246.34602130000712	67.0	100.0
246.36602500002482	67.0	100.0
246.38544990000082	67.0	100.0
246.40598770001088	67.0	100.0
246.42580990001443	67.0	100.0
246.4458349000197	67.0	100.0
246.4655071000161	67.0	100.0
246.48561390000395	67.0	100.0
246.50570780001	67.0	100.0
246.52518460000283	67.0	100.0
246.54585680001765	67.0	100.0
246.565897100023	67.0	100.0
246.58575390002807	67.0	100.0
246.6055557000218	67.0	100.0
246.62570050000795	67.0	100.0
246.64565820002463	67.0	100.0
246.66577690001577	67.0	100.0
246.6861707000062	67.0	100.0
246.7051493000181	67.0	100.0
246.72722000000067	67.0	100.0
246.74592030001804	67.0	100.0
246.7658154000237	67.0	100.0
246.785876000009	67.0	100.0
246.80554170001415	67.0	100.0
246.82588140000007	67.0	100.0
246.84607480000705	67.0	100.0
246.8652872000239	67.0	100.0
246.88568550001946	67.0	100.0
246.9058539000107	67.0	100.0
246.92602180002723	67.0	100.0
246.9459076000203	67.0	100.0
246.96618280000985	67.0	100.0
246.98575600000913	67.0	100.0
247.00573740000254	67.0	100.0
247.02763270001742	67.0	100.0
247.04602010000963	67.0	100.0
247.06602070000372	67.0	100.0
247.0862806000223	67.0	100.0
247.106119700009	67.0	100.0
247.12640060001286	67.0	100.0
247.14578780002194	67.0	100.0
247.165909000003	66.0	100.0
247.18546130001778	66.0	100.0
247.20782250000047	66.0	100.0
247.22643010001048	66.0	100.0
247.24661130001186	66.0	100.0
247.26600290002534	66.0	100.0
247.2859723000147	66.0	100.0
247.30568160000257	66.0	100.0
247.32743830000982	66.0	100.0
247.34649630001513	66.0	100.0
247.36522280002828	66.0	100.0
247.38544550002553	66.0	100.0
247.405209700024	66.0	100.0
247.42516690000775	66.0	100.0
247.44566250001662	66.0	100.0
247.4662000000244	66.0	100.0
247.4871938000142	66.0	100.0
247.5081090000167	66.0	100.0
247.52726240002085	66.0	100.0
247.54558740000357	66.0	100.0
247.56731790001504	66.0	100.0
247.58653580001555	66.0	100.0
247.6059246000077	66.0	100.0
247.62574600000517	66.0	100.0
247.64504130001296	66.0	100.0
247.66616380002233	66.0	100.0
247.68489650002448	66.0	100.0
247.70343640001374	66.0	100.0
247.72541200002888	66.0	100.0
247.74664480000501	66.0	100.0
247.76628570002504	66.0	100.0
247.7858344000124	66.0	100.0
247.80681250002817	66.0	100.0
247.82698000001255	66.0	100.0
247.84713320000446	66.0	100.0
247.8673495000112	66.0	100.0
247.88714340000297	66.0	100.0
247.9063509000116	66.0	100.0
247.9275525000121	66.0	100.0
247.94702410002355	66.0	100.0
247.96603870001854	66.0	100.0
247.98668060000637	66.0	100.0
248.00570410001092	66.0	100.0
248.0256838000205	66.0	100.0
248.0465648000245	66.0	100.0
248.0678797000146	66.0	100.0
248.087388200016	66.0	100.0
248.1077820000064	66.0	100.0
248.12770710000768	66.0	100.0
248.14810240000952	66.0	100.0
248.1681165000191	66.0	100.0
248.18781910001417	66.0	100.0
248.20777750000707	66.0	100.0
248.22835410002153	66.0	100.0
248.24889540000004	66.0	100.0
248.26754960001563	66.0	100.0
248.28770360001363	66.0	100.0
248.30760680002277	66.0	100.0
248.3256366000278	66.0	100.0
248.34753250001813	66.0	100.0
248.36803130002227	66.0	100.0
248.38754830000107	66.0	100.0
248.40785990000586	66.0	100.0
248.42715260002296	66.0	100.0
248.4470915000129	66.0	100.0
248.46536140001263	66.0	100.0
248.4874166000227	66.0	100.0
248.50672800000757	66.0	100.0
248.5279494000133	66.0	100.0
248.5474108000053	66.0	100.0
248.56738920000498	66.0	100.0
248.58752250002	66.0	100.0
248.6073740000138	66.0	100.0
248.6274584000057	66.0	100.0
248.6475974000059	66.0	100.0
248.66718750001746	66.0	100.0
248.68741320000845	66.0	100.0
248.7071283000114	66.0	100.0
248.72805850001168	66.0	100.0
248.7476769000059	66.0	100.0
248.76832880001166	66.0	100.0
248.78757830001996	66.0	100.0
248.80772220002837	66.0	100.0
248.82774900001823	66.0	100.0
248.84760900001856	66.0	100.0
248.86780230002478	66.0	100.0
248.88802330000908	66.0	100.0
248.9074396000069	66.0	100.0
248.92844290001085	66.0	100.0
248.9479616000026	66.0	100.0
248.96790960000362	66.0	100.0
248.9878562000231	66.0	100.0
249.00790130000678	66.0	100.0
249.02778040000703	66.0	100.0
249.04756740000448	66.0	100.0
249.06841750000603	66.0	100.0
249.08802190001006	66.0	100.0
249.1082374000107	66.0	100.0
249.12799850001466	66.0	100.0
249.14918100001523	66.0	100.0
249.16841550002573	67.0	100.0
249.18871180000133	67.0	100.0
249.20771880002576	67.0	100.0
249.22935410001082	67.0	100.0
249.24945560001652	67.0	100.0
249.26906370001961	67.0	100.0
249.32842580002034	67.0	100.0
249.32847290000063	67.0	100.0
249.32938180002384	67.0	100.0
249.3489315000188	67.0	100.0
249.3691440000257	67.0	100.0
249.3894284000271	67.0	100.0
249.42314050000277	67.0	100.0
249.42944340000395	67.0	100.0
249.4490307000233	67.0	100.0
249.46915790002095	67.0	100.0
249.48938310000813	67.0	100.0
249.52580910001416	67.0	100.0
249.5297424000164	67.0	100.0
249.54977030001464	67.0	100.0
249.56943400000455	67.0	100.0
249.59042290001526	67.0	100.0
249.63004450002336	67.0	100.0
249.63006420002785	67.0	100.0
249.64924880000763	67.0	100.0
249.66892390002613	67.0	100.0
249.6906764000014	67.0	100.0
249.7390807000047	67.0	100.0
249.73912790001486	67.0	100.0
249.7492502000241	67.0	100.0
249.7693605000095	67.0	100.0
249.78991210000822	67.0	100.0
249.83352680000826	67.0	100.0
249.83354850002797	67.0	100.0
249.84984900002019	67.0	100.0
249.8690532000037	67.0	100.0
249.88946090001264	67.0	100.0
249.9344527000212	67.0	100.0
249.93450170001597	67.0	100.0
249.9493598000263	67.0	100.0
249.96971750000375	67.0	100.0
249.98957240002346	67.0	100.0
250.01388030001544	67.0	100.0
250.02963860001182	67.0	100.0
250.04996050000773	67.0	100.0
250.06978490002803	67.0	100.0
250.08988210000098	67.0	100.0
250.28717990001314	67.0	100.0
250.28722870000638	67.0	100.0
250.2872530000168	67.0	100.0
250.28727570001502	65.0	100.0
250.28729810001096	65.0	100.0
250.2877435000264	65.0	100.0
250.28778690000763	65.0	100.0
250.2878118000226	65.0	100.0
250.28783530002693	65.0	100.0
250.28954240001622	65.0	100.0
250.31010720002814	65.0	100.0
250.3303534000006	65.0	100.0
250.39006170001812	65.0	100.0
250.39011030000984	65.0	100.0
250.390366800013	65.0	100.0
250.40961490001064	65.0	100.0
250.5299768000259	65.0	100.0
250.5300249000138	65.0	100.0
250.53004920002422	65.0	100.0
250.53007210002397	65.0	100.0
250.53009370001382	65.0	100.0
250.5301768000063	65.0	100.0
250.54913580001448	65.0	100.0
250.57030430002487	65.0	100.0
250.58947410000837	65.0	100.0
250.612042200024	65.0	100.0
250.64410530001624	65.0	100.0
250.6495485000196	65.0	100.0
250.66990440001246	65.0	100.0
250.68997970002238	65.0	100.0
250.71036010002717	65.0	100.0
250.9047339000099	65.0	100.0
250.9047843000153	65.0	100.0
250.90481170002022	65.0	100.0
250.90483830001904	65.0	100.0
250.9048609000165	65.0	100.0
250.90488280000864	65.0	100.0
250.90492470000754	65.0	100.0
250.904957700026	65.0	100.0
250.9049799000204	65.0	100.0
250.90974090000964	65.0	100.0
250.93464870000025	65.0	100.0
250.94982140001957	65.0	100.0
250.97465140002896	65.0	100.0
250.99002880000626	65.0	100.0
251.00998420000542	65.0	100.0
251.05295910002314	65.0	100.0
251.05298410000978	65.0	100.0
251.07148210000014	65.0	100.0
251.08927590001258	65.0	100.0
251.109783300024	65.0	100.0
251.14714470002218	65.0	100.0
251.15155350000714	65.0	100.0
251.17154370000935	64.0	100.0
251.189356900024	64.0	100.0
251.21082720000413	64.0	100.0
251.23145440002554	64.0	100.0
251.25064620000194	64.0	100.0
251.27038590001757	64.0	100.0
251.29141490001348	64.0	100.0
251.3113241000101	64.0	100.0
251.33167620000313	64.0	100.0
251.51798220002092	64.0	100.0
251.51803860001382	64.0	100.0
251.51807570000528	64.0	100.0
251.51810090002255	64.0	100.0
251.51812590000918	64.0	100.0
251.51815080002416	64.0	100.0
251.5181758000108	64.0	100.0
251.5182009000273	64.0	100.0
251.5182265000185	64.0	100.0
251.53804450001917	64.0	100.0
251.55174430002808	64.0	100.0
251.57192940000095	64.0	100.0
251.63176740001654	64.0	100.0
251.6318040000042	64.0	100.0
251.63182140002027	64.0	100.0
251.65168430001359	64.0	100.0
251.76725280002574	64.0	100.0
251.76727200002642	64.0	100.0
251.7672801000008	64.0	100.0
251.76730970002245	64.0	100.0
251.7673184000014	64.0	100.0
251.77143840002827	64.0	100.0
251.876021700009	64.0	100.0
251.87604080000892	64.0	100.0
251.87605600000825	64.0	100.0
251.87606680000317	64.0	100.0
251.87607460000436	64.0	100.0
251.9262816000264	64.0	100.0
251.92631540002185	64.0	100.0
251.9313571000239	64.0	100.0
252.0661633000127	64.0	100.0
252.06619660000433	64.0	100.0
252.06621470002574	64.0	100.0
252.0662350000057	64.0	100.0
252.06625500001246	64.0	100.0
252.0662712000194	64.0	100.0
252.07133720000274	64.0	100.0
252.09164730002522	64.0	100.0
252.1529109000112	64.0	100.0
252.1529329000041	64.0	100.0
252.15506120002829	64.0	100.0
252.1723676000256	66.0	100.0
252.1916805000219	66.0	100.0
252.45978370000375	66.0	100.0
252.45980280000367	66.0	100.0
252.45981380000012	66.0	100.0
252.45982200000435	66.0	100.0
252.45983000000706	66.0	100.0
252.4599999000202	66.0	100.0
252.460012800002	66.0	100.0
252.46002100000624	66.0	100.0
252.46002850000514	66.0	100.0
252.46003640000708	66.0	100.0
252.4698175000085	66.0	100.0
252.46983490002458	66.0	100.0
252.46984280002653	66.0	100.0
252.47283000001335	66.0	100.0
252.49249350000173	66.0	100.0
252.51167770000757	66.0	100.0
252.7694754000113	66.0	100.0
252.7694971000019	66.0	100.0
252.76950570000918	66.0	100.0
252.76951350001036	66.0	100.0
252.76952130001155	66.0	100.0
252.7696130000113	66.0	100.0
252.76962530001765	66.0	100.0
252.76963310001884	66.0	100.0
252.76964050001698	66.0	100.0
252.76964790001512	66.0	100.0
252.77153100000578	66.0	100.0
252.7715493000287	66.0	100.0
252.77224960000603	66.0	100.0
252.7921460000216	66.0	100.0
252.81196200000704	66.0	100.0
253.10180640002363	66.0	100.0
253.10185420000926	66.0	100.0
253.1018784000189	66.0	100.0
253.10190110001713	66.0	100.0
253.10192330001155	66.0	100.0
253.10194730001967	66.0	100.0
253.10197870002594	66.0	100.0
253.10201180001604	66.0	100.0
253.10204130000784	66.0	100.0
253.10208400001284	66.0	100.0
253.10212020002655	66.0	100.0
253.10215650001192	66.0	100.0
253.10219570001937	66.0	100.0
253.10223270001006	66.0	100.0
253.11132250001538	66.0	100.0
253.12921300000744	66.0	100.0
253.14985330001218	66.0	100.0
253.16860770000494	67.0	100.0
253.26079620001838	67.0	100.0
253.26081550001982	67.0	100.0
253.26082470000256	67.0	100.0
253.26083320000907	67.0	100.0
253.27113700000336	67.0	100.0
253.29267710002023	67.0	100.0
253.48663590001524	67.0	100.0
253.48665580002125	67.0	100.0
253.48666430002777	67.0	100.0
253.4866720000282	67.0	100.0
253.48667930002557	67.0	100.0
253.48668660002295	67.0	100.0
253.4866940000211	67.0	100.0
253.48670130001847	67.0	100.0
253.4867087000166	67.0	100.0
253.4928773000138	67.0	100.0
253.51330520000192	67.0	100.0
253.5338613000058	67.0	100.0
253.5529062000278	67.0	100.0
253.57361420002417	67.0	100.0
253.7195963000122	67.0	100.0
253.71964370002388	67.0	100.0
253.71966750000138	67.0	100.0
253.71969000002719	67.0	100.0
253.71971240002313	67.0	100.0
253.71973460001755	67.0	100.0
253.7197562000074	67.0	100.0
253.7334922000009	67.0	100.0
253.75332510002772	67.0	100.0
253.77433770001517	67.0	100.0
253.92250800001784	67.0	100.0
253.92255450002267	67.0	100.0
253.9225787000032	67.0	100.0
253.9226018000045	67.0	100.0
253.92262540000957	67.0	100.0
253.92264770000475	67.0	100.0
253.92266940002446	67.0	100.0
253.93046670002514	67.0	100.0
253.9490977000096	67.0	100.0
253.97049470001366	67.0	100.0
254.12700260002748	67.0	100.0
254.12702240000363	67.0	100.0
254.12703580001835	67.0	100.0
254.1270465000125	67.0	100.0
254.12705450001522	67.0	100.0
254.1271482000011	67.0	100.0
254.1271609000105	67.0	100.0
254.13400450002518	67.0	100.0
254.15427700002328	67.0	100.0
254.1747073000006	66.0	100.0
254.38967490001232	66.0	100.0
254.38969510002062	66.0	100.0
254.38970430000336	66.0	100.0
254.3897122000053	66.0	100.0
254.3897200000065	66.0	100.0
254.38972770000692	66.0	100.0
254.38973540000734	66.0	100.0
254.38974270000472	66.0	100.0
254.38974990000133	66.0	100.0
254.38975730002858	66.0	100.0
254.39501490001567	66.0	100.0
254.41411910002353	66.0	100.0
254.43484800000442	66.0	100.0
254.45344290000503	66.0	100.0
254.47321610001381	66.0	100.0
254.49309650002397	66.0	100.0
254.63934660001541	66.0	100.0
254.63936640002066	66.0	100.0
254.6393777000194	66.0	100.0
254.63938560002134	66.0	100.0
254.63939590001246	66.0	100.0
254.63940390001517	66.0	100.0
254.63941150001483	66.0	100.0
254.65414030000102	66.0	100.0
254.67316720000235	66.0	100.0
254.69345810002415	66.0	100.0
254.84514360001776	66.0	100.0
254.8451906000264	66.0	100.0
254.84521420000237	66.0	100.0
254.8452369000006	66.0	100.0
254.8452597000287	66.0	100.0
254.8452819000231	66.0	100.0
254.84530430001905	66.0	100.0
254.85369420002098	66.0	100.0
254.87324030001764	66.0	100.0
254.89383560002898	66.0	100.0
255.0502488000202	66.0	100.0
255.0502972000104	66.0	100.0
255.05032110001775	66.0	100.0
255.05034360001446	66.0	100.0
255.0503655000066	66.0	100.0
255.05038740002783	66.0	100.0
255.0504144000006	66.0	100.0
255.05457810001099	66.0	100.0
255.07428710002569	66.0	100.0
255.09430070000235	66.0	100.0
255.1138810000266	66.0	100.0
255.25434420001693	66.0	100.0
255.25439220000408	66.0	100.0
255.2544170000183	69.0	100.0
255.2544426000095	69.0	100.0
255.25446130000637	69.0	100.0
255.25447810001788	69.0	100.0
255.25615700002527	69.0	100.0
255.27385890000733	69.0	100.0
255.29457850000472	69.0	100.0
255.313818500028	69.0	100.0
255.4580641000066	69.0	100.0
255.45808390001184	69.0	100.0
255.4580918000138	69.0	100.0
255.45809970001574	69.0	100.0
255.45810750001692	69.0	100.0
255.45811490001506	69.0	100.0
255.45812220001244	69.0	100.0
255.4735178000119	69.0	100.0
255.494133900007	69.0	100.0
255.51596840002458	69.0	100.0
255.66401320000296	69.0	100.0
255.66403570002876	69.0	100.0
255.66404380000313	69.0	100.0
255.6640516000043	69.0	100.0
255.66405920000398	69.0	100.0
255.66406650000135	69.0	100.0
255.66407450000406	69.0	100.0
255.67540020000888	69.0	100.0
255.6943216000218	69.0	100.0
255.71520590002183	69.0	100.0
255.8329893000191	69.0	100.0
255.83303760000854	69.0	100.0
255.83306250002352	69.0	100.0
255.8330861000286	69.0	100.0
255.833108300023	69.0	100.0
255.83667680001236	69.0	100.0
255.85467450000579	69.0	100.0
255.87383590001264	69.0	100.0
256.0600072000234	69.0	100.0
256.06002880001324	69.0	100.0
256.06003780002357	69.0	100.0
256.06004560002475	69.0	100.0
256.06005290002213	69.0	100.0
256.0600607000233	69.0	100.0
256.0600680000207	69.0	100.0
256.0600758000219	69.0	100.0
256.06008320002	69.0	100.0
256.075079000002	69.0	100.0
256.09564740001224	69.0	100.0
256.1156359000015	69.0	100.0
256.1357710000011	69.0	100.0
256.27783780000755	69.0	100.0
256.2778855000215	73.0	100.0
256.2779099000036	73.0	100.0
256.27793270000257	73.0	100.0
256.2779554000008	73.0	100.0
256.27797750002355	73.0	100.0
256.27799950001645	73.0	100.0
256.29575250000926	73.0	100.0
256.31503880000673	73.0	100.0
256.3358782000141	73.0	100.0
256.43379050001386	73.0	100.0
256.43382470001234	73.0	100.0
256.43384280000464	73.0	100.0
256.4338600000192	73.0	100.0
256.4359666000237	73.0	100.0
256.4558080000279	73.0	100.0
256.4755144000228	73.0	100.0
256.61953840000206	73.0	100.0
256.61958580001374	73.0	100.0
256.6196102000249	73.0	100.0
256.6196333000262	73.0	100.0
256.6196560000244	73.0	100.0
256.6196780000173	73.0	100.0
256.61969960000715	73.0	100.0
256.63681820000056	73.0	100.0
256.65599420000217	73.0	100.0
256.7609596000111	73.0	100.0
256.76099600002635	73.0	100.0
256.7610140000179	73.0	100.0
256.76103610001155	73.0	100.0
256.7610536000284	73.0	100.0
256.7772666000237	73.0	100.0
256.7960584000102	73.0	100.0
256.8162994000013	73.0	100.0
256.83588740002597	73.0	100.0
256.85324100000435	73.0	100.0
256.8740539000137	73.0	100.0
256.89388720001443	73.0	100.0
256.9145896000264	73.0	100.0
256.9334202000173	73.0	100.0
256.95205300001544	73.0	100.0
256.972058400017	73.0	100.0
256.9926322000101	73.0	100.0
257.01290070000687	73.0	100.0
257.03294480001205	73.0	100.0
257.05388250001124	73.0	100.0
257.0757457000145	73.0	100.0
257.09528050001245	73.0	100.0
257.1157418000221	73.0	100.0
257.13744540000334	73.0	100.0
257.1564458000066	73.0	100.0
257.17801030000555	75.0	100.0
257.19740180001827	75.0	100.0
257.2179092000006	75.0	100.0
257.237385800021	75.0	100.0
257.2581284000189	75.0	100.0
257.27608600002714	75.0	100.0
257.29727880001883	75.0	100.0
257.31697400001576	75.0	100.0
257.33787580000353	75.0	100.0
257.3591957000026	75.0	100.0
257.3757725000032	75.0	100.0
257.3970248000114	75.0	100.0
257.41755910002394	75.0	100.0
257.4373813000275	75.0	100.0
257.45745360001456	75.0	100.0
257.4774199000094	75.0	100.0
257.49705950001953	75.0	100.0
257.517754600005	75.0	100.0
257.5379978000128	75.0	100.0
257.55812140001217	75.0	100.0
257.577626400016	75.0	100.0
257.59767040002043	75.0	100.0
257.61786600001506	75.0	100.0
257.6374121000117	75.0	100.0
257.6570469000144	75.0	100.0
257.67747220001183	75.0	100.0
257.69753150001634	75.0	100.0
257.7174797000189	75.0	100.0
257.73787540002377	75.0	100.0
257.757826200017	75.0	100.0
257.7796223000041	75.0	100.0
257.7963386000192	75.0	100.0
257.81643790000817	75.0	100.0
257.83702300000004	75.0	100.0
257.85672550002346	75.0	100.0
257.8766458000173	75.0	100.0
257.8972887000127	75.0	100.0
257.91707680001855	75.0	100.0
257.9374294000154	75.0	100.0
257.957078300009	75.0	100.0
257.9779188000248	75.0	100.0
257.99757150001824	75.0	100.0
258.01765640001395	75.0	100.0
258.0377647000132	75.0	100.0
258.05806840001605	75.0	100.0
258.0782228000171	75.0	100.0
258.0978669000033	75.0	100.0
258.1174967000261	75.0	100.0
258.1379092000134	75.0	100.0
258.15858880002634	75.0	100.0
258.1782254000136	75.0	100.0
258.1978364000097	75.0	100.0
258.21760110001196	75.0	100.0
258.2369312000228	75.0	100.0
258.2574756000249	75.0	100.0
258.2774470000004	75.0	100.0
258.2974364000256	75.0	100.0
258.3176512000209	75.0	100.0
258.33832770001027	75.0	100.0
258.3576033000136	75.0	100.0
258.37824100002763	75.0	100.0
258.39892270002747	75.0	100.0
258.4175956000108	75.0	100.0
258.43800080000074	75.0	100.0
258.45822900001076	75.0	100.0
258.4775881000096	75.0	100.0
258.4983485000266	75.0	100.0
258.51804500000435	75.0	100.0
258.53734780001105	75.0	100.0
258.5574196000234	75.0	100.0
258.5775022000016	75.0	100.0
258.5989872000064	75.0	100.0
258.61813720001373	75.0	100.0
258.63800730000366	75.0	100.0
258.6581056000141	75.0	100.0
258.6770645000215	75.0	100.0
258.6970364000008	75.0	100.0
258.71768340002745	75.0	100.0
258.7379178000265	75.0	100.0
258.75721260000137	75.0	100.0
258.77712400001474	75.0	100.0
258.79733000000124	75.0	100.0
258.8173649000237	75.0	100.0
258.83718440000666	75.0	100.0
258.85727660002885	75.0	100.0
258.8778749000048	75.0	100.0
258.89739210001426	75.0	100.0
258.91733470000327	75.0	100.0
258.93791850001435	75.0	100.0
258.9571440000145	75.0	100.0
258.9775108000031	75.0	100.0
258.9969070000225	75.0	100.0
259.01748870001757	75.0	100.0
259.03719130001264	75.0	100.0
259.0579268000147	75.0	100.0
259.07855820000987	75.0	100.0
259.09762690000935	75.0	100.0
259.11735940002836	75.0	100.0
259.1379386000044	75.0	100.0
259.1580984000175	75.0	100.0
259.17864890000783	74.0	100.0
259.19811100000516	74.0	100.0
259.21985330001917	74.0	100.0
259.23914600000717	74.0	100.0
259.25883050000994	74.0	100.0
259.2793150000216	74.0	100.0
259.2984882000019	74.0	100.0
259.3179718000174	74.0	100.0
259.33877900001244	74.0	100.0
259.35861600001226	74.0	100.0
259.37994750001235	74.0	100.0
259.3988395000051	74.0	100.0
259.4193323000218	74.0	100.0
259.43830250002793	74.0	100.0
259.45922620000783	74.0	100.0
259.4797699000046	74.0	100.0
259.499334800028	74.0	100.0
259.52053110001725	74.0	100.0
259.53979740000796	74.0	100.0
259.55777170002693	74.0	100.0
259.57948970000143	74.0	100.0
259.5980060000147	74.0	100.0
259.61996890002047	74.0	100.0
259.6397435000108	74.0	100.0
259.65878570001223	74.0	100.0
259.6789538000012	74.0	100.0
259.69938760000514	74.0	100.0
259.7194434000121	74.0	100.0
259.7397469000134	74.0	100.0
259.75919780001277	74.0	100.0
259.77952930002357	74.0	100.0
259.7993445000029	74.0	100.0
259.8195914000098	74.0	100.0
259.83941230000346	74.0	100.0
259.85969470001874	74.0	100.0
259.87947580000036	74.0	100.0
259.8972186000028	74.0	100.0
259.9194254000031	74.0	100.0
259.93751880002674	74.0	100.0
259.9574209000275	74.0	100.0
259.9783011000254	74.0	100.0
259.9984259000048	74.0	100.0
260.0192306000099	74.0	100.0
260.03934520002804	74.0	100.0
260.059614400001	74.0	100.0
260.0795511000033	74.0	100.0
260.09968220000155	74.0	100.0
260.11989340002765	74.0	100.0
260.1406273000175	74.0	100.0
260.1611009000044	74.0	100.0
260.1808782000153	74.0	100.0
260.19883670000127	74.0	100.0
260.2196547000203	74.0	100.0
260.2408546000079	74.0	100.0
260.2606308000104	74.0	100.0
260.2793095000088	74.0	100.0
260.2996302000247	74.0	100.0
260.31961560001946	74.0	100.0
260.3402740000165	74.0	100.0
260.35962480001035	74.0	100.0
260.37965100002475	74.0	100.0
260.40380600001663	74.0	100.0
260.4196565000166	74.0	100.0
260.44212430002517	74.0	100.0
260.45966160000535	74.0	100.0
260.4796502000245	74.0	100.0
260.5006965000066	74.0	100.0
260.51964080001926	74.0	100.0
260.5399528000271	74.0	100.0
260.5599984000146	74.0	100.0
260.579309200024	74.0	100.0
260.5996878000151	74.0	100.0
260.62049550001393	74.0	100.0
260.63972680000006	74.0	100.0
260.66012900002534	74.0	100.0
260.6796766000043	74.0	100.0
260.6996615000244	74.0	100.0
260.71959950000746	74.0	100.0
260.7406830000109	74.0	100.0
260.759755600011	74.0	100.0
260.7796105000016	74.0	100.0
260.79972220002674	74.0	100.0
260.820475000015	74.0	100.0
260.8406044000003	74.0	100.0
260.8600065000064	74.0	100.0
260.8797815000289	74.0	100.0
260.89994190001744	74.0	100.0
260.9200768000155	74.0	100.0
260.94077640000614	74.0	100.0
260.9594488000148	74.0	100.0
260.9807805000164	74.0	100.0
260.99936860002344	74.0	100.0
261.01982270000735	74.0	100.0
261.0397817000048	74.0	100.0
261.0593404000101	74.0	100.0
261.07944180001505	74.0	100.0
261.10064100002637	74.0	100.0
261.1183531000279	74.0	100.0
261.1398592000187	74.0	100.0
261.1617180000176	74.0	100.0
261.1810233000142	73.0	100.0
261.2006404000276	73.0	100.0
261.21973590002744	73.0	100.0
261.239601600013	73.0	100.0
261.26134140000795	73.0	100.0
261.2806521000166	73.0	100.0
261.30067890000646	73.0	100.0
261.3205048000091	73.0	100.0
261.34095560002606	73.0	100.0
261.36059500000556	73.0	100.0
261.37972110000555	73.0	100.0
261.4005578000215	73.0	100.0
261.4210396000126	73.0	100.0
261.4411535000254	73.0	100.0
261.46087790001184	73.0	100.0
261.4800416000071	73.0	100.0
261.501127800002	73.0	100.0
261.5196477000136	73.0	100.0
261.54012520000106	73.0	100.0
261.56108100002166	73.0	100.0
261.5808665000077	73.0	100.0
261.60058670002036	73.0	100.0
261.62130220001563	73.0	100.0
261.63963860002696	73.0	100.0
261.6619052000169	73.0	100.0
261.6803014000179	73.0	100.0
261.7011561000254	73.0	100.0
261.72089270001743	73.0	100.0
261.74172550000367	73.0	100.0
261.761083600024	73.0	100.0
261.78138390000095	73.0	100.0
261.80134800000815	73.0	100.0
261.82127870002296	73.0	100.0
261.8413591000135	73.0	100.0
261.8612489000079	73.0	100.0
261.8814886000182	73.0	100.0
261.90155370000866	73.0	100.0
261.9207408000075	73.0	100.0
261.9424324000138	73.0	100.0
261.9611093000276	73.0	100.0
261.98155990001396	73.0	100.0
262.00117840000894	73.0	100.0
262.021684700012	73.0	100.0
262.04161830001976	73.0	100.0
262.0609802000108	73.0	100.0
262.0803699000098	73.0	100.0
262.10051790002035	73.0	100.0
262.12071640000795	73.0	100.0
262.14170200002263	73.0	100.0
262.16220570000587	73.0	100.0
262.18293800001265	72.0	100.0
262.20180510001956	72.0	100.0
262.223764400027	72.0	100.0
262.24241820001043	72.0	100.0
262.2612313000136	72.0	100.0
262.28150060001644	72.0	100.0
262.3017693000147	72.0	100.0
262.3217983000213	72.0	100.0
262.34198460000334	72.0	100.0
262.36164830002235	72.0	100.0
262.38178060000064	72.0	100.0
262.40263490000507	72.0	100.0
262.4210719000257	72.0	100.0
262.4411043	72.0	100.0
262.46155680000084	72.0	100.0
262.4816755000211	72.0	100.0
262.5015689000138	72.0	100.0
262.521404500003	72.0	100.0
262.5420443000039	72.0	100.0
262.562248000002	72.0	100.0
262.58223710002494	72.0	100.0
262.6017139000178	72.0	100.0
262.622104900016	72.0	100.0
262.6422928000102	72.0	100.0
262.66152500000317	72.0	100.0
262.68161460000556	72.0	100.0
262.7019307000155	72.0	100.0
262.7220703000203	72.0	100.0
262.7428775000153	72.0	100.0
262.76193830001284	72.0	100.0
262.78238899999997	72.0	100.0
262.8012478000019	72.0	100.0
262.821486300003	72.0	100.0
262.84120400002575	72.0	100.0
262.86221520000254	72.0	100.0
262.88412540001445	72.0	100.0
262.90649800002575	72.0	100.0
262.9192137000209	72.0	100.0
262.9400264000287	72.0	100.0
262.958360300021	72.0	100.0
262.97973310001544	72.0	100.0
263.00226040001144	72.0	100.0
263.0205300000089	72.0	100.0
263.0414761000138	72.0	100.0
263.0617398000031	72.0	100.0
263.08193880002364	72.0	100.0
263.1044292000006	72.0	100.0
263.1234926000179	72.0	100.0
263.14335030000075	72.0	100.0
263.162638800015	72.0	100.0
263.18300580000505	71.0	100.0
263.2032890000264	71.0	100.0
263.22247010000865	71.0	100.0
263.2457603000221	71.0	100.0
263.2629464000056	71.0	100.0
263.2840766000154	71.0	100.0
263.30378390001715	71.0	100.0
263.32236120000016	71.0	100.0
263.34407660001307	71.0	100.0
263.36246380000375	71.0	100.0
263.38108280001325	71.0	100.0
263.4119761000038	71.0	100.0
263.4202970000042	71.0	100.0
263.4408402000263	71.0	100.0
263.45949010000913	71.0	100.0
263.47878610002226	71.0	100.0
263.5003992000129	71.0	100.0
263.52136990000145	71.0	100.0
263.541740900022	71.0	100.0
263.56142050001654	71.0	100.0
263.58098020000034	71.0	100.0
263.60684510000283	71.0	100.0
263.62378780002473	71.0	100.0
263.6430288000265	71.0	100.0
263.66387430002214	71.0	100.0
263.6848325000028	71.0	100.0
263.70367100002477	71.0	100.0
263.7236843999999	71.0	100.0
263.7437332000118	71.0	100.0
263.7617162000097	71.0	100.0
263.7826027000265	71.0	100.0
263.80143980000867	71.0	100.0
263.82927590000327	71.0	100.0
263.84346580001875	71.0	100.0
263.8636530000076	71.0	100.0
263.8835990000225	71.0	100.0
263.90385720002814	71.0	100.0
263.9235771000094	71.0	100.0
263.9437260000268	71.0	100.0
263.9636533000157	71.0	100.0
263.98347400000785	71.0	100.0
264.00327330001164	71.0	100.0
264.0262483000115	71.0	100.0
264.0429745000147	71.0	100.0
264.06271390002803	71.0	100.0
264.083111200016	71.0	100.0
264.1038303000096	71.0	100.0
264.1234559000004	71.0	100.0
264.1431313000212	71.0	100.0
264.16421860002447	71.0	100.0
264.18137630002457	71.0	100.0
264.203719800018	71.0	100.0
264.22375210002065	71.0	100.0
264.24400050000986	71.0	100.0
264.26378460001433	71.0	100.0
264.28296470001806	71.0	100.0
264.3054955000116	71.0	100.0
264.3244224000082	71.0	100.0
264.3445898000209	71.0	100.0
264.36365600000136	71.0	100.0
264.3835894000076	71.0	100.0
264.40348180002184	71.0	100.0
264.4244938000047	71.0	100.0
264.44468750001397	71.0	100.0
264.4646432000154	71.0	100.0
264.48368510001455	71.0	100.0
264.5046108000097	71.0	100.0
264.5239001000009	71.0	100.0
264.5452394000022	71.0	100.0
264.5637727000285	71.0	100.0
264.58406290001585	71.0	100.0
264.6036010000098	71.0	100.0
264.6242430000275	71.0	100.0
264.64426960001583	71.0	100.0
264.66421450002235	71.0	100.0
264.68401870000525	71.0	100.0
264.7040129000088	71.0	100.0
264.72354540001834	71.0	100.0
264.7447016000224	71.0	100.0
264.763875500008	71.0	100.0
264.78390290000243	71.0	100.0
264.8039812000061	71.0	100.0
264.82129740001983	71.0	100.0
264.8456540000043	71.0	100.0
264.86485130002256	71.0	100.0
264.88453260000097	71.0	100.0
264.9048857000016	71.0	100.0
264.9249996000144	71.0	100.0
264.947607900016	71.0	100.0
264.9640761000046	71.0	100.0
264.9845153000206	71.0	100.0
265.003901100019	71.0	100.0
265.0253061000258	71.0	100.0
265.04553290002514	71.0	100.0
265.06547630002024	71.0	100.0
265.08452110001235	71.0	100.0
265.1054416000261	71.0	100.0
265.1249118000269	71.0	100.0
265.1455705000262	71.0	100.0
265.1654886000033	71.0	100.0
265.18507020000834	71.0	100.0
265.20529640000314	71.0	100.0
265.22661900002277	71.0	100.0
265.2461595000059	71.0	100.0
265.26549010002054	71.0	100.0
265.2856098000193	71.0	100.0
265.3053346000088	71.0	100.0
265.32526700000744	71.0	100.0
265.3449784000113	71.0	100.0
265.3654618000146	71.0	100.0
265.3853754000156	71.0	100.0
265.404958900006	71.0	100.0
265.42583750002086	71.0	100.0
265.44503710002755	71.0	100.0
265.46554430000833	71.0	100.0
265.48534150002524	71.0	100.0
265.5057373000018	71.0	100.0
265.525112000003	71.0	100.0
265.54597680000006	71.0	100.0
265.56647370001883	71.0	100.0
265.5853080000088	71.0	100.0
265.60556180001004	71.0	100.0
265.62640370000736	71.0	100.0
265.645494700002	71.0	100.0
265.6654167000088	71.0	100.0
265.6837296000158	71.0	100.0
265.7057162000274	71.0	100.0
265.7252071000112	71.0	100.0
265.74545610000496	71.0	100.0
265.7667764000071	71.0	100.0
265.7850039000041	71.0	100.0
265.8056274000264	71.0	100.0
265.82578860002104	71.0	100.0
265.84582490002504	71.0	100.0
265.86614340002416	71.0	100.0
265.8865524000139	71.0	100.0
265.9057243000134	71.0	100.0
265.9256680000108	71.0	100.0
265.9461076000007	71.0	100.0
265.96602160000475	71.0	100.0
265.9847968000104	71.0	100.0
266.0057093000214	71.0	100.0
266.02629730000626	71.0	100.0
266.04587130001164	71.0	100.0
266.06566700001713	71.0	100.0
266.08596970001236	71.0	100.0
266.10580260001007	71.0	100.0
266.1256699000078	71.0	100.0
266.14612670001225	71.0	100.0
266.16579300002195	71.0	100.0
266.18603910002275	71.0	100.0
266.2052432000055	71.0	100.0
266.22611940000206	71.0	100.0
266.2459310000122	71.0	100.0
266.26595060000545	71.0	100.0
266.28568500000983	71.0	100.0
266.30525970002054	71.0	100.0
266.32668020002893	71.0	100.0
266.34761240001535	71.0	100.0
266.36511010001414	71.0	100.0
266.3863892000227	71.0	100.0
266.40560820000246	71.0	100.0
266.4263965000282	71.0	100.0
266.44560520001687	71.0	100.0
266.4655361000041	71.0	100.0
266.48617540000123	71.0	100.0
266.50605800002813	71.0	100.0
266.5258980000217	71.0	100.0
266.5471065000165	71.0	100.0
266.56509880002704	71.0	100.0
266.58617390002473	71.0	100.0
266.60568650002824	71.0	100.0
266.62595920002786	71.0	100.0
266.64534280000953	71.0	100.0
266.6654878000263	71.0	100.0
266.6887567000231	71.0	100.0
266.70555900002364	71.0	100.0
266.72556080002687	71.0	100.0
266.7458035000018	71.0	100.0
266.7651422000199	71.0	100.0
266.7855428000039	71.0	100.0
266.8056794000149	71.0	100.0
266.8257365000027	71.0	100.0
266.84570820000954	71.0	100.0
266.865497700026	71.0	100.0
266.88678150001215	71.0	100.0
266.90636630001245	71.0	100.0
266.9261253000004	71.0	100.0
266.9457798000076	71.0	100.0
266.965583400015	71.0	100.0
266.98676830000477	71.0	100.0
267.00559610000346	71.0	100.0
267.02579080002033	71.0	100.0
267.04674730001716	71.0	100.0
267.0666402000061	71.0	100.0
267.08605730001	71.0	100.0
267.1069970000244	71.0	100.0
267.1265702000237	71.0	100.0
267.14732510002796	71.0	100.0
267.1671879000205	71.0	100.0
267.18428600000334	73.0	100.0
267.2062830000068	73.0	100.0
267.22734970002784	73.0	100.0
267.24693010002375	73.0	100.0
267.2666115000029	73.0	100.0
267.28786210002727	73.0	100.0
267.30673990002833	73.0	100.0
267.3257892000256	73.0	100.0
267.34740130000864	73.0	100.0
267.36574960002326	73.0	100.0
267.38663200000883	73.0	100.0
267.4066523000074	73.0	100.0
267.4276053000067	73.0	100.0
267.4471262000152	73.0	100.0
267.46712840002147	73.0	100.0
267.4857791000104	73.0	100.0
267.50773890002165	73.0	100.0
267.52717650000704	73.0	100.0
267.5488604000129	73.0	100.0
267.5676231000107	73.0	100.0
267.5896528000012	73.0	100.0
267.6098933000176	73.0	100.0
267.6276889000146	73.0	100.0
267.6476235000009	73.0	100.0
267.66758650002885	73.0	100.0
267.68767500002286	73.0	100.0
267.7078359000152	73.0	100.0
267.72764880000614	73.0	100.0
267.74864160001744	73.0	100.0
267.7676589000039	73.0	100.0
267.78736560000107	73.0	100.0
267.8078220000025	73.0	100.0
267.8278070000233	73.0	100.0
267.8475807000068	73.0	100.0
267.86774980000337	73.0	100.0
267.88758380000945	73.0	100.0
267.9083379000076	73.0	100.0
267.9277587000106	73.0	100.0
267.94791540000006	73.0	100.0
267.9675053000101	73.0	100.0
267.98769460001495	73.0	100.0
268.00761240001884	73.0	100.0
268.0279187000124	73.0	100.0
268.04861540001	73.0	100.0
268.06761410000036	73.0	100.0
268.08759990002727	73.0	100.0
268.1087046000175	73.0	100.0
268.12772890002816	73.0	100.0
268.14857920000213	73.0	100.0
268.16949850000674	73.0	100.0
268.1890410000051	74.0	100.0
268.20772740000393	74.0	100.0
268.2298168000125	74.0	100.0
268.2486344000208	74.0	100.0
268.2684392000083	74.0	100.0
268.28812170002493	74.0	100.0
268.30852320001577	74.0	100.0
268.3277359000058	74.0	100.0
268.3489822000265	74.0	100.0
268.3686207999999	74.0	100.0
268.3885006000055	74.0	100.0
268.40855770002236	74.0	100.0
268.4291121000133	74.0	100.0
268.4472035000217	74.0	100.0
268.46765060001053	74.0	100.0
268.48855720000574	74.0	100.0
268.50860300002387	74.0	100.0
268.5320813000144	74.0	100.0
268.54889350000303	74.0	100.0
268.56789170001866	74.0	100.0
268.588940000016	74.0	100.0
268.6084708000126	74.0	100.0
268.62902490000124	74.0	100.0
268.6491105000023	74.0	100.0
268.66904980002437	74.0	100.0
268.68920570000773	74.0	100.0
268.70873870002106	74.0	100.0
268.72786480002105	74.0	100.0
268.7484184000059	74.0	100.0
268.7679941000242	74.0	100.0
268.788034600002	74.0	100.0
268.8078370000003	74.0	100.0
268.82843480000156	74.0	100.0
268.8482581000135	74.0	100.0
268.86847820002004	74.0	100.0
268.8882750000048	74.0	100.0
268.90798950000317	74.0	100.0
268.92802170000505	74.0	100.0
268.94887990001007	74.0	100.0
268.9684701000224	74.0	100.0
268.9896209000144	74.0	100.0
269.00829620001605	74.0	100.0
269.0275368000148	74.0	100.0
269.04883290000726	74.0	100.0
269.066627000022	74.0	100.0
