timestamp_sec	0	1
0.03076850000070408	81.0	100.0
0.05087239999556914	81.0	100.0
0.07119479999528266	81.0	100.0
0.09086269998806529	81.0	100.0
0.11102380001102574	81.0	100.0
0.1308361999981571	81.0	100.0
0.15065200001117773	81.0	100.0
0.1714127000013832	81.0	100.0
0.19221209999523126	81.0	100.0
0.21043740000459366	81.0	100.0
0.23027130000991747	81.0	100.0
0.2506549000099767	81.0	100.0
0.27073630000813864	81.0	100.0
0.2905007000081241	81.0	100.0
0.31020819998229854	81.0	100.0
0.3307012000004761	81.0	100.0
0.35082920000422746	81.0	100.0
0.3714926000102423	81.0	100.0
0.39112429998931475	81.0	100.0
0.41081229998962954	79.0	100.0
0.43021789999329485	79.0	100.0
0.4505862999940291	79.0	100.0
0.47090149999712594	79.0	100.0
0.49063719998230226	79.0	100.0
0.5096845999942161	79.0	100.0
0.5307305000023916	79.0	100.0
0.550724500004435	79.0	100.0
0.5710258999897633	79.0	100.0
0.590913099993486	79.0	100.0
0.6095208000042476	79.0	100.0
0.6301638000004459	79.0	100.0
0.651662899996154	79.0	100.0
0.6706527000060305	79.0	100.0
0.6908455000084359	79.0	100.0
0.7107636999862734	79.0	100.0
0.7308026000100654	79.0	100.0
0.7500196000037249	79.0	100.0
0.7704093999927863	79.0	100.0
0.7903166000032797	79.0	100.0
0.8088514999835752	79.0	100.0
0.830950200004736	79.0	100.0
0.8502108000102453	79.0	100.0
0.8711150999879465	79.0	100.0
0.8907044999941718	79.0	100.0
0.9103170000016689	79.0	100.0
0.9306118999957107	79.0	100.0
0.9505738999869209	79.0	100.0
0.9716613999917172	79.0	100.0
0.9904711999988649	79.0	100.0
1.1760433999879751	79.0	100.0
1.1760637999977916	79.0	100.0
1.1760720000020228	79.0	100.0
1.1760800000047311	79.0	100.0
1.1760874000028707	79.0	100.0
1.1760953000048175	79.0	100.0
1.1761028000037186	79.0	100.0
1.1761102000018582	79.0	100.0
1.1761172999977134	79.0	100.0
1.1916751000098884	79.0	100.0
1.210438999987673	79.0	100.0
1.2302798999880906	79.0	100.0
1.2887756999989506	79.0	100.0
1.2888129999919329	79.0	100.0
1.2940445999847725	79.0	100.0
1.3104349999921396	79.0	100.0
1.425117799983127	79.0	100.0
1.4251542999991216	79.0	100.0
1.425171999988379	79.0	100.0
1.4251887999998871	79.0	100.0
1.425205300009111	77.0	100.0
1.4308132999867667	77.0	100.0
1.450445700000273	77.0	100.0
1.470960999984527	77.0	100.0
1.4897403999930248	77.0	100.0
1.5481901000021026	77.0	100.0
1.5482392999983858	77.0	100.0
1.5501430000003893	77.0	100.0
1.5699613000033423	77.0	100.0
1.5908648000040557	77.0	100.0
1.6400926999922376	77.0	100.0
1.6401115999906324	77.0	100.0
1.6505738999985624	77.0	100.0
1.67262599998503	77.0	100.0
1.6919643000001088	77.0	100.0
1.742609300010372	77.0	100.0
1.7426307999994606	77.0	100.0
1.7496806999843102	77.0	100.0
1.7713915999920573	77.0	100.0
1.790521799994167	77.0	100.0
1.8119475999847054	77.0	100.0
1.84481730000698	77.0	100.0
1.8508373000076972	77.0	100.0
1.871212400001241	77.0	100.0
1.8907163999974728	77.0	100.0
1.9102685000107158	77.0	100.0
1.947556800005259	77.0	100.0
1.950630600011209	77.0	100.0
1.97102709999308	77.0	100.0
1.9909315999830142	77.0	100.0
2.010374999983469	77.0	100.0
2.0534235000086483	77.0	100.0
2.0534430999832693	77.0	100.0
2.0707877000095323	77.0	100.0
2.0905079999938607	77.0	100.0
2.112692099995911	77.0	100.0
2.1526531999988947	77.0	100.0
2.1526722999988124	77.0	100.0
2.1705535000073723	77.0	100.0
2.1904221999866422	77.0	100.0
2.211175300006289	77.0	100.0
2.4030673000088427	77.0	100.0
2.4031000999966636	77.0	100.0
2.4031110999931116	77.0	100.0
2.4045913000009023	77.0	100.0
2.404625800001668	77.0	100.0
2.4046388999850024	77.0	100.0
2.404649400006747	77.0	100.0
2.404659799998626	77.0	100.0
2.4046701999905054	77.0	100.0
2.4105886000033934	0.0	100.0
2.4306778000027407	0.0	100.0
2.4510299999965355	0.0	100.0
2.509068199986359	0.0	100.0
2.5091166000056546	0.0	100.0
2.5101807999890298	0.0	100.0
2.71145269999397	0.0	100.0
2.711475199990673	0.0	100.0
2.711490199988475	0.0	100.0
2.7114984999934677	0.0	100.0
2.7115065999969374	0.0	100.0
2.7115140999958385	0.0	100.0
2.711522400000831	0.0	100.0
2.7115300000004936	0.0	100.0
2.7115465000097174	0.0	100.0
2.7116652999829967	0.0	100.0
2.7305242999864276	0.0	100.0
2.750867599999765	0.0	100.0
2.7704971999919508	0.0	100.0
2.812349499989068	0.0	100.0
2.812369299994316	0.0	100.0
2.8305182000040077	0.0	100.0
2.9527549000049476	0.0	100.0
2.952790199982701	0.0	100.0
2.952807900001062	0.0	100.0
2.9528246999834664	0.0	100.0
2.9528412999934517	0.0	100.0
2.952857199998107	0.0	100.0
2.970691900001839	0.0	100.0
2.9904787999985274	0.0	100.0
3.009669799997937	0.0	100.0
3.0336513000074774	0.0	100.0
3.050914199993713	0.0	100.0
3.070886600005906	0.0	100.0
3.0903753000020515	0.0	100.0
3.1102448999881744	0.0	100.0
3.131231999985175	0.0	100.0
3.1684596999839414	0.0	100.0
3.1706450000056066	0.0	100.0
3.1905248000111897	0.0	100.0
3.2105320999980904	0.0	100.0
3.230420400010189	0.0	100.0
3.2550654000078794	0.0	100.0
3.27027760000783	0.0	100.0
3.2902101000072435	0.0	100.0
3.310859999997774	0.0	100.0
3.3304300000017975	0.0	100.0
3.350813900004141	0.0	100.0
3.3707424000022	0.0	100.0
3.4311637000064366	0.0	100.0
3.4311990999849513	74.0	100.0
3.431211999995867	74.0	100.0
3.4504318999825045	74.0	100.0
3.5659645999839995	74.0	100.0
3.5660007999977097	74.0	100.0
3.566018299985444	74.0	100.0
3.566034799994668	74.0	100.0
3.5660512000031304	74.0	100.0
3.5721409999823663	74.0	100.0
3.5901033999980427	74.0	100.0
3.6145996999985073	74.0	100.0
3.630209700000705	74.0	100.0
3.6499593000044115	74.0	100.0
3.67104929999914	74.0	100.0
3.6909857999999076	74.0	100.0
3.73443209999823	74.0	100.0
3.7344541999918874	74.0	100.0
3.751289000007091	74.0	100.0
3.8739157000090927	74.0	100.0
3.873953000002075	74.0	100.0
3.8739706999913324	74.0	100.0
3.8739921000087634	74.0	100.0
3.874011799984146	74.0	100.0
3.8740292000002228	74.0	100.0
3.8884902999852784	74.0	100.0
3.9119403999939095	74.0	100.0
3.9280478000000585	74.0	100.0
3.946595499990508	74.0	100.0
3.9643535999930464	74.0	100.0
3.985152300010668	74.0	100.0
4.045743299997412	74.0	100.0
4.045778500003507	74.0	100.0
4.050679100007983	74.0	100.0
4.181811399990693	74.0	100.0
4.181847100000596	74.0	100.0
4.18186899999273	74.0	100.0
4.181892299995525	74.0	100.0
4.181918299989775	74.0	100.0
4.182180300005712	74.0	100.0
4.189671600004658	74.0	100.0
4.209936700004619	74.0	100.0
4.230268399987835	74.0	100.0
4.250339299993357	74.0	100.0
4.295875099982368	74.0	100.0
4.295904400001746	74.0	100.0
4.31010360000073	74.0	100.0
4.3300946000090335	74.0	100.0
4.35036039998522	74.0	100.0
4.370455199998105	74.0	100.0
4.3906108000082895	74.0	100.0
4.410806200001389	76.0	100.0
4.43312679999508	76.0	100.0
4.450515700009419	76.0	100.0
4.470421700010775	76.0	100.0
4.490481099986937	76.0	100.0
4.509976900008041	76.0	100.0
4.530478000000585	76.0	100.0
4.549454199994216	76.0	100.0
4.570266199996695	76.0	100.0
4.589905700006057	76.0	100.0
4.611452899989672	76.0	100.0
4.630357699992601	76.0	100.0
4.650069800001802	76.0	100.0
4.672091399988858	76.0	100.0
4.6905390000029	76.0	100.0
4.709807500010356	76.0	100.0
4.730572600004962	76.0	100.0
4.750063299987232	76.0	100.0
4.7703602999972645	76.0	100.0
4.789603599987458	76.0	100.0
4.810326200007694	76.0	100.0
4.829963800002588	76.0	100.0
4.850505999987945	76.0	100.0
4.871667300001718	76.0	100.0
4.8949126999941655	76.0	100.0
4.910616399982246	76.0	100.0
4.930869400006486	76.0	100.0
4.95039280000492	76.0	100.0
4.9704016000032425	76.0	100.0
4.990322700003162	76.0	100.0
5.009738599997945	76.0	100.0
5.029938199993921	76.0	100.0
5.049865599983605	76.0	100.0
5.070390899985796	76.0	100.0
5.090496699995128	76.0	100.0
5.110152300010668	76.0	100.0
5.129749899992021	76.0	100.0
5.150189200008754	76.0	100.0
5.170478199986974	76.0	100.0
5.1902559000009205	76.0	100.0
5.210413699998753	76.0	100.0
5.229824200010626	76.0	100.0
5.249421599990455	76.0	100.0
5.269533899991075	76.0	100.0
5.289447699993616	76.0	100.0
5.309338899998693	76.0	100.0
5.330111399991438	76.0	100.0
5.350381800002651	76.0	100.0
5.37030889999005	76.0	100.0
5.390801900008228	76.0	100.0
5.410812699992675	78.0	100.0
5.429794700001366	78.0	100.0
5.449738600000273	78.0	100.0
5.470438499993179	78.0	100.0
5.4912409000098705	78.0	100.0
5.5101369000039995	78.0	100.0
5.5302831000008155	78.0	100.0
5.549541799991857	78.0	100.0
5.569690400006948	78.0	100.0
5.59026170001016	78.0	100.0
5.6100748000026215	78.0	100.0
5.629121899983147	78.0	100.0
5.649424800009001	78.0	100.0
5.669613400008529	78.0	100.0
5.690881099988474	78.0	100.0
5.709899100009352	78.0	100.0
5.729804700007662	78.0	100.0
5.749390899989521	78.0	100.0
5.770227800006978	78.0	100.0
5.789419300010195	78.0	100.0
5.810451099998318	78.0	100.0
5.830045699985931	78.0	100.0
5.850113699998474	78.0	100.0
5.87003759999061	78.0	100.0
5.889555300003849	78.0	100.0
5.909863699984271	78.0	100.0
5.929975400009425	78.0	100.0
5.949807700002566	78.0	100.0
5.97016120000626	78.0	100.0
5.989095199998701	78.0	100.0
6.009409399994183	78.0	100.0
6.028198999993037	78.0	100.0
6.0484379999979865	78.0	100.0
6.069941399997333	78.0	100.0
6.08918260000064	78.0	100.0
6.108949699992081	78.0	100.0
6.1292367999849375	78.0	100.0
6.1486246999993455	78.0	100.0
6.169407699984731	78.0	100.0
6.188440400001127	78.0	100.0
6.209390800009714	78.0	100.0
6.22894470000756	78.0	100.0
6.2489510999876074	78.0	100.0
6.269137499999488	78.0	100.0
6.289097900007619	78.0	100.0
6.310517600009916	78.0	100.0
6.330126799992286	78.0	100.0
6.352512499986915	78.0	100.0
6.3695659000077285	78.0	100.0
6.389897599990945	78.0	100.0
6.410421699983999	77.0	100.0
6.429047299985541	77.0	100.0
6.448998300009407	77.0	100.0
6.469119099987438	77.0	100.0
6.488561799982563	77.0	100.0
6.508434799994575	77.0	100.0
6.529274500004249	77.0	100.0
6.5484520999889355	77.0	100.0
6.572959899989655	77.0	100.0
6.588950300007127	77.0	100.0
6.60858850000659	77.0	100.0
6.628773200005526	77.0	100.0
6.649217600002885	77.0	100.0
6.668695700005628	77.0	100.0
6.6885026000090875	77.0	100.0
6.709092100005364	77.0	100.0
6.728939299995545	77.0	100.0
6.748857800004771	77.0	100.0
6.768992199999047	77.0	100.0
6.788601300009759	77.0	100.0
6.808781900006579	77.0	100.0
6.828536399989389	77.0	100.0
6.848159999994095	77.0	100.0
6.869014700001571	77.0	100.0
6.88890769999125	77.0	100.0
6.9082395999867	77.0	100.0
6.928835700004129	77.0	100.0
6.9488764999841806	77.0	100.0
6.968812300008722	77.0	100.0
6.9879343000066	77.0	100.0
7.008947199996328	77.0	100.0
7.029607600008603	77.0	100.0
7.048794400005136	77.0	100.0
7.069302099989727	77.0	100.0
7.088878399983514	77.0	100.0
7.108587299997453	77.0	100.0
7.129696699994383	77.0	100.0
7.149733900005231	77.0	100.0
7.169709599984344	77.0	100.0
7.188224699988496	77.0	100.0
7.2090110999997705	77.0	100.0
7.2320592000032775	77.0	100.0
7.249648199998774	77.0	100.0
7.269506699987687	77.0	100.0
7.289483200001996	77.0	100.0
7.309327900002245	77.0	100.0
7.32932739998796	77.0	100.0
7.348889599990798	77.0	100.0
7.369813400000567	77.0	100.0
7.390159200003836	77.0	100.0
7.4096408000041265	77.0	100.0
7.428271399985533	77.0	100.0
7.448920700000599	77.0	100.0
7.468640000006417	77.0	100.0
7.48840050000581	77.0	100.0
7.507861999998568	77.0	100.0
7.528664899989963	77.0	100.0
7.549834700010251	77.0	100.0
7.569499500008533	77.0	100.0
7.588249799999176	77.0	100.0
7.6085432000108995	77.0	100.0
7.628265300008934	77.0	100.0
7.648473699984606	77.0	100.0
7.66952689999016	77.0	100.0
7.689094000001205	77.0	100.0
7.7082744000072125	77.0	100.0
7.728570200008107	77.0	100.0
7.748522100009723	77.0	100.0
7.769461099989712	77.0	100.0
7.788150200009113	77.0	100.0
7.807359700003872	77.0	100.0
7.828137600008631	77.0	100.0
7.848162799986312	77.0	100.0
7.868341399997007	77.0	100.0
7.887931999983266	77.0	100.0
7.907682599994587	77.0	100.0
7.929229500005022	77.0	100.0
7.948849499982316	77.0	100.0
7.969885800004704	77.0	100.0
7.989016999985324	77.0	100.0
8.008253799984232	77.0	100.0
8.028281699982472	77.0	100.0
8.048557900008745	77.0	100.0
8.068046000000322	77.0	100.0
8.088413199991919	77.0	100.0
8.107153199991444	77.0	100.0
8.12826880000648	77.0	100.0
8.148769199993694	77.0	100.0
8.168765499984147	77.0	100.0
8.187920900003519	77.0	100.0
8.208237899991218	77.0	100.0
8.226778499985812	77.0	100.0
8.24771850000252	77.0	100.0
8.268235800002003	77.0	100.0
8.286570600001141	77.0	100.0
8.307689499983098	77.0	100.0
8.327843799983384	77.0	100.0
8.347149899986107	77.0	100.0
8.36716309998883	77.0	100.0
8.388486199983163	77.0	100.0
8.409237699990626	76.0	100.0
8.428009800001746	76.0	100.0
8.448417200008407	76.0	100.0
8.468456900009187	76.0	100.0
8.48806400000467	76.0	100.0
8.507830699993065	76.0	100.0
8.527153700008057	76.0	100.0
8.547255499986932	76.0	100.0
8.568155399989337	76.0	100.0
8.586388700001407	76.0	100.0
8.606685100006871	76.0	100.0
8.627722100005485	76.0	100.0
8.646662999992259	76.0	100.0
8.667576000007102	76.0	100.0
8.688102599990088	76.0	100.0
8.70630550000351	76.0	100.0
8.726662700006273	76.0	100.0
8.747146799985785	76.0	100.0
8.768125000002328	76.0	100.0
8.786313499993412	76.0	100.0
8.807904699991923	76.0	100.0
8.827790499984985	76.0	100.0
8.847873899998376	76.0	100.0
8.867840199993225	76.0	100.0
8.886798599996837	76.0	100.0
8.907745300006354	76.0	100.0
8.927366999996593	76.0	100.0
8.94648079999024	76.0	100.0
8.967658000008669	76.0	100.0
8.984342399984598	76.0	100.0
9.006683599989628	76.0	100.0
9.02983879999374	76.0	100.0
9.044963799999095	76.0	100.0
9.0682652000105	76.0	100.0
9.088187399989692	76.0	100.0
9.106880799983628	76.0	100.0
9.127997000003234	76.0	100.0
9.151290499983588	76.0	100.0
9.16828600000008	76.0	100.0
9.186660500010476	76.0	100.0
9.208253499993589	76.0	100.0
9.227729300007923	76.0	100.0
9.251519799989183	76.0	100.0
9.26767739999923	76.0	100.0
9.287299799994798	76.0	100.0
9.306850900000427	76.0	100.0
9.327808200003346	76.0	100.0
9.348339899996063	76.0	100.0
9.368522700009635	76.0	100.0
9.388366200000746	76.0	100.0
9.408268500003032	76.0	100.0
9.427080199995544	76.0	100.0
9.447836799983634	76.0	100.0
9.468830400001025	76.0	100.0
9.488655099994503	76.0	100.0
9.508324599999469	76.0	100.0
9.52779379999265	76.0	100.0
9.547874599986244	76.0	100.0
9.569461899984162	76.0	100.0
9.588120800006436	76.0	100.0
9.607797999982722	76.0	100.0
9.62777749999077	76.0	100.0
9.648161499993876	76.0	100.0
9.66777989998809	76.0	100.0
9.68973690000712	76.0	100.0
9.706617299991194	76.0	100.0
9.727152000006754	76.0	100.0
9.748094599985052	76.0	100.0
9.768305500008864	76.0	100.0
9.787288899999112	76.0	100.0
9.808147700008703	76.0	100.0
9.828289600001881	76.0	100.0
9.847237699985271	76.0	100.0
9.868736900010845	76.0	100.0
9.886695299996063	76.0	100.0
9.907348300010199	76.0	100.0
9.926169499987736	76.0	100.0
9.945890700008022	76.0	100.0
9.967193399992539	76.0	100.0
9.989061300002504	76.0	100.0
10.00509210000746	76.0	100.0
10.025320599990664	76.0	100.0
10.045575900003314	76.0	100.0
10.06720160000259	76.0	100.0
10.085847100010142	76.0	100.0
10.107884800003376	76.0	100.0
10.127712999994401	76.0	100.0
10.146989600005327	76.0	100.0
10.168004600011045	76.0	100.0
10.187985399999889	76.0	100.0
10.20788229999016	76.0	100.0
10.227720599999884	76.0	100.0
10.248262899986003	76.0	100.0
10.26786799999536	76.0	100.0
10.286979099997552	76.0	100.0
10.306412000005366	76.0	100.0
10.327060999989044	76.0	100.0
10.348336299997754	76.0	100.0
10.368330099998275	76.0	100.0
10.388507399999071	76.0	100.0
10.40836929998477	77.0	100.0
10.428228800010402	77.0	100.0
10.448089699988486	77.0	100.0
10.467855700000655	77.0	100.0
10.489932500000577	77.0	100.0
10.508892499987269	77.0	100.0
10.528306399995927	77.0	100.0
10.548252599983243	77.0	100.0
10.568224699993152	77.0	100.0
10.587946099985857	77.0	100.0
10.609063699987018	77.0	100.0
10.627958299999591	77.0	100.0
10.647768399998313	77.0	100.0
10.66803770000115	77.0	100.0
10.687579499994172	77.0	100.0
10.708969600003911	77.0	100.0
10.727914899995085	77.0	100.0
10.748413900000742	77.0	100.0
10.76830450000125	77.0	100.0
10.788247399992542	77.0	100.0
10.807897999999113	77.0	100.0
10.826959900005022	77.0	100.0
10.847950399998808	77.0	100.0
10.867818500002613	77.0	100.0
10.889633799990406	77.0	100.0
10.90789770000265	77.0	100.0
10.927250999986427	77.0	100.0
10.946859299991047	77.0	100.0
10.969474499986973	77.0	100.0
10.988565200008452	77.0	100.0
11.009100700001	77.0	100.0
11.029343900008826	77.0	100.0
11.049331399990479	77.0	100.0
11.068447300000116	77.0	100.0
11.087877499987371	77.0	100.0
11.108276199985994	77.0	100.0
11.128358499991009	77.0	100.0
11.148348699993221	77.0	100.0
11.167944799992256	77.0	100.0
11.186443699989468	77.0	100.0
11.20857899999828	77.0	100.0
11.226582200004486	77.0	100.0
11.246599600010086	77.0	100.0
11.268024899996817	77.0	100.0
11.28837399999611	77.0	100.0
11.306661100010388	77.0	100.0
11.328489899984561	77.0	100.0
11.34756429999834	77.0	100.0
11.36909329998889	77.0	100.0
11.388394999987213	77.0	100.0
11.408290699997451	78.0	100.0
11.427075799991144	78.0	100.0
11.447686200001044	78.0	100.0
11.468525700009195	78.0	100.0
11.487739800009876	78.0	100.0
11.50745529998676	78.0	100.0
11.527793999994174	78.0	100.0
11.54770979998284	78.0	100.0
11.568276600009995	78.0	100.0
11.58797299998696	78.0	100.0
11.607198599987896	78.0	100.0
11.627502099989215	78.0	100.0
11.647212699986994	78.0	100.0
11.670019299985142	78.0	100.0
11.688839200010989	78.0	100.0
11.707085100002587	78.0	100.0
11.726815700007137	78.0	100.0
11.747495799994795	78.0	100.0
11.767496299988125	78.0	100.0
11.787933599989628	78.0	100.0
11.808244999992894	78.0	100.0
11.827718999993522	78.0	100.0
11.847828500001924	78.0	100.0
11.868020299996715	78.0	100.0
11.887380300002405	78.0	100.0
11.907665100006852	78.0	100.0
11.92668030000641	78.0	100.0
11.946375800005626	78.0	100.0
11.966348899994045	78.0	100.0
11.986744199995883	78.0	100.0
12.00621749999118	78.0	100.0
12.026283599989256	78.0	100.0
12.046924099995522	78.0	100.0
12.067246599995997	78.0	100.0
12.087627800006885	78.0	100.0
12.10714249999728	78.0	100.0
12.126261099998374	78.0	100.0
12.147372500010533	78.0	100.0
12.167830999998841	78.0	100.0
12.186399800004438	78.0	100.0
12.208204299997305	78.0	100.0
12.227506600000197	78.0	100.0
12.24703299999237	78.0	100.0
12.267476799985161	78.0	100.0
12.286660899990238	78.0	100.0
12.306167800008552	78.0	100.0
12.327875399991171	78.0	100.0
12.347436599986395	78.0	100.0
12.36740839999402	78.0	100.0
12.388251099997433	78.0	100.0
12.4086382999958	78.0	100.0
12.434492200001841	78.0	100.0
12.446681700006593	78.0	100.0
12.467310300009558	78.0	100.0
12.486421200010227	78.0	100.0
12.507012899994152	78.0	100.0
12.526915800001007	78.0	100.0
12.546183800004655	78.0	100.0
12.569346999982372	78.0	100.0
12.587014199991245	78.0	100.0
12.608263600006467	78.0	100.0
12.627605099987704	78.0	100.0
12.647978099994361	78.0	100.0
12.668150199984666	78.0	100.0
12.687122400006047	78.0	100.0
12.704167699994287	78.0	100.0
12.726633599988418	78.0	100.0
12.746459899994079	78.0	100.0
12.764592799998354	78.0	100.0
12.783546699996805	78.0	100.0
12.80319989999407	78.0	100.0
12.822871599986684	78.0	100.0
12.846402900002431	78.0	100.0
12.868033899983857	78.0	100.0
12.888003600004595	78.0	100.0
12.906863599986536	78.0	100.0
12.927778399985982	78.0	100.0
12.947438600007445	78.0	100.0
12.966435599984834	78.0	100.0
12.986404399998719	78.0	100.0
13.007133100007195	78.0	100.0
13.02603929999168	78.0	100.0
13.045904400001746	78.0	100.0
13.068887600005837	78.0	100.0
13.088029500009725	78.0	100.0
13.107009300001664	78.0	100.0
13.126764999993611	78.0	100.0
13.147629999992205	78.0	100.0
13.167295199993532	78.0	100.0
13.186563900002511	78.0	100.0
13.206670499988832	78.0	100.0
13.226565699995263	78.0	100.0
13.246863899985328	78.0	100.0
13.266666699986672	78.0	100.0
13.286521300004097	78.0	100.0
13.306287299987162	78.0	100.0
13.326341400010278	78.0	100.0
13.34658730000956	78.0	100.0
13.367522999993525	78.0	100.0
13.389925099996617	78.0	100.0
13.407331900001736	78.0	100.0
13.426291799987666	78.0	100.0
13.447658699995372	78.0	100.0
13.467768700007582	78.0	100.0
13.487451699998928	78.0	100.0
13.506094999989728	78.0	100.0
13.526290000008885	78.0	100.0
13.546215399983339	78.0	100.0
13.56735729999491	78.0	100.0
13.5861331000051	78.0	100.0
13.606368400010979	78.0	100.0
13.626178300008178	78.0	100.0
13.646267400006764	78.0	100.0
13.667584999988321	78.0	100.0
13.686396100005368	78.0	100.0
13.706226699985564	78.0	100.0
13.726448100002017	78.0	100.0
13.746764100011205	78.0	100.0
13.766351099999156	78.0	100.0
13.78633129998343	78.0	100.0
13.806859100004658	78.0	100.0
13.827094000007492	78.0	100.0
13.848145600000862	78.0	100.0
13.866818100010278	78.0	100.0
13.888103500008583	78.0	100.0
13.906789000000572	78.0	100.0
13.926733800006332	78.0	100.0
13.945979799987981	78.0	100.0
13.967602299991995	78.0	100.0
13.985908800008474	78.0	100.0
14.006336499995086	78.0	100.0
14.026539899990894	78.0	100.0
14.04744429999846	78.0	100.0
14.067112599994289	78.0	100.0
14.087891900009708	78.0	100.0
14.107428199989954	78.0	100.0
14.123540900007356	78.0	100.0
14.14257880000514	78.0	100.0
14.162095899984706	78.0	100.0
14.182572499994421	78.0	100.0
14.203239499998745	78.0	100.0
14.224163500010036	78.0	100.0
14.245847899990622	78.0	100.0
14.265198100009002	78.0	100.0
14.284069399989676	78.0	100.0
14.306694800005062	78.0	100.0
14.32697259998531	78.0	100.0
14.347876899992116	78.0	100.0
14.367606599989813	78.0	100.0
14.387738099991111	78.0	100.0
14.407942099991487	80.0	100.0
14.427801099984208	80.0	100.0
14.447320200008107	80.0	100.0
14.46728909999365	80.0	100.0
14.486914999986766	80.0	100.0
14.506758300005458	80.0	100.0
14.526074199995492	80.0	100.0
14.545744100003503	80.0	100.0
14.567275999987032	80.0	100.0
14.585670900007244	80.0	100.0
14.60602690000087	80.0	100.0
14.625992999994196	80.0	100.0
14.64588540000841	80.0	100.0
14.665724199992837	80.0	100.0
14.686057599988999	80.0	100.0
14.70731599998544	80.0	100.0
14.725871500006178	80.0	100.0
14.745620900008362	80.0	100.0
14.766317700006766	80.0	100.0
14.78611980000278	80.0	100.0
14.807471599982819	80.0	100.0
14.825899099989329	80.0	100.0
14.845561800000723	80.0	100.0
14.86627359999693	80.0	100.0
14.885701699997298	80.0	100.0
14.906704499997431	80.0	100.0
14.927405900001759	80.0	100.0
14.946419599989895	80.0	100.0
14.966356499993708	80.0	100.0
14.985751000000164	80.0	100.0
15.006883199996082	80.0	100.0
15.026467099989532	80.0	100.0
15.04697289998876	80.0	100.0
15.066063899983419	80.0	100.0
15.086036399996374	80.0	100.0
15.109290099993814	80.0	100.0
15.126890399988042	80.0	100.0
15.146346599998651	80.0	100.0
15.166999799985206	80.0	100.0
15.186268499994185	80.0	100.0
15.206223299988778	80.0	100.0
15.227052700007334	80.0	100.0
15.246345699997619	80.0	100.0
15.266834599984577	80.0	100.0
15.286695499991765	80.0	100.0
15.306568100000732	80.0	100.0
15.325780399987707	80.0	100.0
15.345925700006774	80.0	100.0
15.366051899996819	80.0	100.0
15.387162300001364	80.0	100.0
15.407402599987108	82.0	100.0
15.426699900010135	82.0	100.0
15.446474700002	82.0	100.0
15.472159400000237	82.0	100.0
15.486456099984935	82.0	100.0
15.506116400007159	82.0	100.0
15.526664800010622	82.0	100.0
15.546720099984668	82.0	100.0
15.5683704999974	82.0	100.0
15.586164899985306	82.0	100.0
15.606278499995824	82.0	100.0
15.626225799991516	82.0	100.0
15.646363799984101	82.0	100.0
15.666391100006877	82.0	100.0
15.686624399997527	82.0	100.0
15.706435100000817	82.0	100.0
15.726359699998284	82.0	100.0
15.746194100007415	82.0	100.0
15.767408199986676	82.0	100.0
15.786525100003928	82.0	100.0
15.806168999988586	82.0	100.0
15.826322100008838	82.0	100.0
15.846443199989153	82.0	100.0
15.866795399982948	82.0	100.0
15.886490600008983	82.0	100.0
15.909170099999756	82.0	100.0
15.926318999991054	82.0	100.0
15.946504199993797	82.0	100.0
15.966478099988308	82.0	100.0
15.98561219999101	82.0	100.0
16.007177499996033	82.0	100.0
16.026339200005168	82.0	100.0
16.04650739999488	82.0	100.0
16.06629650000832	82.0	100.0
16.086224700004095	82.0	100.0
16.106064899999183	82.0	100.0
16.126146499998868	82.0	100.0
16.146541699999943	82.0	100.0
16.166840799996862	82.0	100.0
16.185770999989472	82.0	100.0
16.20700699998997	82.0	100.0
16.227511899982346	82.0	100.0
16.246985999983735	82.0	100.0
16.26664190000156	82.0	100.0
16.28555349999806	82.0	100.0
16.306280999997398	82.0	100.0
16.326348600006895	82.0	100.0
16.346638199989684	82.0	100.0
16.366302299982635	82.0	100.0
16.387627099989913	82.0	100.0
16.406565599987516	83.0	100.0
16.42627779999748	83.0	100.0
16.447979999997187	83.0	100.0
16.465566700004274	83.0	100.0
16.48625719998381	83.0	100.0
16.508147099986672	83.0	100.0
16.526399299997138	83.0	100.0
16.547018599987496	83.0	100.0
16.567218599986518	83.0	100.0
16.586070699995616	83.0	100.0
16.606698899995536	83.0	100.0
16.625892299984116	83.0	100.0
16.646538600005442	83.0	100.0
16.666450499993516	83.0	100.0
16.686284700001124	83.0	100.0
16.705884299997706	83.0	100.0
16.72877950000111	83.0	100.0
16.74586550000822	83.0	100.0
16.766373499995098	83.0	100.0
16.785918300010962	83.0	100.0
16.80643160000909	83.0	100.0
16.82598140000482	83.0	100.0
16.84628969998448	83.0	100.0
16.866453900001943	83.0	100.0
16.886345799983246	83.0	100.0
16.906357300002128	83.0	100.0
16.925872599997092	83.0	100.0
16.944782000005944	83.0	100.0
16.96587049998925	83.0	100.0
16.985167500009993	83.0	100.0
17.00525529999868	83.0	100.0
17.025697000004584	83.0	100.0
17.046564899996156	83.0	100.0
17.066400099982275	83.0	100.0
17.087036399985664	83.0	100.0
17.103731699986383	83.0	100.0
17.126057399989804	83.0	100.0
17.145714699989185	83.0	100.0
17.16708220000146	83.0	100.0
17.185303400008706	83.0	100.0
17.20645629998762	83.0	100.0
17.226026399992406	83.0	100.0
17.24658060001093	83.0	100.0
17.267495799984317	83.0	100.0
17.285573300003307	83.0	100.0
17.3045288999856	83.0	100.0
17.325767300004372	83.0	100.0
17.346226099994965	83.0	100.0
17.36692510001012	83.0	100.0
17.386116200010292	83.0	100.0
17.40667629998643	83.0	100.0
17.425832699984312	83.0	100.0
17.446281599986833	83.0	100.0
17.46695830000681	83.0	100.0
17.48616800000309	83.0	100.0
17.505709199991543	83.0	100.0
17.52588599998853	83.0	100.0
17.546241000003647	83.0	100.0
17.56650419998914	83.0	100.0
17.58600879998994	83.0	100.0
17.605712999997195	83.0	100.0
17.6257101999945	83.0	100.0
17.645751999982167	83.0	100.0
17.665239399997517	83.0	100.0
17.685140999994474	83.0	100.0
17.7049352999893	83.0	100.0
17.724463599995943	83.0	100.0
17.74488799998653	83.0	100.0
17.765449099999387	83.0	100.0
17.785091600002488	83.0	100.0
17.805123600002844	83.0	100.0
17.8235858999833	83.0	100.0
17.845197899994673	83.0	100.0
17.86520759999985	83.0	100.0
17.885339700005716	83.0	100.0
17.904842899995856	83.0	100.0
17.92494060000172	83.0	100.0
17.944744699983858	83.0	100.0
17.964882800006308	83.0	100.0
17.98482710000826	83.0	100.0
18.004704399994807	83.0	100.0
18.024525499989977	83.0	100.0
18.044563400006155	83.0	100.0
18.065236199996434	83.0	100.0
18.086539799987804	83.0	100.0
18.105009799997788	83.0	100.0
18.12502669999958	83.0	100.0
18.144633399992017	83.0	100.0
18.16516479998245	83.0	100.0
18.18471309999586	83.0	100.0
18.20502639998449	83.0	100.0
18.224820800009184	83.0	100.0
18.244273099990096	83.0	100.0
18.264914300001692	83.0	100.0
18.28466840001056	83.0	100.0
18.304755899996962	83.0	100.0
18.324751999985892	83.0	100.0
18.344880099990405	83.0	100.0
18.365230199997313	83.0	100.0
18.38496560000931	83.0	100.0
18.406155900011072	82.0	100.0
18.42542919999687	82.0	100.0
18.446449499984737	82.0	100.0
18.46531510000932	82.0	100.0
18.485486399993533	82.0	100.0
18.505210200004512	82.0	100.0
18.532960999989882	82.0	100.0
18.544601100002183	82.0	100.0
18.567984699999215	82.0	100.0
18.58530060001067	82.0	100.0
18.60535259998869	82.0	100.0
18.62578199998825	82.0	100.0
18.64573489999748	82.0	100.0
18.66467850000481	82.0	100.0
18.68452409998281	82.0	100.0
18.704635000001872	82.0	100.0
18.725351800007047	82.0	100.0
18.74428579999949	82.0	100.0
18.764329500001622	82.0	100.0
18.78397469999618	82.0	100.0
18.804574499983573	82.0	100.0
18.82487479998963	82.0	100.0
18.84735979998368	82.0	100.0
18.86484449999989	82.0	100.0
18.884444199997233	82.0	100.0
18.90562740000314	82.0	100.0
18.92462279999745	82.0	100.0
18.944303199998103	82.0	100.0
18.964522399997804	82.0	100.0
18.98410820000572	82.0	100.0
19.005295299983118	82.0	100.0
19.024660800001584	82.0	100.0
19.044638299994403	82.0	100.0
19.06509729998652	82.0	100.0
19.084880799986422	82.0	100.0
19.10541759998887	82.0	100.0
19.12542699999176	82.0	100.0
19.144675399991684	82.0	100.0
19.164747700007865	82.0	100.0
19.184202800010098	82.0	100.0
19.2044251000043	82.0	100.0
19.224874300009105	82.0	100.0
19.244236800004728	82.0	100.0
19.264540000003763	82.0	100.0
19.284745199984172	82.0	100.0
19.304188200010685	82.0	100.0
19.324552999984007	82.0	100.0
19.344173699995736	82.0	100.0
19.365267499990296	82.0	100.0
19.385277399996994	82.0	100.0
19.404688699985854	84.0	100.0
19.424773400009144	84.0	100.0
19.444390199991176	84.0	100.0
19.464187800011132	84.0	100.0
19.484306500002276	84.0	100.0
19.504319300001953	84.0	100.0
19.5246191000042	84.0	100.0
19.54423850000603	84.0	100.0
19.564366999984486	84.0	100.0
19.584458600002108	84.0	100.0
19.604457499983255	84.0	100.0
19.62433150000288	84.0	100.0
19.64518930000486	84.0	100.0
19.665245299984235	84.0	100.0
19.68430999998236	84.0	100.0
19.70392949998495	84.0	100.0
19.724906199990073	84.0	100.0
19.74443550000433	84.0	100.0
19.764181799982907	84.0	100.0
19.78428449999774	84.0	100.0
19.804735599987907	84.0	100.0
19.82453519999399	84.0	100.0
19.844477600010578	84.0	100.0
19.864981899998384	84.0	100.0
19.8842147999967	84.0	100.0
19.903977799986023	84.0	100.0
19.924804999987828	84.0	100.0
19.943993399996543	84.0	100.0
19.964650000008987	84.0	100.0
19.983877999999095	84.0	100.0
20.004677699995227	84.0	100.0
20.024027999985265	84.0	100.0
20.044227400008822	84.0	100.0
20.064004999992903	84.0	100.0
20.084518299991032	84.0	100.0
20.10393959999783	84.0	100.0
20.12444479999249	84.0	100.0
20.1446275000053	84.0	100.0
20.166474300000118	84.0	100.0
20.184401200007414	84.0	100.0
20.203087300003972	84.0	100.0
20.225529099989217	84.0	100.0
20.244318499986548	84.0	100.0
20.26417899999069	84.0	100.0
20.28444230000605	84.0	100.0
20.30444529998931	84.0	100.0
20.325038899987703	84.0	100.0
20.346255499986	84.0	100.0
20.365214599994943	84.0	100.0
20.385594799998216	84.0	100.0
20.405323199986015	85.0	100.0
20.424233300000196	85.0	100.0
20.44456609999179	85.0	100.0
20.465227100008633	85.0	100.0
20.484489700000267	85.0	100.0
20.50417020000168	85.0	100.0
20.524914499983424	85.0	100.0
20.54426819999935	85.0	100.0
20.565264300006675	85.0	100.0
20.583659299998544	85.0	100.0
20.60431100000278	85.0	100.0
20.624044900003355	85.0	100.0
20.64652459998615	85.0	100.0
20.664619599992875	85.0	100.0
20.685267799999565	85.0	100.0
20.704162499983795	85.0	100.0
20.724092599994037	85.0	100.0
20.744291799986968	85.0	100.0
20.764078300009714	85.0	100.0
20.78264930000296	85.0	100.0
20.804294900008244	85.0	100.0
20.823919199989177	85.0	100.0
20.843904300010763	85.0	100.0
20.86449020000873	85.0	100.0
20.88429419999011	85.0	100.0
20.904254900000524	85.0	100.0
20.926101699995343	85.0	100.0
20.94381950001116	85.0	100.0
20.96526090000407	85.0	100.0
20.985212100000354	85.0	100.0
21.004140200006077	85.0	100.0
21.024190099997213	85.0	100.0
21.044446299987612	85.0	100.0
21.064860399987083	85.0	100.0
21.085033199982718	85.0	100.0
21.102416699985042	85.0	100.0
21.12421439998434	85.0	100.0
21.14424059999874	85.0	100.0
21.165872299985494	85.0	100.0
21.1841970999958	85.0	100.0
21.204217999998946	85.0	100.0
21.224248099984834	85.0	100.0
21.244239099993138	85.0	100.0
21.26423919998342	85.0	100.0
21.284492699982366	85.0	100.0
21.30374169998686	85.0	100.0
21.325013199995738	85.0	100.0
21.344512399984524	85.0	100.0
21.36522320000222	85.0	100.0
21.385647299990524	85.0	100.0
21.405573800002458	85.0	100.0
21.42421369999647	85.0	100.0
21.444172299990896	85.0	100.0
21.466051499999594	85.0	100.0
21.48472020000918	85.0	100.0
21.504249799996614	85.0	100.0
21.524583299993537	85.0	100.0
21.54432379998616	85.0	100.0
21.56803110000328	85.0	100.0
21.584226400009356	85.0	100.0
21.605076999985613	85.0	100.0
21.624118300009286	85.0	100.0
21.644912499992643	85.0	100.0
21.666395300009754	85.0	100.0
21.685754899983294	85.0	100.0
21.70570069999667	85.0	100.0
21.724260899994988	85.0	100.0
21.744457499997225	85.0	100.0
21.765718999988167	85.0	100.0
21.786778599984245	85.0	100.0
21.804443900007755	85.0	100.0
21.82417079998413	85.0	100.0
21.844205300003523	85.0	100.0
21.86534109999775	85.0	100.0
21.884334400005173	85.0	100.0
21.90406649999204	85.0	100.0
21.92369530000724	85.0	100.0
21.947115599992685	85.0	100.0
21.964189799997257	85.0	100.0
21.98391119998996	85.0	100.0
22.004560400004266	85.0	100.0
22.02382519998355	85.0	100.0
22.04398869999568	85.0	100.0
22.064109400002053	85.0	100.0
22.084242999990238	85.0	100.0
22.10370750000584	85.0	100.0
22.12406370000099	85.0	100.0
22.144482100004097	85.0	100.0
22.16460079999524	85.0	100.0
22.183887799998047	85.0	100.0
22.204409900004975	85.0	100.0
22.22374650000711	85.0	100.0
22.244515099999262	85.0	100.0
22.264055599982385	85.0	100.0
22.28498810000019	85.0	100.0
22.304259399999864	85.0	100.0
22.324226500000805	85.0	100.0
22.343897399987327	85.0	100.0
22.364958199992543	85.0	100.0
22.384587499982445	85.0	100.0
22.405297899997095	85.0	100.0
22.424170199985383	85.0	100.0
22.444494399998803	85.0	100.0
22.46416929998668	85.0	100.0
22.485151500004577	85.0	100.0
22.50436749999062	85.0	100.0
22.524305900005857	85.0	100.0
22.544269999983953	85.0	100.0
22.56503800000064	85.0	100.0
22.58416739999666	85.0	100.0
22.604985199985094	85.0	100.0
22.624133300007088	85.0	100.0
22.644222400005674	85.0	100.0
22.664496099983808	85.0	100.0
22.684192299988354	85.0	100.0
22.704141399997752	85.0	100.0
22.724684199987678	85.0	100.0
22.743809699983103	85.0	100.0
22.764101200009463	85.0	100.0
22.782145999983186	85.0	100.0
22.804174799995963	85.0	100.0
22.82398970000213	85.0	100.0
22.844315099995583	85.0	100.0
22.86388099999749	85.0	100.0
22.88418600001023	85.0	100.0
22.903859299985925	85.0	100.0
22.923965699999826	85.0	100.0
22.944024500000523	85.0	100.0
22.96404180000536	85.0	100.0
22.983682299993234	85.0	100.0
23.003823600010946	85.0	100.0
23.023840699985158	85.0	100.0
23.04401769998367	85.0	100.0
23.064314799994463	85.0	100.0
23.084696200006874	85.0	100.0
23.104276600002777	85.0	100.0
23.124176799989073	85.0	100.0
23.143909000005806	85.0	100.0
23.164293599984376	85.0	100.0
23.183580099983374	85.0	100.0
23.206939600000624	85.0	100.0
23.223057099996367	85.0	100.0
23.245779799995944	85.0	100.0
23.266431700001704	85.0	100.0
23.282026300003054	85.0	100.0
23.300807599996915	85.0	100.0
23.32001379999565	85.0	100.0
23.34054340000148	85.0	100.0
23.361582099983934	85.0	100.0
23.38231280000764	85.0	100.0
23.4021584999864	84.0	100.0
23.4217653000087	84.0	100.0
23.444014100008644	84.0	100.0
23.463821399986045	84.0	100.0
23.48297690000618	84.0	100.0
23.50323259999277	84.0	100.0
23.52404689998366	84.0	100.0
23.544267699995544	84.0	100.0
23.565127499983646	84.0	100.0
23.58414510000148	84.0	100.0
23.60390789998928	84.0	100.0
23.62441220000619	84.0	100.0
23.644232899998315	84.0	100.0
23.664545500010718	84.0	100.0
23.684384199994383	84.0	100.0
23.703682799998205	84.0	100.0
23.723890799999936	84.0	100.0
23.743971899995813	84.0	100.0
23.764506200008327	84.0	100.0
23.78246919999947	84.0	100.0
23.80424579998362	84.0	100.0
23.823426199989626	84.0	100.0
23.843935599987162	84.0	100.0
23.864301699999487	84.0	100.0
23.883799500006717	84.0	100.0
23.90318299998762	84.0	100.0
23.924185299983947	84.0	100.0
23.946101499983342	84.0	100.0
23.964323899999727	84.0	100.0
23.98370509999222	84.0	100.0
24.00406119998661	84.0	100.0
24.025591199984774	84.0	100.0
24.04426940000849	84.0	100.0
24.06374829998822	84.0	100.0
24.0825755999831	84.0	100.0
24.103714800003218	84.0	100.0
24.124067400000058	84.0	100.0
24.142658500000834	84.0	100.0
24.164357800007565	84.0	100.0
24.183686900010798	84.0	100.0
24.203590299992356	84.0	100.0
24.22275849999278	84.0	100.0
24.243928399984725	84.0	100.0
24.265263699984644	84.0	100.0
24.284235800005263	84.0	100.0
24.304218899982516	84.0	100.0
24.324189200007822	84.0	100.0
24.34416360000614	84.0	100.0
24.3642789000005	84.0	100.0
24.38513859998784	84.0	100.0
24.405244399997173	84.0	100.0
24.4241178999946	84.0	100.0
24.444156499987002	84.0	100.0
24.46425530000124	84.0	100.0
24.48426009999821	84.0	100.0
24.503738600004	84.0	100.0
24.52414029999636	84.0	100.0
24.543759799998952	84.0	100.0
24.56565559998853	84.0	100.0
24.58320150000509	84.0	100.0
24.603340400004527	84.0	100.0
24.6226236000075	84.0	100.0
24.643493299983675	84.0	100.0
24.664623099990422	84.0	100.0
24.683138399996096	84.0	100.0
24.703774099994916	84.0	100.0
24.723751399986213	84.0	100.0
24.742710999998963	84.0	100.0
24.76465110000572	84.0	100.0
24.782606599997962	84.0	100.0
24.802773100003833	84.0	100.0
24.823827299987897	84.0	100.0
24.84479360000114	84.0	100.0
24.8637572999869	84.0	100.0
24.88381699999445	84.0	100.0
24.902239799994277	84.0	100.0
24.923186700005317	84.0	100.0
24.94317059998866	84.0	100.0
24.964112099987688	84.0	100.0
24.9831550999952	84.0	100.0
25.00349639999331	84.0	100.0
25.022177100006957	84.0	100.0
25.044795399997383	84.0	100.0
25.06430949998321	84.0	100.0
25.083141100010835	84.0	100.0
25.102517399995122	84.0	100.0
25.123311100003775	84.0	100.0
25.14351870000246	84.0	100.0
25.163709499989636	84.0	100.0
25.182571299985284	84.0	100.0
25.203737500007264	84.0	100.0
25.222788799990667	84.0	100.0
25.246007300011115	84.0	100.0
25.263635999988765	84.0	100.0
25.284667400002945	84.0	100.0
25.304702599998564	84.0	100.0
25.32426029999624	84.0	100.0
25.344187000009697	84.0	100.0
25.36430729998392	84.0	100.0
25.38399770000251	84.0	100.0
25.404328800010262	84.0	100.0
25.42417519999435	84.0	100.0
25.44387970000389	84.0	100.0
25.463898399990285	84.0	100.0
25.482604599994374	84.0	100.0
25.502629399998114	84.0	100.0
25.523531399987405	84.0	100.0
25.542303599999286	84.0	100.0
25.563804100005655	84.0	100.0
25.583129100006772	84.0	100.0
25.603847299993504	84.0	100.0
25.623560000007274	84.0	100.0
25.643578999995952	84.0	100.0
25.664038499991875	84.0	100.0
25.682788799982518	84.0	100.0
25.703162499994505	84.0	100.0
25.722626700007822	84.0	100.0
25.74495309998747	84.0	100.0
25.76253569999244	84.0	100.0
25.784089799999492	84.0	100.0
25.80420139999478	84.0	100.0
25.82388009998249	84.0	100.0
25.844167400005972	84.0	100.0
25.863913999986835	84.0	100.0
25.883874299994204	84.0	100.0
25.903763799986336	84.0	100.0
25.92385049999575	84.0	100.0
25.94382640000549	84.0	100.0
25.9641915000102	84.0	100.0
25.983943900006125	84.0	100.0
26.00404100000742	84.0	100.0
26.02289359999122	84.0	100.0
26.043871200003196	84.0	100.0
26.0646332000033	84.0	100.0
26.084220299992012	84.0	100.0
26.10404499998549	84.0	100.0
26.123768399993423	84.0	100.0
26.143849699990824	84.0	100.0
26.16411360001075	84.0	100.0
26.182820199988782	84.0	100.0
26.203724199993303	84.0	100.0
26.222252699983073	84.0	100.0
26.242200599983335	84.0	100.0
26.262173299997812	84.0	100.0
26.28233220000402	84.0	100.0
26.304715200007195	84.0	100.0
26.325652800005628	84.0	100.0
26.344213500007754	84.0	100.0
26.36382140000933	84.0	100.0
26.385195399983786	84.0	100.0
26.404298899986316	85.0	100.0
26.423716399993282	85.0	100.0
26.444009900005767	85.0	100.0
26.463706299982732	85.0	100.0
26.483821700006956	85.0	100.0
26.50353719998384	85.0	100.0
26.523816800006898	85.0	100.0
26.543582799989963	85.0	100.0
26.564223699999275	85.0	100.0
26.582440800004406	85.0	100.0
26.602650999993784	85.0	100.0
26.623302099993452	85.0	100.0
26.64330580001115	85.0	100.0
26.663254399987636	85.0	100.0
26.682973199989647	85.0	100.0
26.70267140000942	85.0	100.0
26.72316629998386	85.0	100.0
26.74226530001033	85.0	100.0
26.76312630000757	85.0	100.0
26.783628800010774	85.0	100.0
26.804418999992777	85.0	100.0
26.824143899983028	85.0	100.0
26.844256199983647	85.0	100.0
26.864092400006484	85.0	100.0
26.883907999988878	85.0	100.0
26.904012899991358	85.0	100.0
26.923887699987972	85.0	100.0
26.94321480000508	85.0	100.0
26.963896600005683	85.0	100.0
26.98294290000922	85.0	100.0
27.002411599998595	85.0	100.0
27.023105700005544	85.0	100.0
27.050367299991194	85.0	100.0
27.062505699985195	85.0	100.0
27.084069200005615	85.0	100.0
27.10263069998473	85.0	100.0
27.12297039999976	85.0	100.0
27.142341800004942	85.0	100.0
27.163869699987117	85.0	100.0
27.183530200010864	85.0	100.0
27.20291210000869	85.0	100.0
27.222210500010988	85.0	100.0
27.244302699982654	85.0	100.0
27.26379949998227	85.0	100.0
27.282724599994253	85.0	100.0
27.302918300003512	85.0	100.0
27.322668699984206	85.0	100.0
27.343691799993394	85.0	100.0
27.362620300002163	85.0	100.0
27.385223399993265	85.0	100.0
27.404813800007105	84.0	100.0
27.42399069998646	84.0	100.0
27.44360389999929	84.0	100.0
27.464153999986593	84.0	100.0
27.483540699991863	84.0	100.0
27.50380020000739	84.0	100.0
27.523859599983552	84.0	100.0
27.542718799988506	84.0	100.0
27.565111000003526	84.0	100.0
27.58340499998303	84.0	100.0
27.604656100011198	84.0	100.0
27.62293049998698	84.0	100.0
27.64359940000577	84.0	100.0
27.663713199988706	84.0	100.0
27.683817499986617	84.0	100.0
27.704100000002654	84.0	100.0
27.72319220000645	84.0	100.0
27.743061199988006	84.0	100.0
27.763580300001195	84.0	100.0
27.782384499994805	84.0	100.0
27.80246299999999	84.0	100.0
27.822459999995772	84.0	100.0
27.843578400003025	84.0	100.0
27.863675100001274	84.0	100.0
27.88405860000057	84.0	100.0
27.90248699998483	84.0	100.0
27.922561099985614	84.0	100.0
27.94227209998644	84.0	100.0
27.96256089999224	84.0	100.0
27.983585100009805	84.0	100.0
28.00323619999108	84.0	100.0
28.022376599983545	84.0	100.0
28.04229650000343	84.0	100.0
28.062154499988537	84.0	100.0
28.084291400009533	84.0	100.0
28.10243120000814	84.0	100.0
28.12277109999559	84.0	100.0
28.142277699982515	84.0	100.0
28.16344800000661	84.0	100.0
28.184007600008044	84.0	100.0
28.202074900007574	84.0	100.0
28.22410230000969	84.0	100.0
28.242578899982618	84.0	100.0
28.263487099990016	84.0	100.0
28.282207999989623	84.0	100.0
28.301605799992103	84.0	100.0
28.32376810000278	84.0	100.0
28.342194400000153	84.0	100.0
28.363157899992075	84.0	100.0
28.382930599997053	84.0	100.0
28.404458999983035	85.0	100.0
28.424300899991067	85.0	100.0
28.443567299982533	85.0	100.0
28.463363199989544	85.0	100.0
28.483877799997572	85.0	100.0
28.503079299989622	85.0	100.0
28.523379399994155	85.0	100.0
28.543524499982595	85.0	100.0
28.563916999992216	85.0	100.0
28.58283910001046	85.0	100.0
28.6038988000073	85.0	100.0
28.622418999992078	85.0	100.0
28.644333500007633	85.0	100.0
28.663663399987854	85.0	100.0
28.683965600008378	85.0	100.0
28.70321559999138	85.0	100.0
28.723871599999256	85.0	100.0
28.743168599990895	85.0	100.0
28.763587199995527	85.0	100.0
28.783305199991446	85.0	100.0
28.803530800010776	85.0	100.0
28.822687000007136	85.0	100.0
28.84310070000356	85.0	100.0
28.863947999983793	85.0	100.0
28.88387339998735	85.0	100.0
28.903209999989485	85.0	100.0
28.923481700010598	85.0	100.0
28.94358019999345	85.0	100.0
28.96397819998674	85.0	100.0
28.98325210000621	85.0	100.0
29.003213799995137	85.0	100.0
29.023448199994164	85.0	100.0
29.043603800004348	85.0	100.0
29.063297899992904	85.0	100.0
29.0835003000102	85.0	100.0
29.103177599987248	85.0	100.0
29.12346100001014	85.0	100.0
29.14297409998835	85.0	100.0
29.163757300004363	85.0	100.0
29.182981999998447	85.0	100.0
29.203819299989846	85.0	100.0
29.22267620000639	85.0	100.0
29.24343279999448	85.0	100.0
29.26367620000383	85.0	100.0
29.283535499998834	85.0	100.0
29.302369599987287	85.0	100.0
29.32799829999567	85.0	100.0
29.34270780000952	85.0	100.0
29.364363600005163	85.0	100.0
29.385336899984395	85.0	100.0
29.40476549998857	87.0	100.0
29.42295050001121	87.0	100.0
29.444289899984142	87.0	100.0
29.46281659998931	87.0	100.0
29.481928099994548	87.0	100.0
29.502301000000443	87.0	100.0
29.522425400005886	87.0	100.0
29.5411855999846	87.0	100.0
29.56174249999458	87.0	100.0
29.58084670000244	87.0	100.0
29.597489799984032	87.0	100.0
29.61754939999082	87.0	100.0
29.638367699983064	87.0	100.0
29.65934839998954	87.0	100.0
29.67926410000655	87.0	100.0
29.703651599993464	87.0	100.0
29.72385549999308	87.0	100.0
29.742946099984692	87.0	100.0
29.763721700001042	87.0	100.0
29.782552699994994	87.0	100.0
29.803127099992707	87.0	100.0
29.822678299999097	87.0	100.0
29.842108199984068	87.0	100.0
29.862411599984625	87.0	100.0
29.88206760000321	87.0	100.0
29.90175309998449	87.0	100.0
29.922154800005956	87.0	100.0
29.941975699999603	87.0	100.0
29.964869499992346	87.0	100.0
29.98192520000157	87.0	100.0
30.00200879998738	87.0	100.0
30.02192090000608	87.0	100.0
30.04246039999998	87.0	100.0
30.062079199997243	87.0	100.0
30.084907199983718	87.0	100.0
30.102273199998308	87.0	100.0
30.121949599997606	87.0	100.0
30.141715999983717	87.0	100.0
30.164940499991644	87.0	100.0
30.18300580000505	87.0	100.0
30.2021526999888	87.0	100.0
30.22192469998845	87.0	100.0
30.242352300003404	87.0	100.0
30.261930699984077	87.0	100.0
30.28223009998328	87.0	100.0
30.301931299996795	87.0	100.0
30.32229839998763	87.0	100.0
30.343123400001787	87.0	100.0
30.362176299997373	87.0	100.0
30.38331350000226	87.0	100.0
30.401137699984247	88.0	100.0
30.421784100006334	88.0	100.0
30.442187000007834	88.0	100.0
30.462862699991092	88.0	100.0
30.48242919999757	88.0	100.0
30.503072099993005	88.0	100.0
30.52306119998684	88.0	100.0
30.54239940000116	88.0	100.0
30.565425300010247	88.0	100.0
30.58246259999578	88.0	100.0
30.60236970000551	88.0	100.0
30.622478000004776	88.0	100.0
30.642279699997744	88.0	100.0
30.661929699999746	88.0	100.0
30.682381599996006	88.0	100.0
30.704568099987227	88.0	100.0
30.722158699994907	88.0	100.0
30.741878600005293	88.0	100.0
30.762241199990967	88.0	100.0
30.784127099992475	88.0	100.0
30.804075799998827	88.0	100.0
30.822775100008585	88.0	100.0
30.842286300001433	88.0	100.0
30.86281739998958	88.0	100.0
30.8839583999943	88.0	100.0
30.902308299992	88.0	100.0
30.9227036999946	88.0	100.0
30.941820599982748	88.0	100.0
30.96284639998339	88.0	100.0
30.98066130001098	88.0	100.0
31.002109299995936	88.0	100.0
31.02012209998793	88.0	100.0
31.042240699985996	88.0	100.0
31.06231119998847	88.0	100.0
31.08127080000122	88.0	100.0
31.102629300003173	88.0	100.0
31.122211899986723	88.0	100.0
31.137945099995704	88.0	100.0
31.1594594999915	88.0	100.0
31.17848549998598	88.0	100.0
31.19829169998411	88.0	100.0
31.218802299990784	88.0	100.0
31.23985199999879	88.0	100.0
31.259976300003473	88.0	100.0
31.281711299991002	88.0	100.0
31.302325600001495	88.0	100.0
31.32264219998615	88.0	100.0
31.342824499995913	88.0	100.0
31.362797899986617	88.0	100.0
31.384322099998826	88.0	100.0
31.403555299999425	89.0	100.0
31.422635099996114	89.0	100.0
31.442681099986658	89.0	100.0
31.462300399987726	89.0	100.0
31.481890299997758	89.0	100.0
31.50317680000444	89.0	100.0
31.522081500006607	89.0	100.0
31.540982600010466	89.0	100.0
31.561881200002972	89.0	100.0
31.58043989998987	89.0	100.0
31.60326279999572	89.0	100.0
31.62241229999927	89.0	100.0
31.642161800002214	89.0	100.0
31.66427899998962	89.0	100.0
31.684112899994943	89.0	100.0
31.702866000006907	89.0	100.0
31.72226640000008	89.0	100.0
31.74219260000973	89.0	100.0
31.762224999984028	89.0	100.0
31.781880299997283	89.0	100.0
31.802972500008764	89.0	100.0
31.822267399984412	89.0	100.0
31.84209279998322	89.0	100.0
31.862596699997084	89.0	100.0
31.882641700009117	89.0	100.0
31.902536200010218	89.0	100.0
31.922675499983598	89.0	100.0
31.942308700003196	89.0	100.0
31.96306989999721	89.0	100.0
31.981687199993758	89.0	100.0
32.00220160000026	89.0	100.0
32.02214099999401	89.0	100.0
32.04271350000636	89.0	100.0
32.062448699987726	89.0	100.0
32.082334899983834	89.0	100.0
32.102124600001844	89.0	100.0
32.12252440000884	89.0	100.0
32.1424471999926	89.0	100.0
32.16260609999881	89.0	100.0
32.18221299999277	89.0	100.0
32.2020637000096	89.0	100.0
32.22280709998449	89.0	100.0
32.24266190000344	89.0	100.0
32.26219539999147	89.0	100.0
32.28202620000229	89.0	100.0
32.30214330001036	89.0	100.0
32.322824100003345	89.0	100.0
32.34152489999542	89.0	100.0
32.36181110001053	89.0	100.0
32.38469849998364	89.0	100.0
32.40376709998236	89.0	100.0
32.423019899986684	89.0	100.0
32.442970500007505	89.0	100.0
32.46367110000574	89.0	100.0
32.48243109998293	89.0	100.0
32.502072100003716	89.0	100.0
32.52224429999478	89.0	100.0
32.54189980000956	89.0	100.0
32.563063899986446	89.0	100.0
32.5825574999908	89.0	100.0
32.6020903000026	89.0	100.0
32.622455999982776	89.0	100.0
32.64251410000725	89.0	100.0
32.662164799985476	89.0	100.0
32.68178710000939	89.0	100.0
32.702012800000375	89.0	100.0
32.722229500010144	89.0	100.0
32.74457660000189	89.0	100.0
32.76219360000687	89.0	100.0
32.782110800006194	89.0	100.0
32.80173519998789	89.0	100.0
32.82219249999616	89.0	100.0
32.842384299990954	89.0	100.0
32.86215709999669	89.0	100.0
32.88226230000146	89.0	100.0
32.90237840000191	89.0	100.0
32.92215880000731	89.0	100.0
32.94153479998931	89.0	100.0
32.961748000001535	89.0	100.0
32.982367499993416	89.0	100.0
33.00234750000527	89.0	100.0
33.0219550000038	89.0	100.0
33.04226909999852	89.0	100.0
33.06203599998844	89.0	100.0
33.08197050000308	89.0	100.0
33.10244960000273	89.0	100.0
33.122229600005085	89.0	100.0
33.14229200000409	89.0	100.0
33.162031899992144	89.0	100.0
33.18192969998927	89.0	100.0
33.20215189998271	89.0	100.0
33.22349309999845	89.0	100.0
33.242362399993	89.0	100.0
33.26238890000968	89.0	100.0
33.28238029999193	89.0	100.0
33.30208819999825	89.0	100.0
33.32228769999347	89.0	100.0
33.344038799987175	89.0	100.0
33.36205759999575	89.0	100.0
33.382365099998424	89.0	100.0
33.40001139999367	89.0	100.0
33.42218639998464	89.0	100.0
33.44209460000275	89.0	100.0
33.46257929998683	89.0	100.0
33.48215960001107	89.0	100.0
33.50180969998473	89.0	100.0
33.52222189999884	89.0	100.0
33.54191719999653	89.0	100.0
33.56426479999209	89.0	100.0
33.58224349998636	89.0	100.0
33.60143700000481	89.0	100.0
33.62217590000364	89.0	100.0
33.64275530001032	89.0	100.0
33.66225170000689	89.0	100.0
33.68229940001038	89.0	100.0
33.70257439999841	89.0	100.0
33.72233739998774	89.0	100.0
33.74180190000334	89.0	100.0
33.76268409998738	89.0	100.0
33.781824700010475	89.0	100.0
33.80214019998675	89.0	100.0
33.82222770000226	89.0	100.0
33.84202750000986	89.0	100.0
33.86224570000195	89.0	100.0
33.88210309998249	89.0	100.0
33.9019597999868	89.0	100.0
33.92239409999456	89.0	100.0
33.94142170000123	89.0	100.0
33.961585199984256	89.0	100.0
33.981172600004356	89.0	100.0
34.001642999995966	89.0	100.0
34.02103519998491	89.0	100.0
34.04136030000518	89.0	100.0
34.06175480000093	89.0	100.0
34.08118020000984	89.0	100.0
34.10083039998426	89.0	100.0
34.12243049999233	89.0	100.0
34.142231600009836	89.0	100.0
34.16328030001023	89.0	100.0
34.18060049999622	89.0	100.0
34.201250899990555	89.0	100.0
34.22160650001024	89.0	100.0
34.242111400002614	89.0	100.0
34.26569299999392	89.0	100.0
34.28150429998641	89.0	100.0
34.303249299991876	89.0	100.0
34.325780999992276	89.0	100.0
34.34015869998257	89.0	100.0
34.36292899999535	89.0	100.0
34.38251429999946	89.0	100.0
34.402043299982324	89.0	100.0
34.42193829998723	89.0	100.0
34.44209130000672	89.0	100.0
34.46185510000214	89.0	100.0
34.48166759999003	89.0	100.0
34.501237599994056	89.0	100.0
34.521054899989394	89.0	100.0
34.541462299996056	89.0	100.0
34.56128090000129	89.0	100.0
34.58136419998482	89.0	100.0
34.60066480000387	89.0	100.0
34.620785600011004	89.0	100.0
34.64139309999882	89.0	100.0
34.662750899995444	89.0	100.0
34.68185829999857	89.0	100.0
34.701576999999816	89.0	100.0
34.72186210000655	89.0	100.0
34.74170350001077	89.0	100.0
34.7646539999987	89.0	100.0
34.78201339999214	89.0	100.0
34.80221999998321	89.0	100.0
34.821650800004136	89.0	100.0
34.84150249999948	89.0	100.0
34.86133919999702	89.0	100.0
34.881232599989744	89.0	100.0
34.901168599986704	89.0	100.0
34.921074899990344	89.0	100.0
34.940626099996734	89.0	100.0
34.961513099988224	89.0	100.0
34.982317699992564	89.0	100.0
35.00106199999573	89.0	100.0
35.021053200005554	89.0	100.0
35.041171699995175	89.0	100.0
35.060837800003355	89.0	100.0
35.08139310000115	89.0	100.0
35.10218570000143	89.0	100.0
35.122085299983155	89.0	100.0
35.14190059999237	89.0	100.0
35.16214669999317	89.0	100.0
35.18209379998734	89.0	100.0
35.20128760000807	89.0	100.0
35.22068520000903	89.0	100.0
35.24108859998523	89.0	100.0
35.26112079998711	89.0	100.0
35.28114760000608	89.0	100.0
35.302003999997396	89.0	100.0
35.32200029998785	89.0	100.0
35.34039189998293	89.0	100.0
35.36201730000903	89.0	100.0
35.381945000001	89.0	100.0
35.40249439998297	88.0	100.0
35.42218669998692	88.0	100.0
35.44236169999931	88.0	100.0
35.46236169998883	88.0	100.0
35.482344499992905	88.0	100.0
35.500533399987034	88.0	100.0
35.52046749999863	88.0	100.0
35.541834200004814	88.0	100.0
35.56195599999046	88.0	100.0
35.58124460000545	88.0	100.0
35.6020770999894	88.0	100.0
35.62164179998217	88.0	100.0
35.641010799998185	88.0	100.0
35.66066190000856	88.0	100.0
35.68076290001045	88.0	100.0
35.70070940000005	88.0	100.0
35.720733199996175	88.0	100.0
35.7420407999889	88.0	100.0
35.762046099989675	88.0	100.0
35.78143820000696	88.0	100.0
35.80162119999295	88.0	100.0
35.82141999999294	88.0	100.0
35.84106750000501	88.0	100.0
35.86177570000291	88.0	100.0
35.88145529999747	88.0	100.0
35.901408700010506	88.0	100.0
35.921262499992736	88.0	100.0
35.940454099996714	88.0	100.0
35.96087280000211	88.0	100.0
35.98103979998268	88.0	100.0
36.00132889999077	88.0	100.0
36.02093669999158	88.0	100.0
36.04106009998941	88.0	100.0
36.061797600006685	88.0	100.0
36.08124579998548	88.0	100.0
36.10164939999231	88.0	100.0
36.12161490001017	88.0	100.0
36.14079539998784	88.0	100.0
36.16111779998755	88.0	100.0
36.180508399993414	88.0	100.0
36.20161689998349	88.0	100.0
36.221563300001435	88.0	100.0
36.24219180000364	88.0	100.0
36.26030449999962	88.0	100.0
36.282050000008894	88.0	100.0
36.30051589998766	88.0	100.0
36.321531399997184	88.0	100.0
36.34132259999751	88.0	100.0
36.361962900002254	88.0	100.0
36.38246110000182	88.0	100.0
36.40238509999472	87.0	100.0
36.421130300004734	87.0	100.0
36.441560000006575	87.0	100.0
36.461558100010734	87.0	100.0
36.48112469998887	87.0	100.0
36.50099979998777	87.0	100.0
36.52155879998463	87.0	100.0
36.54104229999939	87.0	100.0
36.56257760000881	87.0	100.0
36.581139299989445	87.0	100.0
36.60144999998738	87.0	100.0
36.62135559998569	87.0	100.0
36.64167240000097	87.0	100.0
36.66144759999588	87.0	100.0
36.68127510001068	87.0	100.0
36.701689799985616	87.0	100.0
36.723439299996244	87.0	100.0
36.7413292999845	87.0	100.0
36.76161929999944	87.0	100.0
36.782383999991	87.0	100.0
36.800611299986485	87.0	100.0
36.82156209999812	87.0	100.0
36.84086299999035	87.0	100.0
36.861841400008416	87.0	100.0
36.88015469998936	87.0	100.0
36.90051750000566	87.0	100.0
36.916677200002596	87.0	100.0
36.93588929998805	87.0	100.0
36.95701179999742	87.0	100.0
36.975125600001775	87.0	100.0
36.99676929999259	87.0	100.0
37.01582689999486	87.0	100.0
37.04123949998757	87.0	100.0
37.05902889999561	87.0	100.0
37.08173869998427	87.0	100.0
37.102046999993036	87.0	100.0
37.121274100005394	87.0	100.0
37.14027850001003	87.0	100.0
37.16165649998584	87.0	100.0
37.18145909998566	87.0	100.0
37.20130600000266	87.0	100.0
37.2202663999924	87.0	100.0
37.241875999985496	87.0	100.0
37.261778599990066	87.0	100.0
37.28130629999214	87.0	100.0
37.30176030000439	87.0	100.0
37.32152870000573	87.0	100.0
37.341509599995334	87.0	100.0
37.36205319999135	87.0	100.0
37.38158190000104	87.0	100.0
37.40245560000767	86.0	100.0
37.42075359998853	86.0	100.0
37.4400098999904	86.0	100.0
37.45684020000044	86.0	100.0
37.476391600008355	86.0	100.0
37.495991700008744	86.0	100.0
37.519557499996154	86.0	100.0
37.54259969998384	86.0	100.0
37.561005399998976	86.0	100.0
37.58115509999334	86.0	100.0
37.60114099999191	86.0	100.0
37.620949500007555	86.0	100.0
37.64138869999442	86.0	100.0
37.66171210000175	86.0	100.0
37.68140589998802	86.0	100.0
37.701175299996976	86.0	100.0
37.72034239998902	86.0	100.0
37.73944159998791	86.0	100.0
37.76102800000808	86.0	100.0
37.7807622999826	86.0	100.0
37.801396900002146	86.0	100.0
37.82011770000099	86.0	100.0
37.84029130000272	86.0	100.0
37.86172789998818	86.0	100.0
37.881070300005376	86.0	100.0
37.901407199999085	86.0	100.0
37.92135660001077	86.0	100.0
37.941159299982246	86.0	100.0
37.96241780000855	86.0	100.0
37.97757660000934	86.0	100.0
37.99712339998223	86.0	100.0
38.01714589999756	86.0	100.0
38.03644749999512	86.0	100.0
38.056093899998814	86.0	100.0
38.081568900001	86.0	100.0
38.09882579999976	86.0	100.0
38.11963199998718	86.0	100.0
38.13935459998902	86.0	100.0
38.16159669999615	86.0	100.0
38.181135499995435	86.0	100.0
38.20132259998354	86.0	100.0
38.220329800009495	86.0	100.0
38.24108079998405	86.0	100.0
38.26134609998553	86.0	100.0
38.281234099995345	86.0	100.0
38.30012979998719	86.0	100.0
38.32199749999563	86.0	100.0
38.34146110000438	86.0	100.0
38.36709690000862	86.0	100.0
38.3817643999937	86.0	100.0
38.40090809998219	85.0	100.0
38.42007639998337	85.0	100.0
38.441415599983884	85.0	100.0
38.461362600006396	85.0	100.0
38.48204030000488	85.0	100.0
38.50090049998835	85.0	100.0
38.521695900009945	85.0	100.0
38.5398969000089	85.0	100.0
38.56237120000878	85.0	100.0
38.58109789999435	85.0	100.0
38.60099559999071	85.0	100.0
38.620128399983514	85.0	100.0
38.64125019998755	85.0	100.0
38.66131530000712	85.0	100.0
38.68125970000983	85.0	100.0
38.70072739999159	85.0	100.0
38.72114280000096	85.0	100.0
38.740477999992436	85.0	100.0
38.76135980000254	85.0	100.0
38.78075559998979	85.0	100.0
38.80122510000365	85.0	100.0
38.8210076999967	85.0	100.0
38.84064129999024	85.0	100.0
38.861140199995134	85.0	100.0
38.88123379999888	85.0	100.0
38.90011499999673	85.0	100.0
38.92144889998599	85.0	100.0
38.94062419998227	85.0	100.0
38.960995000001276	85.0	100.0
38.98020570000517	85.0	100.0
39.000461299991	85.0	100.0
39.019848099997034	85.0	100.0
39.040165999991586	85.0	100.0
39.05848059998243	85.0	100.0
39.08002009999473	85.0	100.0
39.10144369999762	85.0	100.0
39.12119249999523	85.0	100.0
39.14042169999448	85.0	100.0
39.16177239999524	85.0	100.0
39.18101669999305	85.0	100.0
39.20099250000203	85.0	100.0
39.22005159998662	85.0	100.0
39.24011590000009	85.0	100.0
39.25979619999998	85.0	100.0
39.28058359998977	85.0	100.0
39.299666899984004	85.0	100.0
39.31995219999226	85.0	100.0
39.3397461999848	85.0	100.0
39.36038689999259	85.0	100.0
39.38111159999971	85.0	100.0
39.40070930001093	83.0	100.0
39.419759399985196	83.0	100.0
39.43996819999302	83.0	100.0
39.46023130000685	83.0	100.0
39.47994540000218	83.0	100.0
39.499700899992604	83.0	100.0
39.5208033999952	83.0	100.0
39.53941299999133	83.0	100.0
39.561529300000984	83.0	100.0
39.578275100007886	83.0	100.0
39.59986270000809	83.0	100.0
39.61954169999808	83.0	100.0
39.64021369998227	83.0	100.0
39.66137869999511	83.0	100.0
39.679970900004264	83.0	100.0
39.699672099988675	83.0	100.0
39.71982399999979	83.0	100.0
39.73858440000913	83.0	100.0
39.76017190000857	83.0	100.0
39.77848949999316	83.0	100.0
39.80019340000581	83.0	100.0
39.82016199998907	83.0	100.0
39.840282999997726	83.0	100.0
39.86013799998909	83.0	100.0
39.879653000010876	83.0	100.0
39.90022019998287	83.0	100.0
39.91995529999258	83.0	100.0
39.94018239999423	83.0	100.0
39.959917200001655	83.0	100.0
39.98230410000542	83.0	100.0
40.0001854999864	83.0	100.0
40.02384599999641	83.0	100.0
40.03709019999951	83.0	100.0
40.055701800010866	83.0	100.0
40.07729339998332	83.0	100.0
40.09764249998261	83.0	100.0
40.11919009999838	83.0	100.0
40.13867119999486	83.0	100.0
40.16721260000486	83.0	100.0
40.179088200005936	83.0	100.0
40.199886399990646	83.0	100.0
40.21997839998221	83.0	100.0
40.2399177000043	83.0	100.0
40.259906799998134	83.0	100.0
40.279682699998375	83.0	100.0
40.29992220000713	83.0	100.0
40.32000690000132	83.0	100.0
40.33959089999553	83.0	100.0
40.36006609999458	83.0	100.0
40.381391200004146	83.0	100.0
40.39906960001099	81.0	100.0
40.42002499999944	81.0	100.0
40.43894629998249	81.0	100.0
40.45988770000986	81.0	100.0
40.48049869999522	81.0	100.0
40.498774200008484	81.0	100.0
40.51963490000344	81.0	100.0
40.537913200008916	81.0	100.0
40.55990180000663	81.0	100.0
40.57957780000288	81.0	100.0
40.59994019998703	81.0	100.0
40.620158700010506	81.0	100.0
40.6406633000006	81.0	100.0
40.659387299994705	81.0	100.0
40.67840519998572	81.0	100.0
40.698096000007354	81.0	100.0
40.719172899989644	81.0	100.0
40.73884060001001	81.0	100.0
40.75891709999996	81.0	100.0
40.780083099991316	81.0	100.0
40.798580800008494	81.0	100.0
40.81943119998323	81.0	100.0
40.838592999993125	81.0	100.0
40.86028009999427	81.0	100.0
40.87852060000296	81.0	100.0
40.898178400006145	81.0	100.0
40.921896899992134	81.0	100.0
40.938269899983425	81.0	100.0
40.95971900000586	81.0	100.0
40.97847790000378	81.0	100.0
40.99967550000292	81.0	100.0
41.01925300000585	81.0	100.0
41.0391025999852	81.0	100.0
41.059960999991745	81.0	100.0
41.07932190000429	81.0	100.0
41.09814250000636	81.0	100.0
41.12139499999466	81.0	100.0
41.13998989999527	81.0	100.0
41.160135999991326	81.0	100.0
41.17942619998939	81.0	100.0
41.199620100000175	81.0	100.0
41.21943779999856	81.0	100.0
41.23948719998589	81.0	100.0
41.259834900003625	81.0	100.0
41.27969329999178	81.0	100.0
41.299526099988725	81.0	100.0
41.31944699998712	81.0	100.0
41.338231800007634	81.0	100.0
41.3601622999995	81.0	100.0
41.37978149999981	81.0	100.0
41.398590500000864	79.0	100.0
41.418473900004756	79.0	100.0
41.438618999993196	79.0	100.0
41.46700949998922	79.0	100.0
41.47840130000259	79.0	100.0
41.4982774000091	79.0	100.0
41.51809269998921	79.0	100.0
41.54006329999538	79.0	100.0
41.560327199986205	79.0	100.0
41.577708700002404	79.0	100.0
41.59817730000941	79.0	100.0
41.619572399999015	79.0	100.0
41.640337799995905	79.0	100.0
41.65977699999348	79.0	100.0
41.68008719998761	79.0	100.0
41.69911889999639	79.0	100.0
41.719624999997905	79.0	100.0
41.741003300005104	79.0	100.0
41.76037279999582	79.0	100.0
41.77820080000674	79.0	100.0
41.799326799984556	79.0	100.0
41.81953040001099	79.0	100.0
41.83919440000318	79.0	100.0
41.85997319998569	79.0	100.0
41.87947839999106	79.0	100.0
41.899664500000654	79.0	100.0
41.91927419998683	79.0	100.0
41.938162200007355	79.0	100.0
41.960273100005	79.0	100.0
41.97943010000745	79.0	100.0
42.0000858999847	79.0	100.0
42.01926239999011	79.0	100.0
42.039617300004466	79.0	100.0
42.0599843999953	79.0	100.0
42.07862660000683	79.0	100.0
42.09955539999646	79.0	100.0
42.11950249999063	79.0	100.0
42.13873649999732	79.0	100.0
42.16015419998439	79.0	100.0
42.17910849998589	79.0	100.0
42.199723800003994	79.0	100.0
42.21958189998986	79.0	100.0
42.238646499987226	79.0	100.0
42.258342999994056	79.0	100.0
42.27900849998696	79.0	100.0
42.298338599997805	79.0	100.0
42.318233900005	79.0	100.0
42.33806680000271	79.0	100.0
42.359249000001	79.0	100.0
42.378506499982905	79.0	100.0
42.40254459998687	78.0	100.0
42.41789680000511	78.0	100.0
42.44001920000301	78.0	100.0
42.45863219999592	78.0	100.0
42.47875149999163	78.0	100.0
42.49946230000933	78.0	100.0
42.518184199987445	78.0	100.0
42.53811150000547	78.0	100.0
42.56112050000229	78.0	100.0
42.57717350000166	78.0	100.0
42.59771010000259	78.0	100.0
42.616917200008174	78.0	100.0
42.63837480000802	78.0	100.0
42.65741539999726	78.0	100.0
42.67795399998431	78.0	100.0
42.698343099997146	78.0	100.0
42.719020199991064	78.0	100.0
42.73923849998391	78.0	100.0
42.75989339998341	78.0	100.0
42.77937440000824	78.0	100.0
42.79891839998891	78.0	100.0
42.81968970000162	78.0	100.0
42.83938099999796	78.0	100.0
42.85863329999847	78.0	100.0
42.87977060000412	78.0	100.0
42.898893899982795	78.0	100.0
42.919445699983044	78.0	100.0
42.93926849999116	78.0	100.0
42.95962999999756	78.0	100.0
42.97822729998734	78.0	100.0
42.999261499993736	78.0	100.0
43.01839199999813	78.0	100.0
43.039278599986574	78.0	100.0
43.059450900007505	78.0	100.0
43.07888159999857	78.0	100.0
43.098642500001006	78.0	100.0
43.11793810001109	78.0	100.0
43.13769519998459	78.0	100.0
43.15818179998314	78.0	100.0
43.179097299987916	78.0	100.0
43.199358599988045	78.0	100.0
43.21955459998571	78.0	100.0
43.239741800003685	78.0	100.0
43.25947389999055	78.0	100.0
43.27955010000733	78.0	100.0
43.30063019998488	78.0	100.0
43.318687399994815	78.0	100.0
43.33860270000878	78.0	100.0
43.35990270000184	78.0	100.0
43.37961790000554	78.0	100.0
43.400030899996636	78.0	100.0
43.41912420000881	78.0	100.0
43.438634399994044	78.0	100.0
43.45697910001036	78.0	100.0
43.47710190000362	78.0	100.0
43.49459349998506	78.0	100.0
43.514801899989834	78.0	100.0
43.53452859999379	78.0	100.0
43.55735280000954	78.0	100.0
43.578998599987244	78.0	100.0
43.59868560000905	78.0	100.0
43.61849439999787	78.0	100.0
43.639443799998844	78.0	100.0
43.65958040000987	78.0	100.0
43.679340800008504	78.0	100.0
43.698754499986535	78.0	100.0
43.71880209998926	78.0	100.0
43.738632299995515	78.0	100.0
43.75863689999096	78.0	100.0
43.77989840001101	78.0	100.0
43.79941360000521	78.0	100.0
43.81836149998708	78.0	100.0
43.8380751000077	78.0	100.0
43.85799399999087	78.0	100.0
43.87857410000288	78.0	100.0
43.89855149999494	78.0	100.0
43.918679199996404	78.0	100.0
43.93846159998793	78.0	100.0
43.96030589999282	78.0	100.0
43.97738389999722	78.0	100.0
43.999280599993654	78.0	100.0
44.01926679999451	78.0	100.0
44.038474400003906	78.0	100.0
44.05881819999195	78.0	100.0
44.07829450001009	78.0	100.0
44.09792909998214	78.0	100.0
44.117657700000564	78.0	100.0
44.138097799994284	78.0	100.0
44.158668299991405	78.0	100.0
44.17869979998795	78.0	100.0
44.1987652000098	78.0	100.0
44.21834600000875	78.0	100.0
44.23839839998982	78.0	100.0
44.258142899983795	78.0	100.0
44.277646500006085	78.0	100.0
44.29802250000648	78.0	100.0
44.3180960000027	78.0	100.0
44.338598000002094	78.0	100.0
44.35878879998927	78.0	100.0
44.37901050000801	78.0	100.0
44.3990366999933	78.0	100.0
44.41864339998574	78.0	100.0
44.43875390000176	78.0	100.0
44.458726199984085	78.0	100.0
44.478696999984095	78.0	100.0
44.49780969999847	78.0	100.0
44.51518089999445	78.0	100.0
44.537466399982804	78.0	100.0
44.559203499986324	78.0	100.0
44.577209399983985	78.0	100.0
44.5984288000036	78.0	100.0
44.61853710000287	78.0	100.0
44.63936500001	78.0	100.0
44.65887899999507	78.0	100.0
44.67830229998799	78.0	100.0
44.69815609999932	78.0	100.0
44.71806819998892	78.0	100.0
44.73814040000434	78.0	100.0
44.755735999991884	78.0	100.0
44.77500629998394	78.0	100.0
44.796114900003886	78.0	100.0
44.81505649999599	78.0	100.0
44.83486780000385	78.0	100.0
44.85435969999526	78.0	100.0
44.87434629999916	78.0	100.0
44.89418529998511	78.0	100.0
44.91568430000916	78.0	100.0
44.93579319998389	78.0	100.0
44.95687470000121	78.0	100.0
44.977325699990615	78.0	100.0
44.99733690000721	78.0	100.0
45.01840669999365	78.0	100.0
45.03848879999714	78.0	100.0
45.05852990000858	78.0	100.0
45.07864980000886	78.0	100.0
45.0982182000007	78.0	100.0
45.12019159999909	78.0	100.0
45.13762520000455	78.0	100.0
45.15851599999587	78.0	100.0
45.17823039999348	78.0	100.0
45.1979633999872	78.0	100.0
45.21821369999088	78.0	100.0
45.2382784000074	78.0	100.0
45.25808379999944	78.0	100.0
45.278012099995976	78.0	100.0
45.298090299998876	78.0	100.0
45.31836390000535	78.0	100.0
45.3384337000025	78.0	100.0
45.358206300006714	78.0	100.0
45.37836040000548	78.0	100.0
45.395817699987674	78.0	100.0
45.41927230000147	78.0	100.0
45.43867129998398	78.0	100.0
45.45804289999069	78.0	100.0
45.47745050000958	78.0	100.0
45.497538099996746	78.0	100.0
45.517935099982424	78.0	100.0
45.53812320000725	78.0	100.0
45.56032950000372	78.0	100.0
45.579550700000254	78.0	100.0
45.598108000005595	78.0	100.0
45.617448700009845	78.0	100.0
45.63807970000198	78.0	100.0
45.657649000000674	78.0	100.0
45.6781622999988	78.0	100.0
45.69833809998818	78.0	100.0
45.72020799998427	78.0	100.0
45.73800620000111	78.0	100.0
45.75813599998946	78.0	100.0
45.77793919999385	78.0	100.0
45.79837889998453	78.0	100.0
45.81830809998792	78.0	100.0
45.83819209999638	78.0	100.0
45.85824400000274	78.0	100.0
45.87804919999326	78.0	100.0
45.897898199997144	78.0	100.0
45.91771509998944	78.0	100.0
45.9395177999977	78.0	100.0
45.95747080000001	78.0	100.0
45.977937199990265	78.0	100.0
45.9981914999953	78.0	100.0
46.01798470001086	78.0	100.0
46.03882439999143	78.0	100.0
46.05756650000694	78.0	100.0
46.078136399999494	78.0	100.0
46.09781849998399	78.0	100.0
46.11794180001016	78.0	100.0
46.13900520000607	78.0	100.0
46.1583474999934	78.0	100.0
46.17812609998509	78.0	100.0
46.19801110000117	78.0	100.0
46.21750699999393	78.0	100.0
46.23861380000017	78.0	100.0
46.255558999982895	78.0	100.0
46.277449399989564	78.0	100.0
46.29810059998999	78.0	100.0
46.31801029999042	78.0	100.0
46.33829680000781	78.0	100.0
46.35770180000691	78.0	100.0
46.37823780000326	78.0	100.0
46.39860710001085	77.0	100.0
46.41794200000004	77.0	100.0
46.43784249998862	77.0	100.0
46.458153899991885	77.0	100.0
46.477878799982136	77.0	100.0
46.49707879999187	77.0	100.0
46.51763170000049	77.0	100.0
46.53771299999789	77.0	100.0
46.55797649998567	77.0	100.0
46.57751929998631	77.0	100.0
46.598311899986584	77.0	100.0
46.61754909998854	77.0	100.0
46.637924200011184	77.0	100.0
46.65808610001113	77.0	100.0
46.67799329999252	77.0	100.0
46.69729959999677	77.0	100.0
46.71862949998467	77.0	100.0
46.73747719998937	77.0	100.0
46.757997300010175	77.0	100.0
46.77752289999626	77.0	100.0
46.79747019999195	77.0	100.0
46.816972100001294	77.0	100.0
46.8379019999993	77.0	100.0
46.85802310000872	77.0	100.0
46.87749650000478	77.0	100.0
46.89731510001002	77.0	100.0
46.91749960000743	77.0	100.0
46.9374805999978	77.0	100.0
46.95820150000509	77.0	100.0
46.97767500000191	77.0	100.0
46.99761630001012	77.0	100.0
47.01728599998751	77.0	100.0
47.03747139999177	77.0	100.0
47.05748479999602	77.0	100.0
47.07721899999888	77.0	100.0
47.096515299985185	77.0	100.0
47.116962500003865	77.0	100.0
47.137143800006015	77.0	100.0
47.157304399996065	77.0	100.0
47.17745859999559	77.0	100.0
47.19805780000752	77.0	100.0
47.21654369999305	77.0	100.0
47.23715689999517	77.0	100.0
47.25703559999238	77.0	100.0
47.277652599994326	77.0	100.0
47.29672149999533	77.0	100.0
47.31709689999116	77.0	100.0
47.337137299997266	77.0	100.0
47.35712619998958	77.0	100.0
47.381345200003125	77.0	100.0
47.397543200000655	77.0	100.0
47.41603289998602	77.0	100.0
47.438312799989944	77.0	100.0
47.45753829999012	77.0	100.0
47.477367899991805	77.0	100.0
47.497252600005595	77.0	100.0
47.51762480000616	77.0	100.0
47.53705889999401	77.0	100.0
47.55824009998469	77.0	100.0
47.577767599985236	77.0	100.0
47.59692320000613	77.0	100.0
47.61606179998489	77.0	100.0
47.637912500009406	77.0	100.0
47.66032029999769	77.0	100.0
47.6801131000102	77.0	100.0
47.694676899991464	77.0	100.0
47.71634109999286	77.0	100.0
47.73638099999516	77.0	100.0
47.75711669999873	77.0	100.0
47.777535400004126	77.0	100.0
47.79777859998285	77.0	100.0
47.81713720000698	77.0	100.0
47.83643460000167	77.0	100.0
47.8575382999843	77.0	100.0
47.877407199994195	77.0	100.0
47.896437399991555	77.0	100.0
47.917236000008415	77.0	100.0
47.93698110000696	77.0	100.0
47.9566816999868	77.0	100.0
47.97629409999354	77.0	100.0
47.996591500006616	77.0	100.0
48.016228799999226	77.0	100.0
48.036431599990465	77.0	100.0
48.0565937999927	77.0	100.0
48.076321200001985	77.0	100.0
48.09630089998245	77.0	100.0
48.115940399991814	77.0	100.0
48.13636370000313	77.0	100.0
48.15748429999803	77.0	100.0
48.17638990000705	77.0	100.0
48.1963310999854	77.0	100.0
48.2164625999867	77.0	100.0
48.23628599999938	77.0	100.0
48.25644699999248	77.0	100.0
48.27640189998783	77.0	100.0
48.29616120000719	77.0	100.0
48.31642319998355	77.0	100.0
48.336142599990126	77.0	100.0
48.35687729998608	77.0	100.0
48.37743130000308	77.0	100.0
48.397848599997815	77.0	100.0
48.41706109998631	77.0	100.0
48.43757259999984	77.0	100.0
48.45737869999721	77.0	100.0
48.47707419999642	77.0	100.0
48.496518700005254	77.0	100.0
48.517588899994735	77.0	100.0
48.53629190000356	77.0	100.0
48.55858489999082	77.0	100.0
48.577114499988966	77.0	100.0
48.59719229998882	77.0	100.0
48.6161499999871	77.0	100.0
48.63717899998301	77.0	100.0
48.65716929998598	77.0	100.0
48.676474899984896	77.0	100.0
48.69721019998542	77.0	100.0
48.717448799987324	77.0	100.0
48.73638539999956	77.0	100.0
48.75770869999542	77.0	100.0
48.7772324999969	77.0	100.0
48.79734359998838	77.0	100.0
48.81726330000674	77.0	100.0
48.83860869999626	77.0	100.0
48.85703819998889	77.0	100.0
48.87750559998676	77.0	100.0
48.89608149998821	77.0	100.0
48.9169724000094	77.0	100.0
48.936326900002314	77.0	100.0
48.957684599998174	77.0	100.0
48.97633410000708	77.0	100.0
48.99726430000737	77.0	100.0
49.016193899995415	77.0	100.0
49.03690949999145	77.0	100.0
49.05714329998591	77.0	100.0
49.07636440001079	77.0	100.0
49.095986000000266	77.0	100.0
49.11728690000018	77.0	100.0
49.13616419999744	77.0	100.0
49.15699489999679	77.0	100.0
49.17731100000674	77.0	100.0
49.195315099990694	77.0	100.0
49.21616019998328	77.0	100.0
49.23693310000817	77.0	100.0
49.2563802000077	77.0	100.0
49.27630299999146	77.0	100.0
49.29605209999136	77.0	100.0
49.31853489999776	77.0	100.0
49.336068200005684	77.0	100.0
49.35727380000753	77.0	100.0
49.376739200000884	77.0	100.0
49.39827350000269	78.0	100.0
49.418026800005464	78.0	100.0
49.43657669998356	78.0	100.0
49.45659859999432	78.0	100.0
49.47714899998391	78.0	100.0
49.496165399992606	78.0	100.0
49.51606029999675	78.0	100.0
49.53695209999569	78.0	100.0
49.55674599998747	78.0	100.0
49.57592599999043	78.0	100.0
49.596350400010124	78.0	100.0
49.61596399999689	78.0	100.0
49.63627300001099	78.0	100.0
49.656574299995555	78.0	100.0
49.67601709999144	78.0	100.0
49.695934099989245	78.0	100.0
49.71713589999126	78.0	100.0
49.73611949998303	78.0	100.0
49.756953800009796	78.0	100.0
49.776011200010544	78.0	100.0
49.796083699999144	78.0	100.0
49.81631590001052	78.0	100.0
49.83614780000062	78.0	100.0
49.85789809998823	78.0	100.0
49.876126299990574	78.0	100.0
49.89587889998802	78.0	100.0
49.916100500005996	78.0	100.0
49.936130699992646	78.0	100.0
49.95642629999202	78.0	100.0
49.97844310000073	78.0	100.0
49.99626369998441	78.0	100.0
50.01609279998229	78.0	100.0
50.03635270000086	78.0	100.0
50.05608770000981	78.0	100.0
50.07607869998901	78.0	100.0
50.095684900006745	78.0	100.0
50.11604429999716	78.0	100.0
50.1377000999928	78.0	100.0
50.15858799999114	78.0	100.0
50.175682200002484	78.0	100.0
50.19602209998993	78.0	100.0
50.21622410000418	78.0	100.0
50.23680489999242	78.0	100.0
50.25618890000624	78.0	100.0
50.27579749998404	78.0	100.0
50.29583789999015	78.0	100.0
50.31592299998738	78.0	100.0
50.334775600000285	78.0	100.0
50.35645210000803	78.0	100.0
50.37696789999609	78.0	100.0
50.39703190000728	79.0	100.0
50.41590950000682	79.0	100.0
50.4358915000048	79.0	100.0
50.45625069999369	79.0	100.0
50.476551700005075	79.0	100.0
50.4960909000074	79.0	100.0
50.51557419999153	79.0	100.0
50.534487900004024	79.0	100.0
50.556772299984004	79.0	100.0
50.57416240000748	79.0	100.0
50.59507549999398	79.0	100.0
50.61532859998988	79.0	100.0
50.63506959998631	79.0	100.0
50.655497300002025	79.0	100.0
50.6755928999919	79.0	100.0
50.6963517999975	79.0	100.0
50.71746779998648	79.0	100.0
50.7370716999867	79.0	100.0
50.755472199991345	79.0	100.0
50.77528780000284	79.0	100.0
50.79517510000733	79.0	100.0
50.815756600000896	79.0	100.0
50.83744860001025	79.0	100.0
50.85602479998488	79.0	100.0
50.87581100000534	79.0	100.0
50.89706680001109	79.0	100.0
50.914954500010936	79.0	100.0
50.93399699998554	79.0	100.0
50.95694629999343	79.0	100.0
50.97522029999527	79.0	100.0
50.99542809999548	79.0	100.0
51.01622389999102	79.0	100.0
51.03503209998598	79.0	100.0
51.05574670000351	79.0	100.0
51.07444999998552	79.0	100.0
51.09434209999745	79.0	100.0
51.11741089998395	79.0	100.0
51.1368450000009	79.0	100.0
51.15697449998697	79.0	100.0
51.175113000004785	79.0	100.0
51.195479799993336	79.0	100.0
51.21434639999643	79.0	100.0
51.23552039999049	79.0	100.0
51.254862000001594	79.0	100.0
51.276411700004246	79.0	100.0
51.295425499993144	79.0	100.0
51.31410570000298	79.0	100.0
51.3343246000004	79.0	100.0
51.35546289998456	79.0	100.0
51.37605769999209	79.0	100.0
51.39616659999592	79.0	100.0
51.41532729999744	79.0	100.0
51.4360130999994	79.0	100.0
51.455877400003374	79.0	100.0
51.47542679999606	79.0	100.0
51.49554080000962	79.0	100.0
51.51578580000205	79.0	100.0
51.534671800007345	79.0	100.0
51.55800769999041	79.0	100.0
51.576190799998585	79.0	100.0
51.59544139998616	79.0	100.0
51.615182000008645	79.0	100.0
51.635499800002435	79.0	100.0
51.656047900003614	79.0	100.0
51.67570029999479	79.0	100.0
51.695244600006845	79.0	100.0
51.71385400000145	79.0	100.0
51.73423149998416	79.0	100.0
51.757568200002424	79.0	100.0
51.77630520000821	79.0	100.0
51.795060100004775	79.0	100.0
51.815328199998476	79.0	100.0
51.83470649999799	79.0	100.0
51.855051199992886	79.0	100.0
51.87835159999668	79.0	100.0
51.895763699983945	79.0	100.0
51.91551580000669	79.0	100.0
51.93475690000923	79.0	100.0
51.95551030000206	79.0	100.0
51.97442990000127	79.0	100.0
51.995836999994935	79.0	100.0
52.01403120000032	79.0	100.0
52.0340414000093	79.0	100.0
52.053994799993234	79.0	100.0
52.0745256000082	79.0	100.0
52.09482480000588	79.0	100.0
52.11508540000068	79.0	100.0
52.134096599998884	79.0	100.0
52.15471889998298	79.0	100.0
52.17456330001005	79.0	100.0
52.194583500007866	79.0	100.0
52.21406100000604	79.0	100.0
52.23475179998786	79.0	100.0
52.25537140000961	79.0	100.0
52.275404399988474	79.0	100.0
52.29525029999786	79.0	100.0
52.31602969998494	79.0	100.0
52.33484840000165	79.0	100.0
52.357144100009464	79.0	100.0
52.37616720001097	79.0	100.0
52.39681430000928	79.0	100.0
52.41587959998287	79.0	100.0
52.435898499999894	79.0	100.0
52.455776699993294	79.0	100.0
52.47589410000364	79.0	100.0
52.49526890000561	79.0	100.0
52.51407070001005	79.0	100.0
52.53404749999754	79.0	100.0
52.55414849999943	79.0	100.0
52.5761697999842	79.0	100.0
52.59578329999931	79.0	100.0
52.615520799998194	79.0	100.0
52.635797800001455	79.0	100.0
52.65798660001019	79.0	100.0
52.67621519998647	79.0	100.0
52.694848999992246	79.0	100.0
52.714356599986786	79.0	100.0
52.73407919998863	79.0	100.0
52.75532339999336	79.0	100.0
52.7758896999876	79.0	100.0
52.7959128000075	79.0	100.0
52.8154724999913	79.0	100.0
52.83551519998582	79.0	100.0
52.855814699985785	79.0	100.0
52.87557460000971	79.0	100.0
52.894097399985185	79.0	100.0
52.91420860000653	79.0	100.0
52.93395909998799	79.0	100.0
52.955028099997435	79.0	100.0
52.97409410000546	79.0	100.0
52.99404890000005	79.0	100.0
53.01416610000888	79.0	100.0
53.03427279999596	79.0	100.0
53.05470959999366	79.0	100.0
53.074869900010526	79.0	100.0
53.09526440000627	79.0	100.0
53.115484699985245	79.0	100.0
53.134072299988475	79.0	100.0
53.1553855999955	79.0	100.0
53.17423850001069	79.0	100.0
53.19531239999924	79.0	100.0
53.21424100000877	79.0	100.0
53.234782499988796	79.0	100.0
53.254939700011164	79.0	100.0
53.27455299999565	79.0	100.0
53.29438229999505	79.0	100.0
53.3139780999918	79.0	100.0
53.33410350000486	79.0	100.0
53.35413160000462	79.0	100.0
53.37460640000063	79.0	100.0
53.39565109999967	79.0	100.0
53.41475429999991	79.0	100.0
53.434722100006184	79.0	100.0
53.454979100002674	79.0	100.0
53.47479740000563	79.0	100.0
53.49439659999916	79.0	100.0
53.51699569998891	79.0	100.0
53.53368140000384	79.0	100.0
53.55414110000129	79.0	100.0
53.57449769999948	79.0	100.0
53.593331699987175	79.0	100.0
53.61460639999132	79.0	100.0
53.63483540000743	79.0	100.0
53.654663499997696	79.0	100.0
53.67536719999043	79.0	100.0
53.69435020000674	79.0	100.0
53.714528099983	79.0	100.0
53.734138200001325	79.0	100.0
53.755638000002364	79.0	100.0
53.77444129998912	79.0	100.0
53.79508350000833	79.0	100.0
53.81349490000866	79.0	100.0
53.833973500004504	79.0	100.0
53.85527229998843	79.0	100.0
53.87415689998306	79.0	100.0
53.894553899997845	79.0	100.0
53.9153757999884	79.0	100.0
53.9345037000021	79.0	100.0
53.95534939999925	79.0	100.0
53.97488930000691	79.0	100.0
53.99429090000922	79.0	100.0
54.014683999994304	79.0	100.0
54.03549020001083	79.0	100.0
54.0549514000013	79.0	100.0
54.0752908999857	79.0	100.0
54.0949910999916	79.0	100.0
54.11491199999	79.0	100.0
54.13476169999922	79.0	100.0
54.155735200009076	79.0	100.0
54.17461399998865	79.0	100.0
54.194123900000704	79.0	100.0
54.21388150000712	79.0	100.0
54.23404839998693	79.0	100.0
54.254054199991515	79.0	100.0
54.27420419998816	79.0	100.0
54.29387140000472	79.0	100.0
54.31405559999985	79.0	100.0
54.33628230000613	79.0	100.0
54.35550169998896	79.0	100.0
54.375351099995896	79.0	100.0
54.39542660000734	78.0	100.0
54.4140788000077	78.0	100.0
54.43357970000943	78.0	100.0
54.454775399994105	78.0	100.0
54.47409770000377	78.0	100.0
54.493870400008745	78.0	100.0
54.51424879999831	78.0	100.0
54.53367430000799	78.0	100.0
54.556803499988746	78.0	100.0
54.57400500000222	78.0	100.0
54.59445040000719	78.0	100.0
54.61400080000749	78.0	100.0
54.63412050000625	78.0	100.0
54.65423749998445	78.0	100.0
54.67384159998619	78.0	100.0
54.694109700008994	78.0	100.0
54.71462210000027	78.0	100.0
54.733819499990204	78.0	100.0
54.75409820000641	78.0	100.0
54.7737860000052	78.0	100.0
54.79389689999516	78.0	100.0
54.81398479998461	78.0	100.0
54.83380849999958	78.0	100.0
54.856189299986	78.0	100.0
54.87536199999158	78.0	100.0
54.89657139999326	78.0	100.0
54.91436500000418	78.0	100.0
54.9350438999827	78.0	100.0
54.954163799993694	78.0	100.0
54.973760299995774	78.0	100.0
54.99458830000367	78.0	100.0
55.01433669999824	78.0	100.0
55.033863299991935	78.0	100.0
55.05413179998868	78.0	100.0
55.07468439999502	78.0	100.0
55.09360269998433	78.0	100.0
55.114121499995235	78.0	100.0
55.1338310999854	78.0	100.0
55.15626439999323	78.0	100.0
55.17495869999402	78.0	100.0
55.19496500000241	78.0	100.0
55.214674499991816	78.0	100.0
55.23550690000411	78.0	100.0
55.25481660000514	78.0	100.0
55.27505050000036	78.0	100.0
55.29364359998726	78.0	100.0
55.31291710000369	78.0	100.0
55.3329575000098	78.0	100.0
55.35412050000741	78.0	100.0
55.36998419999145	78.0	100.0
55.39240499999141	77.0	100.0
55.416663999989396	77.0	100.0
55.433250800007954	77.0	100.0
55.45504239998991	77.0	100.0
55.47342059999937	77.0	100.0
55.494545800000196	77.0	100.0
55.51471160000074	77.0	100.0
55.53515260000131	77.0	100.0
55.555579400010174	77.0	100.0
55.57478039999842	77.0	100.0
55.59496339998441	77.0	100.0
55.614315799990436	77.0	100.0
55.6349143999978	77.0	100.0
55.65546509998967	77.0	100.0
55.67529189999914	77.0	100.0
55.69459169998299	77.0	100.0
55.71533599999384	77.0	100.0
55.73458270000992	77.0	100.0
55.75538210000377	77.0	100.0
55.77558769998723	77.0	100.0
55.79510049999226	77.0	100.0
55.81479479998234	77.0	100.0
55.835356800002046	77.0	100.0
55.85532410000451	77.0	100.0
55.8744735000073	77.0	100.0
55.8947671999922	77.0	100.0
55.91537219999009	77.0	100.0
55.93544299999485	77.0	100.0
55.955750099994475	77.0	100.0
55.9750297999999	77.0	100.0
55.99560100000235	77.0	100.0
56.014136999991024	77.0	100.0
56.035345799988136	77.0	100.0
56.05558739998378	77.0	100.0
56.07688139998936	77.0	100.0
56.09420220000902	77.0	100.0
56.11527909999131	77.0	100.0
56.13567590000457	77.0	100.0
56.15577429998666	77.0	100.0
56.175184199993964	77.0	100.0
56.19594919998781	77.0	100.0
56.215096900006756	77.0	100.0
56.23535100001027	77.0	100.0
56.25568440000643	77.0	100.0
56.27686919999542	77.0	100.0
56.2944897999987	77.0	100.0
56.314443199982634	77.0	100.0
56.33439139998518	77.0	100.0
56.355987299990375	77.0	100.0
56.37607349999598	77.0	100.0
56.39578009999241	76.0	100.0
56.41410709999036	76.0	100.0
56.435914900008356	76.0	100.0
56.45572769999853	76.0	100.0
56.47640590000083	76.0	100.0
56.49561009998433	76.0	100.0
56.51577520000865	76.0	100.0
56.53493239998352	76.0	100.0
56.5556854000024	76.0	100.0
56.57478659998742	76.0	100.0
56.59616789998836	76.0	100.0
56.61564430000726	76.0	100.0
56.63556160000735	76.0	100.0
56.65575949999038	76.0	100.0
56.67584159999387	76.0	100.0
56.698386999982176	76.0	100.0
56.71563900000183	76.0	100.0
56.73559209998348	76.0	100.0
56.7559462999925	76.0	100.0
56.775244299991755	76.0	100.0
56.794825999997556	76.0	100.0
56.81581259999075	76.0	100.0
56.8357568999927	76.0	100.0
56.855435000004945	76.0	100.0
56.87545220000902	76.0	100.0
56.89619929998298	76.0	100.0
56.91670959998737	76.0	100.0
56.93566250000731	76.0	100.0
56.95642499998212	76.0	100.0
56.97449170000618	76.0	100.0
56.998680399992736	76.0	100.0
57.01699480001116	76.0	100.0
57.035536299983505	76.0	100.0
57.055565499991644	76.0	100.0
57.07562200000393	76.0	100.0
57.09570149998763	76.0	100.0
57.1159570000018	76.0	100.0
57.13422169999103	76.0	100.0
57.155896299984306	76.0	100.0
57.17484150000382	76.0	100.0
57.19600050000008	76.0	100.0
57.21609840000747	76.0	100.0
57.23572799999965	76.0	100.0
57.25544519998948	76.0	100.0
57.27599600001122	76.0	100.0
57.29532350000227	76.0	100.0
57.31962279998697	76.0	100.0
57.33532230000128	76.0	100.0
57.35638789998484	76.0	100.0
57.377453799999785	76.0	100.0
57.39691770001082	77.0	100.0
57.416358499991475	77.0	100.0
57.43614780000644	77.0	100.0
57.455992300005164	77.0	100.0
57.475931399996625	77.0	100.0
57.495697400008794	77.0	100.0
57.516153100004885	77.0	100.0
57.53596340000513	77.0	100.0
57.55811929999618	77.0	100.0
57.57593769999221	77.0	100.0
57.595291400008136	77.0	100.0
57.61422109999694	77.0	100.0
57.63582209998276	77.0	100.0
57.655956000002334	77.0	100.0
57.675482299993746	77.0	100.0
57.69604640000034	77.0	100.0
57.716442999982974	77.0	100.0
57.735693199996604	77.0	100.0
57.75609469998744	77.0	100.0
57.775834200001555	77.0	100.0
57.795125300006475	77.0	100.0
57.81767519999994	77.0	100.0
57.8368358000007	77.0	100.0
57.85595729999477	77.0	100.0
57.87605089999852	77.0	100.0
57.89489490000415	77.0	100.0
57.91555259999586	77.0	100.0
57.936004599992884	77.0	100.0
57.95605350000551	77.0	100.0
57.97570139999152	77.0	100.0
57.9961856000009	77.0	100.0
58.01566780000576	77.0	100.0
58.03577960000257	77.0	100.0
58.05560150000383	77.0	100.0
58.075407399999676	77.0	100.0
58.09493669998483	77.0	100.0
58.11584589999984	77.0	100.0
58.13430750000407	77.0	100.0
58.155592800001614	77.0	100.0
58.174961299984716	77.0	100.0
58.19622250000248	77.0	100.0
58.21531729999697	77.0	100.0
58.235430100001395	77.0	100.0
58.25565350000397	77.0	100.0
58.27489100000821	77.0	100.0
58.29575180000393	77.0	100.0
58.31708370000706	77.0	100.0
58.33596560001024	77.0	100.0
58.35601079999469	77.0	100.0
58.376337499998044	77.0	100.0
58.396888099989155	76.0	100.0
58.415703999984544	76.0	100.0
58.43613690001075	76.0	100.0
58.45647499998449	76.0	100.0
58.477389300009236	76.0	100.0
58.495735400007106	76.0	100.0
58.51591429999098	76.0	100.0
58.5355300999945	76.0	100.0
58.555967899999814	76.0	100.0
58.57525880000321	76.0	100.0
58.595941699983086	76.0	100.0
58.61538460000884	76.0	100.0
58.63704529998358	76.0	100.0
58.656191799993394	76.0	100.0
58.67619259998901	76.0	100.0
58.69538729998749	76.0	100.0
58.7159568000061	76.0	100.0
58.73578119999729	76.0	100.0
58.7564158999885	76.0	100.0
58.775617999985116	76.0	100.0
58.79616559998249	76.0	100.0
58.81540940000559	76.0	100.0
58.83694129998912	76.0	100.0
58.8566337999946	76.0	100.0
58.87599110000883	76.0	100.0
58.895576199982315	76.0	100.0
58.91572289998294	76.0	100.0
58.93584610000835	76.0	100.0
58.95625680001103	76.0	100.0
58.975635699986015	76.0	100.0
58.998561799991876	76.0	100.0
59.01602029998321	76.0	100.0
59.03600110000116	76.0	100.0
59.05630540000857	76.0	100.0
59.0760895999847	76.0	100.0
59.095298700005515	76.0	100.0
59.11581799999112	76.0	100.0
59.13580409999122	76.0	100.0
59.15611609999905	76.0	100.0
59.176302899984876	76.0	100.0
59.196105299983174	76.0	100.0
59.21590640000068	76.0	100.0
59.23572629998671	76.0	100.0
59.256384699983755	76.0	100.0
59.27716219998547	76.0	100.0
59.29542370000854	76.0	100.0
59.32062720000977	76.0	100.0
59.33560689998558	76.0	100.0
59.357102999987546	76.0	100.0
59.37655069999164	76.0	100.0
59.39631899999222	76.0	100.0
59.41556049999781	76.0	100.0
59.437208499992266	76.0	100.0
59.45664369998849	76.0	100.0
59.4759250000061	76.0	100.0
59.494199699984165	76.0	100.0
59.51423120000982	76.0	100.0
59.534992000000784	76.0	100.0
59.55860429999302	76.0	100.0
59.5771967000037	76.0	100.0
59.59597729999223	76.0	100.0
59.61557530000573	76.0	100.0
59.63592719999724	76.0	100.0
59.656159999984084	76.0	100.0
59.67558260000078	76.0	100.0
59.695153599983314	76.0	100.0
59.714763299998594	76.0	100.0
59.73607310000807	76.0	100.0
59.75610699999379	76.0	100.0
59.77585599999293	76.0	100.0
59.795463399990695	76.0	100.0
59.81559189999825	76.0	100.0
59.836343300004955	76.0	100.0
59.856614399992395	76.0	100.0
59.8762097999861	76.0	100.0
59.89607339998474	76.0	100.0
59.91744479999761	76.0	100.0
59.93492860000697	76.0	100.0
59.95563479998964	76.0	100.0
59.97604649999994	76.0	100.0
59.995937600004254	76.0	100.0
60.01545929998974	76.0	100.0
60.03631709999172	76.0	100.0
60.05649170000106	76.0	100.0
60.075729999982286	76.0	100.0
60.09560599998804	76.0	100.0
60.11607099999674	76.0	100.0
60.13631090000854	76.0	100.0
60.15600839999388	76.0	100.0
60.17565530000138	76.0	100.0
60.19488850000198	76.0	100.0
60.21502919998602	76.0	100.0
60.23493629999575	76.0	100.0
60.25545820000116	76.0	100.0
60.27521240001079	76.0	100.0
60.29502409999259	76.0	100.0
60.315848400001414	76.0	100.0
60.33579469998949	76.0	100.0
60.354871699993964	76.0	100.0
60.377805199997965	76.0	100.0
60.3938094000041	76.0	100.0
60.41556739999214	76.0	100.0
60.435491699987324	76.0	100.0
60.45553370000562	76.0	100.0
60.47597140001017	76.0	100.0
60.494232199998805	76.0	100.0
60.515818199986825	76.0	100.0
60.53524130000733	76.0	100.0
60.55819280000287	76.0	100.0
60.57604300000821	76.0	100.0
60.5961740000057	76.0	100.0
60.61554659999092	76.0	100.0
60.635756200004835	76.0	100.0
60.655036999989534	76.0	100.0
60.67484739999054	76.0	100.0
60.69556980000925	76.0	100.0
60.7155017000041	76.0	100.0
60.73510499999975	76.0	100.0
60.75708799998392	76.0	100.0
60.77650489998632	76.0	100.0
60.79325990000507	76.0	100.0
60.813575100008165	76.0	100.0
60.83187649998581	76.0	100.0
60.8518558999931	76.0	100.0
60.87233670000569	76.0	100.0
60.89269849998527	76.0	100.0
60.91346219999832	76.0	100.0
60.93423320000875	76.0	100.0
60.95488469998236	76.0	100.0
60.974137799988966	76.0	100.0
60.995870299986564	76.0	100.0
61.1828053999925	76.0	100.0
61.1828405999986	76.0	100.0
61.18285809998633	76.0	100.0
61.18287479999708	76.0	100.0
61.182891300006304	76.0	100.0
61.18290739998338	76.0	100.0
61.18292469999869	76.0	100.0
61.18294070000411	76.0	100.0
61.18295699998271	76.0	100.0
61.19816490000812	76.0	100.0
61.389818800002104	76.0	100.0
61.389882799994666	76.0	100.0
61.38991369999712	76.0	100.0
61.38993879998452	76.0	100.0
61.38996329999645	76.0	100.0
61.39165450001019	76.0	100.0
61.39167360001011	76.0	100.0
61.39168209998752	76.0	100.0
61.391689799987944	76.0	100.0
61.39707979999366	78.0	100.0
61.41646380000748	78.0	100.0
61.46241199999349	78.0	100.0
61.462459500005934	78.0	100.0
61.47612300000037	78.0	100.0
61.496200900000986	78.0	100.0
61.54555350000737	78.0	100.0
61.54560169999604	78.0	100.0
61.55529329998535	78.0	100.0
61.57424839999294	78.0	100.0
61.59606489998987	78.0	100.0
61.64753719998407	78.0	100.0
61.64759010000853	78.0	100.0
61.655634399998235	78.0	100.0
61.67570029999479	78.0	100.0
61.69591670000227	78.0	100.0
61.7493386999995	78.0	100.0
61.74938490000204	78.0	100.0
61.75780570000643	78.0	100.0
61.777702899998985	78.0	100.0
61.79695970000466	78.0	100.0
61.81619529999443	78.0	100.0
61.85163679998368	78.0	100.0
61.857186699984595	78.0	100.0
61.87695969999186	78.0	100.0
61.897019099997124	78.0	100.0
61.91708019998623	78.0	100.0
61.95486989998608	78.0	100.0
61.95703679998405	78.0	100.0
61.97619399998803	78.0	100.0
61.99700499998289	78.0	100.0
62.01672829999006	78.0	100.0
62.056825500010746	78.0	100.0
62.05684519998613	78.0	100.0
62.07548020000104	78.0	100.0
62.09603369998513	78.0	100.0
62.118903700000374	78.0	100.0
62.308523199986666	78.0	100.0
62.30855879999581	78.0	100.0
62.30857629998354	78.0	100.0
62.30859249999048	78.0	100.0
62.30860869999742	78.0	100.0
62.30862460000208	78.0	100.0
62.30864050000673	78.0	100.0
62.30866270000115	78.0	100.0
62.30867999998736	78.0	100.0
62.316399100003764	78.0	100.0
62.33689619999495	78.0	100.0
62.35675479998463	78.0	100.0
62.414167499984615	78.0	100.0
62.41418799999519	78.0	100.0
62.41616890000296	78.0	100.0
62.54888210000354	78.0	100.0
62.54890359999263	78.0	100.0
62.54891199999838	78.0	100.0
62.54892000000109	78.0	100.0
62.5489310999983	78.0	100.0
62.54893879999872	78.0	100.0
62.55675779999001	78.0	100.0
62.57561149998219	78.0	100.0
62.5960430999985	78.0	100.0
62.61610759998439	78.0	100.0
62.63748089998262	78.0	100.0
62.65801980000106	78.0	100.0
62.71685930000967	78.0	100.0
62.71690749999834	78.0	100.0
62.71693180000875	78.0	100.0
62.73705989998416	78.0	100.0
62.921887900010915	78.0	100.0
62.92192349999095	78.0	100.0
62.921941200009314	78.0	100.0
62.92196390000754	78.0	100.0
62.921982200001366	78.0	100.0
62.92199850000907	78.0	100.0
62.922014899988426	78.0	100.0
62.92203079999308	78.0	100.0
62.92204649999621	78.0	100.0
62.93862539998372	78.0	100.0
62.95799470000202	78.0	100.0
62.97656019998249	78.0	100.0
62.997352700011106	78.0	100.0
63.016496399999596	78.0	100.0
63.03760290000355	78.0	100.0
63.07194180000806	78.0	100.0
63.076645199995255	78.0	100.0
63.09782759999507	78.0	100.0
63.11559689999558	78.0	100.0
63.13588839999284	78.0	100.0
63.16599929999211	78.0	100.0
63.1776533999946	78.0	100.0
63.19749240000965	78.0	100.0
63.21627229999285	78.0	100.0
63.23637860000599	78.0	100.0
63.256680999998935	78.0	100.0
63.27608380001038	78.0	100.0
63.33057970000664	78.0	100.0
63.33059949998278	78.0	100.0
63.335661399993114	78.0	100.0
63.35650490000262	78.0	100.0
63.471893999987515	78.0	100.0
63.4719299999997	77.0	100.0
63.47194839999429	77.0	100.0
63.4719652000058	77.0	100.0
63.47198169998592	77.0	100.0
63.477109200000996	77.0	100.0
63.496005900000455	77.0	100.0
63.5165233000007	77.0	100.0
63.53619429998798	77.0	100.0
63.55835159998969	77.0	100.0
63.57670410000719	77.0	100.0
63.596802199986996	77.0	100.0
63.6422986999969	77.0	100.0
63.642319000005955	77.0	100.0
63.65604509998229	77.0	100.0
63.77950309999869	77.0	100.0
63.77952959999675	77.0	100.0
63.779538200004026	77.0	100.0
63.77954650000902	77.0	100.0
63.77955420000944	77.0	100.0
63.77956190000987	77.0	100.0
63.795527899987064	77.0	100.0
63.815981199993985	77.0	100.0
63.83548829998472	77.0	100.0
63.85664199999883	77.0	100.0
63.87606899999082	77.0	100.0
63.89653460000409	77.0	100.0
63.945292799995514	77.0	100.0
63.945312199997716	77.0	100.0
63.95705870000529	77.0	100.0
64.08517519998713	77.0	100.0
64.08521119999932	77.0	100.0
64.08522969999467	77.0	100.0
64.0852462000039	77.0	100.0
64.08526249998249	77.0	100.0
64.08527899999171	77.0	100.0
64.09538220000104	77.0	100.0
64.11617359999218	77.0	100.0
64.13539439998567	77.0	100.0
64.15607659998932	77.0	100.0
64.1759594999894	77.0	100.0
64.1960363999824	77.0	100.0
64.25740100000985	77.0	100.0
64.25743699999293	77.0	100.0
64.25745460001053	77.0	100.0
64.27602099999785	77.0	100.0
64.39257100000395	77.0	100.0
64.39261089998763	77.0	100.0
64.39269730000524	77.0	100.0
64.39271909999661	77.0	100.0
64.39273639998282	77.0	100.0
64.39753190000192	75.0	100.0
64.41594149998855	75.0	100.0
64.43584640001063	75.0	100.0
64.45583469999838	75.0	100.0
64.47624299998279	75.0	100.0
64.4954921999888	75.0	100.0
64.5158417999919	75.0	100.0
64.53628319999552	75.0	100.0
64.55610690001049	75.0	100.0
64.57669670000905	75.0	100.0
64.76727330000722	75.0	100.0
64.76732240000274	75.0	100.0
64.76734669998405	75.0	100.0
64.76737039998989	75.0	100.0
64.76739309998811	75.0	100.0
64.76741569998558	75.0	100.0
64.76743770000758	75.0	100.0
64.76746020000428	75.0	100.0
64.76748209999641	75.0	100.0
64.77613149999524	75.0	100.0
64.79572130000452	75.0	100.0
64.81496240000706	75.0	100.0
64.835894799995	75.0	100.0
64.87889170000562	75.0	100.0
64.8789385999844	75.0	100.0
64.89631399998325	75.0	100.0
65.01415770000312	75.0	100.0
65.01419180000084	75.0	100.0
65.01420959999086	75.0	100.0
65.0142346000066	75.0	100.0
65.01425109998672	75.0	100.0
65.01525589998346	75.0	100.0
65.03564539999934	75.0	100.0
65.05607940000482	75.0	100.0
65.07577339999261	75.0	100.0
65.12048650000361	75.0	100.0
65.12059849998332	75.0	100.0
65.13611259998288	75.0	100.0
65.15602560000843	75.0	100.0
65.17594549999922	75.0	100.0
65.19685330000357	75.0	100.0
65.21572939999169	75.0	100.0
65.23588399999426	75.0	100.0
65.25718330001109	75.0	100.0
65.27642959999503	75.0	100.0
65.2958401000069	75.0	100.0
65.31593240000075	75.0	100.0
65.33577129998594	75.0	100.0
65.35642880000523	75.0	100.0
65.37701709999237	75.0	100.0
65.39680300001055	74.0	100.0
65.41621120000491	74.0	100.0
65.43627869998454	74.0	100.0
65.45589459998882	74.0	100.0
65.47628129998338	74.0	100.0
65.49773030000506	74.0	100.0
65.51589829998557	74.0	100.0
65.53508370000054	74.0	100.0
65.55635269999038	74.0	100.0
65.57523779998883	74.0	100.0
65.59536760000628	74.0	100.0
65.61574829998426	74.0	100.0
65.63597149998532	74.0	100.0
65.6562130000093	74.0	100.0
65.67623710000771	74.0	100.0
65.69547509998665	74.0	100.0
65.71562339999946	74.0	100.0
65.73563650000142	74.0	100.0
65.75646109998343	74.0	100.0
65.77551330000279	74.0	100.0
65.79542579999543	74.0	100.0
65.81581979998737	74.0	100.0
65.83783740000217	74.0	100.0
65.85563209999236	74.0	100.0
65.87617770000361	74.0	100.0
65.89537009998458	74.0	100.0
65.91608480000286	74.0	100.0
65.93552080000518	74.0	100.0
65.95560690001003	74.0	100.0
65.97726949999924	74.0	100.0
65.99697330000345	74.0	100.0
66.01634699999704	74.0	100.0
66.03675229998771	74.0	100.0
66.05591289998847	74.0	100.0
66.07618519998505	74.0	100.0
66.09543610000401	74.0	100.0
66.11572010000236	74.0	100.0
66.135478399985	74.0	100.0
66.15608159999829	74.0	100.0
66.1753647000005	74.0	100.0
66.19582819999778	74.0	100.0
66.21567370000412	74.0	100.0
66.23578200000338	74.0	100.0
66.2557131999929	74.0	100.0
66.27664579998236	74.0	100.0
66.29588389999117	74.0	100.0
66.31673409999348	74.0	100.0
66.33630759999505	74.0	100.0
66.35624610001105	74.0	100.0
66.37669909998658	74.0	100.0
66.39683720000903	74.0	100.0
66.41571579998708	74.0	100.0
66.43618129999959	74.0	100.0
66.45596829999704	74.0	100.0
66.4757518999977	74.0	100.0
66.49568880000152	74.0	100.0
66.51678169998922	74.0	100.0
66.53532150000683	74.0	100.0
66.55759449998732	74.0	100.0
66.57554789999267	74.0	100.0
66.59541829998489	74.0	100.0
66.61555039999075	74.0	100.0
66.6360219999915	74.0	100.0
66.65574079999351	74.0	100.0
66.67547210000339	74.0	100.0
66.6965191999916	74.0	100.0
66.7157242000103	74.0	100.0
66.73595339999883	74.0	100.0
66.7569136999955	74.0	100.0
66.77403289999347	74.0	100.0
66.79657209999277	74.0	100.0
66.81587709998712	74.0	100.0
66.8357863999845	74.0	100.0
66.85571420000633	74.0	100.0
66.8758542999858	74.0	100.0
66.89493489998858	74.0	100.0
66.91545169998426	74.0	100.0
66.93578169998364	74.0	100.0
66.95599149999907	74.0	100.0
66.97496170000522	74.0	100.0
66.99587569999858	74.0	100.0
67.01550320000388	74.0	100.0
67.035744599998	74.0	100.0
67.0558514999866	74.0	100.0
67.07535229998757	74.0	100.0
67.09529369999655	74.0	100.0
67.11619040000369	74.0	100.0
67.13594869998633	74.0	100.0
67.15584829999716	74.0	100.0
67.17608609999297	74.0	100.0
67.19774919998599	74.0	100.0
67.21602890000213	74.0	100.0
67.23828799999319	74.0	100.0
67.25563199998578	74.0	100.0
67.27621149999322	74.0	100.0
67.29596699998365	74.0	100.0
67.31597850000253	74.0	100.0
67.33605129999341	74.0	100.0
67.35746790000121	74.0	100.0
67.37622730000294	74.0	100.0
67.39620789999026	76.0	100.0
67.416939799994	76.0	100.0
67.43779349999386	76.0	100.0
67.45646329998272	76.0	100.0
67.4760052000056	76.0	100.0
67.49764339998364	76.0	100.0
67.51574010000331	76.0	100.0
67.53559980000136	76.0	100.0
67.55583729999489	76.0	100.0
67.57500620000064	76.0	100.0
67.59576969998307	76.0	100.0
67.61483519998728	76.0	100.0
67.6354999000032	76.0	100.0
67.65594619998592	76.0	100.0
67.67553670000052	76.0	100.0
67.69635019998532	76.0	100.0
67.71540009998716	76.0	100.0
67.73545040001045	76.0	100.0
67.75649860000703	76.0	100.0
67.7768756999867	76.0	100.0
67.7958251000091	76.0	100.0
67.81549720000476	76.0	100.0
67.83624070000951	76.0	100.0
67.85628760000691	76.0	100.0
67.87568569998257	76.0	100.0
67.89557220001006	76.0	100.0
67.91599469998619	76.0	100.0
67.93549309999798	76.0	100.0
67.95619689999148	76.0	100.0
67.97593330001109	76.0	100.0
67.99601719999919	76.0	100.0
68.01590450000367	76.0	100.0
68.03591730000335	76.0	100.0
68.05759690000559	76.0	100.0
68.0777192999958	76.0	100.0
68.09558349999133	76.0	100.0
68.1154944000009	76.0	100.0
68.13552149999305	76.0	100.0
68.15557559998706	76.0	100.0
68.17534039999009	76.0	100.0
68.19900590000907	76.0	100.0
68.21484239998972	76.0	100.0
68.23559530000784	76.0	100.0
68.25544790001004	76.0	100.0
68.27579739998328	76.0	100.0
68.29423579998547	76.0	100.0
68.3157213999948	76.0	100.0
68.33588510000845	76.0	100.0
68.35687610000605	76.0	100.0
68.37688080000225	76.0	100.0
68.39692649999051	77.0	100.0
68.41608480000286	77.0	100.0
68.4359540999867	77.0	100.0
68.45591489999788	77.0	100.0
68.47613490000367	77.0	100.0
68.49594510000315	77.0	100.0
68.51599200000055	77.0	100.0
68.53504899999825	77.0	100.0
68.55611000000499	77.0	100.0
68.575079000002	77.0	100.0
68.59487919998355	77.0	100.0
68.61494919998222	77.0	100.0
68.63565009998274	77.0	100.0
68.65545190000557	77.0	100.0
68.67564559998573	77.0	100.0
68.69399209998664	77.0	100.0
68.71656959998654	77.0	100.0
68.73515329998918	77.0	100.0
68.75537150001037	77.0	100.0
68.77437959998497	77.0	100.0
68.79489879999892	77.0	100.0
68.81400149999536	77.0	100.0
68.83492600001046	77.0	100.0
68.85574939998332	77.0	100.0
68.87672289999318	77.0	100.0
68.89504199998919	77.0	100.0
68.91544419998536	77.0	100.0
68.93473660000018	77.0	100.0
68.95524779998232	77.0	100.0
68.97569399999338	77.0	100.0
68.99502229999052	77.0	100.0
69.01700259998324	77.0	100.0
69.03798329998972	77.0	100.0
69.05717499999446	77.0	100.0
69.07752389999223	77.0	100.0
69.0958924999868	77.0	100.0
69.11463659998844	77.0	100.0
69.13474030001089	77.0	100.0
69.15592200000538	77.0	100.0
69.17518329998711	77.0	100.0
69.1959613999934	77.0	100.0
69.21571469999617	77.0	100.0
69.23628509999253	77.0	100.0
69.255977599998	77.0	100.0
69.27546679999796	77.0	100.0
69.29514529998414	77.0	100.0
69.31576910000877	77.0	100.0
69.33563690001029	77.0	100.0
69.3559016000072	77.0	100.0
69.37594920000993	77.0	100.0
69.39698879999924	79.0	100.0
69.41601190000074	79.0	100.0
69.43586860000505	79.0	100.0
69.45587830001023	79.0	100.0
69.47575549999601	79.0	100.0
69.49556969999685	79.0	100.0
69.51605589999235	79.0	100.0
69.53519190000952	79.0	100.0
69.55702889998793	79.0	100.0
69.5747022999858	79.0	100.0
69.59459490000154	79.0	100.0
69.61422660000972	79.0	100.0
69.63550770000438	79.0	100.0
69.65489999999409	79.0	100.0
69.67489570000907	79.0	100.0
69.695914299984	79.0	100.0
69.71484919998329	79.0	100.0
69.7340745999827	79.0	100.0
69.75576490000822	79.0	100.0
69.77677460000268	79.0	100.0
69.79562540000188	79.0	100.0
69.81513619999168	79.0	100.0
69.83502649998991	79.0	100.0
69.854649099987	79.0	100.0
69.8741211000015	79.0	100.0
69.89645780000137	79.0	100.0
69.91647419999936	79.0	100.0
69.93555029999698	79.0	100.0
69.95563350000884	79.0	100.0
69.97402819999843	79.0	100.0
69.99636210000608	79.0	100.0
70.01372640000773	79.0	100.0
70.03852420000476	79.0	100.0
70.05547669998487	79.0	100.0
70.07437349998509	79.0	100.0
70.09278449998237	79.0	100.0
70.11533589998726	79.0	100.0
70.13456430000952	79.0	100.0
70.1554776999983	79.0	100.0
70.17451250000158	79.0	100.0
70.19449419999728	79.0	100.0
70.21496079998906	79.0	100.0
70.23641509999288	79.0	100.0
70.25576289999299	79.0	100.0
70.2755812999967	79.0	100.0
70.29541200000676	79.0	100.0
70.31604569999035	79.0	100.0
70.33829559999867	79.0	100.0
70.35594149999088	79.0	100.0
70.37687300000107	79.0	100.0
70.39598780000233	80.0	100.0
70.4177640999842	80.0	100.0
70.43590720000793	80.0	100.0
70.45606890000636	80.0	100.0
70.47579500000575	80.0	100.0
70.49562400000286	80.0	100.0
70.51560240000254	80.0	100.0
70.53506160000688	80.0	100.0
70.55708540001069	80.0	100.0
70.57709289999912	80.0	100.0
70.59591820000787	80.0	100.0
70.6175496999931	80.0	100.0
70.63541590000386	80.0	100.0
70.65617999999085	80.0	100.0
70.67539509999915	80.0	100.0
70.69557499999064	80.0	100.0
70.71582759998273	80.0	100.0
70.73502419999568	80.0	100.0
70.75545639998745	80.0	100.0
70.77401829999872	80.0	100.0
70.7952061999822	80.0	100.0
70.81576910000877	80.0	100.0
70.83490539999912	80.0	100.0
70.85480299999472	80.0	100.0
70.8758067000017	80.0	100.0
70.89515959998243	80.0	100.0
70.91430979999132	80.0	100.0
70.93508979998296	80.0	100.0
70.95590420000372	80.0	100.0
70.97530659998301	80.0	100.0
70.99557609998737	80.0	100.0
71.01595679999446	80.0	100.0
71.0374984999944	80.0	100.0
71.0568074999901	80.0	100.0
71.07619809999596	80.0	100.0
71.095281899994	80.0	100.0
71.11551979999058	80.0	100.0
71.13435800001025	80.0	100.0
71.15602039999794	80.0	100.0
71.1744267999893	80.0	100.0
71.19611399999121	80.0	100.0
71.21506139999838	80.0	100.0
71.23590659999172	80.0	100.0
71.25549290000345	80.0	100.0
71.27472409998882	80.0	100.0
71.29406789998757	80.0	100.0
71.31561369998963	80.0	100.0
71.33608079998521	80.0	100.0
71.35625370001071	80.0	100.0
71.37632039998425	80.0	100.0
71.39704869998968	80.0	100.0
71.41565320000518	80.0	100.0
71.43686620000517	80.0	100.0
71.4563163999992	80.0	100.0
71.476113599987	80.0	100.0
71.4960318999947	80.0	100.0
71.51587209998979	80.0	100.0
71.5358750000014	80.0	100.0
71.55605529999593	80.0	100.0
71.57570089999354	80.0	100.0
71.59596619999502	80.0	100.0
71.61595889998716	80.0	100.0
71.63674560000072	80.0	100.0
71.65563389999443	80.0	100.0
71.67600000000675	80.0	100.0
71.69428279998829	80.0	100.0
71.71499320000294	80.0	100.0
71.73574090001057	80.0	100.0
71.75735500000883	80.0	100.0
71.77675479999743	80.0	100.0
71.7972397999838	80.0	100.0
71.81608280001092	80.0	100.0
71.84954100000323	80.0	100.0
71.85600969998632	80.0	100.0
71.875950799993	80.0	100.0
71.89551090000896	80.0	100.0
71.9167266000004	80.0	100.0
71.9354250000033	80.0	100.0
71.95612230000552	80.0	100.0
71.97599350000382	80.0	100.0
71.99533999999403	80.0	100.0
72.0173996000085	80.0	100.0
72.03607639999245	80.0	100.0
72.05603269999847	80.0	100.0
72.07748069998343	80.0	100.0
72.09663509999518	80.0	100.0
72.11813329998404	80.0	100.0
72.13533640000969	80.0	100.0
72.1557649000024	80.0	100.0
72.1755809999886	80.0	100.0
72.19570270000258	80.0	100.0
72.21599589998368	80.0	100.0
72.235586099996	80.0	100.0
72.255977599998	80.0	100.0
72.27593850000994	80.0	100.0
72.29550370000652	80.0	100.0
72.31535449999501	80.0	100.0
72.33575060000294	80.0	100.0
72.35472319999826	80.0	100.0
72.37662599998293	80.0	100.0
72.39710110001033	78.0	100.0
72.4156044999836	78.0	100.0
72.43591919998289	78.0	100.0
72.45603440000559	78.0	100.0
72.47602830000687	78.0	100.0
72.49604739999631	78.0	100.0
72.51616559998365	78.0	100.0
72.53695459998562	78.0	100.0
72.55816549999872	78.0	100.0
72.57601839999552	78.0	100.0
72.59591609999188	78.0	100.0
72.61744899998303	78.0	100.0
72.63624560000608	78.0	100.0
72.65651460000663	78.0	100.0
72.67619309999282	78.0	100.0
72.69592349999584	78.0	100.0
72.71565579998423	78.0	100.0
72.73539590000291	78.0	100.0
72.75545269998838	78.0	100.0
72.77501839998877	78.0	100.0
72.79524569999194	78.0	100.0
72.81397459999425	78.0	100.0
72.83560510000098	78.0	100.0
72.85567489999812	78.0	100.0
72.87619949999498	78.0	100.0
72.89512729999842	78.0	100.0
72.91579669999192	78.0	100.0
72.93575109998346	78.0	100.0
72.95634000000427	78.0	100.0
72.97501870000269	78.0	100.0
72.99412489999668	78.0	100.0
73.01564450000296	78.0	100.0
73.03589739999734	78.0	100.0
73.05573550000554	78.0	100.0
73.07539429998724	78.0	100.0
73.09523790000821	78.0	100.0
73.11628670000937	78.0	100.0
73.13500619999832	78.0	100.0
73.15594749999582	78.0	100.0
73.17759479998494	78.0	100.0
73.19418739998946	78.0	100.0
73.21452229999704	78.0	100.0
73.23597479998716	78.0	100.0
73.25550329999533	78.0	100.0
73.27551849998417	78.0	100.0
73.29564409999875	78.0	100.0
73.31603459999315	78.0	100.0
73.33526699998765	78.0	100.0
73.35594680000213	78.0	100.0
73.377204599994	78.0	100.0
73.39624010000261	77.0	100.0
73.4156948000018	77.0	100.0
73.43555759999435	77.0	100.0
73.45581099999254	77.0	100.0
73.47575109999161	77.0	100.0
73.49576859999797	77.0	100.0
73.51527760000317	77.0	100.0
73.5359124999959	77.0	100.0
73.5556752999837	77.0	100.0
73.57588479999686	77.0	100.0
73.59602309999173	77.0	100.0
73.61564639999415	77.0	100.0
73.63566110000829	77.0	100.0
73.65539629998966	77.0	100.0
73.67544150000322	77.0	100.0
73.6960121000011	77.0	100.0
73.71572509998805	77.0	100.0
73.73584670000128	77.0	100.0
73.75696510000853	77.0	100.0
73.7758508999832	77.0	100.0
73.79584310000064	77.0	100.0
73.81543139999849	77.0	100.0
73.83494999998948	77.0	100.0
73.85539399998379	77.0	100.0
73.87586369999917	77.0	100.0
73.89586190000409	77.0	100.0
73.91658399999142	77.0	100.0
73.93435319999116	77.0	100.0
73.95603460000711	77.0	100.0
73.97499580000294	77.0	100.0
73.99672979998286	77.0	100.0
74.01552349998383	77.0	100.0
74.03413939999882	77.0	100.0
74.0559280999878	77.0	100.0
74.07616480000434	77.0	100.0
74.09577119999449	77.0	100.0
74.11579859998892	77.0	100.0
74.13535689999117	77.0	100.0
74.15557770000305	77.0	100.0
74.1743843999866	77.0	100.0
74.19412510000984	77.0	100.0
74.21167319998494	77.0	100.0
74.23144299999694	77.0	100.0
74.25593149999622	77.0	100.0
74.27483680000296	77.0	100.0
74.2959140999883	77.0	100.0
74.31603379998705	77.0	100.0
74.33766200000537	77.0	100.0
74.3559403999825	77.0	100.0
74.37747800000943	77.0	100.0
74.39638469999772	76.0	100.0
74.41603880000184	76.0	100.0
74.43599150000955	76.0	100.0
74.4558512000076	76.0	100.0
74.47579339999356	76.0	100.0
74.49525089998497	76.0	100.0
74.5155892999901	76.0	100.0
74.53432249999605	76.0	100.0
74.55639129999327	76.0	100.0
74.57521829998586	76.0	100.0
74.59431389998645	76.0	100.0
74.61546719999751	76.0	100.0
74.63558400000329	76.0	100.0
74.65542759999516	76.0	100.0
74.67615670000669	76.0	100.0
74.69561309998971	76.0	100.0
74.72030709998216	76.0	100.0
74.73572379999678	76.0	100.0
74.75564089999534	76.0	100.0
74.77492649998749	76.0	100.0
74.79543009999907	76.0	100.0
74.81606389998342	76.0	100.0
74.83548360000714	76.0	100.0
74.8557976000011	76.0	100.0
74.87568629998714	76.0	100.0
74.89528820000123	76.0	100.0
74.91584969998803	76.0	100.0
74.93498920000275	76.0	100.0
74.95616919998429	76.0	100.0
74.97523509999155	76.0	100.0
74.99577919999138	76.0	100.0
75.01565389998723	76.0	100.0
75.0359080999915	76.0	100.0
75.05581309998524	76.0	100.0
75.0752732999972	76.0	100.0
75.09502310000244	76.0	100.0
75.11515430000145	76.0	100.0
75.13583230000222	76.0	100.0
75.15705479998724	76.0	100.0
75.17559910001	76.0	100.0
75.1958265999856	76.0	100.0
75.21598119998816	76.0	100.0
75.23574810000719	76.0	100.0
75.25598839999293	76.0	100.0
75.27624459998333	76.0	100.0
75.29593160000513	76.0	100.0
75.31583820001106	76.0	100.0
75.33627020000131	76.0	100.0
75.35627289998229	76.0	100.0
75.37731519999215	76.0	100.0
75.3973083999881	75.0	100.0
75.41587170001003	75.0	100.0
75.43603290000465	75.0	100.0
75.45855459998711	75.0	100.0
75.47607000000426	75.0	100.0
75.49595290000434	75.0	100.0
75.51587709999876	75.0	100.0
75.53583390000858	75.0	100.0
75.55866509999032	75.0	100.0
75.57582480000565	75.0	100.0
75.59588660000009	75.0	100.0
75.61600700000417	75.0	100.0
75.63612690000446	75.0	100.0
75.65586549998261	75.0	100.0
75.67595649999566	75.0	100.0
75.69583989999956	75.0	100.0
75.7167528999853	75.0	100.0
75.73415539998678	75.0	100.0
75.75700519999373	75.0	100.0
75.7759010999871	75.0	100.0
75.7958563999855	75.0	100.0
75.81593599999906	75.0	100.0
75.83587549999356	75.0	100.0
75.85588879999705	75.0	100.0
75.88050349999685	75.0	100.0
75.8968302999856	75.0	100.0
75.915923499997	75.0	100.0
75.93595250000362	75.0	100.0
75.95626579999225	75.0	100.0
75.97545249998802	75.0	100.0
75.99591209998471	75.0	100.0
76.01489950000541	75.0	100.0
76.03568199998699	75.0	100.0
76.05564129998675	75.0	100.0
76.07555199999479	75.0	100.0
76.09506629998214	75.0	100.0
76.11619559998508	75.0	100.0
76.13587769999867	75.0	100.0
76.15627959999256	75.0	100.0
76.17588769999566	75.0	100.0
76.19588250000379	75.0	100.0
76.21652819999144	75.0	100.0
76.23599469999317	75.0	100.0
76.25562250000075	75.0	100.0
76.27537779998966	75.0	100.0
76.2956695999892	75.0	100.0
76.31617730000289	75.0	100.0
76.3349778999982	75.0	100.0
76.35596960000112	75.0	100.0
76.37635529998806	75.0	100.0
76.39628640000592	74.0	100.0
76.41547350000474	74.0	100.0
76.43549909998546	74.0	100.0
76.45572810000158	74.0	100.0
76.47574970001006	74.0	100.0
76.49528579998878	74.0	100.0
76.51587400000426	74.0	100.0
76.53569729998708	74.0	100.0
76.55669930001022	74.0	100.0
76.57500099999015	74.0	100.0
76.59571439999854	74.0	100.0
76.61532199999783	74.0	100.0
76.63591909999377	74.0	100.0
76.65638979998766	74.0	100.0
76.67596039999626	74.0	100.0
76.69481089999317	74.0	100.0
76.71573550000903	74.0	100.0
76.73552439999185	74.0	100.0
76.75693060000776	74.0	100.0
76.7759543999855	74.0	100.0
76.79547549999552	74.0	100.0
76.8149398000096	74.0	100.0
76.83534349998808	74.0	100.0
76.85575399998925	74.0	100.0
76.87539519998245	74.0	100.0
76.89547449999372	74.0	100.0
76.91584080000757	74.0	100.0
76.9352901999955	74.0	100.0
76.9561684000073	74.0	100.0
76.97562330000801	74.0	100.0
76.99570629998925	74.0	100.0
77.01545040000929	74.0	100.0
77.03562499998952	74.0	100.0
77.05582529999083	74.0	100.0
77.07579420000548	74.0	100.0
77.095155899995	74.0	100.0
77.11568369998713	74.0	100.0
77.1357493000105	74.0	100.0
77.15599860000657	74.0	100.0
77.17539799999213	74.0	100.0
77.19619069999317	74.0	100.0
77.21518999998807	74.0	100.0
77.23594539999613	74.0	100.0
77.25679340001079	74.0	100.0
77.27600149999489	74.0	100.0
77.29609119999805	74.0	100.0
77.31615559998318	74.0	100.0
77.33537809998961	74.0	100.0
77.35605619999114	74.0	100.0
77.37809569999808	74.0	100.0
77.39637329999823	73.0	100.0
77.41554909999832	73.0	100.0
77.43604279999272	73.0	100.0
77.4559357999824	73.0	100.0
77.47578559999238	73.0	100.0
77.4955775999988	73.0	100.0
77.51698660000693	73.0	100.0
77.53582200000528	73.0	100.0
77.55672249998315	73.0	100.0
77.57701010000892	73.0	100.0
77.59626590000698	73.0	100.0
77.61588269998902	73.0	100.0
77.63556480000261	73.0	100.0
77.65583360000164	73.0	100.0
77.67591419999371	73.0	100.0
77.69563129998278	73.0	100.0
77.71561789998668	73.0	100.0
77.73550189999514	73.0	100.0
77.75552169998991	73.0	100.0
77.77806539999438	73.0	100.0
77.79591210000217	73.0	100.0
77.81522069999482	73.0	100.0
77.83503849999397	73.0	100.0
77.85527050000383	73.0	100.0
77.87599999998929	73.0	100.0
77.89574499998707	73.0	100.0
77.91591399998288	73.0	100.0
77.93600200000219	73.0	100.0
77.9561071000062	73.0	100.0
77.97596000001067	73.0	100.0
77.99727359999088	73.0	100.0
78.01713349999045	73.0	100.0
78.03594559998601	73.0	100.0
78.05620200000703	73.0	100.0
78.07596749998629	73.0	100.0
78.09606589999748	73.0	100.0
78.11599769999157	73.0	100.0
78.13584959998843	73.0	100.0
78.15612949998467	73.0	100.0
78.17626159999054	73.0	100.0
78.19656579999719	73.0	100.0
78.21831570001086	73.0	100.0
78.23770850000437	73.0	100.0
78.25500730000203	73.0	100.0
78.27613959999871	73.0	100.0
78.29762569998275	73.0	100.0
78.31593109999085	73.0	100.0
78.33653549998417	73.0	100.0
78.35642959998222	73.0	100.0
78.37741570000071	73.0	100.0
78.39716639998369	74.0	100.0
78.41596549999667	74.0	100.0
78.43590449998737	74.0	100.0
78.45721230001072	74.0	100.0
78.47585809999146	74.0	100.0
78.49572539998917	74.0	100.0
78.51598870000453	74.0	100.0
78.53585729998304	74.0	100.0
78.55773380000028	74.0	100.0
78.57589720000396	74.0	100.0
78.59597319999011	74.0	100.0
78.61628960000235	74.0	100.0
78.63593190000392	74.0	100.0
78.65583390000393	74.0	100.0
78.67571789998328	74.0	100.0
78.69584070000565	74.0	100.0
78.71620329999132	74.0	100.0
78.73587440000847	74.0	100.0
78.75676389998989	74.0	100.0
78.77563220000593	74.0	100.0
78.79562099999748	74.0	100.0
78.81562939999276	74.0	100.0
78.83557540000766	74.0	100.0
78.85569039999973	74.0	100.0
78.8751842000056	74.0	100.0
78.8953055999882	74.0	100.0
78.9155718999973	74.0	100.0
78.93581379999523	74.0	100.0
78.95595040000626	74.0	100.0
78.9755562999926	74.0	100.0
78.99556909999228	74.0	100.0
79.01576099998783	74.0	100.0
79.03539929998806	74.0	100.0
79.05609259998892	74.0	100.0
79.07529259999865	74.0	100.0
79.09560450000572	74.0	100.0
79.11677729999064	74.0	100.0
79.13551019999431	74.0	100.0
79.15570519998437	74.0	100.0
79.17566189999343	74.0	100.0
79.19521639999584	74.0	100.0
79.2190922999871	74.0	100.0
79.2376127000025	74.0	100.0
79.25842120000743	74.0	100.0
79.27315090000047	74.0	100.0
79.29438919998938	74.0	100.0
79.3128960999893	74.0	100.0
79.32984409999335	74.0	100.0
79.3509017000033	74.0	100.0
79.37492709999788	74.0	100.0
79.39465430000564	74.0	100.0
79.41513849998591	74.0	100.0
79.433804100001	74.0	100.0
79.45555449998938	74.0	100.0
79.47701410000445	74.0	100.0
79.49584369998774	74.0	100.0
79.515868699993	74.0	100.0
79.53693820000626	74.0	100.0
79.5560809999879	74.0	100.0
79.57586979999905	74.0	100.0
79.59613510000054	74.0	100.0
79.61607489999733	74.0	100.0
79.63604310000665	74.0	100.0
79.6568280000065	74.0	100.0
79.67617610000889	74.0	100.0
79.69582699998864	74.0	100.0
79.71713319999981	74.0	100.0
79.73620089999167	74.0	100.0
79.75617380000767	74.0	100.0
79.77494740000111	74.0	100.0
79.79512779999641	74.0	100.0
79.81615779999993	74.0	100.0
79.83696610000334	74.0	100.0
79.85628519998863	74.0	100.0
79.8761062999838	74.0	100.0
79.89696469999035	74.0	100.0
79.91606819999288	74.0	100.0
79.93588899998576	74.0	100.0
79.95669259998249	74.0	100.0
79.97572119999677	74.0	100.0
79.99598519998835	74.0	100.0
80.01584010000806	74.0	100.0
80.03852289999486	74.0	100.0
80.05588090000674	74.0	100.0
80.07611729999189	74.0	100.0
80.09593849998782	74.0	100.0
80.11915879999287	74.0	100.0
80.13605780000216	74.0	100.0
80.15665789999184	74.0	100.0
80.1758845000004	74.0	100.0
80.19611809999333	74.0	100.0
80.21547870000359	74.0	100.0
80.23554080000031	74.0	100.0
80.25645749998512	74.0	100.0
80.27570769999875	74.0	100.0
80.29656779998913	74.0	100.0
80.31663210000261	74.0	100.0
80.3359392999846	74.0	100.0
80.35621739999624	74.0	100.0
80.37691789999371	74.0	100.0
80.39679530001013	74.0	100.0
80.4164696999942	74.0	100.0
80.43619839998428	74.0	100.0
80.45646039998974	74.0	100.0
80.47579530000803	74.0	100.0
80.49592700001085	74.0	100.0
80.51544170000125	74.0	100.0
80.53584579998278	74.0	100.0
80.55678429998807	74.0	100.0
80.5757076999871	74.0	100.0
80.5994367999956	74.0	100.0
80.61593949998496	74.0	100.0
80.63606679998338	74.0	100.0
80.65587099999539	74.0	100.0
80.67595099998289	74.0	100.0
80.69587950001005	74.0	100.0
80.71578769999905	74.0	100.0
80.73577120000846	74.0	100.0
80.75635270000203	74.0	100.0
80.77562999998918	74.0	100.0
80.79601580000599	74.0	100.0
80.81614750000881	74.0	100.0
80.83579149999423	74.0	100.0
80.8575220000057	74.0	100.0
80.87620709999464	74.0	100.0
80.89556119998451	74.0	100.0
80.91585990000749	74.0	100.0
80.93554360000417	74.0	100.0
80.95621450000908	74.0	100.0
80.97592649998842	74.0	100.0
80.99582789998385	74.0	100.0
81.01538719999371	74.0	100.0
81.03586840000935	74.0	100.0
81.05737570000929	74.0	100.0
81.07616339999367	74.0	100.0
81.0950751999917	74.0	100.0
81.11403470000369	74.0	100.0
81.13600030000089	74.0	100.0
81.15330689999973	74.0	100.0
81.17341180000221	74.0	100.0
81.19538620000822	74.0	100.0
81.21679889998632	74.0	100.0
81.23828709998634	74.0	100.0
81.25794929999392	74.0	100.0
81.27633769999375	74.0	100.0
81.29491369999596	74.0	100.0
81.31664440000895	74.0	100.0
81.33826349998708	74.0	100.0
81.35740680000163	74.0	100.0
81.37679109998862	74.0	100.0
81.39744870000868	74.0	100.0
81.41588489999413	74.0	100.0
81.43693930000882	74.0	100.0
81.45684510000865	74.0	100.0
81.47616669998388	74.0	100.0
81.49586809999892	74.0	100.0
81.51612909999676	74.0	100.0
81.53523720000521	74.0	100.0
81.5573710000026	74.0	100.0
81.57592979999026	74.0	100.0
81.59583959999145	74.0	100.0
81.61543259999598	74.0	100.0
81.63769149998552	74.0	100.0
81.65680319999228	74.0	100.0
81.67673639999703	74.0	100.0
81.69586579999304	74.0	100.0
81.71687209999072	74.0	100.0
81.73602119999123	74.0	100.0
81.75617859998601	74.0	100.0
81.77225350000663	74.0	100.0
81.79265819999273	74.0	100.0
81.81246620000456	74.0	100.0
81.832737299992	74.0	100.0
81.85486329998821	74.0	100.0
81.87642359998426	74.0	100.0
81.89600949999294	74.0	100.0
81.91751880000811	74.0	100.0
81.93684650000068	74.0	100.0
81.95710080000572	74.0	100.0
81.9756153000053	74.0	100.0
81.99629589999677	74.0	100.0
82.01588679998531	74.0	100.0
82.03575499998988	74.0	100.0
82.05614139998215	74.0	100.0
82.07592679999652	74.0	100.0
82.09581440000329	74.0	100.0
82.11743399998522	74.0	100.0
82.13592689999496	74.0	100.0
82.15734289999818	74.0	100.0
82.17669369999203	74.0	100.0
82.19601640000474	74.0	100.0
82.2159673999995	74.0	100.0
82.2368717000063	74.0	100.0
82.2567424000008	74.0	100.0
82.27706699998816	74.0	100.0
82.29634609998902	74.0	100.0
82.31638639999437	74.0	100.0
82.33587609999813	74.0	100.0
82.35745599999791	74.0	100.0
82.37741149999783	74.0	100.0
82.39791040000273	74.0	100.0
82.41745559999254	74.0	100.0
82.4369827999908	74.0	100.0
82.45680489999359	74.0	100.0
82.47724430001108	74.0	100.0
82.49611559999175	74.0	100.0
82.5161739999894	74.0	100.0
82.53678729999228	74.0	100.0
82.55741429998307	74.0	100.0
82.5763539999898	74.0	100.0
82.59844539998448	74.0	100.0
82.61587579999468	74.0	100.0
82.6370299999835	74.0	100.0
82.65698130000965	74.0	100.0
82.67711749998853	74.0	100.0
82.69632519999868	74.0	100.0
82.71741949999705	74.0	100.0
82.73591980000492	74.0	100.0
82.75696329999482	74.0	100.0
82.77693379999255	74.0	100.0
82.8003316000104	74.0	100.0
82.81626719998894	74.0	100.0
82.83710679999785	74.0	100.0
82.85699999998906	74.0	100.0
82.87617780000437	74.0	100.0
82.89696099999128	74.0	100.0
82.91689779999433	74.0	100.0
82.9359972999955	74.0	100.0
82.95749840000644	74.0	100.0
82.97584619998815	74.0	100.0
82.99695890001021	74.0	100.0
83.01687339998898	74.0	100.0
83.03682020000997	74.0	100.0
83.05673889999161	74.0	100.0
83.07766829998582	74.0	100.0
83.09687720000511	74.0	100.0
83.11703359999228	74.0	100.0
83.13671570000588	74.0	100.0
83.15709669998614	74.0	100.0
83.17594389998703	74.0	100.0
83.19756679999409	74.0	100.0
83.21599269998842	74.0	100.0
83.23676689999411	74.0	100.0
83.25744749998557	74.0	100.0
83.27686720000929	74.0	100.0
83.2958851000003	74.0	100.0
83.31704510000418	74.0	100.0
83.33583649998764	74.0	100.0
83.35720050000236	74.0	100.0
83.3768340999959	74.0	100.0
83.39721239998471	74.0	100.0
83.41746039999998	74.0	100.0
83.43592200000421	74.0	100.0
83.45589149999432	74.0	100.0
83.47686359999352	74.0	100.0
83.49681419998524	74.0	100.0
83.51656679998268	74.0	100.0
83.53595240000868	74.0	100.0
83.55751909999526	74.0	100.0
83.57616379999672	74.0	100.0
83.5961665000068	74.0	100.0
83.61600099998759	74.0	100.0
83.63629689998925	74.0	100.0
83.65578649999225	74.0	100.0
83.67593170001055	74.0	100.0
83.69554549999884	74.0	100.0
83.71576049999567	74.0	100.0
83.73733219999122	74.0	100.0
83.75597800000105	74.0	100.0
83.77554669999518	74.0	100.0
83.79576549999183	74.0	100.0
83.81573129998287	74.0	100.0
83.83578739999211	74.0	100.0
83.85639490000904	74.0	100.0
83.87480210000649	74.0	100.0
83.89698570000473	74.0	100.0
83.91618719999678	74.0	100.0
83.93706840000232	74.0	100.0
83.95593470000313	74.0	100.0
83.97590449999552	74.0	100.0
83.996808099997	74.0	100.0
84.01612349998322	74.0	100.0
84.03697650000686	74.0	100.0
84.0558546000102	74.0	100.0
84.07625159999589	74.0	100.0
84.09713519999059	74.0	100.0
84.11322979998658	74.0	100.0
84.13575089999358	74.0	100.0
84.15646820000256	74.0	100.0
84.17539099999703	74.0	100.0
84.19568830000935	74.0	100.0
84.21591179998359	74.0	100.0
84.23678979999386	74.0	100.0
84.25645069999155	74.0	100.0
84.27878259998397	74.0	100.0
84.29598870000336	74.0	100.0
84.32679960000678	74.0	100.0
84.34012310000253	74.0	100.0
84.3590239000041	74.0	100.0
84.37693239998771	74.0	100.0
84.39723179998691	74.0	100.0
84.41504880000139	74.0	100.0
84.43752169999061	74.0	100.0
84.45736709999619	74.0	100.0
84.47675149998395	74.0	100.0
84.49580730000162	74.0	100.0
84.51719459999003	74.0	100.0
84.53615910001099	74.0	100.0
84.5573679000081	74.0	100.0
84.57616389999748	74.0	100.0
84.5957083000103	74.0	100.0
84.61552550000488	74.0	100.0
84.63590719999047	74.0	100.0
84.65594989998499	74.0	100.0
84.6757351999986	74.0	100.0
84.69578639999963	74.0	100.0
84.71587200000067	74.0	100.0
84.73593209998216	74.0	100.0
84.7575516999932	74.0	100.0
84.77591979998397	74.0	100.0
84.79607539999415	74.0	100.0
84.81551809998928	74.0	100.0
84.83582549999119	74.0	100.0
84.85617280000588	74.0	100.0
84.87617559998762	74.0	100.0
84.89575480000349	74.0	100.0
84.91565579999587	74.0	100.0
84.93590819998644	74.0	100.0
84.95633079999243	74.0	100.0
84.97558830000344	74.0	100.0
84.99599470000248	74.0	100.0
85.01551540000946	74.0	100.0
85.03591209999286	74.0	100.0
85.05656070000259	74.0	100.0
85.07578399998602	74.0	100.0
85.09536000000662	74.0	100.0
85.1160843000107	74.0	100.0
85.13556279998738	74.0	100.0
85.15837709998596	74.0	100.0
85.17578339998727	74.0	100.0
85.19605729999603	74.0	100.0
85.21585609999602	74.0	100.0
85.23716180000338	74.0	100.0
85.2560634999827	74.0	100.0
85.27646369999275	74.0	100.0
85.29568939999444	74.0	100.0
85.31592880000244	74.0	100.0
85.33749899998656	74.0	100.0
85.35802369998419	74.0	100.0
85.3770874000038	74.0	100.0
85.39753260000725	75.0	100.0
85.41705009998986	75.0	100.0
85.43700889998581	75.0	100.0
85.4568164999946	75.0	100.0
85.47725369999534	75.0	100.0
85.49682659999235	75.0	100.0
85.51670720000402	75.0	100.0
85.53591750000487	75.0	100.0
85.5569784999825	75.0	100.0
85.57598019999568	75.0	100.0
85.59690020000562	75.0	100.0
85.61623200000031	75.0	100.0
85.63674879999598	75.0	100.0
85.6567412999866	75.0	100.0
85.6767017999955	75.0	100.0
85.69565380000859	75.0	100.0
85.71706970001105	75.0	100.0
85.73583299998427	75.0	100.0
85.75734280000324	75.0	100.0
85.77591419999953	75.0	100.0
85.79683720000321	75.0	100.0
85.81586020000395	75.0	100.0
85.83677590001025	75.0	100.0
85.8558795999852	75.0	100.0
85.87688900000649	75.0	100.0
85.89681040000869	75.0	100.0
85.91582819999894	75.0	100.0
85.93611509999027	75.0	100.0
85.95750650000991	75.0	100.0
85.97808040000382	75.0	100.0
85.99674060000689	75.0	100.0
86.01583309998387	75.0	100.0
86.03707369999029	75.0	100.0
86.05751179999788	75.0	100.0
86.07606540000415	75.0	100.0
86.09745639999164	75.0	100.0
86.1171566999983	75.0	100.0
86.13593970000511	75.0	100.0
86.16012879999471	75.0	100.0
86.17584399998304	75.0	100.0
86.19606950000161	75.0	100.0
86.21539430000121	75.0	100.0
86.23348799999803	75.0	100.0
86.25632849999238	75.0	100.0
86.27570470000501	75.0	100.0
86.2957647999865	75.0	100.0
86.31623120000586	75.0	100.0
86.33600730000762	75.0	100.0
86.36139010000625	75.0	100.0
86.37717389999307	75.0	100.0
86.39747589998296	75.0	100.0
86.41610609999043	75.0	100.0
86.43722540000454	75.0	100.0
86.45617069999571	75.0	100.0
86.47702479999862	75.0	100.0
86.49622219998855	75.0	100.0
86.51634669999476	75.0	100.0
86.53826149998349	75.0	100.0
86.55655280000065	75.0	100.0
86.57557519999682	75.0	100.0
86.59601079998538	75.0	100.0
86.61600350000663	75.0	100.0
86.63569699999061	75.0	100.0
86.65581009999732	75.0	100.0
86.67608699999982	75.0	100.0
86.69594569999026	75.0	100.0
86.71633540000767	75.0	100.0
86.73578389998875	75.0	100.0
86.75619710001047	75.0	100.0
86.77617800000007	75.0	100.0
86.79683109998587	75.0	100.0
86.81348270000308	75.0	100.0
86.83646279998356	75.0	100.0
86.85708899999736	75.0	100.0
86.87668419998954	75.0	100.0
86.89896799999406	75.0	100.0
86.91638569999486	75.0	100.0
86.93548690000898	75.0	100.0
86.9562203999958	75.0	100.0
86.97586659999797	75.0	100.0
86.99670749998768	75.0	100.0
87.0168391999905	75.0	100.0
87.03775819999282	75.0	100.0
87.0607694000064	75.0	100.0
87.07597710000118	75.0	100.0
87.0960749000078	75.0	100.0
87.11680449999403	75.0	100.0
87.13587249998818	75.0	100.0
87.15652479999699	75.0	100.0
87.17537889999221	75.0	100.0
87.19599839998409	75.0	100.0
87.2156149999937	75.0	100.0
87.23648069999763	75.0	100.0
87.25644920000923	75.0	100.0
87.27604870000505	75.0	100.0
87.2956462999864	75.0	100.0
87.31677410000702	75.0	100.0
87.34210919999168	75.0	100.0
87.35811949998606	75.0	100.0
87.37718889999087	75.0	100.0
87.39725569999428	75.0	100.0
87.41706649999833	75.0	100.0
87.43678960000398	75.0	100.0
87.45771990000503	75.0	100.0
87.47724300000118	75.0	100.0
87.49677739999606	75.0	100.0
87.51644259999739	75.0	100.0
87.53675299999304	75.0	100.0
87.56000669999048	75.0	100.0
87.57614250000915	75.0	100.0
87.59582039999077	75.0	100.0
87.61592229999951	75.0	100.0
87.63644169998588	75.0	100.0
87.65610309998738	75.0	100.0
87.67604869999923	75.0	100.0
87.69630710000638	75.0	100.0
87.71620840000105	75.0	100.0
87.73594330000924	75.0	100.0
87.75643509998918	75.0	100.0
87.7764526999963	75.0	100.0
87.79585279998719	75.0	100.0
87.81601209999644	75.0	100.0
87.83622239998658	75.0	100.0
87.85618400000385	75.0	100.0
87.87628369999584	75.0	100.0
87.89578039999469	75.0	100.0
87.91622680000728	75.0	100.0
87.93638890000875	75.0	100.0
87.95638230000623	75.0	100.0
87.9759100000083	75.0	100.0
87.99679720000131	75.0	100.0
88.01582159998361	75.0	100.0
88.03730460000224	75.0	100.0
88.05737329999101	75.0	100.0
88.07682339998428	75.0	100.0
88.09665039999527	75.0	100.0
88.1169813000015	75.0	100.0
88.13626239998848	75.0	100.0
88.1569376999978	75.0	100.0
88.17550300000585	75.0	100.0
88.19580119999591	75.0	100.0
88.2163731000037	75.0	100.0
88.23755769999116	75.0	100.0
88.25759940000717	75.0	100.0
88.27710929999012	75.0	100.0
88.29752120000194	75.0	100.0
88.3165258000081	75.0	100.0
88.33731889998307	75.0	100.0
88.35637699998915	75.0	100.0
88.3774640999909	75.0	100.0
88.39690900000278	74.0	100.0
88.41672000000835	74.0	100.0
88.43657590000657	74.0	100.0
88.45683390001068	74.0	100.0
88.47689980000723	74.0	100.0
88.49618799999007	74.0	100.0
88.51660509998328	74.0	100.0
88.53747809998458	74.0	100.0
88.55761489999713	74.0	100.0
88.57727829998475	74.0	100.0
88.5970846999844	74.0	100.0
88.61702489998424	74.0	100.0
88.63975159998517	74.0	100.0
88.65807700000005	74.0	100.0
88.67735389998415	74.0	100.0
88.69749719998799	74.0	100.0
88.71757069998421	74.0	100.0
88.7374007999897	74.0	100.0
88.75683160001063	74.0	100.0
88.77780750000966	74.0	100.0
88.79640970000764	74.0	100.0
88.81651189998956	74.0	100.0
88.83715589999338	74.0	100.0
88.85694009999861	74.0	100.0
88.8769781999872	74.0	100.0
88.8974678000086	74.0	100.0
88.91657259999192	74.0	100.0
88.93634899999597	74.0	100.0
88.95750299998326	74.0	100.0
88.97674369998276	74.0	100.0
88.99678210000275	74.0	100.0
89.0168374000059	74.0	100.0
89.03675070000463	74.0	100.0
89.05765350000001	74.0	100.0
89.07724099999177	74.0	100.0
89.09656979999272	74.0	100.0
89.11678539999411	74.0	100.0
89.13686840000446	74.0	100.0
89.15723340000841	74.0	100.0
89.1767550999939	74.0	100.0
89.1970364000008	74.0	100.0
89.21657859999686	74.0	100.0
89.23678209999343	74.0	100.0
89.25745619999361	74.0	100.0
89.27685679998831	74.0	100.0
89.29692419999628	74.0	100.0
89.3173329999845	74.0	100.0
89.33722940000007	74.0	100.0
89.35752419999335	74.0	100.0
89.3777957999846	74.0	100.0
89.39798479998717	75.0	100.0
89.41761720000068	75.0	100.0
89.438003999996	75.0	100.0
89.45918109998456	75.0	100.0
89.47814160000416	75.0	100.0
89.49791420000838	75.0	100.0
89.51719660000526	75.0	100.0
89.53705009998521	75.0	100.0
89.55816069999128	75.0	100.0
89.57753059998504	75.0	100.0
89.59731270000339	75.0	100.0
89.61788350000279	75.0	100.0
89.63774879998527	75.0	100.0
89.65886749999481	75.0	100.0
89.67729540000437	75.0	100.0
89.69625569999334	75.0	100.0
89.71756190000451	75.0	100.0
89.73744649998844	75.0	100.0
89.75756989998627	75.0	100.0
89.77763419999974	75.0	100.0
89.79801510000834	75.0	100.0
89.81762779998826	75.0	100.0
89.83695880000596	75.0	100.0
89.8573144999973	75.0	100.0
89.87727830000222	75.0	100.0
89.89706809999188	75.0	100.0
89.91809659998398	75.0	100.0
89.93718619999709	75.0	100.0
89.9579875000054	75.0	100.0
89.97779649999575	75.0	100.0
89.99799800000619	75.0	100.0
90.01764139998704	75.0	100.0
90.03854049998336	75.0	100.0
90.05789100000402	75.0	100.0
90.07802069999161	75.0	100.0
90.09851609999896	75.0	100.0
90.11821549999877	75.0	100.0
90.13788679998834	75.0	100.0
90.15825760000735	75.0	100.0
90.17786199998227	75.0	100.0
90.19759880000493	75.0	100.0
90.21656500000972	75.0	100.0
90.23659310000949	75.0	100.0
90.25703720000456	75.0	100.0
90.27844429999823	75.0	100.0
90.29673699999694	75.0	100.0
90.31698020000476	75.0	100.0
90.33689310000045	75.0	100.0
90.35716399998637	75.0	100.0
90.38075690000551	75.0	100.0
90.39866690000053	75.0	100.0
90.41782070000772	75.0	100.0
90.43773659999715	75.0	100.0
90.45858469998348	75.0	100.0
90.47799179999856	75.0	100.0
90.49784409999847	75.0	100.0
90.51805250000325	75.0	100.0
90.53735120000783	75.0	100.0
90.55975369998487	75.0	100.0
90.57787420001114	75.0	100.0
90.59809369998402	75.0	100.0
90.61646560000372	75.0	100.0
90.63971429999219	75.0	100.0
90.65812959999312	75.0	100.0
90.67797089999658	75.0	100.0
90.69818609999493	75.0	100.0
90.71733690000838	75.0	100.0
90.73775100000785	75.0	100.0
90.75837490000413	75.0	100.0
90.77662069999496	75.0	100.0
90.7974459999823	75.0	100.0
90.81812819998595	75.0	100.0
90.83784719998948	75.0	100.0
90.8578642999928	75.0	100.0
90.87761379999574	75.0	100.0
90.89596530000563	75.0	100.0
90.9167485999933	75.0	100.0
90.93785200000275	75.0	100.0
90.95791209998424	75.0	100.0
90.97791680000955	75.0	100.0
90.99809899998945	75.0	100.0
91.01768180000363	75.0	100.0
91.03837910000584	75.0	100.0
91.0584574000095	75.0	100.0
91.07999179998296	75.0	100.0
91.09811639998225	75.0	100.0
91.11787869999534	75.0	100.0
91.13787040000898	75.0	100.0
91.15733310001087	75.0	100.0
91.17835699999705	75.0	100.0
91.20004090000293	75.0	100.0
91.21778499998618	75.0	100.0
91.23708950000582	75.0	100.0
91.25751369999489	75.0	100.0
91.2791876999836	75.0	100.0
91.2976410999836	75.0	100.0
91.31576349999523	75.0	100.0
91.33741780000855	75.0	100.0
91.35567200000514	75.0	100.0
91.37792510000872	75.0	100.0
91.39833719999297	75.0	100.0
91.41841029998614	75.0	100.0
91.43742390000261	75.0	100.0
91.45723599998746	75.0	100.0
91.47775069999625	75.0	100.0
91.49738759998581	75.0	100.0
91.51807769999141	75.0	100.0
91.53744569999981	75.0	100.0
91.5571198000107	75.0	100.0
91.57717589999083	75.0	100.0
91.59567859998788	75.0	100.0
91.61644379998324	75.0	100.0
91.63627799999085	75.0	100.0
91.65792070000316	75.0	100.0
91.67742590000853	75.0	100.0
91.69762669998454	75.0	100.0
91.71845019998727	75.0	100.0
91.73687580000842	75.0	100.0
91.75808919998235	75.0	100.0
91.77589369998896	75.0	100.0
91.79612610000186	75.0	100.0
91.8168316000083	75.0	100.0
91.83889459999045	75.0	100.0
91.85787099998561	75.0	100.0
91.87797440000577	75.0	100.0
91.8973466999887	75.0	100.0
91.91771680000238	75.0	100.0
91.93707720001112	75.0	100.0
91.95846799999708	75.0	100.0
91.97745370000484	75.0	100.0
91.99735920000239	75.0	100.0
92.01910549998865	75.0	100.0
92.03719370000181	75.0	100.0
92.05813329998637	75.0	100.0
92.07804669998586	75.0	100.0
92.09785729998839	75.0	100.0
92.11825840000529	75.0	100.0
92.13714310000069	75.0	100.0
92.15789440000663	75.0	100.0
92.17756740000914	75.0	100.0
92.19790999998804	75.0	100.0
92.21721070000785	75.0	100.0
92.23826009998447	75.0	100.0
92.257904099999	75.0	100.0
92.27787039999384	75.0	100.0
92.29795300000114	75.0	100.0
92.317343600007	75.0	100.0
92.33703920000698	75.0	100.0
92.35735430000932	75.0	100.0
92.37827660000767	75.0	100.0
92.39762400000473	76.0	100.0
92.416988699988	76.0	100.0
92.44118480000179	76.0	100.0
92.45752820000052	76.0	100.0
92.47725450000144	76.0	100.0
92.49694589999854	76.0	100.0
92.51719369998318	76.0	100.0
92.5373059999838	76.0	100.0
92.55788129998837	76.0	100.0
92.5763508999953	76.0	100.0
92.59702769998694	76.0	100.0
92.61733979999553	76.0	100.0
92.63735720000113	76.0	100.0
92.6574214999855	76.0	100.0
92.67732230000547	76.0	100.0
92.69687149999663	76.0	100.0
92.7171032000042	76.0	100.0
92.73662199999671	76.0	100.0
92.75742290000198	76.0	100.0
92.77784960001009	76.0	100.0
92.79776769998716	76.0	100.0
92.81755750000593	76.0	100.0
92.83834220000426	76.0	100.0
92.857631699997	76.0	100.0
92.87823110001045	76.0	100.0
92.8980612999876	76.0	100.0
92.91813440000988	76.0	100.0
92.9379224999866	76.0	100.0
92.95790760000818	76.0	100.0
92.97798609998426	76.0	100.0
92.99793859999045	76.0	100.0
93.01772040000651	76.0	100.0
93.03803900000639	76.0	100.0
93.05804010000429	76.0	100.0
93.07790949998889	76.0	100.0
93.09782540000742	76.0	100.0
93.11797910000314	76.0	100.0
93.1372313000029	76.0	100.0
93.15830089998781	76.0	100.0
93.17741209999076	76.0	100.0
93.19790159998229	76.0	100.0
93.21786629999406	76.0	100.0
93.23786789999576	76.0	100.0
93.25783869999577	76.0	100.0
93.27796149998903	76.0	100.0
93.29787409998244	76.0	100.0
93.31777850000071	76.0	100.0
93.33716409999761	76.0	100.0
93.3581678000046	76.0	100.0
93.37791640000069	76.0	100.0
93.39821379998466	77.0	100.0
93.41849700000603	77.0	100.0
93.43813769999542	77.0	100.0
93.45883449999383	77.0	100.0
93.47766340000089	77.0	100.0
93.49755120000918	77.0	100.0
93.5186207999941	77.0	100.0
93.53809620000538	77.0	100.0
93.55991849998827	77.0	100.0
93.57802630000515	77.0	100.0
93.59763179998845	77.0	100.0
93.61756250000326	77.0	100.0
93.6382059000025	77.0	100.0
93.65816449999693	77.0	100.0
93.67777979999664	77.0	100.0
93.69731379998848	77.0	100.0
93.71805880000466	77.0	100.0
93.73790199999348	77.0	100.0
93.759850500006	77.0	100.0
93.7771197000111	77.0	100.0
93.79751080001006	77.0	100.0
93.81740349999745	77.0	100.0
93.83714409999084	77.0	100.0
93.85817630001111	77.0	100.0
93.87804609999876	77.0	100.0
93.89765249998891	77.0	100.0
93.91757759999018	77.0	100.0
93.93774279998615	77.0	100.0
93.95782000001054	77.0	100.0
93.97702369999024	77.0	100.0
93.99859050000669	77.0	100.0
94.01741790000233	77.0	100.0
94.03797000000486	77.0	100.0
94.05788340000436	77.0	100.0
94.0774381000083	77.0	100.0
94.09763249999378	77.0	100.0
94.11790350000956	77.0	100.0
94.13761350000277	77.0	100.0
94.15776209998876	77.0	100.0
94.1776652999979	77.0	100.0
94.19791339998483	77.0	100.0
94.217433599988	77.0	100.0
94.23827949998667	77.0	100.0
94.25765320000937	77.0	100.0
94.27807209998718	77.0	100.0
94.2985544000112	77.0	100.0
94.31792219998897	77.0	100.0
94.3373261000088	77.0	100.0
94.35788460000185	77.0	100.0
94.37764630001038	77.0	100.0
94.39832390000811	76.0	100.0
94.41821289999643	76.0	100.0
94.43794259999413	76.0	100.0
94.45808879999095	76.0	100.0
94.47829050000291	76.0	100.0
94.49791320000077	76.0	100.0
94.51793259999249	76.0	100.0
94.53744280000683	76.0	100.0
94.55767459998606	76.0	100.0
94.5791510999843	76.0	100.0
94.597921699984	76.0	100.0
94.61762750000344	76.0	100.0
94.63724409998395	76.0	100.0
94.65772719998495	76.0	100.0
94.67806750000454	76.0	100.0
94.69791260000784	76.0	100.0
94.71778169999016	76.0	100.0
94.7378170999873	76.0	100.0
94.75805470001069	76.0	100.0
94.77888579998398	76.0	100.0
94.79817759999423	76.0	100.0
94.81692009998369	76.0	100.0
94.83766980000655	76.0	100.0
94.85783100000117	76.0	100.0
94.87788819998968	76.0	100.0
94.89735220000148	76.0	100.0
94.9174825999944	76.0	100.0
94.93756880000001	76.0	100.0
94.95771280000918	76.0	100.0
94.97763380000833	76.0	100.0
94.99860920000356	76.0	100.0
95.01787089998834	76.0	100.0
95.03780789999291	76.0	100.0
95.05770360000315	76.0	100.0
95.07788579998305	76.0	100.0
95.09829439999885	76.0	100.0
95.11778209998738	76.0	100.0
95.13783659998444	76.0	100.0
95.1578179000062	76.0	100.0
95.17800590000115	76.0	100.0
95.19782800000394	76.0	100.0
95.2175895999826	76.0	100.0
95.23719809998875	76.0	100.0
95.25786290000542	76.0	100.0
95.27732510000351	76.0	100.0
95.2979367999942	76.0	100.0
95.31770019998658	76.0	100.0
95.33769499999471	76.0	100.0
95.35826649999944	76.0	100.0
95.37880159998895	76.0	100.0
95.39880960001028	75.0	100.0
95.41911349998554	75.0	100.0
95.4378515999997	75.0	100.0
95.45800889999373	75.0	100.0
95.47776849998627	75.0	100.0
95.49807460000739	75.0	100.0
95.51802309998311	75.0	100.0
95.53792969998904	75.0	100.0
95.55848710000282	75.0	100.0
95.57715279998956	75.0	100.0
95.59794969999348	75.0	100.0
95.61794450000161	75.0	100.0
95.63803070000722	75.0	100.0
95.65764729998773	75.0	100.0
95.67797709998558	75.0	100.0
95.69785920000868	75.0	100.0
95.71817169999122	75.0	100.0
95.73794689998613	75.0	100.0
95.75797099998454	75.0	100.0
95.7777841000061	75.0	100.0
95.79781009998987	75.0	100.0
95.81808569998248	75.0	100.0
95.8382486999908	75.0	100.0
95.85779569999431	75.0	100.0
95.87827190000098	75.0	100.0
95.89786289999029	75.0	100.0
95.91734700000961	75.0	100.0
95.93757280000136	75.0	100.0
95.95763610000722	75.0	100.0
95.97785339999245	75.0	100.0
95.99817169999005	75.0	100.0
96.01826019998407	75.0	100.0
96.03861829999369	75.0	100.0
96.0572669999965	75.0	100.0
96.07784769998398	75.0	100.0
96.09777520000353	75.0	100.0
96.1171311000071	75.0	100.0
96.13696499998332	75.0	100.0
96.15784729999723	75.0	100.0
96.17690279998351	75.0	100.0
96.19698119998793	75.0	100.0
96.21754250000231	75.0	100.0
96.23695309998584	75.0	100.0
96.25716089998605	75.0	100.0
96.27716229998623	75.0	100.0
96.29675690000295	75.0	100.0
96.31713310000487	75.0	100.0
96.33804199998849	75.0	100.0
96.35809419999714	75.0	100.0
96.37833169999067	75.0	100.0
96.39840149998781	74.0	100.0
96.41725900000893	74.0	100.0
96.4382229000039	74.0	100.0
96.45752940000966	74.0	100.0
96.47895419999259	74.0	100.0
96.49796539999079	74.0	100.0
96.51774360000854	74.0	100.0
96.53728379998938	74.0	100.0
96.55987689999165	74.0	100.0
96.57799359998899	74.0	100.0
96.5978308999911	74.0	100.0
96.61765669999295	74.0	100.0
96.63840379999601	74.0	100.0
96.65787589998217	74.0	100.0
96.6779384999827	74.0	100.0
96.69727999999304	74.0	100.0
96.71674050000729	74.0	100.0
96.73681519998354	74.0	100.0
96.75755439998466	74.0	100.0
96.7767593000026	74.0	100.0
96.79700200000661	74.0	100.0
96.8169774999842	74.0	100.0
96.83731800000533	74.0	100.0
96.8572875999962	74.0	100.0
96.87783929999568	74.0	100.0
96.89644979999866	74.0	100.0
96.91732979999506	74.0	100.0
96.93736049998552	74.0	100.0
96.95752429999993	74.0	100.0
96.97589339999831	74.0	100.0
96.99446159999934	74.0	100.0
97.0094597999996	74.0	100.0
97.02955010000733	74.0	100.0
97.05235059998813	74.0	100.0
97.07571400000597	74.0	100.0
97.09732949998579	74.0	100.0
97.11761139999726	74.0	100.0
97.13938609999605	74.0	100.0
97.15810189998592	74.0	100.0
97.17777949999436	74.0	100.0
97.19802099998924	74.0	100.0
97.21783710000454	74.0	100.0
97.2381793000095	74.0	100.0
97.25850699999137	74.0	100.0
97.2781571999949	74.0	100.0
97.29854210000485	74.0	100.0
97.31718169999658	74.0	100.0
97.33718729999964	74.0	100.0
97.35846339998534	74.0	100.0
97.37755639999523	74.0	100.0
97.39836960000684	73.0	100.0
97.41768589999992	73.0	100.0
97.43807709999965	73.0	100.0
97.45784749998711	73.0	100.0
97.4779811000044	73.0	100.0
97.49796680000145	73.0	100.0
97.51750230000471	73.0	100.0
97.53763649999746	73.0	100.0
97.55841830000281	73.0	100.0
97.57787959999405	73.0	100.0
97.5978463999927	73.0	100.0
97.61750990001019	73.0	100.0
97.63798860000679	73.0	100.0
97.65821470000083	73.0	100.0
97.67813429998932	73.0	100.0
97.69689550000476	73.0	100.0
97.71778919998906	73.0	100.0
97.73773130000336	73.0	100.0
97.75781340000685	73.0	100.0
97.77761439999449	73.0	100.0
97.79775860000518	73.0	100.0
97.81662550001056	73.0	100.0
97.83780889998889	73.0	100.0
97.85758609999903	73.0	100.0
97.87772709998535	73.0	100.0
97.89783790000365	73.0	100.0
97.91767170000821	73.0	100.0
97.93766140000662	73.0	100.0
97.95846679998795	73.0	100.0
97.97701199998846	73.0	100.0
97.99746949999826	73.0	100.0
98.01702800000203	73.0	100.0
98.03701549998368	73.0	100.0
98.056885900005	73.0	100.0
98.07802729998366	73.0	100.0
98.09711279999465	73.0	100.0
98.11698960000649	73.0	100.0
98.13668649998726	73.0	100.0
98.15816150000319	73.0	100.0
98.17703570000594	73.0	100.0
98.19725810000091	73.0	100.0
98.21664520000922	73.0	100.0
98.23669029999292	73.0	100.0
98.25910450000083	73.0	100.0
98.27743620000547	73.0	100.0
98.29650190001121	73.0	100.0
98.31709480000427	73.0	100.0
98.33820480000577	73.0	100.0
98.35787459998392	73.0	100.0
98.37808599998243	73.0	100.0
98.3980806999898	73.0	100.0
98.41772460000357	73.0	100.0
98.43779490000452	73.0	100.0
98.45777849998558	73.0	100.0
98.47820379998302	73.0	100.0
98.49837970000226	73.0	100.0
98.5179581999837	73.0	100.0
98.5379843999981	73.0	100.0
98.55797190000885	73.0	100.0
98.57750419998774	73.0	100.0
98.59759759998997	73.0	100.0
98.61802779999562	73.0	100.0
98.63800519998767	73.0	100.0
98.65810319999582	73.0	100.0
98.67848729999969	73.0	100.0
98.69810680000228	73.0	100.0
98.71782109999913	73.0	100.0
98.73792310000863	73.0	100.0
98.75837379999575	73.0	100.0
98.77779520000331	73.0	100.0
98.79785139998421	73.0	100.0
98.81750229999307	73.0	100.0
98.83719079999719	73.0	100.0
98.85794129999704	73.0	100.0
98.87748049999936	73.0	100.0
98.89784339998732	73.0	100.0
98.91784499998903	73.0	100.0
98.93789440000546	73.0	100.0
98.95713920000708	73.0	100.0
98.97817159999977	73.0	100.0
98.99818850000156	73.0	100.0
99.01780209998833	73.0	100.0
99.03717150000739	73.0	100.0
99.0579432999948	73.0	100.0
99.07740020001074	73.0	100.0
99.0978797999851	73.0	100.0
99.11803300000611	73.0	100.0
99.1375432999921	73.0	100.0
99.15818739999668	73.0	100.0
99.17744159998256	73.0	100.0
99.19843369998853	73.0	100.0
99.21804669999983	73.0	100.0
99.23778359999415	73.0	100.0
99.25755199999548	73.0	100.0
99.27860150000197	73.0	100.0
99.29753839998739	73.0	100.0
99.31791059998795	73.0	100.0
99.3378657999856	73.0	100.0
99.3579744999879	73.0	100.0
99.37796559999697	73.0	100.0
99.39939899998717	74.0	100.0
99.41829780000262	74.0	100.0
99.43810239998857	74.0	100.0
99.45769750000909	74.0	100.0
99.47795549998409	74.0	100.0
99.49812239999301	74.0	100.0
99.5168793000048	74.0	100.0
99.53787490000832	74.0	100.0
99.56009320000885	74.0	100.0
99.57804100000067	74.0	100.0
99.59745659999317	74.0	100.0
99.61665619999985	74.0	100.0
99.63757110000006	74.0	100.0
99.657956799987	74.0	100.0
99.67797689998406	74.0	100.0
99.69922629999928	74.0	100.0
99.71789460000582	74.0	100.0
99.737805199984	74.0	100.0
99.75820599999861	74.0	100.0
99.77792140000383	74.0	100.0
99.79816780000692	74.0	100.0
99.8179630000086	74.0	100.0
99.83792729998822	74.0	100.0
99.85706539999228	74.0	100.0
99.8777953000099	74.0	100.0
99.89896600000793	74.0	100.0
99.91813209999236	74.0	100.0
99.9382578000077	74.0	100.0
99.9584959000058	74.0	100.0
99.97814180000569	74.0	100.0
99.99803079999401	74.0	100.0
100.01828359998763	74.0	100.0
100.037276499992	74.0	100.0
100.05589660000987	74.0	100.0
100.07923040000605	74.0	100.0
100.1033935000014	74.0	100.0
100.10995250000269	74.0	100.0
100.12970600000699	74.0	100.0
100.15185699998983	74.0	100.0
100.17258819998824	74.0	100.0
100.19337419999647	74.0	100.0
100.21539239998674	74.0	100.0
100.23668780000298	74.0	100.0
100.25409780000336	74.0	100.0
100.27430640000966	74.0	100.0
100.2947650999995	74.0	100.0
100.3138503000082	74.0	100.0
100.333801700006	74.0	100.0
100.35534969999571	74.0	100.0
100.37640599999577	74.0	100.0
100.39676830000826	73.0	100.0
100.4182654999895	73.0	100.0
100.43782399999327	73.0	100.0
100.45776950000436	73.0	100.0
100.47785209998256	73.0	100.0
100.49802460000501	73.0	100.0
100.51845709999907	73.0	100.0
100.5384625000006	73.0	100.0
100.55650889998651	73.0	100.0
100.57707830000436	73.0	100.0
100.59738669998478	73.0	100.0
100.61854419999872	73.0	100.0
100.63859200000297	73.0	100.0
100.65824329998577	73.0	100.0
100.67803089998779	73.0	100.0
100.6980537000054	73.0	100.0
100.71807949998765	73.0	100.0
100.73810620000586	73.0	100.0
100.75833789998433	73.0	100.0
100.77784480000264	73.0	100.0
100.79782330000307	73.0	100.0
100.81809849999263	73.0	100.0
100.83780849998584	73.0	100.0
100.85812849999638	73.0	100.0
100.8777499999851	73.0	100.0
100.89764000001014	73.0	100.0
100.91790589998709	73.0	100.0
100.93875030000345	73.0	100.0
100.95972700000857	73.0	100.0
100.9781767000095	73.0	100.0
100.99711749999551	73.0	100.0
101.01753539999481	73.0	100.0
101.03821470000548	73.0	100.0
101.05809760000557	73.0	100.0
101.08029059998807	73.0	100.0
101.09983520000242	73.0	100.0
101.11688449999201	73.0	100.0
101.13812290001079	73.0	100.0
101.15935750000062	73.0	100.0
101.17783850000706	73.0	100.0
101.1977716999827	73.0	100.0
101.21800140000414	73.0	100.0
101.23818570000003	73.0	100.0
101.25802189999376	73.0	100.0
101.27833470000769	73.0	100.0
101.29810009998619	73.0	100.0
101.31806359998882	73.0	100.0
101.33824819998699	73.0	100.0
101.35811840000679	73.0	100.0
101.38021020000451	73.0	100.0
101.39892889998737	74.0	100.0
101.41801289998693	74.0	100.0
101.4400469000102	74.0	100.0
101.45801100000972	74.0	100.0
101.4778731999977	74.0	100.0
101.4972054999962	74.0	100.0
101.51770999998553	74.0	100.0
101.53810380000505	74.0	100.0
101.5582418999984	74.0	100.0
101.57844360001036	74.0	100.0
101.59794300000067	74.0	100.0
101.61712340000668	74.0	100.0
101.63777319999645	74.0	100.0
101.65777190000517	74.0	100.0
101.67779560000054	74.0	100.0
101.6977840999898	74.0	100.0
101.71813210000983	74.0	100.0
101.73683969999547	74.0	100.0
101.75613100000191	74.0	100.0
101.77436099998886	74.0	100.0
101.79704790000687	74.0	100.0
101.81147559999954	74.0	100.0
101.83297439999296	74.0	100.0
101.85387479999918	74.0	100.0
101.87619720000657	74.0	100.0
101.89791359999799	74.0	100.0
101.9182799999835	74.0	100.0
101.9382076000038	74.0	100.0
101.95838759999606	74.0	100.0
101.97781229999964	74.0	100.0
101.9978254000016	74.0	100.0
102.01783989998512	74.0	100.0
102.03795120000723	74.0	100.0
102.05839600000763	74.0	100.0
102.07851530000335	74.0	100.0
102.09853680001106	74.0	100.0
102.11833349999506	74.0	100.0
102.13783809999586	74.0	100.0
102.15888219999033	74.0	100.0
102.1780926999927	74.0	100.0
102.19819789999747	74.0	100.0
102.21780779998517	74.0	100.0
102.23808710000594	74.0	100.0
102.25936430000002	74.0	100.0
102.27806519999285	74.0	100.0
102.2983178999857	74.0	100.0
102.31856749998406	74.0	100.0
102.33730680000735	74.0	100.0
102.3587092999951	74.0	100.0
102.37744929999462	74.0	100.0
102.39951220000512	75.0	100.0
102.41838779998943	75.0	100.0
102.43792679999024	75.0	100.0
102.45898419999867	75.0	100.0
102.4780242999841	75.0	100.0
102.49781460000668	75.0	100.0
102.51845939998748	75.0	100.0
102.538011800003	75.0	100.0
102.56129869999131	75.0	100.0
102.57603749999544	75.0	100.0
102.59578169998713	75.0	100.0
102.61541309999302	75.0	100.0
102.63514399999985	75.0	100.0
102.65500490000704	75.0	100.0
102.67706449999241	75.0	100.0
102.69469679999747	75.0	100.0
102.71433680001064	75.0	100.0
102.73500559999957	75.0	100.0
102.75726320000831	75.0	100.0
102.77559559998917	75.0	100.0
102.79644410000765	75.0	100.0
102.81652739999117	75.0	100.0
102.83688329998404	75.0	100.0
102.85703899999498	75.0	100.0
102.87835330000962	75.0	100.0
102.89853489998495	75.0	100.0
102.91783869999927	75.0	100.0
102.93786569999065	75.0	100.0
102.95824509998783	75.0	100.0
102.9783225999854	75.0	100.0
102.99826829999802	75.0	100.0
103.01804649998667	75.0	100.0
103.03722130000824	75.0	100.0
103.05740580000565	75.0	100.0
103.0786545999872	75.0	100.0
103.09779430000344	75.0	100.0
103.11792779999087	75.0	100.0
103.13784459998715	75.0	100.0
103.158460799983	75.0	100.0
103.17811069998425	75.0	100.0
103.19750290000229	75.0	100.0
103.21796239999821	75.0	100.0
103.2383039999986	75.0	100.0
103.2572036999918	75.0	100.0
103.2797375000082	75.0	100.0
103.29858349999995	75.0	100.0
103.31826229998842	75.0	100.0
103.33732900000177	75.0	100.0
103.35849419998704	75.0	100.0
103.3806717999978	75.0	100.0
103.39867210001103	77.0	100.0
103.41823809998459	77.0	100.0
103.43825690000085	77.0	100.0
103.45818300000974	77.0	100.0
103.47838009998668	77.0	100.0
103.4979663999984	77.0	100.0
103.51815329998499	77.0	100.0
103.53832880000118	77.0	100.0
103.5580335999839	77.0	100.0
103.57708099999581	77.0	100.0
103.59779209998669	77.0	100.0
103.61743149999529	77.0	100.0
103.63738329999615	77.0	100.0
103.65927209999063	77.0	100.0
103.67833339999197	77.0	100.0
103.69854169999599	77.0	100.0
103.71880599998985	77.0	100.0
103.73831819999032	77.0	100.0
103.75913630001014	77.0	100.0
103.77776239998639	77.0	100.0
103.79758759998367	77.0	100.0
103.81756039999891	77.0	100.0
103.83796390000498	77.0	100.0
103.85774020000827	77.0	100.0
103.87770489999093	77.0	100.0
103.89767410000786	77.0	100.0
103.91789660000359	77.0	100.0
103.9374625000055	77.0	100.0
103.95776829999522	77.0	100.0
103.97981859999709	77.0	100.0
104.00002599999425	77.0	100.0
104.01938280000468	77.0	100.0
104.03876130000572	77.0	100.0
104.05820749999839	77.0	100.0
104.0785506000102	77.0	100.0
104.09772160000284	77.0	100.0
104.11779489999753	77.0	100.0
104.13835419999668	77.0	100.0
104.15873880000436	77.0	100.0
104.17767929998809	77.0	100.0
104.19969320000382	77.0	100.0
104.2183085999859	77.0	100.0
104.23788679999416	77.0	100.0
104.25791399998707	77.0	100.0
104.27776840000297	77.0	100.0
104.29764830000931	77.0	100.0
104.31826140001067	77.0	100.0
104.33816529999604	77.0	100.0
104.35880899999756	77.0	100.0
104.38033320000977	77.0	100.0
104.39987960000872	77.0	100.0
104.4192747999914	77.0	100.0
104.4396112000104	77.0	100.0
104.45931830001064	77.0	100.0
104.47916489999625	77.0	100.0
104.4991871000093	77.0	100.0
104.51810829999158	77.0	100.0
104.53768680000212	77.0	100.0
104.56086259998847	77.0	100.0
104.57856669998728	77.0	100.0
104.60027520000585	77.0	100.0
104.618558999995	77.0	100.0
104.63955369999167	77.0	100.0
104.65926509999554	77.0	100.0
104.67946260000463	77.0	100.0
104.69828569999663	77.0	100.0
104.71957640000619	77.0	100.0
104.73857849999331	77.0	100.0
104.7595200999931	77.0	100.0
104.77869489998557	77.0	100.0
104.79947979998542	77.0	100.0
104.81926389998989	77.0	100.0
104.83918479998829	77.0	100.0
104.85706469998695	77.0	100.0
104.87511880000238	77.0	100.0
104.89515940001002	77.0	100.0
104.91139459999977	77.0	100.0
104.93104100000346	77.0	100.0
104.95182389998809	77.0	100.0
104.97170910000568	77.0	100.0
104.99236259999452	77.0	100.0
105.0126173000026	77.0	100.0
105.03406929998891	77.0	100.0
105.05405020000762	77.0	100.0
105.07662119998713	77.0	100.0
105.09563629998593	77.0	100.0
105.11594530000002	77.0	100.0
105.13544320000801	77.0	100.0
105.15669239999261	77.0	100.0
105.1753791999945	77.0	100.0
105.19598109999788	77.0	100.0
105.21551390000968	77.0	100.0
105.23635329998797	77.0	100.0
105.25612659999751	77.0	100.0
105.27657109999564	77.0	100.0
105.2952690999955	77.0	100.0
105.31600489999983	77.0	100.0
105.33669649998774	77.0	100.0
105.35695839999244	77.0	100.0
105.37642399998731	77.0	100.0
105.39687259998755	78.0	100.0
105.41643620000104	78.0	100.0
105.4366211000015	78.0	100.0
105.45699219999369	78.0	100.0
105.47658560000127	78.0	100.0
105.49654449999798	78.0	100.0
105.51668619998964	78.0	100.0
105.53706830000738	78.0	100.0
105.55890800000634	78.0	100.0
105.57657579999068	78.0	100.0
105.59669129998656	78.0	100.0
105.61582609999459	78.0	100.0
105.63549640000565	78.0	100.0
105.6554732999939	78.0	100.0
105.67628839999088	78.0	100.0
105.69542259999434	78.0	100.0
105.7167088999995	78.0	100.0
105.73298569998587	78.0	100.0
105.75711629999569	78.0	100.0
105.77633449999848	78.0	100.0
105.79677990000346	78.0	100.0
105.81623249998665	78.0	100.0
105.83659590000752	78.0	100.0
105.85630980000133	78.0	100.0
105.87635129998671	78.0	100.0
105.89611969998805	78.0	100.0
105.91684009999153	78.0	100.0
105.93640899998718	78.0	100.0
105.9563921999943	78.0	100.0
105.97590200000559	78.0	100.0
105.9965208999929	78.0	100.0
106.01597059998312	78.0	100.0
106.03619959999924	78.0	100.0
106.05656319999252	78.0	100.0
106.07610129998648	78.0	100.0
106.09608620000654	78.0	100.0
106.11646819999442	78.0	100.0
106.1360038999992	78.0	100.0
106.15739839998423	78.0	100.0
106.17652280000038	78.0	100.0
106.19677350000711	78.0	100.0
106.21661689999746	78.0	100.0
106.23693129999447	78.0	100.0
106.25593929999741	78.0	100.0
106.27621300000465	78.0	100.0
106.29601459999685	78.0	100.0
106.31628209998598	78.0	100.0
106.33565749999252	78.0	100.0
106.3568990000058	78.0	100.0
106.37684700000682	78.0	100.0
106.39619309999398	78.0	100.0
106.41708749998361	78.0	100.0
106.43628749999334	78.0	100.0
106.4562956999871	78.0	100.0
106.4762928999844	78.0	100.0
106.4964187000005	78.0	100.0
106.51621569998679	78.0	100.0
106.53624220000347	78.0	100.0
106.55650869998499	78.0	100.0
106.57517110000481	78.0	100.0
106.59310800000094	78.0	100.0
106.61205140000675	78.0	100.0
106.63268799998332	78.0	100.0
106.6532704999845	78.0	100.0
106.67395190001116	78.0	100.0
106.69396699999925	78.0	100.0
106.71676869998919	78.0	100.0
106.73660579998977	78.0	100.0
106.75686459999997	78.0	100.0
106.77683680001064	78.0	100.0
106.79668719999609	78.0	100.0
106.81634359998861	78.0	100.0
106.83702849998372	78.0	100.0
106.85639719999745	78.0	100.0
106.87629250000464	78.0	100.0
106.89721500000451	78.0	100.0
106.91626619998715	78.0	100.0
106.93684939999366	78.0	100.0
106.95767709999927	78.0	100.0
106.97686409999733	78.0	100.0
107.0002983000013	78.0	100.0
107.01688609999837	78.0	100.0
107.03634049999528	78.0	100.0
107.05641610000748	78.0	100.0
107.0783989999909	78.0	100.0
107.09639190000598	78.0	100.0
107.11640929998248	78.0	100.0
107.13622049998958	78.0	100.0
107.15658449998591	78.0	100.0
107.17634469998302	78.0	100.0
107.19651310000336	78.0	100.0
107.21658010000829	78.0	100.0
107.23642619999009	78.0	100.0
107.25622690000455	78.0	100.0
107.27634809998563	78.0	100.0
107.29693340000813	78.0	100.0
107.31710320001002	78.0	100.0
107.33583930000896	78.0	100.0
107.35673420000239	78.0	100.0
107.37737969998852	78.0	100.0
107.39698119999957	80.0	100.0
107.41684279998299	80.0	100.0
107.4370717999991	80.0	100.0
107.45682389999274	80.0	100.0
107.47689669998363	80.0	100.0
107.49689079998643	80.0	100.0
107.51729379998869	80.0	100.0
107.53641659999266	80.0	100.0
107.55673280000337	80.0	100.0
107.57629180001095	80.0	100.0
107.59647839999525	80.0	100.0
107.61653729999671	80.0	100.0
107.63647900000797	80.0	100.0
107.65666879998753	80.0	100.0
107.67681040000753	80.0	100.0
107.69594800000777	80.0	100.0
107.71654940000735	80.0	100.0
107.73703660001047	80.0	100.0
107.7565692999924	80.0	100.0
107.77630440000212	80.0	100.0
107.79693149999366	80.0	100.0
107.8166743000038	80.0	100.0
107.83669669998926	80.0	100.0
107.85658570000669	80.0	100.0
107.87628900000709	80.0	100.0
107.89630759999272	80.0	100.0
107.91666119999718	80.0	100.0
107.93621479999274	80.0	100.0
107.95683260000078	80.0	100.0
107.97623929998372	80.0	100.0
107.99645370000508	80.0	100.0
108.0162593999994	80.0	100.0
108.03810949999024	80.0	100.0
108.05677719999221	80.0	100.0
108.07623469998362	80.0	100.0
108.0962593999866	80.0	100.0
108.11626049998449	80.0	100.0
108.13628119998612	80.0	100.0
108.15935739999986	80.0	100.0
108.17634239999461	80.0	100.0
108.19686709999223	80.0	100.0
108.21627949998947	80.0	100.0
108.2366544000106	80.0	100.0
108.25647150000441	80.0	100.0
108.27711830000044	80.0	100.0
108.29667770001106	80.0	100.0
108.31700489998912	80.0	100.0
108.33650070001022	80.0	100.0
108.35776569999871	80.0	100.0
108.37727689999156	80.0	100.0
108.398016799998	80.0	100.0
108.41720570001053	80.0	100.0
108.43770169999334	80.0	100.0
108.4576521999843	80.0	100.0
108.47699450000073	80.0	100.0
108.49623620000784	80.0	100.0
108.51671429999988	80.0	100.0
108.53665029999684	80.0	100.0
108.55953339999542	80.0	100.0
108.5772786999878	80.0	100.0
108.59781209999346	80.0	100.0
108.61716609998257	80.0	100.0
108.63695519999601	80.0	100.0
108.6573720999877	80.0	100.0
108.67661829999997	80.0	100.0
108.69759769999655	80.0	100.0
108.71759119999479	80.0	100.0
108.73772840001038	80.0	100.0
108.75824900000589	80.0	100.0
108.77774200000567	80.0	100.0
108.79803669999819	80.0	100.0
108.81792589998804	80.0	100.0
108.83799120000913	80.0	100.0
108.85776579999947	80.0	100.0
108.87819129999843	80.0	100.0
108.89769969999907	80.0	100.0
108.91808649999439	80.0	100.0
108.93776609998895	80.0	100.0
108.95806519998587	80.0	100.0
108.97796280001057	80.0	100.0
108.9979006999929	80.0	100.0
109.0176070999878	80.0	100.0
109.03810060000978	80.0	100.0
109.0581278000027	80.0	100.0
109.07781359998626	80.0	100.0
109.09752159999334	80.0	100.0
109.11819010000909	80.0	100.0
109.13755789998686	80.0	100.0
109.15812999999616	80.0	100.0
109.17795990000013	80.0	100.0
109.1979152999993	80.0	100.0
109.21754360001069	80.0	100.0
109.2374778999947	80.0	100.0
109.25828270000056	80.0	100.0
109.27720989999943	80.0	100.0
109.29780289999326	80.0	100.0
109.3180527999939	80.0	100.0
109.33829769998556	80.0	100.0
109.35835829999996	80.0	100.0
109.37809189999825	80.0	100.0
109.3969281000027	80.0	100.0
109.41744309998467	80.0	100.0
109.43718829998397	80.0	100.0
109.45746569999028	80.0	100.0
109.47816679999232	80.0	100.0
109.49755410000216	80.0	100.0
109.51801939998404	80.0	100.0
109.53699150000466	80.0	100.0
109.55759660000331	80.0	100.0
109.57707920001121	80.0	100.0
109.59706770000048	80.0	100.0
109.61677490000147	80.0	100.0
109.63663039999665	80.0	100.0
109.65756110000075	80.0	100.0
109.6768313999928	80.0	100.0
109.69649020000361	80.0	100.0
109.7167979000078	80.0	100.0
109.73671890000696	80.0	100.0
109.75749910000013	80.0	100.0
109.77671489998465	80.0	100.0
109.79787149999174	80.0	100.0
109.81676270000753	80.0	100.0
109.83760850000544	80.0	100.0
109.85678120001103	80.0	100.0
109.87677889998304	80.0	100.0
109.89960559998872	80.0	100.0
109.91699779999908	80.0	100.0
109.93741889999365	80.0	100.0
109.96340049998253	80.0	100.0
109.97699609998381	80.0	100.0
109.99897019998753	80.0	100.0
110.01688219999778	80.0	100.0
110.03678200001013	80.0	100.0
110.05820880000829	80.0	100.0
110.0781236999901	80.0	100.0
110.0975380000018	80.0	100.0
110.11676559998887	80.0	100.0
110.13698099998874	80.0	100.0
110.1577188000083	80.0	100.0
110.1768207999994	80.0	100.0
110.197474399989	80.0	100.0
110.21673159999773	80.0	100.0
110.23688380001113	80.0	100.0
110.25757970000268	80.0	100.0
110.2767646999855	80.0	100.0
110.29763779998757	80.0	100.0
110.3180463000026	80.0	100.0
110.33770450000884	80.0	100.0
110.3583762999915	80.0	100.0
110.3780327999848	80.0	100.0
110.39794329999131	80.0	100.0
110.41784409998218	80.0	100.0
110.43804079998517	80.0	100.0
110.45779220000259	80.0	100.0
110.47684620000655	80.0	100.0
110.49745960001019	80.0	100.0
110.51731669998844	80.0	100.0
110.53707580000628	80.0	100.0
110.55790620000334	80.0	100.0
110.57713759999024	80.0	100.0
110.59724020000431	80.0	100.0
110.61723599999095	80.0	100.0
110.63770349998958	80.0	100.0
110.65770499999053	80.0	100.0
110.67822289999458	80.0	100.0
110.70032860001083	80.0	100.0
110.71677440000349	80.0	100.0
110.7366517999908	80.0	100.0
110.75822220000555	80.0	100.0
110.7768505999993	80.0	100.0
110.79763399998774	80.0	100.0
110.81679189999704	80.0	100.0
110.83678320000763	80.0	100.0
110.85802529999637	80.0	100.0
110.87680920001003	80.0	100.0
110.8974263999844	80.0	100.0
110.91696390000288	80.0	100.0
110.93724070000462	80.0	100.0
110.95719650000683	80.0	100.0
110.97684499999741	80.0	100.0
110.99680530000478	80.0	100.0
111.01693399998476	80.0	100.0
111.03771370000322	80.0	100.0
111.0574568999873	80.0	100.0
111.07672979999916	80.0	100.0
111.09752519999165	80.0	100.0
111.11710020000464	80.0	100.0
111.13673890000791	80.0	100.0
111.15825670000049	80.0	100.0
111.17690640001092	80.0	100.0
111.19683500000974	80.0	100.0
111.21680719999131	80.0	100.0
111.23706230000244	80.0	100.0
111.25713959999848	80.0	100.0
111.27687599998899	80.0	100.0
111.29665840000962	80.0	100.0
111.31723889999557	80.0	100.0
111.33673999999883	80.0	100.0
111.35783819999779	80.0	100.0
111.37812010000926	80.0	100.0
111.39805970000452	80.0	100.0
111.41772100000526	80.0	100.0
111.4367915999901	80.0	100.0
111.4581147999852	80.0	100.0
111.47685700000147	80.0	100.0
111.49651789999916	80.0	100.0
111.51679829999921	80.0	100.0
111.53651370000443	80.0	100.0
111.55973400000948	80.0	100.0
111.57689950001077	80.0	100.0
111.59673190000467	80.0	100.0
111.61620349998702	80.0	100.0
111.63680290000048	80.0	100.0
111.65676499999245	80.0	100.0
111.67818960000295	80.0	100.0
111.69788429999608	80.0	100.0
111.71704329998465	80.0	100.0
111.73799890000373	80.0	100.0
111.75461720000021	80.0	100.0
111.7774444000097	80.0	100.0
111.79727320000529	80.0	100.0
111.81718879999244	80.0	100.0
111.83791490001022	80.0	100.0
111.85793910000939	80.0	100.0
111.87819359998684	80.0	100.0
111.89677319998736	80.0	100.0
111.91673189998255	80.0	100.0
111.9368392000033	80.0	100.0
111.9577205000096	80.0	100.0
111.97669039998436	80.0	100.0
111.99757350000436	80.0	100.0
112.01672580000013	80.0	100.0
112.03698289999738	80.0	100.0
112.05787669998244	80.0	100.0
112.07687930000247	80.0	100.0
112.09675239998614	80.0	100.0
112.1174813999969	80.0	100.0
112.13649060000898	80.0	100.0
112.1575695000065	80.0	100.0
112.17671800000244	80.0	100.0
112.19688199998927	80.0	100.0
112.21673290000763	80.0	100.0
112.23752739999327	80.0	100.0
112.25673809999716	80.0	100.0
112.27680679998593	80.0	100.0
112.29686939998646	80.0	100.0
112.31705340000917	80.0	100.0
112.33672779999324	80.0	100.0
112.35695029998897	80.0	100.0
112.37714180001058	80.0	100.0
112.39688019998721	80.0	100.0
112.41672949999338	80.0	100.0
112.43679330000305	80.0	100.0
112.45676519998233	80.0	100.0
112.47799029998714	80.0	100.0
112.49757390000741	80.0	100.0
112.51754699999583	80.0	100.0
112.53731129999505	80.0	100.0
112.55808980000438	80.0	100.0
112.5768623999902	80.0	100.0
112.59731489999103	80.0	100.0
112.61694439998246	80.0	100.0
112.63720409999951	80.0	100.0
112.65754600000218	80.0	100.0
112.67714089999208	80.0	100.0
112.69686100000399	80.0	100.0
112.71711140000843	80.0	100.0
112.73782249999931	80.0	100.0
112.75775250000879	80.0	100.0
112.77794949998497	80.0	100.0
112.79722469998524	80.0	100.0
112.81702419999056	80.0	100.0
112.83681449998403	80.0	100.0
112.85679669998353	80.0	100.0
112.87675289998879	80.0	100.0
112.89676060000784	80.0	100.0
112.91663620001054	80.0	100.0
112.93639799999073	80.0	100.0
112.95691410001018	80.0	100.0
112.9767894000106	80.0	100.0
112.99671440001111	80.0	100.0
113.01752940000733	80.0	100.0
113.03676290001022	80.0	100.0
113.05707479998819	80.0	100.0
113.07668019999983	80.0	100.0
113.09645929999533	80.0	100.0
113.11745339998743	80.0	100.0
113.13671289998456	80.0	100.0
113.15670900000259	80.0	100.0
113.17729069999768	80.0	100.0
113.19744399999036	80.0	100.0
113.21687209999072	80.0	100.0
113.2375330000068	80.0	100.0
113.25759480000124	80.0	100.0
113.27684149998822	80.0	100.0
113.29704309999943	80.0	100.0
113.31845099999919	80.0	100.0
113.3369648999942	80.0	100.0
113.35770289998618	80.0	100.0
113.3779288000078	80.0	100.0
113.3971673999913	79.0	100.0
113.4165723999904	79.0	100.0
113.43776070000604	79.0	100.0
113.45761720000883	79.0	100.0
113.47708300000522	79.0	100.0
113.49674639999284	79.0	100.0
113.5170422999945	79.0	100.0
113.5367755999905	79.0	100.0
113.55669359999592	79.0	100.0
113.57738909998443	79.0	100.0
113.59763959998963	79.0	100.0
113.6177791999944	79.0	100.0
113.63761390000582	79.0	100.0
113.65812079998432	79.0	100.0
113.67811219999567	79.0	100.0
113.69735139998375	79.0	100.0
113.71666649999679	79.0	100.0
113.73682220000774	79.0	100.0
113.75748140001087	79.0	100.0
113.77775439998368	79.0	100.0
113.79690769998706	79.0	100.0
113.81700069998624	79.0	100.0
113.83692939998582	79.0	100.0
113.85677949999808	79.0	100.0
113.87686739998753	79.0	100.0
113.89673179999227	79.0	100.0
113.91759999998612	79.0	100.0
113.93693840000196	79.0	100.0
113.95764330000384	79.0	100.0
113.97747509999317	79.0	100.0
113.99700559998746	79.0	100.0
114.01672869999311	79.0	100.0
114.03753050000523	79.0	100.0
114.05691449998994	79.0	100.0
114.07689249998657	79.0	100.0
114.0977067000058	79.0	100.0
114.11758940000436	79.0	100.0
114.1366858999827	79.0	100.0
114.15743590000784	79.0	100.0
114.17717690000427	79.0	100.0
114.19681180000771	79.0	100.0
114.21672689999104	79.0	100.0
114.23709229999804	79.0	100.0
114.2576446000021	79.0	100.0
114.27763530000811	79.0	100.0
114.29667350000818	79.0	100.0
114.31793230000767	79.0	100.0
114.33701369998744	79.0	100.0
114.35700069999439	79.0	100.0
114.37769609998213	79.0	100.0
114.39764360000845	79.0	100.0
114.41675390000455	79.0	100.0
114.4368087000039	79.0	100.0
114.45677520000027	79.0	100.0
114.47695129999192	79.0	100.0
114.49644809999154	79.0	100.0
114.51740409998456	79.0	100.0
114.53674700000556	79.0	100.0
114.55978779998259	79.0	100.0
114.57682349998504	79.0	100.0
114.59676379998564	79.0	100.0
114.6170099999872	79.0	100.0
114.63700909999898	79.0	100.0
114.65702479999163	79.0	100.0
114.67675459999009	79.0	100.0
114.69834679999622	79.0	100.0
114.71747770000366	79.0	100.0
114.73685019998811	79.0	100.0
114.75656280000112	79.0	100.0
114.78056039998773	79.0	100.0
114.79783510000561	79.0	100.0
114.81736570000066	79.0	100.0
114.83785419998458	79.0	100.0
114.85732799998368	79.0	100.0
114.87758790000225	79.0	100.0
114.89700989998528	79.0	100.0
114.91720249998616	79.0	100.0
114.93711389999953	79.0	100.0
114.95774179999717	79.0	100.0
114.97690889998921	79.0	100.0
114.99793700000737	79.0	100.0
115.01684249998652	79.0	100.0
115.0370333000028	79.0	100.0
115.05739319999702	79.0	100.0
115.07705849999911	79.0	100.0
115.09659860000829	79.0	100.0
115.11675829999149	79.0	100.0
115.13660209998488	79.0	100.0
115.1570337000012	79.0	100.0
115.17673479998484	79.0	100.0
115.19639589998405	79.0	100.0
115.21655169999576	79.0	100.0
115.23670390000916	79.0	100.0
115.25671439999132	79.0	100.0
115.27677160000894	79.0	100.0
115.29679739999119	79.0	100.0
115.31640219999827	79.0	100.0
115.3364309000026	79.0	100.0
115.35754460000317	79.0	100.0
115.37699910000083	79.0	100.0
115.39676629999303	78.0	100.0
115.41685670000152	78.0	100.0
115.43639379998785	78.0	100.0
115.45642840000801	78.0	100.0
115.47703809998347	78.0	100.0
115.49663509998936	78.0	100.0
115.51684289998957	78.0	100.0
115.53667939998559	78.0	100.0
115.5567022000032	78.0	100.0
115.57652360000066	78.0	100.0
115.59704530000454	78.0	100.0
115.61638140000287	78.0	100.0
115.63665030000266	78.0	100.0
115.65675860000192	78.0	100.0
115.67635470000096	78.0	100.0
115.69627449999098	78.0	100.0
115.71694929999649	78.0	100.0
115.73623499998939	78.0	100.0
115.75660540000536	78.0	100.0
115.77873970000655	78.0	100.0
115.79672640000354	78.0	100.0
115.81665339999017	78.0	100.0
115.83654509999906	78.0	100.0
115.85683730000164	78.0	100.0
115.87690259999363	78.0	100.0
115.89647859998513	78.0	100.0
115.91671819999465	78.0	100.0
115.93662699998822	78.0	100.0
115.95741159998579	78.0	100.0
115.97654279999551	78.0	100.0
115.99907900000107	78.0	100.0
116.01676979998592	78.0	100.0
116.03635179999401	78.0	100.0
116.05669759999728	78.0	100.0
116.0773826999939	78.0	100.0
116.09713229999761	78.0	100.0
116.11736090001068	78.0	100.0
116.13659650000045	78.0	100.0
116.15695740000228	78.0	100.0
116.17627989998437	78.0	100.0
116.19659410000895	78.0	100.0
116.2164230000053	78.0	100.0
116.23650179998367	78.0	100.0
116.25728859999799	78.0	100.0
116.27671559998998	78.0	100.0
116.2967309000087	78.0	100.0
116.31676700001117	78.0	100.0
116.33677819999866	78.0	100.0
116.35725149998325	78.0	100.0
116.37754139999743	78.0	100.0
116.3975691999949	78.0	100.0
116.41708789998665	78.0	100.0
116.43773579999106	78.0	100.0
116.45770269999048	78.0	100.0
116.47638730000472	78.0	100.0
116.49627420000616	78.0	100.0
116.5167564000003	78.0	100.0
116.5364803999837	78.0	100.0
116.55666239999118	78.0	100.0
116.57628839998506	78.0	100.0
116.59664179998799	78.0	100.0
116.61681539998972	78.0	100.0
116.63645120000001	78.0	100.0
116.65670039999532	78.0	100.0
116.67655699999887	78.0	100.0
116.69691800000146	78.0	100.0
116.71689169999445	78.0	100.0
116.73711499999627	78.0	100.0
116.75816989998566	78.0	100.0
116.77702569999383	78.0	100.0
116.79723870000453	78.0	100.0
116.81656249999651	78.0	100.0
116.83691529999487	78.0	100.0
116.85679560000426	78.0	100.0
116.87671320000663	78.0	100.0
116.89642080001067	78.0	100.0
116.91657619999023	78.0	100.0
116.93626309998217	78.0	100.0
116.9567001000105	78.0	100.0
116.97623939998448	78.0	100.0
116.99625749999541	78.0	100.0
117.01660179998726	78.0	100.0
117.03716639999766	78.0	100.0
117.05667180000455	78.0	100.0
117.07619849999901	78.0	100.0
117.09622589999344	78.0	100.0
117.11631019998458	78.0	100.0
117.13620010000886	78.0	100.0
117.15696480000042	78.0	100.0
117.17602280000574	78.0	100.0
117.19628899998497	78.0	100.0
117.21617269999115	78.0	100.0
117.23638240000582	78.0	100.0
117.25636810000287	78.0	100.0
117.2771597999963	78.0	100.0
117.29644730000291	78.0	100.0
117.31630030000815	78.0	100.0
117.33652519999305	78.0	100.0
117.35677389998455	78.0	100.0
117.37660930000129	78.0	100.0
117.39659079999547	78.0	100.0
117.41723590000765	78.0	100.0
117.43747659999644	78.0	100.0
117.457877799985	78.0	100.0
117.47756709999521	78.0	100.0
117.49716920001083	78.0	100.0
117.51777879998554	78.0	100.0
117.53709389999858	78.0	100.0
117.56009320000885	78.0	100.0
117.57763839999097	78.0	100.0
117.59840620000614	78.0	100.0
117.61737359999097	78.0	100.0
117.63785060000373	78.0	100.0
117.65781909998623	78.0	100.0
117.67843359999824	78.0	100.0
117.69759950001026	78.0	100.0
117.7167383999913	78.0	100.0
117.73635019999347	78.0	100.0
117.75689729998703	78.0	100.0
117.77668919999269	78.0	100.0
117.79800919999252	78.0	100.0
117.8179700000037	78.0	100.0
117.83753449999494	78.0	100.0
117.85759790000156	78.0	100.0
117.87758850000682	78.0	100.0
117.89688839999144	78.0	100.0
117.91733969998313	78.0	100.0
117.93695669999579	78.0	100.0
117.95669389999239	78.0	100.0
117.98297650000313	78.0	100.0
117.99738670000806	78.0	100.0
118.02091449999716	78.0	100.0
118.03810499998508	78.0	100.0
118.05702340000425	78.0	100.0
118.07748509998783	78.0	100.0
118.09745299999486	78.0	100.0
118.11798690000433	78.0	100.0
118.13770299998578	78.0	100.0
118.15801549999742	78.0	100.0
118.17765019999933	78.0	100.0
118.19783990000724	78.0	100.0
118.21733069999027	78.0	100.0
118.23778299998958	78.0	100.0
118.25749499999802	78.0	100.0
118.27713169998606	78.0	100.0
118.29744049999863	78.0	100.0
118.31720419999328	78.0	100.0
118.33724170000642	78.0	100.0
118.35674309998285	78.0	100.0
118.3775927000097	78.0	100.0
118.39802090000012	78.0	100.0
118.41795730000013	78.0	100.0
118.43764650000958	78.0	100.0
118.45667849999154	78.0	100.0
118.47695919999387	78.0	100.0
118.49665939999977	78.0	100.0
118.51694480000879	78.0	100.0
118.53726549999556	78.0	100.0
118.55769509999664	78.0	100.0
118.57673780000187	78.0	100.0
118.5968850000063	78.0	100.0
118.61654620000627	78.0	100.0
118.63707430000068	78.0	100.0
118.65707779998775	78.0	100.0
118.67743720000726	78.0	100.0
118.69667820000905	78.0	100.0
118.71758180001052	78.0	100.0
118.73695079999743	78.0	100.0
118.75756550001097	78.0	100.0
118.77740500000073	78.0	100.0
118.79698189999908	78.0	100.0
118.81759109999985	78.0	100.0
118.83703999998397	78.0	100.0
118.85854389998713	78.0	100.0
118.87789350000094	78.0	100.0
118.89800719998311	78.0	100.0
118.91755340000964	78.0	100.0
118.93671609999728	78.0	100.0
118.95811539998977	78.0	100.0
118.9763575999823	78.0	100.0
118.99769160000142	78.0	100.0
119.0176661000005	78.0	100.0
119.03755770000862	78.0	100.0
119.057054600009	78.0	100.0
119.07681820000289	78.0	100.0
119.09734509998816	78.0	100.0
119.11743260000367	78.0	100.0
119.1367823999899	78.0	100.0
119.15780749998521	78.0	100.0
119.17684639999061	78.0	100.0
119.19757449999452	78.0	100.0
119.21676549999393	78.0	100.0
119.23762520001037	78.0	100.0
119.25790669998969	78.0	100.0
119.27705770000466	78.0	100.0
119.29697910000687	78.0	100.0
119.3173906999873	78.0	100.0
119.33684669999639	78.0	100.0
119.3581819999963	78.0	100.0
119.37792999998783	78.0	100.0
119.39735670000664	78.0	100.0
119.41743390000192	78.0	100.0
119.43780519999564	78.0	100.0
119.45774129999336	78.0	100.0
119.47819180000806	78.0	100.0
119.49708110000938	78.0	100.0
119.51684430000023	78.0	100.0
119.53807859998778	78.0	100.0
119.55864100001054	78.0	100.0
119.57813020001049	78.0	100.0
119.59826279999106	78.0	100.0
119.61817820000579	78.0	100.0
119.63830200000666	78.0	100.0
119.65823770000134	78.0	100.0
119.67839099999401	78.0	100.0
119.69807600000058	78.0	100.0
119.71810699999332	78.0	100.0
119.73873109999113	78.0	100.0
119.7588077999826	78.0	100.0
119.77825999999186	78.0	100.0
119.79756040000939	78.0	100.0
119.81671829998959	78.0	100.0
119.83756389998598	78.0	100.0
119.85801749999519	78.0	100.0
119.87775009998586	78.0	100.0
119.89758930000244	78.0	100.0
119.91746860000421	78.0	100.0
119.93752740000491	78.0	100.0
119.95778779999819	78.0	100.0
119.97779450000962	78.0	100.0
119.9979319999984	78.0	100.0
120.01673149998533	78.0	100.0
120.03806489999988	78.0	100.0
120.05787769999006	78.0	100.0
120.07791249998263	78.0	100.0
120.09750760000315	78.0	100.0
120.11744030000409	78.0	100.0
120.13754500000505	78.0	100.0
120.1584664999973	78.0	100.0
120.17763689998537	78.0	100.0
120.19786929999827	78.0	100.0
120.21765820001019	78.0	100.0
120.23790229999577	78.0	100.0
120.2582010999904	78.0	100.0
120.2779920999892	78.0	100.0
120.29808249999769	78.0	100.0
120.31773989999783	78.0	100.0
120.3378989000048	78.0	100.0
120.35822880000342	78.0	100.0
120.37888450000901	78.0	100.0
120.3990397999878	78.0	100.0
120.41840890000458	78.0	100.0
120.43832260000636	78.0	100.0
120.45904069999233	78.0	100.0
120.47817499999655	78.0	100.0
120.4980443000095	78.0	100.0
120.51839069998823	78.0	100.0
120.53829950001091	78.0	100.0
120.56042200000957	78.0	100.0
120.57845139998244	78.0	100.0
120.5983586999937	78.0	100.0
120.6180262999842	78.0	100.0
120.6384001999977	78.0	100.0
120.65828380000312	78.0	100.0
120.67824629999814	78.0	100.0
120.69827610001084	78.0	100.0
120.71817189999274	78.0	100.0
120.73772219999228	78.0	100.0
120.75839529998484	78.0	100.0
120.77815530000953	78.0	100.0
120.79764649999561	78.0	100.0
120.81711139998515	78.0	100.0
120.83922220001114	78.0	100.0
120.85823909999453	78.0	100.0
120.87830640000175	78.0	100.0
120.89801460001036	78.0	100.0
120.91790189998574	78.0	100.0
120.93761639998411	78.0	100.0
120.95809329999611	78.0	100.0
120.9773009000055	78.0	100.0
120.99816079999437	78.0	100.0
121.04662199999439	78.0	100.0
121.04664519999642	78.0	100.0
121.05824509999366	78.0	100.0
121.07799399999203	78.0	100.0
121.09782679998898	78.0	100.0
121.1416668999882	78.0	100.0
121.14191539998865	78.0	100.0
121.15776090000873	78.0	100.0
121.17786170000909	78.0	100.0
121.19800119998399	78.0	100.0
121.24303019998479	78.0	100.0
121.24304860000848	78.0	100.0
121.25784000000567	78.0	100.0
121.2786497999914	78.0	100.0
121.29751400000532	78.0	100.0
121.3460919999925	78.0	100.0
121.34612669999478	78.0	100.0
121.35786809999263	78.0	100.0
121.37854549998883	78.0	100.0
121.39853820001008	77.0	100.0
121.44851029998972	77.0	100.0
121.44853009999497	77.0	100.0
121.45785390000674	77.0	100.0
121.47643330000574	77.0	100.0
121.49688859999878	77.0	100.0
121.55096930000582	77.0	100.0
121.5509890000103	77.0	100.0
121.55869320000056	77.0	100.0
121.5781757000077	77.0	100.0
121.5975392999826	77.0	100.0
121.61350209999364	77.0	100.0
121.65277069999138	77.0	100.0
121.65952310001012	77.0	100.0
121.67803419998381	77.0	100.0
121.69776300000376	77.0	100.0
121.71825309999986	77.0	100.0
121.73681169998599	77.0	100.0
121.75837239998509	77.0	100.0
121.77797589998227	77.0	100.0
121.7981407000043	77.0	100.0
121.81804209999973	77.0	100.0
122.00783879999653	77.0	100.0
122.00788799999282	77.0	100.0
122.00791270000627	77.0	100.0
122.00793580000754	77.0	100.0
122.0079587000073	77.0	100.0
122.00798140000552	77.0	100.0
122.00800390000222	77.0	100.0
122.0080261999974	77.0	100.0
122.00804859999334	77.0	100.0
122.01781210000627	77.0	100.0
122.2110604000045	77.0	100.0
122.21108059998369	77.0	100.0
122.2110890999902	77.0	100.0
122.21109759999672	77.0	100.0
122.21110499999486	77.0	100.0
122.21193449999555	77.0	100.0
122.21195209998405	77.0	100.0
122.21196059999056	77.0	100.0
122.21196879999479	77.0	100.0
122.21760939998785	77.0	100.0
122.23791279998841	77.0	100.0
122.25797979999334	77.0	100.0
122.31292100000428	77.0	100.0
122.31294699999853	77.0	100.0
122.31792939998559	77.0	100.0
122.33771220000926	77.0	100.0
122.45209279999835	77.0	100.0
122.4521288999822	77.0	100.0
122.45214660000056	77.0	100.0
122.45227549999254	77.0	100.0
122.45228999998653	77.0	100.0
122.45862689998467	77.0	100.0
122.4786160000076	77.0	100.0
122.49818309998955	77.0	100.0
122.518361800001	77.0	100.0
122.53755129998899	77.0	100.0
122.55921690000105	77.0	100.0
122.57831250000163	77.0	100.0
122.59808619998512	77.0	100.0
122.61865299998317	77.0	100.0
122.63832110000658	77.0	100.0
122.66843489999883	77.0	100.0
122.67834799998673	77.0	100.0
122.69811080000363	77.0	100.0
122.71812400000636	77.0	100.0
122.73814729999867	77.0	100.0
122.76313249999657	77.0	100.0
122.77789389999816	77.0	100.0
122.79819339999813	77.0	100.0
122.8179347999976	77.0	100.0
122.83818250001059	77.0	100.0
122.86541709999437	77.0	100.0
122.87840829999186	77.0	100.0
122.89810059999581	77.0	100.0
122.91847289999714	77.0	100.0
122.93710579999606	77.0	100.0
123.13351369998418	77.0	100.0
123.13482810001005	77.0	100.0
123.13485909998417	77.0	100.0
123.13487650000025	77.0	100.0
123.13489359998493	77.0	100.0
123.13491029999568	77.0	100.0
123.13492670000414	77.0	100.0
123.13494600000558	77.0	100.0
123.13496669998858	77.0	100.0
123.13745010001003	77.0	100.0
123.15870520001044	77.0	100.0
123.17737659998238	77.0	100.0
123.19761410000501	77.0	100.0
123.24644280000939	77.0	100.0
123.24692909998703	77.0	100.0
123.25751930000843	77.0	100.0
123.38230180001119	77.0	100.0
123.38234340000781	77.0	100.0
123.38236570000299	77.0	100.0
123.38300999999046	77.0	100.0
123.38305639999453	77.0	100.0
123.38308400000096	77.0	100.0
123.39825709999423	76.0	100.0
123.41789199999766	76.0	100.0
123.43998799999827	76.0	100.0
123.45829559999402	76.0	100.0
123.47673460000078	76.0	100.0
123.49677179998253	76.0	100.0
123.54140600000392	76.0	100.0
123.54143039998598	76.0	100.0
123.55963830000837	76.0	100.0
123.68152230000123	76.0	100.0
123.68153959998745	76.0	100.0
123.68154749998939	76.0	100.0
123.68155869998736	76.0	100.0
123.68156649998855	76.0	100.0
123.6815748999943	76.0	100.0
123.69757970000501	76.0	100.0
123.71766870000283	76.0	100.0
123.7369844999921	76.0	100.0
123.75819399999455	76.0	100.0
123.77734430000419	76.0	100.0
123.79764820000855	76.0	100.0
123.85348729998805	76.0	100.0
123.85350699999253	76.0	100.0
123.85351479999372	76.0	100.0
123.87296350000543	76.0	100.0
123.98883149999892	76.0	100.0
123.98887380000087	76.0	100.0
123.98888289998285	76.0	100.0
123.98889119998785	76.0	100.0
123.98889899998903	76.0	100.0
123.99811950000003	76.0	100.0
124.01699119998375	76.0	100.0
124.03790080000181	76.0	100.0
124.0568581999978	76.0	100.0
124.07706700000563	76.0	100.0
124.09655940000084	76.0	100.0
124.12789040000644	76.0	100.0
124.13653049999266	76.0	100.0
124.15766339999391	76.0	100.0
124.17685349998646	76.0	100.0
124.3623193000094	76.0	100.0
124.36233939998783	76.0	100.0
124.36234779999359	76.0	100.0
124.36235549999401	76.0	100.0
124.36236319999443	76.0	100.0
124.36237099999562	76.0	100.0
124.36237849999452	76.0	100.0
124.36238569999114	76.0	100.0
124.36239289998775	76.0	100.0
124.377800199989	76.0	100.0
124.39669629998389	76.0	100.0
124.41727109998465	76.0	100.0
124.47596000001067	76.0	100.0
124.47599579999223	76.0	100.0
124.4783533999871	76.0	100.0
124.49662709998665	76.0	100.0
124.61092069998267	76.0	100.0
124.61094099999173	76.0	100.0
124.61094990000129	76.0	100.0
124.61095999999088	76.0	100.0
124.61096779999207	76.0	100.0
124.61672839999665	76.0	100.0
124.63662720000139	76.0	100.0
124.65741369998432	76.0	100.0
124.67756469998858	76.0	100.0
124.71636399999261	76.0	100.0
124.71772029998829	76.0	100.0
124.73658870000509	76.0	100.0
124.75746059999801	76.0	100.0
124.7777369999967	76.0	100.0
124.80222039998625	76.0	100.0
124.81670920000761	76.0	100.0
124.83774749998702	76.0	100.0
124.85775389999617	76.0	100.0
124.87761019999743	76.0	100.0
124.90916380000999	76.0	100.0
124.91797330000554	76.0	100.0
124.93767499999376	76.0	100.0
124.96692720000283	76.0	100.0
124.97742079998716	76.0	100.0
124.9975764999981	76.0	100.0
125.01740039998549	76.0	100.0
125.03789989999495	76.0	100.0
125.05781389999902	76.0	100.0
125.07797529999516	76.0	100.0
125.09765330000664	76.0	100.0
125.1169579999987	76.0	100.0
125.13753690000158	76.0	100.0
125.15764379999018	76.0	100.0
125.17736559998593	76.0	100.0
125.1980857999879	76.0	100.0
125.21766269998625	76.0	100.0
125.23782370000845	76.0	100.0
125.25813659999403	76.0	100.0
125.2779051999969	76.0	100.0
125.2973415000015	76.0	100.0
125.31760730000678	76.0	100.0
125.33759730000747	76.0	100.0
125.35818499999004	76.0	100.0
125.37832319998415	76.0	100.0
125.39907610000228	76.0	100.0
125.41766829998232	76.0	100.0
125.43762959999731	76.0	100.0
125.45789220000734	76.0	100.0
125.47794599999906	76.0	100.0
125.49809740000637	76.0	100.0
125.51702150001074	76.0	100.0
125.53784000000451	76.0	100.0
125.55849820000003	76.0	100.0
125.57762199998251	76.0	100.0
125.59789239999373	76.0	100.0
125.61804149998352	76.0	100.0
125.63698929999373	76.0	100.0
125.65805130000808	76.0	100.0
125.67816059998586	76.0	100.0
125.6978311999992	76.0	100.0
125.71787389999372	76.0	100.0
125.73806450000848	76.0	100.0
125.75799069998902	76.0	100.0
125.77746519999346	76.0	100.0
125.79792919999454	76.0	100.0
125.818050700007	76.0	100.0
125.83822080001119	76.0	100.0
125.85842219999176	76.0	100.0
125.87774009999703	76.0	100.0
125.8978514999908	76.0	100.0
125.91832679999061	76.0	100.0
125.93772769998759	76.0	100.0
125.9582301999908	76.0	100.0
125.97820529999444	76.0	100.0
125.99817010000697	76.0	100.0
126.01767529998324	76.0	100.0
126.03816789999837	76.0	100.0
126.05817559998832	76.0	100.0
126.07804369999212	76.0	100.0
126.09797080000862	76.0	100.0
126.11802200000966	76.0	100.0
126.13786009998876	76.0	100.0
126.1579686999903	76.0	100.0
126.17550139999366	76.0	100.0
126.1983276999963	76.0	100.0
126.21785929999896	76.0	100.0
126.2372003000055	76.0	100.0
126.25774959998671	76.0	100.0
126.27846139998292	76.0	100.0
126.29796870000428	76.0	100.0
126.31875010000658	76.0	100.0
126.33865709998645	76.0	100.0
126.3589811999991	76.0	100.0
126.37852169998223	76.0	100.0
126.39892380000674	76.0	100.0
126.41833700001007	76.0	100.0
126.43855600000825	76.0	100.0
126.45898110000417	76.0	100.0
126.47848029999295	76.0	100.0
126.49822439998388	76.0	100.0
126.51832239999203	76.0	100.0
126.53744719998213	76.0	100.0
126.55977859999985	76.0	100.0
126.57792529999278	76.0	100.0
126.59810639999341	76.0	100.0
126.61777670000447	76.0	100.0
126.63826919998974	76.0	100.0
126.65804159999243	76.0	100.0
126.67775179998716	76.0	100.0
126.69745989999501	76.0	100.0
126.71789460000582	76.0	100.0
126.7377329999872	76.0	100.0
126.75846350000938	76.0	100.0
126.77776789999916	76.0	100.0
126.79789610000444	76.0	100.0
126.81796779998695	76.0	100.0
126.8377421000041	76.0	100.0
126.85741910000797	76.0	100.0
126.87837980000768	76.0	100.0
126.89756720000878	76.0	100.0
126.91842319999705	76.0	100.0
126.93789820000529	76.0	100.0
126.95886350001092	76.0	100.0
126.97832239998388	76.0	100.0
126.99870269998792	76.0	100.0
127.01753680000547	76.0	100.0
127.03817569999956	76.0	100.0
127.05804430000717	76.0	100.0
127.07778849999886	76.0	100.0
127.09757280000485	76.0	100.0
127.11767919998965	76.0	100.0
127.13772609998705	76.0	100.0
127.15750470000785	76.0	100.0
127.17583069999819	76.0	100.0
127.19747610000195	76.0	100.0
127.21812380000483	76.0	100.0
127.23881690000417	76.0	100.0
127.2587332999974	76.0	100.0
127.27802559998236	76.0	100.0
127.297868499998	76.0	100.0
127.31803900000523	76.0	100.0
127.33801370000583	76.0	100.0
127.35871830000542	76.0	100.0
127.37833129998762	76.0	100.0
127.39890030000242	77.0	100.0
127.41845589998411	77.0	100.0
127.43838879998657	77.0	100.0
127.45825100000366	77.0	100.0
127.47855759999948	77.0	100.0
127.49827549999463	77.0	100.0
127.51856349999434	77.0	100.0
127.53837389999535	77.0	100.0
127.5592679999827	77.0	100.0
127.57867429999169	77.0	100.0
127.59853759998805	77.0	100.0
127.61839970000437	77.0	100.0
127.63842380000278	77.0	100.0
127.65827230000286	77.0	100.0
127.67760439999984	77.0	100.0
127.69786220000242	77.0	100.0
127.71824489999563	77.0	100.0
127.73776839999482	77.0	100.0
127.75833569999668	77.0	100.0
127.77807209998718	77.0	100.0
127.79797109999345	77.0	100.0
127.81804109999212	77.0	100.0
127.83841289998963	77.0	100.0
127.85844740000903	77.0	100.0
127.87793389998842	77.0	100.0
127.8978850999847	77.0	100.0
127.91799509999692	77.0	100.0
127.93786849998287	77.0	100.0
127.9588470000017	77.0	100.0
127.97758619999513	77.0	100.0
127.99765499998466	77.0	100.0
128.01822870000615	77.0	100.0
128.0379385999986	77.0	100.0
128.05808650000836	77.0	100.0
128.07870589999948	77.0	100.0
128.09756289998768	77.0	100.0
128.11793269999907	77.0	100.0
128.13813780000783	77.0	100.0
128.15828519998468	77.0	100.0
128.1827842000057	77.0	100.0
128.19814069999848	77.0	100.0
128.2179577999923	77.0	100.0
128.23785010000574	77.0	100.0
128.25822240000707	77.0	100.0
128.2779646999843	77.0	100.0
128.2983688999957	77.0	100.0
128.31819910000195	77.0	100.0
128.33747739999671	77.0	100.0
128.35855219999212	77.0	100.0
128.37918039999204	77.0	100.0
128.39869299999555	78.0	100.0
128.41826639999636	78.0	100.0
128.43868540000403	78.0	100.0
128.4578363999899	78.0	100.0
128.47752009998658	78.0	100.0
128.49718499998562	78.0	100.0
128.518152500008	78.0	100.0
128.5377853999962	78.0	100.0
128.55840760000865	78.0	100.0
128.57773289998295	78.0	100.0
128.59767119999742	78.0	100.0
128.61777310000616	78.0	100.0
128.63748099998338	78.0	100.0
128.65810890001012	78.0	100.0
128.67822739999974	78.0	100.0
128.69675559998723	78.0	100.0
128.71759200000088	78.0	100.0
128.73799419999705	78.0	100.0
128.7582565000048	78.0	100.0
128.777854999993	78.0	100.0
128.7982408000098	78.0	100.0
128.81797269999515	78.0	100.0
128.8383121000079	78.0	100.0
128.85832090000622	78.0	100.0
128.87809919999563	78.0	100.0
128.89782799998648	78.0	100.0
128.91827449999982	78.0	100.0
128.93761880000238	78.0	100.0
128.95818660000805	78.0	100.0
128.977914099989	78.0	100.0
128.99824899999658	78.0	100.0
129.0180427999876	78.0	100.0
129.03861769998912	78.0	100.0
129.05843869998353	78.0	100.0
129.07819619998918	78.0	100.0
129.09797609999077	78.0	100.0
129.11816280000494	78.0	100.0
129.13810670000385	78.0	100.0
129.1592558999837	78.0	100.0
129.1784776999848	78.0	100.0
129.19860030000564	78.0	100.0
129.21849810000276	78.0	100.0
129.2385704999906	78.0	100.0
129.2588245999941	78.0	100.0
129.27876220000326	78.0	100.0
129.29776590000256	78.0	100.0
129.31821619998664	78.0	100.0
129.3376358000096	78.0	100.0
129.35899589999462	78.0	100.0
129.3787805000029	78.0	100.0
129.39889250000124	79.0	100.0
129.418264500011	79.0	100.0
129.43837479999638	79.0	100.0
129.4589052000083	79.0	100.0
129.4788913000084	79.0	100.0
129.4986665000033	79.0	100.0
129.51878779998515	79.0	100.0
129.5388386999839	79.0	100.0
129.56079089999548	79.0	100.0
129.57902340000146	79.0	100.0
129.59900950000156	79.0	100.0
129.61841759999515	79.0	100.0
129.63882990001002	79.0	100.0
129.65873629998532	79.0	100.0
129.6783957000007	79.0	100.0
129.69876769999973	79.0	100.0
129.71859050000785	79.0	100.0
129.7385311999824	79.0	100.0
129.75892049999675	79.0	100.0
129.77849440000136	79.0	100.0
129.79864679998718	79.0	100.0
129.8188206999912	79.0	100.0
129.83918849998736	79.0	100.0
129.85888149999664	79.0	100.0
129.87918779999018	79.0	100.0
129.89805449999403	79.0	100.0
129.9193832000019	79.0	100.0
129.9388956000039	79.0	100.0
129.95903440000257	79.0	100.0
129.97904830001062	79.0	100.0
129.99869300000137	79.0	100.0
130.01801319999504	79.0	100.0
130.0400343000074	79.0	100.0
130.05808779998915	79.0	100.0
130.07992190000368	79.0	100.0
130.09435949998442	79.0	100.0
130.1173290000006	79.0	100.0
130.13872719998471	79.0	100.0
130.15914519998478	79.0	100.0
130.17875749999075	79.0	100.0
130.19906109999283	79.0	100.0
130.2189051999885	79.0	100.0
130.23759219999192	79.0	100.0
130.25724440001068	79.0	100.0
130.27583009999944	79.0	100.0
130.2935118000023	79.0	100.0
130.31557559999055	79.0	100.0
130.33660479998798	79.0	100.0
130.3590200000035	79.0	100.0
130.37927899998613	79.0	100.0
130.39886399998795	81.0	100.0
130.41873179998947	81.0	100.0
130.43911449998268	81.0	100.0
130.45819340000162	81.0	100.0
130.4794688000111	81.0	100.0
130.49834900000133	81.0	100.0
130.51972549999482	81.0	100.0
130.53914989999612	81.0	100.0
130.55939069998567	81.0	100.0
130.57809349999297	81.0	100.0
130.5998333999887	81.0	100.0
130.6192153999873	81.0	100.0
130.63921490000212	81.0	100.0
130.65913260000525	81.0	100.0
130.67921770000248	81.0	100.0
130.69899979999173	81.0	100.0
130.71899259998463	81.0	100.0
130.7387611999875	81.0	100.0
130.758926599985	81.0	100.0
130.77896140000666	81.0	100.0
130.79882120000548	81.0	100.0
130.81879580000532	81.0	100.0
130.83888450000086	81.0	100.0
130.8593198999879	81.0	100.0
130.87891500000842	81.0	100.0
130.89929709999706	81.0	100.0
130.91924519999884	81.0	100.0
130.93912629998522	81.0	100.0
130.9601049000048	81.0	100.0
130.97913920000428	81.0	100.0
130.9991743999999	81.0	100.0
131.01931189998868	81.0	100.0
131.03903139999602	81.0	100.0
131.0591129999957	81.0	100.0
131.07915350000258	81.0	100.0
131.09947349998401	81.0	100.0
131.11972729998524	81.0	100.0
131.14467859998695	81.0	100.0
131.159931400005	81.0	100.0
131.17917069999385	81.0	100.0
131.19936249998864	81.0	100.0
131.21847100000014	81.0	100.0
131.23983770000632	81.0	100.0
131.2598044000042	81.0	100.0
131.2793904999853	81.0	100.0
131.29877709998982	81.0	100.0
131.31951840000693	81.0	100.0
131.33963820000645	81.0	100.0
131.3600865000044	81.0	100.0
131.38023439998506	81.0	100.0
131.39910409998265	81.0	100.0
131.41949410000234	81.0	100.0
131.44030940000084	81.0	100.0
131.4599450000096	81.0	100.0
131.4791125000047	81.0	100.0
131.4991299000103	81.0	100.0
131.519386400003	81.0	100.0
131.53950739998254	81.0	100.0
131.55833599998732	81.0	100.0
131.5794462999911	81.0	100.0
131.59924680000404	81.0	100.0
131.61943649998284	81.0	100.0
131.63915820000693	81.0	100.0
131.6599081000022	81.0	100.0
131.67924470000435	81.0	100.0
131.69956459998502	81.0	100.0
131.71934499999043	81.0	100.0
131.73944519998622	81.0	100.0
131.75738830000046	81.0	100.0
131.7783669999917	81.0	100.0
131.79841280000983	81.0	100.0
131.81910560000688	81.0	100.0
131.83918019998237	81.0	100.0
131.85953630000586	81.0	100.0
131.88022069999715	81.0	100.0
131.89904049999313	81.0	100.0
131.92025659998762	81.0	100.0
131.93917199998396	81.0	100.0
131.9594708000077	81.0	100.0
131.97980549998465	81.0	100.0
131.99631319998298	81.0	100.0
132.0189746999822	81.0	100.0
132.04042440000921	81.0	100.0
132.06011180000496	81.0	100.0
132.08004430000437	81.0	100.0
132.09949950000737	81.0	100.0
132.11931459998596	81.0	100.0
132.13989550000406	81.0	100.0
132.1604653999966	81.0	100.0
132.1791108000034	81.0	100.0
132.19943109998712	81.0	100.0
132.22010869998485	81.0	100.0
132.24043790000724	81.0	100.0
132.2604915999982	81.0	100.0
132.27708949998487	81.0	100.0
132.2987509999948	81.0	100.0
132.31994339998346	81.0	100.0
132.33941719998256	81.0	100.0
132.3603962000052	81.0	100.0
132.38000760000432	81.0	100.0
132.40374750000774	81.0	100.0
132.41950469999574	81.0	100.0
132.43987609999022	81.0	100.0
132.46047869999893	81.0	100.0
132.48031859999173	81.0	100.0
132.50022180000087	81.0	100.0
132.517803499999	81.0	100.0
132.53940439998405	81.0	100.0
132.56324729998596	81.0	100.0
132.57813889998943	81.0	100.0
132.60039790000883	81.0	100.0
132.61987659998704	81.0	100.0
132.64030890000868	81.0	100.0
132.66027749999193	81.0	100.0
132.67983410001034	81.0	100.0
132.6996125000005	81.0	100.0
132.7196632999985	81.0	100.0
132.73974389999057	81.0	100.0
132.76009960001102	81.0	100.0
132.78010709999944	81.0	100.0
132.80023339999025	81.0	100.0
132.82020690001082	81.0	100.0
132.84043939999538	81.0	100.0
132.86067289998755	81.0	100.0
132.88068329999805	81.0	100.0
132.9002482999931	81.0	100.0
132.9201735999959	81.0	100.0
132.93996079999488	81.0	100.0
132.960319899983	81.0	100.0
132.97932980000041	81.0	100.0
133.000063399988	81.0	100.0
133.02000230000704	81.0	100.0
133.04040430000168	81.0	100.0
133.06038789998274	81.0	100.0
133.08018829999492	81.0	100.0
133.09993239998585	81.0	100.0
133.11995829999796	81.0	100.0
133.1401513000019	81.0	100.0
133.1601953000063	81.0	100.0
133.17999109998345	81.0	100.0
133.199926900008	81.0	100.0
133.21969259998878	81.0	100.0
133.24008079999476	81.0	100.0
133.25995649999822	81.0	100.0
133.28020079998532	81.0	100.0
133.3000017000013	81.0	100.0
133.32010350000928	81.0	100.0
133.3398615999904	81.0	100.0
133.36036819999572	81.0	100.0
133.38051309998264	81.0	100.0
133.39959019998787	82.0	100.0
133.42000240000198	82.0	100.0
133.43993500000215	82.0	100.0
133.46009219999542	82.0	100.0
133.4801135000016	82.0	100.0
133.5000017999846	82.0	100.0
133.52007400000002	82.0	100.0
133.53970500000287	82.0	100.0
133.5602821999928	82.0	100.0
133.57993690000148	82.0	100.0
133.6003570999892	82.0	100.0
133.62011039999197	82.0	100.0
133.64016789998277	82.0	100.0
133.66032120000455	82.0	100.0
133.6802491999988	82.0	100.0
133.70013300000574	82.0	100.0
133.72018470001058	82.0	100.0
133.7401442999835	82.0	100.0
133.7602695999958	82.0	100.0
133.7800900999864	82.0	100.0
133.80030999999144	82.0	100.0
133.82005439998466	82.0	100.0
133.84076399999321	82.0	100.0
133.86021529999562	82.0	100.0
133.88127419998636	82.0	100.0
133.90079769998556	82.0	100.0
133.92028160000336	82.0	100.0
133.9418114	82.0	100.0
133.9604577999853	82.0	100.0
133.9806377000059	82.0	100.0
134.00135939999018	82.0	100.0
134.02031900000293	82.0	100.0
134.04036270000506	82.0	100.0
134.06038780001109	82.0	100.0
134.0804785999935	82.0	100.0
134.1002862000023	82.0	100.0
134.12035839998862	82.0	100.0
134.14025739999488	82.0	100.0
134.16066269998555	82.0	100.0
134.1805047999951	82.0	100.0
134.20018650000566	82.0	100.0
134.22014409999247	82.0	100.0
134.24045370001113	82.0	100.0
134.26056520000566	82.0	100.0
134.2805556000094	82.0	100.0
134.30045849998714	82.0	100.0
134.32067349998397	82.0	100.0
134.34414400000242	82.0	100.0
134.36069390000193	82.0	100.0
134.39309639998828	82.0	100.0
134.4007016000105	83.0	100.0
134.42016650000005	83.0	100.0
134.44082499999786	83.0	100.0
134.46078550000675	83.0	100.0
134.4820461999916	83.0	100.0
134.50072869998985	83.0	100.0
134.5207506000006	83.0	100.0
134.54030220001005	83.0	100.0
134.5614777999872	83.0	100.0
134.58005049999338	83.0	100.0
134.6005082000047	83.0	100.0
134.62059020000743	83.0	100.0
134.64058040000964	83.0	100.0
134.66075690000434	83.0	100.0
134.68074039998464	83.0	100.0
134.7003837999946	83.0	100.0
134.72051330000977	83.0	100.0
134.74046209998778	83.0	100.0
134.76103679998778	83.0	100.0
134.78045530000236	83.0	100.0
134.80067369999597	83.0	100.0
134.82049290000577	83.0	100.0
134.84117040000274	83.0	100.0
134.8607081999944	83.0	100.0
134.88069160000305	83.0	100.0
134.90057009999873	83.0	100.0
134.92067960000713	83.0	100.0
134.94093350000912	83.0	100.0
134.96074409998255	83.0	100.0
134.98018270000466	83.0	100.0
135.00059179999516	83.0	100.0
135.02041420000023	83.0	100.0
135.04100480000488	83.0	100.0
135.06078870000783	83.0	100.0
135.08017110000947	83.0	100.0
135.1001949000056	83.0	100.0
135.1208556999918	83.0	100.0
135.1405708999955	83.0	100.0
135.16148049998446	83.0	100.0
135.18044259998715	83.0	100.0
135.2008394000004	83.0	100.0
135.2206809000054	83.0	100.0
135.2408291999891	83.0	100.0
135.26132970000617	83.0	100.0
135.28061519999756	83.0	100.0
135.3009480999899	83.0	100.0
135.32150449999608	83.0	100.0
135.34401040000375	83.0	100.0
135.3621470000071	83.0	100.0
135.38123179998365	83.0	100.0
135.4007883000013	84.0	100.0
135.42059649998555	84.0	100.0
135.44119519999367	84.0	100.0
135.46061320000445	84.0	100.0
135.48062210000353	84.0	100.0
135.50028320000274	84.0	100.0
135.5213350999984	84.0	100.0
135.54039859998738	84.0	100.0
135.5627761000069	84.0	100.0
135.58064100000774	84.0	100.0
135.60094080001	84.0	100.0
135.6203400999948	84.0	100.0
135.6415338999941	84.0	100.0
135.66112790000625	84.0	100.0
135.68179279999458	84.0	100.0
135.7016095999861	84.0	100.0
135.72153839998646	84.0	100.0
135.74103820000892	84.0	100.0
135.7615272999974	84.0	100.0
135.78049999999348	84.0	100.0
135.80106289999094	84.0	100.0
135.8208672000037	84.0	100.0
135.8410625999968	84.0	100.0
135.86088419999578	84.0	100.0
135.88159770000493	84.0	100.0
135.9006795999885	84.0	100.0
135.920635699993	84.0	100.0
135.94059509999352	84.0	100.0
135.961000100011	84.0	100.0
135.98120400001062	84.0	100.0
136.001640100003	84.0	100.0
136.02067840000382	84.0	100.0
136.04152540001087	84.0	100.0
136.0607395999832	84.0	100.0
136.0805684000079	84.0	100.0
136.10063189998618	84.0	100.0
136.12159110000357	84.0	100.0
136.14084459998412	84.0	100.0
136.16153310000664	84.0	100.0
136.18063250000705	84.0	100.0
136.20075240000733	84.0	100.0
136.220774299989	84.0	100.0
136.24165260000154	84.0	100.0
136.26160999998683	84.0	100.0
136.28151689999504	84.0	100.0
136.30152179999277	84.0	100.0
136.32082049999735	84.0	100.0
136.3460705000034	84.0	100.0
136.36172929999884	84.0	100.0
136.38170510000782	84.0	100.0
136.40184370000497	84.0	100.0
136.42149800001062	84.0	100.0
136.44162090000464	84.0	100.0
136.461693499994	84.0	100.0
136.48241470000357	84.0	100.0
136.502044199995	84.0	100.0
136.52209280000534	84.0	100.0
136.54223329998786	84.0	100.0
136.5625352000061	84.0	100.0
136.58201049998752	84.0	100.0
136.60249980000663	84.0	100.0
136.62218859998393	84.0	100.0
136.642397299991	84.0	100.0
136.66211830000975	84.0	100.0
136.68191439998918	84.0	100.0
136.70150530000683	84.0	100.0
136.7220268000092	84.0	100.0
136.74182329999167	84.0	100.0
136.76235479998286	84.0	100.0
136.78200889998698	84.0	100.0
136.8020464000001	84.0	100.0
136.8218923000095	84.0	100.0
136.8427878000075	84.0	100.0
136.86254410000402	84.0	100.0
136.882162599999	84.0	100.0
136.90215189999435	84.0	100.0
136.92199820000678	84.0	100.0
136.94199530000333	84.0	100.0
136.9625961999991	84.0	100.0
136.98188169999048	84.0	100.0
137.0020494000055	84.0	100.0
137.0225026999833	84.0	100.0
137.0422600999882	84.0	100.0
137.06255860000965	84.0	100.0
137.082302099996	84.0	100.0
137.1022718999884	84.0	100.0
137.12227749999147	84.0	100.0
137.1421629000106	84.0	100.0
137.161921299994	84.0	100.0
137.1808977999899	84.0	100.0
137.20209390000673	84.0	100.0
137.2220774999878	84.0	100.0
137.24244319999707	84.0	100.0
137.2631290999998	84.0	100.0
137.28254580000066	84.0	100.0
137.3021502000047	84.0	100.0
137.3223469000077	84.0	100.0
137.3420582000108	84.0	100.0
137.36275020000176	84.0	100.0
137.38293079999858	84.0	100.0
137.40367379999952	84.0	100.0
137.42218409999623	84.0	100.0
137.44264029999613	84.0	100.0
137.4625231999962	84.0	100.0
137.48289680000744	84.0	100.0
137.50212109999848	84.0	100.0
137.5224571999861	84.0	100.0
137.5424623999861	84.0	100.0
137.56351139998878	84.0	100.0
137.58266690000892	84.0	100.0
137.6028426999983	84.0	100.0
137.6228875000088	84.0	100.0
137.64257249998627	84.0	100.0
137.6627249000012	84.0	100.0
137.6826951999974	84.0	100.0
137.70230159998755	84.0	100.0
137.72274100000504	84.0	100.0
137.74268409999786	84.0	100.0
137.7629678999947	84.0	100.0
137.78237810000428	84.0	100.0
137.80310659998213	84.0	100.0
137.82208929999615	84.0	100.0
137.84293519999483	84.0	100.0
137.86360859998967	84.0	100.0
137.8831923000107	84.0	100.0
137.90278499998385	84.0	100.0
137.9232645999873	84.0	100.0
137.94253000000026	84.0	100.0
137.96295180000016	84.0	100.0
137.98342820000835	84.0	100.0
138.0027909000055	84.0	100.0
138.0228494000039	84.0	100.0
138.0432213000022	84.0	100.0
138.06294770000386	84.0	100.0
138.08280010000453	84.0	100.0
138.10276199999498	84.0	100.0
138.12278209999204	84.0	100.0
138.14258089999203	84.0	100.0
138.16407420000178	84.0	100.0
138.1817502999911	84.0	100.0
138.20228969998425	84.0	100.0
138.2228608999867	84.0	100.0
138.24304559998563	84.0	100.0
138.26311450000503	84.0	100.0
138.28293419998954	84.0	100.0
138.30267659999663	84.0	100.0
138.32359749998432	84.0	100.0
138.34363739998662	84.0	100.0
138.36421689999406	84.0	100.0
138.38410110000405	84.0	100.0
138.4046199999866	85.0	100.0
138.4232786000066	85.0	100.0
138.44296680000843	85.0	100.0
138.46317800000543	85.0	100.0
138.48306309999316	85.0	100.0
138.5029935000057	85.0	100.0
138.5238252999843	85.0	100.0
138.5428864999849	85.0	100.0
138.56449059999431	85.0	100.0
138.58359349999228	85.0	100.0
138.60297949999222	85.0	100.0
138.62282250000862	85.0	100.0
138.64353020000271	85.0	100.0
138.66350269998657	85.0	100.0
138.6831758999906	85.0	100.0
138.70329889998538	85.0	100.0
138.7228247000021	85.0	100.0
138.74232580000535	85.0	100.0
138.76316249999218	85.0	100.0
138.7828831000079	85.0	100.0
138.80341629998293	85.0	100.0
138.8241052000085	85.0	100.0
138.84331279998878	85.0	100.0
138.86377480000374	85.0	100.0
138.88323720000335	85.0	100.0
138.9030906999833	85.0	100.0
138.9241659999825	85.0	100.0
138.943500399997	85.0	100.0
138.96341209998354	85.0	100.0
138.98309359999257	85.0	100.0
139.00375649999478	85.0	100.0
139.0224290000042	85.0	100.0
139.04314110000269	85.0	100.0
139.06428250001045	85.0	100.0
139.0833932000096	85.0	100.0
139.1029295999906	85.0	100.0
139.1243969000061	85.0	100.0
139.1431933999993	85.0	100.0
139.1641313	85.0	100.0
139.1835632000002	85.0	100.0
139.2033580999996	85.0	100.0
139.2241750000103	85.0	100.0
139.24399439999252	85.0	100.0
139.2642280999862	85.0	100.0
139.28410980000626	85.0	100.0
139.3043328000058	85.0	100.0
139.32543329999316	85.0	100.0
139.34353849999025	85.0	100.0
139.36429669999052	85.0	100.0
139.3845552999992	85.0	100.0
139.4039677999972	86.0	100.0
139.42344230000162	86.0	100.0
139.4441960999975	86.0	100.0
139.46419339999557	86.0	100.0
139.4840234000003	86.0	100.0
139.50376210000832	86.0	100.0
139.5242874000105	86.0	100.0
139.54419320001034	86.0	100.0
139.56440219999058	86.0	100.0
139.5842549999943	86.0	100.0
139.60437300000922	86.0	100.0
139.62432390000322	86.0	100.0
139.64384710000013	86.0	100.0
139.66420619998826	86.0	100.0
139.6840741999913	86.0	100.0
139.70347989999573	86.0	100.0
139.72388849998242	86.0	100.0
139.7436381999869	86.0	100.0
139.76394159998745	86.0	100.0
139.78366320001078	86.0	100.0
139.80436690000352	86.0	100.0
139.82322620000923	86.0	100.0
139.84408179999446	86.0	100.0
139.86408299999312	86.0	100.0
139.88417320000008	86.0	100.0
139.90397819998907	86.0	100.0
139.9244412999833	86.0	100.0
139.94427829998313	86.0	100.0
139.96480539999902	86.0	100.0
139.98387999998522	86.0	100.0
140.00447379998513	86.0	100.0
140.02650639999774	86.0	100.0
140.04434530000435	86.0	100.0
140.06482790000155	86.0	100.0
140.08462089998648	86.0	100.0
140.1043187000032	86.0	100.0
140.12457559999893	86.0	100.0
140.14427859999705	86.0	100.0
140.16496530000586	86.0	100.0
140.18435729999328	86.0	100.0
140.2046771000023	86.0	100.0
140.2242966000049	86.0	100.0
140.2441240999906	86.0	100.0
140.2640614999982	86.0	100.0
140.2838822999911	86.0	100.0
140.30379599999287	86.0	100.0
140.32434120000107	86.0	100.0
140.34401900001103	86.0	100.0
140.36420009998255	86.0	100.0
140.38461059998372	86.0	100.0
140.4043369999854	87.0	100.0
140.4241178999946	87.0	100.0
140.44415739999386	87.0	100.0
140.46431529999245	87.0	100.0
140.48420829998213	87.0	100.0
140.50398400000995	87.0	100.0
140.52415620000102	87.0	100.0
140.5440998999984	87.0	100.0
140.5647256000084	87.0	100.0
140.58398060000036	87.0	100.0
140.605035399989	87.0	100.0
140.62433709998732	87.0	100.0
140.64418909998494	87.0	100.0
140.66474489998654	87.0	100.0
140.68448880000506	87.0	100.0
140.70458789999248	87.0	100.0
140.72466310000164	87.0	100.0
140.74454929999774	87.0	100.0
140.76408719999017	87.0	100.0
140.7841536999913	87.0	100.0
140.80442959998618	87.0	100.0
140.82436329999473	87.0	100.0
140.8458757000044	87.0	100.0
140.8649826000037	87.0	100.0
140.88473469999735	87.0	100.0
140.9042008999968	87.0	100.0
140.92452739999862	87.0	100.0
140.94446199998492	87.0	100.0
140.96473030000925	87.0	100.0
140.9847230000014	87.0	100.0
141.00459969998337	87.0	100.0
141.02488849998917	87.0	100.0
141.04470810000203	87.0	100.0
141.06474430000526	87.0	100.0
141.08407989999978	87.0	100.0
141.10448310000356	87.0	100.0
141.1240911000059	87.0	100.0
141.1443517000007	87.0	100.0
141.16517200000817	87.0	100.0
141.18387229999644	87.0	100.0
141.20419029999175	87.0	100.0
141.22419809998246	87.0	100.0
141.24414419999812	87.0	100.0
141.2642011999851	87.0	100.0
141.28442660000292	87.0	100.0
141.30401799999527	87.0	100.0
141.32427270000335	87.0	100.0
141.34415339998668	87.0	100.0
141.36518180000712	87.0	100.0
141.384690100007	87.0	100.0
141.40503550000722	88.0	100.0
141.42421870000544	88.0	100.0
141.44508489998407	88.0	100.0
141.46476879998227	88.0	100.0
141.48441790000652	88.0	100.0
141.50464589998592	88.0	100.0
141.52495479999925	88.0	100.0
141.5446297999879	88.0	100.0
141.56688689999282	88.0	100.0
141.58421090000775	88.0	100.0
141.60425420000684	88.0	100.0
141.62454759998946	88.0	100.0
141.64468689999194	88.0	100.0
141.6650026999996	88.0	100.0
141.6854772999941	88.0	100.0
141.70484620000934	88.0	100.0
141.72511840000516	88.0	100.0
141.74446929999976	88.0	100.0
141.76564500000677	88.0	100.0
141.78391140000895	88.0	100.0
141.80507259999285	88.0	100.0
141.82454979998874	88.0	100.0
141.84543489999487	88.0	100.0
141.86509219999425	88.0	100.0
141.88502859999426	88.0	100.0
141.90463370000361	88.0	100.0
141.9240249999857	88.0	100.0
141.9446503999934	88.0	100.0
141.96443789999466	88.0	100.0
141.9846821000101	88.0	100.0
142.00476740000886	88.0	100.0
142.0246971999877	88.0	100.0
142.0442680999986	88.0	100.0
142.06523790000938	88.0	100.0
142.08456660000957	88.0	100.0
142.10476909999852	88.0	100.0
142.12556799998856	88.0	100.0
142.14473709999584	88.0	100.0
142.1645758000086	88.0	100.0
142.1840330999985	88.0	100.0
142.20410460000858	88.0	100.0
142.2241009999998	88.0	100.0
142.24471130000893	88.0	100.0
142.26455339998938	88.0	100.0
142.28448480000952	88.0	100.0
142.30479319998994	88.0	100.0
142.32458990000305	88.0	100.0
142.35102880001068	88.0	100.0
142.36543139998685	88.0	100.0
142.3899737999891	88.0	100.0
142.40555419999873	88.0	100.0
142.42472350000753	88.0	100.0
142.44621639998513	88.0	100.0
142.46563550000428	88.0	100.0
142.48470820000512	88.0	100.0
142.50503159998334	88.0	100.0
142.52531440000166	88.0	100.0
142.5453397000092	88.0	100.0
142.56572690000758	88.0	100.0
142.5851806999999	88.0	100.0
142.6052395000006	88.0	100.0
142.62571389999357	88.0	100.0
142.64505990000907	88.0	100.0
142.66553779999958	88.0	100.0
142.6850875999953	88.0	100.0
142.70524819998536	88.0	100.0
142.7251389999874	88.0	100.0
142.74526460000197	88.0	100.0
142.76515709998785	88.0	100.0
142.78494399998453	88.0	100.0
142.8051554999838	88.0	100.0
142.82495710000512	88.0	100.0
142.8450112999999	88.0	100.0
142.86456069999258	88.0	100.0
142.8844426999858	88.0	100.0
142.9058042000106	88.0	100.0
142.9256427999935	88.0	100.0
142.94536650000373	88.0	100.0
142.96626069999184	88.0	100.0
142.98501599999145	88.0	100.0
143.00526060000993	88.0	100.0
143.0250498999958	88.0	100.0
143.0453780000098	88.0	100.0
143.0654988999886	88.0	100.0
143.08618889999343	88.0	100.0
143.10513389998232	88.0	100.0
143.12560919998214	88.0	100.0
143.14511330000823	88.0	100.0
143.16581790000782	88.0	100.0
143.1850623000064	88.0	100.0
143.20561509998515	88.0	100.0
143.22518949999358	88.0	100.0
143.24562219998916	88.0	100.0
143.26527269999497	88.0	100.0
143.28451679999125	88.0	100.0
143.304638600006	88.0	100.0
143.3250318999926	88.0	100.0
143.34485819999827	88.0	100.0
143.36588279998978	88.0	100.0
143.3862315999868	88.0	100.0
143.40624829998706	89.0	100.0
143.4258673999866	89.0	100.0
143.44615480001085	89.0	100.0
143.46617780000088	89.0	100.0
143.48592929998995	89.0	100.0
143.50547579998965	89.0	100.0
143.52547150000464	89.0	100.0
143.5445738999988	89.0	100.0
143.56552800000645	89.0	100.0
143.58451600000262	89.0	100.0
143.60468570000376	89.0	100.0
143.62589070000104	89.0	100.0
143.64552590000676	89.0	100.0
143.66538839999703	89.0	100.0
143.68538760000956	89.0	100.0
143.7054613000073	89.0	100.0
143.72549360000994	89.0	100.0
143.74615459999768	89.0	100.0
143.76595380000072	89.0	100.0
143.78532819999964	89.0	100.0
143.80554609998944	89.0	100.0
143.82525560000795	89.0	100.0
143.84537510000519	89.0	100.0
143.86593959998572	89.0	100.0
143.88566070000525	89.0	100.0
143.90549669999746	89.0	100.0
143.92699989999528	89.0	100.0
143.9453133000061	89.0	100.0
143.9663004000031	89.0	100.0
143.9857817000011	89.0	100.0
144.00592729999335	89.0	100.0
144.02608899999177	89.0	100.0
144.04608929998358	89.0	100.0
144.06629769998835	89.0	100.0
144.08585709999898	89.0	100.0
144.10590560000855	89.0	100.0
144.12600399999064	89.0	100.0
144.1458284999826	89.0	100.0
144.166622299992	89.0	100.0
144.18569059998845	89.0	100.0
144.20602409998537	89.0	100.0
144.2250464000099	89.0	100.0
144.2464556999912	89.0	100.0
144.26622950000456	89.0	100.0
144.28649239998776	89.0	100.0
144.30623099999502	89.0	100.0
144.32631899998523	89.0	100.0
144.3464844999835	89.0	100.0
144.36670799998683	89.0	100.0
144.38625209999736	89.0	100.0
144.40692670000135	90.0	100.0
144.43185600001016	90.0	100.0
144.44658299998264	90.0	100.0
144.46625940001104	90.0	100.0
144.48638280000887	90.0	100.0
144.5059248000034	90.0	100.0
144.5263205000083	90.0	100.0
144.5460771000071	90.0	100.0
144.5680396000098	90.0	100.0
144.58603669999866	90.0	100.0
144.60597390000476	90.0	100.0
144.62574290001066	90.0	100.0
144.64598100000876	90.0	100.0
144.66616970000905	90.0	100.0
144.68613369998639	90.0	100.0
144.70824479998555	90.0	100.0
144.72581679999712	90.0	100.0
144.7455759999866	90.0	100.0
144.76619749999372	90.0	100.0
144.78490729999612	90.0	100.0
144.80600089998916	90.0	100.0
144.82570749998558	90.0	100.0
144.8459493999835	90.0	100.0
144.86649739998393	90.0	100.0
144.8862678000005	90.0	100.0
144.9058640000003	90.0	100.0
144.92586399998982	90.0	100.0
144.9460046000022	90.0	100.0
144.9669808000035	90.0	100.0
144.98606609998387	90.0	100.0
145.00669780001044	90.0	100.0
145.02599069999997	90.0	100.0
145.0461357999884	90.0	100.0
145.06734909999068	90.0	100.0
145.08562689999235	90.0	100.0
145.10669650000636	90.0	100.0
145.12646959998528	90.0	100.0
145.1456751000078	90.0	100.0
145.16709509998327	90.0	100.0
145.1865059999982	90.0	100.0
145.20652449998306	90.0	100.0
145.22580819998984	90.0	100.0
145.2460820999986	90.0	100.0
145.26642619998893	90.0	100.0
145.2866751999827	90.0	100.0
145.30717519999598	90.0	100.0
145.32703300000867	90.0	100.0
145.34475869999733	90.0	100.0
145.36775569999008	90.0	100.0
145.38709219999146	90.0	100.0
145.40625790000195	89.0	100.0
145.42648689998896	89.0	100.0
145.44667139998637	89.0	100.0
145.47131590000936	89.0	100.0
145.4871417999966	89.0	100.0
145.5067446999892	89.0	100.0
145.5271059999941	89.0	100.0
145.54679719998967	89.0	100.0
145.56710630000453	89.0	100.0
145.58697169998777	89.0	100.0
145.60731180000585	89.0	100.0
145.62680609998642	89.0	100.0
145.64703510000254	89.0	100.0
145.66691189998528	89.0	100.0
145.68706669998937	89.0	100.0
145.70708339998964	89.0	100.0
145.72679519999656	89.0	100.0
145.7466582999914	89.0	100.0
145.76703749998705	89.0	100.0
145.78690330000245	89.0	100.0
145.80755279998994	89.0	100.0
145.82660259999102	89.0	100.0
145.8474683999957	89.0	100.0
145.86729470000137	89.0	100.0
145.88747099999455	89.0	100.0
145.90719880000688	89.0	100.0
145.92724739998812	89.0	100.0
145.94713449999108	89.0	100.0
145.96780610000133	89.0	100.0
145.98710289999144	89.0	100.0
146.00815189999412	89.0	100.0
146.02682769999956	89.0	100.0
146.04722149998997	89.0	100.0
146.06703619999462	89.0	100.0
146.08770569998887	89.0	100.0
146.1075708999997	89.0	100.0
146.12779259998933	89.0	100.0
146.14759400000912	89.0	100.0
146.1671587000019	89.0	100.0
146.1881449999928	89.0	100.0
146.2073456000071	89.0	100.0
146.22742449998623	89.0	100.0
146.2476437999867	89.0	100.0
146.26727399998344	89.0	100.0
146.2871773999941	89.0	100.0
146.30733829998644	89.0	100.0
146.3276111999876	89.0	100.0
146.34716559998924	89.0	100.0
146.36728030000813	89.0	100.0
146.38805179999326	89.0	100.0
146.40798640000867	89.0	100.0
146.42751280000084	89.0	100.0
146.4471460999921	89.0	100.0
146.46787039999617	89.0	100.0
146.48720529998536	89.0	100.0
146.50734640000155	89.0	100.0
146.5270821999875	89.0	100.0
146.54745879999246	89.0	100.0
146.56859849998727	89.0	100.0
146.58712589999777	89.0	100.0
146.6071951999911	89.0	100.0
146.62725049999426	89.0	100.0
146.64720509998733	89.0	100.0
146.66774269999587	89.0	100.0
146.68798879999667	89.0	100.0
146.70810849999543	89.0	100.0
146.7282273999881	89.0	100.0
146.74815440000384	89.0	100.0
146.76810909999767	89.0	100.0
146.78793880000012	89.0	100.0
146.80820070000482	89.0	100.0
146.82749150000745	89.0	100.0
146.84713350000675	89.0	100.0
146.86773890000768	89.0	100.0
146.88780820000102	89.0	100.0
146.90770159999374	89.0	100.0
146.9278076000046	89.0	100.0
146.94759570001042	89.0	100.0
146.96755979998852	89.0	100.0
146.98759259999497	89.0	100.0
147.0077517000027	89.0	100.0
147.02792059999774	89.0	100.0
147.0477538999985	89.0	100.0
147.0677083999908	89.0	100.0
147.0876861999859	89.0	100.0
147.10844189999625	89.0	100.0
147.1274987999932	89.0	100.0
147.1475849999988	89.0	100.0
147.16791379998904	89.0	100.0
147.1876845000079	89.0	100.0
147.2078693000076	89.0	100.0
147.2276455000101	89.0	100.0
147.2479547999974	89.0	100.0
147.2679763000051	89.0	100.0
147.2880642999953	89.0	100.0
147.3077798000013	89.0	100.0
147.32784549999633	89.0	100.0
147.34820000000764	89.0	100.0
147.36867219998385	89.0	100.0
147.3881878000102	89.0	100.0
147.40859099998488	88.0	100.0
147.4284975999908	88.0	100.0
147.44921739998972	88.0	100.0
147.468014699989	88.0	100.0
147.48784409998916	88.0	100.0
147.50757670000894	88.0	100.0
147.5281025999866	88.0	100.0
147.54802459999337	88.0	100.0
147.5698992999969	88.0	100.0
147.58812860000762	88.0	100.0
147.60807660000864	88.0	100.0
147.6281455999997	88.0	100.0
147.64841840000008	88.0	100.0
147.66819419999956	88.0	100.0
147.68814409998595	88.0	100.0
147.70809369999915	88.0	100.0
147.72812929999782	88.0	100.0
147.7481668999826	88.0	100.0
147.76850060001016	88.0	100.0
147.7880090000108	88.0	100.0
147.80956520000473	88.0	100.0
147.8283672000107	88.0	100.0
147.84872330000508	88.0	100.0
147.86848380000447	88.0	100.0
147.88847539998824	88.0	100.0
147.90807549998863	88.0	100.0
147.92901829999755	88.0	100.0
147.94831430001068	88.0	100.0
147.96945689999848	88.0	100.0
147.98981769999955	88.0	100.0
148.0083839999861	88.0	100.0
148.02840700000525	88.0	100.0
148.04830829999992	88.0	100.0
148.06904090000899	88.0	100.0
148.08881950000068	88.0	100.0
148.10849700000836	88.0	100.0
148.12764250001055	88.0	100.0
148.14878359998693	88.0	100.0
148.1713313999935	88.0	100.0
148.18954329998815	88.0	100.0
148.20887110001058	88.0	100.0
148.22900479999953	88.0	100.0
148.24940120000974	88.0	100.0
148.26934100000653	88.0	100.0
148.28923809999833	88.0	100.0
148.30982669998775	88.0	100.0
148.32867519999854	88.0	100.0
148.34870430000592	88.0	100.0
148.37307020000299	88.0	100.0
148.3894539999892	88.0	100.0
148.40893330000108	87.0	100.0
148.4293948999839	87.0	100.0
148.44873609999195	87.0	100.0
148.4689076000068	87.0	100.0
148.49012689999654	87.0	100.0
148.50852959998883	87.0	100.0
148.52884379998432	87.0	100.0
148.54877799999667	87.0	100.0
148.56963379998342	87.0	100.0
148.58882909998647	87.0	100.0
148.60942610001075	87.0	100.0
148.62926799998968	87.0	100.0
148.64948580000782	87.0	100.0
148.6698008000094	87.0	100.0
148.689314999996	87.0	100.0
148.70917799999006	87.0	100.0
148.7300724000088	87.0	100.0
148.7498026000103	87.0	100.0
148.77016580000054	87.0	100.0
148.7896797999856	87.0	100.0
148.80974709999282	87.0	100.0
148.8290999000019	87.0	100.0
148.85033139999723	87.0	100.0
148.87020780000603	87.0	100.0
148.89012259998708	87.0	100.0
148.9101272999833	87.0	100.0
148.93021339998813	87.0	100.0
148.9501411000092	87.0	100.0
148.9698509000009	87.0	100.0
148.99016560000018	87.0	100.0
149.01029050000943	87.0	100.0
149.0301894999866	87.0	100.0
149.04982379998546	87.0	100.0
149.06965520000085	87.0	100.0
149.08970909999334	87.0	100.0
149.10886489998666	87.0	100.0
149.12979539998923	87.0	100.0
149.14973850001115	87.0	100.0
149.1700925999903	87.0	100.0
149.18974669999443	87.0	100.0
149.2101920999994	87.0	100.0
149.22940250000102	87.0	100.0
149.24965759998304	87.0	100.0
149.27026260001003	87.0	100.0
149.28983719999087	87.0	100.0
149.30966040000203	87.0	100.0
149.3317345000105	87.0	100.0
149.35014269998646	87.0	100.0
149.3701768000028	87.0	100.0
149.39116269999067	87.0	100.0
149.4097952999873	86.0	100.0
149.4300760999904	86.0	100.0
149.4503863999853	86.0	100.0
149.4704170000041	86.0	100.0
149.49032529999386	86.0	100.0
149.5100523000001	86.0	100.0
149.53011900000274	86.0	100.0
149.54998330000672	86.0	100.0
149.57099599999492	86.0	100.0
149.58995510000386	86.0	100.0
149.61257629998727	86.0	100.0
149.6301175999979	86.0	100.0
149.6500229999947	86.0	100.0
149.6706675000023	86.0	100.0
149.69057979999343	86.0	100.0
149.71018239998375	86.0	100.0
149.73003139998764	86.0	100.0
149.75001479999628	86.0	100.0
149.77088840000215	86.0	100.0
149.79034439998213	86.0	100.0
149.81076890000259	86.0	100.0
149.82961970000179	86.0	100.0
149.85034989999258	86.0	100.0
149.87114800000563	86.0	100.0
149.89040199999	86.0	100.0
149.91073179998784	86.0	100.0
149.93199499999173	86.0	100.0
149.95032720000017	86.0	100.0
149.97144580000895	86.0	100.0
149.9908723999979	86.0	100.0
150.0120709000039	86.0	100.0
150.03112989998772	86.0	100.0
150.05117990000872	86.0	100.0
150.07108880000305	86.0	100.0
150.09109120001085	86.0	100.0
150.11596960001043	86.0	100.0
150.13086060000933	86.0	100.0
150.15107359999092	86.0	100.0
150.17216640000697	86.0	100.0
150.19090620000497	86.0	100.0
150.21087189999525	86.0	100.0
150.23085749999154	86.0	100.0
150.25098479998996	86.0	100.0
150.27108430000953	86.0	100.0
150.29120639999746	86.0	100.0
150.31105329998536	86.0	100.0
150.33133159999852	86.0	100.0
150.35108689998742	86.0	100.0
150.3713199000049	86.0	100.0
150.39219839998987	86.0	100.0
150.41201559998444	85.0	100.0
150.43145929998718	85.0	100.0
150.45201569999335	85.0	100.0
150.47187780000968	85.0	100.0
150.4912956999906	85.0	100.0
150.51147689999198	85.0	100.0
150.5318183999916	85.0	100.0
150.55136949999724	85.0	100.0
150.57388350000838	85.0	100.0
150.59126769998693	85.0	100.0
150.61186740000267	85.0	100.0
150.63185669999802	85.0	100.0
150.65215010000975	85.0	100.0
150.67216180000105	85.0	100.0
150.6924383000005	85.0	100.0
150.71179679999477	85.0	100.0
150.73210429999745	85.0	100.0
150.75130639999406	85.0	100.0
150.7724559000053	85.0	100.0
150.7922244000074	85.0	100.0
150.81280869999318	85.0	100.0
150.8314592000097	85.0	100.0
150.85160590001033	85.0	100.0
150.87172060000012	85.0	100.0
150.8917731999827	85.0	100.0
150.91190279999864	85.0	100.0
150.93248049999238	85.0	100.0
150.95177929999772	85.0	100.0
150.97219979998772	85.0	100.0
150.9921810000087	85.0	100.0
151.01417799998308	85.0	100.0
151.0313574000029	85.0	100.0
151.05276600000798	85.0	100.0
151.07274820000748	85.0	100.0
151.09227029999602	85.0	100.0
151.11145299999043	85.0	100.0
151.13194019999355	85.0	100.0
151.15177850000327	85.0	100.0
151.17303889998584	85.0	100.0
151.1926109000051	85.0	100.0
151.21264340000926	85.0	100.0
151.23228520000703	85.0	100.0
151.25268519998644	85.0	100.0
151.27274819999002	85.0	100.0
151.29213859999436	85.0	100.0
151.31230689998483	85.0	100.0
151.33254899998428	85.0	100.0
151.3520933999971	85.0	100.0
151.372935899999	85.0	100.0
151.39249009999912	85.0	100.0
151.4126081999857	84.0	100.0
151.43247120000888	84.0	100.0
151.45288989998517	84.0	100.0
151.47230769999442	84.0	100.0
151.4926051000075	84.0	100.0
151.51253469998483	84.0	100.0
151.53283489999012	84.0	100.0
151.552314200002	84.0	100.0
151.57290249998914	84.0	100.0
151.59267169999657	84.0	100.0
151.6141432999866	84.0	100.0
151.6285025999823	84.0	100.0
151.65054239999154	84.0	100.0
151.6725776999956	84.0	100.0
151.69303279998712	84.0	100.0
151.71225579999737	84.0	100.0
151.73275429999921	84.0	100.0
151.75245520001044	84.0	100.0
151.77337129999069	84.0	100.0
151.79234149999684	84.0	100.0
151.81294589999015	84.0	100.0
151.8327971000108	84.0	100.0
151.85299240000313	84.0	100.0
151.87303019998944	84.0	100.0
151.892901299987	84.0	100.0
151.91295629998785	84.0	100.0
151.9326283999835	84.0	100.0
151.95275689999107	84.0	100.0
151.97311250001076	84.0	100.0
151.99270609999076	84.0	100.0
152.01302209999994	84.0	100.0
152.03293670000858	84.0	100.0
152.05303750000894	84.0	100.0
152.072466099984	84.0	100.0
152.09249290000298	84.0	100.0
152.1121892000083	84.0	100.0
152.13239509999403	84.0	100.0
152.15204369998537	84.0	100.0
152.17267689999426	84.0	100.0
152.1920858999947	84.0	100.0
152.21429740000167	84.0	100.0
152.2323766000045	84.0	100.0
152.25263699999778	84.0	100.0
152.2740281999868	84.0	100.0
152.29273270000704	84.0	100.0
152.31261789999553	84.0	100.0
152.3338783000072	84.0	100.0
152.3530674999929	84.0	100.0
152.37368920000154	84.0	100.0
152.393633700005	84.0	100.0
152.41380599999684	82.0	100.0
152.4333723000018	82.0	100.0
152.45378959999653	82.0	100.0
152.47255780000705	82.0	100.0
152.4922632999951	82.0	100.0
152.51301609998336	82.0	100.0
152.5331570999988	82.0	100.0
152.55355680000503	82.0	100.0
152.57383809998282	82.0	100.0
152.59295550000388	82.0	100.0
152.61354950000532	82.0	100.0
152.6339583999943	82.0	100.0
152.65369629999623	82.0	100.0
152.67355549999047	82.0	100.0
152.6940978000057	82.0	100.0
152.71249869998428	82.0	100.0
152.73258660000283	82.0	100.0
152.75255989999278	82.0	100.0
152.7726835999929	82.0	100.0
152.79256139998324	82.0	100.0
152.81348449998768	82.0	100.0
152.83263530000113	82.0	100.0
152.85407699999632	82.0	100.0
152.8737509000057	82.0	100.0
152.893412800011	82.0	100.0
152.9125228000048	82.0	100.0
152.93271389999427	82.0	100.0
152.95264519998454	82.0	100.0
152.97382479999214	82.0	100.0
152.99345519999042	82.0	100.0
153.01253420001012	82.0	100.0
153.03250090000802	82.0	100.0
153.05313509999542	82.0	100.0
153.07261860001017	82.0	100.0
153.0933267000073	82.0	100.0
153.11262959998567	82.0	100.0
153.13247340000817	82.0	100.0
153.15340469998773	82.0	100.0
153.1737909000076	82.0	100.0
153.19259749999037	82.0	100.0
153.21901689999504	82.0	100.0
153.23287219999474	82.0	100.0
153.25345829999424	82.0	100.0
153.27350260000094	82.0	100.0
153.29353960001026	82.0	100.0
153.3128502999898	82.0	100.0
153.33355770001072	82.0	100.0
153.35282420000294	82.0	100.0
153.37458169998717	82.0	100.0
153.3937561000057	82.0	100.0
153.41419710000628	80.0	100.0
153.43378479999956	80.0	100.0
153.4542220000003	80.0	100.0
153.4744240999862	80.0	100.0
153.49414309998974	80.0	100.0
153.51387609998346	80.0	100.0
153.5345158999844	80.0	100.0
153.55390009999974	80.0	100.0
153.57633169999463	80.0	100.0
153.5941843999899	80.0	100.0
153.61421649999102	80.0	100.0
153.6340024000092	80.0	100.0
153.65449889999582	80.0	100.0
153.67463279998628	80.0	100.0
153.6943195000058	80.0	100.0
153.72010669999872	80.0	100.0
153.73363699999754	80.0	100.0
153.7542107999907	80.0	100.0
153.77481179998722	80.0	100.0
153.79406899999594	80.0	100.0
153.81441079999786	80.0	100.0
153.8342524000036	80.0	100.0
153.85428060000413	80.0	100.0
153.8741381999862	80.0	100.0
153.8941909999994	80.0	100.0
153.91370609999285	80.0	100.0
153.93383379999432	80.0	100.0
153.95393859999604	80.0	100.0
153.97424979999778	80.0	100.0
153.9940893999883	80.0	100.0
154.01365469998564	80.0	100.0
154.03344929998275	80.0	100.0
154.05375649998314	80.0	100.0
154.07401139999274	80.0	100.0
154.09382740000729	80.0	100.0
154.11334690000513	80.0	100.0
154.13384029999725	80.0	100.0
154.15349180001067	80.0	100.0
154.175158500002	80.0	100.0
154.19307829998434	80.0	100.0
154.21290169999702	80.0	100.0
154.23309910000535	80.0	100.0
154.25450249999994	80.0	100.0
154.27475989999948	80.0	100.0
154.293997700006	80.0	100.0
154.31404040000052	80.0	100.0
154.33372870000312	80.0	100.0
154.35362569999415	80.0	100.0
154.3739413000003	80.0	100.0
154.3944543999969	80.0	100.0
154.41419260000112	79.0	100.0
154.43399640001007	79.0	100.0
154.45396700000856	79.0	100.0
154.47376550000627	79.0	100.0
154.4942713000055	79.0	100.0
154.51372640000773	79.0	100.0
154.5343029999931	79.0	100.0
154.5540362999891	79.0	100.0
154.57430089998525	79.0	100.0
154.5938930999837	79.0	100.0
154.61390689999098	79.0	100.0
154.63344579999102	79.0	100.0
154.6540648000082	79.0	100.0
154.67435759998625	79.0	100.0
154.69416469999123	79.0	100.0
154.7140572000062	79.0	100.0
154.73428309999872	79.0	100.0
154.75386959998286	79.0	100.0
154.77442420000443	79.0	100.0
154.79467639999348	79.0	100.0
154.81428839999717	79.0	100.0
154.8341323999921	79.0	100.0
154.85463570000138	79.0	100.0
154.87455000000773	79.0	100.0
154.89483209999162	79.0	100.0
154.91453380000894	79.0	100.0
154.93437709999853	79.0	100.0
154.95434550000937	79.0	100.0
154.9751343000098	79.0	100.0
154.99546700000064	79.0	100.0
155.0145593000052	79.0	100.0
155.03426640000544	79.0	100.0
155.05469560000347	79.0	100.0
155.07460669998545	79.0	100.0
155.09553590000723	79.0	100.0
155.11455070000375	79.0	100.0
155.13474479998695	79.0	100.0
155.15482409999822	79.0	100.0
155.17492659998243	79.0	100.0
155.1947750999825	79.0	100.0
155.21492209998542	79.0	100.0
155.23427549999906	79.0	100.0
155.2549119000032	79.0	100.0
155.2751658000052	79.0	100.0
155.294306900003	79.0	100.0
155.31465089999256	79.0	100.0
155.33460649999324	79.0	100.0
155.3542538000038	79.0	100.0
155.3755044999998	79.0	100.0
155.39546150001115	79.0	100.0
155.41525449999608	79.0	100.0
155.43472550000297	79.0	100.0
155.45592040001065	79.0	100.0
155.47491479999735	79.0	100.0
155.4939333999937	79.0	100.0
155.51121480000438	79.0	100.0
155.53385549999075	79.0	100.0
155.54975380000542	79.0	100.0
155.57230319999508	79.0	100.0
155.59302189998562	79.0	100.0
155.61503379998612	79.0	100.0
155.63489849999314	79.0	100.0
155.65514919999987	79.0	100.0
155.67497079999885	79.0	100.0
155.69497969999793	79.0	100.0
155.71482709998963	79.0	100.0
155.73509589998866	79.0	100.0
155.75544479998644	79.0	100.0
155.77627669999492	79.0	100.0
155.79587649999303	79.0	100.0
155.8160923999967	79.0	100.0
155.83538370000315	79.0	100.0
155.8562002000108	79.0	100.0
155.8758089999901	79.0	100.0
155.8960844000103	79.0	100.0
155.91533479999634	79.0	100.0
155.93611559999408	79.0	100.0
155.95569850000902	79.0	100.0
155.9763091999921	79.0	100.0
155.9960671000008	79.0	100.0
156.01621430000523	79.0	100.0
156.03567340000882	79.0	100.0
156.05556320000323	79.0	100.0
156.0756168999942	79.0	100.0
156.09548339998582	79.0	100.0
156.11559060000582	79.0	100.0
156.13547320000362	79.0	100.0
156.15582990000257	79.0	100.0
156.1766287999926	79.0	100.0
156.195759299997	79.0	100.0
156.2155303999898	79.0	100.0
156.23522040000535	79.0	100.0
156.25565690000076	79.0	100.0
156.27581269998336	79.0	100.0
156.29617690001032	79.0	100.0
156.31566130000283	79.0	100.0
156.33562309999252	79.0	100.0
156.35563740000362	79.0	100.0
156.37591599998996	79.0	100.0
156.39585299999453	79.0	100.0
156.41561480000382	78.0	100.0
156.43532650000998	78.0	100.0
156.45573950000107	78.0	100.0
156.4759575999924	78.0	100.0
156.4955312999955	78.0	100.0
156.51593999998295	78.0	100.0
156.53593869999168	78.0	100.0
156.55568029999267	78.0	100.0
156.57815280000796	78.0	100.0
156.59573490000912	78.0	100.0
156.61587139999028	78.0	100.0
156.63560639999923	78.0	100.0
156.6560060000047	78.0	100.0
156.6760166999884	78.0	100.0
156.69605569998384	78.0	100.0
156.71573160000844	78.0	100.0
156.7358882999979	78.0	100.0
156.75569499999983	78.0	100.0
156.77637209999375	78.0	100.0
156.7957519000047	78.0	100.0
156.81701780000003	78.0	100.0
156.83656060000067	78.0	100.0
156.85587450000457	78.0	100.0
156.8760178000084	78.0	100.0
156.89609829999972	78.0	100.0
156.91574080000282	78.0	100.0
156.9361101000104	78.0	100.0
156.95581710000988	78.0	100.0
156.97605969998403	78.0	100.0
156.9958851999836	78.0	100.0
157.0160382000031	78.0	100.0
157.0358397999953	78.0	100.0
157.05502530001104	78.0	100.0
157.08076809998602	78.0	100.0
157.09365200001048	78.0	100.0
157.11383250000654	78.0	100.0
157.1332861999981	78.0	100.0
157.15465169999516	78.0	100.0
157.17802630001097	78.0	100.0
157.19926910000504	78.0	100.0
157.21959799999604	78.0	100.0
157.23773150000488	78.0	100.0
157.2607025000034	78.0	100.0
157.27931660000468	78.0	100.0
157.29842159998952	78.0	100.0
157.31919239999843	78.0	100.0
157.3394532999955	78.0	100.0
157.36001579998992	78.0	100.0
157.3805626000103	78.0	100.0
157.4002099999925	78.0	100.0
157.41942620000918	77.0	100.0
157.4394839000015	77.0	100.0
157.45910529998946	77.0	100.0
157.47975500000757	77.0	100.0
157.49952789998497	77.0	100.0
157.52016519999597	77.0	100.0
157.53950939999777	77.0	100.0
157.55947949999245	77.0	100.0
157.57974469999317	77.0	100.0
157.59930080000777	77.0	100.0
157.61943669998436	77.0	100.0
157.63910919998307	77.0	100.0
157.65956629998982	77.0	100.0
157.67985079999198	77.0	100.0
157.6994252000004	77.0	100.0
157.719588500011	77.0	100.0
157.74028229998657	77.0	100.0
157.76013029998285	77.0	100.0
157.7839691999834	77.0	100.0
157.7991090999858	77.0	100.0
157.81948229999398	77.0	100.0
157.83967909999774	77.0	100.0
157.86241209998843	77.0	100.0
157.88046260000556	77.0	100.0
157.8997953000071	77.0	100.0
157.9197281000088	77.0	100.0
157.93978439999046	77.0	100.0
157.95984269998735	77.0	100.0
157.98066440000548	77.0	100.0
157.99957169999834	77.0	100.0
158.019999799988	77.0	100.0
158.03959999998915	77.0	100.0
158.05955559998984	77.0	100.0
158.08004470000742	77.0	100.0
158.09975819999818	77.0	100.0
158.1195577000035	77.0	100.0
158.1401513000019	77.0	100.0
158.15981569999713	77.0	100.0
158.18024290000903	77.0	100.0
158.1993497000076	77.0	100.0
158.2201217999973	77.0	100.0
158.2396768000035	77.0	100.0
158.259862899984	77.0	100.0
158.2801354000112	77.0	100.0
158.29934769999818	77.0	100.0
158.31980450000265	77.0	100.0
158.3405991999898	77.0	100.0
158.35945139999967	77.0	100.0
158.3804901999829	77.0	100.0
158.4014651000034	77.0	100.0
158.42166910000378	75.0	100.0
158.440832399996	75.0	100.0
158.46131250000326	75.0	100.0
158.48092120001093	75.0	100.0
158.50074859999586	75.0	100.0
158.51960800000234	75.0	100.0
158.54088039998896	75.0	100.0
158.5606958999997	75.0	100.0
158.5819719999854	75.0	100.0
158.60045920000994	75.0	100.0
158.6213659000059	75.0	100.0
158.64072319999104	75.0	100.0
158.66127449998748	75.0	100.0
158.6816300000064	75.0	100.0
158.70130859999335	75.0	100.0
158.7206218999927	75.0	100.0
158.74183270000503	75.0	100.0
158.761004400003	75.0	100.0
158.78366539999843	75.0	100.0
158.80022040000767	75.0	100.0
158.8204839999962	75.0	100.0
158.84003759999177	75.0	100.0
158.86044079999556	75.0	100.0
158.88105399999768	75.0	100.0
158.90068180000526	75.0	100.0
158.92034209999838	75.0	100.0
158.94067029998405	75.0	100.0
158.96026469999924	75.0	100.0
158.98064170000725	75.0	100.0
159.00046330000623	75.0	100.0
159.02048330000252	75.0	100.0
159.03951219998999	75.0	100.0
159.0611096000066	75.0	100.0
159.0804530000023	75.0	100.0
159.10165570001118	75.0	100.0
159.12040330001037	75.0	100.0
159.1408531999914	75.0	100.0
159.16167569998652	75.0	100.0
159.18220690000453	75.0	100.0
159.2013331000053	75.0	100.0
159.2212145999947	75.0	100.0
159.2412839999888	75.0	100.0
159.2604703999823	75.0	100.0
159.28101549998973	75.0	100.0
159.30097149999347	75.0	100.0
159.32099179999204	75.0	100.0
159.34141299998737	75.0	100.0
159.3619359000004	75.0	100.0
159.39306860000943	75.0	100.0
159.40134680000483	75.0	100.0
159.4225396999973	74.0	100.0
159.44089540001005	74.0	100.0
159.4617186000105	74.0	100.0
159.48169029998826	74.0	100.0
159.50103650000528	74.0	100.0
159.52091419999488	74.0	100.0
159.54140899999766	74.0	100.0
159.56075760000385	74.0	100.0
159.58333349999157	74.0	100.0
159.6030802000023	74.0	100.0
159.62018569998327	74.0	100.0
159.6402936000086	74.0	100.0
159.6606499000045	74.0	100.0
159.68110719998367	74.0	100.0
159.70152219999	74.0	100.0
159.7216070999857	74.0	100.0
159.74132339999778	74.0	100.0
159.76161929999944	74.0	100.0
159.78091309999581	74.0	100.0
159.80104819999542	74.0	100.0
159.82109399998444	74.0	100.0
159.8413459000003	74.0	100.0
159.8618509999942	74.0	100.0
159.8815917999891	74.0	100.0
159.90147300000535	74.0	100.0
159.92198439998901	74.0	100.0
159.94625750000705	74.0	100.0
159.96170139999595	74.0	100.0
159.98161339998478	74.0	100.0
160.0012088000076	74.0	100.0
160.0212818	74.0	100.0
160.04016020000563	74.0	100.0
160.060041299992	74.0	100.0
160.0801780000038	74.0	100.0
160.10039829998277	74.0	100.0
160.12911229999736	74.0	100.0
160.1392130999884	74.0	100.0
160.1591952999879	74.0	100.0
160.18050339998445	74.0	100.0
160.1983183999837	74.0	100.0
160.2208823999972	74.0	100.0
160.24085060000652	74.0	100.0
160.26295889998437	74.0	100.0
160.28227309999056	74.0	100.0
160.30129909998504	74.0	100.0
160.32186860000365	74.0	100.0
160.34185910000815	74.0	100.0
160.3619187999866	74.0	100.0
160.38181620000978	74.0	100.0
160.40165779998642	74.0	100.0
160.42287129999022	73.0	100.0
160.44145650000428	73.0	100.0
160.4608128000109	73.0	100.0
160.48097289999714	73.0	100.0
160.50120160001097	73.0	100.0
160.52032199999667	73.0	100.0
160.54098049999448	73.0	100.0
160.56092319998425	73.0	100.0
160.5814912999922	73.0	100.0
160.600511800003	73.0	100.0
160.62214620001032	73.0	100.0
160.63893700001063	73.0	100.0
160.65818349999608	73.0	100.0
160.6786385999876	73.0	100.0
160.70036970000365	73.0	100.0
160.71765109998523	73.0	100.0
160.73793780000415	73.0	100.0
160.75816450000275	73.0	100.0
160.7796909000026	73.0	100.0
160.80046050000237	73.0	100.0
160.82108029999654	73.0	100.0
160.84136469999794	73.0	100.0
160.86160949998884	73.0	100.0
160.88133730000118	73.0	100.0
160.90167039999506	73.0	100.0
160.92174240000895	73.0	100.0
160.94161799998255	73.0	100.0
160.96133329998702	73.0	100.0
160.98304620001	73.0	100.0
161.00153919999138	73.0	100.0
161.02132929998334	73.0	100.0
161.04146730000502	73.0	100.0
161.0618174999836	73.0	100.0
161.08160040000803	73.0	100.0
161.10141899998416	73.0	100.0
161.12182780000148	73.0	100.0
161.14202379999915	73.0	100.0
161.16151619999437	73.0	100.0
161.1810623999918	73.0	100.0
161.20171980001032	73.0	100.0
161.22180159998243	73.0	100.0
161.24156749999383	73.0	100.0
161.26175360000343	73.0	100.0
161.28181369998492	73.0	100.0
161.3009119000053	73.0	100.0
161.32122799998615	73.0	100.0
161.34390889998758	73.0	100.0
161.3614411999879	73.0	100.0
161.38201880000997	73.0	100.0
161.40276789999916	73.0	100.0
161.42200089999824	72.0	100.0
161.44121240000823	72.0	100.0
161.4613462999987	72.0	100.0
161.48259999998845	72.0	100.0
161.50110819999827	72.0	100.0
161.52119830000447	72.0	100.0
161.54073269999935	72.0	100.0
161.56101189999026	72.0	100.0
161.5813882999937	72.0	100.0
161.60105070000282	72.0	100.0
161.62105929999962	72.0	100.0
161.64086059998954	72.0	100.0
161.66094529998372	72.0	100.0
161.68127949998598	72.0	100.0
161.70111999998335	72.0	100.0
161.7211762999941	72.0	100.0
161.74081819999265	72.0	100.0
161.76100599998608	72.0	100.0
161.78149980001035	72.0	100.0
161.80292230000487	72.0	100.0
161.822726399987	72.0	100.0
161.84213679999812	72.0	100.0
161.8623568000039	72.0	100.0
161.88213389998418	72.0	100.0
161.90194959999644	72.0	100.0
161.9216851000092	72.0	100.0
161.94156750000548	72.0	100.0
161.96080820000498	72.0	100.0
161.98227370000677	72.0	100.0
162.0019934999873	72.0	100.0
162.0228814999864	72.0	100.0
162.04142289998708	72.0	100.0
162.06145020000986	72.0	100.0
162.0814304999949	72.0	100.0
162.10135300000547	72.0	100.0
162.12124449998373	72.0	100.0
162.14116589998594	72.0	100.0
162.1631631999917	72.0	100.0
162.1825123000017	72.0	100.0
162.2011335999996	72.0	100.0
162.2224497999996	72.0	100.0
162.24204769998323	72.0	100.0
162.2620043999923	72.0	100.0
162.28168449999066	72.0	100.0
162.3014181999897	72.0	100.0
162.3214367000037	72.0	100.0
162.34191749998718	72.0	100.0
162.3612646999827	72.0	100.0
162.38268189999508	72.0	100.0
162.4021522999974	72.0	100.0
162.42335679999087	71.0	100.0
162.442048900004	71.0	100.0
162.46256260000519	71.0	100.0
162.48241389999748	71.0	100.0
162.50210589999915	71.0	100.0
162.52228969999123	71.0	100.0
162.54283920000307	71.0	100.0
162.5620859999908	71.0	100.0
162.58514000001014	71.0	100.0
162.60254059999716	71.0	100.0
162.62269079999533	71.0	100.0
162.6401104000106	71.0	100.0
162.6612354000099	71.0	100.0
162.67989440000383	71.0	100.0
162.70188280000002	71.0	100.0
162.72316819999833	71.0	100.0
162.74193119999836	71.0	100.0
162.76152880000882	71.0	100.0
162.78189330000896	71.0	100.0
162.80150329999742	71.0	100.0
162.82250499998918	71.0	100.0
162.84231569999247	71.0	100.0
162.8627420999983	71.0	100.0
162.88217739999527	71.0	100.0
162.90288770000916	71.0	100.0
162.92209499998717	71.0	100.0
162.94295440000133	71.0	100.0
162.96269240000402	71.0	100.0
162.98324299999513	71.0	100.0
163.00352080000448	71.0	100.0
163.02366119998624	71.0	100.0
163.04239529999904	71.0	100.0
163.0626334999979	71.0	100.0
163.08569760000682	71.0	100.0
163.1033435999998	71.0	100.0
163.12225990000297	71.0	100.0
163.14161779999267	71.0	100.0
163.16136649998953	71.0	100.0
163.18260890000965	71.0	100.0
163.20162999999593	71.0	100.0
163.22160990000702	71.0	100.0
163.2420550000097	71.0	100.0
163.2617392000102	71.0	100.0
163.28174760000547	71.0	100.0
163.3010326999938	71.0	100.0
163.323862499994	71.0	100.0
163.3439844000095	71.0	100.0
163.37195070000598	71.0	100.0
163.38477499998407	71.0	100.0
163.40158579999115	71.0	100.0
163.41900679998798	72.0	100.0
163.4383383000095	72.0	100.0
163.45961289998377	72.0	100.0
163.4800472999923	72.0	100.0
163.50123429999803	72.0	100.0
163.5204153000086	72.0	100.0
163.54056839999976	72.0	100.0
163.5602350999834	72.0	100.0
163.58128109999234	72.0	100.0
163.60225080000237	72.0	100.0
163.62313550000545	72.0	100.0
163.64270530000795	72.0	100.0
163.66295910000918	72.0	100.0
163.68344100000104	72.0	100.0
163.70317069999874	72.0	100.0
163.7217405999836	72.0	100.0
163.74260100000538	72.0	100.0
163.76137079999899	72.0	100.0
163.78331530001014	72.0	100.0
163.80195230001118	72.0	100.0
163.82325570000103	72.0	100.0
163.84222140000202	72.0	100.0
163.8631883999915	72.0	100.0
163.88293870000052	72.0	100.0
163.90405049998662	72.0	100.0
163.92310519999592	72.0	100.0
163.9429414999904	72.0	100.0
163.96292369998991	72.0	100.0
163.9823478999897	72.0	100.0
164.00358509999933	72.0	100.0
164.02521920000436	72.0	100.0
164.04320310000912	72.0	100.0
164.0628873000096	72.0	100.0
164.08273930000723	72.0	100.0
164.1036180999945	72.0	100.0
164.1227218999993	72.0	100.0
164.14293599998928	72.0	100.0
164.16224099998362	72.0	100.0
164.18280680000316	72.0	100.0
164.20262579998234	72.0	100.0
164.2233406000014	72.0	100.0
164.24296639999375	72.0	100.0
164.26356019999366	72.0	100.0
164.28323939998518	72.0	100.0
164.30243519999203	72.0	100.0
164.3233232999919	72.0	100.0
164.34300009999424	72.0	100.0
164.363111499988	72.0	100.0
164.38353029999416	72.0	100.0
164.4045111000014	72.0	100.0
164.4239486999868	72.0	100.0
164.44333459998597	72.0	100.0
164.46335909998743	72.0	100.0
164.48274539998965	72.0	100.0
164.5031587999838	72.0	100.0
164.52239100000588	72.0	100.0
164.54334810000728	72.0	100.0
164.56134809998912	72.0	100.0
164.58442999998806	72.0	100.0
164.60218919999897	72.0	100.0
164.62306579999859	72.0	100.0
164.64291970001068	72.0	100.0
164.66257280000718	72.0	100.0
164.68312810000498	72.0	100.0
164.7028261999949	72.0	100.0
164.7230314000044	72.0	100.0
164.74177500000224	72.0	100.0
164.76290490000974	72.0	100.0
164.78341119998368	72.0	100.0
164.80292719998397	72.0	100.0
164.82549250000739	72.0	100.0
164.84180940000806	72.0	100.0
164.86231349999434	72.0	100.0
164.8832950000069	72.0	100.0
164.90335000000778	72.0	100.0
164.92272470000898	72.0	100.0
164.94345709998743	72.0	100.0
164.9624949999852	72.0	100.0
164.97947630001	72.0	100.0
165.0001503000094	72.0	100.0
165.0199503999902	72.0	100.0
165.04092910001054	72.0	100.0
165.06102600001032	72.0	100.0
165.0799168999947	72.0	100.0
165.09904929998447	72.0	100.0
165.12010040000314	72.0	100.0
165.14235790001112	72.0	100.0
165.16079940000782	72.0	100.0
165.18300119999913	72.0	100.0
165.20346409999183	72.0	100.0
165.22419639999862	72.0	100.0
165.24371879998944	72.0	100.0
165.2634970000072	72.0	100.0
165.28359430001	72.0	100.0
165.3046633999911	72.0	100.0
165.32338270000764	72.0	100.0
165.3437195000006	72.0	100.0
165.36346759999287	72.0	100.0
165.38477119998424	72.0	100.0
165.40425299998606	72.0	100.0
165.42484679998597	73.0	100.0
165.44377469999017	73.0	100.0
165.46474029999808	73.0	100.0
165.48340599998483	73.0	100.0
165.50355550000677	73.0	100.0
165.5234797000012	73.0	100.0
165.54491369999596	73.0	100.0
165.56342479999876	73.0	100.0
165.58549420000054	73.0	100.0
165.60431130000507	73.0	100.0
165.62369449998369	73.0	100.0
165.64482159999898	73.0	100.0
165.66445640000165	73.0	100.0
165.68444869999075	73.0	100.0
165.7043025000021	73.0	100.0
165.72386460000416	73.0	100.0
165.74490920000244	73.0	100.0
165.7634987999918	73.0	100.0
165.78438329999335	73.0	100.0
165.80343949998496	73.0	100.0
165.82384110000567	73.0	100.0
165.8464101999998	73.0	100.0
165.863903999998	73.0	100.0
165.88427179999417	73.0	100.0
165.90337059999	73.0	100.0
165.9235049999843	73.0	100.0
165.94390489999205	73.0	100.0
165.96395179998945	73.0	100.0
165.98432540000067	73.0	100.0
166.00355839999975	73.0	100.0
166.02395149998483	73.0	100.0
166.04370849998668	73.0	100.0
166.06352180000977	73.0	100.0
166.08395939998445	73.0	100.0
166.10356819999288	73.0	100.0
166.12335129998974	73.0	100.0
166.14379780000309	73.0	100.0
166.16354589999537	73.0	100.0
166.18478549999418	73.0	100.0
166.20404819998657	73.0	100.0
166.22359589999542	73.0	100.0
166.2433189000003	73.0	100.0
166.26387819999945	73.0	100.0
166.28406889998587	73.0	100.0
166.30340750000323	73.0	100.0
166.32237209999585	73.0	100.0
166.34254449998843	73.0	100.0
166.36139740000363	73.0	100.0
166.3805088000081	73.0	100.0
166.4017590000003	73.0	100.0
166.42140960000688	74.0	100.0
166.4416665000026	74.0	100.0
166.46391859999858	74.0	100.0
166.48371000000043	74.0	100.0
166.50448959998903	74.0	100.0
166.52414839999983	74.0	100.0
166.54464079998434	74.0	100.0
166.56619270000374	74.0	100.0
166.58488770000986	74.0	100.0
166.60428440000396	74.0	100.0
166.6248140000098	74.0	100.0
166.64339599999948	74.0	100.0
166.66465510000126	74.0	100.0
166.68241929999203	74.0	100.0
166.70496420000563	74.0	100.0
166.72383149998495	74.0	100.0
166.74388590001035	74.0	100.0
166.7621484999836	74.0	100.0
166.78525109999464	74.0	100.0
166.80454789998475	74.0	100.0
166.82455240000854	74.0	100.0
166.84376280001015	74.0	100.0
166.86485049998737	74.0	100.0
166.88618199998746	74.0	100.0
166.90477980001015	74.0	100.0
166.92424120000214	74.0	100.0
166.94476779998513	74.0	100.0
166.96378160000313	74.0	100.0
166.98537199999555	74.0	100.0
167.0044552999898	74.0	100.0
167.0247515999945	74.0	100.0
167.04433810000774	74.0	100.0
167.0643172999844	74.0	100.0
167.0828133999894	74.0	100.0
167.104545899987	74.0	100.0
167.1236751000106	74.0	100.0
167.14426030000322	74.0	100.0
167.1646872999845	74.0	100.0
167.18498659998295	74.0	100.0
167.2049572999822	74.0	100.0
167.22448820000864	74.0	100.0
167.24457720000646	74.0	100.0
167.26485700000194	74.0	100.0
167.28468609999982	74.0	100.0
167.3036150999833	74.0	100.0
167.32444130000658	74.0	100.0
167.34456359999604	74.0	100.0
167.36320369999157	74.0	100.0
167.38579480000772	74.0	100.0
167.40446069999598	74.0	100.0
167.42513409999083	76.0	100.0
167.44470570000703	76.0	100.0
167.4642673000053	76.0	100.0
167.4849656999868	76.0	100.0
167.5039037000097	76.0	100.0
167.52390800000285	76.0	100.0
167.54379349999363	76.0	100.0
167.56375450000633	76.0	100.0
167.58538629999384	76.0	100.0
167.6038491000072	76.0	100.0
167.62395259999903	76.0	100.0
167.64418239999213	76.0	100.0
167.6638391999877	76.0	100.0
167.68438610000885	76.0	100.0
167.70471120000002	76.0	100.0
167.7240036999865	76.0	100.0
167.74393950001104	76.0	100.0
167.76361890000408	76.0	100.0
167.78423190000467	76.0	100.0
167.80405609999434	76.0	100.0
167.82432079999126	76.0	100.0
167.8439662999881	76.0	100.0
167.8643207999994	76.0	100.0
167.88423199998215	76.0	100.0
167.9040149000066	76.0	100.0
167.92367329998524	76.0	100.0
167.94432149999193	76.0	100.0
167.9635333000042	76.0	100.0
167.98510349998833	76.0	100.0
168.00405570000294	76.0	100.0
168.02443449999555	76.0	100.0
168.04380939999828	76.0	100.0
168.06418630000553	76.0	100.0
168.08392469998216	76.0	100.0
168.10418019999634	76.0	100.0
168.12454389999039	76.0	100.0
168.14472439998644	76.0	100.0
168.1634756999847	76.0	100.0
168.18505689999438	76.0	100.0
168.20473850000417	76.0	100.0
168.22502839998924	76.0	100.0
168.2448818999983	76.0	100.0
168.26506519998657	76.0	100.0
168.2848248000082	76.0	100.0
168.30711029999657	76.0	100.0
168.32445260000532	76.0	100.0
168.34425409999676	76.0	100.0
168.3636656999879	76.0	100.0
168.38432489999104	76.0	100.0
168.4055928000016	76.0	100.0
168.42563650000375	76.0	100.0
168.44458499999018	76.0	100.0
168.4637296999863	76.0	100.0
168.48452679999173	76.0	100.0
168.5041421999922	76.0	100.0
168.52089149999665	76.0	100.0
168.54066540001077	76.0	100.0
168.56133999998565	76.0	100.0
168.5828266000026	76.0	100.0
168.5997650999925	76.0	100.0
168.61701529999846	76.0	100.0
168.63752089999616	76.0	100.0
168.65694729998359	76.0	100.0
168.67651920000208	76.0	100.0
168.69638410001062	76.0	100.0
168.7171543999866	76.0	100.0
168.73756400001002	76.0	100.0
168.7578557000088	76.0	100.0
168.78246769998805	76.0	100.0
168.80539739999222	76.0	100.0
168.82575650000945	76.0	100.0
168.84516709999298	76.0	100.0
168.8640807000047	76.0	100.0
168.88407319999533	76.0	100.0
168.90415719998418	76.0	100.0
168.92404759998317	76.0	100.0
168.94377509999322	76.0	100.0
168.9642795000109	76.0	100.0
168.98431530001108	76.0	100.0
169.00360440000077	76.0	100.0
169.0241573000094	76.0	100.0
169.0435785999871	76.0	100.0
169.0643247999833	76.0	100.0
169.0843359999999	76.0	100.0
169.10401770001044	76.0	100.0
169.12627569999313	76.0	100.0
169.1445961999998	76.0	100.0
169.16420199998538	76.0	100.0
169.1844301999954	76.0	100.0
169.20427729998482	76.0	100.0
169.2240882999904	76.0	100.0
169.2446202999854	76.0	100.0
169.26436770000146	76.0	100.0
169.28465849999338	76.0	100.0
169.30424090000452	76.0	100.0
169.32378879998578	76.0	100.0
169.3444620000082	76.0	100.0
169.3642128999927	76.0	100.0
169.38471730001038	76.0	100.0
169.405402400007	76.0	100.0
169.42411409999477	76.0	100.0
169.4445415000082	76.0	100.0
169.46440789999906	76.0	100.0
169.4832107000111	76.0	100.0
169.50225369998952	76.0	100.0
169.52082249999512	76.0	100.0
169.5439752000093	76.0	100.0
169.56505909998668	76.0	100.0
169.58564879998448	76.0	100.0
169.60372330000973	76.0	100.0
169.62493540000287	76.0	100.0
169.64505250001093	76.0	100.0
169.66496679998818	76.0	100.0
169.6851719999977	76.0	100.0
169.70586819999153	76.0	100.0
169.72440229999484	76.0	100.0
169.7450361000083	76.0	100.0
169.76463580000564	76.0	100.0
169.78500730000087	76.0	100.0
169.80485919999774	76.0	100.0
169.8249349000107	76.0	100.0
169.8450989999983	76.0	100.0
169.86520919998293	76.0	100.0
169.88503619999392	76.0	100.0
169.90508359999512	76.0	100.0
169.92465490000905	76.0	100.0
169.9455815999827	76.0	100.0
169.96282429998973	76.0	100.0
169.98479580000276	76.0	100.0
170.0044351000106	76.0	100.0
170.02430769999046	76.0	100.0
170.04433669999707	76.0	100.0
170.06388659999357	76.0	100.0
170.08441829998628	76.0	100.0
170.10452610001084	76.0	100.0
170.12401919998229	76.0	100.0
170.1449265999836	76.0	100.0
170.16447819999303	76.0	100.0
170.18610140000237	76.0	100.0
170.20407859998522	76.0	100.0
170.22465029999148	76.0	100.0
170.24420019998797	76.0	100.0
170.26516390001052	76.0	100.0
170.28482729999814	76.0	100.0
170.3038998999982	76.0	100.0
170.32428669999354	76.0	100.0
170.34472259998438	76.0	100.0
170.3644396000018	76.0	100.0
170.38474169999245	76.0	100.0
170.40417870000238	76.0	100.0
170.4252589000098	76.0	100.0
170.44444520000252	76.0	100.0
170.46480039999005	76.0	100.0
170.48446149998927	76.0	100.0
170.5043861999875	76.0	100.0
170.52438499999698	76.0	100.0
170.544264199998	76.0	100.0
170.5641886999947	76.0	100.0
170.58462979999604	76.0	100.0
170.60434049999458	76.0	100.0
170.6242263999884	76.0	100.0
170.644418699987	76.0	100.0
170.6647571999929	76.0	100.0
170.68394170000101	76.0	100.0
170.7053365999891	76.0	100.0
170.72408059998997	76.0	100.0
170.7446387000091	76.0	100.0
170.7646400000085	76.0	100.0
170.7852251000004	76.0	100.0
170.8050515000068	76.0	100.0
170.82771839998895	76.0	100.0
170.8448786000081	76.0	100.0
170.8670257999911	76.0	100.0
170.88552169999457	76.0	100.0
170.90544139998383	76.0	100.0
170.92493489998742	76.0	100.0
170.9453976000077	76.0	100.0
170.96471959998598	76.0	100.0
170.9849511999928	76.0	100.0
171.00451160001103	76.0	100.0
171.0245794999937	76.0	100.0
171.04445729998406	76.0	100.0
171.06457980000414	76.0	100.0
171.08455349999713	76.0	100.0
171.1046697999991	76.0	100.0
171.12472230001003	76.0	100.0
171.1452672999876	76.0	100.0
171.1645457999839	76.0	100.0
171.18555639998522	76.0	100.0
171.20547049999004	76.0	100.0
171.22493810000014	76.0	100.0
171.2458031999995	76.0	100.0
171.26560899999458	76.0	100.0
171.2859352999949	76.0	100.0
171.3057148999942	76.0	100.0
171.3253757999919	76.0	100.0
171.34529749999638	76.0	100.0
171.36537600000156	76.0	100.0
171.38706819998333	76.0	100.0
171.40541189999203	76.0	100.0
171.4252070999937	77.0	100.0
171.44551240000874	77.0	100.0
171.46623109999928	77.0	100.0
171.48565660000895	77.0	100.0
171.50548610000988	77.0	100.0
171.5252208999882	77.0	100.0
171.54541610000888	77.0	100.0
171.56559079998988	77.0	100.0
171.58735859999433	77.0	100.0
171.60543960001087	77.0	100.0
171.6247977000021	77.0	100.0
171.6453726000036	77.0	100.0
171.66555989999324	77.0	100.0
171.68631210000603	77.0	100.0
171.70527800000855	77.0	100.0
171.7255482999899	77.0	100.0
171.74548899999354	77.0	100.0
171.76605469998321	77.0	100.0
171.7860507000005	77.0	100.0
171.80308670000522	77.0	100.0
171.82177280000178	77.0	100.0
171.8437205000082	77.0	100.0
171.86593460000586	77.0	100.0
171.88593409999157	77.0	100.0
171.9048790000088	77.0	100.0
171.92481550000957	77.0	100.0
171.9452018000011	77.0	100.0
171.96483320000698	77.0	100.0
171.9856870000076	77.0	100.0
172.005949399987	77.0	100.0
172.0257794999925	77.0	100.0
172.04461670000455	77.0	100.0
172.0653389999934	77.0	100.0
172.0857330999861	77.0	100.0
172.10605440000654	77.0	100.0
172.12498299998697	77.0	100.0
172.1457570999919	77.0	100.0
172.16545130001032	77.0	100.0
172.18567089998396	77.0	100.0
172.20555720000993	77.0	100.0
172.22617320000427	77.0	100.0
172.2458309000067	77.0	100.0
172.26577179998276	77.0	100.0
172.2873019000108	77.0	100.0
172.3058771000069	77.0	100.0
172.32549369998742	77.0	100.0
172.3464430999884	77.0	100.0
172.36592769998242	77.0	100.0
172.38760009998805	77.0	100.0
172.40649349999148	77.0	100.0
172.4254757000017	78.0	100.0
172.44537179998588	78.0	100.0
172.46581950000837	78.0	100.0
172.48725649999687	78.0	100.0
172.5088637000008	78.0	100.0
172.52606699999887	78.0	100.0
172.5455026999989	78.0	100.0
172.56557750000502	78.0	100.0
172.5855201999948	78.0	100.0
172.60793150000973	78.0	100.0
172.62532130000181	78.0	100.0
172.64490630000364	78.0	100.0
172.6651220000058	78.0	100.0
172.68526890000794	78.0	100.0
172.70533029999933	78.0	100.0
172.7254882999987	78.0	100.0
172.74542359999032	78.0	100.0
172.76500089999172	78.0	100.0
172.78531259999727	78.0	100.0
172.80554899998242	78.0	100.0
172.82605249999324	78.0	100.0
172.84558890000335	78.0	100.0
172.8653890999849	78.0	100.0
172.88599350000732	78.0	100.0
172.90600689998246	78.0	100.0
172.92606579998392	78.0	100.0
172.94535299998824	78.0	100.0
172.96555639998405	78.0	100.0
172.98580329999095	78.0	100.0
173.0061713999894	78.0	100.0
173.02525020000758	78.0	100.0
173.04483820000314	78.0	100.0
173.06547529998352	78.0	100.0
173.08552009999403	78.0	100.0
173.10619510000106	78.0	100.0
173.12520999999833	78.0	100.0
173.1451584000024	78.0	100.0
173.16537199998857	78.0	100.0
173.18549579998944	78.0	100.0
173.2050162999949	78.0	100.0
173.22564950000378	78.0	100.0
173.24504519999027	78.0	100.0
173.26545099998475	78.0	100.0
173.2854084999999	78.0	100.0
173.30609969998477	78.0	100.0
173.32548840000527	78.0	100.0
173.34559149999404	78.0	100.0
173.36574400000973	78.0	100.0
173.38592050000443	78.0	100.0
173.40687079998315	78.0	100.0
173.4271662000101	78.0	100.0
173.44624099999783	78.0	100.0
173.46645469998475	78.0	100.0
173.4863061000069	78.0	100.0
173.50552440001047	78.0	100.0
173.52633769999375	78.0	100.0
173.54670410000836	78.0	100.0
173.56797219999135	78.0	100.0
173.58697470001061	78.0	100.0
173.60530080000171	78.0	100.0
173.62737090000883	78.0	100.0
173.6468145000108	78.0	100.0
173.66719199999352	78.0	100.0
173.68678290001117	78.0	100.0
173.7071372999926	78.0	100.0
173.72545090000494	78.0	100.0
173.74663799998234	78.0	100.0
173.76645460000145	78.0	100.0
173.78741709998576	78.0	100.0
173.80611869998393	78.0	100.0
173.82551629998488	78.0	100.0
173.84693629998947	78.0	100.0
173.8655577999889	78.0	100.0
173.88710049999645	78.0	100.0
173.90661410000757	78.0	100.0
173.92729339998914	78.0	100.0
173.94737159999204	78.0	100.0
173.96689589999733	78.0	100.0
173.9868867000041	78.0	100.0
174.00721479998901	78.0	100.0
174.02745090000099	78.0	100.0
174.04696589999367	78.0	100.0
174.06685519998427	78.0	100.0
174.08730990000186	78.0	100.0
174.10752349998802	78.0	100.0
174.1268094999832	78.0	100.0
174.14592469998752	78.0	100.0
174.16692190000322	78.0	100.0
174.186938800005	78.0	100.0
174.20636999999988	78.0	100.0
174.22630730000674	78.0	100.0
174.24725270000636	78.0	100.0
174.26553319999948	78.0	100.0
174.28742159999092	78.0	100.0
174.30745719998959	78.0	100.0
174.3257822000014	78.0	100.0
174.3487291999918	78.0	100.0
174.36673589999555	78.0	100.0
174.386766599986	78.0	100.0
174.40784999998868	78.0	100.0
174.42804569998407	78.0	100.0
174.44755660000374	78.0	100.0
174.46715899999253	78.0	100.0
174.4885158999823	78.0	100.0
174.50640290000592	78.0	100.0
174.52639879999333	78.0	100.0
174.54686559998663	78.0	100.0
174.56697729998268	78.0	100.0
174.58700910001062	78.0	100.0
174.60891969999648	78.0	100.0
174.62691089999862	78.0	100.0
174.64687570001115	78.0	100.0
174.66704319999553	78.0	100.0
174.6871048999892	78.0	100.0
174.7070609999937	78.0	100.0
174.72712259998661	78.0	100.0
174.74690550001105	78.0	100.0
174.76723070000298	78.0	100.0
174.78741590000573	78.0	100.0
174.8069819000084	78.0	100.0
174.82695210000384	78.0	100.0
174.84721179999178	78.0	100.0
174.86599069999647	78.0	100.0
174.88947900000494	78.0	100.0
174.90703269999358	78.0	100.0
174.92749810000532	78.0	100.0
174.94738209998468	78.0	100.0
174.96775149999303	78.0	100.0
174.9876404000097	78.0	100.0
175.00862139998935	78.0	100.0
175.0273113999865	78.0	100.0
175.0478124000074	78.0	100.0
175.0676625999913	78.0	100.0
175.08865580000565	78.0	100.0
175.10746569998446	78.0	100.0
175.12712039999315	78.0	100.0
175.1477057999873	78.0	100.0
175.16781809998793	78.0	100.0
175.18752440001117	78.0	100.0
175.20763160000206	78.0	100.0
175.22729330000584	78.0	100.0
175.24745239998447	78.0	100.0
175.27022959999158	78.0	100.0
175.28829209998366	78.0	100.0
175.30777839999064	78.0	100.0
175.32773910000105	78.0	100.0
175.34812469998724	78.0	100.0
175.36801629999536	78.0	100.0
175.3884022999846	78.0	100.0
175.40939320001053	78.0	100.0
175.42844650000916	78.0	100.0
175.4475902999984	78.0	100.0
175.4682203999837	78.0	100.0
175.4889787999855	78.0	100.0
175.50852020000457	78.0	100.0
175.52792269998463	78.0	100.0
175.5488262999861	78.0	100.0
175.5685327000101	78.0	100.0
175.58786249998957	78.0	100.0
175.60737700000755	78.0	100.0
175.62845509999897	78.0	100.0
175.64764029998332	78.0	100.0
175.66856749998988	78.0	100.0
175.6883753000002	78.0	100.0
175.70769839998684	78.0	100.0
175.72739970000111	78.0	100.0
175.74792540000635	78.0	100.0
175.76747120000073	78.0	100.0
175.78756900000735	78.0	100.0
175.80808469999465	78.0	100.0
175.82732300000498	78.0	100.0
175.8482231000089	78.0	100.0
175.86754619999556	78.0	100.0
175.88813639999717	78.0	100.0
175.90750189998653	78.0	100.0
175.9277107999951	78.0	100.0
175.94725389999803	78.0	100.0
175.96780829998897	78.0	100.0
175.98832639999455	78.0	100.0
176.00795070000459	78.0	100.0
176.02788459998555	78.0	100.0
176.0480001999822	78.0	100.0
176.06751940000686	78.0	100.0
176.08944809998502	78.0	100.0
176.10819929998252	78.0	100.0
176.12786760000745	78.0	100.0
176.14766059999238	78.0	100.0
176.16834189998917	78.0	100.0
176.18838659999892	78.0	100.0
176.2077033999958	78.0	100.0
176.22777689999202	78.0	100.0
176.24792160000652	78.0	100.0
176.26803869998548	78.0	100.0
176.28906959999586	78.0	100.0
176.30806919999304	78.0	100.0
176.3281927999924	78.0	100.0
176.34808920000796	78.0	100.0
176.3677303000004	78.0	100.0
176.38842549998662	78.0	100.0
176.40921310000704	78.0	100.0
176.42881579999812	78.0	100.0
176.44830250000814	78.0	100.0
176.46838849998312	78.0	100.0
176.48827359999996	78.0	100.0
176.50826790000428	78.0	100.0
176.52858449998894	78.0	100.0
176.5479694000096	78.0	100.0
176.5677136000013	78.0	100.0
176.5884517999948	78.0	100.0
176.60858470000676	78.0	100.0
176.62786839998444	78.0	100.0
176.64976100000786	78.0	100.0
176.66741980001098	78.0	100.0
176.68885659999796	78.0	100.0
176.70840179998777	78.0	100.0
176.729004599998	78.0	100.0
176.74787600000855	78.0	100.0
176.76852099999087	78.0	100.0
176.78797259999556	78.0	100.0
176.80825020000339	78.0	100.0
176.82861860000412	78.0	100.0
176.8487128999841	78.0	100.0
176.86884809998446	78.0	100.0
176.88944589998573	78.0	100.0
176.9087404999882	78.0	100.0
176.92923259999952	78.0	100.0
176.94905090000248	78.0	100.0
176.9692320000031	78.0	100.0
176.98865970000043	78.0	100.0
177.01109660000657	78.0	100.0
177.02884290000657	78.0	100.0
177.0492350999848	78.0	100.0
177.06896109998343	78.0	100.0
177.08939790001023	78.0	100.0
177.10893809999106	78.0	100.0
177.12968819998787	78.0	100.0
177.14910249999957	78.0	100.0
177.1687588999921	78.0	100.0
177.18902869999874	78.0	100.0
177.20837229999597	78.0	100.0
177.2278159999987	78.0	100.0
177.24934789998224	78.0	100.0
177.269034500001	78.0	100.0
177.28947729998617	78.0	100.0
177.30905760001042	78.0	100.0
177.3295238999999	78.0	100.0
177.34924859998864	78.0	100.0
177.3692761999846	78.0	100.0
177.38911620000727	78.0	100.0
177.40998379999655	78.0	100.0
177.430165400001	79.0	100.0
177.44946509998408	79.0	100.0
177.46925599998212	79.0	100.0
177.4894665000029	79.0	100.0
177.509132999985	79.0	100.0
177.5292797999864	79.0	100.0
177.54958160000388	79.0	100.0
177.56979760000831	79.0	100.0
177.5894483999873	79.0	100.0
177.611144399998	79.0	100.0
177.62911909999093	79.0	100.0
177.6488948999904	79.0	100.0
177.66935799998464	79.0	100.0
177.68922639999073	79.0	100.0
177.70936819998315	79.0	100.0
177.72956780000823	79.0	100.0
177.7493841999967	79.0	100.0
177.76966039999388	79.0	100.0
177.78959759999998	79.0	100.0
177.80938150000293	79.0	100.0
177.83043189998716	79.0	100.0
177.84843720000936	79.0	100.0
177.86952529998962	79.0	100.0
177.8898457000032	79.0	100.0
177.9095759000047	79.0	100.0
177.9297452000028	79.0	100.0
177.94922770000994	79.0	100.0
177.96932259999448	79.0	100.0
177.9887783000013	79.0	100.0
178.00820079998812	79.0	100.0
178.02995130000636	79.0	100.0
178.04944110001088	79.0	100.0
178.06954209998366	79.0	100.0
178.09012559999246	79.0	100.0
178.10957820000476	79.0	100.0
178.12883790000342	79.0	100.0
178.14964129999862	79.0	100.0
178.16957850000472	79.0	100.0
178.18942979999701	79.0	100.0
178.20988740000757	79.0	100.0
178.22951309999917	79.0	100.0
178.24962550000055	79.0	100.0
178.26868229999673	79.0	100.0
178.28865339999902	79.0	100.0
178.3087991999928	79.0	100.0
178.34193930000765	79.0	100.0
178.3495738999918	79.0	100.0
178.36951029999182	79.0	100.0
178.38958160000038	79.0	100.0
178.4108811999904	79.0	100.0
178.43017680000048	80.0	100.0
178.45170089998282	80.0	100.0
178.46935060000396	80.0	100.0
178.4896374999953	80.0	100.0
178.5096002999926	80.0	100.0
178.5287820000085	80.0	100.0
178.54950309998821	80.0	100.0
178.57008469998254	80.0	100.0
178.58959620000678	80.0	100.0
178.60938280000119	80.0	100.0
178.63059509999584	80.0	100.0
178.65023920001113	80.0	100.0
178.6691257999919	80.0	100.0
178.68946429999778	80.0	100.0
178.7090285999875	80.0	100.0
178.72876130000805	80.0	100.0
178.75171229999978	80.0	100.0
178.76929870000458	80.0	100.0
178.78869469999336	80.0	100.0
178.81002209999133	80.0	100.0
178.83033669998986	80.0	100.0
178.85134950000793	80.0	100.0
178.8650770999957	80.0	100.0
178.88268300000345	80.0	100.0
178.90203050000127	80.0	100.0
178.92172630000277	80.0	100.0
178.94142290001037	80.0	100.0
178.96169100000407	80.0	100.0
178.98210950000794	80.0	100.0
179.00297490000958	80.0	100.0
179.02164019999327	80.0	100.0
179.04217269999208	80.0	100.0
179.06182139998418	80.0	100.0
179.0828651000047	80.0	100.0
179.10246269998606	80.0	100.0
179.12291380000534	80.0	100.0
179.14190290000988	80.0	100.0
179.16207769999164	80.0	100.0
179.18284409999615	80.0	100.0
179.20287320000352	80.0	100.0
179.2217035999929	80.0	100.0
179.24217469998985	80.0	100.0
179.26225719999638	80.0	100.0
179.28296179999597	80.0	100.0
179.30432160000782	80.0	100.0
179.32616170000983	80.0	100.0
179.3419040000008	80.0	100.0
179.36484200000996	80.0	100.0
179.38389729999471	80.0	100.0
179.40409389999695	80.0	100.0
179.42283470000257	81.0	100.0
179.44308399999863	81.0	100.0
179.46317919998546	81.0	100.0
179.48390369999106	81.0	100.0
179.50309549999656	81.0	100.0
179.52341309998883	81.0	100.0
179.54284419998294	81.0	100.0
179.5639028000005	81.0	100.0
179.5838739000028	81.0	100.0
179.60389110000688	81.0	100.0
179.6237390000024	81.0	100.0
179.64318859999184	81.0	100.0
179.66682109999238	81.0	100.0
179.68667920000735	81.0	100.0
179.70504959998652	81.0	100.0
179.72275660000741	81.0	100.0
179.74250639998354	81.0	100.0
179.7631212999986	81.0	100.0
179.78407419999712	81.0	100.0
179.8030277999933	81.0	100.0
179.8224990000017	81.0	100.0
179.8428614999866	81.0	100.0
179.86285780000617	81.0	100.0
179.88397970001097	81.0	100.0
179.90333380000084	81.0	100.0
179.926300799998	81.0	100.0
179.94834460000857	81.0	100.0
179.96819439998944	81.0	100.0
179.98882810000214	81.0	100.0
180.00889259998803	81.0	100.0
180.03119509998942	81.0	100.0
180.044874299987	81.0	100.0
180.06454449999728	81.0	100.0
180.08472270000493	81.0	100.0
180.10287699999753	81.0	100.0
180.12346790000447	81.0	100.0
180.14315449999413	81.0	100.0
180.1650040000095	81.0	100.0
180.18470539999544	81.0	100.0
180.20489490000182	81.0	100.0
180.2251125999901	81.0	100.0
180.24366159999045	81.0	100.0
180.26464889998897	81.0	100.0
180.2884148999874	81.0	100.0
180.31037210000795	81.0	100.0
180.33156749999034	81.0	100.0
180.3514315999928	81.0	100.0
180.37187050000648	81.0	100.0
180.39058400000795	81.0	100.0
180.40957089999574	81.0	100.0
180.4292104000051	81.0	100.0
180.44819009999628	81.0	100.0
180.46898869998404	81.0	100.0
180.48907519999193	81.0	100.0
180.51028290000977	81.0	100.0
180.53027859999565	81.0	100.0
180.5498585999885	81.0	100.0
180.5713214999996	81.0	100.0
180.59501839999575	81.0	100.0
180.6133850000042	81.0	100.0
180.6314180000045	81.0	100.0
180.65173589999904	81.0	100.0
180.6723869999987	81.0	100.0
180.69286449998617	81.0	100.0
180.71225240000058	81.0	100.0
180.73253199999453	81.0	100.0
180.7517719999887	81.0	100.0
180.77200820000144	81.0	100.0
180.79185280000092	81.0	100.0
180.81204389999039	81.0	100.0
180.83141620000242	81.0	100.0
180.85103980000713	81.0	100.0
180.8669610999932	81.0	100.0
180.88736369999242	81.0	100.0
180.90525789998355	81.0	100.0
180.92470929998672	81.0	100.0
180.94496719999006	81.0	100.0
180.9667524000106	81.0	100.0
180.98463419999462	81.0	100.0
181.004305200011	81.0	100.0
181.1928304999892	81.0	100.0
181.19284949998837	81.0	100.0
181.19285839999793	81.0	100.0
181.19286660000216	81.0	100.0
181.1928748000064	81.0	100.0
181.1938603000017	81.0	100.0
181.19389369999408	81.0	100.0
181.19391110001015	81.0	100.0
181.19392759999027	81.0	100.0
181.21118660000502	81.0	100.0
181.23213530000066	81.0	100.0
181.24511719998554	81.0	100.0
181.30338729999494	81.0	100.0
181.303425399994	81.0	100.0
181.30514710000716	81.0	100.0
181.33009279999533	81.0	100.0
181.4426836000057	81.0	100.0
181.44273189999512	81.0	100.0
181.44275620000553	81.0	100.0
181.44277910000528	81.0	100.0
181.44280220000655	80.0	100.0
181.44829259999096	80.0	100.0
181.4695766000077	80.0	100.0
181.49054269999033	80.0	100.0
181.51067329998477	80.0	100.0
181.5649379999959	80.0	100.0
181.5649604999926	80.0	100.0
181.5709852	80.0	100.0
181.5908436999889	80.0	100.0
181.61027889998513	80.0	100.0
181.66106779998518	80.0	100.0
181.6610912999895	80.0	100.0
181.66944599998533	80.0	100.0
181.6917245000077	80.0	100.0
181.71115109999664	80.0	100.0
181.7618036000058	80.0	100.0
181.76204149998375	80.0	100.0
181.77073570000357	80.0	100.0
181.79092810000293	80.0	100.0
181.81112709999434	80.0	100.0
181.86470909998752	80.0	100.0
181.86496679999982	80.0	100.0
181.86984510000912	80.0	100.0
181.89153180000721	80.0	100.0
181.9107238999859	80.0	100.0
181.93160819998593	80.0	100.0
181.96670849999646	80.0	100.0
181.97102199998335	80.0	100.0
181.99181760000647	80.0	100.0
182.01074019999942	80.0	100.0
182.03097379999235	80.0	100.0
182.07586859998992	80.0	100.0
182.07607650000136	80.0	100.0
182.09048859999166	80.0	100.0
182.11121879998245	80.0	100.0
182.13087059999816	80.0	100.0
182.17078849999234	80.0	100.0
182.17132190000848	80.0	100.0
182.19127589999698	80.0	100.0
182.2112133000046	80.0	100.0
182.23188539998955	80.0	100.0
182.4228896999848	80.0	100.0
182.42291389999446	80.0	100.0
182.42292280000402	80.0	100.0
182.4229306000052	80.0	100.0
182.42293790000258	80.0	100.0
182.422945600003	80.0	100.0
182.42295300000114	80.0	100.0
182.42296029999852	80.0	100.0
182.42296779999742	80.0	100.0
182.43118909999612	80.0	100.0
182.45191899998463	80.0	100.0
182.47212469999795	80.0	100.0
182.5286938000063	80.0	100.0
182.52895539999008	80.0	100.0
182.5317839999916	80.0	100.0
182.55095169998822	80.0	100.0
182.66307760000927	80.0	100.0
182.66309799999	80.0	100.0
182.66310619999422	80.0	100.0
182.66311459999997	80.0	100.0
182.6633302999835	80.0	100.0
182.67172509999364	80.0	100.0
182.69186699998681	80.0	100.0
182.71174669999164	80.0	100.0
182.7319148000097	80.0	100.0
182.75159639999038	80.0	100.0
182.77185079999617	80.0	100.0
182.8362855000014	80.0	100.0
182.83630860000267	80.0	100.0
182.8363168000069	80.0	100.0
182.85164750000695	80.0	100.0
183.03644969998277	80.0	100.0
183.0364697999903	80.0	100.0
183.03647799999453	80.0	100.0
183.03648599999724	80.0	100.0
183.03649349999614	80.0	100.0
183.0371227999858	80.0	100.0
183.03713849998894	80.0	100.0
183.03714699999546	80.0	100.0
183.0371567000111	80.0	100.0
183.05212760000722	80.0	100.0
183.07251949998317	80.0	100.0
183.09216440000455	80.0	100.0
183.1127515999833	80.0	100.0
183.1324212999898	80.0	100.0
183.1521800000046	80.0	100.0
183.18711959998473	80.0	100.0
183.19227080000564	80.0	100.0
183.21203070000047	80.0	100.0
183.23173229998793	80.0	100.0
183.25178819999564	80.0	100.0
183.2811410999857	80.0	100.0
183.292449200002	80.0	100.0
183.3123377999873	80.0	100.0
183.33179080000264	80.0	100.0
183.35156350000761	80.0	100.0
183.37189330000547	80.0	100.0
183.39251830001012	80.0	100.0
183.4465411999845	80.0	100.0
183.4465627000027	79.0	100.0
183.45248040001024	79.0	100.0
183.47218569999677	79.0	100.0
183.5857132000092	79.0	100.0
183.58573319998686	79.0	100.0
183.58574169999338	79.0	100.0
183.58575060000294	79.0	100.0
183.58575800000108	79.0	100.0
183.59182549998513	79.0	100.0
183.6132881999947	79.0	100.0
183.631635800004	79.0	100.0
183.65182719999575	79.0	100.0
183.6718891999917	79.0	100.0
183.69177360000322	79.0	100.0
183.71190560000832	79.0	100.0
183.75618920000852	79.0	100.0
183.75633889998426	79.0	100.0
183.77184780000243	79.0	100.0
183.89237819999107	79.0	100.0
183.8923969999887	79.0	100.0
183.89240509999217	79.0	100.0
183.89241349999793	79.0	100.0
183.89242099999683	79.0	100.0
183.89308479998726	79.0	100.0
183.9123513000086	79.0	100.0
183.9326027999923	79.0	100.0
183.95190290000755	79.0	100.0
183.9728613999905	79.0	100.0
183.99229170000763	79.0	100.0
184.0122105999908	79.0	100.0
184.0605554000067	79.0	100.0
184.06057619999046	79.0	100.0
184.07174179999856	79.0	100.0
184.20117799998843	79.0	100.0
184.20122809999157	79.0	100.0
184.20125169999665	79.0	100.0
184.2012751000002	79.0	100.0
184.20129769999767	79.0	100.0
184.2013203999959	79.0	100.0
184.21715449998737	79.0	100.0
184.23201059998246	79.0	100.0
184.25235900000553	79.0	100.0
184.27237109999987	79.0	100.0
184.29711489999318	79.0	100.0
184.31223670000327	79.0	100.0
184.33243809998385	79.0	100.0
184.3545416999841	79.0	100.0
184.372094499995	79.0	100.0
184.57295010000234	79.0	100.0
184.57298729999457	79.0	100.0
184.57300499998382	78.0	100.0
184.5730215999938	78.0	100.0
184.5730382000038	78.0	100.0
184.57305529998848	78.0	100.0
184.57307589999982	78.0	100.0
184.57309940000414	78.0	100.0
184.57311739999568	78.0	100.0
184.5731822999951	78.0	100.0
184.59320319999824	78.0	100.0
184.61307160000433	78.0	100.0
184.63306779999402	78.0	100.0
184.68704079999588	78.0	100.0
184.68709269998362	78.0	100.0
184.69323790000635	78.0	100.0
184.82228379999287	78.0	100.0
184.82230850000633	78.0	100.0
184.82232060001115	78.0	100.0
184.82233329999144	78.0	100.0
184.82234499999322	78.0	100.0
184.82235709999804	78.0	100.0
184.83319249999477	78.0	100.0
184.85278310001013	78.0	100.0
184.87310799999977	78.0	100.0
184.89459139999235	78.0	100.0
184.92802709998796	78.0	100.0
184.93282749998616	78.0	100.0
184.95275550000952	78.0	100.0
184.97258840000723	78.0	100.0
184.99425789999077	78.0	100.0
185.01448389998404	78.0	100.0
185.03263050000533	78.0	100.0
185.05257470000652	78.0	100.0
185.07185979999485	78.0	100.0
185.09243339998648	78.0	100.0
185.11241750000045	78.0	100.0
185.13103990000673	78.0	100.0
185.15302100000554	78.0	100.0
185.17373539999244	78.0	100.0
185.1932131999929	78.0	100.0
185.21440679999068	78.0	100.0
185.23328640000545	78.0	100.0
185.25310430000536	78.0	100.0
185.27215330000035	78.0	100.0
185.29248679999728	78.0	100.0
185.31247380000423	78.0	100.0
185.33308260000194	78.0	100.0
185.35301170000457	78.0	100.0
185.3733549999888	78.0	100.0
185.3936260000046	78.0	100.0
185.4135672999837	78.0	100.0
185.43355590000283	79.0	100.0
185.45351449999725	79.0	100.0
185.47384659998352	79.0	100.0
185.49402640000335	79.0	100.0
185.50885919999564	79.0	100.0
185.52889759998652	79.0	100.0
185.54856870000367	79.0	100.0
185.56878949998645	79.0	100.0
185.5890037000063	79.0	100.0
185.60905979998643	79.0	100.0
185.62864119998994	79.0	100.0
185.65121199999703	79.0	100.0
185.67280319999554	79.0	100.0
185.6936858999834	79.0	100.0
185.71327810001094	79.0	100.0
185.7333498999942	79.0	100.0
185.75265750000835	79.0	100.0
185.77352529999916	79.0	100.0
185.79346049999003	79.0	100.0
185.81346649999614	79.0	100.0
185.832444700005	79.0	100.0
185.85245479998412	79.0	100.0
185.87258249998558	79.0	100.0
185.893654399988	79.0	100.0
185.91246649998357	79.0	100.0
185.93322760000592	79.0	100.0
185.95340359999682	79.0	100.0
185.97360029999982	79.0	100.0
185.99362619998283	79.0	100.0
186.0136227000039	79.0	100.0
186.0332919000066	79.0	100.0
186.05362679998507	79.0	100.0
186.07361039999523	79.0	100.0
186.09386369999265	79.0	100.0
186.11332539998693	79.0	100.0
186.13340659998357	79.0	100.0
186.15321509999922	79.0	100.0
186.1727447999874	79.0	100.0
186.19380660000024	79.0	100.0
186.2137640999863	79.0	100.0
186.2326250000042	79.0	100.0
186.25254879999557	79.0	100.0
186.272598999989	79.0	100.0
186.2939231999917	79.0	100.0
186.31356219999725	79.0	100.0
186.33359709999058	79.0	100.0
186.35355379999964	79.0	100.0
186.37264230000437	79.0	100.0
186.39442470000358	79.0	100.0
186.4144391999871	79.0	100.0
186.43418019998353	80.0	100.0
186.45475840001018	80.0	100.0
186.4740771999932	80.0	100.0
186.49497339999652	80.0	100.0
186.5135530999978	80.0	100.0
186.53377219999675	80.0	100.0
186.55371430001105	80.0	100.0
186.57374719998916	80.0	100.0
186.59406080000917	80.0	100.0
186.615799399995	80.0	100.0
186.63375720000477	80.0	100.0
186.65376980000292	80.0	100.0
186.67387559998315	80.0	100.0
186.6945577999868	80.0	100.0
186.7135389999894	80.0	100.0
186.73509209998883	80.0	100.0
186.7538663999876	80.0	100.0
186.77393979998305	80.0	100.0
186.794424599997	80.0	100.0
186.81439789998694	80.0	100.0
186.83354079999845	80.0	100.0
186.8538830000034	80.0	100.0
186.87390679999953	80.0	100.0
186.8944724999892	80.0	100.0
186.9140669000044	80.0	100.0
186.9341701999947	80.0	100.0
186.9540144999919	80.0	100.0
186.9748147999926	80.0	100.0
186.9952062999946	80.0	100.0
187.0148782999895	80.0	100.0
187.03464520000853	80.0	100.0
187.05430570000317	80.0	100.0
187.07373579998966	80.0	100.0
187.094483199995	80.0	100.0
187.1144471000007	80.0	100.0
187.1345741999976	80.0	100.0
187.15402919999906	80.0	100.0
187.17466009999043	80.0	100.0
187.19460560000152	80.0	100.0
187.2147757000057	80.0	100.0
187.23512050000136	80.0	100.0
187.25489000001107	80.0	100.0
187.27487930000643	80.0	100.0
187.29557139999815	80.0	100.0
187.31423489999725	80.0	100.0
187.33452350000152	80.0	100.0
187.35468499999843	80.0	100.0
187.37468380000792	80.0	100.0
187.39506569999503	80.0	100.0
187.418586099986	80.0	100.0
187.43402320001042	81.0	100.0
187.45517919998383	81.0	100.0
187.4739569000085	81.0	100.0
187.49468669999624	81.0	100.0
187.51492039998993	81.0	100.0
187.53464430000167	81.0	100.0
187.55534099999932	81.0	100.0
187.57515699998476	81.0	100.0
187.594932899985	81.0	100.0
187.61529499999597	81.0	100.0
187.63502079999307	81.0	100.0
187.65578239999013	81.0	100.0
187.67535700000008	81.0	100.0
187.69563430000562	81.0	100.0
187.71489539998583	81.0	100.0
187.73565190000227	81.0	100.0
187.75485019999905	81.0	100.0
187.77503600000637	81.0	100.0
187.79585540000699	81.0	100.0
187.81585600000108	81.0	100.0
187.83556790000875	81.0	100.0
187.85566139998264	81.0	100.0
187.8752811999875	81.0	100.0
187.89518600000883	81.0	100.0
187.91553769999882	81.0	100.0
187.93563920000452	81.0	100.0
187.95498959999532	81.0	100.0
187.975297099998	81.0	100.0
187.99581220000982	81.0	100.0
188.01532879998558	81.0	100.0
188.03507559999707	81.0	100.0
188.0552536000032	81.0	100.0
188.07520389999263	81.0	100.0
188.0960475000029	81.0	100.0
188.11606040000333	81.0	100.0
188.13584979998996	81.0	100.0
188.1549279000028	81.0	100.0
188.1759933999856	81.0	100.0
188.19605440000305	81.0	100.0
188.21596539998427	81.0	100.0
188.2357173000055	81.0	100.0
188.25565710000228	81.0	100.0
188.27567179998732	81.0	100.0
188.2964656999975	81.0	100.0
188.3160060000082	81.0	100.0
188.33580860000802	81.0	100.0
188.35572910000337	81.0	100.0
188.37566719998722	81.0	100.0
188.39545809998526	81.0	100.0
188.4174034000025	81.0	100.0
188.43586930001038	81.0	100.0
188.45555009998498	81.0	100.0
188.47699309999007	81.0	100.0
188.4965775999881	81.0	100.0
188.5162646000099	81.0	100.0
188.53620909998426	81.0	100.0
188.55616579999332	81.0	100.0
188.5761009999842	81.0	100.0
188.5958338000055	81.0	100.0
188.61516950000077	81.0	100.0
188.6355241999845	81.0	100.0
188.65580589999445	81.0	100.0
188.67581859999336	81.0	100.0
188.69581189999008	81.0	100.0
188.71554089998244	81.0	100.0
188.73574440000812	81.0	100.0
188.7568872999982	81.0	100.0
188.77580800000578	81.0	100.0
188.7957264999859	81.0	100.0
188.81589410000015	81.0	100.0
188.83560649998253	81.0	100.0
188.8557368000038	81.0	100.0
188.87556929999846	81.0	100.0
188.89612739998847	81.0	100.0
188.91560599999502	81.0	100.0
188.9357272000052	81.0	100.0
188.95582579998882	81.0	100.0
188.9758337000094	81.0	100.0
188.99588269999367	81.0	100.0
189.015919700003	81.0	100.0
189.03564570000162	81.0	100.0
189.05533090000972	81.0	100.0
189.07570429999032	81.0	100.0
189.09648049998214	81.0	100.0
189.1193524999835	81.0	100.0
189.13590160000604	81.0	100.0
189.1558282999904	81.0	100.0
189.17611699999543	81.0	100.0
189.19609839998884	81.0	100.0
189.21594379999442	81.0	100.0
189.23600099998293	81.0	100.0
189.2557555999956	81.0	100.0
189.2756395000033	81.0	100.0
189.29655090000597	81.0	100.0
189.31589379999787	81.0	100.0
189.33577489998424	81.0	100.0
189.3559636999853	81.0	100.0
189.37604480001028	81.0	100.0
189.39591240001027	81.0	100.0
189.41602090001106	81.0	100.0
189.43607319999137	81.0	100.0
189.4564449999889	81.0	100.0
189.47595870000077	81.0	100.0
189.49644190000254	81.0	100.0
189.5163474000001	81.0	100.0
189.5363071000029	81.0	100.0
189.55610940000042	81.0	100.0
189.5761588999885	81.0	100.0
189.5961207000073	81.0	100.0
189.6184699999867	81.0	100.0
189.63616319998982	81.0	100.0
189.65615490000346	81.0	100.0
189.6761281999934	81.0	100.0
189.69637099999818	81.0	100.0
189.71636489999946	81.0	100.0
189.73634689999744	81.0	100.0
189.75591529998928	81.0	100.0
189.77653169998666	81.0	100.0
189.7964740000025	81.0	100.0
189.81601199999568	81.0	100.0
189.83614919998217	81.0	100.0
189.85626679999405	81.0	100.0
189.87598320000689	81.0	100.0
189.8964801999973	81.0	100.0
189.91579219998675	81.0	100.0
189.93647499999497	81.0	100.0
189.95643200000632	81.0	100.0
189.9761800999986	81.0	100.0
189.99641880000127	81.0	100.0
190.0161201999872	81.0	100.0
190.03638849998242	81.0	100.0
190.0563581000024	81.0	100.0
190.07629769999767	81.0	100.0
190.095467200008	81.0	100.0
190.1146441999881	81.0	100.0
190.13317149999784	81.0	100.0
190.15422399999807	81.0	100.0
190.17660999999498	81.0	100.0
190.19676980000804	81.0	100.0
190.21724739999627	81.0	100.0
190.23687259998405	81.0	100.0
190.256902299996	81.0	100.0
190.27659880000283	81.0	100.0
190.2969063000055	81.0	100.0
190.31695730000501	81.0	100.0
190.3374477000034	81.0	100.0
190.35652599998866	81.0	100.0
190.3765901000006	81.0	100.0
190.3975254999823	81.0	100.0
190.41755670000566	81.0	100.0
190.43707529999665	81.0	100.0
190.45722260000184	81.0	100.0
190.476932199992	81.0	100.0
190.49770859998534	81.0	100.0
190.51732189999893	81.0	100.0
190.5371918999881	81.0	100.0
190.556863100006	81.0	100.0
190.5778706999845	81.0	100.0
190.59741469999426	81.0	100.0
190.61669609998353	81.0	100.0
190.63703109999187	81.0	100.0
190.65780240000458	81.0	100.0
190.67701310000848	81.0	100.0
190.6978634999832	81.0	100.0
190.71689270000206	81.0	100.0
190.73928320000414	81.0	100.0
190.75671329998295	81.0	100.0
190.77693319998798	81.0	100.0
190.79724620000343	81.0	100.0
190.81693929998437	81.0	100.0
190.83658810000634	81.0	100.0
190.8570097000047	81.0	100.0
190.87608089999412	81.0	100.0
190.89788609999232	81.0	100.0
190.91677109999	81.0	100.0
190.93727870000293	81.0	100.0
190.95686679999926	81.0	100.0
190.97727589998976	81.0	100.0
190.99732729999232	81.0	100.0
191.01542409998365	81.0	100.0
191.03639739999198	81.0	100.0
191.0573202999949	81.0	100.0
191.07654629999888	81.0	100.0
191.09968270000536	81.0	100.0
191.12104910000926	81.0	100.0
191.1368201999867	81.0	100.0
191.1622609999904	81.0	100.0
191.17708629998378	81.0	100.0
191.1983210000035	81.0	100.0
191.21927510001115	81.0	100.0
191.23791599998367	81.0	100.0
191.2575868999993	81.0	100.0
191.2770671999897	81.0	100.0
191.29844690000755	81.0	100.0
191.31704950000858	81.0	100.0
191.3378015999915	81.0	100.0
191.35748089998378	81.0	100.0
191.37737060000654	81.0	100.0
191.39754889998585	81.0	100.0
191.41898429999128	81.0	100.0
191.4364236999827	79.0	100.0
191.45487159999902	79.0	100.0
191.47488950000843	79.0	100.0
191.49507139998605	79.0	100.0
191.51439480000408	79.0	100.0
191.53557619999629	79.0	100.0
191.55640100000892	79.0	100.0
191.57749589998275	79.0	100.0
191.59780230000615	79.0	100.0
191.61777710000752	79.0	100.0
191.63792410001042	79.0	100.0
191.6581104999932	79.0	100.0
191.67778229998657	79.0	100.0
191.6982100000023	79.0	100.0
191.71793439998874	79.0	100.0
191.73774499999126	79.0	100.0
191.7578099000093	79.0	100.0
191.77655949999462	79.0	100.0
191.79858149998472	79.0	100.0
191.81794710000395	79.0	100.0
191.83801589999348	79.0	100.0
191.85790609999094	79.0	100.0
191.87761989998398	79.0	100.0
191.89858800001093	79.0	100.0
191.91672959999414	79.0	100.0
191.9372066000069	79.0	100.0
191.9586135999998	79.0	100.0
191.97759369999403	79.0	100.0
191.9980202000006	79.0	100.0
192.01806629999192	79.0	100.0
192.0376474999939	79.0	100.0
192.05809469998349	79.0	100.0
192.07763149999664	79.0	100.0
192.09797800000524	79.0	100.0
192.1176138999872	79.0	100.0
192.13753099998576	79.0	100.0
192.1572424999904	79.0	100.0
192.17753960000118	79.0	100.0
192.19764989998657	79.0	100.0
192.2177352999861	79.0	100.0
192.2375567999843	79.0	100.0
192.25746279998566	79.0	100.0
192.27736410000944	79.0	100.0
192.29774569999427	79.0	100.0
192.31757270000526	79.0	100.0
192.33657509999466	79.0	100.0
192.35755059999065	79.0	100.0
192.37771149998298	79.0	100.0
192.39779399998952	79.0	100.0
192.41784720000578	79.0	100.0
192.43731899998966	79.0	100.0
192.45785410000826	79.0	100.0
192.47753649999504	79.0	100.0
192.49832220000098	79.0	100.0
192.51732650000486	79.0	100.0
192.53756969998358	79.0	100.0
192.5576674999902	79.0	100.0
192.57719089998864	79.0	100.0
192.59727699999348	79.0	100.0
192.6194875999936	79.0	100.0
192.63752190000378	79.0	100.0
192.65757479998865	79.0	100.0
192.6773494000081	79.0	100.0
192.69801019999431	79.0	100.0
192.71743469999637	79.0	100.0
192.73776540000108	79.0	100.0
192.75732949998928	79.0	100.0
192.7777936999919	79.0	100.0
192.79797049998888	79.0	100.0
192.81764029999613	79.0	100.0
192.8376631999854	79.0	100.0
192.8586481999955	79.0	100.0
192.87814369998523	79.0	100.0
192.89869979998912	79.0	100.0
192.9183006999956	79.0	100.0
192.93835879999097	79.0	100.0
192.95872880000388	79.0	100.0
192.9777298999834	79.0	100.0
192.99753709998913	79.0	100.0
193.01773379999213	79.0	100.0
193.0372844999947	79.0	100.0
193.05755850000423	79.0	100.0
193.07714449998457	79.0	100.0
193.09842249998474	79.0	100.0
193.11750769999344	79.0	100.0
193.13772949998383	79.0	100.0
193.15837419999298	79.0	100.0
193.17813559999922	79.0	100.0
193.19800239999313	79.0	100.0
193.2180868999858	79.0	100.0
193.23769799998263	79.0	100.0
193.25778029998764	79.0	100.0
193.27791289999732	79.0	100.0
193.29811760000302	79.0	100.0
193.31737060000887	79.0	100.0
193.33811609999975	79.0	100.0
193.35754900000757	79.0	100.0
193.37709460000042	79.0	100.0
193.39855939999688	79.0	100.0
193.4191862999869	79.0	100.0
193.43868150000344	79.0	100.0
193.4586151999829	79.0	100.0
193.47832980001112	79.0	100.0
193.49874919999274	79.0	100.0
193.51883169999928	79.0	100.0
193.53857229999267	79.0	100.0
193.55909349999274	79.0	100.0
193.57844199999818	79.0	100.0
193.59805929998402	79.0	100.0
193.61802900000475	79.0	100.0
193.63852089998545	79.0	100.0
193.65875649999361	79.0	100.0
193.6780202999944	79.0	100.0
193.69903849999537	79.0	100.0
193.71804849998443	79.0	100.0
193.73851969998213	79.0	100.0
193.7581232000084	79.0	100.0
193.77912439999636	79.0	100.0
193.79773250001017	79.0	100.0
193.81881170000997	79.0	100.0
193.83840489998693	79.0	100.0
193.8585266000009	79.0	100.0
193.8784953999857	79.0	100.0
193.89889740000945	79.0	100.0
193.92162030001055	79.0	100.0
193.93859199999133	79.0	100.0
193.95832430000883	79.0	100.0
193.97870690000127	79.0	100.0
193.99879620000138	79.0	100.0
194.01850129998638	79.0	100.0
194.0384633000067	79.0	100.0
194.05927569998312	79.0	100.0
194.0788879999891	79.0	100.0
194.0988795000012	79.0	100.0
194.11932669999078	79.0	100.0
194.13891000000876	79.0	100.0
194.15840409998782	79.0	100.0
194.17882339999778	79.0	100.0
194.19900180000695	79.0	100.0
194.21844349999446	79.0	100.0
194.23864860000322	79.0	100.0
194.25923719999264	79.0	100.0
194.27877559998888	79.0	100.0
194.29965159998392	79.0	100.0
194.31877250000252	79.0	100.0
194.33890549998614	79.0	100.0
194.3587494000094	79.0	100.0
194.37874339998234	79.0	100.0
194.39882929998566	79.0	100.0
194.41975749999983	79.0	100.0
194.43843879998894	78.0	100.0
194.45895450000535	78.0	100.0
194.47905749999336	78.0	100.0
194.49915170000168	78.0	100.0
194.51956729998346	78.0	100.0
194.53909129998647	78.0	100.0
194.55869149998762	78.0	100.0
194.57951959999627	78.0	100.0
194.5997412999859	78.0	100.0
194.6196774999844	78.0	100.0
194.63917219999712	78.0	100.0
194.65904540001065	78.0	100.0
194.67938409998897	78.0	100.0
194.69929270001012	78.0	100.0
194.71925950000877	78.0	100.0
194.7394545999996	78.0	100.0
194.75869849999435	78.0	100.0
194.77951200000825	78.0	100.0
194.79953260000912	78.0	100.0
194.8190317999979	78.0	100.0
194.84037279998302	78.0	100.0
194.8592856999894	78.0	100.0
194.87887089999276	78.0	100.0
194.89991909998935	78.0	100.0
194.91912879998563	78.0	100.0
194.9395416000043	78.0	100.0
194.95905099998345	78.0	100.0
194.9797741000075	78.0	100.0
194.9998302999884	78.0	100.0
195.01957529998617	78.0	100.0
195.03886850000708	78.0	100.0
195.05959879999864	78.0	100.0
195.0794898000022	78.0	100.0
195.09944240000914	78.0	100.0
195.11664849999943	78.0	100.0
195.13911519999965	78.0	100.0
195.1595299000037	78.0	100.0
195.18027499999152	78.0	100.0
195.2005680000002	78.0	100.0
195.21970489999512	78.0	100.0
195.23950930000865	78.0	100.0
195.25898149999557	78.0	100.0
195.27974209998501	78.0	100.0
195.2990407999896	78.0	100.0
195.31880269999965	78.0	100.0
195.33962739998242	78.0	100.0
195.35973090000334	78.0	100.0
195.38007899999502	78.0	100.0
195.3995644999959	78.0	100.0
195.42033019999508	78.0	100.0
195.4385173000046	78.0	100.0
195.45921709999675	78.0	100.0
195.47949170001084	78.0	100.0
195.50115799999912	78.0	100.0
195.51989540000795	78.0	100.0
195.53938969998853	78.0	100.0
195.5590084999858	78.0	100.0
195.5796690999996	78.0	100.0
195.5995219000033	78.0	100.0
195.62034170000697	78.0	100.0
195.6389952999889	78.0	100.0
195.6597986999841	78.0	100.0
195.68171679999796	78.0	100.0
195.699818699999	78.0	100.0
195.71938819999923	78.0	100.0
195.73981639998965	78.0	100.0
195.7598607999971	78.0	100.0
195.78007119998801	78.0	100.0
195.8004030000011	78.0	100.0
195.8198638999893	78.0	100.0
195.83878799999366	78.0	100.0
195.8596511000069	78.0	100.0
195.87983409999288	78.0	100.0
195.90034530000412	78.0	100.0
195.91970759999822	78.0	100.0
195.9395904999983	78.0	100.0
195.95965899998555	78.0	100.0
195.98156620000373	78.0	100.0
195.99804770000628	78.0	100.0
196.02023229998304	78.0	100.0
196.0401229999843	78.0	100.0
196.0603407000017	78.0	100.0
196.08041920000687	78.0	100.0
196.09984519999125	78.0	100.0
196.119440999988	78.0	100.0
196.1395671000064	78.0	100.0
196.15961959998822	78.0	100.0
196.17980620000162	78.0	100.0
196.19983599998523	78.0	100.0
196.21990769999684	78.0	100.0
196.239611099998	78.0	100.0
196.260669100011	78.0	100.0
196.2795085000107	78.0	100.0
196.2999215000018	78.0	100.0
196.3196146999835	78.0	100.0
196.33998980000615	78.0	100.0
196.35988629999338	78.0	100.0
196.3799289999879	78.0	100.0
196.39974669998628	78.0	100.0
196.4203009000048	78.0	100.0
196.43981889999122	78.0	100.0
196.45996549999109	78.0	100.0
196.48036869999487	78.0	100.0
196.50065750000067	78.0	100.0
196.52028530000825	78.0	100.0
196.5405657000083	78.0	100.0
196.56018589998712	78.0	100.0
196.58053879998624	78.0	100.0
196.6002950000111	78.0	100.0
196.6205110999872	78.0	100.0
196.64029209999717	78.0	100.0
196.6602920999867	78.0	100.0
196.68047639998258	78.0	100.0
196.700828800007	78.0	100.0
196.7203709000023	78.0	100.0
196.74526769999648	78.0	100.0
196.76032719999785	78.0	100.0
196.78067889998783	78.0	100.0
196.80047970000305	78.0	100.0
196.81978119999985	78.0	100.0
196.84014889999526	78.0	100.0
196.8604468999838	78.0	100.0
196.87990969998646	78.0	100.0
196.90059129998554	78.0	100.0
196.92036439999356	78.0	100.0
196.9403905000072	78.0	100.0
196.95997209998313	78.0	100.0
196.98083109999425	78.0	100.0
197.0004876999883	78.0	100.0
197.0202186999959	78.0	100.0
197.0396277999971	78.0	100.0
197.0605219999852	78.0	100.0
197.08075180000742	78.0	100.0
197.10139880000497	78.0	100.0
197.12105099999462	78.0	100.0
197.14131589999306	78.0	100.0
197.1603577999922	78.0	100.0
197.18214089999674	78.0	100.0
197.2001757999824	78.0	100.0
197.22105620001093	78.0	100.0
197.24094759998843	78.0	100.0
197.26138340000762	78.0	100.0
197.28019319998566	78.0	100.0
197.3005370000028	78.0	100.0
197.3203960999963	78.0	100.0
197.34039209998446	78.0	100.0
197.3603762999992	78.0	100.0
197.38082900000154	78.0	100.0
197.40098919998854	78.0	100.0
197.42289519999758	78.0	100.0
197.44056260000798	80.0	100.0
197.46067209998728	80.0	100.0
197.480937299988	80.0	100.0
197.5013350000081	80.0	100.0
197.52165999999852	80.0	100.0
197.5417085000081	80.0	100.0
197.56149349999032	80.0	100.0
197.58153719999245	80.0	100.0
197.60103510000044	80.0	100.0
197.6203325999959	80.0	100.0
197.64109679998364	80.0	100.0
197.66141939998488	80.0	100.0
197.68065809999825	80.0	100.0
197.70153130000108	80.0	100.0
197.72134299998288	80.0	100.0
197.74061119998805	80.0	100.0
197.76030009999522	80.0	100.0
197.7811575999949	80.0	100.0
197.80155179998837	80.0	100.0
197.82131329999538	80.0	100.0
197.84134159999667	80.0	100.0
197.8614505000005	80.0	100.0
197.88121439999668	80.0	100.0
197.90191330001107	80.0	100.0
197.92163870000513	80.0	100.0
197.94160630000988	80.0	100.0
197.96108879998792	80.0	100.0
197.981294600002	80.0	100.0
198.0016476000019	80.0	100.0
198.0217554999981	80.0	100.0
198.04126550001092	80.0	100.0
198.06118859999697	80.0	100.0
198.08162389998324	80.0	100.0
198.1025093999924	80.0	100.0
198.1214512999868	80.0	100.0
198.14179319998948	80.0	100.0
198.16143690000172	80.0	100.0
198.1816361999954	80.0	100.0
198.20264229999157	80.0	100.0
198.22153509999043	80.0	100.0
198.24162200000137	80.0	100.0
198.261202099995	80.0	100.0
198.28267339998274	80.0	100.0
198.30204219999723	80.0	100.0
198.32168059999822	80.0	100.0
198.34153249999508	80.0	100.0
198.36171940001077	80.0	100.0
198.38205429998925	80.0	100.0
198.40231030000723	80.0	100.0
198.4229328999936	80.0	100.0
198.44214769999962	81.0	100.0
198.46212389998254	81.0	100.0
198.48185949999606	81.0	100.0
198.50274490000447	81.0	100.0
198.5218496999878	81.0	100.0
198.5422442999843	81.0	100.0
198.56156269999337	81.0	100.0
198.58159509999678	81.0	100.0
198.6029383999994	81.0	100.0
198.62476760000573	81.0	100.0
198.6422443999909	81.0	100.0
198.66243749999558	81.0	100.0
198.6824726999912	81.0	100.0
198.70294590000412	81.0	100.0
198.72227779999957	81.0	100.0
198.74282529999618	81.0	100.0
198.76225860000704	81.0	100.0
198.7829400000046	81.0	100.0
198.80292210000334	81.0	100.0
198.8228203000035	81.0	100.0
198.84278669999912	81.0	100.0
198.86328059999505	81.0	100.0
198.8828297999862	81.0	100.0
198.90291279999656	81.0	100.0
198.92306679999456	81.0	100.0
198.94283139999607	81.0	100.0
198.96282250000513	81.0	100.0
198.9832233999914	81.0	100.0
199.00269079999998	81.0	100.0
199.02271170000313	81.0	100.0
199.04268739998224	81.0	100.0
199.06294380000327	81.0	100.0
199.08247100000153	81.0	100.0
199.1043795000005	81.0	100.0
199.12335280000116	81.0	100.0
199.1432424999948	81.0	100.0
199.16322489999584	81.0	100.0
199.18323639998562	81.0	100.0
199.20382890000474	81.0	100.0
199.2236362999829	81.0	100.0
199.24278989998857	81.0	100.0
199.26359149999917	81.0	100.0
199.28295389999403	81.0	100.0
199.30370960000437	81.0	100.0
199.32280110000283	81.0	100.0
199.34389419999206	81.0	100.0
199.36281389999203	81.0	100.0
199.382861399994	81.0	100.0
199.40393609998864	81.0	100.0
199.42388749998645	81.0	100.0
199.44295699999202	84.0	100.0
199.46565239998745	84.0	100.0
199.4831292000017	84.0	100.0
199.5039742999943	84.0	100.0
199.52377169998363	84.0	100.0
199.54325459999382	84.0	100.0
199.5629498999915	84.0	100.0
199.58377629998722	84.0	100.0
199.60313669999596	84.0	100.0
199.62384059999022	84.0	100.0
199.6437278999947	84.0	100.0
199.66353230000823	84.0	100.0
199.68362749999505	84.0	100.0
199.70427019998897	84.0	100.0
199.72382690000813	84.0	100.0
199.74392760000774	84.0	100.0
199.76314669998828	84.0	100.0
199.78362659999402	84.0	100.0
199.80371219999506	84.0	100.0
199.82405359999393	84.0	100.0
199.8433160999848	84.0	100.0
199.8635052999889	84.0	100.0
199.88450029998785	84.0	100.0
199.90341339999577	84.0	100.0
199.9231538999884	84.0	100.0
199.94435499998508	84.0	100.0
199.96323669998674	84.0	100.0
199.98319929998252	84.0	100.0
200.00397940000403	84.0	100.0
200.02417140000034	84.0	100.0
200.0452362000069	84.0	100.0
200.0639680000022	84.0	100.0
200.0831787000061	84.0	100.0
200.10389319999376	84.0	100.0
200.12358899999526	84.0	100.0
200.14371750000282	84.0	100.0
200.1635915999941	84.0	100.0
200.18407749998732	84.0	100.0
200.20447619998595	84.0	100.0
200.2242719999922	84.0	100.0
200.2442531999841	84.0	100.0
200.26429960000678	84.0	100.0
200.2838100999943	84.0	100.0
200.30405599999358	84.0	100.0
200.3237139999983	84.0	100.0
200.34381059999578	84.0	100.0
200.36391990000266	84.0	100.0
200.3838214999996	84.0	100.0
200.40379330000724	84.0	100.0
200.4245707000082	84.0	100.0
200.44396159998723	84.0	100.0
200.4639104999951	84.0	100.0
200.4839706000057	84.0	100.0
200.50413139999728	84.0	100.0
200.5238193999976	84.0	100.0
200.54396529999212	84.0	100.0
200.5638764000032	84.0	100.0
200.58449579999433	84.0	100.0
200.60424509999575	84.0	100.0
200.624063700001	84.0	100.0
200.64387530001113	84.0	100.0
200.66427199999453	84.0	100.0
200.68374400000903	84.0	100.0
200.70433509998838	84.0	100.0
200.72426769998856	84.0	100.0
200.7438906999887	84.0	100.0
200.7645407000091	84.0	100.0
200.78435899998294	84.0	100.0
200.80395649999264	84.0	100.0
200.82405840000138	84.0	100.0
200.84422689999337	84.0	100.0
200.86425539999618	84.0	100.0
200.88422730000457	84.0	100.0
200.90461629998754	84.0	100.0
200.92407400000957	84.0	100.0
200.9442609999969	84.0	100.0
200.96398689999478	84.0	100.0
200.9840833999915	84.0	100.0
201.00452779998886	84.0	100.0
201.02441819998785	84.0	100.0
201.04428289999487	84.0	100.0
201.06440850000945	84.0	100.0
201.08417590000317	84.0	100.0
201.10440829998697	84.0	100.0
201.12440949998563	84.0	100.0
201.14454999999725	84.0	100.0
201.16433659999166	84.0	100.0
201.1844218999904	84.0	100.0
201.20513240000582	84.0	100.0
201.22445039998274	84.0	100.0
201.2444206000073	84.0	100.0
201.26514109998243	84.0	100.0
201.28443790000165	84.0	100.0
201.3051337999932	84.0	100.0
201.3300146999827	84.0	100.0
201.34448959998554	84.0	100.0
201.36478129998432	84.0	100.0
201.38559570000507	84.0	100.0
201.40564209999866	84.0	100.0
201.4261775999912	84.0	100.0
201.44577809999464	86.0	100.0
201.46557549998397	86.0	100.0
201.48593080000137	86.0	100.0
201.5061912999954	86.0	100.0
201.52549790000194	86.0	100.0
201.5451412999828	86.0	100.0
201.56435329999658	86.0	100.0
201.58521520000068	86.0	100.0
201.60590319999028	86.0	100.0
201.6287522999919	86.0	100.0
201.6451861000096	86.0	100.0
201.6653929000022	86.0	100.0
201.68555920000654	86.0	100.0
201.70605579999392	86.0	100.0
201.72550579998642	86.0	100.0
201.74578619998647	86.0	100.0
201.7655531000055	86.0	100.0
201.78490800000145	86.0	100.0
201.80491320000147	86.0	100.0
201.825660100003	86.0	100.0
201.84570760000497	86.0	100.0
201.86609739999403	86.0	100.0
201.88530019999598	86.0	100.0
201.90636699998868	86.0	100.0
201.92315640000743	86.0	100.0
201.94524440000532	86.0	100.0
201.96583969998755	86.0	100.0
201.98449549998622	86.0	100.0
202.00393360000453	86.0	100.0
202.0256340999913	86.0	100.0
202.04571649999707	86.0	100.0
202.06572330000927	86.0	100.0
202.08584469999187	86.0	100.0
202.10698519999278	86.0	100.0
202.12564280000515	86.0	100.0
202.14551070000743	86.0	100.0
202.1661354000098	86.0	100.0
202.18609420000575	86.0	100.0
202.20571109998855	86.0	100.0
202.22609559999546	86.0	100.0
202.24579580000136	86.0	100.0
202.2657385999919	86.0	100.0
202.28568189998623	86.0	100.0
202.3061720999831	86.0	100.0
202.32546880000154	86.0	100.0
202.34609859998454	86.0	100.0
202.36552479999955	86.0	100.0
202.3867334999959	86.0	100.0
202.4064481999958	86.0	100.0
202.42666619998636	86.0	100.0
202.4463165999914	86.0	100.0
202.46675309998682	86.0	100.0
202.48630399999092	86.0	100.0
202.5068079000048	86.0	100.0
202.52632070000982	86.0	100.0
202.5466502000054	86.0	100.0
202.56627899999148	86.0	100.0
202.58671139998478	86.0	100.0
202.60666160000255	86.0	100.0
202.62638179998612	86.0	100.0
202.64617379999254	86.0	100.0
202.66574349999428	86.0	100.0
202.68658939999295	86.0	100.0
202.70738139998866	86.0	100.0
202.72590059999493	86.0	100.0
202.7459164999891	86.0	100.0
202.76636889998917	86.0	100.0
202.78589729999658	86.0	100.0
202.80592129999422	86.0	100.0
202.8263517000014	86.0	100.0
202.8461729999981	86.0	100.0
202.86641529999906	86.0	100.0
202.88642989998334	86.0	100.0
202.90736829998787	86.0	100.0
202.92104640000616	86.0	100.0
202.94243799999822	86.0	100.0
202.96332019998226	86.0	100.0
202.98354509999626	86.0	100.0
203.00478640000802	86.0	100.0
203.02683409999008	86.0	100.0
203.04655009999988	86.0	100.0
203.0665752000059	86.0	100.0
203.0863160000008	86.0	100.0
203.10676049999893	86.0	100.0
203.12711589998798	86.0	100.0
203.14667260000715	86.0	100.0
203.16149120000773	86.0	100.0
203.18263239998487	86.0	100.0
203.20200659998227	86.0	100.0
203.22361260000616	86.0	100.0
203.24438990000635	86.0	100.0
203.26458459999412	86.0	100.0
203.28647530000308	86.0	100.0
203.30678379998426	86.0	100.0
203.32646099998965	86.0	100.0
203.34679720000713	86.0	100.0
203.3665849000099	86.0	100.0
203.38656879999326	86.0	100.0
203.40675729999202	86.0	100.0
203.42839739998453	86.0	100.0
203.44688460000907	85.0	100.0
203.46720059998916	85.0	100.0
203.48698799998965	85.0	100.0
203.50772389999474	85.0	100.0
203.52714910000213	85.0	100.0
203.54751840000972	85.0	100.0
203.56684749998385	85.0	100.0
203.5869876999932	85.0	100.0
203.6075906000042	85.0	100.0
203.62717570000677	85.0	100.0
203.64725449998514	85.0	100.0
203.6676688999869	85.0	100.0
203.68782580000698	85.0	100.0
203.70752989998437	85.0	100.0
203.72675339999842	85.0	100.0
203.74753759999294	85.0	100.0
203.76655830000527	85.0	100.0
203.78680919998442	85.0	100.0
203.80698799999664	85.0	100.0
203.82698499999242	85.0	100.0
203.84680239998852	85.0	100.0
203.86683879999327	85.0	100.0
203.8868136999954	85.0	100.0
203.90797629998997	85.0	100.0
203.9268044999917	85.0	100.0
203.94696380000096	85.0	100.0
203.9666343999852	85.0	100.0
203.98755600000732	85.0	100.0
204.00687469998957	85.0	100.0
204.02647250000155	85.0	100.0
204.04689269998926	85.0	100.0
204.06691819999833	85.0	100.0
204.08663020000677	85.0	100.0
204.1073466000089	85.0	100.0
204.1272558000055	85.0	100.0
204.14754689999972	85.0	100.0
204.166764900001	85.0	100.0
204.1865007999877	85.0	100.0
204.206869799993	85.0	100.0
204.22691259998828	85.0	100.0
204.24881960000494	85.0	100.0
204.26688569999533	85.0	100.0
204.28716539999004	85.0	100.0
204.30756879999535	85.0	100.0
204.3267530000012	85.0	100.0
204.34695599999395	85.0	100.0
204.36742669998785	85.0	100.0
204.38719629999832	85.0	100.0
204.408119300002	85.0	100.0
204.42756720000762	85.0	100.0
204.44694210001035	85.0	100.0
204.46780209999997	85.0	100.0
204.49627959998907	85.0	100.0
204.50782400000026	85.0	100.0
204.5269478999835	85.0	100.0
204.5468022999994	85.0	100.0
204.5669501000084	85.0	100.0
204.58781649998855	85.0	100.0
204.6075470999931	85.0	100.0
204.6289584999904	85.0	100.0
204.64721520000603	85.0	100.0
204.6682072999829	85.0	100.0
204.68761500000255	85.0	100.0
204.70704099998693	85.0	100.0
204.72737109998707	85.0	100.0
204.74709039999289	85.0	100.0
204.76715959998546	85.0	100.0
204.78713250000146	85.0	100.0
204.80786639999133	85.0	100.0
204.8279715999961	85.0	100.0
204.84690770000452	85.0	100.0
204.86888490000274	85.0	100.0
204.8875574999838	85.0	100.0
204.9082136999932	85.0	100.0
204.92824290000135	85.0	100.0
204.94743929998367	85.0	100.0
204.96771219998482	85.0	100.0
204.98801569998614	85.0	100.0
205.00805070000933	85.0	100.0
205.02731340000173	85.0	100.0
205.04783299998962	85.0	100.0
205.0679858000076	85.0	100.0
205.0877230000042	85.0	100.0
205.10844660000294	85.0	100.0
205.12776740000118	85.0	100.0
205.14795889999368	85.0	100.0
205.1681477999955	85.0	100.0
205.18794360000174	85.0	100.0
205.20767790000536	85.0	100.0
205.22803460000432	85.0	100.0
205.2479284000001	85.0	100.0
205.2682528999867	85.0	100.0
205.2880342999997	85.0	100.0
205.30833390000043	85.0	100.0
205.3274556999968	85.0	100.0
205.34780519999913	85.0	100.0
205.36734460000298	85.0	100.0
205.3897323999845	85.0	100.0
205.40766090000398	85.0	100.0
205.428044100001	85.0	100.0
205.44736120000016	86.0	100.0
205.4683476999926	86.0	100.0
205.4878374999971	86.0	100.0
205.50780639998266	86.0	100.0
205.52770999999484	86.0	100.0
205.54771139999502	86.0	100.0
205.5675542000099	86.0	100.0
205.5879130999965	86.0	100.0
205.6078021999856	86.0	100.0
205.62775549999787	86.0	100.0
205.64785700000357	86.0	100.0
205.66778389998944	86.0	100.0
205.6882462000067	86.0	100.0
205.70810009998968	86.0	100.0
205.72777430000133	86.0	100.0
205.7482769000053	86.0	100.0
205.76774129999103	86.0	100.0
205.787985700008	86.0	100.0
205.80781050000223	86.0	100.0
205.82777889998397	86.0	100.0
205.8478169000009	86.0	100.0
205.86781789999804	86.0	100.0
205.887979799998	86.0	100.0
205.90814819998923	86.0	100.0
205.9284042000072	86.0	100.0
205.9477130000014	86.0	100.0
205.96722980000777	86.0	100.0
205.9883989999944	86.0	100.0
206.00745020000613	86.0	100.0
206.02845230000094	86.0	100.0
206.0483227999939	86.0	100.0
206.06885829998646	86.0	100.0
206.0884192000085	86.0	100.0
206.10926550001022	86.0	100.0
206.1285513000039	86.0	100.0
206.14831809999305	86.0	100.0
206.16843349998817	86.0	100.0
206.18899289998808	86.0	100.0
206.20856659999117	86.0	100.0
206.22794499999145	86.0	100.0
206.24884719998227	86.0	100.0
206.26846130000195	86.0	100.0
206.28876349999337	86.0	100.0
206.30970829998842	86.0	100.0
206.32864289998543	86.0	100.0
206.3488689000078	86.0	100.0
206.36898619998829	86.0	100.0
206.3883696999983	86.0	100.0
206.40827240000363	86.0	100.0
206.42929790000198	86.0	100.0
206.4483934000018	87.0	100.0
206.46860789999482	87.0	100.0
206.4884105999954	87.0	100.0
206.5086505000072	87.0	100.0
206.5283449999988	87.0	100.0
206.54832760000136	87.0	100.0
206.56897079999908	87.0	100.0
206.58876350001083	87.0	100.0
206.60929049999686	87.0	100.0
206.62833459998365	87.0	100.0
206.64818980000564	87.0	100.0
206.66902139998274	87.0	100.0
206.68828309999662	87.0	100.0
206.7093137000047	87.0	100.0
206.72834400000283	87.0	100.0
206.74849019999965	87.0	100.0
206.76866810000502	87.0	100.0
206.7893941999937	87.0	100.0
206.80902310000965	87.0	100.0
206.8283897000074	87.0	100.0
206.84843829998863	87.0	100.0
206.86846959998365	87.0	100.0
206.88844350000727	87.0	100.0
206.91107569998712	87.0	100.0
206.92465929998434	87.0	100.0
206.94536439998774	87.0	100.0
206.96649950000574	87.0	100.0
206.9867389999854	87.0	100.0
207.00802069998463	87.0	100.0
207.0296376000042	87.0	100.0
207.0489121999999	87.0	100.0
207.0700777999882	87.0	100.0
207.0898329000047	87.0	100.0
207.11000149999745	87.0	100.0
207.12899699999252	87.0	100.0
207.14914059999865	87.0	100.0
207.16946889998508	87.0	100.0
207.1891107999836	87.0	100.0
207.209543200006	87.0	100.0
207.2286371999944	87.0	100.0
207.2493426000001	87.0	100.0
207.2697019999905	87.0	100.0
207.29044039998553	87.0	100.0
207.30959990000702	87.0	100.0
207.32944979998865	87.0	100.0
207.34996699998737	87.0	100.0
207.3705256000103	87.0	100.0
207.3898777999857	87.0	100.0
207.40986280000652	87.0	100.0
207.4307647999958	87.0	100.0
207.45034079998732	87.0	100.0
207.47011190000921	87.0	100.0
207.48964439998963	87.0	100.0
207.51079420000315	87.0	100.0
207.5303605000081	87.0	100.0
207.55045690000406	87.0	100.0
207.57063969998853	87.0	100.0
207.59055249998346	87.0	100.0
207.61069110000972	87.0	100.0
207.6323115999985	87.0	100.0
207.64951260000817	87.0	100.0
207.6697123000049	87.0	100.0
207.68965039998875	87.0	100.0
207.71063469999353	87.0	100.0
207.72951679999824	87.0	100.0
207.75066540000262	87.0	100.0
207.76984910000465	87.0	100.0
207.79048659998807	87.0	100.0
207.81087929999921	87.0	100.0
207.83055379998405	87.0	100.0
207.8503095000051	87.0	100.0
207.87061290000565	87.0	100.0
207.89027929998701	87.0	100.0
207.91072379998513	87.0	100.0
207.93033760000253	87.0	100.0
207.95072759999312	87.0	100.0
207.9700615000038	87.0	100.0
207.99078140000347	87.0	100.0
208.01053599998704	87.0	100.0
208.03010999999242	87.0	100.0
208.04998330000672	87.0	100.0
208.0700305000064	87.0	100.0
208.09037220000755	87.0	100.0
208.11099039998953	87.0	100.0
208.13044690000243	87.0	100.0
208.15037799999118	87.0	100.0
208.17000409998582	87.0	100.0
208.19002249999903	87.0	100.0
208.21087809998426	87.0	100.0
208.23076040000888	87.0	100.0
208.25049690000014	87.0	100.0
208.27055310001015	87.0	100.0
208.29081969999243	87.0	100.0
208.31148199999006	87.0	100.0
208.3309539000038	87.0	100.0
208.35158250000677	87.0	100.0
208.3710740999959	87.0	100.0
208.39120670000557	87.0	100.0
208.41157309999107	87.0	100.0
208.4322126999905	87.0	100.0
208.45148670001072	85.0	100.0
208.47152600000845	85.0	100.0
208.49119249999058	85.0	100.0
208.5116471000074	85.0	100.0
208.5313812000095	85.0	100.0
208.55149139999412	85.0	100.0
208.5712397999887	85.0	100.0
208.59159440000076	85.0	100.0
208.61155880001024	85.0	100.0
208.63095620000968	85.0	100.0
208.65102520000073	85.0	100.0
208.67121579998638	85.0	100.0
208.69098899999517	85.0	100.0
208.71219399999245	85.0	100.0
208.7317636999942	85.0	100.0
208.75207620000583	85.0	100.0
208.77223090000916	85.0	100.0
208.79181419999804	85.0	100.0
208.8118096999824	85.0	100.0
208.83154959999956	85.0	100.0
208.85142299998552	85.0	100.0
208.8718252000108	85.0	100.0
208.89181890001055	85.0	100.0
208.9122975000064	85.0	100.0
208.93197330000112	85.0	100.0
208.9516716999933	85.0	100.0
208.9722003999923	85.0	100.0
208.99123320000945	85.0	100.0
209.00742889998946	85.0	100.0
209.0271311000106	85.0	100.0
209.04724119999446	85.0	100.0
209.06840399999055	85.0	100.0
209.08985729998676	85.0	100.0
209.11209999999846	85.0	100.0
209.1316406999831	85.0	100.0
209.15182739999727	85.0	100.0
209.1720282000024	85.0	100.0
209.19210960000055	85.0	100.0
209.21234430000186	85.0	100.0
209.23225949998596	85.0	100.0
209.25233650000882	85.0	100.0
209.27227109999512	85.0	100.0
209.29233339999337	85.0	100.0
209.31207919999724	85.0	100.0
209.33180879999418	85.0	100.0
209.35200809998787	85.0	100.0
209.3720181999961	85.0	100.0
209.39190139999846	85.0	100.0
209.41188759999932	85.0	100.0
209.4329984000069	85.0	100.0
209.45177230000263	85.0	100.0
209.4715496999852	85.0	100.0
209.49187800000072	85.0	100.0
209.51232799998252	85.0	100.0
209.53162659998634	85.0	100.0
209.55230509999092	85.0	100.0
209.57243830000516	85.0	100.0
209.5931075999979	85.0	100.0
209.61185709998244	85.0	100.0
209.63295929998276	85.0	100.0
209.65222349998658	85.0	100.0
209.6722804000019	85.0	100.0
209.69212459999835	85.0	100.0
209.71271659998456	85.0	100.0
209.73227680000127	85.0	100.0
209.75242099998286	85.0	100.0
209.77232399999048	85.0	100.0
209.7924142999982	85.0	100.0
209.81212570000207	85.0	100.0
209.83223159998306	85.0	100.0
209.8520106000069	85.0	100.0
209.8719363999844	85.0	100.0
209.89212370000314	85.0	100.0
209.91232060000766	85.0	100.0
209.93209640000714	85.0	100.0
209.9520996999927	85.0	100.0
209.97192270000232	85.0	100.0
209.99223400000483	85.0	100.0
210.01242009998532	85.0	100.0
210.03223660000367	85.0	100.0
210.0519515000051	85.0	100.0
210.07218399998965	85.0	100.0
210.09248940000543	85.0	100.0
210.11360089998925	85.0	100.0
210.13258579999092	85.0	100.0
210.15330949999043	85.0	100.0
210.17167750000954	85.0	100.0
210.19186120000086	85.0	100.0
210.21197119998396	85.0	100.0
210.2325215000019	85.0	100.0
210.2521992000111	85.0	100.0
210.2727264999994	85.0	100.0
210.29186379999737	85.0	100.0
210.31265390000772	85.0	100.0
210.33241559998714	85.0	100.0
210.35229670000263	85.0	100.0
210.37208870000904	85.0	100.0
210.39294439999503	85.0	100.0
210.41232040000614	85.0	100.0
210.43402419998893	85.0	100.0
210.45371480000904	85.0	100.0
210.47344699999667	85.0	100.0
210.49401649998617	85.0	100.0
210.5138040999882	85.0	100.0
210.53231919999234	85.0	100.0
210.55242009999347	85.0	100.0
210.57234519999474	85.0	100.0
210.5924904999847	85.0	100.0
210.61376750000636	85.0	100.0
210.6357391999918	85.0	100.0
210.6523268999881	85.0	100.0
210.6722618000058	85.0	100.0
210.69229010000709	85.0	100.0
210.7135844999866	85.0	100.0
210.73302569999942	85.0	100.0
210.7526263000036	85.0	100.0
210.77240680000978	85.0	100.0
210.79234250000445	85.0	100.0
210.81343750000815	85.0	100.0
210.83341069999733	85.0	100.0
210.85311759999604	85.0	100.0
210.87414719999651	85.0	100.0
210.89433829998598	85.0	100.0
210.91307690000394	85.0	100.0
210.9333961000084	85.0	100.0
210.9532946999825	85.0	100.0
210.9732463999826	85.0	100.0
210.99317259999225	85.0	100.0
211.01378429998294	85.0	100.0
211.02894299998297	85.0	100.0
211.05315500000142	85.0	100.0
211.06918640001095	85.0	100.0
211.09030459998758	85.0	100.0
211.11210800000117	85.0	100.0
211.13235410000198	85.0	100.0
211.1533502000093	85.0	100.0
211.17388899999787	85.0	100.0
211.1934828000085	85.0	100.0
211.2145293999929	85.0	100.0
211.23464579999563	85.0	100.0
211.25399339999421	85.0	100.0
211.274370500003	85.0	100.0
211.29359970000223	85.0	100.0
211.31357999998727	85.0	100.0
211.33377679999103	85.0	100.0
211.35391790000722	85.0	100.0
211.37323130000732	85.0	100.0
211.3942463999847	85.0	100.0
211.41169549999177	85.0	100.0
211.43464980000863	85.0	100.0
211.45352330000605	85.0	100.0
211.47380929999053	85.0	100.0
211.49377070000628	85.0	100.0
211.51475189998746	85.0	100.0
211.53393149998737	85.0	100.0
211.55403969998588	85.0	100.0
211.5737747999956	85.0	100.0
211.59442209999543	85.0	100.0
211.6137233999907	85.0	100.0
211.63395329998457	85.0	100.0
211.65394899999956	85.0	100.0
211.6690579999995	85.0	100.0
211.69245440000668	85.0	100.0
211.71484619998955	85.0	100.0
211.73409059998812	85.0	100.0
211.7541828000103	85.0	100.0
211.77407919999678	85.0	100.0
211.79474549999577	85.0	100.0
211.8151930999884	85.0	100.0
211.8338725999929	85.0	100.0
211.85452059999807	85.0	100.0
211.87480890000006	85.0	100.0
211.8944080999936	85.0	100.0
211.91349659999833	85.0	100.0
211.9343241000024	85.0	100.0
211.95472270000027	85.0	100.0
211.97448939998867	85.0	100.0
211.99442090000957	85.0	100.0
212.01504430000205	85.0	100.0
212.03404769999906	85.0	100.0
212.0491752999951	85.0	100.0
212.06983110000147	85.0	100.0
212.09005860000616	85.0	100.0
212.1119408000086	85.0	100.0
212.13144269998884	85.0	100.0
212.1545085000107	85.0	100.0
212.17447930001072	85.0	100.0
212.1949370999937	85.0	100.0
212.21489689999726	85.0	100.0
212.23478359999717	85.0	100.0
212.25479869998526	85.0	100.0
212.27478449998307	85.0	100.0
212.29435489999014	85.0	100.0
212.31498389999615	85.0	100.0
212.33480199999758	85.0	100.0
212.35431279998738	85.0	100.0
212.3739735999843	85.0	100.0
212.3939962000004	85.0	100.0
212.41465019999305	85.0	100.0
212.43550170000526	85.0	100.0
212.45478359999834	84.0	100.0
212.4751047999889	84.0	100.0
212.49480069999117	84.0	100.0
212.51564040000085	84.0	100.0
212.53477160001057	84.0	100.0
212.55523130000802	84.0	100.0
212.57474799998454	84.0	100.0
212.59521729999688	84.0	100.0
212.61481619998813	84.0	100.0
212.63473890000023	84.0	100.0
212.65451180000673	84.0	100.0
212.67478519998258	84.0	100.0
212.6947766999947	84.0	100.0
212.71472489999724	84.0	100.0
212.73498370000743	84.0	100.0
212.75464299999294	84.0	100.0
212.77450910001062	84.0	100.0
212.7947676999902	84.0	100.0
212.8149768000003	84.0	100.0
212.83463959998335	84.0	100.0
212.85534400001052	84.0	100.0
212.8747158999904	84.0	100.0
212.89499549998436	84.0	100.0
212.9151767999865	84.0	100.0
212.9351153000025	84.0	100.0
212.95600010000635	84.0	100.0
212.97523670000373	84.0	100.0
212.9953843000112	84.0	100.0
213.0154821999895	84.0	100.0
213.03620209998917	84.0	100.0
213.0548351999896	84.0	100.0
213.0754176999908	84.0	100.0
213.09569349998492	84.0	100.0
213.11557160000666	84.0	100.0
213.13549670000793	84.0	100.0
213.15645770000992	84.0	100.0
213.17515809999895	84.0	100.0
213.19612549999147	84.0	100.0
213.21476450000773	84.0	100.0
213.23559659998864	84.0	100.0
213.2554445999849	84.0	100.0
213.27551579999272	84.0	100.0
213.29518559999997	84.0	100.0
213.31519429999753	84.0	100.0
213.3354146000056	84.0	100.0
213.355699799984	84.0	100.0
213.37553620000836	84.0	100.0
213.39560250000795	84.0	100.0
213.41509769999539	84.0	100.0
213.4357342000003	84.0	100.0
213.45564850000665	83.0	100.0
213.47542010000325	83.0	100.0
213.4949770999956	83.0	100.0
213.51612220000243	83.0	100.0
213.53565390000585	83.0	100.0
213.55556829998386	83.0	100.0
213.57557409998844	83.0	100.0
213.5954122999974	83.0	100.0
213.61560729998746	83.0	100.0
213.63713489999645	83.0	100.0
213.6551455000008	83.0	100.0
213.67551860000822	83.0	100.0
213.69562419998692	83.0	100.0
213.71594960000948	83.0	100.0
213.7356163999939	83.0	100.0
213.75594030000502	83.0	100.0
213.77560679998714	83.0	100.0
213.79597959999228	83.0	100.0
213.8160232999944	83.0	100.0
213.83602509999764	83.0	100.0
213.85550350000267	83.0	100.0
213.87632370000938	83.0	100.0
213.8959656000079	83.0	100.0
213.9162270000088	83.0	100.0
213.93588159998762	83.0	100.0
213.9560108000005	83.0	100.0
213.97583439998562	83.0	100.0
213.99634509999305	83.0	100.0
214.01607979999972	83.0	100.0
214.0359013999987	83.0	100.0
214.05591809999896	83.0	100.0
214.07619970000815	83.0	100.0
214.09570770000573	83.0	100.0
214.11596190001	83.0	100.0
214.1359977000102	83.0	100.0
214.15616549999686	83.0	100.0
214.1762247000006	83.0	100.0
214.19521869998425	83.0	100.0
214.21538639999926	83.0	100.0
214.23569800000405	83.0	100.0
214.25530580000486	83.0	100.0
214.2755465999944	83.0	100.0
214.29557039999054	83.0	100.0
214.31572459999006	83.0	100.0
214.33562150000944	83.0	100.0
214.3557526000077	83.0	100.0
214.3761453999905	83.0	100.0
214.3957063999842	83.0	100.0
214.41571040000417	83.0	100.0
214.43608899999526	83.0	100.0
214.4562493999838	82.0	100.0
214.47647860000143	82.0	100.0
214.49624370000674	82.0	100.0
214.51626000000397	82.0	100.0
214.53639279998606	82.0	100.0
214.55619830000796	82.0	100.0
214.57690799998818	82.0	100.0
214.5963672999933	82.0	100.0
214.6163098999823	82.0	100.0
214.63621050000074	82.0	100.0
214.65602890000446	82.0	100.0
214.6761959999858	82.0	100.0
214.696151000011	82.0	100.0
214.71670019999146	82.0	100.0
214.736049500003	82.0	100.0
214.75582099999883	82.0	100.0
214.77583219998633	82.0	100.0
214.79645220001112	82.0	100.0
214.81635039998218	82.0	100.0
214.83626859998913	82.0	100.0
214.85612129999208	82.0	100.0
214.8762848000042	82.0	100.0
214.89639809998334	82.0	100.0
214.91625549999299	82.0	100.0
214.9360389999929	82.0	100.0
214.95630570000503	82.0	100.0
214.97617159999209	82.0	100.0
214.99846050000633	82.0	100.0
215.0164097000088	82.0	100.0
215.03622469998663	82.0	100.0
215.05556320000323	82.0	100.0
215.07336760000908	82.0	100.0
215.09312320000026	82.0	100.0
215.11425670000608	82.0	100.0
215.1348527999944	82.0	100.0
215.15639679998276	82.0	100.0
215.17637500001	82.0	100.0
215.19620089998352	82.0	100.0
215.21573050000006	82.0	100.0
215.23631109998678	82.0	100.0
215.25700769998366	82.0	100.0
215.27720730000874	82.0	100.0
215.29545760000474	82.0	100.0
215.31627469998784	82.0	100.0
215.3355338999827	82.0	100.0
215.35582409999915	82.0	100.0
215.3757343000034	82.0	100.0
215.39571429998614	82.0	100.0
215.41600789999939	82.0	100.0
215.43691270001	82.0	100.0
215.4564420999959	84.0	100.0
215.47635720000835	84.0	100.0
215.49625070000184	84.0	100.0
215.51669399999082	84.0	100.0
215.53605729999254	84.0	100.0
215.55748089999543	84.0	100.0
215.57624190000934	84.0	100.0
215.59677850001026	84.0	100.0
215.6169099000108	84.0	100.0
215.63654469998437	84.0	100.0
215.65643740000087	84.0	100.0
215.67630639998242	84.0	100.0
215.69635680000647	84.0	100.0
215.7163893999823	84.0	100.0
215.73650040000211	84.0	100.0
215.75733739999123	84.0	100.0
215.7757139999885	84.0	100.0
215.79566090001026	84.0	100.0
215.81580039998516	84.0	100.0
215.83574959999532	84.0	100.0
215.85579410000355	84.0	100.0
215.87588390000747	84.0	100.0
215.89602119999472	84.0	100.0
215.91627009998774	84.0	100.0
215.93581970001105	84.0	100.0
215.9560128999874	84.0	100.0
215.97580489999382	84.0	100.0
215.99591850000434	84.0	100.0
216.01604339998448	84.0	100.0
216.0361222999927	84.0	100.0
216.05583329999354	84.0	100.0
216.07596479999484	84.0	100.0
216.09580720000667	84.0	100.0
216.11619639999117	84.0	100.0
216.13585839999723	84.0	100.0
216.15606619999744	84.0	100.0
216.17597000001115	84.0	100.0
216.19584309999482	84.0	100.0
216.21667779999552	84.0	100.0
216.23618420001003	84.0	100.0
216.25612599999295	84.0	100.0
216.27624219999416	84.0	100.0
216.29587129998254	84.0	100.0
216.31640999999945	84.0	100.0
216.33588020000025	84.0	100.0
216.35595199998352	84.0	100.0
216.3759407000034	84.0	100.0
216.3962799999863	84.0	100.0
216.4160520999867	84.0	100.0
216.4369488999946	84.0	100.0
216.45656590000726	84.0	100.0
216.47674009998445	84.0	100.0
216.49625460000243	84.0	100.0
216.5171890000056	84.0	100.0
216.53612740000244	84.0	100.0
216.55593080000835	84.0	100.0
216.57643230000394	84.0	100.0
216.59592419999535	84.0	100.0
216.6161826000025	84.0	100.0
216.6383896000043	84.0	100.0
216.65591760000098	84.0	100.0
216.6759910999972	84.0	100.0
216.69588139999541	84.0	100.0
216.71629320000648	84.0	100.0
216.7361042999837	84.0	100.0
216.75590170000214	84.0	100.0
216.77597849999438	84.0	100.0
216.79617549999966	84.0	100.0
216.81648959999438	84.0	100.0
216.8350092000037	84.0	100.0
216.85140330001013	84.0	100.0
216.87307490000967	84.0	100.0
216.8935705999902	84.0	100.0
216.9137527999992	84.0	100.0
216.9336376999854	84.0	100.0
216.95426619998761	84.0	100.0
216.97352259999025	84.0	100.0
216.99562450000667	84.0	100.0
217.0171393000055	84.0	100.0
217.03677489998518	84.0	100.0
217.05630729999393	84.0	100.0
217.07680489998893	84.0	100.0
217.0967157999985	84.0	100.0
217.1175341999915	84.0	100.0
217.13687479999498	84.0	100.0
217.1571253000002	84.0	100.0
217.17303989999346	84.0	100.0
217.19195169999148	84.0	100.0
217.21190920000663	84.0	100.0
217.2354587999871	84.0	100.0
217.25581219999003	84.0	100.0
217.28060569998343	84.0	100.0
217.29923289999715	84.0	100.0
217.3202927999955	84.0	100.0
217.33864889998222	84.0	100.0
217.35984990000725	84.0	100.0
217.377550300007	84.0	100.0
217.39919019999797	84.0	100.0
217.41936229998828	84.0	100.0
217.44006920000538	84.0	100.0
217.46074819998466	82.0	100.0
217.48043729999335	82.0	100.0
217.4992329000088	82.0	100.0
217.5203443999926	82.0	100.0
217.54000869998708	82.0	100.0
217.56155129999388	82.0	100.0
217.58023039999534	82.0	100.0
217.60031819998403	82.0	100.0
217.62012619999587	82.0	100.0
217.6390962000005	82.0	100.0
217.66021529998397	82.0	100.0
217.68061019998277	82.0	100.0
217.69956720000482	82.0	100.0
217.72031460001017	82.0	100.0
217.74040209999657	82.0	100.0
217.7594945000019	82.0	100.0
217.77985039999476	82.0	100.0
217.79947969998466	82.0	100.0
217.81920430000173	82.0	100.0
217.8403927999898	82.0	100.0
217.86011249999865	82.0	100.0
217.87969669999438	82.0	100.0
217.900034899998	82.0	100.0
217.92087800000445	82.0	100.0
217.93944539999939	82.0	100.0
217.9605206999986	82.0	100.0
217.97960319998674	82.0	100.0
217.99957280000672	82.0	100.0
218.02022499998566	82.0	100.0
218.03912619999028	82.0	100.0
218.05893120000837	82.0	100.0
218.0801536999934	82.0	100.0
218.0999315000081	82.0	100.0
218.11933149999822	82.0	100.0
218.13824179998483	82.0	100.0
218.1604240000015	82.0	100.0
218.180697600008	82.0	100.0
218.20023389998823	82.0	100.0
218.22005909998552	82.0	100.0
218.23864440000034	82.0	100.0
218.26073099998757	82.0	100.0
218.27955839998322	82.0	100.0
218.29921900000772	82.0	100.0
218.32367469999008	82.0	100.0
218.3418698000023	82.0	100.0
218.35803860001033	82.0	100.0
218.38112760000513	82.0	100.0
218.39733720000368	82.0	100.0
218.42760490000364	82.0	100.0
218.43296149998787	82.0	100.0
218.452017100004	81.0	100.0
218.47302460001083	81.0	100.0
218.49193519999972	81.0	100.0
218.51226660000975	81.0	100.0
218.5320642000006	81.0	100.0
218.5533548000094	81.0	100.0
218.57171819999348	81.0	100.0
218.59204769998905	81.0	100.0
218.61277499998687	81.0	100.0
218.63264209998306	81.0	100.0
218.65231959999073	81.0	100.0
218.6727251999837	81.0	100.0
218.69213650000165	81.0	100.0
218.71306020001066	81.0	100.0
218.7327343999932	81.0	100.0
218.75201319999178	81.0	100.0
218.77204159999383	81.0	100.0
218.79217070000595	81.0	100.0
218.812073100009	81.0	100.0
218.83261449998827	81.0	100.0
218.85184260000824	81.0	100.0
218.87185759999556	81.0	100.0
218.89193630000227	81.0	100.0
218.9130283999839	81.0	100.0
218.93172279998544	81.0	100.0
218.95181440000306	81.0	100.0
218.9716366000066	81.0	100.0
218.99220000000787	81.0	100.0
219.01244180000504	81.0	100.0
219.03241280000657	81.0	100.0
219.05198519999976	81.0	100.0
219.07150319998618	81.0	100.0
219.091626599984	81.0	100.0
219.11234759999206	81.0	100.0
219.13165709999157	81.0	100.0
219.15209369998774	81.0	100.0
219.17162629999802	81.0	100.0
219.19183279998833	81.0	100.0
219.21245639998233	81.0	100.0
219.23184510000283	81.0	100.0
219.25198460000684	81.0	100.0
219.2717958999856	81.0	100.0
219.29176200000802	81.0	100.0
219.31231509998906	81.0	100.0
219.3330738999939	81.0	100.0
219.35318380000535	81.0	100.0
219.3727879000071	81.0	100.0
219.39351659998647	81.0	100.0
219.41357639999478	81.0	100.0
219.4351853999833	81.0	100.0
219.45482419998734	80.0	100.0
219.4745777999924	80.0	100.0
219.49395499998354	80.0	100.0
219.51394619999337	80.0	100.0
219.53337950000423	80.0	100.0
219.55288609999116	80.0	100.0
219.57176789999357	80.0	100.0
219.59208219998982	80.0	100.0
219.61180949999834	80.0	100.0
219.6336703999841	80.0	100.0
219.65171569999075	80.0	100.0
219.6721308999986	80.0	100.0
219.69227959998534	80.0	100.0
219.71347240000614	80.0	100.0
219.7324249999947	80.0	100.0
219.75290870000026	80.0	100.0
219.77196270000422	80.0	100.0
219.79253879998578	80.0	100.0
219.81360669998685	80.0	100.0
219.83382480000728	80.0	100.0
219.8548053999839	80.0	100.0
219.8759865000029	80.0	100.0
219.8962641999824	80.0	100.0
219.91514910000842	80.0	100.0
219.93249219999416	80.0	100.0
219.95224179999786	80.0	100.0
219.9736520999868	80.0	100.0
219.99502929998562	80.0	100.0
220.01328879999346	80.0	100.0
220.03219309999258	80.0	100.0
220.0520652999985	80.0	100.0
220.07264279999072	80.0	100.0
220.0921035000065	80.0	100.0
220.11379760000273	80.0	100.0
220.1322944999847	80.0	100.0
220.15229289999115	80.0	100.0
220.1722366999893	80.0	100.0
220.19284820000757	80.0	100.0
220.21347439999226	80.0	100.0
220.23654479999095	80.0	100.0
220.25880390001112	80.0	100.0
220.27802440000232	80.0	100.0
220.29784280000604	80.0	100.0
220.32096119999187	80.0	100.0
220.3403982000018	80.0	100.0
220.36124229998677	80.0	100.0
220.38121940000565	80.0	100.0
220.40095189999556	80.0	100.0
220.4206237999897	80.0	100.0
220.4406614000036	80.0	100.0
220.45955729999696	80.0	100.0
220.47993689999566	80.0	100.0
220.49968649999937	80.0	100.0
220.52085030000308	80.0	100.0
220.54084870000952	80.0	100.0
220.56118530000094	80.0	100.0
220.5811570000078	80.0	100.0
220.60126719999244	80.0	100.0
220.61896500000148	80.0	100.0
220.6402953999932	80.0	100.0
220.6605011000065	80.0	100.0
220.67820789999678	80.0	100.0
220.70061959998566	80.0	100.0
220.72178469999926	80.0	100.0
220.7404511999921	80.0	100.0
220.76141659999848	80.0	100.0
220.78117480000947	80.0	100.0
220.80138869999791	80.0	100.0
220.8212962000107	80.0	100.0
220.8410281999968	80.0	100.0
220.86118310000165	80.0	100.0
220.88124009998864	80.0	100.0
220.90105049998965	80.0	100.0
220.92101869999897	80.0	100.0
220.94069029999082	80.0	100.0
220.96111569998902	80.0	100.0
220.98134030000074	80.0	100.0
221.00129640000523	80.0	100.0
221.01914560000296	80.0	100.0
221.042987599998	80.0	100.0
221.06131829999504	80.0	100.0
221.08169970000745	80.0	100.0
221.10120790000656	80.0	100.0
221.12161909998395	80.0	100.0
221.14035209998838	80.0	100.0
221.1595573000086	80.0	100.0
221.1804240999918	80.0	100.0
221.19996870000614	80.0	100.0
221.2204391999985	80.0	100.0
221.24013210000703	80.0	100.0
221.25930089998292	80.0	100.0
221.27757259999635	80.0	100.0
221.30131740000797	80.0	100.0
221.31980649998877	80.0	100.0
221.34032180000213	80.0	100.0
221.36045219999505	80.0	100.0
221.3803939000063	80.0	100.0
221.39985899999738	80.0	100.0
221.42046379999374	80.0	100.0
221.44214420000208	80.0	100.0
221.46218589998898	82.0	100.0
221.48099129999173	82.0	100.0
221.5008860999951	82.0	100.0
221.5214866999886	82.0	100.0
221.54100619998644	82.0	100.0
221.56170039999415	82.0	100.0
221.58134879998397	82.0	100.0
221.60117939999327	82.0	100.0
221.62185269998736	82.0	100.0
221.64166009999462	82.0	100.0
221.66115820000414	82.0	100.0
221.68131039998843	82.0	100.0
221.70252510000137	82.0	100.0
221.72183880000375	82.0	100.0
221.74136099999305	82.0	100.0
221.7607061000017	82.0	100.0
221.78119509998942	82.0	100.0
221.8034381000034	82.0	100.0
221.82284350000555	82.0	100.0
221.8435712000064	82.0	100.0
221.86223440000322	82.0	100.0
221.8809406000073	82.0	100.0
221.90184869998484	82.0	100.0
221.9222890000092	82.0	100.0
221.94158949999837	82.0	100.0
221.96168089998537	82.0	100.0
221.98176359999343	82.0	100.0
222.00162799999816	82.0	100.0
222.02140249998774	82.0	100.0
222.0413627999951	82.0	100.0
222.06181990000186	82.0	100.0
222.08086580000236	82.0	100.0
222.10261649999302	82.0	100.0
222.12064680000185	82.0	100.0
222.13964320000377	82.0	100.0
222.16106169999694	82.0	100.0
222.17934770000284	82.0	100.0
222.2006279999914	82.0	100.0
222.22150779998628	82.0	100.0
222.24124790000496	82.0	100.0
222.26181389999692	82.0	100.0
222.28190989998984	82.0	100.0
222.30122279998614	82.0	100.0
222.32264329999452	82.0	100.0
222.3418548000045	82.0	100.0
222.36182190000545	82.0	100.0
222.38120460000937	82.0	100.0
222.40259789998527	82.0	100.0
222.42225319999852	82.0	100.0
222.4430475999834	82.0	100.0
222.46249420000822	83.0	100.0
222.48197319998872	83.0	100.0
222.5016568999854	83.0	100.0
222.52300399998785	83.0	100.0
222.54148769998574	83.0	100.0
222.5611801999912	83.0	100.0
222.58106199998292	83.0	100.0
222.60048110000207	83.0	100.0
222.62059639999643	83.0	100.0
222.64151439999114	83.0	100.0
222.6591117999924	83.0	100.0
222.6813383999979	83.0	100.0
222.70258509999258	83.0	100.0
222.7233944000036	83.0	100.0
222.74204250000184	83.0	100.0
222.7614714000083	83.0	100.0
222.7837339999969	83.0	100.0
222.8026208000083	83.0	100.0
222.82294369998272	83.0	100.0
222.84201799999573	83.0	100.0
222.862361699983	83.0	100.0
222.88262250000844	83.0	100.0
222.90247919998365	83.0	100.0
222.92284670000663	83.0	100.0
222.94132280000485	83.0	100.0
222.96117080000113	83.0	100.0
222.9810865999898	83.0	100.0
223.00157960000797	83.0	100.0
223.02153229998657	83.0	100.0
223.04284129998996	83.0	100.0
223.06114800000796	83.0	100.0
223.08144819998415	83.0	100.0
223.10177809998277	83.0	100.0
223.12214190000668	83.0	100.0
223.1411170999927	83.0	100.0
223.16121299998485	83.0	100.0
223.1821149000025	83.0	100.0
223.20139480000944	83.0	100.0
223.2216039999912	83.0	100.0
223.24160469998606	83.0	100.0
223.2615009000001	83.0	100.0
223.28126349998638	83.0	100.0
223.30135470000096	83.0	100.0
223.3221576999931	83.0	100.0
223.3417642999848	83.0	100.0
223.3628427000076	83.0	100.0
223.38243599998532	83.0	100.0
223.40292520000366	83.0	100.0
223.42390379999415	83.0	100.0
223.44332250001025	83.0	100.0
223.4628967999888	80.0	100.0
223.4812285999942	80.0	100.0
223.5026416000037	80.0	100.0
223.52442519998294	80.0	100.0
223.54221179999877	80.0	100.0
223.56070010000258	80.0	100.0
223.58039029999054	80.0	100.0
223.60300209998968	80.0	100.0
223.6203339000058	80.0	100.0
223.64169580000453	80.0	100.0
223.6603269999905	80.0	100.0
223.68099190000794	80.0	100.0
223.7004561999929	80.0	100.0
223.7209021000017	80.0	100.0
223.7350293000054	80.0	100.0
223.7553551000019	80.0	100.0
223.77580780000426	80.0	100.0
223.7964964999992	80.0	100.0
223.81725649998407	80.0	100.0
223.839101199992	80.0	100.0
223.86099119999562	80.0	100.0
223.87956870000926	80.0	100.0
223.8996460000053	80.0	100.0
223.92061100000865	80.0	100.0
223.9401102999982	80.0	100.0
223.96042849999503	80.0	100.0
223.97955689998344	80.0	100.0
224.00044770000386	80.0	100.0
224.02034089999506	80.0	100.0
224.03977390000364	80.0	100.0
224.05963390000397	80.0	100.0
224.07974379998632	80.0	100.0
224.09964229998877	80.0	100.0
224.1203550999926	80.0	100.0
224.13990219999687	80.0	100.0
224.15935129998252	80.0	100.0
224.18034319998696	80.0	100.0
224.2001173000026	80.0	100.0
224.2207250999927	80.0	100.0
224.2403600999969	80.0	100.0
224.26012269998319	80.0	100.0
224.28017620000173	80.0	100.0
224.30018140000175	80.0	100.0
224.32155459999922	80.0	100.0
224.3405991999898	80.0	100.0
224.36073139999644	80.0	100.0
224.38049419998424	80.0	100.0
224.40069869998842	80.0	100.0
224.42140659998404	80.0	100.0
224.44125450000865	80.0	100.0
224.4607810000016	78.0	100.0
224.4809385999979	78.0	100.0
224.50070239999332	78.0	100.0
224.52166880000732	78.0	100.0
224.5399652000051	78.0	100.0
224.56077599999844	78.0	100.0
224.57793450000463	78.0	100.0
224.59676660000696	78.0	100.0
224.62132109998493	78.0	100.0
224.6402492999914	78.0	100.0
224.66061220000847	78.0	100.0
224.68088259999058	78.0	100.0
224.70077510000556	78.0	100.0
224.72264870000072	78.0	100.0
224.7411473999964	78.0	100.0
224.76115740000387	78.0	100.0
224.7807793999964	78.0	100.0
224.80135039999732	78.0	100.0
224.82182789998478	78.0	100.0
224.84088420000626	78.0	100.0
224.86122009999235	78.0	100.0
224.8813097999955	78.0	100.0
224.9013708999846	78.0	100.0
224.92215090000536	78.0	100.0
224.9412866999919	78.0	100.0
224.96073069999693	78.0	100.0
224.98117109999293	78.0	100.0
225.00045240001054	78.0	100.0
225.0170616999967	78.0	100.0
225.0417407999921	78.0	100.0
225.0608690000081	78.0	100.0
225.08129760000156	78.0	100.0
225.10139440000057	78.0	100.0
225.118756699987	78.0	100.0
225.13603540000622	78.0	100.0
225.15641759999562	78.0	100.0
225.17729540000437	78.0	100.0
225.19735289999517	78.0	100.0
225.21768519998295	78.0	100.0
225.2377940999868	78.0	100.0
225.257128199999	78.0	100.0
225.27740620000986	78.0	100.0
225.29677729998366	78.0	100.0
225.3214936000004	78.0	100.0
225.34193070000038	78.0	100.0
225.36156799999299	78.0	100.0
225.3814921999874	78.0	100.0
225.40169080000487	78.0	100.0
225.42191080001066	78.0	100.0
225.44184829998994	78.0	100.0
225.46163830001024	78.0	100.0
225.48144090001006	78.0	100.0
225.50008259998867	78.0	100.0
225.52176989999134	78.0	100.0
225.54155239998363	78.0	100.0
225.56138810000266	78.0	100.0
225.58141559999785	78.0	100.0
225.60113989998354	78.0	100.0
225.62153420000686	78.0	100.0
225.6428334999946	78.0	100.0
225.66116240000702	78.0	100.0
225.68133099999977	78.0	100.0
225.70121569998446	78.0	100.0
225.72172359999968	78.0	100.0
225.74095939999097	78.0	100.0
225.76165130001027	78.0	100.0
225.7811260999879	78.0	100.0
225.80106759999762	78.0	100.0
225.82144530001096	78.0	100.0
225.84108429998741	78.0	100.0
225.86092380000628	78.0	100.0
225.88142679998418	78.0	100.0
225.90226519998396	78.0	100.0
225.922190399986	78.0	100.0
225.9415461999888	78.0	100.0
225.96159510000143	78.0	100.0
225.98125769998296	78.0	100.0
226.00032019999344	78.0	100.0
226.01994189998368	78.0	100.0
226.0410539000004	78.0	100.0
226.0613044000056	78.0	100.0
226.08180240000365	78.0	100.0
226.10212249998585	78.0	100.0
226.1225323000108	78.0	100.0
226.1424502999871	78.0	100.0
226.16176349998568	78.0	100.0
226.1811241999967	78.0	100.0
226.20092209998984	78.0	100.0
226.22105180000653	78.0	100.0
226.2417412000068	78.0	100.0
226.26218570000492	78.0	100.0
226.28176129999338	78.0	100.0
226.30183799998485	78.0	100.0
226.32222929998534	78.0	100.0
226.3417810999963	78.0	100.0
226.36202269999194	78.0	100.0
226.38172579999082	78.0	100.0
226.40181199999643	78.0	100.0
226.42219099999056	78.0	100.0
226.44240060000448	78.0	100.0
226.45978569998988	75.0	100.0
226.48144239999237	75.0	100.0
226.50171710000723	75.0	100.0
226.52169299998786	75.0	100.0
226.5415793999855	75.0	100.0
226.5623501999944	75.0	100.0
226.58223699999508	75.0	100.0
226.60246870000265	75.0	100.0
226.6223909999826	75.0	100.0
226.64238139998633	75.0	100.0
226.66220039999462	75.0	100.0
226.6818501999951	75.0	100.0
226.7018676000007	75.0	100.0
226.72246600000653	75.0	100.0
226.74253580000368	75.0	100.0
226.7621586000023	75.0	100.0
226.7819840000011	75.0	100.0
226.8023380000086	75.0	100.0
226.82225160000962	75.0	100.0
226.84285260000615	75.0	100.0
226.86181539998506	75.0	100.0
226.8818309000053	75.0	100.0
226.90186779998476	75.0	100.0
226.92191109998384	75.0	100.0
226.94133189998684	75.0	100.0
226.96214150000014	75.0	100.0
226.9816627999826	75.0	100.0
227.00162799999816	75.0	100.0
227.02219359998708	75.0	100.0
227.03983049999806	75.0	100.0
227.0598697999958	75.0	100.0
227.08026240000618	75.0	100.0
227.10221730000922	75.0	100.0
227.12279449999915	75.0	100.0
227.14263099999516	75.0	100.0
227.16262859999551	75.0	100.0
227.18267179999384	75.0	100.0
227.20263099999283	75.0	100.0
227.2225873999996	75.0	100.0
227.24139779998222	75.0	100.0
227.26327850000234	75.0	100.0
227.28086460000486	75.0	100.0
227.30084829998668	75.0	100.0
227.32144890000927	75.0	100.0
227.34245570001076	75.0	100.0
227.36186949998955	75.0	100.0
227.3824539000052	75.0	100.0
227.40249059998314	75.0	100.0
227.42279829998733	75.0	100.0
227.44322779998765	75.0	100.0
227.4631459999946	73.0	100.0
227.48255059999065	73.0	100.0
227.50250840000808	73.0	100.0
227.52348609999171	73.0	100.0
227.5429027999926	73.0	100.0
227.56332190000103	73.0	100.0
227.58288100000937	73.0	100.0
227.6026928999927	73.0	100.0
227.62283410000964	73.0	100.0
227.6432145999861	73.0	100.0
227.66283099999418	73.0	100.0
227.68275760000688	73.0	100.0
227.7031156999874	73.0	100.0
227.72314170000027	73.0	100.0
227.74288279999746	73.0	100.0
227.7626348999911	73.0	100.0
227.78244260000065	73.0	100.0
227.80293820000952	73.0	100.0
227.82264030000078	73.0	100.0
227.84515919999103	73.0	100.0
227.86324509998667	73.0	100.0
227.88338210000074	73.0	100.0
227.90302249998786	73.0	100.0
227.92664530000184	73.0	100.0
227.94333149999147	73.0	100.0
227.96365900000092	73.0	100.0
227.9828092000098	73.0	100.0
228.0025888000091	73.0	100.0
228.02288209999097	73.0	100.0
228.04320320000988	73.0	100.0
228.0629048999981	73.0	100.0
228.08260130000417	73.0	100.0
228.10326450000866	73.0	100.0
228.12322479998693	73.0	100.0
228.14336419999017	73.0	100.0
228.16301069999463	73.0	100.0
228.18318590000854	73.0	100.0
228.2034799999965	73.0	100.0
228.22382109999307	73.0	100.0
228.24369810000644	73.0	100.0
228.2657258999825	73.0	100.0
228.28288350001094	73.0	100.0
228.3026785000111	73.0	100.0
228.3231788999983	73.0	100.0
228.34295269998256	73.0	100.0
228.36310499999672	73.0	100.0
228.3832077999832	73.0	100.0
228.40342300001066	73.0	100.0
228.42337969999062	73.0	100.0
228.4435622000019	73.0	100.0
228.46572750000632	73.0	100.0
228.482983599999	73.0	100.0
228.50311190000502	73.0	100.0
228.52378069999395	73.0	100.0
228.54590379999718	73.0	100.0
228.5633383000095	73.0	100.0
228.58314279999468	73.0	100.0
228.6018880000047	73.0	100.0
228.62331399999675	73.0	100.0
228.64433059998555	73.0	100.0
228.66326969998772	73.0	100.0
228.68346969998674	73.0	100.0
228.70324339999934	73.0	100.0
228.72396549998666	73.0	100.0
228.7433783999877	73.0	100.0
228.76317029999336	73.0	100.0
228.78343989999848	73.0	100.0
228.8040645000001	73.0	100.0
228.82367330000852	73.0	100.0
228.8436190999928	73.0	100.0
228.86350730000413	73.0	100.0
228.88361180000356	73.0	100.0
228.90371789998608	73.0	100.0
228.92421870000544	73.0	100.0
228.9437665999867	73.0	100.0
228.9638156000001	73.0	100.0
228.98345530001097	73.0	100.0
229.0038222000003	73.0	100.0
229.02401540000574	73.0	100.0
229.04369089999818	73.0	100.0
229.0636986999889	73.0	100.0
229.08369500000845	73.0	100.0
229.10369789999095	73.0	100.0
229.12397479999345	73.0	100.0
229.14376919998904	73.0	100.0
229.16368589998456	73.0	100.0
229.1836467999965	73.0	100.0
229.20366589998594	73.0	100.0
229.22387580000213	73.0	100.0
229.24396429999615	73.0	100.0
229.26357499998994	73.0	100.0
229.28390619999846	73.0	100.0
229.30379659999744	73.0	100.0
229.32414769998286	73.0	100.0
229.3437552000105	73.0	100.0
229.36380679998547	73.0	100.0
229.3837821999914	73.0	100.0
229.4039470999851	73.0	100.0
229.4241658000101	73.0	100.0
229.44491570000537	73.0	100.0
229.46449270000448	75.0	100.0
229.48489160000463	75.0	100.0
229.504065599991	75.0	100.0
229.5254544999916	75.0	100.0
229.5447218999907	75.0	100.0
229.56505199999083	75.0	100.0
229.5845222999924	75.0	100.0
229.60532119998243	75.0	100.0
229.6249322000076	75.0	100.0
229.6450932000007	75.0	100.0
229.66508710000198	75.0	100.0
229.68516459999955	75.0	100.0
229.7049912000075	75.0	100.0
229.7256236000103	75.0	100.0
229.74512229999527	75.0	100.0
229.76522159998422	75.0	100.0
229.78527120000217	75.0	100.0
229.80466269998578	75.0	100.0
229.82579169998644	75.0	100.0
229.84591869998258	75.0	100.0
229.86564099998213	75.0	100.0
229.88540040000225	75.0	100.0
229.90513060000376	75.0	100.0
229.92527969999355	75.0	100.0
229.94462339999154	75.0	100.0
229.9653713000007	75.0	100.0
229.98445280001033	75.0	100.0
230.0055008000054	75.0	100.0
230.0247054999927	75.0	100.0
230.04506629999378	75.0	100.0
230.06341450000764	75.0	100.0
230.08453369999188	75.0	100.0
230.10489950000192	75.0	100.0
230.1248726999911	75.0	100.0
230.14510550000705	75.0	100.0
230.1642412999936	75.0	100.0
230.18428799998946	75.0	100.0
230.20483549998607	75.0	100.0
230.22506930000964	75.0	100.0
230.24500209998223	75.0	100.0
230.26513439998962	75.0	100.0
230.28427720000036	75.0	100.0
230.30347479999182	75.0	100.0
230.32529569999315	75.0	100.0
230.34534209998674	75.0	100.0
230.36528550001094	75.0	100.0
230.385395099991	75.0	100.0
230.40522419998888	75.0	100.0
230.4256871000107	75.0	100.0
230.446368600009	75.0	100.0
230.46534150000662	73.0	100.0
230.48595800000476	73.0	100.0
230.5057409000001	73.0	100.0
230.52606869998272	73.0	100.0
230.545586799999	73.0	100.0
230.56636180001078	73.0	100.0
230.5857093000086	73.0	100.0
230.60579339999822	73.0	100.0
230.62625500001013	73.0	100.0
230.64544409999507	73.0	100.0
230.66505690000486	73.0	100.0
230.68521219998365	73.0	100.0
230.70493149998947	73.0	100.0
230.72568679999677	73.0	100.0
230.7452764000045	73.0	100.0
230.76542779998272	73.0	100.0
230.78539669999736	73.0	100.0
230.80582760000834	73.0	100.0
230.8256795000052	73.0	100.0
230.84517799998866	73.0	100.0
230.86567559998366	73.0	100.0
230.88560609999695	73.0	100.0
230.9053186000092	73.0	100.0
230.92562930000713	73.0	100.0
230.94510819998686	73.0	100.0
230.9652237999835	73.0	100.0
230.98567399999592	73.0	100.0
231.00515989999985	73.0	100.0
231.0257362999837	73.0	100.0
231.04574909998337	73.0	100.0
231.06536089998554	73.0	100.0
231.08531309998943	73.0	100.0
231.10680519999005	73.0	100.0
231.1257401999901	73.0	100.0
231.14540879998822	73.0	100.0
231.16883899999084	73.0	100.0
231.18509210000047	73.0	100.0
231.20578769998974	73.0	100.0
231.22095449999324	73.0	100.0
231.2407416999922	73.0	100.0
231.2611562999955	73.0	100.0
231.2821438999963	73.0	100.0
231.30306899998686	73.0	100.0
231.32609019998927	73.0	100.0
231.34556950000115	73.0	100.0
231.3657930000045	73.0	100.0
231.3862289999961	73.0	100.0
231.40633090000483	73.0	100.0
231.42645530001028	73.0	100.0
231.44642069999827	73.0	100.0
231.4663123000064	76.0	100.0
231.48715209998772	76.0	100.0
231.50563390000025	76.0	100.0
231.5267659999954	76.0	100.0
231.5455488000007	76.0	100.0
231.5656600999937	76.0	100.0
231.58576729998458	76.0	100.0
231.60583230000339	76.0	100.0
231.62621719998424	76.0	100.0
231.64752329999465	76.0	100.0
231.665113199997	76.0	100.0
231.6853303000098	76.0	100.0
231.70677859999705	76.0	100.0
231.72615619999124	76.0	100.0
231.74530629999936	76.0	100.0
231.76594069998828	76.0	100.0
231.78472689999035	76.0	100.0
231.8067519000033	76.0	100.0
231.82574020000175	76.0	100.0
231.84524140000576	76.0	100.0
231.86610610000207	76.0	100.0
231.8860610999982	76.0	100.0
231.90586229998735	76.0	100.0
231.9262402000022	76.0	100.0
231.9461878000002	76.0	100.0
231.96595129999332	76.0	100.0
231.98566959999152	76.0	100.0
232.0061493999965	76.0	100.0
232.0258685000008	76.0	100.0
232.04579679999733	76.0	100.0
232.06603789998917	76.0	100.0
232.08603060001042	76.0	100.0
232.10643749998417	76.0	100.0
232.12658059998648	76.0	100.0
232.14666639998904	76.0	100.0
232.1663877000101	76.0	100.0
232.1847662999935	76.0	100.0
232.20641539999633	76.0	100.0
232.22662010000204	76.0	100.0
232.24669780000113	76.0	100.0
232.26622079999652	76.0	100.0
232.2862524999946	76.0	100.0
232.3063875999942	76.0	100.0
232.3261198999826	76.0	100.0
232.34590449999087	76.0	100.0
232.36587839998538	76.0	100.0
232.3862031000026	76.0	100.0
232.40584240001044	76.0	100.0
232.42649929999607	76.0	100.0
232.4468699999852	76.0	100.0
232.46645390000776	76.0	100.0
232.48736569998437	76.0	100.0
232.50698489998467	76.0	100.0
232.52651209998294	76.0	100.0
232.54712289999588	76.0	100.0
232.5670545999892	76.0	100.0
232.58680570000433	76.0	100.0
232.6069395999948	76.0	100.0
232.62665580000612	76.0	100.0
232.6470263999945	76.0	100.0
232.66703589999815	76.0	100.0
232.68658629999845	76.0	100.0
232.7070315000019	76.0	100.0
232.72719390000566	76.0	100.0
232.74709600000642	76.0	100.0
232.7671158000012	76.0	100.0
232.7866648999916	76.0	100.0
232.8069092000078	76.0	100.0
232.82732280000346	76.0	100.0
232.8469180999964	76.0	100.0
232.86739790000138	76.0	100.0
232.8854052000097	76.0	100.0
232.90281830000458	76.0	100.0
232.92303139998694	76.0	100.0
232.94261520000873	76.0	100.0
232.96386879999773	76.0	100.0
232.9848750999954	76.0	100.0
233.00736369998776	76.0	100.0
233.02756570000201	76.0	100.0
233.04713180000545	76.0	100.0
233.0673550000065	76.0	100.0
233.089942599996	76.0	100.0
233.10793219998595	76.0	100.0
233.12781790000736	76.0	100.0
233.14774190000026	76.0	100.0
233.16796649998287	76.0	100.0
233.18712309998227	76.0	100.0
233.2078884000075	76.0	100.0
233.22817709998344	76.0	100.0
233.2474438000063	76.0	100.0
233.26791379999486	76.0	100.0
233.2878633000073	76.0	100.0
233.30698510000366	76.0	100.0
233.32824080000864	76.0	100.0
233.34670560000814	76.0	100.0
233.36782620000304	76.0	100.0
233.3878260999918	76.0	100.0
233.40799760000664	76.0	100.0
233.4282574999961	76.0	100.0
233.44822520000162	76.0	100.0
233.46798320001108	77.0	100.0
233.48816889998852	77.0	100.0
233.5078160999983	77.0	100.0
233.52818009999464	77.0	100.0
233.54522159998305	77.0	100.0
233.56766279999283	77.0	100.0
233.5877332999953	77.0	100.0
233.60803699999815	77.0	100.0
233.6283104000031	77.0	100.0
233.6480956999876	77.0	100.0
233.66804600000614	77.0	100.0
233.68842150000273	77.0	100.0
233.70815739998943	77.0	100.0
233.72881929998402	77.0	100.0
233.74765159998788	77.0	100.0
233.7677767999994	77.0	100.0
233.7878051000007	77.0	100.0
233.80750639998587	77.0	100.0
233.82796550000785	77.0	100.0
233.84797949998756	77.0	100.0
233.8679160999891	77.0	100.0
233.8877833999868	77.0	100.0
233.90758329999517	77.0	100.0
233.92811040001106	77.0	100.0
233.9477144999837	77.0	100.0
233.96867319999728	77.0	100.0
233.98819939998793	77.0	100.0
234.0084324000054	77.0	100.0
234.02827330000582	77.0	100.0
234.0490829999908	77.0	100.0
234.0682383000094	77.0	100.0
234.08750870000222	77.0	100.0
234.10827389999758	77.0	100.0
234.1279807999963	77.0	100.0
234.14845000000787	77.0	100.0
234.16938979999395	77.0	100.0
234.18845479999436	77.0	100.0
234.20786989998305	77.0	100.0
234.2287629999919	77.0	100.0
234.24790079999366	77.0	100.0
234.26818859999184	77.0	100.0
234.288990800007	77.0	100.0
234.30830669999705	77.0	100.0
234.33030999999028	77.0	100.0
234.34915080000064	77.0	100.0
234.3686500999902	77.0	100.0
234.38817210000707	77.0	100.0
234.4084196999902	77.0	100.0
234.4287793999829	77.0	100.0
234.44931930000894	77.0	100.0
234.4696191000112	77.0	100.0
234.48928390000947	77.0	100.0
234.508625699993	77.0	100.0
234.5295216999948	77.0	100.0
234.54937329998938	77.0	100.0
234.56947170000058	77.0	100.0
234.58952609999687	77.0	100.0
234.60998400000972	77.0	100.0
234.6297576999932	77.0	100.0
234.651915800001	77.0	100.0
234.66921339998953	77.0	100.0
234.689641200006	77.0	100.0
234.70956200000364	77.0	100.0
234.72961690000375	77.0	100.0
234.74898619999294	77.0	100.0
234.7691275999823	77.0	100.0
234.7882826999994	77.0	100.0
234.80911050000577	77.0	100.0
234.82998799998313	77.0	100.0
234.8501205999928	77.0	100.0
234.8688514000096	77.0	100.0
234.88973490000353	77.0	100.0
234.90909249999095	77.0	100.0
234.92949949999456	77.0	100.0
234.94921520000207	77.0	100.0
234.96913539999514	77.0	100.0
234.9891044999822	77.0	100.0
235.0095488000079	77.0	100.0
235.02946950000478	77.0	100.0
235.04978010000195	77.0	100.0
235.0698992999969	77.0	100.0
235.08982829999877	77.0	100.0
235.10946119998698	77.0	100.0
235.13009439999587	77.0	100.0
235.14964280001004	77.0	100.0
235.17014679999556	77.0	100.0
235.18986819998827	77.0	100.0
235.20986420000554	77.0	100.0
235.230026300007	77.0	100.0
235.25003289998858	77.0	100.0
235.26963850000175	77.0	100.0
235.28989859999274	77.0	100.0
235.31025750000845	77.0	100.0
235.33014060001005	77.0	100.0
235.34970799999428	77.0	100.0
235.37088149998453	77.0	100.0
235.39047889999347	77.0	100.0
235.4104607999907	77.0	100.0
235.43027670000447	77.0	100.0
235.45151869999245	77.0	100.0
235.47042470000451	77.0	100.0
235.49038360000122	77.0	100.0
235.51134070000262	77.0	100.0
235.5305185999896	77.0	100.0
235.5504246999917	77.0	100.0
235.57045490000746	77.0	100.0
235.5904840999865	77.0	100.0
235.61072779999813	77.0	100.0
235.63058239998645	77.0	100.0
235.65031799999997	77.0	100.0
235.67016780000995	77.0	100.0
235.69035329998587	77.0	100.0
235.71041609998792	77.0	100.0
235.73054749998846	77.0	100.0
235.75015229999553	77.0	100.0
235.77038460000767	77.0	100.0
235.7903129000042	77.0	100.0
235.81091639999067	77.0	100.0
235.83073329998297	77.0	100.0
235.85102480000933	77.0	100.0
235.87083339999663	77.0	100.0
235.8906566000078	77.0	100.0
235.91347140001017	77.0	100.0
235.93130649998784	77.0	100.0
235.9503832999908	77.0	100.0
235.9706060999888	77.0	100.0
235.9904195999843	77.0	100.0
236.0103756999888	77.0	100.0
236.03069819998927	77.0	100.0
236.05079039998236	77.0	100.0
236.07042959998944	77.0	100.0
236.09081510000397	77.0	100.0
236.11043480000808	77.0	100.0
236.13223699998343	77.0	100.0
236.15035290000378	77.0	100.0
236.17023530000006	77.0	100.0
236.19003120000707	77.0	100.0
236.2104682000063	77.0	100.0
236.23066870000912	77.0	100.0
236.24874199999613	77.0	100.0
236.27105390001088	77.0	100.0
236.29078969999682	77.0	100.0
236.31065080000553	77.0	100.0
236.3308459999971	77.0	100.0
236.34959999998682	77.0	100.0
236.37045139999827	77.0	100.0
236.39031879999675	77.0	100.0
236.4114741999947	77.0	100.0
236.4279653999838	77.0	100.0
236.4503878999967	77.0	100.0
236.4706148999976	78.0	100.0
236.4908499000012	78.0	100.0
236.5106196999841	78.0	100.0
236.5309108000074	78.0	100.0
236.55062120000366	78.0	100.0
236.5712382000056	78.0	100.0
236.59072899998864	78.0	100.0
236.6106443000026	78.0	100.0
236.63226409998606	78.0	100.0
236.65194109998993	78.0	100.0
236.6715777000063	78.0	100.0
236.69179179999628	78.0	100.0
236.71104449999984	78.0	100.0
236.73200519999955	78.0	100.0
236.75190209998982	78.0	100.0
236.77155070001027	78.0	100.0
236.79089929998736	78.0	100.0
236.81134549999842	78.0	100.0
236.83123760001035	78.0	100.0
236.85120939998887	78.0	100.0
236.87107090000063	78.0	100.0
236.89122980000684	78.0	100.0
236.91141529998276	78.0	100.0
236.93167590000667	78.0	100.0
236.9511516999919	78.0	100.0
236.9715048999933	78.0	100.0
236.99123729998246	78.0	100.0
237.01138839998748	78.0	100.0
237.0314134999935	78.0	100.0
237.05112920000101	78.0	100.0
237.070844700007	78.0	100.0
237.09140159998788	78.0	100.0
237.11189820000436	78.0	100.0
237.13232209999114	78.0	100.0
237.1519263999944	78.0	100.0
237.17200419999426	78.0	100.0
237.19175999998697	78.0	100.0
237.21202629999607	78.0	100.0
237.23200309998356	78.0	100.0
237.2518521999882	78.0	100.0
237.27157459998853	78.0	100.0
237.29254100000253	78.0	100.0
237.31142350001028	78.0	100.0
237.33169639998232	78.0	100.0
237.35213539999677	78.0	100.0
237.37208020000253	78.0	100.0
237.3919629000011	78.0	100.0
237.41201759999967	78.0	100.0
237.43228730000556	78.0	100.0
237.45224859999144	78.0	100.0
237.47224909998477	79.0	100.0
237.49219789999188	79.0	100.0
237.51147029999993	79.0	100.0
237.53214500000468	79.0	100.0
237.55191129999002	79.0	100.0
237.57215910000377	79.0	100.0
237.59214059999795	79.0	100.0
237.61277370000607	79.0	100.0
237.6315948999836	79.0	100.0
237.6533802000049	79.0	100.0
237.67153150000377	79.0	100.0
237.6917056000093	79.0	100.0
237.71173809998436	79.0	100.0
237.7323281999852	79.0	100.0
237.75215109999408	79.0	100.0
237.77218969998648	79.0	100.0
237.7918306000065	79.0	100.0
237.81200669999816	79.0	100.0
237.83239570001024	79.0	100.0
237.8517187999969	79.0	100.0
237.87182589998702	79.0	100.0
237.8976824999845	79.0	100.0
237.9115298000106	79.0	100.0
237.93190409999806	79.0	100.0
237.95178329999908	79.0	100.0
237.97184680000646	79.0	100.0
237.99151980000897	79.0	100.0
238.01214400000754	79.0	100.0
238.0320795000007	79.0	100.0
238.05183700000634	79.0	100.0
238.07314369999222	79.0	100.0
238.09201079999912	79.0	100.0
238.11170859998674	79.0	100.0
238.13223570000264	79.0	100.0
238.15158299999894	79.0	100.0
238.17195409999113	79.0	100.0
238.19192179999663	79.0	100.0
238.2118838999886	79.0	100.0
238.231735999987	79.0	100.0
238.25194859999465	79.0	100.0
238.27187959998264	79.0	100.0
238.2922864999855	79.0	100.0
238.31190949998563	79.0	100.0
238.33243129999028	79.0	100.0
238.35189279998303	79.0	100.0
238.37177199998405	79.0	100.0
238.39179150000564	79.0	100.0
238.4116216999828	79.0	100.0
238.43285230000038	79.0	100.0
238.4523421000049	79.0	100.0
238.47171829998842	79.0	100.0
238.49208850000286	79.0	100.0
238.51202470000135	79.0	100.0
238.53250569998636	79.0	100.0
238.55303899999126	79.0	100.0
238.57299089999287	79.0	100.0
238.59242030000314	79.0	100.0
238.6131475000002	79.0	100.0
238.63328819998424	79.0	100.0
238.65306189999683	79.0	100.0
238.67297859999235	79.0	100.0
238.69188840000425	79.0	100.0
238.71191869999166	79.0	100.0
238.73291250001057	79.0	100.0
238.75209110000287	79.0	100.0
238.77210319999722	79.0	100.0
238.79233810000005	79.0	100.0
238.81207119999453	79.0	100.0
238.83256829998572	79.0	100.0
238.84884319998673	79.0	100.0
238.86872569998377	79.0	100.0
238.8899398999929	79.0	100.0
238.91055480000796	79.0	100.0
238.9330207000021	79.0	100.0
238.9521548000048	79.0	100.0
238.972886500007	79.0	100.0
238.99240049999207	79.0	100.0
239.01244220000808	79.0	100.0
239.03359239999554	79.0	100.0
239.05249460000778	79.0	100.0
239.07246259998647	79.0	100.0
239.09305319999112	79.0	100.0
239.11229399999138	79.0	100.0
239.13367079998716	79.0	100.0
239.1528837000078	79.0	100.0
239.17260009999154	79.0	100.0
239.1924832999939	79.0	100.0
239.2130346999911	79.0	100.0
239.23305949999485	79.0	100.0
239.25281989999348	79.0	100.0
239.27270289999433	79.0	100.0
239.29310529999202	79.0	100.0
239.31253460000153	79.0	100.0
239.33349530000123	79.0	100.0
239.35262489999877	79.0	100.0
239.37236750000739	79.0	100.0
239.39264169998933	79.0	100.0
239.4129585000046	79.0	100.0
239.43369460001122	79.0	100.0
239.45399700000416	79.0	100.0
239.4730955999985	80.0	100.0
239.49342539999634	80.0	100.0
239.51347579999128	80.0	100.0
239.53354460000992	80.0	100.0
239.55234480000217	80.0	100.0
239.573736499995	80.0	100.0
239.5937556999852	80.0	100.0
239.61362829999416	80.0	100.0
239.63425470000948	80.0	100.0
239.65359090000857	80.0	100.0
239.6736583999882	80.0	100.0
239.69407259998843	80.0	100.0
239.7131143999868	80.0	100.0
239.73419769998873	80.0	100.0
239.75270620000083	80.0	100.0
239.77294530000654	80.0	100.0
239.79270550000365	80.0	100.0
239.81391789999907	80.0	100.0
239.83319040000788	80.0	100.0
239.8528718999878	80.0	100.0
239.8731557999854	80.0	100.0
239.8929463000095	80.0	100.0
239.91304240000318	80.0	100.0
239.93359949998558	80.0	100.0
239.9527557999827	80.0	100.0
239.97314489999553	80.0	100.0
239.99320019999868	80.0	100.0
240.0132358999981	80.0	100.0
240.03295540000545	80.0	100.0
240.05365499999607	80.0	100.0
240.07350540001062	80.0	100.0
240.09354149998398	80.0	100.0
240.11356880000676	80.0	100.0
240.13459750000038	80.0	100.0
240.15141689998563	80.0	100.0
240.17318399998476	80.0	100.0
240.19331989999046	80.0	100.0
240.21333080000477	80.0	100.0
240.23343590000877	80.0	100.0
240.25351310000406	80.0	100.0
240.27337380000972	80.0	100.0
240.29375340000843	80.0	100.0
240.31342659998336	80.0	100.0
240.33402069998556	80.0	100.0
240.35423219998484	80.0	100.0
240.37386379999225	80.0	100.0
240.39472720000776	80.0	100.0
240.4141582000011	80.0	100.0
240.43445679999422	80.0	100.0
240.45444159998442	80.0	100.0
240.47398400001111	81.0	100.0
240.49412889999803	81.0	100.0
240.51400090000243	81.0	100.0
240.5346537999867	81.0	100.0
240.55251619999763	81.0	100.0
240.57359789998736	81.0	100.0
240.59330390000832	81.0	100.0
240.61355310000363	81.0	100.0
240.63337019999744	81.0	100.0
240.65554050001083	81.0	100.0
240.6736081999843	81.0	100.0
240.69379990000743	81.0	100.0
240.7133948999981	81.0	100.0
240.73411170000327	81.0	100.0
240.75362420000602	81.0	100.0
240.7738657000009	81.0	100.0
240.79359079999267	81.0	100.0
240.81425739999395	81.0	100.0
240.8340984999959	81.0	100.0
240.85429039999144	81.0	100.0
240.87275079998653	81.0	100.0
240.891693499987	81.0	100.0
240.91346710000653	81.0	100.0
240.93435190001037	81.0	100.0
240.95364859999972	81.0	100.0
240.97392940000282	81.0	100.0
240.99415109999245	81.0	100.0
241.0142011999851	81.0	100.0
241.2005291999958	81.0	100.0
241.2005511999887	81.0	100.0
241.20056150000892	81.0	100.0
241.20056920000934	81.0	100.0
241.200576800009	81.0	100.0
241.20058450000943	81.0	100.0
241.2005918000068	81.0	100.0
241.20059900000342	81.0	100.0
241.20060609999928	81.0	100.0
241.21473320000223	81.0	100.0
241.2344779999985	81.0	100.0
241.25365150001016	81.0	100.0
241.30612619998283	81.0	100.0
241.30617510000593	81.0	100.0
241.3147811999952	81.0	100.0
241.44513330000336	81.0	100.0
241.4451526000048	81.0	100.0
241.44516100001056	81.0	100.0
241.44516899998416	81.0	100.0
241.4455619000073	81.0	100.0
241.4455769000051	81.0	100.0
241.45590880000964	81.0	100.0
241.47507779998705	80.0	100.0
241.49508299998706	80.0	100.0
241.5147305999999	80.0	100.0
241.57188279999536	80.0	100.0
241.57190199999604	80.0	100.0
241.5751379999856	80.0	100.0
241.5944073999999	80.0	100.0
241.61524479999207	80.0	100.0
241.66548090000288	80.0	100.0
241.66557869999087	80.0	100.0
241.67424610001035	80.0	100.0
241.6904016000044	80.0	100.0
241.71224140000413	80.0	100.0
241.73306910000974	80.0	100.0
241.76743770000758	80.0	100.0
241.77486420000787	80.0	100.0
241.79489479999756	80.0	100.0
241.81524669998907	80.0	100.0
241.83519919999526	80.0	100.0
241.8701238000067	80.0	100.0
241.87456140000722	80.0	100.0
241.8945734000008	80.0	100.0
241.91503020000528	80.0	100.0
241.93562309999834	80.0	100.0
241.97225449999678	80.0	100.0
241.97570290000294	80.0	100.0
241.9947589999938	80.0	100.0
242.015633300005	80.0	100.0
242.03576599998632	80.0	100.0
242.08232419998967	80.0	100.0
242.08284739998635	80.0	100.0
242.09575290000066	80.0	100.0
242.11526510000112	80.0	100.0
242.13597649999429	80.0	100.0
242.17775239999173	80.0	100.0
242.1777727000008	80.0	100.0
242.1946059000038	80.0	100.0
242.215950599988	80.0	100.0
242.23427290000836	80.0	100.0
242.25930579999113	80.0	100.0
242.2769047000038	80.0	100.0
242.29535229998874	80.0	100.0
242.31560669999453	80.0	100.0
242.3360210999963	80.0	100.0
242.35497749998467	80.0	100.0
242.37540660001105	80.0	100.0
242.42775490001077	80.0	100.0
242.4277732000046	80.0	100.0
242.43538449998596	80.0	100.0
242.56779219998862	80.0	100.0
242.56781149999006	79.0	100.0
242.56782160000876	79.0	100.0
242.56783039998845	79.0	100.0
242.56821359999594	79.0	100.0
242.56823119998444	79.0	100.0
242.57609129999764	79.0	100.0
242.59590019998723	79.0	100.0
242.61608780000824	79.0	100.0
242.63618309999583	79.0	100.0
242.65617529998417	79.0	100.0
242.6772917000053	79.0	100.0
242.69563080000808	79.0	100.0
242.7151632999885	79.0	100.0
242.73583590000635	79.0	100.0
242.75586629999452	79.0	100.0
242.94151470001088	79.0	100.0
242.94153449998703	79.0	100.0
242.94154369999887	79.0	100.0
242.94155170000158	79.0	100.0
242.94155899999896	79.0	100.0
242.94158620000235	79.0	100.0
242.9415941000043	79.0	100.0
242.94160170000396	79.0	100.0
242.9416087999998	79.0	100.0
242.9555119999859	79.0	100.0
242.97590900000068	79.0	100.0
242.99565430000075	79.0	100.0
243.04237489998923	79.0	100.0
243.04265990000567	79.0	100.0
243.056611899985	79.0	100.0
243.24870669998927	79.0	100.0
243.24875430000247	79.0	100.0
243.2487783000106	79.0	100.0
243.2488011000096	79.0	100.0
243.2488236000063	79.0	100.0
243.24884690000908	79.0	100.0
243.24887010001112	79.0	100.0
243.2488929000101	79.0	100.0
243.24891480000224	79.0	100.0
243.25554039998678	79.0	100.0
243.28746180000599	79.0	100.0
243.29656950000208	79.0	100.0
243.31570710000233	79.0	100.0
243.3377940999926	79.0	100.0
243.35550720000174	79.0	100.0
243.39769690000685	79.0	100.0
243.3977459000016	79.0	100.0
243.41697689998546	79.0	100.0
243.43716629999108	79.0	100.0
243.45727670000633	79.0	100.0
243.48393029998988	78.0	100.0
243.49715099998866	78.0	100.0
243.51612710001064	78.0	100.0
243.53670609998517	78.0	100.0
243.55665109999245	78.0	100.0
243.57602469998528	78.0	100.0
243.59672370000044	78.0	100.0
243.65754859999288	78.0	100.0
243.65757350000786	78.0	100.0
243.65926250000484	78.0	100.0
243.6763651999936	78.0	100.0
243.79649659999995	78.0	100.0
243.79652050000732	78.0	100.0
243.79652899998473	78.0	100.0
243.79653679998592	78.0	100.0
243.79654429998482	78.0	100.0
243.79667260000133	78.0	100.0
243.81663640000625	78.0	100.0
243.83961989998352	78.0	100.0
243.8566537000006	78.0	100.0
243.8770622999873	78.0	100.0
243.89715539998724	78.0	100.0
243.9163336000056	78.0	100.0
243.96812279999722	78.0	100.0
243.96839600001113	78.0	100.0
243.9772437000065	78.0	100.0
244.10426910000388	78.0	100.0
244.1042894999846	78.0	100.0
244.10429729998577	78.0	100.0
244.10430539998924	78.0	100.0
244.1043160999834	78.0	100.0
244.10432399998535	78.0	100.0
244.1161848999909	78.0	100.0
244.13703169999644	78.0	100.0
244.15687279999838	78.0	100.0
244.17624249999062	78.0	100.0
244.19630089998827	78.0	100.0
244.21760440000799	78.0	100.0
244.27166689999285	78.0	100.0
244.27168499998515	78.0	100.0
244.2789710999932	78.0	100.0
244.2968983000028	78.0	100.0
244.40981149999425	78.0	100.0
244.41064719998394	78.0	100.0
244.41066329999012	78.0	100.0
244.41067250000197	78.0	100.0
244.41068080000696	78.0	100.0
244.41737489998923	78.0	100.0
244.43750149998232	78.0	100.0
244.45778510000673	78.0	100.0
244.47780249998323	79.0	100.0
244.49789790000068	79.0	100.0
244.52427339999122	79.0	100.0
244.5377404000028	79.0	100.0
244.55784829999902	79.0	100.0
244.57791739999084	79.0	100.0
244.59771699999692	79.0	100.0
244.6189502000052	79.0	100.0
244.63823429998592	79.0	100.0
244.65760279999813	79.0	100.0
244.67796790000284	79.0	100.0
244.69791980000446	79.0	100.0
244.71799229999306	79.0	100.0
244.7381606999843	79.0	100.0
244.75743729999522	79.0	100.0
244.77751200000057	79.0	100.0
244.79794129999937	79.0	100.0
244.81772900000215	79.0	100.0
244.83805739998934	79.0	100.0
244.8581325999985	79.0	100.0
244.87781350000296	79.0	100.0
244.89813059999142	79.0	100.0
244.91765059999307	79.0	100.0
244.9375766000012	79.0	100.0
244.95720319999964	79.0	100.0
244.97866769999382	79.0	100.0
244.99705020000692	79.0	100.0
245.0175220000092	79.0	100.0
245.03771850001067	79.0	100.0
245.0571554999915	79.0	100.0
245.07740249999915	79.0	100.0
245.09746029999224	79.0	100.0
245.11761869999464	79.0	100.0
245.13853490000474	79.0	100.0
245.1570703999896	79.0	100.0
245.1776978999842	79.0	100.0
245.19798160000937	79.0	100.0
245.21821799999452	79.0	100.0
245.23840589998872	79.0	100.0
245.25810060001095	79.0	100.0
245.27786490001017	79.0	100.0
245.29781709998497	79.0	100.0
245.31772530000308	79.0	100.0
245.33852540000225	79.0	100.0
245.35776220000116	79.0	100.0
245.37794849998318	79.0	100.0
245.39809709999827	79.0	100.0
245.41795559998718	79.0	100.0
245.43874350000988	79.0	100.0
245.45824869998614	79.0	100.0
245.47760969999945	79.0	100.0
245.4979738999973	79.0	100.0
245.51779990000068	79.0	100.0
245.53781449998496	79.0	100.0
245.55756640000618	79.0	100.0
245.57827890000772	79.0	100.0
245.59731439998723	79.0	100.0
245.61761899999692	79.0	100.0
245.64005749998614	79.0	100.0
245.65789219998987	79.0	100.0
245.6776365999831	79.0	100.0
245.6981342000072	79.0	100.0
245.71788760001073	79.0	100.0
245.7381575999898	79.0	100.0
245.75711069998215	79.0	100.0
245.77741189999506	79.0	100.0
245.79760779999197	79.0	100.0
245.81843290000688	79.0	100.0
245.83812359999865	79.0	100.0
245.85823769998387	79.0	100.0
245.87807690000045	79.0	100.0
245.89781490000314	79.0	100.0
245.91801890000352	79.0	100.0
245.93904160000966	79.0	100.0
245.9583854000084	79.0	100.0
245.97859019998577	79.0	100.0
245.9983404999948	79.0	100.0
246.0195628000074	79.0	100.0
246.03856449999148	79.0	100.0
246.0585987000086	79.0	100.0
246.0779241999844	79.0	100.0
246.09739979999722	79.0	100.0
246.11809810000705	79.0	100.0
246.13832709999406	79.0	100.0
246.1573858000047	79.0	100.0
246.17769859998953	79.0	100.0
246.1967587999825	79.0	100.0
246.2163193000015	79.0	100.0
246.2351035999891	79.0	100.0
246.25442199999816	79.0	100.0
246.27615329998662	79.0	100.0
246.29668090000632	79.0	100.0
246.31812559999526	79.0	100.0
246.33809979999205	79.0	100.0
246.35845490000793	79.0	100.0
246.37814270000672	79.0	100.0
246.39818849999574	79.0	100.0
246.41873239999404	79.0	100.0
246.43899729999248	79.0	100.0
246.45883129999856	79.0	100.0
246.47898310000892	80.0	100.0
246.49890030000824	80.0	100.0
246.51867940000375	80.0	100.0
246.53885119999177	80.0	100.0
246.5585000999854	80.0	100.0
246.578760400007	80.0	100.0
246.5984794999822	80.0	100.0
246.61842509999406	80.0	100.0
246.63852089998545	80.0	100.0
246.66029400000116	80.0	100.0
246.67855589999817	80.0	100.0
246.69868000000133	80.0	100.0
246.7184871000063	80.0	100.0
246.73914469999727	80.0	100.0
246.75840570000582	80.0	100.0
246.77962690001004	80.0	100.0
246.79879850000725	80.0	100.0
246.8185717999877	80.0	100.0
246.83948389999568	80.0	100.0
246.8593874000071	80.0	100.0
246.88783839999815	80.0	100.0
246.90143550001085	80.0	100.0
246.91907929998706	80.0	100.0
246.9403103000077	80.0	100.0
246.9587874999852	80.0	100.0
246.9792837999994	80.0	100.0
246.99854349999805	80.0	100.0
247.01928849998512	80.0	100.0
247.03940370000782	80.0	100.0
247.05885010000202	80.0	100.0
247.07855330000166	80.0	100.0
247.10033109999495	80.0	100.0
247.11849759999313	80.0	100.0
247.1394645999826	80.0	100.0
247.15747889998602	80.0	100.0
247.17515570000978	80.0	100.0
247.19592289999127	80.0	100.0
247.21485560000292	80.0	100.0
247.23666389999562	80.0	100.0
247.25777080000262	80.0	100.0
247.27888070000336	80.0	100.0
247.2992671999964	80.0	100.0
247.31863970000995	80.0	100.0
247.33958490000805	80.0	100.0
247.35888129999512	80.0	100.0
247.3794377000013	80.0	100.0
247.39950460000546	80.0	100.0
247.41984590000357	80.0	100.0
247.44029199998477	80.0	100.0
247.4594989999896	80.0	100.0
247.47895560000325	81.0	100.0
247.49960609999835	81.0	100.0
247.51919019999332	81.0	100.0
247.53943080001045	81.0	100.0
247.55930520000402	81.0	100.0
247.57969379998394	81.0	100.0
247.59936089999974	81.0	100.0
247.6195643999963	81.0	100.0
247.63950069999555	81.0	100.0
247.65959019999718	81.0	100.0
247.67970239999704	81.0	100.0
247.69964259999688	81.0	100.0
247.71940410000389	81.0	100.0
247.7420459999994	81.0	100.0
247.75933050000458	81.0	100.0
247.7795225000009	81.0	100.0
247.79894649999915	81.0	100.0
247.81927599999472	81.0	100.0
247.83888090000255	81.0	100.0
247.85971270001028	81.0	100.0
247.87891880000825	81.0	100.0
247.89955380000174	81.0	100.0
247.9196898000082	81.0	100.0
247.9395450000011	81.0	100.0
247.95959089999087	81.0	100.0
247.97960089999833	81.0	100.0
247.999622000003	81.0	100.0
248.0197795999993	81.0	100.0
248.039698699984	81.0	100.0
248.05942800000776	81.0	100.0
248.07869309998932	81.0	100.0
248.09970469999826	81.0	100.0
248.11987819999922	81.0	100.0
248.140101099998	81.0	100.0
248.1597564999829	81.0	100.0
248.17934820000664	81.0	100.0
248.1990409999853	81.0	100.0
248.2191940000048	81.0	100.0
248.23948699998436	81.0	100.0
248.25921210000524	81.0	100.0
248.2794665999827	81.0	100.0
248.29942049999954	81.0	100.0
248.31923510000343	81.0	100.0
248.33957740000915	81.0	100.0
248.3590578000003	81.0	100.0
248.37947729998268	81.0	100.0
248.39934239999275	81.0	100.0
248.4192303000018	81.0	100.0
248.4395002000092	81.0	100.0
248.459999099985	81.0	100.0
248.47930649999762	81.0	100.0
248.49957109999377	81.0	100.0
248.51874140001019	81.0	100.0
248.5399757999985	81.0	100.0
248.55931459998828	81.0	100.0
248.57983319999767	81.0	100.0
248.59871120000025	81.0	100.0
248.61921030000667	81.0	100.0
248.64005650000763	81.0	100.0
248.65929489998962	81.0	100.0
248.67888069999753	81.0	100.0
248.6998595999903	81.0	100.0
248.71936869999627	81.0	100.0
248.7397357999871	81.0	100.0
248.75944619998336	81.0	100.0
248.77901399999973	81.0	100.0
248.79894700000295	81.0	100.0
248.8200641000003	81.0	100.0
248.8395229000016	81.0	100.0
248.85943489999045	81.0	100.0
248.879366499983	81.0	100.0
248.89997599998605	81.0	100.0
248.9188897999993	81.0	100.0
248.94016920001013	81.0	100.0
248.9595113999967	81.0	100.0
248.97937029998866	81.0	100.0
248.99919889998273	81.0	100.0
249.0192618999863	81.0	100.0
249.0398731000023	81.0	100.0
249.06026790000033	81.0	100.0
249.07971659998293	81.0	100.0
249.10064719998627	81.0	100.0
249.1199171000044	81.0	100.0
249.14010119999875	81.0	100.0
249.15984489998664	81.0	100.0
249.17950779999956	81.0	100.0
249.19935189999524	81.0	100.0
249.21962290001102	81.0	100.0
249.239493400004	81.0	100.0
249.25904239999363	81.0	100.0
249.27932239999063	81.0	100.0
249.2997623999836	81.0	100.0
249.3195526000054	81.0	100.0
249.34002659999533	81.0	100.0
249.35997980000684	81.0	100.0
249.3799982999917	81.0	100.0
249.3998231999867	81.0	100.0
249.42020789999515	81.0	100.0
249.44005559998914	81.0	100.0
249.4604837000079	81.0	100.0
249.4803460999974	82.0	100.0
249.50005929998588	82.0	100.0
249.51944850001018	82.0	100.0
249.54035989998374	82.0	100.0
249.55989599999157	82.0	100.0
249.58015140000498	82.0	100.0
249.5999654000043	82.0	100.0
249.62033299999894	82.0	100.0
249.64028210000833	82.0	100.0
249.6622328000085	82.0	100.0
249.68014589999802	82.0	100.0
249.70019279999542	82.0	100.0
249.72020229999907	82.0	100.0
249.74016829999164	82.0	100.0
249.76000189999468	82.0	100.0
249.78017069998896	82.0	100.0
249.79988879998564	82.0	100.0
249.81999409999116	82.0	100.0
249.83991599999717	82.0	100.0
249.86016750001	82.0	100.0
249.88002409998444	82.0	100.0
249.90014449998853	82.0	100.0
249.9197795999935	82.0	100.0
249.93976269999985	82.0	100.0
249.9596229000017	82.0	100.0
249.97966219999944	82.0	100.0
249.9995837000024	82.0	100.0
250.0202777000086	82.0	100.0
250.03969989999314	82.0	100.0
250.06163290000404	82.0	100.0
250.07980010000756	82.0	100.0
250.09977850000723	82.0	100.0
250.11988690000726	82.0	100.0
250.13980109998374	82.0	100.0
250.15670849999879	82.0	100.0
250.1782663000049	82.0	100.0
250.19766050000908	82.0	100.0
250.22000850000768	82.0	100.0
250.2400431999995	82.0	100.0
250.26012699998682	82.0	100.0
250.27921139998944	82.0	100.0
250.30018679998466	82.0	100.0
250.3203618999978	82.0	100.0
250.33994790000725	82.0	100.0
250.36007599998266	82.0	100.0
250.38028640000266	82.0	100.0
250.399948700011	82.0	100.0
250.4202246000059	82.0	100.0
250.44010290000006	82.0	100.0
250.45996549999109	82.0	100.0
250.480014700006	82.0	100.0
250.50028390000807	82.0	100.0
250.52019700000528	82.0	100.0
250.54082059999928	82.0	100.0
250.56001300000935	82.0	100.0
250.58012659999076	82.0	100.0
250.60010340000736	82.0	100.0
250.62030159999267	82.0	100.0
250.64050799998222	82.0	100.0
250.65978980000364	82.0	100.0
250.6780499999877	82.0	100.0
250.6997432000062	82.0	100.0
250.71958770000492	82.0	100.0
250.7397626999882	82.0	100.0
250.7596559000085	82.0	100.0
250.7797617999895	82.0	100.0
250.79957889998332	82.0	100.0
250.8196520000056	82.0	100.0
250.84059449998313	82.0	100.0
250.86036319998675	82.0	100.0
250.88020670000697	82.0	100.0
250.90019879999454	82.0	100.0
250.9152510999993	82.0	100.0
250.9398005999974	82.0	100.0
250.960067899985	82.0	100.0
250.9802027999831	82.0	100.0
250.999524999992	82.0	100.0
251.02031980000902	82.0	100.0
251.0406065999996	82.0	100.0
251.06021289998898	82.0	100.0
251.0801414999878	82.0	100.0
251.09959860000527	82.0	100.0
251.11950349999825	82.0	100.0
251.13982179999584	82.0	100.0
251.1597678999824	82.0	100.0
251.17965649999678	82.0	100.0
251.19952339999145	82.0	100.0
251.220092500007	82.0	100.0
251.23967730000732	82.0	100.0
251.260295199987	82.0	100.0
251.27997949998826	82.0	100.0
251.3004513999913	82.0	100.0
251.3199644999986	82.0	100.0
251.3410157999897	82.0	100.0
251.36008739998215	82.0	100.0
251.3800782999897	82.0	100.0
251.39997160001076	82.0	100.0
251.4200101000024	82.0	100.0
251.44089830000303	82.0	100.0
251.46089729998494	82.0	100.0
251.48005459998967	82.0	100.0
251.49954270001035	82.0	100.0
251.51967859998695	82.0	100.0
251.54131850000704	82.0	100.0
251.56014240000513	82.0	100.0
251.581030500005	82.0	100.0
251.6002898000006	82.0	100.0
251.62047729999176	82.0	100.0
251.64099139999598	82.0	100.0
251.65949250000995	82.0	100.0
251.67949720000615	82.0	100.0
251.69997210000292	82.0	100.0
251.7197540999914	82.0	100.0
251.74000829999568	82.0	100.0
251.76007230000687	82.0	100.0
251.78053839999484	82.0	100.0
251.8000589000003	82.0	100.0
251.82063309999648	82.0	100.0
251.84121929999674	82.0	100.0
251.86061959998915	82.0	100.0
251.8802943000046	82.0	100.0
251.90013019999606	82.0	100.0
251.92005389998667	82.0	100.0
251.94271529998514	82.0	100.0
251.9599690999894	82.0	100.0
251.98046029999387	82.0	100.0
252.0002811999875	82.0	100.0
252.02093969998532	82.0	100.0
252.04107680000016	82.0	100.0
252.05994829998235	82.0	100.0
252.0799197999877	82.0	100.0
252.10025059999316	82.0	100.0
252.1201873999962	82.0	100.0
252.14016079998692	82.0	100.0
252.16009719998692	82.0	100.0
252.1800791999849	82.0	100.0
252.1998823999893	82.0	100.0
252.220061	82.0	100.0
252.24090400000568	82.0	100.0
252.26011599999038	82.0	100.0
252.28002109998488	82.0	100.0
252.30031389999203	82.0	100.0
252.31977129998268	82.0	100.0
252.3402198999829	82.0	100.0
252.35862089999137	82.0	100.0
252.38080939999782	82.0	100.0
252.40055379999103	82.0	100.0
252.4206361999968	82.0	100.0
252.44024779999745	82.0	100.0
252.46079109999118	82.0	100.0
252.48024820000865	81.0	100.0
252.50011319998885	81.0	100.0
252.5200191999902	81.0	100.0
252.54046190000372	81.0	100.0
252.55971229998977	81.0	100.0
252.5805415000068	81.0	100.0
252.60010750000947	81.0	100.0
252.61990940000396	81.0	100.0
252.64005879999604	81.0	100.0
252.66245869998238	81.0	100.0
252.68012979999185	81.0	100.0
252.70060519999242	81.0	100.0
252.71996170000057	81.0	100.0
252.74085179998656	81.0	100.0
252.75996799999848	81.0	100.0
252.7806813000061	81.0	100.0
252.80008779998752	81.0	100.0
252.82041399998707	81.0	100.0
252.8408237999829	81.0	100.0
252.86003799998434	81.0	100.0
252.8801409000007	81.0	100.0
252.9003650000086	81.0	100.0
252.92000849999022	81.0	100.0
252.94072489999235	81.0	100.0
252.96023470000364	81.0	100.0
252.98094619999756	81.0	100.0
253.000979000004	81.0	100.0
253.02122659998713	81.0	100.0
253.0416039999982	81.0	100.0
253.0604905000073	81.0	100.0
253.07675819998258	81.0	100.0
253.1013746999961	81.0	100.0
253.12046030000784	81.0	100.0
253.14141839998774	81.0	100.0
253.16039450000972	81.0	100.0
253.1805435999995	81.0	100.0
253.20102939999197	81.0	100.0
253.22079620001023	81.0	100.0
253.2409958000062	81.0	100.0
253.2610765999998	81.0	100.0
253.2801014999859	81.0	100.0
253.3001518000092	81.0	100.0
253.32007899999735	81.0	100.0
253.34106459998293	81.0	100.0
253.3600274999917	81.0	100.0
253.3811812000058	81.0	100.0
253.40018890000647	81.0	100.0
253.42080689998693	81.0	100.0
253.44138259999454	81.0	100.0
253.46145360000082	81.0	100.0
253.48126359999878	81.0	100.0
253.50089580001077	81.0	100.0
253.52128950000042	81.0	100.0
253.54133420001017	81.0	100.0
253.56142640000326	81.0	100.0
253.58131370000774	81.0	100.0
253.60137889999896	81.0	100.0
253.62183879999793	81.0	100.0
253.64145279998775	81.0	100.0
253.6613681000017	81.0	100.0
253.68145309999818	81.0	100.0
253.7014785000065	81.0	100.0
253.72130840001046	81.0	100.0
253.74187399999937	81.0	100.0
253.7617787999916	81.0	100.0
253.7816393999965	81.0	100.0
253.80156449999777	81.0	100.0
253.82158200000413	81.0	100.0
253.84156319999602	81.0	100.0
253.86172469999292	81.0	100.0
253.88132339998265	81.0	100.0
253.90142720000586	81.0	100.0
253.92149449998396	81.0	100.0
253.94191220001085	81.0	100.0
253.9614034999977	81.0	100.0
253.98152659999323	81.0	100.0
254.0013037000026	81.0	100.0
254.0216744999925	81.0	100.0
254.0419700999919	81.0	100.0
254.06165570000303	81.0	100.0
254.0816428999824	81.0	100.0
254.1019099999976	81.0	100.0
254.12145370000508	81.0	100.0
254.1419853999978	81.0	100.0
254.1618596999906	81.0	100.0
254.18176859998493	81.0	100.0
254.2014657999971	81.0	100.0
254.22180599998683	81.0	100.0
254.24180839999462	81.0	100.0
254.2613071000087	81.0	100.0
254.286512199993	81.0	100.0
254.30146769998828	81.0	100.0
254.32170430000406	81.0	100.0
254.34251529999892	81.0	100.0
254.36111890000757	81.0	100.0
254.38131900000735	81.0	100.0
254.40135549998377	81.0	100.0
254.4217425000097	81.0	100.0
254.44070939999074	81.0	100.0
254.45948250000947	81.0	100.0
254.4811112000025	80.0	100.0
254.5014414000034	80.0	100.0
254.52156079999986	80.0	100.0
254.5422111999942	80.0	100.0
254.56086470000446	80.0	100.0
254.58109809999587	80.0	100.0
254.60130390000995	80.0	100.0
254.62128510000184	80.0	100.0
254.64233840000816	80.0	100.0
254.66113540000515	80.0	100.0
254.68177219998324	80.0	100.0
254.70177529999637	80.0	100.0
254.72164969998994	80.0	100.0
254.74230179999722	80.0	100.0
254.7618783999933	80.0	100.0
254.78117189998738	80.0	100.0
254.80193319998216	80.0	100.0
254.82193619999452	80.0	100.0
254.84249760000966	80.0	100.0
254.86123959999532	80.0	100.0
254.8815915999876	80.0	100.0
254.90168079998693	80.0	100.0
254.92168850000598	80.0	100.0
254.94272530000308	80.0	100.0
254.96174490000703	80.0	100.0
254.981895600009	80.0	100.0
255.00190649999422	80.0	100.0
255.02187180001056	80.0	100.0
255.04251989998738	80.0	100.0
255.06206759999623	80.0	100.0
255.08153200001107	80.0	100.0
255.10142009999254	80.0	100.0
255.12164679999114	80.0	100.0
255.141312199994	80.0	100.0
255.1618266000005	80.0	100.0
255.1816550999938	80.0	100.0
255.2015553000092	80.0	100.0
255.22146259999136	80.0	100.0
255.2426032999938	80.0	100.0
255.26136780000525	80.0	100.0
255.28164060000563	80.0	100.0
255.3016859999916	80.0	100.0
255.32088049998856	80.0	100.0
255.34196570000495	80.0	100.0
255.3618201999925	80.0	100.0
255.38194429999567	80.0	100.0
255.40173690000665	80.0	100.0
255.42194400000153	80.0	100.0
255.44235779999872	80.0	100.0
255.46254259999841	80.0	100.0
255.48245799998404	0.0	100.0
255.5020525	0.0	100.0
255.521748500003	0.0	100.0
255.54246820000117	0.0	100.0
255.5613628999854	0.0	100.0
255.58193230000325	0.0	100.0
255.60169489998952	0.0	100.0
255.62189859998762	0.0	100.0
255.64203650000854	0.0	100.0
255.6621210000012	0.0	100.0
255.6817013999971	0.0	100.0
255.70205839999835	0.0	100.0
255.72160210000584	0.0	100.0
255.74225720000686	0.0	100.0
255.76117189999786	0.0	100.0
255.78204900000128	0.0	100.0
255.80148999998346	0.0	100.0
255.8216284000082	0.0	100.0
255.84208050000598	0.0	100.0
255.86184329999378	0.0	100.0
255.88174959999742	0.0	100.0
255.9028563000029	0.0	100.0
255.92185049998807	0.0	100.0
255.94270650000544	0.0	100.0
255.96232540000346	0.0	100.0
255.98161759998766	0.0	100.0
256.00227100000484	0.0	100.0
256.0225652999943	0.0	100.0
256.0424500000081	0.0	100.0
256.06203239999013	0.0	100.0
256.0821397000109	0.0	100.0
256.1021209000028	0.0	100.0
256.1218871999881	0.0	100.0
256.14246259999345	0.0	100.0
256.1616694999975	0.0	100.0
256.1820936999866	0.0	100.0
256.20226230000844	0.0	100.0
256.2225046000094	0.0	100.0
256.24254030000884	0.0	100.0
256.2630184000009	0.0	100.0
256.283277599985	0.0	100.0
256.30247729999246	0.0	100.0
256.3226416000107	0.0	100.0
256.3427686000068	0.0	100.0
256.362440900004	0.0	100.0
256.38424359998317	0.0	100.0
256.4021131999907	0.0	100.0
256.4222795999958	0.0	100.0
256.44257970000035	0.0	100.0
256.4633201000106	0.0	100.0
256.4824903999979	0.0	100.0
256.5026416000037	0.0	100.0
256.5228117000079	0.0	100.0
256.5427561000106	0.0	100.0
256.56262979999883	0.0	100.0
256.58302570000524	0.0	100.0
256.60289660000126	0.0	100.0
256.6227011999872	0.0	100.0
256.64282330000424	0.0	100.0
256.66257909999695	0.0	100.0
256.68294549998245	0.0	100.0
256.70414220000384	0.0	100.0
256.7224319000088	0.0	100.0
256.74373399998876	0.0	100.0
256.7621627000044	0.0	100.0
256.78260949999094	0.0	100.0
256.8032091000059	0.0	100.0
256.8232582999917	0.0	100.0
256.84261299998616	0.0	100.0
256.86272279999685	0.0	100.0
256.88282319999416	0.0	100.0
256.9032052999828	0.0	100.0
256.92778810000164	0.0	100.0
256.94348729998455	0.0	100.0
256.96268430000055	0.0	100.0
256.9835919000034	0.0	100.0
257.0026346000086	0.0	100.0
257.0225650999928	0.0	100.0
257.04361079999944	0.0	100.0
257.06375420000404	0.0	100.0
257.0824716000061	0.0	100.0
257.1030971999862	0.0	100.0
257.1226783999882	0.0	100.0
257.1435547999863	0.0	100.0
257.16295890000765	0.0	100.0
257.18298720000894	0.0	100.0
257.2024647000071	0.0	100.0
257.2228218000091	0.0	100.0
257.24311209999723	0.0	100.0
257.2632176000043	0.0	100.0
257.2835514000035	0.0	100.0
257.30342189999647	0.0	100.0
257.3237131999922	0.0	100.0
257.3436662000022	0.0	100.0
257.3616658000101	0.0	100.0
257.3812833999982	0.0	100.0
257.40018349999445	0.0	100.0
257.41841359998216	0.0	100.0
257.4395266000065	0.0	100.0
257.4614137999888	0.0	100.0
257.4835400999873	81.0	100.0
257.5033690999844	81.0	100.0
257.5227777000109	81.0	100.0
257.5444227999833	81.0	100.0
257.5637245000107	81.0	100.0
257.5833801999979	81.0	100.0
257.60264229998575	81.0	100.0
257.6211883999931	81.0	100.0
257.6394500999886	81.0	100.0
257.659482499992	81.0	100.0
257.67960740000126	81.0	100.0
257.70064729999285	81.0	100.0
257.72248019999824	81.0	100.0
257.7440085999842	81.0	100.0
257.7635514999856	81.0	100.0
257.78364439998404	81.0	100.0
257.80325269998866	81.0	100.0
257.82399070000974	81.0	100.0
257.8446575999842	81.0	100.0
257.86400010000216	81.0	100.0
257.8844836000062	81.0	100.0
257.9042169000022	81.0	100.0
257.9240157000022	81.0	100.0
257.94494809999014	81.0	100.0
257.96433499999694	81.0	100.0
257.98394979999284	81.0	100.0
258.00425569998333	81.0	100.0
258.0241193000111	81.0	100.0
258.04429849999724	81.0	100.0
258.06402640001033	81.0	100.0
258.08378169999924	81.0	100.0
258.10368319999543	81.0	100.0
258.1238125000091	81.0	100.0
258.143974000006	81.0	100.0
258.16359300000477	81.0	100.0
258.18402290000813	81.0	100.0
258.20369819999905	81.0	100.0
258.22346959999413	81.0	100.0
258.24439479998546	81.0	100.0
258.2652322000067	81.0	100.0
258.2839885999856	81.0	100.0
258.30421209998894	81.0	100.0
258.3243628999917	81.0	100.0
258.344958200003	81.0	100.0
258.3636539999861	81.0	100.0
258.38344440000947	81.0	100.0
258.4036316999991	81.0	100.0
258.4244946000108	81.0	100.0
258.4440331000078	81.0	100.0
258.4639484999934	81.0	100.0
258.4836862999946	84.0	100.0
258.5039226000081	84.0	100.0
258.5242858999991	84.0	100.0
258.544871399994	84.0	100.0
258.5668147999968	84.0	100.0
258.58438399998704	84.0	100.0
258.60450899999705	84.0	100.0
258.6243603999901	84.0	100.0
258.64460169998347	84.0	100.0
258.66480389999924	84.0	100.0
258.68438319998677	84.0	100.0
258.7045295999851	84.0	100.0
258.7248736000038	84.0	100.0
258.7458603999985	84.0	100.0
258.7648828999954	84.0	100.0
258.7848374999885	84.0	100.0
258.80387939998764	84.0	100.0
258.8240086000005	84.0	100.0
258.8443442999851	84.0	100.0
258.8648192999826	84.0	100.0
258.8840079999936	84.0	100.0
258.9047711000021	84.0	100.0
258.9239447999862	84.0	100.0
258.94519209998543	84.0	100.0
258.96530290000373	84.0	100.0
258.9853179999918	84.0	100.0
259.0047232999932	84.0	100.0
259.02526970001054	84.0	100.0
259.0449526000011	84.0	100.0
259.0649923000019	84.0	100.0
259.0850642999867	84.0	100.0
259.10510789998807	84.0	100.0
259.12519160000375	84.0	100.0
259.14580820000265	84.0	100.0
259.16493480000645	84.0	100.0
259.1852833000012	84.0	100.0
259.2050853999972	84.0	100.0
259.22524110000813	84.0	100.0
259.24555699998746	84.0	100.0
259.26584659999935	84.0	100.0
259.2851224000042	84.0	100.0
259.30561760001	84.0	100.0
259.3254345000023	84.0	100.0
259.3456798999978	84.0	100.0
259.36522750000586	84.0	100.0
259.3854815000086	84.0	100.0
259.40544989999034	84.0	100.0
259.425407200004	84.0	100.0
259.44581579999067	84.0	100.0
259.4671456000069	84.0	100.0
259.485840999987	87.0	100.0
259.5060593000089	87.0	100.0
259.5257450999925	87.0	100.0
259.546629199991	87.0	100.0
259.56528350000735	87.0	100.0
259.5854443999997	87.0	100.0
259.6054557999887	87.0	100.0
259.62606270000106	87.0	100.0
259.6458590000111	87.0	100.0
259.66574070000206	87.0	100.0
259.6862528999918	87.0	100.0
259.7081365000049	87.0	100.0
259.72560999999405	87.0	100.0
259.7465594999958	87.0	100.0
259.76521399998455	87.0	100.0
259.78547050000634	87.0	100.0
259.805870399985	87.0	100.0
259.8259662000055	87.0	100.0
259.846517900005	87.0	100.0
259.86616830001003	87.0	100.0
259.8862306000083	87.0	100.0
259.906588199985	87.0	100.0
259.92638530000113	87.0	100.0
259.946332099993	87.0	100.0
259.96635979998973	87.0	100.0
259.98650679999264	87.0	100.0
260.0062789999938	87.0	100.0
260.02639849999105	87.0	100.0
260.0462716000038	87.0	100.0
260.06619990000036	87.0	100.0
260.0859182999993	87.0	100.0
260.1062886999862	87.0	100.0
260.1261448999867	87.0	100.0
260.14649169999757	87.0	100.0
260.1662781999912	87.0	100.0
260.18639540000004	87.0	100.0
260.20611599998665	87.0	100.0
260.22877660000813	87.0	100.0
260.24633840000024	87.0	100.0
260.26630319998367	87.0	100.0
260.286386199994	87.0	100.0
260.3063400000101	87.0	100.0
260.3262968999916	87.0	100.0
260.34721059998265	87.0	100.0
260.36651829999755	87.0	100.0
260.3861546999833	87.0	100.0
260.4064000000071	87.0	100.0
260.42650400000275	87.0	100.0
260.4465365000069	87.0	100.0
260.4673174000054	87.0	100.0
260.48654139999417	88.0	100.0
260.5067415999947	88.0	100.0
260.5267925999942	88.0	100.0
260.54745620000176	88.0	100.0
260.56660279998323	88.0	100.0
260.5876184999943	88.0	100.0
260.6061181999976	88.0	100.0
260.62626119999913	88.0	100.0
260.6468040999898	88.0	100.0
260.66701109998394	88.0	100.0
260.6865506999893	88.0	100.0
260.70727660000557	88.0	100.0
260.72650699998485	88.0	100.0
260.74752460001037	88.0	100.0
260.76649730000645	88.0	100.0
260.7868304000003	88.0	100.0
260.80728959999396	88.0	100.0
260.8274850999878	88.0	100.0
260.84584789999644	88.0	100.0
260.86684919998515	88.0	100.0
260.8864614999911	88.0	100.0
260.9064308000088	88.0	100.0
260.92658989998745	88.0	100.0
260.9472783000092	88.0	100.0
260.9669976999867	88.0	100.0
260.9866012999846	88.0	100.0
261.00667030000477	88.0	100.0
261.02723599999445	88.0	100.0
261.0473731000093	88.0	100.0
261.0681063999946	88.0	100.0
261.08727240000735	88.0	100.0
261.1072937999852	88.0	100.0
261.12750750000123	88.0	100.0
261.1477801000001	88.0	100.0
261.16694769999594	88.0	100.0
261.1870086999843	88.0	100.0
261.2069949999859	88.0	100.0
261.2270203999942	88.0	100.0
261.2473461999907	88.0	100.0
261.26701579999644	88.0	100.0
261.28708439998445	88.0	100.0
261.3078294000006	88.0	100.0
261.32725939998636	88.0	100.0
261.34864829998696	88.0	100.0
261.36817750000046	88.0	100.0
261.38842589998967	88.0	100.0
261.4076669999922	88.0	100.0
261.4279139999999	88.0	100.0
261.4476777999953	88.0	100.0
261.4675847000035	88.0	100.0
261.4895569999935	89.0	100.0
261.508951900003	89.0	100.0
261.52858650000417	89.0	100.0
261.5480930999911	89.0	100.0
261.5692703000095	89.0	100.0
261.58864209998865	89.0	100.0
261.60741060000146	89.0	100.0
261.62975629998255	89.0	100.0
261.64949690000503	89.0	100.0
261.66796269998304	89.0	100.0
261.687769399985	89.0	100.0
261.7086111000099	89.0	100.0
261.7278290000104	89.0	100.0
261.7495082000096	89.0	100.0
261.767791899998	89.0	100.0
261.7887238000112	89.0	100.0
261.8086733999953	89.0	100.0
261.82914839999285	89.0	100.0
261.849879699992	89.0	100.0
261.8686547999969	89.0	100.0
261.88813390000723	89.0	100.0
261.9082558999944	89.0	100.0
261.9299844999914	89.0	100.0
261.94799039998907	89.0	100.0
261.96793949999847	89.0	100.0
261.9878912999993	89.0	100.0
262.0079990999948	89.0	100.0
262.02794719999656	89.0	100.0
262.0480908000027	89.0	100.0
262.06775719998404	89.0	100.0
262.08739760000026	89.0	100.0
262.10762460000115	89.0	100.0
262.1292300999921	89.0	100.0
262.1480314999935	89.0	100.0
262.1679226999986	89.0	100.0
262.1882254999946	89.0	100.0
262.2082156999968	89.0	100.0
262.2297981999873	89.0	100.0
262.2489387000096	89.0	100.0
262.2701764999947	89.0	100.0
262.2882302000071	89.0	100.0
262.3082774000068	89.0	100.0
262.3279684000008	89.0	100.0
262.3514900000009	89.0	100.0
262.3698399999994	89.0	100.0
262.3882496999868	89.0	100.0
262.40686379998806	89.0	100.0
262.42859500000486	89.0	100.0
262.4489038999891	89.0	100.0
262.4682777999842	89.0	100.0
262.48843480000505	89.0	100.0
262.50882940000156	89.0	100.0
262.52803339998354	89.0	100.0
262.5487676000048	89.0	100.0
262.5679327999824	89.0	100.0
262.58854969998356	89.0	100.0
262.6087671999994	89.0	100.0
262.6285246000043	89.0	100.0
262.6489115000004	89.0	100.0
262.6688507999934	89.0	100.0
262.68832570000086	89.0	100.0
262.71067989998846	89.0	100.0
262.72787080000853	89.0	100.0
262.7486856000032	89.0	100.0
262.76838419999694	89.0	100.0
262.78826729999855	89.0	100.0
262.80965209999704	89.0	100.0
262.8292603000009	89.0	100.0
262.8493594999891	89.0	100.0
262.8691726999823	89.0	100.0
262.888730799983	89.0	100.0
262.90922209998826	89.0	100.0
262.92883769999025	89.0	100.0
262.94815399998333	89.0	100.0
262.9700940999901	89.0	100.0
262.99079439998604	89.0	100.0
263.0079404999851	89.0	100.0
263.0287571999943	89.0	100.0
263.0501801999926	89.0	100.0
263.06790160000673	89.0	100.0
263.0879072000098	89.0	100.0
263.1089985999861	89.0	100.0
263.1280620000034	89.0	100.0
263.14909689998603	89.0	100.0
263.16997689998243	89.0	100.0
263.1894719999982	89.0	100.0
263.20917159999954	89.0	100.0
263.230533199996	89.0	100.0
263.25018850000924	89.0	100.0
263.2695144999889	89.0	100.0
263.2894133999944	89.0	100.0
263.3093222999887	89.0	100.0
263.3285262999998	89.0	100.0
263.34977100000833	89.0	100.0
263.3689292999916	89.0	100.0
263.38917059998494	89.0	100.0
263.4091778000002	89.0	100.0
263.42970939999213	89.0	100.0
263.449552999984	89.0	100.0
263.47045900000376	89.0	100.0
263.4897963999829	88.0	100.0
263.5095857999986	88.0	100.0
263.5297403000004	88.0	100.0
263.5495507000014	88.0	100.0
263.56848960000207	88.0	100.0
263.5894537999993	88.0	100.0
263.6094100000046	88.0	100.0
263.62936379999155	88.0	100.0
263.6498711000022	88.0	100.0
263.6692203999846	88.0	100.0
263.688971399999	88.0	100.0
263.7090278999822	88.0	100.0
263.7297242000059	88.0	100.0
263.7502659999882	88.0	100.0
263.7708877999976	88.0	100.0
263.7896941000072	88.0	100.0
263.8091926999914	88.0	100.0
263.82992039999226	88.0	100.0
263.8500883000088	88.0	100.0
263.86930059999577	88.0	100.0
263.8894454999827	88.0	100.0
263.9096094999986	88.0	100.0
263.9289273000031	88.0	100.0
263.94957329999306	88.0	100.0
263.96908209999674	88.0	100.0
263.9894714000111	88.0	100.0
264.0094520999992	88.0	100.0
264.0299901999824	88.0	100.0
264.0514256999886	88.0	100.0
264.0704977999849	88.0	100.0
264.0899904999824	88.0	100.0
264.1103436999838	88.0	100.0
264.1301889999886	88.0	100.0
264.1504937999998	88.0	100.0
264.16993810000713	88.0	100.0
264.1905509000062	88.0	100.0
264.20910119998734	88.0	100.0
264.23001150001073	88.0	100.0
264.250117699994	88.0	100.0
264.27161209998303	88.0	100.0
264.2897649999941	88.0	100.0
264.3126173999917	88.0	100.0
264.3300615999906	88.0	100.0
264.3501837000076	88.0	100.0
264.3702321999881	88.0	100.0
264.38960960000986	88.0	100.0
264.41110070000286	88.0	100.0
264.4323482000036	88.0	100.0
264.45043229998555	88.0	100.0
264.4707606000011	88.0	100.0
264.4908751999901	87.0	100.0
264.51065009998274	87.0	100.0
264.53066669998225	87.0	100.0
264.55147109998506	87.0	100.0
264.5705667999864	87.0	100.0
264.5902165999869	87.0	100.0
264.6102905999869	87.0	100.0
264.63043779999134	87.0	100.0
264.6508532000007	87.0	100.0
264.67049689998385	87.0	100.0
264.6904217999836	87.0	100.0
264.71038370000315	87.0	100.0
264.7303025999863	87.0	100.0
264.7506538000016	87.0	100.0
264.7703278999834	87.0	100.0
264.79043130000355	87.0	100.0
264.8104537999898	87.0	100.0
264.8309159000055	87.0	100.0
264.85120710000047	87.0	100.0
264.8700606999919	87.0	100.0
264.8896163000027	87.0	100.0
264.9108682000078	87.0	100.0
264.93027389998315	87.0	100.0
264.95110969999223	87.0	100.0
264.9712448999926	87.0	100.0
264.9911152999848	87.0	100.0
265.0106827999989	87.0	100.0
265.0312145999924	87.0	100.0
265.05172679998213	87.0	100.0
265.07142279998516	87.0	100.0
265.0930517000088	87.0	100.0
265.1111404999974	87.0	100.0
265.13128050000523	87.0	100.0
265.15155710000545	87.0	100.0
265.17151240000385	87.0	100.0
265.1916613999929	87.0	100.0
265.21139919999405	87.0	100.0
265.23122099999455	87.0	100.0
265.2515338000085	87.0	100.0
265.27161100000376	87.0	100.0
265.29063719999976	87.0	100.0
265.31123960000696	87.0	100.0
265.33157290000236	87.0	100.0
265.3518139999942	87.0	100.0
265.3720086000103	87.0	100.0
265.39182349998737	87.0	100.0
265.410739199986	87.0	100.0
265.43188679998275	87.0	100.0
265.4519294000056	87.0	100.0
265.4714779999922	87.0	100.0
265.4906268999912	86.0	100.0
265.5112615999824	86.0	100.0
265.53111559999525	86.0	100.0
265.55112289998215	86.0	100.0
265.5716071999923	86.0	100.0
265.59140040000784	86.0	100.0
265.61112980000325	86.0	100.0
265.6323746999842	86.0	100.0
265.6512778000033	86.0	100.0
265.67127409999375	86.0	100.0
265.69187049998436	86.0	100.0
265.7132423000003	86.0	100.0
265.7311811000109	86.0	100.0
265.7520744999929	86.0	100.0
265.7713386999967	86.0	100.0
265.7915287000069	86.0	100.0
265.8115686000092	86.0	100.0
265.8317035000073	86.0	100.0
265.85139520000666	86.0	100.0
265.8728664999944	86.0	100.0
265.89230059998226	86.0	100.0
265.91180060000625	86.0	100.0
265.93162449999363	86.0	100.0
265.951979400008	86.0	100.0
265.97169129998656	86.0	100.0
265.99176689999877	86.0	100.0
266.01221179999993	86.0	100.0
266.03281410000636	86.0	100.0
266.05225330000394	86.0	100.0
266.07124479999766	86.0	100.0
266.091181900003	86.0	100.0
266.11185270000715	86.0	100.0
266.1315937000036	86.0	100.0
266.1519175999856	86.0	100.0
266.1717315999849	86.0	100.0
266.1917007000011	86.0	100.0
266.21239430000423	86.0	100.0
266.2321724999929	86.0	100.0
266.2524398000096	86.0	100.0
266.27294580001035	86.0	100.0
266.2924558999948	86.0	100.0
266.31274180000764	86.0	100.0
266.33191439998336	86.0	100.0
266.35251579998294	86.0	100.0
266.37235160000273	86.0	100.0
266.3927395000064	86.0	100.0
266.41165749999345	86.0	100.0
266.43174679999356	86.0	100.0
266.4530480999965	86.0	100.0
266.47324190000654	86.0	100.0
266.49305230000755	84.0	100.0
266.51304620000883	84.0	100.0
266.5329834999866	84.0	100.0
266.5533179999911	84.0	100.0
266.57181609998224	84.0	100.0
266.5925456999976	84.0	100.0
266.612878999993	84.0	100.0
266.63336469998467	84.0	100.0
266.6534249999968	84.0	100.0
266.6729021999927	84.0	100.0
266.69255330000306	84.0	100.0
266.7128196999838	84.0	100.0
266.7331819999963	84.0	100.0
266.7515296000056	84.0	100.0
266.77245399999083	84.0	100.0
266.7924944999977	84.0	100.0
266.8129231999919	84.0	100.0
266.83357670000987	84.0	100.0
266.85340299998643	84.0	100.0
266.8730533999915	84.0	100.0
266.8920208000054	84.0	100.0
266.91204150000704	84.0	100.0
266.93235039999126	84.0	100.0
266.95345269999234	84.0	100.0
266.9722041999921	84.0	100.0
266.9928648000059	84.0	100.0
267.0130633999943	84.0	100.0
267.0347993999894	84.0	100.0
267.0527915999992	84.0	100.0
267.07316040000296	84.0	100.0
267.09331599998404	84.0	100.0
267.11233109998284	84.0	100.0
267.1330079000036	84.0	100.0
267.1535622999945	84.0	100.0
267.17642609999166	84.0	100.0
267.1932346000103	84.0	100.0
267.21364880001056	84.0	100.0
267.2337683000078	84.0	100.0
267.25402719998965	84.0	100.0
267.2742747000011	84.0	100.0
267.2935588999826	84.0	100.0
267.31393989999196	84.0	100.0
267.33354130000225	84.0	100.0
267.3537784999935	84.0	100.0
267.3738965000084	84.0	100.0
267.39351799999713	84.0	100.0
267.4136392000073	84.0	100.0
267.4341979000019	84.0	100.0
267.4535476999881	84.0	100.0
267.4738587999891	84.0	100.0
267.4940643000009	83.0	100.0
267.5140878999955	83.0	100.0
267.53430649999063	83.0	100.0
267.5539623000077	83.0	100.0
267.57370400000946	83.0	100.0
267.5937705000106	83.0	100.0
267.6142162999895	83.0	100.0
267.6341886000009	83.0	100.0
267.65405690000625	83.0	100.0
267.6774211000011	83.0	100.0
267.69358689998626	83.0	100.0
267.71435150000616	83.0	100.0
267.7337835000071	83.0	100.0
267.754305999988	83.0	100.0
267.7736644000106	83.0	100.0
267.7940519999829	83.0	100.0
267.8136222999892	83.0	100.0
267.83386909999535	83.0	100.0
267.85433440000634	83.0	100.0
267.8739176999952	83.0	100.0
267.89375779998954	83.0	100.0
267.9142387000029	83.0	100.0
267.9341749000014	83.0	100.0
267.9543061000004	83.0	100.0
267.97452409999096	83.0	100.0
267.9940678999992	83.0	100.0
268.0145244000014	83.0	100.0
268.0344398999878	83.0	100.0
268.05439659999683	83.0	100.0
268.0740836999903	83.0	100.0
268.09400320000714	83.0	100.0
268.11411190000945	83.0	100.0
268.1346712000086	83.0	100.0
268.15475879999576	83.0	100.0
268.17514310000115	83.0	100.0
268.19400240000687	83.0	100.0
268.2142833999824	83.0	100.0
268.2341416999989	83.0	100.0
268.2542589000077	83.0	100.0
268.27517700000317	83.0	100.0
268.29456760000903	83.0	100.0
268.3145550999907	83.0	100.0
268.3338029999868	83.0	100.0
268.3608438000083	83.0	100.0
268.37426089998917	83.0	100.0
268.3942660999892	83.0	100.0
268.4141057000088	83.0	100.0
268.43363059998956	83.0	100.0
268.4542486999999	83.0	100.0
268.47487989999354	83.0	100.0
268.49452859998564	82.0	100.0
268.51486779999686	82.0	100.0
268.53429280000273	82.0	100.0
268.55528269999195	82.0	100.0
268.57552929999656	82.0	100.0
268.59509449999314	82.0	100.0
268.6149393999949	82.0	100.0
268.6345396999968	82.0	100.0
268.65455000000657	82.0	100.0
268.6754973999923	82.0	100.0
268.69434089999413	82.0	100.0
268.7157952999987	82.0	100.0
268.7350952999841	82.0	100.0
268.75570300000254	82.0	100.0
268.7748786000011	82.0	100.0
268.79437319998397	82.0	100.0
268.8147583999962	82.0	100.0
268.8350892000017	82.0	100.0
268.8547152999963	82.0	100.0
268.87518199998885	82.0	100.0
268.8946311000036	82.0	100.0
268.9145799999824	82.0	100.0
268.934623499983	82.0	100.0
268.9556032999826	82.0	100.0
268.97520819999045	82.0	100.0
268.99541269999463	82.0	100.0
269.0154588999867	82.0	100.0
269.0355123000045	82.0	100.0
269.05526490000193	82.0	100.0
269.07461189999594	82.0	100.0
269.0947719000105	82.0	100.0
269.1149722999835	82.0	100.0
269.13485579998815	82.0	100.0
269.15515879998566	82.0	100.0
269.175227300002	82.0	100.0
269.19533459999366	82.0	100.0
269.21477140000206	82.0	100.0
269.234687499993	82.0	100.0
269.25477130000945	82.0	100.0
269.2752571000019	82.0	100.0
269.29526509999414	82.0	100.0
269.31595049999305	82.0	100.0
269.3349489000102	82.0	100.0
269.35540420000325	82.0	100.0
269.3748622999992	82.0	100.0
269.39515229998506	82.0	100.0
269.41509940000833	82.0	100.0
269.4352113000059	82.0	100.0
269.4552051000064	82.0	100.0
269.47632149999845	82.0	100.0
269.4949767999933	82.0	100.0
269.51526630000444	82.0	100.0
269.53485319999163	82.0	100.0
269.5553690000088	82.0	100.0
269.5757639000076	82.0	100.0
269.59554129999015	82.0	100.0
269.6151417999936	82.0	100.0
269.63531369998236	82.0	100.0
269.6555672000104	82.0	100.0
269.67586809999193	82.0	100.0
269.69615010000416	82.0	100.0
269.7154803999874	82.0	100.0
269.7354471999861	82.0	100.0
269.75499789998867	82.0	100.0
269.7753388999845	82.0	100.0
269.79488969998783	82.0	100.0
269.8158282999939	82.0	100.0
269.8361501999898	82.0	100.0
269.8561006000091	82.0	100.0
269.87717289998545	82.0	100.0
269.8963741000043	82.0	100.0
269.91603669998585	82.0	100.0
269.9360759999836	82.0	100.0
269.95650880000903	82.0	100.0
269.97611869999673	82.0	100.0
269.9955786000064	82.0	100.0
270.0160101999936	82.0	100.0
270.0362770000065	82.0	100.0
270.055867099989	82.0	100.0
270.07597479998367	82.0	100.0
270.0960247000039	82.0	100.0
270.1159655000083	82.0	100.0
270.13645729998825	82.0	100.0
270.15638359999866	82.0	100.0
270.17618989999755	82.0	100.0
270.1968612000055	82.0	100.0
270.2160496999859	82.0	100.0
270.23590289999265	82.0	100.0
270.2563550999912	82.0	100.0
270.2764360999863	82.0	100.0
270.29628340000636	82.0	100.0
270.3155528999923	82.0	100.0
270.335562399996	82.0	100.0
270.35596509999596	82.0	100.0
270.375767599995	82.0	100.0
270.3961727999849	82.0	100.0
270.4157770999882	82.0	100.0
270.4361099000089	82.0	100.0
270.45596960000694	82.0	100.0
270.4760607999924	82.0	100.0
270.49772929999745	83.0	100.0
270.5170345999941	83.0	100.0
270.5362591999874	83.0	100.0
270.55724490000284	83.0	100.0
270.57578730001114	83.0	100.0
270.59600419999333	83.0	100.0
270.6159353000112	83.0	100.0
270.6362760000047	83.0	100.0
270.65633110000635	83.0	100.0
270.6769675000105	83.0	100.0
270.6963989000069	83.0	100.0
270.717260800011	83.0	100.0
270.73690439999336	83.0	100.0
270.7576235999877	83.0	100.0
270.7757779000094	83.0	100.0
270.7960189000005	83.0	100.0
270.8159023000044	83.0	100.0
270.8360010999895	83.0	100.0
270.8567020999908	83.0	100.0
270.87564069998916	83.0	100.0
270.8957762999926	83.0	100.0
270.9167233000044	83.0	100.0
270.9359261000063	83.0	100.0
270.95787720000953	83.0	100.0
270.97590240000864	83.0	100.0
270.9965458000079	83.0	100.0
271.01593769999454	83.0	100.0
271.0364097999991	83.0	100.0
271.0559754999995	83.0	100.0
271.07592750000185	83.0	100.0
271.09590330001083	83.0	100.0
271.1165422000049	83.0	100.0
271.13606769999024	83.0	100.0
271.1570170999912	83.0	100.0
271.1777157000033	83.0	100.0
271.1960936000105	83.0	100.0
271.2170814999845	83.0	100.0
271.23674819999724	83.0	100.0
271.2571672000049	83.0	100.0
271.2771736999857	83.0	100.0
271.29673329999787	83.0	100.0
271.31610520000686	83.0	100.0
271.3361578999902	83.0	100.0
271.3575157999876	83.0	100.0
271.37725799999316	83.0	100.0
271.3974780999997	83.0	100.0
271.4168434999883	83.0	100.0
271.4372644999821	83.0	100.0
271.4572356999852	83.0	100.0
271.4772648999933	83.0	100.0
271.4973224999849	84.0	100.0
271.51805769998464	84.0	100.0
271.53780389999156	84.0	100.0
271.5574447999825	84.0	100.0
271.57708349998575	84.0	100.0
271.5985195999965	84.0	100.0
271.6176761999959	84.0	100.0
271.63777860000846	84.0	100.0
271.6575800999999	84.0	100.0
271.677677700005	84.0	100.0
271.69562769998447	84.0	100.0
271.7171474999923	84.0	100.0
271.73661130000255	84.0	100.0
271.7583405000041	84.0	100.0
271.77657369998633	84.0	100.0
271.79729089999455	84.0	100.0
271.81766139998217	84.0	100.0
271.8384604000021	84.0	100.0
271.8567556999915	84.0	100.0
271.8779424999957	84.0	100.0
271.8973999999871	84.0	100.0
271.92594310001004	84.0	100.0
271.9376068999991	84.0	100.0
271.95821479998995	84.0	100.0
271.977034999989	84.0	100.0
271.99795459999586	84.0	100.0
272.01771379998536	84.0	100.0
272.03809889999684	84.0	100.0
272.0583334999974	84.0	100.0
272.07757609998225	84.0	100.0
272.09779120000894	84.0	100.0
272.11790089998976	84.0	100.0
272.13781919999747	84.0	100.0
272.1590455999831	84.0	100.0
272.1790112000017	84.0	100.0
272.1979133999848	84.0	100.0
272.2173630000034	84.0	100.0
272.23812329999055	84.0	100.0
272.2580263999989	84.0	100.0
272.27846549998503	84.0	100.0
272.29844710000907	84.0	100.0
272.3184023000067	84.0	100.0
272.33820050000213	84.0	100.0
272.3605175999983	84.0	100.0
272.3779911999882	84.0	100.0
272.39816129999235	84.0	100.0
272.41820670000743	84.0	100.0
272.43846849998226	84.0	100.0
272.4588356000022	84.0	100.0
272.47948290000204	84.0	100.0
272.4984923999873	85.0	100.0
272.51842639999813	85.0	100.0
272.53769160000957	85.0	100.0
272.55876879999414	85.0	100.0
272.5758441000071	85.0	100.0
272.59579409999424	85.0	100.0
272.61803059998783	85.0	100.0
272.6348491999961	85.0	100.0
272.65819990000455	85.0	100.0
272.6736913000059	85.0	100.0
272.69352020000224	85.0	100.0
272.71348659999785	85.0	100.0
272.73342919998686	85.0	100.0
272.7543297999946	85.0	100.0
272.77330589998746	85.0	100.0
272.7936464000086	85.0	100.0
272.8143948999932	85.0	100.0
272.8335139999981	85.0	100.0
272.8536969999841	85.0	100.0
272.8747260000091	85.0	100.0
272.8942359999928	85.0	100.0
272.9143002000055	85.0	100.0
272.93677470000694	85.0	100.0
272.95866579998983	85.0	100.0
272.97663200000534	85.0	100.0
272.998768999998	85.0	100.0
273.01917039998807	85.0	100.0
273.03906939999433	85.0	100.0
273.0573968999961	85.0	100.0
273.07948139999644	85.0	100.0
273.09944930000347	85.0	100.0
273.11921499998425	85.0	100.0
273.1394835000101	85.0	100.0
273.15996980000637	85.0	100.0
273.1796810000087	85.0	100.0
273.1997931000078	85.0	100.0
273.2190749000001	85.0	100.0
273.2420148999954	85.0	100.0
273.2598706999852	85.0	100.0
273.28008900000714	85.0	100.0
273.2987318999949	85.0	100.0
273.31917139998404	85.0	100.0
273.3403243999928	85.0	100.0
273.35987990000285	85.0	100.0
273.38144090000424	85.0	100.0
273.3995663000096	85.0	100.0
273.4196760999912	85.0	100.0
273.43957019998925	85.0	100.0
273.4599184000108	85.0	100.0
273.47965160000604	85.0	100.0
273.49942400000873	86.0	100.0
273.5194254000089	86.0	100.0
273.53969239999424	86.0	100.0
273.5604539999913	86.0	100.0
273.57965569998487	86.0	100.0
273.59944520000136	86.0	100.0
273.6194278000039	86.0	100.0
273.6394314999925	86.0	100.0
273.65967069999897	86.0	100.0
273.67974789999425	86.0	100.0
273.69944349999423	86.0	100.0
273.72017359998426	86.0	100.0
273.7400051000004	86.0	100.0
273.7600814999896	86.0	100.0
273.7800642999937	86.0	100.0
273.7999073000101	86.0	100.0
273.82005439998466	86.0	100.0
273.8397018999967	86.0	100.0
273.86238770000637	86.0	100.0
273.876992000005	86.0	100.0
273.89458049999666	86.0	100.0
273.9148420999991	86.0	100.0
273.93498940000427	86.0	100.0
273.9562118999893	86.0	100.0
273.97662010000204	86.0	100.0
273.99700919998577	86.0	100.0
274.01758809998864	86.0	100.0
274.0379555999825	86.0	100.0
274.06028979999246	86.0	100.0
274.08057779999217	86.0	100.0
274.10013139998773	86.0	100.0
274.1201568999968	86.0	100.0
274.140330299997	86.0	100.0
274.1612669999886	86.0	100.0
274.17970259999856	86.0	100.0
274.20083260000683	86.0	100.0
274.22113610000815	86.0	100.0
274.24067020000075	86.0	100.0
274.2598086000071	86.0	100.0
274.2800753999909	86.0	100.0
274.2998345000087	86.0	100.0
274.31990229999064	86.0	100.0
274.3398900000029	86.0	100.0
274.36134199998924	86.0	100.0
274.3797129000013	86.0	100.0
274.3999297999835	86.0	100.0
274.419925299997	86.0	100.0
274.440199500008	86.0	100.0
274.45991360000335	86.0	100.0
274.4846062999859	86.0	100.0
274.4996812999889	87.0	100.0
274.5201299999899	87.0	100.0
274.53955399998813	87.0	100.0
274.5606458999973	87.0	100.0
274.5799350999878	87.0	100.0
274.5999834999966	87.0	100.0
274.62003669998376	87.0	100.0
274.64067200000864	87.0	100.0
274.6601953000063	87.0	100.0
274.6801482999872	87.0	100.0
274.7001320999989	87.0	100.0
274.7226973999932	87.0	100.0
274.73986090000835	87.0	100.0
274.76102959999116	87.0	100.0
274.78078339999774	87.0	100.0
274.80114389999653	87.0	100.0
274.8206782999914	87.0	100.0
274.84091450000415	87.0	100.0
274.8608877999941	87.0	100.0
274.8799383000005	87.0	100.0
274.89938069999334	87.0	100.0
274.9210470999824	87.0	100.0
274.9407266000053	87.0	100.0
274.961109099997	87.0	100.0
274.9807165999955	87.0	100.0
275.0015116999857	87.0	100.0
275.02066849998664	87.0	100.0
275.0410525999905	87.0	100.0
275.0609687999822	87.0	100.0
275.08112509999773	87.0	100.0
275.10089619999053	87.0	100.0
275.1208280999854	87.0	100.0
275.14196249999804	87.0	100.0
275.16091959999176	87.0	100.0
275.1807790999883	87.0	100.0
275.2006440999976	87.0	100.0
275.2206116000016	87.0	100.0
275.24103549998836	87.0	100.0
275.2612681000028	87.0	100.0
275.2810246000008	87.0	100.0
275.3013241000008	87.0	100.0
275.3214229999867	87.0	100.0
275.3409840000095	87.0	100.0
275.3619238999963	87.0	100.0
275.3810580999998	87.0	100.0
275.4015919000085	87.0	100.0
275.42120399998385	87.0	100.0
275.4413629999908	87.0	100.0
275.46117819999927	87.0	100.0
275.4828081000014	87.0	100.0
275.5018959000008	87.0	100.0
275.5216387999826	87.0	100.0
275.5420929999964	87.0	100.0
275.5620125999849	87.0	100.0
275.58161970000947	87.0	100.0
275.6022995999956	87.0	100.0
275.62180299998727	87.0	100.0
275.64196400000947	87.0	100.0
275.6622045999975	87.0	100.0
275.6815984999994	87.0	100.0
275.7008010999998	87.0	100.0
275.7233201999916	87.0	100.0
275.74091729999054	87.0	100.0
275.76183969998965	87.0	100.0
275.78272019998985	87.0	100.0
275.8003527999972	87.0	100.0
275.8208744000003	87.0	100.0
275.8413314000063	87.0	100.0
275.8631221000105	87.0	100.0
275.88213039998664	87.0	100.0
275.90215189999435	87.0	100.0
275.92189219998545	87.0	100.0
275.9411221999908	87.0	100.0
275.9622892999905	87.0	100.0
275.982263199985	87.0	100.0
276.0021753000037	87.0	100.0
276.0218879999884	87.0	100.0
276.0420492999838	87.0	100.0
276.0621120999858	87.0	100.0
276.0821370999911	87.0	100.0
276.10197679998237	87.0	100.0
276.1221332999994	87.0	100.0
276.14209959999425	87.0	100.0
276.16220369999064	87.0	100.0
276.1822716000024	87.0	100.0
276.20334139998886	87.0	100.0
276.2218845000025	87.0	100.0
276.24209580000024	87.0	100.0
276.26282259999425	87.0	100.0
276.28269540000474	87.0	100.0
276.30153289999	87.0	100.0
276.32392160000745	87.0	100.0
276.34211369999684	87.0	100.0
276.3622561999946	87.0	100.0
276.3830820999865	87.0	100.0
276.4021345000074	87.0	100.0
276.4230045999866	87.0	100.0
276.4429613999964	87.0	100.0
276.46280740000657	87.0	100.0
276.4834811000037	87.0	100.0
276.5026008999848	87.0	100.0
276.5228090999881	87.0	100.0
276.54248070000904	87.0	100.0
276.5632612000045	87.0	100.0
276.58240139999543	87.0	100.0
276.6016086000018	87.0	100.0
276.62152280000737	87.0	100.0
276.64250869999523	87.0	100.0
276.66235840000445	87.0	100.0
276.68270309999934	87.0	100.0
276.70193270000163	87.0	100.0
276.7221927999926	87.0	100.0
276.74230099999113	87.0	100.0
276.7631187000079	87.0	100.0
276.78208689999883	87.0	100.0
276.8014474000083	87.0	100.0
276.8217339999974	87.0	100.0
276.84252629999537	87.0	100.0
276.8627407999884	87.0	100.0
276.8824661000108	87.0	100.0
276.9030375999864	87.0	100.0
276.9226139000093	87.0	100.0
276.9431254999945	87.0	100.0
276.9628792000003	87.0	100.0
276.9826402000035	87.0	100.0
277.0026016999909	87.0	100.0
277.0243334999832	87.0	100.0
277.0445519000059	87.0	100.0
277.06288539999514	87.0	100.0
277.0831374999834	87.0	100.0
277.10253860001103	87.0	100.0
277.12258080000174	87.0	100.0
277.1430544999894	87.0	100.0
277.1636775000079	87.0	100.0
277.1832029999932	87.0	100.0
277.2025793000066	87.0	100.0
277.22275990000344	87.0	100.0
277.2424437000009	87.0	100.0
277.2588706999959	87.0	100.0
277.2777962000109	87.0	100.0
277.29779340000823	87.0	100.0
277.3200375000015	87.0	100.0
277.3450954	87.0	100.0
277.3655893999967	87.0	100.0
277.38494039999205	87.0	100.0
277.40626280001015	87.0	100.0
277.4254091999901	87.0	100.0
277.4459840999916	87.0	100.0
277.4664913000015	87.0	100.0
277.4871099999873	87.0	100.0
277.50649860000703	87.0	100.0
277.52629030001117	87.0	100.0
277.54439110000385	87.0	100.0
277.56768710000324	87.0	100.0
277.58686779998243	87.0	100.0
277.6063357999956	87.0	100.0
277.6256235000037	87.0	100.0
277.6464672999864	87.0	100.0
277.6671871999861	87.0	100.0
277.68777019999106	87.0	100.0
277.706323099992	87.0	100.0
277.72847259999253	87.0	100.0
277.74618439999176	87.0	100.0
277.76732320000883	87.0	100.0
277.7852378000098	87.0	100.0
277.8075654999993	87.0	100.0
277.82778669998515	87.0	100.0
277.8468472000095	87.0	100.0
277.86695679998957	87.0	100.0
277.8870018000016	87.0	100.0
277.90821769999457	87.0	100.0
277.9265880000021	87.0	100.0
277.9474232000066	87.0	100.0
277.9669161000056	87.0	100.0
277.9866489999986	87.0	100.0
278.0076846999873	87.0	100.0
278.02591110000503	87.0	100.0
278.04559259998496	87.0	100.0
278.0670458000095	87.0	100.0
278.08757539998624	87.0	100.0
278.1082393999968	87.0	100.0
278.1268682999944	87.0	100.0
278.1443118999887	87.0	100.0
278.1671551000036	87.0	100.0
278.18683960000635	87.0	100.0
278.20664509999915	87.0	100.0
278.2253017000039	87.0	100.0
278.2469629999832	87.0	100.0
278.26669749998837	87.0	100.0
278.28885409998475	87.0	100.0
278.30597349998425	87.0	100.0
278.3268468999886	87.0	100.0
278.34647349998704	87.0	100.0
278.3669147999899	87.0	100.0
278.38709430000745	87.0	100.0
278.40613270000904	87.0	100.0
278.42825689999154	87.0	100.0
278.4496186999895	87.0	100.0
278.46464980000746	87.0	100.0
278.4909589999879	87.0	100.0
278.5050908999983	85.0	100.0
278.5245995000005	85.0	100.0
278.54531779998797	85.0	100.0
278.56633830000646	85.0	100.0
278.58651920000557	85.0	100.0
278.6056177999999	85.0	100.0
278.62567849998595	85.0	100.0
278.6468865000061	85.0	100.0
278.6662537000084	85.0	100.0
278.6864906999981	85.0	100.0
278.70697679999284	85.0	100.0
278.7268904999946	85.0	100.0
278.7464672999922	85.0	100.0
278.7668068000057	85.0	100.0
278.78646139998455	85.0	100.0
278.8067781999998	85.0	100.0
278.82972720000544	85.0	100.0
278.84767339998507	85.0	100.0
278.8663047000009	85.0	100.0
278.8849976999918	85.0	100.0
278.90466470000683	85.0	100.0
278.9231613999873	85.0	100.0
278.94325340000796	85.0	100.0
278.96433699998306	85.0	100.0
278.9839091000031	85.0	100.0
279.0030192999984	85.0	100.0
279.02323510000133	85.0	100.0
279.04254970001057	85.0	100.0
279.0635967999988	85.0	100.0
279.0828674999939	85.0	100.0
279.1051218000066	85.0	100.0
279.12441409999155	85.0	100.0
279.14412829998764	85.0	100.0
279.16740589999245	85.0	100.0
279.1833548999857	85.0	100.0
279.2065755999938	85.0	100.0
279.2235418999917	85.0	100.0
279.2434595999948	85.0	100.0
279.26719819998834	85.0	100.0
279.2831246999849	85.0	100.0
279.30514559999574	85.0	100.0
279.3242127999838	85.0	100.0
279.34432299999753	85.0	100.0
279.36543299999903	85.0	100.0
279.3866879999987	85.0	100.0
279.4044062999892	85.0	100.0
279.42709389998345	85.0	100.0
279.4465812999988	85.0	100.0
279.46530489998986	85.0	100.0
279.4876375999884	85.0	100.0
279.50549929999397	85.0	100.0
279.5270237000077	85.0	100.0
279.54787360000773	85.0	100.0
279.5678287000046	85.0	100.0
279.58813139999984	85.0	100.0
279.6078076999984	85.0	100.0
279.6267923999985	85.0	100.0
279.6477683999983	85.0	100.0
279.6680217999965	85.0	100.0
279.68802460000734	85.0	100.0
279.70715430000564	85.0	100.0
279.72697429999243	85.0	100.0
279.7466138000018	85.0	100.0
279.76777259999653	85.0	100.0
279.78620729999966	85.0	100.0
279.8073880999873	85.0	100.0
279.8271914999932	85.0	100.0
279.8468714999908	85.0	100.0
279.86741820001043	85.0	100.0
279.88911729998654	85.0	100.0
279.9071799000085	85.0	100.0
279.9281200999976	85.0	100.0
279.9484914999921	85.0	100.0
279.96790439999313	85.0	100.0
279.98860690000583	85.0	100.0
280.00853220000863	85.0	100.0
280.0302393999882	85.0	100.0
280.0484148999967	85.0	100.0
280.0684803999902	85.0	100.0
280.0884881000093	85.0	100.0
280.10863539998536	85.0	100.0
280.12833179999143	85.0	100.0
280.1466900999949	85.0	100.0
280.1707854999986	85.0	100.0
280.18798630000674	85.0	100.0
280.20843569998397	85.0	100.0
280.225120099989	85.0	100.0
280.2448244999978	85.0	100.0
280.2634676999878	85.0	100.0
280.28570589999435	85.0	100.0
280.3083426000085	85.0	100.0
280.3272414999956	85.0	100.0
280.3483634000004	85.0	100.0
280.36908820000826	85.0	100.0
280.38778429999365	85.0	100.0
280.4078714000061	85.0	100.0
280.4284059999918	85.0	100.0
280.4488915000111	85.0	100.0
280.4685163999966	85.0	100.0
280.4885865999968	85.0	100.0
280.50905610001064	84.0	100.0
280.52937850001035	84.0	100.0
280.5487004999886	84.0	100.0
280.56894989998545	84.0	100.0
280.5884444999974	84.0	100.0
280.6080302000046	84.0	100.0
280.62698529998306	84.0	100.0
280.6486464999907	84.0	100.0
280.6688838999835	84.0	100.0
280.6884810999909	84.0	100.0
280.7082480000099	84.0	100.0
280.73205620000954	84.0	100.0
280.7485527000099	84.0	100.0
280.77020040000207	84.0	100.0
280.7882161999878	84.0	100.0
280.80855789998895	84.0	100.0
280.82824569998775	84.0	100.0
280.84899530000985	84.0	100.0
280.8686474999995	84.0	100.0
280.8888525000075	84.0	100.0
280.908001600008	84.0	100.0
280.9284541000088	84.0	100.0
280.9485083000036	84.0	100.0
280.9687947999919	84.0	100.0
280.9878430000099	84.0	100.0
281.0080103999935	84.0	100.0
281.0289390000107	84.0	100.0
281.0495785000094	84.0	100.0
281.06849899998633	84.0	100.0
281.08859729999676	84.0	100.0
281.1094332000066	84.0	100.0
281.1292204000056	84.0	100.0
281.14875150000444	84.0	100.0
281.16909380001016	84.0	100.0
281.18986179999774	84.0	100.0
281.20880860000034	84.0	100.0
281.2287478999933	84.0	100.0
281.2493461999984	84.0	100.0
281.26849749998655	84.0	100.0
281.28803419999895	84.0	100.0
281.3081327000109	84.0	100.0
281.32848419999937	84.0	100.0
281.34828720000223	84.0	100.0
281.36858169999323	84.0	100.0
281.38831189999473	84.0	100.0
281.4081407999911	84.0	100.0
281.4279009999882	84.0	100.0
281.44808559998637	84.0	100.0
281.4684128999943	84.0	100.0
281.4898972999945	84.0	100.0
281.5085493999941	83.0	100.0
281.52824710001005	83.0	100.0
281.5482956999913	83.0	100.0
281.5683927999926	83.0	100.0
281.58828739999444	83.0	100.0
281.6090381999966	83.0	100.0
281.6290500999894	83.0	100.0
281.64910260000033	83.0	100.0
281.66910749999806	83.0	100.0
281.68944190000184	83.0	100.0
281.7087704000005	83.0	100.0
281.72890849999385	83.0	100.0
281.7482730000047	83.0	100.0
281.769546800002	83.0	100.0
281.7884611999907	83.0	100.0
281.8091897999984	83.0	100.0
281.82913959998405	83.0	100.0
281.84953939999104	83.0	100.0
281.8698538999888	83.0	100.0
281.88858329999493	83.0	100.0
281.9081967000093	83.0	100.0
281.9321113000042	83.0	100.0
281.95331270000315	83.0	100.0
281.9697054999997	83.0	100.0
281.98515160000534	83.0	100.0
282.00462719998905	83.0	100.0
282.0250734000001	83.0	100.0
282.0472281000111	83.0	100.0
282.0664606000064	83.0	100.0
282.087563899986	83.0	100.0
282.10738679999486	83.0	100.0
282.12789040000644	83.0	100.0
282.1487235999957	83.0	100.0
282.1693113000074	83.0	100.0
282.1887901999871	83.0	100.0
282.2092490000068	83.0	100.0
282.2289138000051	83.0	100.0
282.249086900003	83.0	100.0
282.2693244999973	83.0	100.0
282.28916379998554	83.0	100.0
282.30905670000357	83.0	100.0
282.3290541000024	83.0	100.0
282.3492660000047	83.0	100.0
282.3694026999874	83.0	100.0
282.3891295999929	83.0	100.0
282.4090980000037	83.0	100.0
282.4294830999861	83.0	100.0
282.4484325000085	83.0	100.0
282.47108119999757	83.0	100.0
282.48798259999603	83.0	100.0
282.50806669998565	83.0	100.0
282.5284456000081	83.0	100.0
282.54953689998365	83.0	100.0
282.5702206999995	83.0	100.0
282.5889463000058	83.0	100.0
282.60707379999803	83.0	100.0
282.62646249998943	83.0	100.0
282.6465546999825	83.0	100.0
282.6658875999856	83.0	100.0
282.6877297000028	83.0	100.0
282.70621609999216	83.0	100.0
282.72722760000033	83.0	100.0
282.7478434999939	83.0	100.0
282.76907370000845	83.0	100.0
282.7902029999823	83.0	100.0
282.8098406000063	83.0	100.0
282.8257699999958	83.0	100.0
282.84955340001034	83.0	100.0
282.8698896999995	83.0	100.0
282.8898094999895	83.0	100.0
282.9093479999865	83.0	100.0
282.9301090000081	83.0	100.0
282.94777130000875	83.0	100.0
282.96816439999384	83.0	100.0
282.98705419999897	83.0	100.0
283.0074399999867	83.0	100.0
283.02432560001034	83.0	100.0
283.0499822999991	83.0	100.0
283.0722187999927	83.0	100.0
283.0901417999994	83.0	100.0
283.1099692999851	83.0	100.0
283.12974080001004	83.0	100.0
283.150189899985	83.0	100.0
283.17421399999876	83.0	100.0
283.18936109999777	83.0	100.0
283.2089924000029	83.0	100.0
283.228686699993	83.0	100.0
283.24944710001	83.0	100.0
283.27035209999303	83.0	100.0
283.2906122999848	83.0	100.0
283.31008689999	83.0	100.0
283.3299706999969	83.0	100.0
283.35000020000734	83.0	100.0
283.3704399999988	83.0	100.0
283.3900854999956	83.0	100.0
283.4104928000015	83.0	100.0
283.43158750000293	83.0	100.0
283.4504781999858	83.0	100.0
283.47066960000666	83.0	100.0
283.49290509999264	83.0	100.0
283.5099542000098	84.0	100.0
283.5309974999982	84.0	100.0
283.54945150000276	84.0	100.0
283.5706475999905	84.0	100.0
283.58952179999324	84.0	100.0
283.6112141000049	84.0	100.0
283.63084040000103	84.0	100.0
283.6512706000067	84.0	100.0
283.67092820000835	84.0	100.0
283.6925099999935	84.0	100.0
283.71159449999686	84.0	100.0
283.73159049998503	84.0	100.0
283.7524676999892	84.0	100.0
283.7705682000087	84.0	100.0
283.79006140001	84.0	100.0
283.8091918999853	84.0	100.0
283.82984900000156	84.0	100.0
283.85053550000885	84.0	100.0
283.8702917000046	84.0	100.0
283.89238599999226	84.0	100.0
283.9112460000033	84.0	100.0
283.9294774000009	84.0	100.0
283.95001159998355	84.0	100.0
283.9705238000024	84.0	100.0
283.99023319999105	84.0	100.0
284.01047259999905	84.0	100.0
284.0313343000016	84.0	100.0
284.0505068000057	84.0	100.0
284.072299499996	84.0	100.0
284.09041830000933	84.0	100.0
284.1102642999904	84.0	100.0
284.13061009999365	84.0	100.0
284.1502360999875	84.0	100.0
284.17112300000736	84.0	100.0
284.1908535999828	84.0	100.0
284.21084189999965	84.0	100.0
284.23101529999985	84.0	100.0
284.25136229998316	84.0	100.0
284.2704931999906	84.0	100.0
284.2904055999825	84.0	100.0
284.31079540000064	84.0	100.0
284.3311095999961	84.0	100.0
284.35089669999434	84.0	100.0
284.37208709999686	84.0	100.0
284.3914991999918	84.0	100.0
284.410727200011	84.0	100.0
284.43065779999597	84.0	100.0
284.4513211000012	84.0	100.0
284.47081480000634	84.0	100.0
284.4921403999906	84.0	100.0
284.51205369998934	84.0	100.0
284.5321069000056	84.0	100.0
284.5509033999988	84.0	100.0
284.5718867999967	84.0	100.0
284.59114269999554	84.0	100.0
284.612263899995	84.0	100.0
284.6332313999883	84.0	100.0
284.65095059998566	84.0	100.0
284.67093279998517	84.0	100.0
284.6906250999891	84.0	100.0
284.71126340000774	84.0	100.0
284.7309590000077	84.0	100.0
284.7521168999956	84.0	100.0
284.7719519000093	84.0	100.0
284.7928452999913	84.0	100.0
284.81118429999333	84.0	100.0
284.83095040000626	84.0	100.0
284.85221589999855	84.0	100.0
284.87126670000725	84.0	100.0
284.89111979998415	84.0	100.0
284.91086370000266	84.0	100.0
284.93118640000466	84.0	100.0
284.9514136000071	84.0	100.0
284.9728815999988	84.0	100.0
284.99096619998454	84.0	100.0
285.00924620000296	84.0	100.0
285.0288816000102	84.0	100.0
285.0507190999924	84.0	100.0
285.07232859998476	84.0	100.0
285.0912127000047	84.0	100.0
285.1102191999962	84.0	100.0
285.13319860000047	84.0	100.0
285.1519905999885	84.0	100.0
285.1723515999911	84.0	100.0
285.1920586999913	84.0	100.0
285.2123884999892	84.0	100.0
285.22824150000815	84.0	100.0
285.24843979999423	84.0	100.0
285.26802429999225	84.0	100.0
285.28779490001034	84.0	100.0
285.3114260000002	84.0	100.0
285.32889919998706	84.0	100.0
285.35039400000824	84.0	100.0
285.3669593000086	84.0	100.0
285.3868768000102	84.0	100.0
285.40680279998924	84.0	100.0
285.4270098999841	84.0	100.0
285.4477826000075	84.0	100.0
285.46908569999505	84.0	100.0
285.4911923999898	84.0	100.0
285.5096113999898	84.0	100.0
285.5303559000022	84.0	100.0
285.5502506000048	84.0	100.0
285.5730784999905	84.0	100.0
285.59197909999057	84.0	100.0
285.6116919000051	84.0	100.0
285.6325097999943	84.0	100.0
285.65226729999995	84.0	100.0
285.6716540000052	84.0	100.0
285.6917151999951	84.0	100.0
285.7116003999836	84.0	100.0
285.7324241999886	84.0	100.0
285.752542000002	84.0	100.0
285.77286870000535	84.0	100.0
285.7917024999915	84.0	100.0
285.8116164999956	84.0	100.0
285.831568900001	84.0	100.0
285.85133649999625	84.0	100.0
285.8743404999841	84.0	100.0
285.89080239998293	84.0	100.0
285.9113667999918	84.0	100.0
285.9317063000053	84.0	100.0
285.95181160001084	84.0	100.0
285.9721076999849	84.0	100.0
285.9919998999976	84.0	100.0
286.0117762000009	84.0	100.0
286.0318784999836	84.0	100.0
286.0519418999902	84.0	100.0
286.07243420000304	84.0	100.0
286.0918051000044	84.0	100.0
286.11301569998614	84.0	100.0
286.13166129999445	84.0	100.0
286.1534951000067	84.0	100.0
286.1733249000099	84.0	100.0
286.1919929999858	84.0	100.0
286.21200569998473	84.0	100.0
286.23236639998504	84.0	100.0
286.2526605000021	84.0	100.0
286.2729796000058	84.0	100.0
286.2926801999856	84.0	100.0
286.3135105999827	84.0	100.0
286.3329567000037	84.0	100.0
286.3523622000066	84.0	100.0
286.3741561000061	84.0	100.0
286.3927641999908	84.0	100.0
286.4130296999938	84.0	100.0
286.43296569999075	84.0	100.0
286.4529826999933	84.0	100.0
286.4739042999863	84.0	100.0
286.49340030000894	84.0	100.0
286.5132108000107	83.0	100.0
286.53293519999715	83.0	100.0
286.55298989999574	83.0	100.0
286.57372240000404	83.0	100.0
286.59252199999173	83.0	100.0
286.61202599998796	83.0	100.0
286.63312899999437	83.0	100.0
286.652800699987	83.0	100.0
286.67277370000375	83.0	100.0
286.6934115999902	83.0	100.0
286.7130710000056	83.0	100.0
286.7328817000089	83.0	100.0
286.7520591999928	83.0	100.0
286.7732147999923	83.0	100.0
286.7928574999969	83.0	100.0
286.8131819999835	83.0	100.0
286.8332502999983	83.0	100.0
286.85273049998796	83.0	100.0
286.87288889999036	83.0	100.0
286.8934353000077	83.0	100.0
286.912676500011	83.0	100.0
286.933477899991	83.0	100.0
286.95260099999723	83.0	100.0
286.97356739998213	83.0	100.0
286.99308280000696	83.0	100.0
287.01348829999915	83.0	100.0
287.03317839998635	83.0	100.0
287.0530955999857	83.0	100.0
287.0735730000015	83.0	100.0
287.09363550000126	83.0	100.0
287.11333570000716	83.0	100.0
287.13349539999035	83.0	100.0
287.1528057999967	83.0	100.0
287.1732371999824	83.0	100.0
287.19326529998216	83.0	100.0
287.2133550999861	83.0	100.0
287.2330332999991	83.0	100.0
287.2524935999827	83.0	100.0
287.2754192999855	83.0	100.0
287.2928960999998	83.0	100.0
287.31312859998434	83.0	100.0
287.3325748000061	83.0	100.0
287.35241439999663	83.0	100.0
287.3733176999958	83.0	100.0
287.3929683000024	83.0	100.0
287.4124004000041	83.0	100.0
287.433220899984	83.0	100.0
287.45328169999993	83.0	100.0
287.47344679999514	83.0	100.0
287.495179199992	83.0	100.0
287.5148361999891	0.0	100.0
287.53320249999524	0.0	100.0
287.5531475000025	0.0	100.0
287.57333949999884	0.0	100.0
287.5931724999973	0.0	100.0
287.6146594999882	0.0	100.0
287.6329742000089	0.0	100.0
287.6538237000059	0.0	100.0
287.6740429000056	0.0	100.0
287.6933832000068	0.0	100.0
287.7133920000051	0.0	100.0
287.73327299999073	0.0	100.0
287.753821899998	0.0	100.0
287.7766719000065	0.0	100.0
287.79334969999036	0.0	100.0
287.81367549998686	0.0	100.0
287.8345696000033	0.0	100.0
287.8541206000082	0.0	100.0
287.8772490999836	0.0	100.0
287.8942158999853	0.0	100.0
287.91503800000646	0.0	100.0
287.9337400000077	0.0	100.0
287.9537593999994	0.0	100.0
287.9755623000092	0.0	100.0
287.9940083999827	0.0	100.0
288.01643240000703	0.0	100.0
288.0320895999903	0.0	100.0
288.0535872000037	0.0	100.0
288.07309940000414	0.0	100.0
288.0941751000064	0.0	100.0
288.1159822999907	0.0	100.0
288.1345825000026	0.0	100.0
288.1542812999978	0.0	100.0
288.1745993999939	0.0	100.0
288.1943580000079	0.0	100.0
288.2152141999977	0.0	100.0
288.23289909999585	0.0	100.0
288.252937799989	0.0	100.0
288.2742295000062	0.0	100.0
288.29315459998907	0.0	100.0
288.31518879998475	0.0	100.0
288.33499870001106	0.0	100.0
288.3544343000103	0.0	100.0
288.3745132999902	0.0	100.0
288.3970277000044	0.0	100.0
288.4131114000047	0.0	100.0
288.43403040000703	0.0	100.0
288.4541954000015	0.0	100.0
288.474226499995	0.0	100.0
288.49533629999496	0.0	100.0
288.5152024999843	82.0	100.0
288.53457319998415	82.0	100.0
288.5532632000104	82.0	100.0
288.57517820000066	82.0	100.0
288.59605019999435	82.0	100.0
288.61428290000185	82.0	100.0
288.63428090000525	82.0	100.0
288.654501299985	82.0	100.0
288.67418790000374	82.0	100.0
288.694396899984	82.0	100.0
288.7145492999989	82.0	100.0
288.73469879999175	82.0	100.0
288.7541072999884	82.0	100.0
288.77529109999887	82.0	100.0
288.79458509999677	82.0	100.0
288.8146026000031	82.0	100.0
288.8364564999938	82.0	100.0
288.85577679998823	82.0	100.0
288.8750291999895	82.0	100.0
288.89491689999704	82.0	100.0
288.9150265000062	82.0	100.0
288.9351303000003	82.0	100.0
288.95473850000417	82.0	100.0
288.97584100000677	82.0	100.0
288.99485039999126	82.0	100.0
289.01482819998637	82.0	100.0
289.036658099998	82.0	100.0
289.05516829999397	82.0	100.0
289.07478830000036	82.0	100.0
289.0947556000028	82.0	100.0
289.1143471999967	82.0	100.0
289.13456109998515	82.0	100.0
289.1548933000013	82.0	100.0
289.17567989998497	82.0	100.0
289.1940401000029	82.0	100.0
289.2143203000014	82.0	100.0
289.23325230000773	82.0	100.0
289.2521715000039	82.0	100.0
289.272854299983	82.0	100.0
289.29516489998787	82.0	100.0
289.3147095000022	82.0	100.0
289.33578399999533	82.0	100.0
289.3542801000003	82.0	100.0
289.3761675999849	82.0	100.0
289.3951462999976	82.0	100.0
289.4160228999972	82.0	100.0
289.43628540000645	82.0	100.0
289.45596469999873	82.0	100.0
289.4764178000041	82.0	100.0
289.4956104999874	82.0	100.0
289.51710820000153	82.0	100.0
289.53511399999843	82.0	100.0
289.55579600000056	82.0	100.0
289.5764717999846	82.0	100.0
289.5981170999876	82.0	100.0
289.6159946999978	82.0	100.0
289.6357563000056	82.0	100.0
289.6565375000064	82.0	100.0
289.6741683	82.0	100.0
289.69830950000323	82.0	100.0
289.7150643999921	82.0	100.0
289.7350366000028	82.0	100.0
289.7566083999991	82.0	100.0
289.7767069999827	82.0	100.0
289.796365599992	82.0	100.0
289.81682089998503	82.0	100.0
289.8363027999876	82.0	100.0
289.85836889999337	82.0	100.0
289.8787755999947	82.0	100.0
289.89436289999867	82.0	100.0
289.91631120000966	82.0	100.0
289.9363824999891	82.0	100.0
289.95811129998765	82.0	100.0
289.9769818999921	82.0	100.0
289.9963541000034	82.0	100.0
290.0169370000076	82.0	100.0
290.0362529999984	82.0	100.0
290.05753849999746	82.0	100.0
290.07696010000654	82.0	100.0
290.0964266000083	82.0	100.0
290.1165000000037	82.0	100.0
290.1359032999899	82.0	100.0
290.1548748000059	82.0	100.0
290.1763399000047	82.0	100.0
290.19952829999966	82.0	100.0
290.21712789998855	82.0	100.0
290.235757699993	82.0	100.0
290.2560632000095	82.0	100.0
290.2762750000111	82.0	100.0
290.2962382999831	82.0	100.0
290.31953959999373	82.0	100.0
290.3353508999862	82.0	100.0
290.35670840000967	82.0	100.0
290.37682489998406	82.0	100.0
290.39670670000487	82.0	100.0
290.41629980001017	82.0	100.0
290.43644630000927	82.0	100.0
290.45699129998684	82.0	100.0
290.4771810999955	82.0	100.0
290.497466300003	82.0	100.0
290.51722539999173	82.0	100.0
290.53697680000914	82.0	100.0
290.55711940000765	82.0	100.0
290.57702319999225	82.0	100.0
290.5967643999902	82.0	100.0
290.6164984999923	82.0	100.0
290.6370593000029	82.0	100.0
290.6675757000048	82.0	100.0
290.67709680000553	82.0	100.0
290.69761269999435	82.0	100.0
290.71643890000996	82.0	100.0
290.7370116999955	82.0	100.0
290.75714279999374	82.0	100.0
290.779171400005	82.0	100.0
290.7970866999822	82.0	100.0
290.81711010000436	82.0	100.0
290.83680359998834	82.0	100.0
290.85719199999585	82.0	100.0
290.87698120001005	82.0	100.0
290.8970282000082	82.0	100.0
290.91690270000254	82.0	100.0
290.9370154000062	82.0	100.0
290.95713619998423	82.0	100.0
290.97712659998797	82.0	100.0
290.99772179999854	82.0	100.0
291.0170477000065	82.0	100.0
291.0366604999872	82.0	100.0
291.0584012999898	82.0	100.0
291.07928519998677	82.0	100.0
291.09729669999797	82.0	100.0
291.11704710000777	82.0	100.0
291.13796309998725	82.0	100.0
291.1567495999916	82.0	100.0
291.1772781999898	82.0	100.0
291.1973075999995	82.0	100.0
291.21668499999214	82.0	100.0
291.23677200000384	82.0	100.0
291.25736139999935	82.0	100.0
291.27689400000963	82.0	100.0
291.2985044000088	82.0	100.0
291.3180355000077	82.0	100.0
291.33635699999286	82.0	100.0
291.3560617000039	82.0	100.0
291.3765091999958	82.0	100.0
291.3973510999931	82.0	100.0
291.4166474000085	82.0	100.0
291.4368658000021	82.0	100.0
291.4563453999872	82.0	100.0
291.4764196999895	82.0	100.0
291.4972724999825	82.0	100.0
291.51686440000776	83.0	100.0
291.5363149000041	83.0	100.0
291.5562684999895	83.0	100.0
291.5777787999832	83.0	100.0
291.59735550000914	83.0	100.0
291.61706469999626	83.0	100.0
291.6364356999984	83.0	100.0
291.65619629999856	83.0	100.0
291.67772360000527	83.0	100.0
291.69887299998663	83.0	100.0
291.71775089998846	83.0	100.0
291.7368644000089	83.0	100.0
291.75672750000376	83.0	100.0
291.77716409999994	83.0	100.0
291.79774439998437	83.0	100.0
291.81699399999343	83.0	100.0
291.8374222999846	83.0	100.0
291.85727479998604	83.0	100.0
291.87893050001003	83.0	100.0
291.8984605000005	83.0	100.0
291.91744829999516	83.0	100.0
291.93746180000016	83.0	100.0
291.9571761999978	83.0	100.0
291.9778937000083	83.0	100.0
291.99814630000037	83.0	100.0
292.01765609998256	83.0	100.0
292.0373890000046	83.0	100.0
292.05706170000485	83.0	100.0
292.0775573999854	83.0	100.0
292.0986344999983	83.0	100.0
292.11774210000294	83.0	100.0
292.13796960000764	83.0	100.0
292.1565614999854	83.0	100.0
292.17754740000237	83.0	100.0
292.19650329998694	83.0	100.0
292.21614790000604	83.0	100.0
292.2370302999916	83.0	100.0
292.25717689999146	83.0	100.0
292.2771078000078	83.0	100.0
292.2966829999932	83.0	100.0
292.31722679999075	83.0	100.0
292.3362918999919	83.0	100.0
292.357107799995	83.0	100.0
292.3775827999925	83.0	100.0
292.39677560000564	83.0	100.0
292.41753030000837	83.0	100.0
292.4365870000038	83.0	100.0
292.4564976999827	83.0	100.0
292.482514000003	83.0	100.0
292.49972049999633	83.0	100.0
292.51860569999553	81.0	100.0
292.5365524000081	81.0	100.0
292.55753160000313	81.0	100.0
292.5773625999864	81.0	100.0
292.59781810001004	81.0	100.0
292.61751569999615	81.0	100.0
292.63752590000513	81.0	100.0
292.6575351000065	81.0	100.0
292.6774960999901	81.0	100.0
292.6972287000099	81.0	100.0
292.7179271999921	81.0	100.0
292.73781489999965	81.0	100.0
292.76020150000113	81.0	100.0
292.77833329999703	81.0	100.0
292.797504999995	81.0	100.0
292.81747879998875	81.0	100.0
292.8375175999827	81.0	100.0
292.85616409999784	81.0	100.0
292.8778144000098	81.0	100.0
292.89749820000725	81.0	100.0
292.9175363999966	81.0	100.0
292.9381711999886	81.0	100.0
292.9573977999971	81.0	100.0
292.97811319999164	81.0	100.0
292.99724490000517	81.0	100.0
293.0173044000112	81.0	100.0
293.0380431000085	81.0	100.0
293.05743819999043	81.0	100.0
293.0778398999828	81.0	100.0
293.09676640000544	81.0	100.0
293.11963749999995	81.0	100.0
293.1372377999942	81.0	100.0
293.1568272000004	81.0	100.0
293.1781061000074	81.0	100.0
293.1974484999955	81.0	100.0
293.2166137000022	81.0	100.0
293.23676080000587	81.0	100.0
293.25724959999206	81.0	100.0
293.2772896999959	81.0	100.0
293.2971702000068	81.0	100.0
293.3167917999963	81.0	100.0
293.33770319999894	81.0	100.0
293.35938159999205	81.0	100.0
293.3774781000102	81.0	100.0
293.3972572000057	81.0	100.0
293.418502799992	81.0	100.0
293.4396374000062	81.0	100.0
293.45864090000396	81.0	100.0
293.47870310000144	81.0	100.0
293.49954190000426	81.0	100.0
293.5188130000024	79.0	100.0
293.53770950000035	79.0	100.0
293.55658750000293	79.0	100.0
293.580366899987	79.0	100.0
293.59717799999635	79.0	100.0
293.6186103000073	79.0	100.0
293.6393065000011	79.0	100.0
293.6575223999971	79.0	100.0
293.6778684000019	79.0	100.0
293.69836589999613	79.0	100.0
293.71987120000995	79.0	100.0
293.7387461999897	79.0	100.0
293.75866749999113	79.0	100.0
293.7805066999863	79.0	100.0
293.79848719999427	79.0	100.0
293.8180627999827	79.0	100.0
293.8367889999936	79.0	100.0
293.85863909998443	79.0	100.0
293.878140899993	79.0	100.0
293.8991992000083	79.0	100.0
293.91779859998496	79.0	100.0
293.9377860999957	79.0	100.0
293.9675118000014	79.0	100.0
293.97770459999447	79.0	100.0
293.9979017000005	79.0	100.0
294.01696949999314	79.0	100.0
294.0377329000039	79.0	100.0
294.05663509998703	79.0	100.0
294.0786645000044	79.0	100.0
294.0985759999894	79.0	100.0
294.1193936000054	79.0	100.0
294.14188099998864	79.0	100.0
294.1565338000073	79.0	100.0
294.17774119999376	79.0	100.0
294.1973553999851	79.0	100.0
294.219746399991	79.0	100.0
294.23875359998783	79.0	100.0
294.25925090000965	79.0	100.0
294.27473309999914	79.0	100.0
294.31877630000236	79.0	100.0
294.3188136999961	79.0	100.0
294.33901570001035	79.0	100.0
294.35785719999694	79.0	100.0
294.3791468999989	79.0	100.0
294.3997580999858	79.0	100.0
294.4187661999895	79.0	100.0
294.43875000000116	79.0	100.0
294.45953530000406	79.0	100.0
294.47893519999343	79.0	100.0
294.50084279998555	79.0	100.0
294.519693499984	79.0	100.0
294.5390764999902	79.0	100.0
294.55929350000224	79.0	100.0
294.5801487999852	79.0	100.0
294.6059895000071	79.0	100.0
294.61934000000474	79.0	100.0
294.6402228999941	79.0	100.0
294.6588237999822	79.0	100.0
294.6789109999954	79.0	100.0
294.6990536999947	79.0	100.0
294.7209917999862	79.0	100.0
294.7387587999983	79.0	100.0
294.7587579000101	79.0	100.0
294.77954950000276	79.0	100.0
294.7986563000013	79.0	100.0
294.818875500001	79.0	100.0
294.8387062000111	79.0	100.0
294.8596702000068	79.0	100.0
294.8791007999971	79.0	100.0
294.8988294999872	79.0	100.0
294.9183580999961	79.0	100.0
294.93999549999717	79.0	100.0
294.9586500999867	79.0	100.0
294.9792432000104	79.0	100.0
294.99889560000156	79.0	100.0
295.0191772999824	79.0	100.0
295.03895859999466	79.0	100.0
295.05886789999204	79.0	100.0
295.07871299999533	79.0	100.0
295.09976399998413	79.0	100.0
295.1190937999927	79.0	100.0
295.1389968000003	79.0	100.0
295.16146010000375	79.0	100.0
295.18048609999823	79.0	100.0
295.1992382000026	79.0	100.0
295.2188127999834	79.0	100.0
295.2389668999822	79.0	100.0
295.26093289998244	79.0	100.0
295.27928479999537	79.0	100.0
295.29924639998353	79.0	100.0
295.31902930000797	79.0	100.0
295.3391560000018	79.0	100.0
295.3588319999981	79.0	100.0
295.3823845000006	79.0	100.0
295.40090639999835	79.0	100.0
295.4191653000016	79.0	100.0
295.43902819999494	79.0	100.0
295.4590564999962	79.0	100.0
295.47931599998265	79.0	100.0
295.50067700000363	79.0	100.0
295.5194441000058	79.0	100.0
295.5397682999901	79.0	100.0
295.5587888000009	79.0	100.0
295.579845500004	79.0	100.0
295.5998036999954	79.0	100.0
295.6218544000003	79.0	100.0
295.64000290000695	79.0	100.0
295.66169609999633	79.0	100.0
295.68044359999476	79.0	100.0
295.7002047999995	79.0	100.0
295.7202622999903	79.0	100.0
295.74017089998233	79.0	100.0
295.75935589999426	79.0	100.0
295.78247800000827	79.0	100.0
295.799138900009	79.0	100.0
295.8193567999988	79.0	100.0
295.8391913000087	79.0	100.0
295.8595331000106	79.0	100.0
295.87954699998954	79.0	100.0
295.8995891000086	79.0	100.0
295.9200193999859	79.0	100.0
295.93923749998794	79.0	100.0
295.95875550000346	79.0	100.0
295.9793417000037	79.0	100.0
295.9999020000105	79.0	100.0
296.0216245999909	79.0	100.0
296.039030999993	79.0	100.0
296.05918449998717	79.0	100.0
296.0793713000021	79.0	100.0
296.0993518999894	79.0	100.0
296.11935980001	79.0	100.0
296.1396823999821	79.0	100.0
296.15974790000473	79.0	100.0
296.1804339000082	79.0	100.0
296.2000859999971	79.0	100.0
296.2201642	79.0	100.0
296.24008960000356	79.0	100.0
296.2602302999876	79.0	100.0
296.28101340000285	79.0	100.0
296.2999934999971	79.0	100.0
296.3204501	79.0	100.0
296.3408716999984	79.0	100.0
296.36002399999416	79.0	100.0
296.3799419999996	79.0	100.0
296.3996482999937	79.0	100.0
296.4198918000038	79.0	100.0
296.441153199994	79.0	100.0
296.45962509998935	79.0	100.0
296.4795976000023	79.0	100.0
296.5017705000064	79.0	100.0
296.5210167999903	79.0	100.0
296.54088039998896	79.0	100.0
296.55904200000805	79.0	100.0
296.5800933999999	79.0	100.0
296.6000408999971	79.0	100.0
296.62082479998935	79.0	100.0
296.6397246999841	79.0	100.0
296.66035610000836	79.0	100.0
296.68106430000626	79.0	100.0
296.70008609999786	79.0	100.0
296.72042460000375	79.0	100.0
296.7406379999884	79.0	100.0
296.75950260000536	79.0	100.0
296.78090680000605	79.0	100.0
296.79947349999566	79.0	100.0
296.8203460999939	79.0	100.0
296.83961150000687	79.0	100.0
296.8597999000049	79.0	100.0
296.8797845999943	79.0	100.0
296.9022141000023	79.0	100.0
296.92134709999664	79.0	100.0
296.9399512000091	79.0	100.0
296.9596834999975	79.0	100.0
296.98028469999554	79.0	100.0
297.00028989999555	79.0	100.0
297.02007619998767	79.0	100.0
297.03984479999053	79.0	100.0
297.05993170000147	79.0	100.0
297.0797956000024	79.0	100.0
297.1003178000101	79.0	100.0
297.12080639999476	79.0	100.0
297.14015059999656	79.0	100.0
297.16180319999694	79.0	100.0
297.1816392999899	79.0	100.0
297.2019234999898	79.0	100.0
297.21951180000906	79.0	100.0
297.24042799999006	79.0	100.0
297.26019369999995	79.0	100.0
297.28038389998255	79.0	100.0
297.2996717999922	79.0	100.0
297.32059019998997	79.0	100.0
297.3409460000112	79.0	100.0
297.3607481000072	79.0	100.0
297.3818331999937	79.0	100.0
297.4014060999907	79.0	100.0
297.4201464999933	79.0	100.0
297.44322680000914	79.0	100.0
297.46022589999484	79.0	100.0
297.4802449999843	79.0	100.0
297.50087019999046	79.0	100.0
297.52214559999993	81.0	100.0
297.54108039999846	81.0	100.0
297.56082539999625	81.0	100.0
297.58441419998417	81.0	100.0
297.60065370000666	81.0	100.0
297.6201597999898	81.0	100.0
297.64072369999485	81.0	100.0
297.66064250000636	81.0	100.0
297.68046299999696	81.0	100.0
297.7022988999961	81.0	100.0
297.7210664000013	81.0	100.0
297.741406199988	81.0	100.0
297.7606487000012	81.0	100.0
297.7799934000068	81.0	100.0
297.8008797999937	81.0	100.0
297.82240569998976	81.0	100.0
297.84328420000384	81.0	100.0
297.860217599984	81.0	100.0
297.88148539999384	81.0	100.0
297.9011952999863	81.0	100.0
297.9215293999878	81.0	100.0
297.94178570000804	81.0	100.0
297.96027399998275	81.0	100.0
297.98096149999765	81.0	100.0
298.0012627999822	81.0	100.0
298.0205949000083	81.0	100.0
298.0410724999965	81.0	100.0
298.0616034999839	81.0	100.0
298.08121350000147	81.0	100.0
298.1006459000055	81.0	100.0
298.1201522999909	81.0	100.0
298.14020749999327	81.0	100.0
298.16115299999365	81.0	100.0
298.1826078000013	81.0	100.0
298.20137669998803	81.0	100.0
298.2208437999943	81.0	100.0
298.2409523999959	81.0	100.0
298.2608437000017	81.0	100.0
298.2813002000039	81.0	100.0
298.30072289999225	81.0	100.0
298.3212850999844	81.0	100.0
298.3409760000068	81.0	100.0
298.36179530000663	81.0	100.0
298.3817005000019	81.0	100.0
298.40102620000835	81.0	100.0
298.42092529998627	81.0	100.0
298.44077409998863	81.0	100.0
298.4612152999907	81.0	100.0
298.4812488000025	81.0	100.0
298.5026302000042	81.0	100.0
298.521849199984	81.0	100.0
298.54134299998987	81.0	100.0
298.560969299986	81.0	100.0
298.58164349998697	81.0	100.0
298.600935800001	81.0	100.0
298.6203375000041	81.0	100.0
298.6409321000101	81.0	100.0
298.6621640000085	81.0	100.0
298.6823988999822	81.0	100.0
298.7013925999927	81.0	100.0
298.7211393000034	81.0	100.0
298.7426894000091	81.0	100.0
298.76301669998793	81.0	100.0
298.7815550999949	81.0	100.0
298.8008570999955	81.0	100.0
298.82036230000085	81.0	100.0
298.8418447999866	81.0	100.0
298.86144489998696	81.0	100.0
298.8808732999896	81.0	100.0
298.9005377999856	81.0	100.0
298.9203729000001	81.0	100.0
298.94045890000416	81.0	100.0
298.9604532000085	81.0	100.0
298.9810606999963	81.0	100.0
299.0007469999837	81.0	100.0
299.0220172999834	81.0	100.0
299.0407423999859	81.0	100.0
299.06256220000796	81.0	100.0
299.081007700006	81.0	100.0
299.10117249999894	81.0	100.0
299.12053660000674	81.0	100.0
299.14059560000896	81.0	100.0
299.16028499999084	81.0	100.0
299.18206120000104	81.0	100.0
299.2003970000078	81.0	100.0
299.2211121	81.0	100.0
299.24066109998967	81.0	100.0
299.26073700000416	81.0	100.0
299.2809937999991	81.0	100.0
299.300665799994	81.0	100.0
299.32081919998745	81.0	100.0
299.3413922000036	81.0	100.0
299.36061489998247	81.0	100.0
299.3821527999826	81.0	100.0
299.4024107999867	81.0	100.0
299.4215888000035	81.0	100.0
299.4439385999867	81.0	100.0
299.4615941999946	81.0	100.0
299.48183679999784	81.0	100.0
299.50362070000847	81.0	100.0
299.5235197999864	82.0	100.0
299.54194999998435	82.0	100.0
299.56190760000027	82.0	100.0
299.5835023999971	82.0	100.0
299.6015064000094	82.0	100.0
299.6236554000061	82.0	100.0
299.6420317000011	82.0	100.0
299.66251389999525	82.0	100.0
299.68243789998814	82.0	100.0
299.701991799986	82.0	100.0
299.72221059998265	82.0	100.0
299.7409467000107	82.0	100.0
299.76066840000567	82.0	100.0
299.7837884000037	82.0	100.0
299.802457999991	82.0	100.0
299.8214086999942	82.0	100.0
299.8407508000091	82.0	100.0
299.86162029998377	82.0	100.0
299.88330449999194	82.0	100.0
299.9010228999832	82.0	100.0
299.92098359999363	82.0	100.0
299.9411308999988	82.0	100.0
299.96045340001	82.0	100.0
299.9854461000068	82.0	100.0
300.00110880000284	82.0	100.0
300.0208924000035	82.0	100.0
300.0417454999988	82.0	100.0
300.0609439999971	82.0	100.0
300.0812470999954	82.0	100.0
300.10118080000393	82.0	100.0
300.12142300000414	82.0	100.0
300.1413859000022	82.0	100.0
300.16165699998965	82.0	100.0
300.18278119998286	82.0	100.0
300.20154639999964	82.0	100.0
300.2230797999946	82.0	100.0
300.242754899984	82.0	100.0
300.26284169999417	82.0	100.0
300.28292199998396	82.0	100.0
300.30251670000143	82.0	100.0
300.32469549999223	82.0	100.0
300.34290150000015	82.0	100.0
300.36211250000633	82.0	100.0
300.3822239000001	82.0	100.0
300.4032484999916	82.0	100.0
300.423810999986	82.0	100.0
300.4424452999956	82.0	100.0
300.46259189999546	82.0	100.0
300.48257339998963	82.0	100.0
300.5052668999997	82.0	100.0
300.5243147999863	81.0	100.0
300.54282400000375	81.0	100.0
300.56236720000743	81.0	100.0
300.5827202000073	81.0	100.0
300.60240939998766	81.0	100.0
300.6223723999865	81.0	100.0
300.64301649999106	81.0	100.0
300.6620695999882	81.0	100.0
300.6827756999992	81.0	100.0
300.7020409999823	81.0	100.0
300.7230344999989	81.0	100.0
300.7427445999929	81.0	100.0
300.7626032999833	81.0	100.0
300.78269819999696	81.0	100.0
300.80234309998923	81.0	100.0
300.82298759999685	81.0	100.0
300.8417034999875	81.0	100.0
300.8626067999867	81.0	100.0
300.88408319998416	81.0	100.0
300.902200099983	81.0	100.0
300.92181430000346	81.0	100.0
300.94248160001007	81.0	100.0
300.9615952000022	81.0	100.0
300.98300489998655	81.0	100.0
301.00244350000867	81.0	100.0
301.0239164000086	81.0	100.0
301.04276419998496	81.0	100.0
301.06269389999215	81.0	100.0
301.1074520999973	81.0	100.0
301.10747369998717	81.0	100.0
301.12285300000804	81.0	100.0
301.2447172999964	81.0	100.0
301.244738999987	81.0	100.0
301.2447477999958	81.0	100.0
301.24475549999624	81.0	100.0
301.2447630999959	81.0	100.0
301.2447708999971	81.0	100.0
301.2628323000099	81.0	100.0
301.2831162000075	81.0	100.0
301.30279789998895	81.0	100.0
301.3253573999973	81.0	100.0
301.34286400000565	81.0	100.0
301.36313829998835	81.0	100.0
301.4137666999886	81.0	100.0
301.4137880000053	81.0	100.0
301.42422700001043	81.0	100.0
301.5506158999924	81.0	100.0
301.5506531999854	81.0	100.0
301.55067120000604	81.0	100.0
301.55068879999453	81.0	100.0
301.55071390001103	81.0	100.0
301.550737499987	81.0	100.0
301.5639610000071	81.0	100.0
301.58442120000836	81.0	100.0
301.60376389999874	81.0	100.0
301.62284679998993	81.0	100.0
301.67986619999283	81.0	100.0
301.6798936999985	81.0	100.0
301.6835140000039	81.0	100.0
301.703219499992	81.0	100.0
301.72539159998996	81.0	100.0
301.7397687000048	81.0	100.0
301.77425940000103	81.0	100.0
301.78379029998905	81.0	100.0
301.80315490000066	81.0	100.0
301.82270689998404	81.0	100.0
301.8431086000055	81.0	100.0
301.8777807999868	81.0	100.0
301.88766089998535	81.0	100.0
301.9021947000001	81.0	100.0
301.92233770000166	81.0	100.0
301.9440362000023	81.0	100.0
301.97911939999904	81.0	100.0
301.98423719999846	81.0	100.0
302.0025988999987	81.0	100.0
302.0243463999941	81.0	100.0
302.0431391999882	81.0	100.0
302.08098719999543	81.0	100.0
302.08410819998244	81.0	100.0
302.1029465000029	81.0	100.0
302.12360069999704	81.0	100.0
302.1448636999994	81.0	100.0
302.18390979999094	81.0	100.0
302.1839353000105	81.0	100.0
302.20497839999734	81.0	100.0
302.2230661000067	81.0	100.0
302.2431137000094	81.0	100.0
302.2860386999964	81.0	100.0
302.2860876999912	81.0	100.0
302.30263200000627	81.0	100.0
302.32289859998855	81.0	100.0
302.34416589999455	81.0	100.0
302.53695710000466	81.0	100.0
302.53699689998757	81.0	100.0
302.5370229000109	81.0	100.0
302.5370488000044	81.0	100.0
302.53707540000323	81.0	100.0
302.53784189998987	81.0	100.0
302.53786449998734	81.0	100.0
302.53787279999233	81.0	100.0
302.5378805999935	80.0	100.0
302.54476190000423	80.0	100.0
302.56457869999576	80.0	100.0
302.58434929998475	80.0	100.0
302.6444513000024	80.0	100.0
302.64447579998523	80.0	100.0
302.64448839999386	80.0	100.0
302.6644616999838	80.0	100.0
302.7790294000006	80.0	100.0
302.7790559999994	80.0	100.0
302.779068200005	80.0	100.0
302.7790801000083	80.0	100.0
302.77909130000626	80.0	100.0
302.7864689999842	80.0	100.0
302.8045298999932	80.0	100.0
302.8241587000084	80.0	100.0
302.84402280001086	80.0	100.0
302.86459519999335	80.0	100.0
302.8840087999997	80.0	100.0
302.9038004000031	80.0	100.0
302.9501149999851	80.0	100.0
302.950150699995	80.0	100.0
302.96442810000735	80.0	100.0
303.15880139998626	80.0	100.0
303.1588236000098	80.0	100.0
303.1588323999895	80.0	100.0
303.15884019999066	80.0	100.0
303.15884769998956	80.0	100.0
303.15885599999456	80.0	100.0
303.1588654000079	80.0	100.0
303.1588764000044	80.0	100.0
303.1588874000008	80.0	100.0
303.1649197000079	80.0	100.0
303.18504039998516	80.0	100.0
303.20467459998326	80.0	100.0
303.2250542000111	80.0	100.0
303.24411999998847	80.0	100.0
303.2655104000005	80.0	100.0
303.30232439999236	80.0	100.0
303.3056737000006	80.0	100.0
303.32487219999894	80.0	100.0
303.34433669998543	80.0	100.0
303.366282700008	80.0	100.0
303.39691039998434	80.0	100.0
303.4036494999891	80.0	100.0
303.4239729999972	80.0	100.0
303.4445567000075	80.0	100.0
303.4645596999908	80.0	100.0
303.48541809999733	80.0	100.0
303.50550969998585	80.0	100.0
303.5616058000014	80.0	100.0
303.5616505999933	80.0	100.0
303.5652387999871	80.0	100.0
303.58496839998406	80.0	100.0
303.7001564000093	80.0	100.0
303.7002561999834	80.0	100.0
303.7002935000055	80.0	100.0
303.7003235000011	80.0	100.0
303.7003532999952	80.0	100.0
303.70513849999406	80.0	100.0
303.7246654999908	80.0	100.0
303.74477230000775	80.0	100.0
303.7652265999932	80.0	100.0
303.78469609998865	80.0	100.0
303.804504300002	80.0	100.0
303.8260871999955	80.0	100.0
303.8735891999968	80.0	100.0
303.8736362000054	80.0	100.0
303.8852758999856	80.0	100.0
304.0085365999839	80.0	100.0
304.00859939999646	80.0	100.0
304.0086273000052	80.0	100.0
304.0086611000006	80.0	100.0
304.0086876999994	80.0	100.0
304.0087160000112	80.0	100.0
304.0246408999956	80.0	100.0
304.0466591999866	80.0	100.0
304.06503490000614	80.0	100.0
304.0850425999961	80.0	100.0
304.1052074999898	80.0	100.0
304.1250591999851	80.0	100.0
304.1745713999844	80.0	100.0
304.1745943999849	80.0	100.0
304.18421559999115	80.0	100.0
304.3145276999858	80.0	100.0
304.3145760000043	80.0	100.0
304.31460429998697	80.0	100.0
304.31463049998274	80.0	100.0
304.3146536999848	80.0	100.0
304.3146781999967	80.0	100.0
304.32411560000037	80.0	100.0
304.34485819999827	80.0	100.0
304.3650420999911	80.0	100.0
304.38314069999615	80.0	100.0
304.40517459998955	80.0	100.0
304.42477620000136	80.0	100.0
304.4877640999912	80.0	100.0
304.48778359999415	80.0	100.0
304.48779210000066	80.0	100.0
304.50516609998886	80.0	100.0
304.6228771999886	80.0	100.0
304.62291820000974	80.0	100.0
304.6229335000098	80.0	100.0
304.6229454999848	80.0	100.0
304.62295650001033	80.0	100.0
304.6249156999984	80.0	100.0
304.64490469999146	80.0	100.0
304.66500649999944	80.0	100.0
304.685110099992	80.0	100.0
304.7043008999899	80.0	100.0
304.7249063999916	80.0	100.0
304.74511150000035	80.0	100.0
304.7653439999849	80.0	100.0
304.7852658999909	80.0	100.0
304.80653669999447	80.0	100.0
304.99467240000376	80.0	100.0
304.99469570000656	80.0	100.0
304.9947046999878	80.0	100.0
304.9947123999882	80.0	100.0
304.99471999998786	80.0	100.0
304.99540260000504	80.0	100.0
304.99543619999895	80.0	100.0
304.9954588999972	80.0	100.0
304.9954754000064	80.0	100.0
305.00528489999124	80.0	100.0
305.02501919999486	80.0	100.0
305.04611450000084	80.0	100.0
305.0647475000005	80.0	100.0
305.10851409999304	80.0	100.0
305.1085597999918	80.0	100.0
305.124187599984	80.0	100.0
305.2454013999959	80.0	100.0
305.2454386999889	80.0	100.0
305.2454569999827	80.0	100.0
305.2454735999927	80.0	100.0
305.2454892999958	80.0	100.0
305.2455059000058	80.0	100.0
305.26420760000474	80.0	100.0
305.28439240000444	80.0	100.0
305.30692380000255	80.0	100.0
305.3500815999869	80.0	100.0
305.3501144000038	80.0	100.0
305.36516539999866	80.0	100.0
305.3853388999996	80.0	100.0
305.4050401999848	80.0	100.0
305.4241934999882	80.0	100.0
305.4462241999863	80.0	100.0
305.46577010001056	80.0	100.0
305.48520870000357	80.0	100.0
305.5067956999992	80.0	100.0
305.52772779998486	80.0	100.0
305.54461310000625	80.0	100.0
305.5643571999972	80.0	100.0
305.5848313999886	80.0	100.0
305.6044907000032	80.0	100.0
305.6250379999983	80.0	100.0
305.6446391000063	80.0	100.0
305.664309099986	80.0	100.0
305.6854023000051	80.0	100.0
305.70456519999425	80.0	100.0
305.7248230999976	80.0	100.0
305.74517049998394	80.0	100.0
305.7646397000062	80.0	100.0
305.787273599999	80.0	100.0
305.8046927000105	80.0	100.0
305.8248585999827	80.0	100.0
305.84408879998955	80.0	100.0
305.8652044000046	80.0	100.0
305.88510680000763	80.0	100.0
305.9049601999868	80.0	100.0
305.92450870000175	80.0	100.0
305.9450788999966	80.0	100.0
305.96455750000314	80.0	100.0
305.98627369999303	80.0	100.0
306.00542639999185	80.0	100.0
306.0246496000036	80.0	100.0
306.04489479999756	80.0	100.0
306.064681799995	80.0	100.0
306.08458009999595	80.0	100.0
306.10478039999725	80.0	100.0
306.12481569999363	80.0	100.0
306.1448260000034	80.0	100.0
306.1646805999917	80.0	100.0
306.18504839998786	80.0	100.0
306.2060218999977	80.0	100.0
306.2276455000101	80.0	100.0
306.24523179998505	80.0	100.0
306.26569470000686	80.0	100.0
306.2859918999893	80.0	100.0
306.30601770000067	80.0	100.0
306.3250457000104	80.0	100.0
306.3454839999904	80.0	100.0
306.366809500003	80.0	100.0
306.3883127000008	80.0	100.0
306.4063547999831	80.0	100.0
306.4268396999978	80.0	100.0
306.44544219999807	80.0	100.0
306.4643247000058	80.0	100.0
306.48483539998415	80.0	100.0
306.50672909998684	80.0	100.0
306.5259153000079	78.0	100.0
306.54666659998475	78.0	100.0
306.5651769999822	78.0	100.0
306.5861528000096	78.0	100.0
306.60514239998884	78.0	100.0
306.6255636999849	78.0	100.0
306.64524240000173	78.0	100.0
306.66552489998867	78.0	100.0
306.68473380000796	78.0	100.0
306.70514790000743	78.0	100.0
306.7246707000013	78.0	100.0
306.74461449999944	78.0	100.0
306.7647893000103	78.0	100.0
306.78568179998547	78.0	100.0
306.8047954000067	78.0	100.0
306.82497039999	78.0	100.0
306.8444751999923	78.0	100.0
306.86526789999334	78.0	100.0
306.8877618999977	78.0	100.0
306.90512650000164	78.0	100.0
306.9264254999871	78.0	100.0
306.9448507000052	78.0	100.0
306.9650813000044	78.0	100.0
306.98627190000843	78.0	100.0
307.006378399994	78.0	100.0
307.02581220000866	78.0	100.0
307.0456866000022	78.0	100.0
307.0659824000031	78.0	100.0
307.0848795000056	78.0	100.0
307.1044263000076	78.0	100.0
307.1251529000001	78.0	100.0
307.1446052000101	78.0	100.0
307.16463389998535	78.0	100.0
307.1850198000029	78.0	100.0
307.20510389999254	78.0	100.0
307.2245896999957	78.0	100.0
307.24510189998546	78.0	100.0
307.2660598999937	78.0	100.0
307.2857453000033	78.0	100.0
307.30607439999585	78.0	100.0
307.32485020000604	78.0	100.0
307.3460017000034	78.0	100.0
307.36691569999675	78.0	100.0
307.3862778999901	78.0	100.0
307.40595670000766	78.0	100.0
307.4247064999945	78.0	100.0
307.4444496000069	78.0	100.0
307.4648855999985	78.0	100.0
307.4857565999846	78.0	100.0
307.5066966000013	78.0	100.0
307.52626759998384	75.0	100.0
307.5462942000013	75.0	100.0
307.566605400003	75.0	100.0
307.5856972000038	75.0	100.0
307.6048848000064	75.0	100.0
307.6254254000087	75.0	100.0
307.6456758999848	75.0	100.0
307.6678547000047	75.0	100.0
307.68603569999686	75.0	100.0
307.70615579999867	75.0	100.0
307.72532150000916	75.0	100.0
307.74707959999796	75.0	100.0
307.76589290000265	75.0	100.0
307.786875699996	75.0	100.0
307.80577219999395	75.0	100.0
307.8261920000077	75.0	100.0
307.84557720000157	75.0	100.0
307.86638299998594	75.0	100.0
307.88640399998985	75.0	100.0
307.905703299999	75.0	100.0
307.9249657999899	75.0	100.0
307.9446778999991	75.0	100.0
307.9655430999992	75.0	100.0
307.98604419999174	75.0	100.0
308.006707499997	75.0	100.0
308.0272009999899	75.0	100.0
308.04584929998964	75.0	100.0
308.0664626999933	75.0	100.0
308.0858192000014	75.0	100.0
308.10816299999715	75.0	100.0
308.1252300000051	75.0	100.0
308.1458882000006	75.0	100.0
308.1665592000063	75.0	100.0
308.1866577999899	75.0	100.0
308.2056025000056	75.0	100.0
308.22568400000455	75.0	100.0
308.24555490000057	75.0	100.0
308.2651853999996	75.0	100.0
308.28742259999854	75.0	100.0
308.3057458999974	75.0	100.0
308.3260673999903	75.0	100.0
308.34612709999783	75.0	100.0
308.3660963999864	75.0	100.0
308.38704440000583	75.0	100.0
308.40644369999063	75.0	100.0
308.42611770000076	75.0	100.0
308.4464277999941	75.0	100.0
308.4663321999833	75.0	100.0
308.4858163000026	75.0	100.0
308.50717589998385	75.0	100.0
308.5267021000036	75.0	100.0
308.54761869998765	75.0	100.0
308.56669899998815	75.0	100.0
308.586673599988	75.0	100.0
308.60593489999883	75.0	100.0
308.62667949998286	75.0	100.0
308.6469279000012	75.0	100.0
308.66609569999855	75.0	100.0
308.6878596000024	75.0	100.0
308.70650460000616	75.0	100.0
308.72598129999824	75.0	100.0
308.74672359999386	75.0	100.0
308.7669399000006	75.0	100.0
308.7886741999828	75.0	100.0
308.80692659999477	75.0	100.0
308.82675489998655	75.0	100.0
308.84683749999385	75.0	100.0
308.86676899998565	75.0	100.0
308.88687439999194	75.0	100.0
308.90694739998435	75.0	100.0
308.92731999998796	75.0	100.0
308.9466623000044	75.0	100.0
308.96640919998754	75.0	100.0
308.98638389998814	75.0	100.0
309.00688820000505	75.0	100.0
309.0266916999826	75.0	100.0
309.0469957999885	75.0	100.0
309.0666781000036	75.0	100.0
309.08666470000753	75.0	100.0
309.10697910000454	75.0	100.0
309.12667329999385	75.0	100.0
309.14667779998854	75.0	100.0
309.166636000009	75.0	100.0
309.18667809999897	75.0	100.0
309.20643240000936	75.0	100.0
309.2269826999982	75.0	100.0
309.2472339000087	75.0	100.0
309.26988869998604	75.0	100.0
309.2879013000056	75.0	100.0
309.30678690000786	75.0	100.0
309.32680690000416	75.0	100.0
309.3477370000037	75.0	100.0
309.365879399993	75.0	100.0
309.3852470999991	75.0	100.0
309.4142397000105	75.0	100.0
309.42904620000627	75.0	100.0
309.4414572000096	75.0	100.0
309.4612824000069	75.0	100.0
309.48193819998414	75.0	100.0
309.5035150999902	75.0	100.0
309.5228778999881	75.0	100.0
309.54479700000957	75.0	100.0
309.5639020999952	75.0	100.0
309.58545720000984	75.0	100.0
309.6044699999911	75.0	100.0
309.62369740000577	75.0	100.0
309.64490519999526	75.0	100.0
309.6644851999881	75.0	100.0
309.6844313000038	75.0	100.0
309.7063591000042	75.0	100.0
309.72216330000083	75.0	100.0
309.73968209998566	75.0	100.0
309.761084800004	75.0	100.0
309.78125820000423	75.0	100.0
309.80117459999747	75.0	100.0
309.8252655999968	75.0	100.0
309.8453610999859	75.0	100.0
309.865805599984	75.0	100.0
309.88579679999384	75.0	100.0
309.90640050001093	75.0	100.0
309.9264847000013	75.0	100.0
309.9468065999972	75.0	100.0
309.9667638000101	75.0	100.0
309.9871666999825	75.0	100.0
310.0064337000076	75.0	100.0
310.02706110000145	75.0	100.0
310.0454641999968	75.0	100.0
310.06663409998873	75.0	100.0
310.08662709998316	75.0	100.0
310.1069634000014	75.0	100.0
310.1264777999895	75.0	100.0
310.1465045000077	75.0	100.0
310.16534279999905	75.0	100.0
310.1888898999896	75.0	100.0
310.20238899998367	75.0	100.0
310.2229284000059	75.0	100.0
310.24184639999294	75.0	100.0
310.2623942999926	75.0	100.0
310.2849809000036	75.0	100.0
310.30645420000656	75.0	100.0
310.32568529999116	75.0	100.0
310.3465072999825	75.0	100.0
310.3666022999969	75.0	100.0
310.3872876999958	75.0	100.0
310.40629389998503	75.0	100.0
310.426609999995	75.0	100.0
310.4464211000013	75.0	100.0
310.466394499992	75.0	100.0
310.4863920999924	75.0	100.0
310.5073369999882	75.0	100.0
310.5280058000062	74.0	100.0
310.5465916999965	74.0	100.0
310.5663837000029	74.0	100.0
310.5867503999907	74.0	100.0
310.60737350001	74.0	100.0
310.6266365000047	74.0	100.0
310.6464260999928	74.0	100.0
310.667368800001	74.0	100.0
310.68737979998696	74.0	100.0
310.7054860999924	74.0	100.0
310.727383999998	74.0	100.0
310.7464889000112	74.0	100.0
310.76636790001066	74.0	100.0
310.7874441999884	74.0	100.0
310.8068420999916	74.0	100.0
310.82757150000543	74.0	100.0
310.84690219999175	74.0	100.0
310.8674270999909	74.0	100.0
310.8874882000091	74.0	100.0
310.9075656000059	74.0	100.0
310.92632309999317	74.0	100.0
310.94717910001054	74.0	100.0
310.9672137000016	74.0	100.0
310.9873626999906	74.0	100.0
311.00736940000206	74.0	100.0
311.0276840000006	74.0	100.0
311.0472743999853	74.0	100.0
311.0674025999906	74.0	100.0
311.08720670000184	74.0	100.0
311.1067922000075	74.0	100.0
311.1259737999935	74.0	100.0
311.14739699999336	74.0	100.0
311.1668246999907	74.0	100.0
311.1871887999878	74.0	100.0
311.206852400006	74.0	100.0
311.2269510999904	74.0	100.0
311.24689199999557	74.0	100.0
311.2678143999947	74.0	100.0
311.2876780999941	74.0	100.0
311.3076863999886	74.0	100.0
311.3271568999917	74.0	100.0
311.3480717999919	74.0	100.0
311.3677282999852	74.0	100.0
311.38738120000926	74.0	100.0
311.4079500999942	74.0	100.0
311.42734669998754	74.0	100.0
311.4468346000067	74.0	100.0
311.4664569000015	74.0	100.0
311.48765450000064	74.0	100.0
311.50848399999086	74.0	100.0
311.5281108999916	74.0	100.0
311.5477864999848	74.0	100.0
311.56761510000797	74.0	100.0
311.58812309999485	74.0	100.0
311.6076049999974	74.0	100.0
311.6271240999922	74.0	100.0
311.6468881999899	74.0	100.0
311.66846409998834	74.0	100.0
311.6873115999915	74.0	100.0
311.7080819999974	74.0	100.0
311.72837940001045	74.0	100.0
311.74776679999195	74.0	100.0
311.76941519998945	74.0	100.0
311.78950350001105	74.0	100.0
311.8076970000111	74.0	100.0
311.82848560001	74.0	100.0
311.8468728000007	74.0	100.0
311.868058299995	74.0	100.0
311.88791550000315	74.0	100.0
311.90658959999564	74.0	100.0
311.92793159998837	74.0	100.0
311.94709189998684	74.0	100.0
311.96721070000785	74.0	100.0
311.9882865000109	74.0	100.0
312.00800559998606	74.0	100.0
312.0276767000032	74.0	100.0
312.0478035999986	74.0	100.0
312.0680580000044	74.0	100.0
312.0880901000055	74.0	100.0
312.10818270000163	74.0	100.0
312.12751829999615	74.0	100.0
312.14791400000104	74.0	100.0
312.16797280000173	74.0	100.0
312.188244399993	74.0	100.0
312.20761640000273	74.0	100.0
312.22921399999177	74.0	100.0
312.2480707000068	74.0	100.0
312.26970030000666	74.0	100.0
312.2881372999982	74.0	100.0
312.3080038999906	74.0	100.0
312.32801130000735	74.0	100.0
312.34816739999224	74.0	100.0
312.36815789999673	74.0	100.0
312.38791650001076	74.0	100.0
312.40774759999476	74.0	100.0
312.42742069999804	74.0	100.0
312.44744940000237	74.0	100.0
312.4684513999964	74.0	100.0
312.48809120000806	74.0	100.0
312.50786749998224	74.0	100.0
312.5286148999876	75.0	100.0
312.5478133999859	75.0	100.0
312.56808989998535	75.0	100.0
312.5887291000108	75.0	100.0
312.6081825000001	75.0	100.0
312.6283383999835	75.0	100.0
312.64814219999244	75.0	100.0
312.66643959999783	75.0	100.0
312.6895108000026	75.0	100.0
312.7084964000096	75.0	100.0
312.72900789999403	75.0	100.0
312.7481942999875	75.0	100.0
312.77160899998853	75.0	100.0
312.78875209999387	75.0	100.0
312.80850929999724	75.0	100.0
312.82847569999285	75.0	100.0
312.84735729999375	75.0	100.0
312.86782200000016	75.0	100.0
312.88794339998276	75.0	100.0
312.907816299994	75.0	100.0
312.9275832999847	75.0	100.0
312.94805459998315	75.0	100.0
312.96775429998524	75.0	100.0
312.9880800000101	75.0	100.0
313.0077738999971	75.0	100.0
313.02812470000936	75.0	100.0
313.0476428999973	75.0	100.0
313.06810259999475	75.0	100.0
313.0879832000064	75.0	100.0
313.1081853999931	75.0	100.0
313.127992099995	75.0	100.0
313.14816979999887	75.0	100.0
313.16796059999615	75.0	100.0
313.1887768000015	75.0	100.0
313.20814909998444	75.0	100.0
313.2280786999909	75.0	100.0
313.24901490000775	75.0	100.0
313.2691470999853	75.0	100.0
313.2891957999964	75.0	100.0
313.30923350001103	75.0	100.0
313.3285581000091	75.0	100.0
313.3491309999954	75.0	100.0
313.3692214000039	75.0	100.0
313.3893088999903	75.0	100.0
313.4090492000105	75.0	100.0
313.42962529999204	75.0	100.0
313.449160499993	75.0	100.0
313.46916690000216	75.0	100.0
313.48965909998515	75.0	100.0
313.50988269998925	75.0	100.0
313.529845299985	75.0	100.0
313.5495554000081	75.0	100.0
313.56945619999897	75.0	100.0
313.59008890000405	75.0	100.0
313.6096227999951	75.0	100.0
313.6303142999823	75.0	100.0
313.6495069999946	75.0	100.0
313.6700706999982	75.0	100.0
313.6893705999828	75.0	100.0
313.70980979999877	75.0	100.0
313.72979069998837	75.0	100.0
313.74926720000803	75.0	100.0
313.76893920000293	75.0	100.0
313.78840359998867	75.0	100.0
313.80908340000315	75.0	100.0
313.82901439999114	75.0	100.0
313.8481221999973	75.0	100.0
313.86909210000886	75.0	100.0
313.889239000011	75.0	100.0
313.9091446000093	75.0	100.0
313.9304242999933	75.0	100.0
313.9497255999886	75.0	100.0
313.9691083999933	75.0	100.0
313.98975740000606	75.0	100.0
314.0089883999899	75.0	100.0
314.02948100000503	75.0	100.0
314.04682519999915	75.0	100.0
314.0689691999869	75.0	100.0
314.0863043999998	75.0	100.0
314.1034783000068	75.0	100.0
314.1239446999971	75.0	100.0
314.14456859999336	75.0	100.0
314.1653749999823	75.0	100.0
314.1852521999972	75.0	100.0
314.2050595000037	75.0	100.0
314.2255531999981	75.0	100.0
314.24542329998803	75.0	100.0
314.26682349998737	75.0	100.0
314.2889823000005	75.0	100.0
314.30859080000664	75.0	100.0
314.3299738999922	75.0	100.0
314.34982090000995	75.0	100.0
314.36978109998745	75.0	100.0
314.3906089999946	75.0	100.0
314.4105251999863	75.0	100.0
314.44365989998914	75.0	100.0
314.450405999989	75.0	100.0
314.4703477000003	75.0	100.0
314.4910177999991	75.0	100.0
314.5113239999919	75.0	100.0
314.53403380000964	74.0	100.0
314.55234609998297	74.0	100.0
314.57083399998373	74.0	100.0
314.5920483999944	74.0	100.0
314.61013779998757	74.0	100.0
314.62934620000306	74.0	100.0
314.65027869999176	74.0	100.0
314.6702635999827	74.0	100.0
314.6906929000106	74.0	100.0
314.7102312000061	74.0	100.0
314.72918819999904	74.0	100.0
314.75232810000307	74.0	100.0
314.77236830000766	74.0	100.0
314.79480139998486	74.0	100.0
314.8125485999917	74.0	100.0
314.8325960999937	74.0	100.0
314.85306069999933	74.0	100.0
314.87252899998566	74.0	100.0
314.89223110000603	74.0	100.0
314.9118832999957	74.0	100.0
314.9319039999973	74.0	100.0
314.95267569998396	74.0	100.0
314.97246910000104	74.0	100.0
314.9928646000044	74.0	100.0
315.0128168000083	74.0	100.0
315.0327827000001	74.0	100.0
315.05277750000823	74.0	100.0
315.0728203000035	74.0	100.0
315.0926441999909	74.0	100.0
315.11268170000403	74.0	100.0
315.1327689999889	74.0	100.0
315.15312499998254	74.0	100.0
315.1726043999952	74.0	100.0
315.1929684999923	74.0	100.0
315.2119071999914	74.0	100.0
315.23326569999335	74.0	100.0
315.2538913000026	74.0	100.0
315.27284049999435	74.0	100.0
315.2927626000019	74.0	100.0
315.3132884000079	74.0	100.0
315.33291130000725	74.0	100.0
315.3533640000096	74.0	100.0
315.37274220000836	74.0	100.0
315.39311360000283	74.0	100.0
315.41271159998723	74.0	100.0
315.4339425000071	74.0	100.0
315.4528638999909	74.0	100.0
315.4722091000003	74.0	100.0
315.49277979999897	74.0	100.0
315.51329400000395	74.0	100.0
315.53403119998984	74.0	100.0
315.55394069998874	74.0	100.0
315.57351590000326	74.0	100.0
315.5922363999998	74.0	100.0
315.6141762000043	74.0	100.0
315.63269080000464	74.0	100.0
315.65282769998885	74.0	100.0
315.67312809999567	74.0	100.0
315.6932152000081	74.0	100.0
315.7131999999983	74.0	100.0
315.7327258999867	74.0	100.0
315.75279329999466	74.0	100.0
315.7730773999938	74.0	100.0
315.7931794000033	74.0	100.0
315.8124442999833	74.0	100.0
315.83317679999163	74.0	100.0
315.85456410000916	74.0	100.0
315.8725193999999	74.0	100.0
315.8925578999915	74.0	100.0
315.9125486999983	74.0	100.0
315.9338390000048	74.0	100.0
315.95288500000606	74.0	100.0
315.97211329999845	74.0	100.0
315.9933470999822	74.0	100.0
316.0126418999862	74.0	100.0
316.0325155000028	74.0	100.0
316.05235290000564	74.0	100.0
316.0726005999895	74.0	100.0
316.0939872000017	74.0	100.0
316.1125660999969	74.0	100.0
316.13248739999835	74.0	100.0
316.1528658999887	74.0	100.0
316.1722538000031	74.0	100.0
316.19267540000146	74.0	100.0
316.2121283999877	74.0	100.0
316.2338940000045	74.0	100.0
316.25337649998255	74.0	100.0
316.2747514999937	74.0	100.0
316.2943321999919	74.0	100.0
316.3135948999843	74.0	100.0
316.33287610000116	74.0	100.0
316.3535833999922	74.0	100.0
316.37361720000627	74.0	100.0
316.3941494000028	74.0	100.0
316.412668999983	74.0	100.0
316.4326105999935	74.0	100.0
316.4524395999906	74.0	100.0
316.47268559999065	74.0	100.0
316.4933574000024	74.0	100.0
316.5142494000029	74.0	100.0
316.5339890999894	73.0	100.0
316.5532980999851	73.0	100.0
316.57281859999057	73.0	100.0
316.59286969999084	73.0	100.0
316.6126941999828	73.0	100.0
316.63291459999164	73.0	100.0
316.6534624999913	73.0	100.0
316.67392739999923	73.0	100.0
316.6942764999985	73.0	100.0
316.7137247000064	73.0	100.0
316.73335319999023	73.0	100.0
316.75333149998914	73.0	100.0
316.77298609999707	73.0	100.0
316.79367680000723	73.0	100.0
316.81278889998794	73.0	100.0
316.8332899000088	73.0	100.0
316.85308450000593	73.0	100.0
316.87273599999025	73.0	100.0
316.8938441000064	73.0	100.0
316.9128458999912	73.0	100.0
316.93353770000977	73.0	100.0
316.9531208999979	73.0	100.0
316.9727620999911	73.0	100.0
316.99703020000015	73.0	100.0
317.0129391000082	73.0	100.0
317.0336706000089	73.0	100.0
317.0522817999881	73.0	100.0
317.07370949999313	73.0	100.0
317.0939747999946	73.0	100.0
317.1127404999861	73.0	100.0
317.1327932999993	73.0	100.0
317.1528996999841	73.0	100.0
317.1733220999886	73.0	100.0
317.1941293999844	73.0	100.0
317.21290939999744	73.0	100.0
317.235712099995	73.0	100.0
317.2530402999837	73.0	100.0
317.2739916999999	73.0	100.0
317.29439940000884	73.0	100.0
317.3140911000082	73.0	100.0
317.33415139999124	73.0	100.0
317.35401380000985	73.0	100.0
317.37401050000335	73.0	100.0
317.4011063000071	73.0	100.0
317.41333819998545	73.0	100.0
317.43396829999983	73.0	100.0
317.45459189999383	73.0	100.0
317.4754791999876	73.0	100.0
317.49515239999164	73.0	100.0
317.5163523000083	73.0	100.0
317.53560730000027	73.0	100.0
317.5546844000055	73.0	100.0
317.5748833999969	73.0	100.0
317.5955869999889	73.0	100.0
317.61462310000206	73.0	100.0
317.63460069999564	73.0	100.0
317.65351129998453	73.0	100.0
317.67524009998306	73.0	100.0
317.6944894999906	73.0	100.0
317.71475879999343	73.0	100.0
317.7351697999984	73.0	100.0
317.7551247999945	73.0	100.0
317.774665999983	73.0	100.0
317.79672009998467	73.0	100.0
317.8144304000016	73.0	100.0
317.8345974999829	73.0	100.0
317.85431059999974	73.0	100.0
317.87463690000004	73.0	100.0
317.89474970000447	73.0	100.0
317.91498780000256	73.0	100.0
317.9346960000112	73.0	100.0
317.95407209999394	73.0	100.0
317.9746497999877	73.0	100.0
317.99595879999106	73.0	100.0
318.0154230000044	73.0	100.0
318.0349730000016	73.0	100.0
318.0546286999888	73.0	100.0
318.07527880001	73.0	100.0
318.0954469999997	73.0	100.0
318.1178133999929	73.0	100.0
318.13449329999276	73.0	100.0
318.15444779998506	73.0	100.0
318.1746465000033	73.0	100.0
318.1946745000023	73.0	100.0
318.2150183999911	73.0	100.0
318.23480179999024	73.0	100.0
318.25467349999235	73.0	100.0
318.2743582999974	73.0	100.0
318.2951296000101	73.0	100.0
318.314799499989	73.0	100.0
318.3351794999908	73.0	100.0
318.35437270000693	73.0	100.0
318.3748041999934	73.0	100.0
318.3945970000059	73.0	100.0
318.4155189000012	73.0	100.0
318.4360091999988	73.0	100.0
318.4549293000018	73.0	100.0
318.4757660999894	73.0	100.0
318.4958440999908	73.0	100.0
318.51623649999965	73.0	100.0
318.5360013000027	74.0	100.0
318.55453960000887	74.0	100.0
318.5757783000008	74.0	100.0
318.5962950999965	74.0	100.0
318.61370590000297	74.0	100.0
318.6349867999961	74.0	100.0
318.65581289998954	74.0	100.0
318.67635190000874	74.0	100.0
318.6956208999909	74.0	100.0
318.71497999998974	74.0	100.0
318.7359313000052	74.0	100.0
318.755791100004	74.0	100.0
318.7756212000095	74.0	100.0
318.79587609999	74.0	100.0
318.8149369999883	74.0	100.0
318.83513479999965	74.0	100.0
318.8549723000033	74.0	100.0
318.8746153000102	74.0	100.0
318.89648759999545	74.0	100.0
318.9162791999988	74.0	100.0
318.9370067999989	74.0	100.0
318.9552834999922	74.0	100.0
318.9750351999828	74.0	100.0
318.9954313999915	74.0	100.0
319.0150549999962	74.0	100.0
319.0393005000078	74.0	100.0
319.0550307999947	74.0	100.0
319.07535959998495	74.0	100.0
319.095310100005	74.0	100.0
319.1229716000089	74.0	100.0
319.1351480000012	74.0	100.0
319.1549621000013	74.0	100.0
319.1750228999881	74.0	100.0
319.19585699998424	74.0	100.0
319.21528139998554	74.0	100.0
319.2350163999945	74.0	100.0
319.2553002999921	74.0	100.0
319.2758291999926	74.0	100.0
319.2951313999947	74.0	100.0
319.3157615000091	74.0	100.0
319.3349622999958	74.0	100.0
319.3554741999833	74.0	100.0
319.3752200999879	74.0	100.0
319.39596709999023	74.0	100.0
319.41666489999625	74.0	100.0
319.43562249999377	74.0	100.0
319.4555418000091	74.0	100.0
319.475087800005	74.0	100.0
319.4954463999893	74.0	100.0
319.51634780000313	74.0	100.0
319.5359691999911	75.0	100.0
319.55573110000114	75.0	100.0
319.57637200001045	75.0	100.0
319.5963760000013	75.0	100.0
319.6160627999925	75.0	100.0
319.63644179998664	75.0	100.0
319.6560458999884	75.0	100.0
319.67548830001033	75.0	100.0
319.6967049000086	75.0	100.0
319.7164274000097	75.0	100.0
319.73621129998355	75.0	100.0
319.7562587999855	75.0	100.0
319.77601349999895	75.0	100.0
319.796746100008	75.0	100.0
319.81606459998875	75.0	100.0
319.83556949999183	75.0	100.0
319.85873889998766	75.0	100.0
319.8760056000028	75.0	100.0
319.89561229999526	75.0	100.0
319.9143222999992	75.0	100.0
319.9339609000017	75.0	100.0
319.95231739999144	75.0	100.0
319.97112840000773	75.0	100.0
319.9912547999993	75.0	100.0
320.01485099998536	75.0	100.0
320.03459419999854	75.0	100.0
320.05548270000145	75.0	100.0
320.07657770000515	75.0	100.0
320.09649809999974	75.0	100.0
320.1157494999934	75.0	100.0
320.1361343000026	75.0	100.0
320.15654170000926	75.0	100.0
320.17653709999286	75.0	100.0
320.1969981000002	75.0	100.0
320.21584520000033	75.0	100.0
320.2356820999994	75.0	100.0
320.2560006999993	75.0	100.0
320.27696640000795	75.0	100.0
320.2966138999909	75.0	100.0
320.3167691999988	75.0	100.0
320.3361023000034	75.0	100.0
320.3563182000071	75.0	100.0
320.37605029999395	75.0	100.0
320.39647229999537	75.0	100.0
320.41643769998336	75.0	100.0
320.4365037000098	75.0	100.0
320.45653999998467	75.0	100.0
320.47658439999213	75.0	100.0
320.49711609998485	75.0	100.0
320.51385489999666	75.0	100.0
320.53697809998994	76.0	100.0
320.5568970000022	76.0	100.0
320.5769999999902	76.0	100.0
320.5967888000014	76.0	100.0
320.61650929998723	76.0	100.0
320.6366512000095	76.0	100.0
320.65659810000216	76.0	100.0
320.6778020999918	76.0	100.0
320.69596559999627	76.0	100.0
320.7166556000011	76.0	100.0
320.7367530000047	76.0	100.0
320.75663849999546	76.0	100.0
320.77689030001056	76.0	100.0
320.7988839999889	76.0	100.0
320.816885200009	76.0	100.0
320.8366166999913	76.0	100.0
320.85637649998534	76.0	100.0
320.8775636999926	76.0	100.0
320.8971446999931	76.0	100.0
320.91368440000224	76.0	100.0
320.9358280999877	76.0	100.0
320.9565282999829	76.0	100.0
320.97706639999524	76.0	100.0
320.99726179998834	76.0	100.0
321.01602770001045	76.0	100.0
321.03427340000053	76.0	100.0
321.0566150000086	76.0	100.0
321.0767458000046	76.0	100.0
321.0972894000006	76.0	100.0
321.1165277000109	76.0	100.0
321.13661570000113	76.0	100.0
321.15655280000647	76.0	100.0
321.1760885999829	76.0	100.0
321.196996499988	76.0	100.0
321.2167136000062	76.0	100.0
321.2366061999928	76.0	100.0
321.2567651999998	76.0	100.0
321.27973479998764	76.0	100.0
321.2973043000093	76.0	100.0
321.3168626999832	76.0	100.0
321.33701449999353	76.0	100.0
321.35728329999256	76.0	100.0
321.37697730000946	76.0	100.0
321.39707519998774	76.0	100.0
321.4170562000072	76.0	100.0
321.4370578000089	76.0	100.0
321.45659459999297	76.0	100.0
321.47680269999546	76.0	100.0
321.49726229999214	76.0	100.0
321.51647740000044	76.0	100.0
321.53692839998985	77.0	100.0
321.55699340000865	77.0	100.0
321.5767065999971	77.0	100.0
321.5994228000054	77.0	100.0
321.61703399999533	77.0	100.0
321.6367590999871	77.0	100.0
321.65649459999986	77.0	100.0
321.678451499989	77.0	100.0
321.70207830000436	77.0	100.0
321.7212901999883	77.0	100.0
321.7329547999834	77.0	100.0
321.75561240001116	77.0	100.0
321.7731816000014	77.0	100.0
321.7925304000091	77.0	100.0
321.8132181999972	77.0	100.0
321.83413119998295	77.0	100.0
321.85517520000576	77.0	100.0
321.8752980999998	77.0	100.0
321.89678799998364	77.0	100.0
321.9219196999911	77.0	100.0
321.93627199999173	77.0	100.0
321.9588512000046	77.0	100.0
321.97462399999495	77.0	100.0
321.99707630000194	77.0	100.0
322.01743459998397	77.0	100.0
322.03656979999505	77.0	100.0
322.0568335999851	77.0	100.0
322.0765441999829	77.0	100.0
322.0964609000075	77.0	100.0
322.117267499998	77.0	100.0
322.1371808999975	77.0	100.0
322.1569925000076	77.0	100.0
322.17710679999436	77.0	100.0
322.19730410000193	77.0	100.0
322.21722779999254	77.0	100.0
322.23674739999115	77.0	100.0
322.257013800001	77.0	100.0
322.2770684999996	77.0	100.0
322.2970115999924	77.0	100.0
322.3174824999878	77.0	100.0
322.336220600002	77.0	100.0
322.3571485999855	77.0	100.0
322.37687949999236	77.0	100.0
322.39741639999556	77.0	100.0
322.41863669999293	77.0	100.0
322.437274099997	77.0	100.0
322.4558778000064	77.0	100.0
322.4763728999824	77.0	100.0
322.4972138000012	77.0	100.0
322.5182152999914	77.0	100.0
322.537538900011	78.0	100.0
322.5564750999911	78.0	100.0
322.5770874999871	78.0	100.0
322.5984313999943	78.0	100.0
322.61827609999455	78.0	100.0
322.63711449998664	78.0	100.0
322.65789070000756	78.0	100.0
322.6773669999966	78.0	100.0
322.6971225999878	78.0	100.0
322.7172334000061	78.0	100.0
322.7344574999879	78.0	100.0
322.7567744999833	78.0	100.0
322.7775292999868	78.0	100.0
322.798698700004	78.0	100.0
322.8170240999898	78.0	100.0
322.8374219999823	78.0	100.0
322.85821629999555	78.0	100.0
322.8772018000018	78.0	100.0
322.89661339999293	78.0	100.0
322.91653300001053	78.0	100.0
322.9365770999866	78.0	100.0
322.9565106999944	78.0	100.0
322.97588399998494	78.0	100.0
322.99658599999384	78.0	100.0
323.01621790000354	78.0	100.0
323.0372827000101	78.0	100.0
323.0570488999947	78.0	100.0
323.07692880000104	78.0	100.0
323.0978252000059	78.0	100.0
323.1186606999836	78.0	100.0
323.13886139998795	78.0	100.0
323.1569812000089	78.0	100.0
323.17647189999116	78.0	100.0
323.19744869999704	78.0	100.0
323.2165801000083	78.0	100.0
323.23798800000804	78.0	100.0
323.2564456000109	78.0	100.0
323.27672419999726	78.0	100.0
323.29672330000903	78.0	100.0
323.316490600002	78.0	100.0
323.33684549998725	78.0	100.0
323.3573543000093	78.0	100.0
323.37736129999394	78.0	100.0
323.3980966999952	78.0	100.0
323.41627499999595	78.0	100.0
323.43748930000584	78.0	100.0
323.4564929000044	78.0	100.0
323.47623609998845	78.0	100.0
323.4963713999896	78.0	100.0
323.5185683000018	78.0	100.0
323.53749909999897	79.0	100.0
323.5564292999916	79.0	100.0
323.57709559999057	79.0	100.0
323.59830969999894	79.0	100.0
323.6170540000021	79.0	100.0
323.63717939998605	79.0	100.0
323.6572320999985	79.0	100.0
323.67659300001105	79.0	100.0
323.697156499984	79.0	100.0
323.716579800006	79.0	100.0
323.736244300002	79.0	100.0
323.7567645999952	79.0	100.0
323.7759700999886	79.0	100.0
323.7992203999893	79.0	100.0
323.8163824999938	79.0	100.0
323.8363620000018	79.0	100.0
323.8563906000054	79.0	100.0
323.8765529000084	79.0	100.0
323.8964952999959	79.0	100.0
323.91684729998815	79.0	100.0
323.9369962000055	79.0	100.0
323.9564413999906	79.0	100.0
323.97636619998957	79.0	100.0
323.9974396000034	79.0	100.0
324.0158955999941	79.0	100.0
324.0362516999885	79.0	100.0
324.05702010000823	79.0	100.0
324.07773679998354	79.0	100.0
324.0970709999965	79.0	100.0
324.1176251999859	79.0	100.0
324.1375110000081	79.0	100.0
324.1566282999993	79.0	100.0
324.1763484000112	79.0	100.0
324.19660580001073	79.0	100.0
324.21616989999893	79.0	100.0
324.23645450000186	79.0	100.0
324.2567549000087	79.0	100.0
324.2760874000087	79.0	100.0
324.29704919998767	79.0	100.0
324.3162037000002	79.0	100.0
324.3369478000095	79.0	100.0
324.35732139999163	79.0	100.0
324.3770946000004	79.0	100.0
324.39730929999496	79.0	100.0
324.4168655000103	79.0	100.0
324.4372042999894	79.0	100.0
324.45701839998947	79.0	100.0
324.4775329999975	79.0	100.0
324.4967902000062	79.0	100.0
324.5182977000077	79.0	100.0
324.537929299986	81.0	100.0
324.5569400000095	81.0	100.0
324.5766934999847	81.0	100.0
324.5977627999964	81.0	100.0
324.6166997999826	81.0	100.0
324.6368688000075	81.0	100.0
324.6567330999824	81.0	100.0
324.6773949000053	81.0	100.0
324.6974046000105	81.0	100.0
324.71684459998505	81.0	100.0
324.7370235999988	81.0	100.0
324.7640177999856	81.0	100.0
324.7762451999879	81.0	100.0
324.7968694999872	81.0	100.0
324.8137019999849	81.0	100.0
324.8364624000096	81.0	100.0
324.8559508000035	81.0	100.0
324.87990269999136	81.0	100.0
324.8966344000073	81.0	100.0
324.9167513999855	81.0	100.0
324.93643750000047	81.0	100.0
324.95666789999814	81.0	100.0
324.97873410000466	81.0	100.0
324.9977319999889	81.0	100.0
325.01652889998513	81.0	100.0
325.0367627000087	81.0	100.0
325.05700709999655	81.0	100.0
325.0786653999821	81.0	100.0
325.0970580999856	81.0	100.0
325.1169018000073	81.0	100.0
325.13658379999106	81.0	100.0
325.1563744999876	81.0	100.0
325.1781754999829	81.0	100.0
325.19674680000753	81.0	100.0
325.21673159999773	81.0	100.0
325.23689639999066	81.0	100.0
325.2566838999919	81.0	100.0
325.28014019998955	81.0	100.0
325.2971823999833	81.0	100.0
325.3163601999986	81.0	100.0
325.33613270000205	81.0	100.0
325.35641529998975	81.0	100.0
325.37699719998636	81.0	100.0
325.3958641999925	81.0	100.0
325.4170647999854	81.0	100.0
325.4368165000051	81.0	100.0
325.45700389999547	81.0	100.0
325.4766480999824	81.0	100.0
325.4969895000104	81.0	100.0
325.5175164999964	81.0	100.0
325.5369561999978	82.0	100.0
325.6866689999879	82.0	100.0
325.68671720000566	82.0	100.0
325.6867410999839	82.0	100.0
325.68676459998824	82.0	100.0
325.68678679998266	82.0	100.0
325.68680880000466	82.0	100.0
325.6868308999983	82.0	100.0
325.6979069999943	82.0	100.0
325.71675610000966	82.0	100.0
325.82770570000866	82.0	100.0
325.82774189999327	82.0	100.0
325.82775979998405	82.0	100.0
325.82777689999784	82.0	100.0
325.8277936000086	82.0	100.0
325.836647499993	82.0	100.0
325.8562338000047	82.0	100.0
325.8770449000003	82.0	100.0
325.8975838999904	82.0	100.0
325.99264949999633	82.0	100.0
325.9926872999931	82.0	100.0
325.9927056999877	82.0	100.0
325.9927224999992	82.0	100.0
325.9975596999866	82.0	100.0
326.0162207999965	82.0	100.0
326.0369633999944	82.0	100.0
326.1349829999963	82.0	100.0
326.1350214999984	82.0	100.0
326.1350393999892	82.0	100.0
326.13505599999917	82.0	100.0
326.1372743000102	82.0	100.0
326.15710630000103	82.0	100.0
326.17696710000746	82.0	100.0
326.1964452000102	82.0	100.0
326.30113559999154	82.0	100.0
326.30118400001084	82.0	100.0
326.3012083999929	82.0	100.0
326.3012310999911	82.0	100.0
326.3012533999863	82.0	100.0
326.3175188000023	82.0	100.0
326.33752909998293	82.0	100.0
326.44666970000253	82.0	100.0
326.4466912999924	82.0	100.0
326.44669939999585	82.0	100.0
326.4467078000016	82.0	100.0
326.44675139998435	82.0	100.0
326.45695429999614	82.0	100.0
326.4769498000096	82.0	100.0
326.4970391000097	82.0	100.0
326.6125880999898	82.0	100.0
326.6126221999875	81.0	100.0
326.61263529999997	81.0	100.0
326.6126460999949	81.0	100.0
326.61265629998525	81.0	100.0
326.6175018000067	81.0	100.0
326.6373767000041	81.0	100.0
326.65649960000883	81.0	100.0
326.7535716999846	81.0	100.0
326.7536084000021	81.0	100.0
326.7536259999906	81.0	100.0
326.7536422999983	81.0	100.0
326.7567238000047	81.0	100.0
326.777053400001	81.0	100.0
326.7996807000018	81.0	100.0
326.81684849999147	81.0	100.0
326.90973210000084	81.0	100.0
326.9097666000016	81.0	100.0
326.9097839999886	81.0	100.0
326.90980090000085	81.0	100.0
326.9162735999853	81.0	100.0
326.9362570999947	81.0	100.0
326.9560377000016	81.0	100.0
327.0440365000104	81.0	100.0
327.0440731999988	81.0	100.0
327.0440913999919	81.0	100.0
327.0441118000017	81.0	100.0
327.05706560000544	81.0	100.0
327.07786119999946	81.0	100.0
327.0990981000068	81.0	100.0
327.11722769998596	81.0	100.0
327.30705569998827	81.0	100.0
327.3070760999981	81.0	100.0
327.3070843000023	81.0	100.0
327.30709220000426	81.0	100.0
327.3071028999984	81.0	100.0
327.3071106999996	81.0	100.0
327.30711779999547	81.0	100.0
327.3071251999936	81.0	100.0
327.30713259999175	81.0	100.0
327.3178600000101	81.0	100.0
327.33690860000206	81.0	100.0
327.35759510000935	81.0	100.0
327.3768590000109	81.0	100.0
327.3974757999822	81.0	100.0
327.4172838999948	81.0	100.0
327.573845100007	81.0	100.0
327.5738827000023	81.0	100.0
327.57390019999	81.0	100.0
327.57391700000153	81.0	100.0
327.57393379998393	81.0	100.0
327.5739499999909	81.0	100.0
327.5739665000001	81.0	100.0
327.5763338000106	81.0	100.0
327.59682299999986	81.0	100.0
327.61620940000284	81.0	100.0
327.6364360000007	81.0	100.0
327.73481309998897	81.0	100.0
327.7348636999959	81.0	100.0
327.73489719998906	81.0	100.0
327.734921700001	81.0	100.0
327.73708299998543	81.0	100.0
327.756913899997	81.0	100.0
327.7766128999938	81.0	100.0
327.86713070000405	81.0	100.0
327.8671524999954	81.0	100.0
327.8671603999974	81.0	100.0
327.86717109999154	81.0	100.0
327.8765460999857	81.0	100.0
327.8961269999854	81.0	100.0
327.91593499999726	81.0	100.0
327.93720310000936	81.0	100.0
328.08611380000366	81.0	100.0
328.0861498999875	81.0	100.0
328.08616740000434	81.0	100.0
328.0861842999875	81.0	100.0
328.08620079999673	81.0	100.0
328.0862175000075	81.0	100.0
328.0862336999853	81.0	100.0
328.0969144999981	81.0	100.0
328.11693170000217	81.0	100.0
328.1346806999936	81.0	100.0
328.29048299998976	81.0	100.0
328.29053369999747	81.0	100.0
328.2905580000079	81.0	100.0
328.2905813000107	81.0	100.0
328.2906040000089	81.0	100.0
328.29062660000636	81.0	100.0
328.29064890000154	81.0	100.0
328.300951799989	81.0	100.0
328.3167837999936	81.0	100.0
328.3365374999994	81.0	100.0
328.49575360000017	81.0	100.0
328.49577330000466	81.0	100.0
328.49580639999476	81.0	100.0
328.49581500000204	81.0	100.0
328.4958237000101	81.0	100.0
328.4958340000012	81.0	100.0
328.4958447999961	81.0	100.0
328.49791450001067	81.0	100.0
328.5190580000053	81.0	100.0
328.53800189998583	82.0	100.0
328.55918069998734	82.0	100.0
328.7003698000044	82.0	100.0
328.70041109999875	82.0	100.0
328.7004372999945	82.0	100.0
328.7004622000095	82.0	100.0
328.700485999987	82.0	100.0
328.7005063999968	82.0	100.0
328.700530800008	82.0	100.0
328.71687559998827	82.0	100.0
328.73639239999466	82.0	100.0
328.7565798999858	82.0	100.0
328.9047452000086	82.0	100.0
328.9047925999912	82.0	100.0
328.9048167000001	82.0	100.0
328.90483899999526	82.0	100.0
328.9048608999874	82.0	100.0
328.9048829000094	82.0	100.0
328.9049051000038	82.0	100.0
328.91789569999673	82.0	100.0
328.93719820000115	82.0	100.0
328.9568723999837	82.0	100.0
329.10990650000167	82.0	100.0
329.1099325999967	82.0	100.0
329.10994200001005	82.0	100.0
329.10994999998366	82.0	100.0
329.1099575999833	82.0	100.0
329.10996529998374	82.0	100.0
329.10997279998264	82.0	100.0
329.1174441000039	82.0	100.0
329.1370656999934	82.0	100.0
329.15738459999557	82.0	100.0
329.3147059000039	82.0	100.0
329.31474120001076	82.0	100.0
329.31475879999925	82.0	100.0
329.3147753000085	82.0	100.0
329.3147915999871	82.0	100.0
329.3148075999925	82.0	100.0
329.3148235999979	82.0	100.0
329.3187182999973	82.0	100.0
329.3365263000014	82.0	100.0
329.3578839999973	82.0	100.0
329.3772123999952	82.0	100.0
329.4619793999882	82.0	100.0
329.46200309999404	82.0	100.0
329.46201190000284	82.0	100.0
329.4620203000086	82.0	100.0
329.47702439999557	82.0	100.0
329.49701059999643	82.0	100.0
329.6485640000028	82.0	100.0
329.64860009998665	82.0	100.0
329.6486173000012	82.0	100.0
329.6486392999941	82.0	100.0
329.64866320000147	82.0	100.0
329.64868749998277	82.0	100.0
329.6487112999894	82.0	100.0
329.6570672999951	82.0	100.0
329.67768480000086	82.0	100.0
329.6971524999826	82.0	100.0
329.7180015000049	82.0	100.0
329.73725810000906	82.0	100.0
329.7577314999944	82.0	100.0
329.77708359999815	82.0	100.0
329.92893319998984	82.0	100.0
329.92898289998993	82.0	100.0
329.9290069999988	82.0	100.0
329.9290297999978	82.0	100.0
329.92905239999527	82.0	100.0
329.92907439998817	82.0	100.0
329.92909689998487	82.0	100.0
329.9367688999919	82.0	100.0
329.95644169999287	82.0	100.0
329.9767076999997	82.0	100.0
330.0863357000053	82.0	100.0
330.0863584000035	82.0	100.0
330.0863670000108	82.0	100.0
330.08637539998745	82.0	100.0
330.08638319998863	82.0	100.0
330.09950989999925	82.0	100.0
330.1162694999948	82.0	100.0
330.14962129999185	82.0	100.0
330.15661669999827	82.0	100.0
330.17678989999695	82.0	100.0
330.1983709000051	82.0	100.0
330.21665809999104	82.0	100.0
330.23622109999997	82.0	100.0
330.25672619999386	82.0	100.0
330.3248908999958	82.0	100.0
330.3249307000078	82.0	100.0
330.3249439999927	82.0	100.0
330.3376972999831	82.0	100.0
330.3578780000098	82.0	100.0
330.37720809999155	82.0	100.0
330.39854090000154	82.0	100.0
330.45866569998907	82.0	100.0
330.4586855999951	82.0	100.0
330.45869369999855	82.0	100.0
330.4780707999889	82.0	100.0
330.4976101999928	82.0	100.0
330.518104399991	82.0	100.0
330.53837860000203	82.0	100.0
330.5579827000038	82.0	100.0
330.5768720000051	82.0	100.0
330.59791740000946	82.0	100.0
330.6171374999976	82.0	100.0
330.63816440000664	82.0	100.0
330.65718849998666	82.0	100.0
330.67645150001044	82.0	100.0
330.6966218999878	82.0	100.0
330.71875870000804	82.0	100.0
330.7365693000029	82.0	100.0
330.7567992999975	82.0	100.0
330.77527330000885	82.0	100.0
330.7941451999941	82.0	100.0
330.81548449999536	82.0	100.0
330.83562820000225	82.0	100.0
330.85758209999767	82.0	100.0
330.8761708000093	82.0	100.0
330.8984178999963	82.0	100.0
330.9098585000029	82.0	100.0
330.92970879998757	82.0	100.0
330.95055159999174	82.0	100.0
330.97084120000363	82.0	100.0
330.99054679999244	82.0	100.0
331.01023660000646	82.0	100.0
331.03066150000086	82.0	100.0
331.0500873999845	82.0	100.0
331.0714061000035	82.0	100.0
331.0901596999902	82.0	100.0
331.11018729998614	82.0	100.0
331.1304697000014	82.0	100.0
331.1502225000004	82.0	100.0
331.1702446999843	82.0	100.0
331.1908590999956	82.0	100.0
331.2101513000089	82.0	100.0
331.2306954000087	82.0	100.0
331.2505290999834	82.0	100.0
331.27042220000294	82.0	100.0
331.2905244999856	82.0	100.0
331.3106642999919	82.0	100.0
331.3301112999907	82.0	100.0
331.35069329998805	82.0	100.0
331.37045690001105	82.0	100.0
331.39103939998313	82.0	100.0
331.4103342999879	82.0	100.0
331.4310398999951	82.0	100.0
331.4499691000092	82.0	100.0
331.4707836000016	82.0	100.0
331.49102049999055	82.0	100.0
331.5121566999878	82.0	100.0
331.53117949998705	81.0	100.0
331.5510083999834	81.0	100.0
331.5706594999938	81.0	100.0
331.59115669998573	81.0	100.0
331.6108251999831	81.0	100.0
331.6316022000101	81.0	100.0
331.650859699992	81.0	100.0
331.6707275999943	81.0	100.0
331.6908421999833	81.0	100.0
331.7109522999963	81.0	100.0
331.73077160000685	81.0	100.0
331.75058980000904	81.0	100.0
331.77063539999654	81.0	100.0
331.7908408000076	81.0	100.0
331.8106770000013	81.0	100.0
331.8311080999847	81.0	100.0
331.85084780000034	81.0	100.0
331.8710963999911	81.0	100.0
331.8923354999861	81.0	100.0
331.91112189998967	81.0	100.0
331.931104999996	81.0	100.0
331.95120179999503	81.0	100.0
331.970882900001	81.0	100.0
331.9913372999872	81.0	100.0
332.0108600000094	81.0	100.0
332.0316062000056	81.0	100.0
332.05102280000574	81.0	100.0
332.07096439998713	81.0	100.0
332.0909745999961	81.0	100.0
332.1106979000033	81.0	100.0
332.13044740000623	81.0	100.0
332.15123319998384	81.0	100.0
332.1705387000111	81.0	100.0
332.19144779999624	81.0	100.0
332.2123245999974	81.0	100.0
332.2333340999903	81.0	100.0
332.25337520000176	81.0	100.0
332.27565570001025	81.0	100.0
332.29563219999545	81.0	100.0
332.3159100000048	81.0	100.0
332.33574509999016	81.0	100.0
332.3556880999822	81.0	100.0
332.3754808999947	81.0	100.0
332.3969938000082	81.0	100.0
332.4162376000022	81.0	100.0
332.4364657999831	81.0	100.0
332.45557479999843	81.0	100.0
332.47571870000684	81.0	100.0
332.4956117999973	81.0	100.0
332.5168218000035	81.0	100.0
332.5352857999969	81.0	100.0
332.5556823000079	81.0	100.0
332.57567190000555	81.0	100.0
332.5963994000049	81.0	100.0
332.6155132999993	81.0	100.0
332.63586479998776	81.0	100.0
332.6558378000045	81.0	100.0
332.6757750000106	81.0	100.0
332.69575089999125	81.0	100.0
332.7158223000006	81.0	100.0
332.7355416000064	81.0	100.0
332.75567809998756	81.0	100.0
332.7754111000104	81.0	100.0
332.7986423000111	81.0	100.0
332.8144937999896	81.0	100.0
332.8355326000019	81.0	100.0
332.85682099999394	81.0	100.0
332.87719410000136	81.0	100.0
332.89687259998755	81.0	100.0
332.91648509999504	81.0	100.0
332.9365186000068	81.0	100.0
332.95678839998436	81.0	100.0
332.97647829999914	81.0	100.0
332.997400799999	81.0	100.0
333.01632399999653	81.0	100.0
333.03568239999004	81.0	100.0
333.05636570000206	81.0	100.0
333.0769780999981	81.0	100.0
333.09723049998865	81.0	100.0
333.1168689999904	81.0	100.0
333.13555069998256	81.0	100.0
333.1556023999874	81.0	100.0
333.1770877999952	81.0	100.0
333.1970132999995	81.0	100.0
333.2162593000103	81.0	100.0
333.23668689999613	81.0	100.0
333.2567131999822	81.0	100.0
333.2767044999928	81.0	100.0
333.29734029999236	81.0	100.0
333.31696940000984	81.0	100.0
333.3370934999839	81.0	100.0
333.3574495000066	81.0	100.0
333.37696649998543	81.0	100.0
333.3970323000103	81.0	100.0
333.4172942999867	81.0	100.0
333.43696950000594	81.0	100.0
333.45793040000717	81.0	100.0
333.47698199999286	81.0	100.0
333.4975768000004	81.0	100.0
333.5174976999988	81.0	100.0
333.53710489999503	79.0	100.0
333.55738459998975	79.0	100.0
333.5773913000012	79.0	100.0
333.59796399998595	79.0	100.0
333.6169779000047	79.0	100.0
333.6370299999835	79.0	100.0
333.6569446999929	79.0	100.0
333.67719709998346	79.0	100.0
333.69739019998815	79.0	100.0
333.7174703000055	79.0	100.0
333.7370383999951	79.0	100.0
333.7572372999857	79.0	100.0
333.7771618999832	79.0	100.0
333.7976457999903	79.0	100.0
333.81751009999425	79.0	100.0
333.8376360999828	79.0	100.0
333.85714129998814	79.0	100.0
333.87730439999723	79.0	100.0
333.8977629999863	79.0	100.0
333.9167119000049	79.0	100.0
333.93380579998484	79.0	100.0
333.95495349998237	79.0	100.0
333.97645399998873	79.0	100.0
333.9967876999872	79.0	100.0
334.0170274999982	79.0	100.0
334.0371168999991	79.0	100.0
334.0571576000075	79.0	100.0
334.0772493999975	79.0	100.0
334.0971778999956	79.0	100.0
334.11713490000693	79.0	100.0
334.1374206999899	79.0	100.0
334.1573078999936	79.0	100.0
334.1771596999897	79.0	100.0
334.1974503000092	79.0	100.0
334.2169241000083	79.0	100.0
334.2378330999927	79.0	100.0
334.25783280000906	79.0	100.0
334.2778091999935	79.0	100.0
334.2977686999948	79.0	100.0
334.3178462999931	79.0	100.0
334.33766260000993	79.0	100.0
334.35723809999763	79.0	100.0
334.3773668000067	79.0	100.0
334.3983442999888	79.0	100.0
334.41796190000605	79.0	100.0
334.4382148000004	79.0	100.0
334.4582254999841	79.0	100.0
334.47806560000754	79.0	100.0
334.49833699999726	79.0	100.0
334.5188963999972	79.0	100.0
334.53827709998586	79.0	100.0
334.55885000000126	79.0	100.0
334.57807109999703	79.0	100.0
334.59887389998767	79.0	100.0
334.6186705	79.0	100.0
334.63869530000375	79.0	100.0
334.6580478999822	79.0	100.0
334.6783168000111	79.0	100.0
334.6983274999948	79.0	100.0
334.7185967999976	79.0	100.0
334.73846530000446	79.0	100.0
334.758105099987	79.0	100.0
334.77854979998665	79.0	100.0
334.7989023999835	79.0	100.0
334.81842470000265	79.0	100.0
334.83805890000076	79.0	100.0
334.85895029999665	79.0	100.0
334.87871230000746	79.0	100.0
334.89868630000274	79.0	100.0
334.9192619000096	79.0	100.0
334.93796969999676	79.0	100.0
334.95809420000296	79.0	100.0
334.97772590001114	79.0	100.0
334.9985282999987	79.0	100.0
335.0181071999832	79.0	100.0
335.0384348999942	79.0	100.0
335.0580382999906	79.0	100.0
335.0792387999827	79.0	100.0
335.09909750000224	79.0	100.0
335.1182570999954	79.0	100.0
335.13788809999824	79.0	100.0
335.15919239999494	79.0	100.0
335.178006800008	79.0	100.0
335.1988706999982	79.0	100.0
335.21906629999285	79.0	100.0
335.23814370000036	79.0	100.0
335.2590080999944	79.0	100.0
335.2782054999843	79.0	100.0
335.29845589998877	79.0	100.0
335.3192842999997	79.0	100.0
335.33826739998767	79.0	100.0
335.3584617000015	79.0	100.0
335.3782910000009	79.0	100.0
335.39963709999574	79.0	100.0
335.41905369999586	79.0	100.0
335.4390738999937	79.0	100.0
335.4583747999859	79.0	100.0
335.4787370999984	79.0	100.0
335.4987454999937	79.0	100.0
335.5180681000056	79.0	100.0
335.54019510000944	81.0	100.0
335.55774859999656	81.0	100.0
335.5779565999983	81.0	100.0
335.6001960999856	81.0	100.0
335.62540479999734	81.0	100.0
335.64206489999196	81.0	100.0
335.6612563999952	81.0	100.0
335.6818796999869	81.0	100.0
335.7015934000083	81.0	100.0
335.72307710000314	81.0	100.0
335.74180389998946	81.0	100.0
335.76257779999287	81.0	100.0
335.78191510000033	81.0	100.0
335.80422869999893	81.0	100.0
335.8206438999914	81.0	100.0
335.840918300004	81.0	100.0
335.8611086999881	81.0	100.0
335.8806226000015	81.0	100.0
335.9006759999902	81.0	100.0
335.9208808999974	81.0	100.0
335.9413368999958	81.0	100.0
335.9612575999927	81.0	100.0
335.98133479998796	81.0	100.0
336.0026167999895	81.0	100.0
336.02156110000215	81.0	100.0
336.04232899998897	81.0	100.0
336.0622134000005	81.0	100.0
336.08204229999683	81.0	100.0
336.10222110000905	81.0	100.0
336.12209669998265	81.0	100.0
336.1420368999825	81.0	100.0
336.1623641999904	81.0	100.0
336.18148860000656	81.0	100.0
336.2014986999857	81.0	100.0
336.22050480000325	81.0	100.0
336.24283420000575	81.0	100.0
336.2609950999904	81.0	100.0
336.28197119999095	81.0	100.0
336.30194330000086	81.0	100.0
336.3209792999842	81.0	100.0
336.34251190000214	81.0	100.0
336.3611232000112	81.0	100.0
336.3814851999923	81.0	100.0
336.40084919999936	81.0	100.0
336.4215617000009	81.0	100.0
336.44140409998363	81.0	100.0
336.4629117999866	81.0	100.0
336.4822671999864	81.0	100.0
336.5025631999888	81.0	100.0
336.5230149999843	81.0	100.0
336.54275600000983	82.0	100.0
336.561950400006	82.0	100.0
336.5821867999912	82.0	100.0
336.60204749999684	82.0	100.0
336.6213853000081	82.0	100.0
336.6425157999911	82.0	100.0
336.6623690999986	82.0	100.0
336.6824227999896	82.0	100.0
336.70256579999113	82.0	100.0
336.72252619999927	82.0	100.0
336.74216249998426	82.0	100.0
336.76244560000487	82.0	100.0
336.78226619999623	82.0	100.0
336.802821099991	82.0	100.0
336.82226469999296	82.0	100.0
336.8421251999971	82.0	100.0
336.8616550999868	82.0	100.0
336.882855200005	82.0	100.0
336.90192790000583	82.0	100.0
336.922064399987	82.0	100.0
336.94126180000603	82.0	100.0
336.96138749999227	82.0	100.0
336.98164869999164	82.0	100.0
336.99964980001096	82.0	100.0
337.0191568000009	82.0	100.0
337.03945690000546	82.0	100.0
337.06284239998786	82.0	100.0
337.0826203000033	82.0	100.0
337.1026002999861	82.0	100.0
337.12207829998806	82.0	100.0
337.142002699984	82.0	100.0
337.16432239999995	82.0	100.0
337.1827484999958	82.0	100.0
337.2027592000086	82.0	100.0
337.22203279999667	82.0	100.0
337.2424475000007	82.0	100.0
337.26268700000946	82.0	100.0
337.28268420000677	82.0	100.0
337.3025294000108	82.0	100.0
337.3192359000095	82.0	100.0
337.3367603000079	82.0	100.0
337.35461710000527	82.0	100.0
337.37471790000563	82.0	100.0
337.39944099998684	82.0	100.0
337.41719219999504	82.0	100.0
337.4360999999917	82.0	100.0
337.45572299999185	82.0	100.0
337.47944799999823	82.0	100.0
337.5043805000023	82.0	100.0
337.5240907999978	82.0	100.0
337.5435601999925	83.0	100.0
337.563556899986	83.0	100.0
337.58272320000106	83.0	100.0
337.60391320000053	83.0	100.0
337.6225586000073	83.0	100.0
337.64287630000035	83.0	100.0
337.6625369999965	83.0	100.0
337.6827915000031	83.0	100.0
337.70248499998706	83.0	100.0
337.72325069998624	83.0	100.0
337.74201220000396	83.0	100.0
337.7626834999828	83.0	100.0
337.78269560000626	83.0	100.0
337.803926099994	83.0	100.0
337.8222972000076	83.0	100.0
337.84263140000985	83.0	100.0
337.862599199987	83.0	100.0
337.88364320000983	83.0	100.0
337.90333919998375	83.0	100.0
337.9235144999984	83.0	100.0
337.9429098999826	83.0	100.0
337.96347029999015	83.0	100.0
337.98358060000464	83.0	100.0
338.0036715999886	83.0	100.0
338.0225109999883	83.0	100.0
338.04372280000825	83.0	100.0
338.0596014999901	83.0	100.0
338.0798398999905	83.0	100.0
338.09567139999126	83.0	100.0
338.11920049999026	83.0	100.0
338.14041629998246	83.0	100.0
338.16182780000963	83.0	100.0
338.18296539998846	83.0	100.0
338.2036773999862	83.0	100.0
338.22347090000403	83.0	100.0
338.2445684999984	83.0	100.0
338.26251080000657	83.0	100.0
338.2839076000091	83.0	100.0
338.3038890000025	83.0	100.0
338.32410969998455	83.0	100.0
338.3440995999845	83.0	100.0
338.3637810999935	83.0	100.0
338.3828383999935	83.0	100.0
338.4037287000101	83.0	100.0
338.4229013999866	83.0	100.0
338.44285259998287	83.0	100.0
338.46161339999526	83.0	100.0
338.4831508999923	83.0	100.0
338.50318939998397	83.0	100.0
338.52418609999586	83.0	100.0
338.54492819998995	84.0	100.0
338.563750900008	84.0	100.0
338.58573839999735	84.0	100.0
338.6035542000027	84.0	100.0
338.622351900005	84.0	100.0
338.6436434999923	84.0	100.0
338.6626901999989	84.0	100.0
338.6832853000087	84.0	100.0
338.70355070001096	84.0	100.0
338.7233014999947	84.0	100.0
338.74281349999364	84.0	100.0
338.76315019998583	84.0	100.0
338.7828290000034	84.0	100.0
338.8046639999957	84.0	100.0
338.82315139999264	84.0	100.0
338.8432969999849	84.0	100.0
338.8663563999871	84.0	100.0
338.8833941000048	84.0	100.0
338.9051095999894	84.0	100.0
338.9240189999982	84.0	100.0
338.94355329999235	84.0	100.0
338.9635588999954	84.0	100.0
338.9826543999952	84.0	100.0
339.004059400002	84.0	100.0
339.023136600008	84.0	100.0
339.0432291000034	84.0	100.0
339.06319329998223	84.0	100.0
339.0833396000089	84.0	100.0
339.1030796999985	84.0	100.0
339.1239257999987	84.0	100.0
339.144232199993	84.0	100.0
339.1633990999835	84.0	100.0
339.1835519000015	84.0	100.0
339.2049832000048	84.0	100.0
339.22326199998497	84.0	100.0
339.24337849998847	84.0	100.0
339.26336769998306	84.0	100.0
339.283330700011	84.0	100.0
339.3043628000014	84.0	100.0
339.32266629999503	84.0	100.0
339.34454600000754	84.0	100.0
339.3649875999836	84.0	100.0
339.3833386999904	84.0	100.0
339.40391180000734	84.0	100.0
339.4237489000079	84.0	100.0
339.44360430000233	84.0	100.0
339.4630828000081	84.0	100.0
339.48337800000445	84.0	100.0
339.5033506999898	84.0	100.0
339.52469369999017	84.0	100.0
339.54479680000804	84.0	100.0
339.5644617000071	84.0	100.0
339.5840513999865	84.0	100.0
339.60448859998723	84.0	100.0
339.62402779998956	84.0	100.0
339.64509770000586	84.0	100.0
339.6641212000104	84.0	100.0
339.68447149998974	84.0	100.0
339.70417499999166	84.0	100.0
339.7243858999864	84.0	100.0
339.74338420000277	84.0	100.0
339.764248099993	84.0	100.0
339.7844880000048	84.0	100.0
339.80409150000196	84.0	100.0
339.8250631999981	84.0	100.0
339.8442801999918	84.0	100.0
339.8640652000031	84.0	100.0
339.884321199992	84.0	100.0
339.90459120000014	84.0	100.0
339.92387739999685	84.0	100.0
339.9441688999941	84.0	100.0
339.96422550000716	84.0	100.0
339.98294439999154	84.0	100.0
340.00576659999206	84.0	100.0
340.02412139999797	84.0	100.0
340.04307109999354	84.0	100.0
340.06016200000886	84.0	100.0
340.08189629999106	84.0	100.0
340.1008290000027	84.0	100.0
340.1188538999995	84.0	100.0
340.13939689999097	84.0	100.0
340.1605505000043	84.0	100.0
340.1800540999975	84.0	100.0
340.20145789999515	84.0	100.0
340.22268820001045	84.0	100.0
340.2441543999885	84.0	100.0
340.2607777999947	84.0	100.0
340.28068460000213	84.0	100.0
340.3007043999969	84.0	100.0
340.3208478000015	84.0	100.0
340.34185130000697	84.0	100.0
340.3625309999916	84.0	100.0
340.3834502999962	84.0	100.0
340.4038781999843	84.0	100.0
340.4243717000063	84.0	100.0
340.444574299996	84.0	100.0
340.4647541999875	84.0	100.0
340.48485509998864	84.0	100.0
340.502860699984	84.0	100.0
340.6438482000085	84.0	100.0
340.6438688999915	83.0	100.0
340.64387709999573	83.0	100.0
340.6438851999992	83.0	100.0
340.6438926999981	83.0	100.0
340.64390090000234	83.0	100.0
340.64903060000506	83.0	100.0
340.66530399999465	83.0	100.0
340.68493409999064	83.0	100.0
340.7043457000109	83.0	100.0
340.7246892999974	83.0	100.0
340.7417422999861	83.0	100.0
340.7650067000068	83.0	100.0
340.78464820000227	83.0	100.0
340.80492510000477	83.0	100.0
340.8247749999864	83.0	100.0
340.84517539999797	83.0	100.0
340.864820399991	83.0	100.0
340.8846196999948	83.0	100.0
340.90439559999504	83.0	100.0
340.9246931000089	83.0	100.0
340.94540940001025	83.0	100.0
340.9646880000073	83.0	100.0
340.98445200000424	83.0	100.0
341.00467709999066	83.0	100.0
341.0218473999994	83.0	100.0
341.0447353000054	83.0	100.0
341.0648680999875	83.0	100.0
341.08405569999013	83.0	100.0
341.1046245000034	83.0	100.0
341.1243082000001	83.0	100.0
341.1451604999893	83.0	100.0
341.16548900000635	83.0	100.0
341.18346110000857	83.0	100.0
341.2045603999868	83.0	100.0
341.224696099991	83.0	100.0
341.2445116000017	83.0	100.0
341.26439639998716	83.0	100.0
341.2846157999884	83.0	100.0
341.3041685000062	83.0	100.0
341.3238546999928	83.0	100.0
341.3448014000023	83.0	100.0
341.36420609999914	83.0	100.0
341.38403819999075	83.0	100.0
341.4048189999885	83.0	100.0
341.42458110000007	83.0	100.0
341.44442729998264	83.0	100.0
341.4650708999834	83.0	100.0
341.48444010000094	83.0	100.0
341.50474000000395	83.0	100.0
341.5256775000016	83.0	100.0
341.54425219999393	84.0	100.0
341.5645519999962	84.0	100.0
341.58481289999327	84.0	100.0
341.6047034999938	84.0	100.0
341.62479500001064	84.0	100.0
341.64461160000064	84.0	100.0
341.6644389999856	84.0	100.0
341.6848449000099	84.0	100.0
341.70458409999264	84.0	100.0
341.72518489998765	84.0	100.0
341.74438210000517	84.0	100.0
341.7650629999989	84.0	100.0
341.7842289999826	84.0	100.0
341.8066499999841	84.0	100.0
341.82441909998306	84.0	100.0
341.8444790999929	84.0	100.0
341.8631710000045	84.0	100.0
341.8846458999906	84.0	100.0
341.9054427999945	84.0	100.0
341.92546500000753	84.0	100.0
341.94505619999836	84.0	100.0
341.96458279999206	84.0	100.0
341.9847884000046	84.0	100.0
342.0045724000083	84.0	100.0
342.0242963999917	84.0	100.0
342.0446152999939	84.0	100.0
342.06449230000726	84.0	100.0
342.08467740000924	84.0	100.0
342.1046514000045	84.0	100.0
342.1246772999875	84.0	100.0
342.1446013000095	84.0	100.0
342.16515320001054	84.0	100.0
342.18460259999847	84.0	100.0
342.20362159999786	84.0	100.0
342.22368120000465	84.0	100.0
342.2451088000089	84.0	100.0
342.26454909998574	84.0	100.0
342.284883299988	84.0	100.0
342.3049048999965	84.0	100.0
342.32351699998253	84.0	100.0
342.34403370000655	84.0	100.0
342.3640302999993	84.0	100.0
342.3866044000024	84.0	100.0
342.4045874000003	84.0	100.0
342.4246495999978	84.0	100.0
342.44460170000093	84.0	100.0
342.46400609999546	84.0	100.0
342.4850832000084	84.0	100.0
342.50412759999745	84.0	100.0
342.5263735000044	84.0	100.0
342.5448719999986	84.0	100.0
342.5646029000054	84.0	100.0
342.58458890000475	84.0	100.0
342.60326999999234	84.0	100.0
342.62233650000417	84.0	100.0
342.6421932000085	84.0	100.0
342.66099259999464	84.0	100.0
342.68083719999413	84.0	100.0
342.7028500000015	84.0	100.0
342.7223614999966	84.0	100.0
342.74121269999887	84.0	100.0
342.76102269999683	84.0	100.0
342.7805886999995	84.0	100.0
342.80230300000403	84.0	100.0
342.8226384999871	84.0	100.0
342.8433039000083	84.0	100.0
342.86023900000146	84.0	100.0
342.8818481999915	84.0	100.0
342.902642800007	84.0	100.0
342.9171580999973	84.0	100.0
342.93872030000784	84.0	100.0
342.96010689999093	84.0	100.0
342.9799103999976	84.0	100.0
343.00229659999604	84.0	100.0
343.02297479999834	84.0	100.0
343.0438569000107	84.0	100.0
343.0643954999978	84.0	100.0
343.08402099998784	84.0	100.0
343.1037580999837	84.0	100.0
343.12141419999534	84.0	100.0
343.1436893999926	84.0	100.0
343.1642875999969	84.0	100.0
343.1847216000024	84.0	100.0
343.20591940000304	84.0	100.0
343.2246441000025	84.0	100.0
343.244623400009	84.0	100.0
343.2640805999981	84.0	100.0
343.2845088999893	84.0	100.0
343.3054209999973	84.0	100.0
343.32552799998666	84.0	100.0
343.34434549999423	84.0	100.0
343.364699400001	84.0	100.0
343.3841648999951	84.0	100.0
343.4051771000086	84.0	100.0
343.4246850000054	84.0	100.0
343.44447620000574	84.0	100.0
343.46472299998277	84.0	100.0
343.4848043000093	84.0	100.0
343.50548880000133	84.0	100.0
343.52556639999966	84.0	100.0
343.54483269999037	84.0	100.0
343.5640681000077	84.0	100.0
343.58384119998664	84.0	100.0
343.60466029998497	84.0	100.0
343.62480809999397	84.0	100.0
343.6448008999869	84.0	100.0
343.66460049999296	84.0	100.0
343.68474309999146	84.0	100.0
343.7045022000093	84.0	100.0
343.7250323999906	84.0	100.0
343.7452467000112	84.0	100.0
343.7648678999976	84.0	100.0
343.78410230000736	84.0	100.0
343.80468739999924	84.0	100.0
343.82419819998904	84.0	100.0
343.8436013000028	84.0	100.0
343.8640511999838	84.0	100.0
343.88401259999955	84.0	100.0
343.90474329999415	84.0	100.0
343.9249443000008	84.0	100.0
343.94491009999183	84.0	100.0
343.9643881999946	84.0	100.0
343.9848578000092	84.0	100.0
344.00402819999726	84.0	100.0
344.02515529998345	84.0	100.0
344.04415380000137	84.0	100.0
344.06398549998994	84.0	100.0
344.0849610999867	84.0	100.0
344.10457940000924	84.0	100.0
344.1246444999997	84.0	100.0
344.1447899999912	84.0	100.0
344.16467629998806	84.0	100.0
344.18453440000303	84.0	100.0
344.20481460000155	84.0	100.0
344.2247575999936	84.0	100.0
344.24528279999504	84.0	100.0
344.2646410999878	84.0	100.0
344.28472709999187	84.0	100.0
344.30507729999954	84.0	100.0
344.3248387000058	84.0	100.0
344.34442670000135	84.0	100.0
344.3647083999822	84.0	100.0
344.3845397999976	84.0	100.0
344.4047760000103	84.0	100.0
344.424912699993	84.0	100.0
344.44451339999796	84.0	100.0
344.4647997999855	84.0	100.0
344.4847333999933	84.0	100.0
344.5058837000106	84.0	100.0
344.5237916999904	84.0	100.0
344.5445169000013	84.0	100.0
344.5643168000097	84.0	100.0
344.58397549999063	84.0	100.0
344.60392039999715	84.0	100.0
344.62491579999914	84.0	100.0
344.64489619998494	84.0	100.0
344.66462219998357	84.0	100.0
344.68474239998613	84.0	100.0
344.7049383999838	84.0	100.0
344.72450630000094	84.0	100.0
344.7441991000087	84.0	100.0
344.7640771000006	84.0	100.0
344.78406770000583	84.0	100.0
344.80682749999687	84.0	100.0
344.8245147999842	84.0	100.0
344.8447362000006	84.0	100.0
344.86461819999386	84.0	100.0
344.88456209999276	84.0	100.0
344.9044913999969	84.0	100.0
344.92469710001023	84.0	100.0
344.94652420000057	84.0	100.0
344.96448219998274	84.0	100.0
344.98455860000104	84.0	100.0
345.0045887999877	84.0	100.0
345.02481410000473	84.0	100.0
345.04370439998456	84.0	100.0
345.0648716999858	84.0	100.0
345.0845331999881	84.0	100.0
345.1042158000055	84.0	100.0
345.12437299999874	84.0	100.0
345.1449847999902	84.0	100.0
345.16488440000103	84.0	100.0
345.18455350000295	84.0	100.0
345.20475279999664	84.0	100.0
345.224609900004	84.0	100.0
345.2442907000077	84.0	100.0
345.264703199995	84.0	100.0
345.28460939999786	84.0	100.0
345.30450160001055	84.0	100.0
345.32435730000725	84.0	100.0
345.34746540000197	84.0	100.0
345.36488390000886	84.0	100.0
345.3843391999835	84.0	100.0
345.4044588999823	84.0	100.0
345.42151260000537	84.0	100.0
345.441493899998	84.0	100.0
345.4612189999898	84.0	100.0
345.4808275999967	84.0	100.0
345.50194699998247	84.0	100.0
345.5210119000112	84.0	100.0
345.54115259999526	84.0	100.0
345.5611665000033	84.0	100.0
345.5816932999878	84.0	100.0
345.60231759998715	84.0	100.0
345.6230302999902	84.0	100.0
345.6428447999933	84.0	100.0
345.6645535999851	84.0	100.0
345.68509529999574	84.0	100.0
345.7057877999905	84.0	100.0
345.724506700004	84.0	100.0
345.74393950001104	84.0	100.0
345.7660490999988	84.0	100.0
345.78435800000443	84.0	100.0
345.8044770999986	84.0	100.0
345.8238835000084	84.0	100.0
345.84469959998387	84.0	100.0
345.8647373999993	84.0	100.0
345.8847240000032	84.0	100.0
345.9044228999992	84.0	100.0
345.92485489998944	84.0	100.0
345.94425390000106	84.0	100.0
345.9646536000073	84.0	100.0
345.98461369998404	84.0	100.0
346.0044820999901	84.0	100.0
346.0246324999898	84.0	100.0
346.0446328999824	84.0	100.0
346.0654951999895	84.0	100.0
346.0848674000008	84.0	100.0
346.1091128999833	84.0	100.0
346.1226764000021	84.0	100.0
346.14281630000914	84.0	100.0
346.1621104000078	84.0	100.0
346.18409970001085	84.0	100.0
346.20399629999883	84.0	100.0
346.2239862999995	84.0	100.0
346.2444906999881	84.0	100.0
346.26459849998355	84.0	100.0
346.28478349998477	84.0	100.0
346.30475260000094	84.0	100.0
346.3242188000004	84.0	100.0
346.3439917000069	84.0	100.0
346.36638200000743	84.0	100.0
346.38483659998747	84.0	100.0
346.4041883999889	84.0	100.0
346.424085000006	84.0	100.0
346.4439451000071	84.0	100.0
346.46379290000186	84.0	100.0
346.48385899999994	84.0	100.0
346.5035939000081	84.0	100.0
346.52436079998733	84.0	100.0
346.54433080001036	83.0	100.0
346.5639050999889	83.0	100.0
346.58522770000855	83.0	100.0
346.60463009998784	83.0	100.0
346.6244799999986	83.0	100.0
346.64464179999777	83.0	100.0
346.66452580000623	83.0	100.0
346.6847291000013	83.0	100.0
346.70471789999283	83.0	100.0
346.724810899992	83.0	100.0
346.7445226999989	83.0	100.0
346.7647170999844	83.0	100.0
346.7841720999859	83.0	100.0
346.80438260000665	83.0	100.0
346.8245302999858	83.0	100.0
346.84410539999953	83.0	100.0
346.8643838999851	83.0	100.0
346.88488009999855	83.0	100.0
346.904770299996	83.0	100.0
346.9243761000107	83.0	100.0
346.9444211999944	83.0	100.0
346.96392929999274	83.0	100.0
346.98496860000887	83.0	100.0
347.00483419999364	83.0	100.0
347.02470949999406	83.0	100.0
347.044455700001	83.0	100.0
347.06442949999473	83.0	100.0
347.08445850000135	83.0	100.0
347.1050017999951	83.0	100.0
347.12454530000105	83.0	100.0
347.1446858999843	83.0	100.0
347.1648925000045	83.0	100.0
347.1843194999965	83.0	100.0
347.2044062000059	83.0	100.0
347.22449359999155	83.0	100.0
347.24385169998277	83.0	100.0
347.2642448999977	83.0	100.0
347.28440689999843	83.0	100.0
347.3049328000052	83.0	100.0
347.32489180000266	83.0	100.0
347.3445939999947	83.0	100.0
347.36426689999644	83.0	100.0
347.3841748999839	83.0	100.0
347.4047770999896	83.0	100.0
347.42387639998924	83.0	100.0
347.4446215000062	83.0	100.0
347.4645937999885	83.0	100.0
347.4844902000041	83.0	100.0
347.5039349999861	83.0	100.0
347.52521530000377	83.0	100.0
347.54378390000784	85.0	100.0
347.5638990000007	85.0	100.0
347.585052200011	85.0	100.0
347.60456750000594	85.0	100.0
347.62422470000456	85.0	100.0
347.6446147999959	85.0	100.0
347.66463340001064	85.0	100.0
347.6845991000009	85.0	100.0
347.7038525000098	85.0	100.0
347.7246984000085	85.0	100.0
347.74458910000976	85.0	100.0
347.76477079998585	85.0	100.0
347.78413489999366	85.0	100.0
347.80660839998745	85.0	100.0
347.8248629999871	85.0	100.0
347.8439986000012	85.0	100.0
347.8640377999982	85.0	100.0
347.88469589999295	85.0	100.0
347.90488739998545	85.0	100.0
347.9211513999908	85.0	100.0
347.9444986000017	85.0	100.0
347.96446689998265	85.0	100.0
347.9844124999945	85.0	100.0
348.0051428999868	85.0	100.0
348.0246494000021	85.0	100.0
348.04451740000513	85.0	100.0
348.06427450000774	85.0	100.0
348.0847950000025	85.0	100.0
348.10499719998916	85.0	100.0
348.1245273000095	85.0	100.0
348.1446842000005	85.0	100.0
348.1645683000097	85.0	100.0
348.18327929999214	85.0	100.0
348.2039293999842	85.0	100.0
348.2246341999853	85.0	100.0
348.24397619999945	85.0	100.0
348.26468389999354	85.0	100.0
348.28446219998295	85.0	100.0
348.30449879998923	85.0	100.0
348.3258940000087	85.0	100.0
348.3448031999869	85.0	100.0
348.3643531999842	85.0	100.0
348.3844287999964	85.0	100.0
348.404916200001	85.0	100.0
348.4247719999985	85.0	100.0
348.44500710000284	85.0	100.0
348.46430520000285	85.0	100.0
348.48474179999903	85.0	100.0
348.504589499993	85.0	100.0
348.52511909999885	85.0	100.0
348.54496239998844	85.0	100.0
348.5649712999875	85.0	100.0
348.58517879998544	85.0	100.0
348.6052793999843	85.0	100.0
348.6241047999938	85.0	100.0
348.6448080999835	85.0	100.0
348.6648714999901	85.0	100.0
348.68523209998966	85.0	100.0
348.7045075999922	85.0	100.0
348.7244987000013	85.0	100.0
348.74450760000036	85.0	100.0
348.76460450000013	85.0	100.0
348.78464589998475	85.0	100.0
348.8044290000107	85.0	100.0
348.82423959998414	85.0	100.0
348.8446383999835	85.0	100.0
348.8642283999943	85.0	100.0
348.88482529998873	85.0	100.0
348.9045628999884	85.0	100.0
348.9244795999839	85.0	100.0
348.9442972999823	85.0	100.0
348.9645208999864	85.0	100.0
348.984191800002	85.0	100.0
349.00443060000543	85.0	100.0
349.02419830000144	85.0	100.0
349.04443999999785	85.0	100.0
349.06370609998703	85.0	100.0
349.0845480999851	85.0	100.0
349.1046871999861	85.0	100.0
349.1245288999926	85.0	100.0
349.1452246999834	85.0	100.0
349.1643943999952	85.0	100.0
349.1826163000078	85.0	100.0
349.20545760000823	85.0	100.0
349.2229532999918	85.0	100.0
349.2440296999994	85.0	100.0
349.26393509999616	85.0	100.0
349.284402099991	85.0	100.0
349.3045785999857	85.0	100.0
349.3246439000068	85.0	100.0
349.34433639998315	85.0	100.0
349.36440220000804	85.0	100.0
349.38383069998235	85.0	100.0
349.4039097999921	85.0	100.0
349.42446189999464	85.0	100.0
349.444963499991	85.0	100.0
349.4647796000063	85.0	100.0
349.48409260000335	85.0	100.0
349.5044979999948	85.0	100.0
349.52557160001015	85.0	100.0
349.54539700000896	84.0	100.0
349.5649329999869	84.0	100.0
349.5845386000001	84.0	100.0
349.60477109998465	84.0	100.0
349.624055399996	84.0	100.0
349.64461799999117	84.0	100.0
349.66444299998693	84.0	100.0
349.68428700001095	84.0	100.0
349.70439239998814	84.0	100.0
349.724197500007	84.0	100.0
349.74429499998223	84.0	100.0
349.76475040000514	84.0	100.0
349.7840814999945	84.0	100.0
349.8045962000033	84.0	100.0
349.82343109999783	84.0	100.0
349.8445756000001	84.0	100.0
349.86446759998216	84.0	100.0
349.884355999995	84.0	100.0
349.9044132999843	84.0	100.0
349.9244163999974	84.0	100.0
349.94430699999793	84.0	100.0
349.96434509998653	84.0	100.0
349.98445329998503	84.0	100.0
350.0047767999931	84.0	100.0
350.02435920000426	84.0	100.0
350.0451883999922	84.0	100.0
350.0666635000089	84.0	100.0
350.0847925999842	84.0	100.0
350.10444609998376	84.0	100.0
350.12462339998456	84.0	100.0
350.1445938000106	84.0	100.0
350.1639054999978	84.0	100.0
350.1875446999911	84.0	100.0
350.205140200007	84.0	100.0
350.2245399999956	84.0	100.0
350.24437719999696	84.0	100.0
350.2641015999834	84.0	100.0
350.28448579998803	84.0	100.0
350.3037930999999	84.0	100.0
350.32438159998856	84.0	100.0
350.34469910000917	84.0	100.0
350.3645070999919	84.0	100.0
350.38517709998996	84.0	100.0
350.40451170000597	84.0	100.0
350.4247139999934	84.0	100.0
350.4444294999994	84.0	100.0
350.46426249999786	84.0	100.0
350.492934000009	84.0	100.0
350.50500780000584	84.0	100.0
350.52643110000645	84.0	100.0
350.5450562000042	83.0	100.0
350.56418439999106	83.0	100.0
350.5850597000099	83.0	100.0
350.6051571999851	83.0	100.0
350.6229738999973	83.0	100.0
350.64317719999235	83.0	100.0
350.662779700011	83.0	100.0
350.6812173000071	83.0	100.0
350.6998339999991	83.0	100.0
350.7223928000021	83.0	100.0
350.74498339998536	83.0	100.0
350.7649242999905	83.0	100.0
350.78487410000525	83.0	100.0
350.80681929999264	83.0	100.0
350.8245753000083	83.0	100.0
350.84478059998946	83.0	100.0
350.8648950000061	83.0	100.0
350.88602810000884	83.0	100.0
350.90562559998943	83.0	100.0
350.9249123999907	83.0	100.0
350.94467749999603	83.0	100.0
350.9646048999857	83.0	100.0
350.9853579000046	83.0	100.0
351.00533449999057	83.0	100.0
351.02471759999753	83.0	100.0
351.0450750000018	83.0	100.0
351.0636308999965	83.0	100.0
351.0845757999923	83.0	100.0
351.10520829999587	83.0	100.0
351.12545059999684	83.0	100.0
351.1453160000092	83.0	100.0
351.16462510000565	83.0	100.0
351.1855387999967	83.0	100.0
351.20424829999683	83.0	100.0
351.22416399998474	83.0	100.0
351.2440445999964	83.0	100.0
351.2642193000065	83.0	100.0
351.28430979998666	83.0	100.0
351.30472819998977	83.0	100.0
351.3246519000095	83.0	100.0
351.344649799983	83.0	100.0
351.36483499998576	83.0	100.0
351.3824699000106	83.0	100.0
351.40402459999314	83.0	100.0
351.4226871999854	83.0	100.0
351.4452263999847	83.0	100.0
351.4639726000023	83.0	100.0
351.4848589999892	83.0	100.0
351.504202000011	83.0	100.0
351.52641200000653	83.0	100.0
351.5459961000015	85.0	100.0
351.56489720000536	85.0	100.0
351.58335430000443	85.0	100.0
351.60662800000864	85.0	100.0
351.6248750000086	85.0	100.0
351.64494169998216	85.0	100.0
351.66561060000095	85.0	100.0
351.6849946999864	85.0	100.0
351.7050368000055	85.0	100.0
351.7250991000037	85.0	100.0
351.7444394000049	85.0	100.0
351.76486679998925	85.0	100.0
351.784427400009	85.0	100.0
351.80479910000577	85.0	100.0
351.8250968999928	85.0	100.0
351.8456423000025	85.0	100.0
351.86448729998665	85.0	100.0
351.88378649999504	85.0	100.0
351.9013220999914	85.0	100.0
351.9214920999948	85.0	100.0
351.94211119998363	85.0	100.0
351.96385579998605	85.0	100.0
351.98482039998635	85.0	100.0
352.0058469999931	85.0	100.0
352.0259037000069	85.0	100.0
352.04566509998403	85.0	100.0
352.06558259998565	85.0	100.0
352.0855315999943	85.0	100.0
352.1031571000058	85.0	100.0
352.1247747000016	85.0	100.0
352.1450288000051	85.0	100.0
352.16429570000037	85.0	100.0
352.18440699999337	85.0	100.0
352.2070987999905	85.0	100.0
352.22702890000073	85.0	100.0
352.2470903999929	85.0	100.0
352.26651749998564	85.0	100.0
352.28636589998496	85.0	100.0
352.30638619998354	85.0	100.0
352.32646000001114	85.0	100.0
352.3445659999852	85.0	100.0
352.3656703000015	85.0	100.0
352.38667819998227	85.0	100.0
352.405881499988	85.0	100.0
352.4253192000033	85.0	100.0
352.44511179998517	85.0	100.0
352.4656607999932	85.0	100.0
352.4857159999956	85.0	100.0
352.50600910000503	85.0	100.0
352.5265603000007	85.0	100.0
352.5461030000006	86.0	100.0
352.5661432000052	86.0	100.0
352.58577099998365	86.0	100.0
352.606291300006	86.0	100.0
352.6266602999822	86.0	100.0
352.64591089999885	86.0	100.0
352.66514180001104	86.0	100.0
352.6860439000011	86.0	100.0
352.70619619998615	86.0	100.0
352.72673369999393	86.0	100.0
352.74579190000077	86.0	100.0
352.76650739999604	86.0	100.0
352.78527100000065	86.0	100.0
352.8062675999827	86.0	100.0
352.82522739999695	86.0	100.0
352.846504199988	86.0	100.0
352.86614830000326	86.0	100.0
352.88453760000993	86.0	100.0
352.90409959998215	86.0	100.0
352.92665919999126	86.0	100.0
352.94651700000395	86.0	100.0
352.9655652999936	86.0	100.0
352.9856318999955	86.0	100.0
353.00622199999634	86.0	100.0
353.0252004000067	86.0	100.0
353.0465598999872	86.0	100.0
353.06554350000806	86.0	100.0
353.0859105999989	86.0	100.0
353.1038244999945	86.0	100.0
353.1251531000016	86.0	100.0
353.1464478999842	86.0	100.0
353.16631510001025	86.0	100.0
353.18597859999863	86.0	100.0
353.2060985999997	86.0	100.0
353.22617169999285	86.0	100.0
353.2463524999912	86.0	100.0
353.2662904000026	86.0	100.0
353.2874938999885	86.0	100.0
353.30732689998695	86.0	100.0
353.3255572000053	86.0	100.0
353.3449660000042	86.0	100.0
353.365413099993	86.0	100.0
353.3856824999966	86.0	100.0
353.40382609999506	86.0	100.0
353.4247172999894	86.0	100.0
353.44587870000396	86.0	100.0
353.46539910000865	86.0	100.0
353.48487839999143	86.0	100.0
353.50572570000077	86.0	100.0
353.52774489999865	86.0	100.0
353.5482555000053	86.0	100.0
353.56745659999433	86.0	100.0
353.59111660000053	86.0	100.0
353.607333699998	86.0	100.0
353.6251728000061	86.0	100.0
353.64502369999536	86.0	100.0
353.6668411999999	86.0	100.0
353.6928609999886	86.0	100.0
353.7072085000109	86.0	100.0
353.72761639999226	86.0	100.0
353.7468213000102	86.0	100.0
353.76552449999144	86.0	100.0
353.7860328000097	86.0	100.0
353.808443899994	86.0	100.0
353.8264489999856	86.0	100.0
353.8464538999833	86.0	100.0
353.86660519998986	86.0	100.0
353.88638869998977	86.0	100.0
353.906553799985	86.0	100.0
353.92643469999894	86.0	100.0
353.94642359999125	86.0	100.0
353.9665468999883	86.0	100.0
353.9852435000066	86.0	100.0
354.00763770000776	86.0	100.0
354.026263000007	86.0	100.0
354.04647979998845	86.0	100.0
354.06657429999905	86.0	100.0
354.0868298999849	86.0	100.0
354.10661990000517	86.0	100.0
354.1266966999974	86.0	100.0
354.1465198000078	86.0	100.0
354.16669389998424	86.0	100.0
354.1864035000035	86.0	100.0
354.2075352999964	86.0	100.0
354.2263019999955	86.0	100.0
354.2467667000019	86.0	100.0
354.26603389999946	86.0	100.0
354.28653149999445	86.0	100.0
354.3074733999965	86.0	100.0
354.3266567999963	86.0	100.0
354.3467310999986	86.0	100.0
354.3674095000024	86.0	100.0
354.3864285000018	86.0	100.0
354.406690600008	86.0	100.0
354.42724029999226	86.0	100.0
354.4464488000085	86.0	100.0
354.46694730001036	86.0	100.0
354.48735459998716	86.0	100.0
354.50776109998696	86.0	100.0
354.52780569999595	86.0	100.0
354.5479986999999	84.0	100.0
354.56749789998867	84.0	100.0
354.5875990999921	84.0	100.0
354.6075847999891	84.0	100.0
354.6263207999873	84.0	100.0
354.64628429998993	84.0	100.0
354.66729539999506	84.0	100.0
354.686893999984	84.0	100.0
354.70671440000297	84.0	100.0
354.72733829999925	84.0	100.0
354.7466934999975	84.0	100.0
354.7667342000059	84.0	100.0
354.7868712999916	84.0	100.0
354.80731239999295	84.0	100.0
354.82670569999027	84.0	100.0
354.8465056999994	84.0	100.0
354.866749000008	84.0	100.0
354.8868996000092	84.0	100.0
354.9072584999958	84.0	100.0
354.92728529998567	84.0	100.0
354.94760799998767	84.0	100.0
354.9668442000111	84.0	100.0
354.98715249999077	84.0	100.0
355.0070796000073	84.0	100.0
355.02699479999137	84.0	100.0
355.04699959998834	84.0	100.0
355.0666741000023	84.0	100.0
355.08989430000656	84.0	100.0
355.10633199999575	84.0	100.0
355.12740110000595	84.0	100.0
355.1468569999852	84.0	100.0
355.16697930000373	84.0	100.0
355.1870068999997	84.0	100.0
355.20763520000037	84.0	100.0
355.2276262000087	84.0	100.0
355.246960199991	84.0	100.0
355.2685695000109	84.0	100.0
355.28910039999755	84.0	100.0
355.30775020000874	84.0	100.0
355.32765839999774	84.0	100.0
355.3484862000041	84.0	100.0
355.3677819999866	84.0	100.0
355.3885125000088	84.0	100.0
355.4083743999945	84.0	100.0
355.42788119998295	84.0	100.0
355.4482547999942	84.0	100.0
355.4675342999981	84.0	100.0
355.4872882000054	84.0	100.0
355.50831509998534	84.0	100.0
355.5282614000025	84.0	100.0
355.5483959999983	83.0	100.0
355.5683199999912	83.0	100.0
355.58730220000143	83.0	100.0
355.6080767000094	83.0	100.0
355.6274184999929	83.0	100.0
355.6479212999984	83.0	100.0
355.6670316999953	83.0	100.0
355.68791589999455	83.0	100.0
355.70789349998813	83.0	100.0
355.7285111999954	83.0	100.0
355.74858650000533	83.0	100.0
355.76914479999687	83.0	100.0
355.78707640001085	83.0	100.0
355.8115882999846	83.0	100.0
355.85089770000195	83.0	100.0
355.8509253000084	83.0	100.0
355.8684205999889	83.0	100.0
355.8992021000013	83.0	100.0
355.9084879999864	83.0	100.0
355.9280854999961	83.0	100.0
355.9480767000059	83.0	100.0
355.96817780000856	83.0	100.0
355.98870260000695	83.0	100.0
356.0084354999999	83.0	100.0
356.0282973999856	83.0	100.0
356.04855869998573	83.0	100.0
356.06848829999217	83.0	100.0
356.08804189998773	83.0	100.0
356.1082432999974	83.0	100.0
356.1285685999901	83.0	100.0
356.14828160000616	83.0	100.0
356.16860869998345	83.0	100.0
356.18838829998276	83.0	100.0
356.2106507999997	83.0	100.0
356.22868500000914	83.0	100.0
356.2479345999891	83.0	100.0
356.2686759000062	83.0	100.0
356.28852189998724	83.0	100.0
356.3085266999842	83.0	100.0
356.3285756999976	83.0	100.0
356.3493598999921	83.0	100.0
356.36838890000945	83.0	100.0
356.38952430000063	83.0	100.0
356.40891450000345	83.0	100.0
356.42862890000106	83.0	100.0
356.4485408999899	83.0	100.0
356.46828810000443	83.0	100.0
356.48826919999556	83.0	100.0
356.50863820000086	83.0	100.0
356.5295422000054	83.0	100.0
356.5486910000036	81.0	100.0
356.56801879999693	81.0	100.0
356.58808300000965	81.0	100.0
356.6089587000024	81.0	100.0
356.62864839998656	81.0	100.0
356.64875980000943	81.0	100.0
356.6686708999914	81.0	100.0
356.6886034999916	81.0	100.0
356.7089243000082	81.0	100.0
356.72855480000726	81.0	100.0
356.74856879998697	81.0	100.0
356.76815180000267	81.0	100.0
356.78831899998477	81.0	100.0
356.81136329998844	81.0	100.0
356.8290893000085	81.0	100.0
356.85019319999265	81.0	100.0
356.8690326999931	81.0	100.0
356.88938429998234	81.0	100.0
356.909347000008	81.0	100.0
356.92819269999745	81.0	100.0
356.9479763999989	81.0	100.0
356.96797339999466	81.0	100.0
356.9879846999829	81.0	100.0
357.0083268999879	81.0	100.0
357.0298748000059	81.0	100.0
357.0479906999972	81.0	100.0
357.06777399999555	81.0	100.0
357.0879850999918	81.0	100.0
357.1081002999854	81.0	100.0
357.1288077000063	81.0	100.0
357.147885399987	81.0	100.0
357.167866600008	81.0	100.0
357.18786030000774	81.0	100.0
357.2088625000033	81.0	100.0
357.2282031000068	81.0	100.0
357.2484822999977	81.0	100.0
357.2679082000104	81.0	100.0
357.2886381999997	81.0	100.0
357.30838919998496	81.0	100.0
357.3281754000054	81.0	100.0
357.3482382000075	81.0	100.0
357.3684290999954	81.0	100.0
357.3883422999934	81.0	100.0
357.41002569999546	81.0	100.0
357.42906749999383	81.0	100.0
357.4492707999889	81.0	100.0
357.4683054999914	81.0	100.0
357.48825239998405	81.0	100.0
357.5084502999962	81.0	100.0
357.53027089999523	81.0	100.0
357.5492871000024	82.0	100.0
357.56860450000386	82.0	100.0
357.5881379999919	82.0	100.0
357.6094451000099	82.0	100.0
357.6280015000084	82.0	100.0
357.64848370000254	82.0	100.0
357.66825419999077	82.0	100.0
357.6886603999883	82.0	100.0
357.7088175000099	82.0	100.0
357.72834189998684	82.0	100.0
357.74846999999136	82.0	100.0
357.76992409999366	82.0	100.0
357.78843210000196	82.0	100.0
357.8091909000068	82.0	100.0
357.8291915000009	82.0	100.0
357.8499145999958	82.0	100.0
357.8690751999966	82.0	100.0
357.8885445999913	82.0	100.0
357.908755499986	82.0	100.0
357.9295463000017	82.0	100.0
357.9485207000107	82.0	100.0
357.9717459999956	82.0	100.0
357.9894997999945	82.0	100.0
358.00977999999304	82.0	100.0
358.02818239998305	82.0	100.0
358.04821660000016	82.0	100.0
358.06933699999354	82.0	100.0
358.0895432999823	82.0	100.0
358.10918110000785	82.0	100.0
358.1284635000047	82.0	100.0
358.1488566999906	82.0	100.0
358.17004520000773	82.0	100.0
358.1886438000074	82.0	100.0
358.2098054999951	82.0	100.0
358.2287901999953	82.0	100.0
358.2494238000072	82.0	100.0
358.26888119999785	82.0	100.0
358.28863880000426	82.0	100.0
358.3115759000066	82.0	100.0
358.3320775000029	82.0	100.0
358.3506057999912	82.0	100.0
358.3703298000037	82.0	100.0
358.38882160000503	82.0	100.0
358.41014990000986	82.0	100.0
358.42982920000213	82.0	100.0
358.4498862999899	82.0	100.0
358.4694428000075	82.0	100.0
358.4903016999888	82.0	100.0
358.5090907999838	82.0	100.0
358.53057740000077	82.0	100.0
358.55009390000487	82.0	100.0
358.57077419999405	82.0	100.0
358.5903879000107	82.0	100.0
358.61039419998997	82.0	100.0
358.6301283999928	82.0	100.0
358.6506282000046	82.0	100.0
358.6701187999861	82.0	100.0
358.69099909998477	82.0	100.0
358.7105559000047	82.0	100.0
358.7302578999952	82.0	100.0
358.7503224000102	82.0	100.0
358.770640200004	82.0	100.0
358.7902301999857	82.0	100.0
358.810535800003	82.0	100.0
358.8300292000058	82.0	100.0
358.8504096000106	82.0	100.0
358.8701570999983	82.0	100.0
358.89018990000477	82.0	100.0
358.9103965999966	82.0	100.0
358.9303735999856	82.0	100.0
358.9499635999964	82.0	100.0
358.9702108000056	82.0	100.0
358.9903199999826	82.0	100.0
359.0104243000096	82.0	100.0
359.03052860000753	82.0	100.0
359.05020490000607	82.0	100.0
359.0748381000012	82.0	100.0
359.0905332000111	82.0	100.0
359.11038880000706	82.0	100.0
359.13010479998775	82.0	100.0
359.15034439999727	82.0	100.0
359.170463699993	82.0	100.0
359.1904499999946	82.0	100.0
359.21047369998996	82.0	100.0
359.2303481999843	82.0	100.0
359.25041849998524	82.0	100.0
359.27016029998777	82.0	100.0
359.2904928000062	82.0	100.0
359.3104861000029	82.0	100.0
359.3303675999923	82.0	100.0
359.3506313999824	82.0	100.0
359.3703843000112	82.0	100.0
359.3905067000014	82.0	100.0
359.4103858000017	82.0	100.0
359.4304002999852	82.0	100.0
359.4504706999869	82.0	100.0
359.47040289998404	82.0	100.0
359.49051810000674	82.0	100.0
359.5104508000077	82.0	100.0
359.5316700999974	82.0	100.0
359.55194849998225	82.0	100.0
359.58053390000714	82.0	100.0
359.5916440000001	82.0	100.0
359.6115953999979	82.0	100.0
359.6316514000064	82.0	100.0
359.65067249999265	82.0	100.0
359.6725492999831	82.0	100.0
359.6922569999879	82.0	100.0
359.7111087999947	82.0	100.0
359.7306700999907	82.0	100.0
359.75140730000567	82.0	100.0
359.77061279999907	82.0	100.0
359.79535299999407	82.0	100.0
359.8129307999916	82.0	100.0
359.831552299991	82.0	100.0
359.8511509000091	82.0	100.0
359.8706697000016	82.0	100.0
359.89052139999694	82.0	100.0
359.91149810000206	82.0	100.0
359.9315618999826	82.0	100.0
359.9506134999974	82.0	100.0
359.9713713999954	82.0	100.0
359.9904060999979	82.0	100.0
360.01202960000955	82.0	100.0
360.0313027999946	82.0	100.0
360.0508809000021	82.0	100.0
360.0706307000073	82.0	100.0
360.09070979998796	82.0	100.0
360.1118908000062	82.0	100.0
360.1324603999965	82.0	100.0
360.151388600003	82.0	100.0
360.1718390999886	82.0	100.0
360.1913630999916	82.0	100.0
360.2118152999901	82.0	100.0
360.23125509999227	82.0	100.0
360.2519300999993	82.0	100.0
360.27138069999637	82.0	100.0
360.29132550000213	82.0	100.0
360.31184370000847	82.0	100.0
360.33189579998725	82.0	100.0
360.35072309998213	82.0	100.0
360.37104649998946	82.0	100.0
360.3906231999863	82.0	100.0
360.4113359999901	82.0	100.0
360.430970299989	82.0	100.0
360.45084710000083	82.0	100.0
360.4706282999832	82.0	100.0
360.4921222999983	82.0	100.0
360.51142940000864	82.0	100.0
360.5319870999956	82.0	100.0
360.55250659998273	82.0	100.0
360.57222129998263	82.0	100.0
360.5915565000032	82.0	100.0
360.6139487999899	82.0	100.0
360.6316480000096	82.0	100.0
360.65153299999656	82.0	100.0
360.67182859999593	82.0	100.0
360.69186980000813	82.0	100.0
360.71198749999166	82.0	100.0
360.7319840999844	82.0	100.0
360.7513373999973	82.0	100.0
360.7716883000103	82.0	100.0
360.7917121000064	82.0	100.0
360.81172699999297	82.0	100.0
360.83082549998653	82.0	100.0
360.8525057999941	82.0	100.0
360.87070010000025	82.0	100.0
360.8921227999963	82.0	100.0
360.9116767999949	82.0	100.0
360.9320320999832	82.0	100.0
360.95176840000204	82.0	100.0
360.9720471999899	82.0	100.0
360.9917817999958	82.0	100.0
361.01001359999646	82.0	100.0
361.02875420000055	82.0	100.0
361.21279089999734	82.0	100.0
361.2128260000027	82.0	100.0
361.21284059999743	82.0	100.0
361.2128520999977	82.0	100.0
361.2128633999964	82.0	100.0
361.2128762000066	82.0	100.0
361.2128881000099	82.0	100.0
361.21290079999017	82.0	100.0
361.21302450000076	82.0	100.0
361.2318816999905	82.0	100.0
361.2522489000112	82.0	100.0
361.2716693000111	82.0	100.0
361.3262810999877	82.0	100.0
361.32630630000494	82.0	100.0
361.33218890000717	82.0	100.0
361.4623087999935	82.0	100.0
361.4623334000062	82.0	100.0
361.4623418999836	82.0	100.0
361.462349599984	82.0	100.0
361.46235719998367	82.0	100.0
361.46236479998333	82.0	100.0
361.4725715999957	82.0	100.0
361.49210899998434	82.0	100.0
361.5120718999824	82.0	100.0
361.5361246000102	82.0	100.0
361.5854727999831	82.0	100.0
361.58550089999335	82.0	100.0
361.59216410000226	82.0	100.0
361.61253389998456	82.0	100.0
361.63238779999665	82.0	100.0
361.6810770999873	82.0	100.0
361.6810991000093	82.0	100.0
361.69188729999587	82.0	100.0
361.7117169999983	82.0	100.0
361.73292239999864	82.0	100.0
361.78076789999614	82.0	100.0
361.7808037000068	82.0	100.0
361.7904328999866	82.0	100.0
361.8099626000039	82.0	100.0
361.83102469998994	82.0	100.0
361.88289649999933	82.0	100.0
361.88291660000687	82.0	100.0
361.8898632999917	82.0	100.0
361.91196999998647	82.0	100.0
361.93043429998215	82.0	100.0
361.9853759999969	82.0	100.0
361.9854153000051	82.0	100.0
361.99251589999767	82.0	100.0
362.012155000004	82.0	100.0
362.03154659998836	82.0	100.0
362.05250449999585	82.0	100.0
362.08738360001007	82.0	100.0
362.09235950000584	82.0	100.0
362.11261720000766	82.0	100.0
362.1324479999894	82.0	100.0
362.15251749998424	82.0	100.0
362.1894856999861	82.0	100.0
362.19296929999837	82.0	100.0
362.21251899999334	82.0	100.0
362.2327757999883	82.0	100.0
362.25276719999965	82.0	100.0
362.2723613999842	82.0	100.0
362.2921176000091	82.0	100.0
362.3122694999911	82.0	100.0
362.3326270999969	82.0	100.0
362.3552083999966	82.0	100.0
362.54398749998654	82.0	100.0
362.5440239000018	82.0	100.0
362.54404129998875	82.0	100.0
362.5440579999995	82.0	100.0
362.544074800011	82.0	100.0
362.54409179999493	82.0	100.0
362.5441075999988	82.0	100.0
362.5441303999978	82.0	100.0
362.5441489999939	82.0	100.0
362.55347240000265	84.0	100.0
362.74884339998243	84.0	100.0
362.74888189998455	84.0	100.0
362.748900400009	84.0	100.0
362.74891809999826	84.0	100.0
362.74893470000825	84.0	100.0
362.7489513999899	84.0	100.0
362.7489685000037	84.0	100.0
362.7489855999884	84.0	100.0
362.749001499993	84.0	100.0
362.75275039998814	84.0	100.0
362.77309559998685	84.0	100.0
362.79274589999113	84.0	100.0
362.85443239999586	84.0	100.0
362.8544597	84.0	100.0
362.85447150000255	84.0	100.0
362.8727167999896	84.0	100.0
363.06033279999974	84.0	100.0
363.06035889999475	84.0	100.0
363.0603683000081	84.0	100.0
363.06037620001007	84.0	100.0
363.0603840999829	84.0	100.0
363.0603916999826	84.0	100.0
363.0603991000098	84.0	100.0
363.0604067000095	84.0	100.0
363.0604158999922	84.0	100.0
363.07307819998823	84.0	100.0
363.09571619998314	84.0	100.0
363.1132316000003	84.0	100.0
363.13297299999977	84.0	100.0
363.1527587999881	84.0	100.0
363.174380499986	84.0	100.0
363.205919	84.0	100.0
363.2126347000012	84.0	100.0
363.23203990000184	84.0	100.0
363.2529352999991	84.0	100.0
363.27338900000905	84.0	100.0
363.2933451999852	84.0	100.0
363.3132004000072	84.0	100.0
363.3329331999994	84.0	100.0
363.3531706999929	84.0	100.0
363.37387859998853	84.0	100.0
363.39295079998556	84.0	100.0
363.41397590001	84.0	100.0
363.46457579999696	84.0	100.0
363.4645986999967	84.0	100.0
363.47347669999	84.0	100.0
363.60398789998726	84.0	100.0
363.604012900003	84.0	100.0
363.6040221999865	84.0	100.0
363.60403009998845	83.0	100.0
363.60403789998963	83.0	100.0
363.6040454999893	83.0	100.0
363.6127010000055	83.0	100.0
363.6323529999936	83.0	100.0
363.65347449999535	83.0	100.0
363.6722263999982	83.0	100.0
363.6928212000057	83.0	100.0
363.7124298999843	83.0	100.0
363.7325870000059	83.0	100.0
363.7759522999986	83.0	100.0
363.7759791999997	83.0	100.0
363.7944265999831	83.0	100.0
363.91211109998403	83.0	100.0
363.9121332000068	83.0	100.0
363.91214179998497	83.0	100.0
363.9121493999846	83.0	100.0
363.91215709998505	83.0	100.0
363.9139373000071	83.0	100.0
363.9335404000012	83.0	100.0
363.9534799999965	83.0	100.0
363.9735051000025	83.0	100.0
363.9940544999845	83.0	100.0
364.014050400001	83.0	100.0
364.0328407000052	83.0	100.0
364.078692399984	83.0	100.0
364.0787194999866	83.0	100.0
364.0960487999837	83.0	100.0
364.218718899996	83.0	100.0
364.2187408999889	83.0	100.0
364.21874929999467	83.0	100.0
364.2187571999966	83.0	100.0
364.2187646999955	83.0	100.0
364.21877959999256	83.0	100.0
364.234314500005	83.0	100.0
364.253395000007	83.0	100.0
364.273617800005	83.0	100.0
364.29427670000587	83.0	100.0
364.3322576000064	83.0	100.0
364.3343873999838	83.0	100.0
364.354113999987	83.0	100.0
364.374040900002	83.0	100.0
364.3949619999912	83.0	100.0
364.42615469999146	83.0	100.0
364.4353545999911	83.0	100.0
364.4683107000019	83.0	100.0
364.48342529998627	83.0	100.0
364.4944458999962	83.0	100.0
364.5147647999984	83.0	100.0
364.53504769998835	83.0	100.0
364.5546449999965	83.0	100.0
364.5727486999822	83.0	100.0
364.5943597999867	83.0	100.0
364.61472219999996	83.0	100.0
364.6343159000098	83.0	100.0
364.6544187999971	83.0	100.0
364.6734343999997	83.0	100.0
364.69489429998794	83.0	100.0
364.71495229998254	83.0	100.0
364.7344225999841	83.0	100.0
364.7543877999997	83.0	100.0
364.7743919999921	83.0	100.0
364.79472459998215	83.0	100.0
364.815766899992	83.0	100.0
364.8343981000071	83.0	100.0
364.854284800007	83.0	100.0
364.87462339998456	83.0	100.0
364.8943164999946	83.0	100.0
364.91449860000284	83.0	100.0
364.93463219999103	83.0	100.0
364.9544905000075	83.0	100.0
364.9749987999967	83.0	100.0
364.99451459999545	83.0	100.0
365.01716640000814	83.0	100.0
365.0345024999988	83.0	100.0
365.0543963999953	83.0	100.0
365.0738914000103	83.0	100.0
365.0945905999979	83.0	100.0
365.1158691000019	83.0	100.0
365.1344739999913	83.0	100.0
365.15410990000237	83.0	100.0
365.17440389998956	83.0	100.0
365.1944782999926	83.0	100.0
365.2145618000068	83.0	100.0
365.2344315999944	83.0	100.0
365.2540991999849	83.0	100.0
365.27385779999895	83.0	100.0
365.2952701000031	83.0	100.0
365.31527829999686	83.0	100.0
365.3344861000078	83.0	100.0
365.3554304999998	83.0	100.0
365.37466999999015	83.0	100.0
365.39431249999325	83.0	100.0
365.415402499988	83.0	100.0
365.4345815999841	83.0	100.0
365.4543413000065	83.0	100.0
365.47446130000753	83.0	100.0
365.49445070000365	83.0	100.0
365.51444589998573	83.0	100.0
365.5368077000021	83.0	100.0
365.55602550000185	82.0	100.0
365.5752657999983	82.0	100.0
365.59559039998567	82.0	100.0
365.61431889998494	82.0	100.0
365.63604409998516	82.0	100.0
365.6556585000071	82.0	100.0
365.6743623999937	82.0	100.0
365.695367599983	82.0	100.0
365.71554040000774	82.0	100.0
365.7349713000003	82.0	100.0
365.75433560000965	82.0	100.0
365.77521019999404	82.0	100.0
365.79468779999297	82.0	100.0
365.8158900999988	82.0	100.0
365.8361121999915	82.0	100.0
365.85407750000013	82.0	100.0
365.8750169999839	82.0	100.0
365.89483619999373	82.0	100.0
365.9137046999822	82.0	100.0
365.93509660000564	82.0	100.0
365.954882799997	82.0	100.0
365.97548369999276	82.0	100.0
365.9959263000055	82.0	100.0
366.0162796000077	82.0	100.0
366.03562700000475	82.0	100.0
366.0557301999943	82.0	100.0
366.074014599988	82.0	100.0
366.0958935999952	82.0	100.0
366.11461019999115	82.0	100.0
366.13630959999864	82.0	100.0
366.15619710000465	82.0	100.0
366.1758426000015	82.0	100.0
366.19508879998466	82.0	100.0
366.21683429999393	82.0	100.0
366.2349156999844	82.0	100.0
366.25520959999994	82.0	100.0
366.2751761999971	82.0	100.0
366.29540760000236	82.0	100.0
366.31576959998347	82.0	100.0
366.3352007000067	82.0	100.0
366.35533669998404	82.0	100.0
366.37566839999636	82.0	100.0
366.39468789999955	82.0	100.0
366.41593449999345	82.0	100.0
366.43584479999845	82.0	100.0
366.4553576000035	82.0	100.0
366.4751590999949	82.0	100.0
366.49638180001057	82.0	100.0
366.5163948999834	82.0	100.0
366.53611960000126	82.0	100.0
366.5567829000065	81.0	100.0
366.5763125999947	81.0	100.0
366.5960434000008	81.0	100.0
366.61642519998713	81.0	100.0
366.6355681999994	81.0	100.0
366.6561449999863	81.0	100.0
366.6762557000038	81.0	100.0
366.69557129999157	81.0	100.0
366.71650149999186	81.0	100.0
366.73637150001014	81.0	100.0
366.75756659999024	81.0	100.0
366.7758790999942	81.0	100.0
366.795226199989	81.0	100.0
366.815666999988	81.0	100.0
366.8351936000108	81.0	100.0
366.8559527999896	81.0	100.0
366.87533539999276	81.0	100.0
366.8956110999861	81.0	100.0
366.9162427999836	81.0	100.0
366.9356209000107	81.0	100.0
366.9557910999865	81.0	100.0
366.9759278999991	81.0	100.0
366.99544450000394	81.0	100.0
367.01710040000034	81.0	100.0
367.03634389999206	81.0	100.0
367.05566250000265	81.0	100.0
367.0755579000106	81.0	100.0
367.09650559999864	81.0	100.0
367.116706300003	81.0	100.0
367.1357718000072	81.0	100.0
367.1561740000034	81.0	100.0
367.17648639998515	81.0	100.0
367.1964880999876	81.0	100.0
367.2164835000003	81.0	100.0
367.23674759999267	81.0	100.0
367.2566613999952	81.0	100.0
367.2763173999847	81.0	100.0
367.2964332999836	81.0	100.0
367.3166496999911	81.0	100.0
367.33652959999745	81.0	100.0
367.3565816000046	81.0	100.0
367.37643760000356	81.0	100.0
367.3963570999913	81.0	100.0
367.417447099986	81.0	100.0
367.4358770000108	81.0	100.0
367.45626939999056	81.0	100.0
367.47757240000647	81.0	100.0
367.49612359999446	81.0	100.0
367.5184944999928	81.0	100.0
367.53750199999195	81.0	100.0
367.5569353000028	81.0	100.0
367.57684369999333	81.0	100.0
367.59640730000683	81.0	100.0
367.6164656000037	81.0	100.0
367.6365070999891	81.0	100.0
367.65640690000146	81.0	100.0
367.676575999998	81.0	100.0
367.69691540001077	81.0	100.0
367.71660449999035	81.0	100.0
367.73699209999177	81.0	100.0
367.7557461000106	81.0	100.0
367.7763120000018	81.0	100.0
367.7972712999908	81.0	100.0
367.81710879999446	81.0	100.0
367.8367358999967	81.0	100.0
367.85683489998337	81.0	100.0
367.8768468000053	81.0	100.0
367.89696419998654	81.0	100.0
367.9158871000109	81.0	100.0
367.93579879999743	81.0	100.0
367.9558143999893	81.0	100.0
367.97654840000905	81.0	100.0
367.99741539999377	81.0	100.0
368.01704629999585	81.0	100.0
368.0361588000087	81.0	100.0
368.05728499998804	81.0	100.0
368.0769796000095	81.0	100.0
368.09682999999495	81.0	100.0
368.11934750000364	81.0	100.0
368.1369743999967	81.0	100.0
368.15671169999405	81.0	100.0
368.17718500000774	81.0	100.0
368.196875499998	81.0	100.0
368.217092899984	81.0	100.0
368.2363635000074	81.0	100.0
368.2554125000024	81.0	100.0
368.2761784000031	81.0	100.0
368.296542600001	81.0	100.0
368.31622059998335	81.0	100.0
368.3360137999989	81.0	100.0
368.3572324999841	81.0	100.0
368.3769226000004	81.0	100.0
368.3960969999898	81.0	100.0
368.4167274000065	81.0	100.0
368.4363803000015	81.0	100.0
368.45623039998463	81.0	100.0
368.4762318999856	81.0	100.0
368.49881900000037	81.0	100.0
368.5173781999911	81.0	100.0
368.53829419999965	81.0	100.0
368.5581760999921	79.0	100.0
368.57753139999113	79.0	100.0
368.59704530000454	79.0	100.0
368.6179323999968	79.0	100.0
368.6373806000047	79.0	100.0
368.65781390000484	79.0	100.0
368.6765385000035	79.0	100.0
368.69814150000457	79.0	100.0
368.71832710001036	79.0	100.0
368.73807719998877	79.0	100.0
368.75807779998286	79.0	100.0
368.7785905000055	79.0	100.0
368.7984330999898	79.0	100.0
368.82036069998867	79.0	100.0
368.837263399997	79.0	100.0
368.85844989999896	79.0	100.0
368.87805749999825	79.0	100.0
368.8981596000085	79.0	100.0
368.9184713999857	79.0	100.0
368.9379218000104	79.0	100.0
368.9574094999989	79.0	100.0
368.9777960999927	79.0	100.0
368.9973202999972	79.0	100.0
369.01856269998825	79.0	100.0
369.0374244999839	79.0	100.0
369.05801489998703	79.0	100.0
369.07784959999844	79.0	100.0
369.09784189998754	79.0	100.0
369.14236530000926	79.0	100.0
369.1423957000079	79.0	100.0
369.15801959999953	79.0	100.0
369.17784029999166	79.0	100.0
369.19785930000944	79.0	100.0
369.21852170000784	79.0	100.0
369.23794089999865	79.0	100.0
369.25848479999695	79.0	100.0
369.27771930000745	79.0	100.0
369.2983127000043	79.0	100.0
369.31882129999576	79.0	100.0
369.3384093999921	79.0	100.0
369.3579121000075	79.0	100.0
369.3792903999856	79.0	100.0
369.39828629998374	79.0	100.0
369.41995750000933	79.0	100.0
369.4386022000108	79.0	100.0
369.45842670000275	79.0	100.0
369.4781190000067	79.0	100.0
369.49848400001065	79.0	100.0
369.5181719000102	79.0	100.0
369.5397147999902	79.0	100.0
369.5598832000105	77.0	100.0
369.57961879999493	77.0	100.0
369.600146199984	77.0	100.0
369.6200147999916	77.0	100.0
369.63889090000885	77.0	100.0
369.6594466000097	77.0	100.0
369.6794047000003	77.0	100.0
369.6993819999916	77.0	100.0
369.7184363999986	77.0	100.0
369.73996459998307	77.0	100.0
369.7586739999824	77.0	100.0
369.77881600000546	77.0	100.0
369.79971570000635	77.0	100.0
369.8193290999916	77.0	100.0
369.83928729998297	77.0	100.0
369.8598179999972	77.0	100.0
369.8797036999895	77.0	100.0
369.8990286999906	77.0	100.0
369.9194750000024	77.0	100.0
369.939177799999	77.0	100.0
369.9583657000039	77.0	100.0
369.9798329999903	77.0	100.0
369.9992099000083	77.0	100.0
370.0201251000108	77.0	100.0
370.0405485999945	77.0	100.0
370.0632774999831	77.0	100.0
370.07979290001094	77.0	100.0
370.1001610000094	77.0	100.0
370.1200581000012	77.0	100.0
370.13993450001	77.0	100.0
370.1598156999971	77.0	100.0
370.1800169000053	77.0	100.0
370.1999923000112	77.0	100.0
370.21835509999073	77.0	100.0
370.23935349998646	77.0	100.0
370.2587929999863	77.0	100.0
370.27808540000115	77.0	100.0
370.3023964999884	77.0	100.0
370.33786619998864	77.0	100.0
370.34217139999964	77.0	100.0
370.3531976999948	77.0	100.0
370.3716953000112	77.0	100.0
370.3919906000083	77.0	100.0
370.41261840000516	77.0	100.0
370.4318571999902	77.0	100.0
370.4550012999971	77.0	100.0
370.4772371999861	77.0	100.0
370.4968999999983	77.0	100.0
370.51670320000267	77.0	100.0
370.5362727000029	77.0	100.0
370.55561799998395	77.0	100.0
370.5760845000041	77.0	100.0
370.59653189999517	77.0	100.0
370.61782899999525	77.0	100.0
370.63814779999666	77.0	100.0
370.65850799999316	77.0	100.0
370.679859099997	77.0	100.0
370.69973890000256	77.0	100.0
370.72893979999935	77.0	100.0
370.7404269000108	77.0	100.0
370.76056470000185	77.0	100.0
370.778633799986	77.0	100.0
370.7984863999882	77.0	100.0
370.82099929999094	77.0	100.0
370.83854920000886	77.0	100.0
370.86064209998585	77.0	100.0
370.87913349998416	77.0	100.0
370.8998137000017	77.0	100.0
370.9207802999881	77.0	100.0
370.9406622000097	77.0	100.0
370.9609087999852	77.0	100.0
370.9813802999852	77.0	100.0
371.0002933999931	77.0	100.0
371.0206019000034	77.0	100.0
371.0397920999967	77.0	100.0
371.06067449998227	77.0	100.0
371.0804059999937	77.0	100.0
371.10124799999176	77.0	100.0
371.12027610000223	77.0	100.0
371.1411097999953	77.0	100.0
371.1608813999919	77.0	100.0
371.1813825999852	77.0	100.0
371.2005183000001	77.0	100.0
371.2202210999967	77.0	100.0
371.2401886000007	77.0	100.0
371.2604740000097	77.0	100.0
371.2798530999862	77.0	100.0
371.3006549999991	77.0	100.0
371.32030819999636	77.0	100.0
371.34065649998956	77.0	100.0
371.3593159999873	77.0	100.0
371.38089309999486	77.0	100.0
371.4006478000083	77.0	100.0
371.4199360999919	77.0	100.0
371.4402165999927	77.0	100.0
371.4606707000057	77.0	100.0
371.4809699000034	77.0	100.0
371.50180500000715	77.0	100.0
371.52057039999636	77.0	100.0
371.5418303000042	77.0	100.0
371.56079280000995	75.0	100.0
371.5809129999834	75.0	100.0
371.60088680000626	75.0	100.0
371.62143800000194	75.0	100.0
371.6414603999874	75.0	100.0
371.6614583999908	75.0	100.0
371.6816870000039	75.0	100.0
371.70207440000377	75.0	100.0
371.722016899992	75.0	100.0
371.7414979999885	75.0	100.0
371.7615761999914	75.0	100.0
371.7820681000012	75.0	100.0
371.80122950000805	75.0	100.0
371.823968599987	75.0	100.0
371.84138540001004	75.0	100.0
371.86188429998583	75.0	100.0
371.88217100000475	75.0	100.0
371.90244559998973	75.0	100.0
371.919372400007	75.0	100.0
371.93798210000386	75.0	100.0
371.9584109999996	75.0	100.0
371.99770109998644	75.0	100.0
372.0015448000049	75.0	100.0
372.022350299987	75.0	100.0
372.0421840999916	75.0	100.0
372.06230510000023	75.0	100.0
372.08261919999495	75.0	100.0
372.1021711000067	75.0	100.0
372.12177199998405	75.0	100.0
372.1450907999824	75.0	100.0
372.1621778999979	75.0	100.0
372.18202499998733	75.0	100.0
372.2022701000096	75.0	100.0
372.22351539999363	75.0	100.0
372.2417567000084	75.0	100.0
372.2618527000013	75.0	100.0
372.28302499998244	75.0	100.0
372.3019984999846	75.0	100.0
372.32234569999855	75.0	100.0
372.34222230000887	75.0	100.0
372.3626693999977	75.0	100.0
372.38229599999613	75.0	100.0
372.4022791000025	75.0	100.0
372.42317470000125	75.0	100.0
372.4429911999905	75.0	100.0
372.46187239998835	75.0	100.0
372.4822911999945	75.0	100.0
372.503057599999	75.0	100.0
372.5231870999851	75.0	100.0
372.54385940000066	75.0	100.0
372.56344550001086	76.0	100.0
372.58216930000344	76.0	100.0
372.6025410000002	76.0	100.0
372.62346979998983	76.0	100.0
372.6423768000095	76.0	100.0
372.662268199987	76.0	100.0
372.6823468999937	76.0	100.0
372.70242940000026	76.0	100.0
372.72239839998656	76.0	100.0
372.7424185999844	76.0	100.0
372.76235609999276	76.0	100.0
372.7823112999904	76.0	100.0
372.8033967000083	76.0	100.0
372.82361269998364	76.0	100.0
372.8426643999992	76.0	100.0
372.86325599998236	76.0	100.0
372.8825167999894	76.0	100.0
372.9024713000108	76.0	100.0
372.9234228999994	76.0	100.0
372.9437168999866	76.0	100.0
372.9632944999903	76.0	100.0
372.98260409999057	76.0	100.0
373.0043644999969	76.0	100.0
373.0246200999827	76.0	100.0
373.04403610000736	76.0	100.0
373.06413399998564	76.0	100.0
373.0834976999904	76.0	100.0
373.1039727999887	76.0	100.0
373.1232533000002	76.0	100.0
373.14319740000064	76.0	100.0
373.1640058000048	76.0	100.0
373.18340270000044	76.0	100.0
373.2038942000072	76.0	100.0
373.22420409999904	76.0	100.0
373.2434849999845	76.0	100.0
373.266756099998	76.0	100.0
373.2839094999945	76.0	100.0
373.3039798999962	76.0	100.0
373.3232790000038	76.0	100.0
373.34423240000615	76.0	100.0
373.3637727999885	76.0	100.0
373.38384130000486	76.0	100.0
373.40415159999975	76.0	100.0
373.42392629999085	76.0	100.0
373.44389590001083	76.0	100.0
373.46432229998754	76.0	100.0
373.4838258000091	76.0	100.0
373.5040791000065	76.0	100.0
373.5245514999842	76.0	100.0
373.5452726999938	76.0	100.0
373.56202459998894	78.0	100.0
373.58507790000294	78.0	100.0
373.602610300004	78.0	100.0
373.62396140000783	78.0	100.0
373.6434857999848	78.0	100.0
373.66418610000983	78.0	100.0
373.68396130000474	78.0	100.0
373.7041585999832	78.0	100.0
373.72437529999297	78.0	100.0
373.74437149998266	78.0	100.0
373.7639729999937	78.0	100.0
373.7847411999828	78.0	100.0
373.80390009999974	78.0	100.0
373.8245415999845	78.0	100.0
373.84399130000384	78.0	100.0
373.8637166999979	78.0	100.0
373.8843423000071	78.0	100.0
373.9043937000097	78.0	100.0
373.92562490000273	78.0	100.0
373.9438347000105	78.0	100.0
373.964524799987	78.0	100.0
373.9848856999888	78.0	100.0
374.004202000011	78.0	100.0
374.0246421000047	78.0	100.0
374.0442287999904	78.0	100.0
374.06418499999563	78.0	100.0
374.08445409999695	78.0	100.0
374.1042807000049	78.0	100.0
374.12530519999564	78.0	100.0
374.1444610999897	78.0	100.0
374.16427449998446	78.0	100.0
374.1844519999868	78.0	100.0
374.20434190001106	78.0	100.0
374.2254137999844	78.0	100.0
374.2446448999981	78.0	100.0
374.264746300003	78.0	100.0
374.2844429000106	78.0	100.0
374.304352999985	78.0	100.0
374.32401599999866	78.0	100.0
374.3452035000082	78.0	100.0
374.3650539999944	78.0	100.0
374.38491009999416	78.0	100.0
374.40753890000633	78.0	100.0
374.4247392999823	78.0	100.0
374.44450149999466	78.0	100.0
374.4642458999879	78.0	100.0
374.4842774999852	78.0	100.0
374.50535809999565	78.0	100.0
374.52557440000237	78.0	100.0
374.54651109999395	78.0	100.0
374.5658073000086	80.0	100.0
374.58540260000154	80.0	100.0
374.60510149999755	80.0	100.0
374.6253802999854	80.0	100.0
374.6443982000055	80.0	100.0
374.6662990000041	80.0	100.0
374.6837363000086	80.0	100.0
374.705621400004	80.0	100.0
374.7261271000025	80.0	100.0
374.7449222999858	80.0	100.0
374.7649652999826	80.0	100.0
374.78479079998215	80.0	100.0
374.80492669998785	80.0	100.0
374.828025099996	80.0	100.0
374.84719299999415	80.0	100.0
374.8658030999941	80.0	100.0
374.88540559998364	80.0	100.0
374.9059342999826	80.0	100.0
374.926077799988	80.0	100.0
374.94620820001	80.0	100.0
374.96515410000575	80.0	100.0
374.98449209998944	80.0	100.0
375.00577519999933	80.0	100.0
375.02609140001005	80.0	100.0
375.04537059998256	80.0	100.0
375.06619419998606	80.0	100.0
375.0856758999871	80.0	100.0
375.10608130000765	80.0	100.0
375.12617529998533	80.0	100.0
375.1470864999865	80.0	100.0
375.16588429998956	80.0	100.0
375.1850304999971	80.0	100.0
375.2060576000076	80.0	100.0
375.22613259998616	80.0	100.0
375.24531019999995	80.0	100.0
375.26585769999656	80.0	100.0
375.2849278000067	80.0	100.0
375.3055503999931	80.0	100.0
375.32558109998354	80.0	100.0
375.34650449999026	80.0	100.0
375.3655834000092	80.0	100.0
375.3858457999886	80.0	100.0
375.4052132999932	80.0	100.0
375.42650299999514	80.0	100.0
375.44674879999366	80.0	100.0
375.4654021000024	80.0	100.0
375.4863580999954	80.0	100.0
375.50638400000753	80.0	100.0
375.5260749000008	80.0	100.0
375.5473274999822	80.0	100.0
375.5664176999999	82.0	100.0
375.5897811999894	82.0	100.0
375.6059114999953	82.0	100.0
375.6265404000005	82.0	100.0
375.64601180001046	82.0	100.0
375.6663889999909	82.0	100.0
375.6890210999991	82.0	100.0
375.7062891999958	82.0	100.0
375.7262556999922	82.0	100.0
375.7462321000057	82.0	100.0
375.7664482999826	82.0	100.0
375.7863087999867	82.0	100.0
375.80632820000756	82.0	100.0
375.8276208000025	82.0	100.0
375.8461015000066	82.0	100.0
375.8665597999934	82.0	100.0
375.8865192999947	82.0	100.0
375.9063923000067	82.0	100.0
375.92628379998496	82.0	100.0
375.94651439998415	82.0	100.0
375.9661914999888	82.0	100.0
375.9860542000097	82.0	100.0
376.0056518999918	82.0	100.0
376.02770089998376	82.0	100.0
376.0460102999932	82.0	100.0
376.0660777000012	82.0	100.0
376.0864763999998	82.0	100.0
376.10602279999875	82.0	100.0
376.1260830000101	82.0	100.0
376.1465476999874	82.0	100.0
376.1665506999998	82.0	100.0
376.1864193000074	82.0	100.0
376.20672039999045	82.0	100.0
376.22738309999113	82.0	100.0
376.2457263999968	82.0	100.0
376.2679821999918	82.0	100.0
376.2855556999857	82.0	100.0
376.3073179000057	82.0	100.0
376.32574430000386	82.0	100.0
376.34679089998826	82.0	100.0
376.3663761999924	82.0	100.0
376.38525140000274	82.0	100.0
376.40465819998644	82.0	100.0
376.4267855999933	82.0	100.0
376.4463276999886	82.0	100.0
376.46679209999274	82.0	100.0
376.48648739999044	82.0	100.0
376.50614640000276	82.0	100.0
376.5280606999877	82.0	100.0
376.54682240000693	82.0	100.0
376.5674829999916	81.0	100.0
376.58834869999555	81.0	100.0
376.6053481999843	81.0	100.0
376.62853789998917	81.0	100.0
376.647303500009	81.0	100.0
376.66687389998697	81.0	100.0
376.6862839999958	81.0	100.0
376.70641949999845	81.0	100.0
376.72649020000244	81.0	100.0
376.74737150000874	81.0	100.0
376.7663341999869	81.0	100.0
376.7864100000006	81.0	100.0
376.8067991999851	81.0	100.0
376.82661859999644	81.0	100.0
376.84645250000176	81.0	100.0
376.8673227999825	81.0	100.0
376.88765359998797	81.0	100.0
376.90643020000425	81.0	100.0
376.9278154000058	81.0	100.0
376.9450317999872	81.0	100.0
376.96631319998414	81.0	100.0
376.9860941999941	81.0	100.0
377.00635390001116	81.0	100.0
377.02788720000535	81.0	100.0
377.04674140000134	81.0	100.0
377.0673719999904	81.0	100.0
377.0863210000098	81.0	100.0
377.1066467000055	81.0	100.0
377.1277424999862	81.0	100.0
377.1475605999876	81.0	100.0
377.16620279999916	81.0	100.0
377.1874133000092	81.0	100.0
377.2075246000022	81.0	100.0
377.22742209999706	81.0	100.0
377.2478121999884	81.0	100.0
377.2675922999915	81.0	100.0
377.28627229999984	81.0	100.0
377.3071091999882	81.0	100.0
377.32852949999506	81.0	100.0
377.34741650000797	81.0	100.0
377.3662448999821	81.0	100.0
377.3876667000004	81.0	100.0
377.40732749999734	81.0	100.0
377.4275215000089	81.0	100.0
377.4478578999988	81.0	100.0
377.47304909999366	81.0	100.0
377.4879127999884	81.0	100.0
377.5097354000027	81.0	100.0
377.52824859999237	81.0	100.0
377.5482699999993	81.0	100.0
377.56816979998257	79.0	100.0
377.5880041999917	79.0	100.0
377.60873939999146	79.0	100.0
377.6286412999907	79.0	100.0
377.64802749999217	79.0	100.0
377.6677447000111	79.0	100.0
377.6883011999889	79.0	100.0
377.70785340000293	79.0	100.0
377.72843839999405	79.0	100.0
377.74814189999597	79.0	100.0
377.7682228999911	79.0	100.0
377.78879049999523	79.0	100.0
377.80978089998825	79.0	100.0
377.8294279999973	79.0	100.0
377.84836060000816	79.0	100.0
377.8682748999854	79.0	100.0
377.88824510000995	79.0	100.0
377.90817499998957	79.0	100.0
377.92774099999224	79.0	100.0
377.9486101999937	79.0	100.0
377.9685587999993	79.0	100.0
377.9884071999986	79.0	100.0
378.00831710000057	79.0	100.0
378.02859870000975	79.0	100.0
378.0487119999889	79.0	100.0
378.0681968999852	79.0	100.0
378.08826180000324	79.0	100.0
378.10813659999985	79.0	100.0
378.12844659999246	79.0	100.0
378.14916050000465	79.0	100.0
378.1681091999926	79.0	100.0
378.1883761000063	79.0	100.0
378.20802749998984	79.0	100.0
378.22869009998976	79.0	100.0
378.2481145999918	79.0	100.0
378.26863129998674	79.0	100.0
378.2884824000066	79.0	100.0
378.3084250999964	79.0	100.0
378.3288045999943	79.0	100.0
378.34804650000297	79.0	100.0
378.3681886999984	79.0	100.0
378.38876329999766	79.0	100.0
378.40851579999435	79.0	100.0
378.4312565999862	79.0	100.0
378.44868850000785	79.0	100.0
378.4687159000023	79.0	100.0
378.48838019999675	79.0	100.0
378.5088933999941	79.0	100.0
378.52863539999817	79.0	100.0
378.54926030000206	79.0	100.0
378.56973099999595	78.0	100.0
378.58899970000493	78.0	100.0
378.6085019999882	78.0	100.0
378.62876590000815	78.0	100.0
378.64871989999665	78.0	100.0
378.6684214999841	78.0	100.0
378.6881495999987	78.0	100.0
378.70946209999966	78.0	100.0
378.73075270000845	78.0	100.0
378.74973779998254	78.0	100.0
378.76876760000596	78.0	100.0
378.7891442999826	78.0	100.0
378.80916070000967	78.0	100.0
378.830117400008	78.0	100.0
378.8485296999861	78.0	100.0
378.86915499999304	78.0	100.0
378.8888835000107	78.0	100.0
378.908385799994	78.0	100.0
378.929321100004	78.0	100.0
378.94978890000493	78.0	100.0
378.96855170000345	78.0	100.0
378.98959419998573	78.0	100.0
379.0091746999824	78.0	100.0
379.0290807999845	78.0	100.0
379.0501881999953	78.0	100.0
379.0689798000094	78.0	100.0
379.0890559999971	78.0	100.0
379.10960279998835	78.0	100.0
379.1294906999974	78.0	100.0
379.1489908999938	78.0	100.0
379.1695500999922	78.0	100.0
379.19038049998926	78.0	100.0
379.209698199993	78.0	100.0
379.22969350000494	78.0	100.0
379.25043839999125	78.0	100.0
379.2693084999919	78.0	100.0
379.28876299998956	78.0	100.0
379.30995759999496	78.0	100.0
379.3300778999983	78.0	100.0
379.352798500011	78.0	100.0
379.3697760000068	78.0	100.0
379.3892630999908	78.0	100.0
379.410807200009	78.0	100.0
379.42974140000297	78.0	100.0
379.44981240000925	78.0	100.0
379.4699377999932	78.0	100.0
379.4899810999923	78.0	100.0
379.5098313000053	78.0	100.0
379.52967709998484	78.0	100.0
379.55008879999514	78.0	100.0
379.5672873999865	79.0	100.0
379.5899083999975	79.0	100.0
379.60945789999096	79.0	100.0
379.63187370001106	79.0	100.0
379.6473340000084	79.0	100.0
379.6681539999845	79.0	100.0
379.6828997999837	79.0	100.0
379.70250469999155	79.0	100.0
379.7241672000091	79.0	100.0
379.74677609998616	79.0	100.0
379.7675201999955	79.0	100.0
379.7876141000015	79.0	100.0
379.8095772000088	79.0	100.0
379.830183699989	79.0	100.0
379.8491597000102	79.0	100.0
379.87141550000524	79.0	100.0
379.89029989999835	79.0	100.0
379.9103119999927	79.0	100.0
379.93001340000774	79.0	100.0
379.950353799999	79.0	100.0
379.9711830999877	79.0	100.0
379.9903396999871	79.0	100.0
380.0100499999826	79.0	100.0
380.03029719999176	79.0	100.0
380.0492983000004	79.0	100.0
380.07028929999797	79.0	100.0
380.0884092999913	79.0	100.0
380.1099690999836	79.0	100.0
380.13041969999904	79.0	100.0
380.1498624999949	79.0	100.0
380.1721047000028	79.0	100.0
380.1905751999875	79.0	100.0
380.210122199991	79.0	100.0
380.23049300001003	79.0	100.0
380.2501391999831	79.0	100.0
380.2699418999837	79.0	100.0
380.2898487999919	79.0	100.0
380.31025020001107	79.0	100.0
380.3343731999921	79.0	100.0
380.3514659999928	79.0	100.0
380.3715266000072	79.0	100.0
380.3912929999933	79.0	100.0
380.41033129999414	79.0	100.0
380.4315665999893	79.0	100.0
380.45027289999416	79.0	100.0
380.47175810000044	79.0	100.0
380.4906690999924	79.0	100.0
380.51034919999074	79.0	100.0
380.5311788000108	79.0	100.0
380.55184369999915	79.0	100.0
380.57151360000717	82.0	100.0
380.5913970999827	82.0	100.0
380.6114057000086	82.0	100.0
380.63179869999294	82.0	100.0
380.65023939998355	82.0	100.0
380.67053420000593	82.0	100.0
380.69131059999927	82.0	100.0
380.71042689998285	82.0	100.0
380.7306519999984	82.0	100.0
380.7511342999933	82.0	100.0
380.7705625999952	82.0	100.0
380.7913917999831	82.0	100.0
380.81137859998853	82.0	100.0
380.8327699000074	82.0	100.0
380.8514128999959	82.0	100.0
380.8716609000112	82.0	100.0
380.8913012999983	82.0	100.0
380.91126530000474	82.0	100.0
380.93037459999323	82.0	100.0
380.9507011999958	82.0	100.0
380.9708665999933	82.0	100.0
380.9912529999856	82.0	100.0
381.0105026999954	82.0	100.0
381.0312283000094	82.0	100.0
381.0508387000009	82.0	100.0
381.0706224000023	82.0	100.0
381.0908979999949	82.0	100.0
381.1109817000106	82.0	100.0
381.1310972000065	82.0	100.0
381.15092729998287	82.0	100.0
381.1705721000035	82.0	100.0
381.19095260000904	82.0	100.0
381.21130580001045	82.0	100.0
381.2310834999953	82.0	100.0
381.2506627999828	82.0	100.0
381.27104490000056	82.0	100.0
381.29112360000727	82.0	100.0
381.3113958000031	82.0	100.0
381.3316082000092	82.0	100.0
381.3499166999827	82.0	100.0
381.37009209999815	82.0	100.0
381.38895369999227	82.0	100.0
381.40772309998283	82.0	100.0
381.4275526999845	82.0	100.0
381.44717030000174	82.0	100.0
381.4675033999956	82.0	100.0
381.49054679999244	82.0	100.0
381.51226940000197	82.0	100.0
381.53150139999343	82.0	100.0
381.5521519999893	82.0	100.0
381.5720219000068	86.0	100.0
381.5922797000094	86.0	100.0
381.61154089999036	86.0	100.0
381.6318525999959	86.0	100.0
381.6503429999866	86.0	100.0
381.6720110999886	86.0	100.0
381.6918880000012	86.0	100.0
381.7119770999998	86.0	100.0
381.7275577999826	86.0	100.0
381.74986710000667	86.0	100.0
381.7703040000051	86.0	100.0
381.7911358999845	86.0	100.0
381.81215079998947	86.0	100.0
381.8315927000076	86.0	100.0
381.8506384000066	86.0	100.0
381.8721533000062	86.0	100.0
381.89210239998647	86.0	100.0
381.91293819999555	86.0	100.0
381.9329743999988	86.0	100.0
381.94869809999363	86.0	100.0
381.96676129999105	86.0	100.0
381.9883525999903	86.0	100.0
382.00760230000014	86.0	100.0
382.0303457999835	86.0	100.0
382.0530812999932	86.0	100.0
382.07136949998676	86.0	100.0
382.09204379998846	86.0	100.0
382.1125000999891	86.0	100.0
382.13316269998904	86.0	100.0
382.1521245999902	86.0	100.0
382.17225489998236	86.0	100.0
382.19211480001104	86.0	100.0
382.21259189999546	86.0	100.0
382.2313207999978	86.0	100.0
382.25224380000145	86.0	100.0
382.2720468000043	86.0	100.0
382.2913511999941	86.0	100.0
382.3114854999876	86.0	100.0
382.3312589999987	86.0	100.0
382.3517512999824	86.0	100.0
382.3710993999848	86.0	100.0
382.3911697999865	86.0	100.0
382.41126399999484	86.0	100.0
382.43179309999687	86.0	100.0
382.45097929998883	86.0	100.0
382.471415100008	86.0	100.0
382.4914552999835	86.0	100.0
382.51191030000336	86.0	100.0
382.5314008999849	86.0	100.0
382.5530061000027	86.0	100.0
382.5723403999873	89.0	100.0
382.5919554999855	89.0	100.0
382.6113216000085	89.0	100.0
382.6320861999993	89.0	100.0
382.6511343999882	89.0	100.0
382.66954870001064	89.0	100.0
382.69061749998946	89.0	100.0
382.71141889999853	89.0	100.0
382.7320175000059	89.0	100.0
382.75162409999757	89.0	100.0
382.7718688999885	89.0	100.0
382.7915692999959	89.0	100.0
382.8118525999889	89.0	100.0
382.83440520000295	89.0	100.0
382.8528333999857	89.0	100.0
382.87207139999373	89.0	100.0
382.8925151999865	89.0	100.0
382.9120036000095	89.0	100.0
382.93267010001	89.0	100.0
382.95255539999926	89.0	100.0
382.97221730000456	89.0	100.0
382.99245409999276	89.0	100.0
383.01239180000266	89.0	100.0
383.0322682999831	89.0	100.0
383.05228350000107	89.0	100.0
383.0717701000103	89.0	100.0
383.0874872999848	89.0	100.0
383.1113490999851	89.0	100.0
383.13140099999146	89.0	100.0
383.1509870000009	89.0	100.0
383.17134729999816	89.0	100.0
383.1917058999825	89.0	100.0
383.21221860000514	89.0	100.0
383.233060700004	89.0	100.0
383.25231179999537	89.0	100.0
383.272684399999	89.0	100.0
383.29259679999086	89.0	100.0
383.3125812000071	89.0	100.0
383.3325704000017	89.0	100.0
383.3520082999894	89.0	100.0
383.37223099998664	89.0	100.0
383.39224089999334	89.0	100.0
383.4122231999936	89.0	100.0
383.43239490000997	89.0	100.0
383.451931299991	89.0	100.0
383.4724256999907	89.0	100.0
383.49234259998775	89.0	100.0
383.5125042999862	89.0	100.0
383.5322909000097	89.0	100.0
383.5537245000014	89.0	100.0
383.57263989999774	88.0	100.0
383.5925780000107	88.0	100.0
383.6121242000081	88.0	100.0
383.6323593999841	88.0	100.0
383.6535592	88.0	100.0
383.67212070000824	88.0	100.0
383.6921774999937	88.0	100.0
383.71252159998403	88.0	100.0
383.7315094000078	88.0	100.0
383.7526255999983	88.0	100.0
383.7723965999903	88.0	100.0
383.7926206999982	88.0	100.0
383.8124613999971	88.0	100.0
383.83358969999244	88.0	100.0
383.8523627000104	88.0	100.0
383.87187780000386	88.0	100.0
383.89236009999877	88.0	100.0
383.9123457999958	88.0	100.0
383.9343402000086	88.0	100.0
383.9532504999952	88.0	100.0
383.9724164000072	88.0	100.0
383.9917921999877	88.0	100.0
384.01254580001114	88.0	100.0
384.0328700999962	88.0	100.0
384.05249649999314	88.0	100.0
384.07227450000937	88.0	100.0
384.09247489998234	88.0	100.0
384.1125202999974	88.0	100.0
384.1324108999979	88.0	100.0
384.15224140000646	88.0	100.0
384.1725924999919	88.0	100.0
384.1973088000086	88.0	100.0
384.2122476999939	88.0	100.0
384.23246440000366	88.0	100.0
384.252021399996	88.0	100.0
384.2719186999893	88.0	100.0
384.2924406999955	88.0	100.0
384.3126262000005	88.0	100.0
384.33275689999573	88.0	100.0
384.35262779999175	88.0	100.0
384.37239189998945	88.0	100.0
384.39210759999696	88.0	100.0
384.412414099992	88.0	100.0
384.4342711000063	88.0	100.0
384.4526748000062	88.0	100.0
384.47274619998643	88.0	100.0
384.4915866999945	88.0	100.0
384.51289139999426	88.0	100.0
384.53233190000174	88.0	100.0
384.55366619999404	88.0	100.0
384.5752342999913	88.0	100.0
384.5923070999852	88.0	100.0
384.61234679998597	88.0	100.0
384.63273759998265	88.0	100.0
384.6524827000103	88.0	100.0
384.67291649998515	88.0	100.0
384.6925609000027	88.0	100.0
384.7121857999882	88.0	100.0
384.7323754999961	88.0	100.0
384.75307740000426	88.0	100.0
384.7726745000109	88.0	100.0
384.7924265000038	88.0	100.0
384.81222819999675	88.0	100.0
384.8331163999974	88.0	100.0
384.8525101999985	88.0	100.0
384.8730602999858	88.0	100.0
384.8923652000085	88.0	100.0
384.91263079998316	88.0	100.0
384.93214610000723	88.0	100.0
384.9527284000069	88.0	100.0
384.9722289000056	88.0	100.0
384.993101	88.0	100.0
385.01159489998827	88.0	100.0
385.0326769000094	88.0	100.0
385.05242329998873	88.0	100.0
385.0727077999909	88.0	100.0
385.09243299998343	88.0	100.0
385.11173810000764	88.0	100.0
385.132165899995	88.0	100.0
385.1526303999999	88.0	100.0
385.17238899998483	88.0	100.0
385.1940720999846	88.0	100.0
385.2125270999968	88.0	100.0
385.23309160000645	88.0	100.0
385.2525997000048	88.0	100.0
385.2733256999927	88.0	100.0
385.2930411999987	88.0	100.0
385.31256869999925	88.0	100.0
385.3334904999938	88.0	100.0
385.3530724000011	88.0	100.0
385.3724080999964	88.0	100.0
385.39187110000057	88.0	100.0
385.41299720000825	88.0	100.0
385.4328545999888	88.0	100.0
385.45262629998615	88.0	100.0
385.4729862000095	88.0	100.0
385.49293720000423	88.0	100.0
385.51233050000155	88.0	100.0
385.53230520000216	88.0	100.0
385.5525115999917	88.0	100.0
385.5724951000011	88.0	100.0
385.5925317000074	88.0	100.0
385.6119663999998	88.0	100.0
385.6324365999899	88.0	100.0
385.6520133999875	88.0	100.0
385.6724935999955	88.0	100.0
385.6918500000029	88.0	100.0
385.71435309998924	88.0	100.0
385.73413110000547	88.0	100.0
385.7653180999914	88.0	100.0
385.7752965000109	88.0	100.0
385.79021629999625	88.0	100.0
385.80910869999207	88.0	100.0
385.8306595000031	88.0	100.0
385.850397400005	88.0	100.0
385.87104060000274	88.0	100.0
385.89024069998413	88.0	100.0
385.91068939998513	88.0	100.0
385.93133490000037	88.0	100.0
385.9508405000088	88.0	100.0
385.9722455999872	88.0	100.0
385.9923723000102	88.0	100.0
386.01147800000035	88.0	100.0
386.03209819999756	88.0	100.0
386.050759500009	88.0	100.0
386.0718457000039	88.0	100.0
386.0904021000024	88.0	100.0
386.11227029998554	88.0	100.0
386.134278499987	88.0	100.0
386.1536713000096	88.0	100.0
386.1733916999947	88.0	100.0
386.1942066999909	88.0	100.0
386.21348690000013	88.0	100.0
386.234718599997	88.0	100.0
386.2540207999991	88.0	100.0
386.273795599991	88.0	100.0
386.2910450999916	88.0	100.0
386.3132989000005	88.0	100.0
386.3330106000067	88.0	100.0
386.3536105999956	88.0	100.0
386.37296809998224	88.0	100.0
386.39304470000206	88.0	100.0
386.41237780000665	88.0	100.0
386.4324976000062	88.0	100.0
386.4525405000022	88.0	100.0
386.4725861999905	88.0	100.0
386.49233609999646	88.0	100.0
386.51414829998976	88.0	100.0
386.54026129998965	88.0	100.0
386.5547152000072	88.0	100.0
386.5742526999966	88.0	100.0
386.59427169998526	88.0	100.0
386.61407310000504	88.0	100.0
386.63435670000035	88.0	100.0
386.65386289998423	88.0	100.0
386.674563699984	88.0	100.0
386.69254580000415	88.0	100.0
386.7129752000037	88.0	100.0
386.7330997000099	88.0	100.0
386.75287739999476	88.0	100.0
386.7727251999895	88.0	100.0
386.79447749999235	88.0	100.0
386.8145193000091	88.0	100.0
386.83998489999794	88.0	100.0
386.8542932999844	88.0	100.0
386.87406249999185	88.0	100.0
386.8937290000031	88.0	100.0
386.9154813000059	88.0	100.0
386.9343634000106	88.0	100.0
386.9542763000063	88.0	100.0
386.9750812999846	88.0	100.0
386.99451459999545	88.0	100.0
387.0142208999896	88.0	100.0
387.0352511999954	88.0	100.0
387.0540471999848	88.0	100.0
387.07427240000106	88.0	100.0
387.0942154999939	88.0	100.0
387.11428469998646	88.0	100.0
387.13513549999334	88.0	100.0
387.1538179999916	88.0	100.0
387.1735854999861	88.0	100.0
387.19373339999584	88.0	100.0
387.2138000999985	88.0	100.0
387.2341902999906	88.0	100.0
387.25428200000897	88.0	100.0
387.27429739999934	88.0	100.0
387.2938587999961	88.0	100.0
387.3142673000111	88.0	100.0
387.33532680000644	88.0	100.0
387.3546343999915	88.0	100.0
387.3726699000108	88.0	100.0
387.39313139999285	88.0	100.0
387.4142089000088	88.0	100.0
387.43349969998235	88.0	100.0
387.449669499998	88.0	100.0
387.4704090000014	88.0	100.0
387.48935540000093	88.0	100.0
387.51322880000225	88.0	100.0
387.53767769999104	88.0	100.0
387.5538220999879	88.0	100.0
387.57595160001074	88.0	100.0
387.59628199998406	88.0	100.0
387.61425079999026	88.0	100.0
387.6356182000018	88.0	100.0
387.65532620000886	88.0	100.0
387.6745793999871	88.0	100.0
387.69465419999324	88.0	100.0
387.71520629999577	88.0	100.0
387.7355312999862	88.0	100.0
387.75436980000813	88.0	100.0
387.77424900000915	88.0	100.0
387.794350799988	88.0	100.0
387.81463539999095	88.0	100.0
387.83486679999623	88.0	100.0
387.85558999999193	88.0	100.0
387.87489609999466	88.0	100.0
387.89469719998306	88.0	100.0
387.91506050000316	88.0	100.0
387.9348219000094	88.0	100.0
387.95544200000586	88.0	100.0
387.9754355000041	88.0	100.0
387.99537049999344	88.0	100.0
388.0152521999844	88.0	100.0
388.03550460000406	88.0	100.0
388.056795099983	88.0	100.0
388.07476059999317	88.0	100.0
388.0949544000032	88.0	100.0
388.11476669998956	88.0	100.0
388.1349247999897	88.0	100.0
388.15481680000084	88.0	100.0
388.17486339999596	88.0	100.0
388.19449120000354	88.0	100.0
388.21467600000324	88.0	100.0
388.23501390000456	88.0	100.0
388.25432089998503	88.0	100.0
388.27518870000495	88.0	100.0
388.2950576999865	88.0	100.0
388.31505400000606	88.0	100.0
388.3347970999894	88.0	100.0
388.3568484999996	88.0	100.0
388.3747088999953	88.0	100.0
388.39490779998596	88.0	100.0
388.414777900005	88.0	100.0
388.4349538999959	88.0	100.0
388.4548005000106	88.0	100.0
388.4765625	88.0	100.0
388.4955410999828	88.0	100.0
388.51442639998277	88.0	100.0
388.53510259999894	88.0	100.0
388.5562895000039	88.0	100.0
388.57517359999474	87.0	100.0
388.59614569999394	87.0	100.0
388.6158693000034	87.0	100.0
388.63606250000885	87.0	100.0
388.65566019999096	87.0	100.0
388.67611259999103	87.0	100.0
388.6976433999953	87.0	100.0
388.71598360000644	87.0	100.0
388.7351888999983	87.0	100.0
388.75585230000434	87.0	100.0
388.7773473999987	87.0	100.0
388.79421699998784	87.0	100.0
388.8293301000085	87.0	100.0
388.8361759999825	87.0	100.0
388.85231419999036	87.0	100.0
388.8720106999972	87.0	100.0
388.8928403999889	87.0	100.0
388.9124673999904	87.0	100.0
388.93280350000714	87.0	100.0
388.9530689000094	87.0	100.0
388.9728938000044	87.0	100.0
388.99539769999683	87.0	100.0
389.0144360999984	87.0	100.0
389.0361572999973	87.0	100.0
389.0556515000062	87.0	100.0
389.0761080000084	87.0	100.0
389.0988507999864	87.0	100.0
389.11577810000745	87.0	100.0
389.13622469999245	87.0	100.0
389.1561731999973	87.0	100.0
389.1762147999834	87.0	100.0
389.19646839998313	87.0	100.0
389.216110999987	87.0	100.0
389.23624490000657	87.0	100.0
389.2562743999879	87.0	100.0
389.27635939998436	87.0	100.0
389.29672019998543	87.0	100.0
389.3163467999839	87.0	100.0
389.33652469998924	87.0	100.0
389.3566116000002	87.0	100.0
389.3763831999968	87.0	100.0
389.396648599999	87.0	100.0
389.41559580000467	87.0	100.0
389.43569939999725	87.0	100.0
389.45564510000986	87.0	100.0
389.47547259999556	87.0	100.0
389.4963581000047	87.0	100.0
389.5163617999933	87.0	100.0
389.536288400006	87.0	100.0
389.5598040999903	87.0	100.0
389.5740355000016	87.0	100.0
389.5967692999984	87.0	100.0
389.61603889998514	87.0	100.0
389.6363050999935	87.0	100.0
389.65610319998814	87.0	100.0
389.676343500003	87.0	100.0
389.69634649998625	87.0	100.0
389.716110999987	87.0	100.0
389.73638650000794	87.0	100.0
389.7569240999874	87.0	100.0
389.7762020000082	87.0	100.0
389.7977748999838	87.0	100.0
389.81639140000334	87.0	100.0
389.8382427000033	87.0	100.0
389.8571229999943	87.0	100.0
389.8764094999933	87.0	100.0
389.8967389999889	87.0	100.0
389.9169273999869	87.0	100.0
389.93653300000005	87.0	100.0
389.9563705000037	87.0	100.0
389.97660890000407	87.0	100.0
389.99707439998747	87.0	100.0
390.0159708999854	87.0	100.0
390.0374305000005	87.0	100.0
390.0562064999831	87.0	100.0
390.07655259998864	87.0	100.0
390.0993175999902	87.0	100.0
390.122328700003	87.0	100.0
390.13608969998313	87.0	100.0
390.1557545999822	87.0	100.0
390.17624500000966	87.0	100.0
390.19647970001097	87.0	100.0
390.2188995000033	87.0	100.0
390.23678959999233	87.0	100.0
390.2568881000043	87.0	100.0
390.2765858999919	87.0	100.0
390.2966352000076	87.0	100.0
390.31657429999905	87.0	100.0
390.33646180000505	87.0	100.0
390.3564241999993	87.0	100.0
390.37690539998584	87.0	100.0
390.39613109998754	87.0	100.0
390.4156823999947	87.0	100.0
390.4392789999838	87.0	100.0
390.4567037000088	87.0	100.0
390.4766273999994	87.0	100.0
390.4963105999923	87.0	100.0
390.51622299998417	87.0	100.0
390.53752529999474	87.0	100.0
390.5583561999956	87.0	100.0
390.5774562000006	88.0	100.0
390.59680470000603	88.0	100.0
390.6166869000008	88.0	100.0
390.63774679999915	88.0	100.0
390.65644799999427	88.0	100.0
390.6765540000051	88.0	100.0
390.69710759999	88.0	100.0
390.7192004999961	88.0	100.0
390.7368051999947	88.0	100.0
390.7569162999862	88.0	100.0
390.7768143999856	88.0	100.0
390.7969129999983	88.0	100.0
390.81687619999866	88.0	100.0
390.83788529998856	88.0	100.0
390.8567802000034	88.0	100.0
390.87724770000204	88.0	100.0
390.89671120001003	88.0	100.0
390.91698340000585	88.0	100.0
390.93770549999317	88.0	100.0
390.9568197999906	88.0	100.0
390.97690979999606	88.0	100.0
390.99747649999335	88.0	100.0
391.0168912000081	88.0	100.0
391.03774420000263	88.0	100.0
391.057221199997	88.0	100.0
391.07769050000934	88.0	100.0
391.0977761000104	88.0	100.0
391.11628620000556	88.0	100.0
391.13838899999973	88.0	100.0
391.1564659999858	88.0	100.0
391.17643409999437	88.0	100.0
391.19654109998373	88.0	100.0
391.2169802999997	88.0	100.0
391.2380956999841	88.0	100.0
391.2570380999823	88.0	100.0
391.2774409999838	88.0	100.0
391.29689689999213	88.0	100.0
391.31816809999873	88.0	100.0
391.33666900001117	88.0	100.0
391.3577285000065	88.0	100.0
391.3774384999997	88.0	100.0
391.39771190000465	88.0	100.0
391.4167405999906	88.0	100.0
391.43814459998976	88.0	100.0
391.45781739999074	88.0	100.0
391.4780618000077	88.0	100.0
391.4970495000016	88.0	100.0
391.5177755999903	88.0	100.0
391.53826289999415	88.0	100.0
391.55844590000925	88.0	100.0
391.57848500000546	89.0	100.0
391.5983156999864	89.0	100.0
391.6170229999989	89.0	100.0
391.6403912999958	89.0	100.0
391.658288799983	89.0	100.0
391.6778023999941	89.0	100.0
391.69764510000823	89.0	100.0
391.71685339999385	89.0	100.0
391.73840500001097	89.0	100.0
391.7576439999975	89.0	100.0
391.7760322999966	89.0	100.0
391.79588270001113	89.0	100.0
391.81571349999285	89.0	100.0
391.8380859000026	89.0	100.0
391.85624170000665	89.0	100.0
391.87798349998775	89.0	100.0
391.8975411999854	89.0	100.0
391.9187530000054	89.0	100.0
391.94188009999925	89.0	100.0
391.9605217000062	89.0	100.0
391.97870129998773	89.0	100.0
391.99861670000246	89.0	100.0
392.0181583999947	89.0	100.0
392.0381847000099	89.0	100.0
392.05790019998676	89.0	100.0
392.07780920001096	89.0	100.0
392.09515549999196	89.0	100.0
392.1166413000028	89.0	100.0
392.1375518999994	89.0	100.0
392.156931000005	89.0	100.0
392.17685530000017	89.0	100.0
392.19715550000547	89.0	100.0
392.21788569999626	89.0	100.0
392.2376287000079	89.0	100.0
392.2583397999988	89.0	100.0
392.2777180999983	89.0	100.0
392.29757709999103	89.0	100.0
392.3185680999886	89.0	100.0
392.33797120000236	89.0	100.0
392.3587206999946	89.0	100.0
392.37818379999953	89.0	100.0
392.3982126000046	89.0	100.0
392.4186181999976	89.0	100.0
392.4384730999882	89.0	100.0
392.45391710000695	89.0	100.0
392.4753943000105	89.0	100.0
392.49582789998385	89.0	100.0
392.5223050999921	89.0	100.0
392.5388274999859	89.0	100.0
392.55954369998653	89.0	100.0
392.57831119999173	88.0	100.0
392.59877559999586	88.0	100.0
392.6191812999896	88.0	100.0
392.63908490000176	88.0	100.0
392.65808629998355	88.0	100.0
392.67848559998674	88.0	100.0
392.6982566000079	88.0	100.0
392.7209639000066	88.0	100.0
392.7383285999822	88.0	100.0
392.75817310001	88.0	100.0
392.7783866999962	88.0	100.0
392.7988270999922	88.0	100.0
392.81795589998364	88.0	100.0
392.8398199999938	88.0	100.0
392.85810139999376	88.0	100.0
392.87836229999084	88.0	100.0
392.89733050001087	88.0	100.0
392.91816529998323	88.0	100.0
392.9384032000089	88.0	100.0
392.95832479998353	88.0	100.0
