onset	duration	trial_type	value	sample
48.976	0.0	Song_Start	15	12244
49.24	0.0	Listen_Start	12	12310
50.096	0.0	Arrow_Right_Spawn	6	12524
50.704	0.0	Arrow_Left_Spawn	4	12676
51.412	0.0	Arrow_Left_Spawn	4	12853
52.072	0.0	Listen_End	11	13018
52.08	0.0	Arrow_Right_Spawn	6	13020
52.296	0.0	Arrow_Right_HitZone	5	13074
52.3	0.0	Right_Miss	13	13075
52.904	0.0	Arrow_Left_HitZone	3	13226
52.912	0.0	Left_Miss	10	13228
53.612	0.0	Arrow_Left_HitZone	3	13403
53.62	0.0	Left_Miss	10	13405
54.28	0.0	Arrow_Right_HitZone	5	13570
54.288	0.0	Right_Miss	13	13572
54.48	0.0	Listen_Start	12	13620
55.416	0.0	Arrow_Right_Spawn	6	13854
56.02	0.0	Arrow_Left_Spawn	4	14005
56.68	0.0	Arrow_Right_Spawn	6	14170
57.396	0.0	Listen_End	11	14349
57.616	0.0	Arrow_Right_HitZone	5	14404
57.624	0.0	Right_Miss	13	14406
58.22	0.0	Arrow_Left_HitZone	3	14555
58.228	0.0	Left_Miss	10	14557
58.88	0.0	Arrow_Right_HitZone	5	14720
58.888	0.0	Right_Miss	13	14722
59.104	0.0	Listen_Start	12	14776
60.768	0.0	Arrow_Left_Spawn	4	15192
62.008	0.0	Arrow_Left_Spawn	4	15502
62.688	0.0	Arrow_Right_Spawn	6	15672
62.768	0.0	Listen_End	11	15692
62.968	0.0	Arrow_Left_HitZone	3	15742
62.976	0.0	Left_Miss	10	15744
64.208	0.0	Arrow_Left_HitZone	3	16052
64.216	0.0	Left_Miss	10	16054
64.888	0.0	Arrow_Right_HitZone	5	16222
64.896	0.0	Right_Miss	13	16224
65.196	0.0	Listen_Start	12	16299
66.068	0.0	Arrow_Left_Spawn	4	16517
66.556	0.0	Arrow_Right_Spawn	6	16639
67.984	0.0	Arrow_Left_Spawn	4	16996
68.076	0.0	Listen_End	11	17019
68.268	0.0	Arrow_Left_HitZone	3	17067
68.276	0.0	Left_Miss	10	17069
68.756	0.0	Arrow_Right_HitZone	5	17189
68.764	0.0	Right_Miss	13	17191
70.184	0.0	Arrow_Left_HitZone	3	17546
70.192	0.0	Left_Miss	10	17548
70.6	0.0	Listen_Start	12	17650
71.872	0.0	Arrow_Left_Spawn	4	17968
72.488	0.0	Arrow_Right_Spawn	6	18122
73.196	0.0	Arrow_Right_Spawn	6	18299
73.788	0.0	Listen_End	11	18447
74.072	0.0	Arrow_Left_HitZone	3	18518
74.076	0.0	Left_Miss	10	18519
74.688	0.0	Arrow_Right_HitZone	5	18672
74.696	0.0	Right_Miss	13	18674
75.396	0.0	Arrow_Right_HitZone	5	18849
75.404	0.0	Right_Miss	13	18851
75.672	0.0	Listen_Start	12	18918
76.616	0.0	Arrow_Left_Spawn	4	19154
77.9	0.0	Arrow_Right_Spawn	6	19475
78.532	0.0	Listen_End	11	19633
78.816	0.0	Arrow_Left_HitZone	3	19704
78.824	0.0	Left_Miss	10	19706
80.1	0.0	Arrow_Right_HitZone	5	20025
80.108	0.0	Right_Miss	13	20027
80.408	0.0	Listen_Start	12	20102
82.544	0.0	Arrow_Right_Spawn	6	20636
83.944	0.0	Arrow_Left_Spawn	4	20986
84.492	0.0	Listen_End	11	21123
84.744	0.0	Arrow_Right_HitZone	5	21186
84.752	0.0	Right_Miss	13	21188
86.144	0.0	Arrow_Left_HitZone	3	21536
86.152	0.0	Left_Miss	10	21538
86.404	0.0	Listen_Start	12	21601
88.004	0.0	Arrow_Right_Spawn	6	22001
88.54	0.0	Arrow_Right_Spawn	6	22135
89.912	0.0	Listen_End	11	22478
90.204	0.0	Arrow_Right_HitZone	5	22551
90.212	0.0	Right_Miss	13	22553
90.74	0.0	Arrow_Right_HitZone	5	22685
90.748	0.0	Right_Miss	13	22687
92.848	0.0	Song_End	14	23212
195.228	0.0	Song_Start	15	48807
195.476	0.0	Listen_Start	12	48869
196.316	0.0	Arrow_Left_Spawn	4	49079
196.932	0.0	Arrow_Up_Spawn	8	49233
197.64	0.0	Arrow_Left_Spawn	4	49410
198.3	0.0	Arrow_Up_Spawn	8	49575
198.308	0.0	Listen_End	11	49577
198.516	0.0	Arrow_Left_HitZone	3	49629
198.524	0.0	Left_Miss	10	49631
199.132	0.0	Arrow_Up_HitZone	7	49783
199.14	0.0	Up_Miss	16	49785
199.84	0.0	Arrow_Left_HitZone	3	49960
199.848	0.0	Left_Miss	10	49962
200.5	0.0	Arrow_Up_HitZone	7	50125
200.508	0.0	Up_Miss	16	50127
200.716	0.0	Listen_Start	12	50179
201.644	0.0	Arrow_Left_Spawn	4	50411
202.248	0.0	Arrow_Up_Spawn	8	50562
202.908	0.0	Arrow_Left_Spawn	4	50727
203.624	0.0	Listen_End	11	50906
203.844	0.0	Arrow_Left_HitZone	3	50961
203.852	0.0	Left_Miss	10	50963
204.448	0.0	Arrow_Up_HitZone	7	51112
204.456	0.0	Up_Miss	16	51114
205.108	0.0	Arrow_Left_HitZone	3	51277
205.116	0.0	Left_Miss	10	51279
205.332	0.0	Listen_Start	12	51333
206.996	0.0	Arrow_Up_Spawn	8	51749
208.232	0.0	Arrow_Left_Spawn	4	52058
208.92	0.0	Arrow_Up_Spawn	8	52230
208.996	0.0	Listen_End	11	52249
209.196	0.0	Arrow_Up_HitZone	7	52299
209.204	0.0	Up_Miss	16	52301
210.432	0.0	Arrow_Left_HitZone	3	52608
210.436	0.0	Left_Miss	10	52609
211.116	0.0	Arrow_Up_HitZone	7	52779
211.124	0.0	Up_Miss	16	52781
211.424	0.0	Listen_Start	12	52856
212.296	0.0	Arrow_Left_Spawn	4	53074
212.784	0.0	Arrow_Up_Spawn	8	53196
214.212	0.0	Arrow_Left_Spawn	4	53553
214.304	0.0	Listen_End	11	53576
214.496	0.0	Arrow_Left_HitZone	3	53624
214.504	0.0	Left_Miss	10	53626
214.984	0.0	Arrow_Up_HitZone	7	53746
214.988	0.0	Up_Miss	16	53747
216.412	0.0	Arrow_Left_HitZone	3	54103
216.42	0.0	Left_Miss	10	54105
216.836	0.0	Listen_Start	12	54209
218.1	0.0	Arrow_Up_Spawn	8	54525
218.708	0.0	Arrow_Left_Spawn	4	54677
219.416	0.0	Arrow_Up_Spawn	8	54854
220.016	0.0	Listen_End	11	55004
220.3	0.0	Arrow_Up_HitZone	7	55075
220.304	0.0	Up_Miss	16	55076
220.908	0.0	Arrow_Left_HitZone	3	55227
220.916	0.0	Left_Miss	10	55229
221.616	0.0	Arrow_Up_HitZone	7	55404
221.624	0.0	Up_Miss	16	55406
221.9	0.0	Listen_Start	12	55475
222.84	0.0	Arrow_Left_Spawn	4	55710
224.128	0.0	Arrow_Up_Spawn	8	56032
224.76	0.0	Listen_End	11	56190
225.04	0.0	Arrow_Left_HitZone	3	56260
225.044	0.0	Left_Miss	10	56261
226.328	0.0	Arrow_Up_HitZone	7	56582
226.336	0.0	Up_Miss	16	56584
226.636	0.0	Listen_Start	12	56659
228.772	0.0	Arrow_Left_Spawn	4	57193
230.172	0.0	Arrow_Up_Spawn	8	57543
230.724	0.0	Listen_End	11	57681
230.972	0.0	Arrow_Left_HitZone	3	57743
230.98	0.0	Left_Miss	10	57745
232.372	0.0	Arrow_Up_HitZone	7	58093
232.38	0.0	Up_Miss	16	58095
232.636	0.0	Listen_Start	12	58159
234.232	0.0	Arrow_Left_Spawn	4	58558
234.768	0.0	Arrow_Up_Spawn	8	58692
236.14	0.0	Listen_End	11	59035
236.432	0.0	Arrow_Left_HitZone	3	59108
236.44	0.0	Left_Miss	10	59110
236.968	0.0	Arrow_Up_HitZone	7	59242
236.976	0.0	Up_Miss	16	59244
239.068	0.0	Song_End	14	59767
257.272	0.0	Song_Start	15	64318
257.516	0.0	Listen_Start	12	64379
258.368	0.0	Arrow_Left_Spawn	4	64592
258.98	0.0	Arrow_Down_Spawn	2	64745
259.688	0.0	Arrow_Left_Spawn	4	64922
260.348	0.0	Arrow_Down_Spawn	2	65087
260.352	0.0	Listen_End	11	65088
260.568	0.0	Arrow_Left_HitZone	3	65142
260.576	0.0	Left_Miss	10	65144
261.18	0.0	Arrow_Down_HitZone	1	65295
261.184	0.0	Down_Miss	9	65296
261.888	0.0	Arrow_Left_HitZone	3	65472
261.892	0.0	Left_Miss	10	65473
262.548	0.0	Arrow_Down_HitZone	1	65637
262.552	0.0	Down_Miss	9	65638
262.76	0.0	Listen_Start	12	65690
263.692	0.0	Arrow_Left_Spawn	4	65923
264.296	0.0	Arrow_Down_Spawn	2	66074
264.952	0.0	Arrow_Left_Spawn	4	66238
265.66	0.0	Listen_End	11	66415
265.892	0.0	Arrow_Left_HitZone	3	66473
265.896	0.0	Left_Miss	10	66474
266.496	0.0	Arrow_Down_HitZone	1	66624
266.5	0.0	Down_Miss	9	66625
267.152	0.0	Arrow_Left_HitZone	3	66788
267.16	0.0	Left_Miss	10	66790
267.384	0.0	Listen_Start	12	66846
269.04	0.0	Arrow_Down_Spawn	2	67260
270.284	0.0	Arrow_Left_Spawn	4	67571
270.964	0.0	Arrow_Down_Spawn	2	67741
271.048	0.0	Listen_End	11	67762
271.24	0.0	Arrow_Down_HitZone	1	67810
271.248	0.0	Down_Miss	9	67812
272.484	0.0	Arrow_Left_HitZone	3	68121
272.492	0.0	Left_Miss	10	68123
273.164	0.0	Arrow_Down_HitZone	1	68291
273.172	0.0	Down_Miss	9	68293
273.476	0.0	Listen_Start	12	68369
274.344	0.0	Arrow_Left_Spawn	4	68586
274.828	0.0	Arrow_Down_Spawn	2	68707
276.26	0.0	Arrow_Left_Spawn	4	69065
276.356	0.0	Listen_End	11	69089
276.544	0.0	Arrow_Left_HitZone	3	69136
276.552	0.0	Left_Miss	10	69138
277.028	0.0	Arrow_Down_HitZone	1	69257
277.036	0.0	Down_Miss	9	69259
278.46	0.0	Arrow_Left_HitZone	3	69615
278.464	0.0	Left_Miss	10	69616
278.884	0.0	Listen_Start	12	69721
280.144	0.0	Arrow_Down_Spawn	2	70036
280.756	0.0	Arrow_Left_Spawn	4	70189
281.464	0.0	Arrow_Down_Spawn	2	70366
282.068	0.0	Listen_End	11	70517
282.344	0.0	Arrow_Down_HitZone	1	70586
282.352	0.0	Down_Miss	9	70588
282.956	0.0	Arrow_Left_HitZone	3	70739
282.96	0.0	Left_Miss	10	70740
283.664	0.0	Arrow_Down_HitZone	1	70916
283.668	0.0	Down_Miss	9	70917
283.956	0.0	Listen_Start	12	70989
284.892	0.0	Arrow_Left_Spawn	4	71223
286.176	0.0	Arrow_Down_Spawn	2	71544
286.808	0.0	Listen_End	11	71702
287.092	0.0	Arrow_Left_HitZone	3	71773
287.096	0.0	Left_Miss	10	71774
288.376	0.0	Arrow_Down_HitZone	1	72094
288.38	0.0	Down_Miss	9	72095
288.688	0.0	Listen_Start	12	72172
290.816	0.0	Arrow_Left_Spawn	4	72704
292.22	0.0	Arrow_Down_Spawn	2	73055
292.776	0.0	Listen_End	11	73194
293.016	0.0	Arrow_Left_HitZone	3	73254
293.024	0.0	Left_Miss	10	73256
294.42	0.0	Arrow_Down_HitZone	1	73605
294.428	0.0	Down_Miss	9	73607
294.684	0.0	Listen_Start	12	73671
296.28	0.0	Arrow_Left_Spawn	4	74070
296.812	0.0	Arrow_Down_Spawn	2	74203
298.196	0.0	Listen_End	11	74549
298.48	0.0	Arrow_Left_HitZone	3	74620
298.484	0.0	Left_Miss	10	74621
299.012	0.0	Arrow_Down_HitZone	1	74753
299.02	0.0	Down_Miss	9	74755
301.124	0.0	Song_End	14	75281
320.636	0.0	Song_Start	15	80159
320.872	0.0	Listen_Start	12	80218
321.724	0.0	Arrow_Up_Spawn	8	80431
322.336	0.0	Arrow_Down_Spawn	2	80584
323.044	0.0	Arrow_Up_Spawn	8	80761
323.704	0.0	Arrow_Down_Spawn	2	80926
323.716	0.0	Listen_End	11	80929
323.924	0.0	Arrow_Up_HitZone	7	80981
323.932	0.0	Up_Miss	16	80983
324.536	0.0	Arrow_Down_HitZone	1	81134
324.544	0.0	Down_Miss	9	81136
325.244	0.0	Arrow_Up_HitZone	7	81311
325.252	0.0	Up_Miss	16	81313
325.904	0.0	Arrow_Down_HitZone	1	81476
325.912	0.0	Down_Miss	9	81478
326.124	0.0	Listen_Start	12	81531
327.048	0.0	Arrow_Up_Spawn	8	81762
327.652	0.0	Arrow_Down_Spawn	2	81913
328.312	0.0	Arrow_Up_Spawn	8	82078
329.028	0.0	Listen_End	11	82257
329.248	0.0	Arrow_Up_HitZone	7	82312
329.256	0.0	Up_Miss	16	82314
329.852	0.0	Arrow_Down_HitZone	1	82463
329.86	0.0	Down_Miss	9	82465
330.512	0.0	Arrow_Up_HitZone	7	82628
330.52	0.0	Up_Miss	16	82630
330.748	0.0	Listen_Start	12	82687
332.4	0.0	Arrow_Down_Spawn	2	83100
333.64	0.0	Arrow_Up_Spawn	8	83410
334.32	0.0	Arrow_Down_Spawn	2	83580
334.404	0.0	Listen_End	11	83601
334.6	0.0	Arrow_Down_HitZone	1	83650
334.604	0.0	Down_Miss	9	83651
335.84	0.0	Arrow_Up_HitZone	7	83960
335.848	0.0	Up_Miss	16	83962
336.52	0.0	Arrow_Down_HitZone	1	84130
336.528	0.0	Down_Miss	9	84132
336.832	0.0	Listen_Start	12	84208
337.7	0.0	Arrow_Up_Spawn	8	84425
338.184	0.0	Arrow_Down_Spawn	2	84546
339.616	0.0	Arrow_Up_Spawn	8	84904
339.712	0.0	Listen_End	11	84928
339.9	0.0	Arrow_Up_HitZone	7	84975
339.908	0.0	Up_Miss	16	84977
340.384	0.0	Arrow_Down_HitZone	1	85096
340.392	0.0	Down_Miss	9	85098
341.816	0.0	Arrow_Up_HitZone	7	85454
341.824	0.0	Up_Miss	16	85456
342.244	0.0	Listen_Start	12	85561
343.5	0.0	Arrow_Down_Spawn	2	85875
344.112	0.0	Arrow_Up_Spawn	8	86028
344.82	0.0	Arrow_Down_Spawn	2	86205
345.424	0.0	Listen_End	11	86356
345.7	0.0	Arrow_Down_HitZone	1	86425
345.708	0.0	Down_Miss	9	86427
346.312	0.0	Arrow_Up_HitZone	7	86578
346.32	0.0	Up_Miss	16	86580
347.02	0.0	Arrow_Down_HitZone	1	86755
347.028	0.0	Down_Miss	9	86757
347.32	0.0	Listen_Start	12	86830
348.248	0.0	Arrow_Up_Spawn	8	87062
349.532	0.0	Arrow_Down_Spawn	2	87383
350.164	0.0	Listen_End	11	87541
350.448	0.0	Arrow_Up_HitZone	7	87612
350.456	0.0	Up_Miss	16	87614
351.732	0.0	Arrow_Down_HitZone	1	87933
351.74	0.0	Down_Miss	9	87935
352.044	0.0	Listen_Start	12	88011
354.176	0.0	Arrow_Up_Spawn	8	88544
355.576	0.0	Arrow_Down_Spawn	2	88894
356.132	0.0	Listen_End	11	89033
356.376	0.0	Arrow_Up_HitZone	7	89094
356.38	0.0	Up_Miss	16	89095
357.776	0.0	Arrow_Down_HitZone	1	89444
357.784	0.0	Down_Miss	9	89446
358.048	0.0	Listen_Start	12	89512
359.636	0.0	Arrow_Up_Spawn	8	89909
360.172	0.0	Arrow_Down_Spawn	2	90043
361.552	0.0	Listen_End	11	90388
361.836	0.0	Arrow_Up_HitZone	7	90459
361.844	0.0	Up_Miss	16	90461
362.368	0.0	Arrow_Down_HitZone	1	90592
362.376	0.0	Down_Miss	9	90594
364.48	0.0	Song_End	14	91120
385.716	0.0	Song_Start	15	96429
385.956	0.0	Listen_Start	12	96489
386.812	0.0	Arrow_Right_Spawn	6	96703
387.42	0.0	Arrow_Down_Spawn	2	96855
388.128	0.0	Arrow_Right_Spawn	6	97032
388.788	0.0	Arrow_Down_Spawn	2	97197
388.796	0.0	Listen_End	11	97199
389.012	0.0	Arrow_Right_HitZone	5	97253
389.016	0.0	Right_Miss	13	97254
389.62	0.0	Arrow_Down_HitZone	1	97405
389.628	0.0	Down_Miss	9	97407
390.328	0.0	Arrow_Right_HitZone	5	97582
390.336	0.0	Right_Miss	13	97584
390.988	0.0	Arrow_Down_HitZone	1	97747
390.996	0.0	Down_Miss	9	97749
391.204	0.0	Listen_Start	12	97801
392.132	0.0	Arrow_Right_Spawn	6	98033
392.736	0.0	Arrow_Down_Spawn	2	98184
393.396	0.0	Arrow_Right_Spawn	6	98349
394.104	0.0	Listen_End	11	98526
394.332	0.0	Arrow_Right_HitZone	5	98583
394.34	0.0	Right_Miss	13	98585
394.936	0.0	Arrow_Down_HitZone	1	98734
394.944	0.0	Down_Miss	9	98736
395.596	0.0	Arrow_Right_HitZone	5	98899
395.604	0.0	Right_Miss	13	98901
395.824	0.0	Listen_Start	12	98956
397.484	0.0	Arrow_Down_Spawn	2	99371
398.724	0.0	Arrow_Right_Spawn	6	99681
399.404	0.0	Arrow_Down_Spawn	2	99851
399.484	0.0	Listen_End	11	99871
399.684	0.0	Arrow_Down_HitZone	1	99921
399.692	0.0	Down_Miss	9	99923
400.924	0.0	Arrow_Right_HitZone	5	100231
400.932	0.0	Right_Miss	13	100233
401.604	0.0	Arrow_Down_HitZone	1	100401
401.612	0.0	Down_Miss	9	100403
401.916	0.0	Listen_Start	12	100479
402.784	0.0	Arrow_Right_Spawn	6	100696
403.272	0.0	Arrow_Down_Spawn	2	100818
404.7	0.0	Arrow_Right_Spawn	6	101175
404.796	0.0	Listen_End	11	101199
404.984	0.0	Arrow_Right_HitZone	5	101246
404.992	0.0	Right_Miss	13	101248
405.472	0.0	Arrow_Down_HitZone	1	101368
405.48	0.0	Down_Miss	9	101370
406.9	0.0	Arrow_Right_HitZone	5	101725
406.908	0.0	Right_Miss	13	101727
407.324	0.0	Listen_Start	12	101831
408.588	0.0	Arrow_Down_Spawn	2	102147
409.196	0.0	Arrow_Right_Spawn	6	102299
409.904	0.0	Arrow_Down_Spawn	2	102476
410.508	0.0	Listen_End	11	102627
410.788	0.0	Arrow_Down_HitZone	1	102697
410.792	0.0	Down_Miss	9	102698
411.396	0.0	Arrow_Right_HitZone	5	102849
411.404	0.0	Right_Miss	13	102851
412.104	0.0	Arrow_Down_HitZone	1	103026
412.112	0.0	Down_Miss	9	103028
412.384	0.0	Listen_Start	12	103096
413.332	0.0	Arrow_Right_Spawn	6	103333
414.616	0.0	Arrow_Down_Spawn	2	103654
415.24	0.0	Listen_End	11	103810
415.532	0.0	Arrow_Right_HitZone	5	103883
415.54	0.0	Right_Miss	13	103885
416.816	0.0	Arrow_Down_HitZone	1	104204
416.824	0.0	Down_Miss	9	104206
417.124	0.0	Listen_Start	12	104281
419.26	0.0	Arrow_Right_Spawn	6	104815
420.66	0.0	Arrow_Down_Spawn	2	105165
421.204	0.0	Listen_End	11	105301
421.46	0.0	Arrow_Right_HitZone	5	105365
421.468	0.0	Right_Miss	13	105367
422.86	0.0	Arrow_Down_HitZone	1	105715
422.868	0.0	Down_Miss	9	105717
423.116	0.0	Listen_Start	12	105779
424.72	0.0	Arrow_Right_Spawn	6	106180
425.256	0.0	Arrow_Down_Spawn	2	106314
426.624	0.0	Listen_End	11	106656
426.92	0.0	Arrow_Right_HitZone	5	106730
426.928	0.0	Right_Miss	13	106732
427.456	0.0	Arrow_Down_HitZone	1	106864
427.46	0.0	Down_Miss	9	106865
429.564	0.0	Song_End	14	107391
449.272	0.0	Song_Start	15	112318
449.516	0.0	Listen_Start	12	112379
450.368	0.0	Arrow_Right_Spawn	6	112592
450.98	0.0	Arrow_Up_Spawn	8	112745
451.688	0.0	Arrow_Right_Spawn	6	112922
452.352	0.0	Listen_End	11	113088
452.356	0.0	Arrow_Up_Spawn	8	113089
452.568	0.0	Arrow_Right_HitZone	5	113142
452.576	0.0	Right_Miss	13	113144
453.18	0.0	Arrow_Up_HitZone	7	113295
453.188	0.0	Up_Miss	16	113297
453.888	0.0	Arrow_Right_HitZone	5	113472
453.896	0.0	Right_Miss	13	113474
454.552	0.0	Arrow_Up_HitZone	7	113638
454.56	0.0	Up_Miss	16	113640
454.76	0.0	Listen_Start	12	113690
455.692	0.0	Arrow_Right_Spawn	6	113923
456.296	0.0	Arrow_Up_Spawn	8	114074
456.956	0.0	Arrow_Right_Spawn	6	114239
457.668	0.0	Listen_End	11	114417
457.892	0.0	Arrow_Right_HitZone	5	114473
457.9	0.0	Right_Miss	13	114475
458.496	0.0	Arrow_Up_HitZone	7	114624
458.504	0.0	Up_Miss	16	114626
459.156	0.0	Arrow_Right_HitZone	5	114789
459.16	0.0	Right_Miss	13	114790
459.384	0.0	Listen_Start	12	114846
461.04	0.0	Arrow_Up_Spawn	8	115260
462.284	0.0	Arrow_Right_Spawn	6	115571
462.972	0.0	Arrow_Up_Spawn	8	115743
463.048	0.0	Listen_End	11	115762
463.24	0.0	Arrow_Up_HitZone	7	115810
463.248	0.0	Up_Miss	16	115812
464.484	0.0	Arrow_Right_HitZone	5	116121
464.492	0.0	Right_Miss	13	116123
465.172	0.0	Arrow_Up_HitZone	7	116293
465.176	0.0	Up_Miss	16	116294
465.476	0.0	Listen_Start	12	116369
466.344	0.0	Arrow_Right_Spawn	6	116586
466.828	0.0	Arrow_Up_Spawn	8	116707
468.26	0.0	Arrow_Right_Spawn	6	117065
468.356	0.0	Listen_End	11	117089
468.544	0.0	Arrow_Right_HitZone	5	117136
468.552	0.0	Right_Miss	13	117138
469.028	0.0	Arrow_Up_HitZone	7	117257
469.036	0.0	Up_Miss	16	117259
470.46	0.0	Arrow_Right_HitZone	5	117615
470.464	0.0	Right_Miss	13	117616
470.884	0.0	Listen_Start	12	117721
472.144	0.0	Arrow_Up_Spawn	8	118036
472.764	0.0	Arrow_Right_Spawn	6	118191
473.472	0.0	Arrow_Up_Spawn	8	118368
474.068	0.0	Listen_End	11	118517
474.344	0.0	Arrow_Up_HitZone	7	118586
474.352	0.0	Up_Miss	16	118588
474.964	0.0	Arrow_Right_HitZone	5	118741
474.968	0.0	Right_Miss	13	118742
475.672	0.0	Arrow_Up_HitZone	7	118918
475.68	0.0	Up_Miss	16	118920
475.956	0.0	Listen_Start	12	118989
476.892	0.0	Arrow_Right_Spawn	6	119223
478.184	0.0	Arrow_Up_Spawn	8	119546
478.808	0.0	Listen_End	11	119702
479.092	0.0	Arrow_Right_HitZone	5	119773
479.1	0.0	Right_Miss	13	119775
480.384	0.0	Arrow_Up_HitZone	7	120096
480.388	0.0	Up_Miss	16	120097
480.688	0.0	Listen_Start	12	120172
482.816	0.0	Arrow_Right_Spawn	6	120704
484.228	0.0	Arrow_Up_Spawn	8	121057
484.776	0.0	Listen_End	11	121194
485.02	0.0	Arrow_Right_HitZone	5	121255
485.024	0.0	Right_Miss	13	121256
486.428	0.0	Arrow_Up_HitZone	7	121607
486.432	0.0	Up_Miss	16	121608
486.684	0.0	Listen_Start	12	121671
488.288	0.0	Arrow_Right_Spawn	6	122072
488.812	0.0	Arrow_Up_Spawn	8	122203
490.196	0.0	Listen_End	11	122549
490.488	0.0	Arrow_Right_HitZone	5	122622
490.492	0.0	Right_Miss	13	122623
491.012	0.0	Arrow_Up_HitZone	7	122753
491.02	0.0	Up_Miss	16	122755
493.128	0.0	Song_End	14	123282
513.972	0.0	Song_Start	15	128493
514.052	0.0	Listen_Start	12	128513
515.212	0.0	Arrow_Right_Spawn	6	128803
515.592	0.0	Arrow_Left_Spawn	4	128898
516.036	0.0	Arrow_Left_Spawn	4	129009
516.44	0.0	Arrow_Right_Spawn	6	129110
516.848	0.0	Arrow_Right_Spawn	6	129212
517.132	0.0	Listen_End	11	129283
517.252	0.0	Arrow_Left_Spawn	4	129313
517.412	0.0	Arrow_Right_HitZone	5	129353
517.42	0.0	Right_Miss	13	129355
517.632	0.0	Arrow_Right_Spawn	6	129408
517.792	0.0	Arrow_Left_HitZone	3	129448
517.8	0.0	Left_Miss	10	129450
518.016	0.0	Arrow_Left_Spawn	4	129504
518.236	0.0	Arrow_Left_HitZone	3	129559
518.244	0.0	Left_Miss	10	129561
518.64	0.0	Arrow_Right_HitZone	5	129660
518.648	0.0	Right_Miss	13	129662
519.048	0.0	Arrow_Right_HitZone	5	129762
519.056	0.0	Right_Miss	13	129764
519.452	0.0	Arrow_Left_HitZone	3	129863
519.46	0.0	Left_Miss	10	129865
519.832	0.0	Arrow_Right_HitZone	5	129958
519.84	0.0	Right_Miss	13	129960
520.216	0.0	Arrow_Left_HitZone	3	130054
520.22	0.0	Left_Miss	10	130055
520.368	0.0	Listen_Start	12	130092
521.604	0.0	Arrow_Left_Spawn	4	130401
521.944	0.0	Arrow_Right_Spawn	6	130486
522.436	0.0	Arrow_Left_Spawn	4	130609
522.824	0.0	Arrow_Right_Spawn	6	130706
523.204	0.0	Arrow_Left_Spawn	4	130801
523.628	0.0	Listen_End	11	130907
523.804	0.0	Arrow_Left_HitZone	3	130951
523.812	0.0	Left_Miss	10	130953
523.92	0.0	Arrow_Left_Spawn	4	130980
524.144	0.0	Arrow_Right_HitZone	5	131036
524.148	0.0	Right_Miss	13	131037
524.636	0.0	Arrow_Left_HitZone	3	131159
524.64	0.0	Left_Miss	10	131160
525.024	0.0	Arrow_Right_HitZone	5	131256
525.032	0.0	Right_Miss	13	131258
525.404	0.0	Arrow_Left_HitZone	3	131351
525.412	0.0	Left_Miss	10	131353
526.12	0.0	Arrow_Left_HitZone	3	131530
526.128	0.0	Left_Miss	10	131532
526.396	0.0	Listen_Start	12	131599
527.996	0.0	Arrow_Right_Spawn	6	131999
528.784	0.0	Arrow_Right_Spawn	6	132196
529.644	0.0	Arrow_Left_Spawn	4	132411
529.984	0.0	Listen_End	11	132496
530.028	0.0	Arrow_Right_Spawn	6	132507
530.192	0.0	Arrow_Right_HitZone	5	132548
530.2	0.0	Right_Miss	13	132550
530.408	0.0	Arrow_Right_Spawn	6	132602
530.812	0.0	Arrow_Left_Spawn	4	132703
530.984	0.0	Arrow_Right_HitZone	5	132746
530.992	0.0	Right_Miss	13	132748
531.844	0.0	Arrow_Left_HitZone	3	132961
531.852	0.0	Left_Miss	10	132963
532.228	0.0	Arrow_Right_HitZone	5	133057
532.236	0.0	Right_Miss	13	133059
532.608	0.0	Arrow_Right_HitZone	5	133152
532.616	0.0	Right_Miss	13	133154
533.012	0.0	Arrow_Left_HitZone	3	133253
533.016	0.0	Left_Miss	10	133254
533.356	0.0	Listen_Start	12	133339
534.484	0.0	Arrow_Right_Spawn	6	133621
534.824	0.0	Arrow_Right_Spawn	6	133706
535.156	0.0	Arrow_Left_Spawn	4	133789
535.988	0.0	Arrow_Left_Spawn	4	133997
536.376	0.0	Arrow_Right_Spawn	6	134094
536.584	0.0	Listen_End	11	134146
536.68	0.0	Arrow_Right_HitZone	5	134170
536.688	0.0	Right_Miss	13	134172
536.76	0.0	Arrow_Left_Spawn	4	134190
537.024	0.0	Arrow_Right_HitZone	5	134256
537.028	0.0	Right_Miss	13	134257
537.356	0.0	Arrow_Left_HitZone	3	134339
537.364	0.0	Left_Miss	10	134341
538.188	0.0	Arrow_Left_HitZone	3	134547
538.196	0.0	Left_Miss	10	134549
538.576	0.0	Arrow_Right_HitZone	5	134644
538.584	0.0	Right_Miss	13	134646
538.96	0.0	Arrow_Left_HitZone	3	134740
538.964	0.0	Left_Miss	10	134741
539.188	0.0	Listen_Start	12	134797
540.824	0.0	Arrow_Left_Spawn	4	135206
541.616	0.0	Arrow_Right_Spawn	6	135404
542.032	0.0	Arrow_Right_Spawn	6	135508
542.4	0.0	Arrow_Left_Spawn	4	135600
542.776	0.0	Listen_End	11	135694
543.024	0.0	Arrow_Left_HitZone	3	135756
543.032	0.0	Left_Miss	10	135758
543.172	0.0	Arrow_Right_Spawn	6	135793
543.532	0.0	Arrow_Right_Spawn	6	135883
543.816	0.0	Arrow_Right_HitZone	5	135954
543.824	0.0	Right_Miss	13	135956
544.232	0.0	Arrow_Right_HitZone	5	136058
544.24	0.0	Right_Miss	13	136060
544.6	0.0	Arrow_Left_HitZone	3	136150
544.608	0.0	Left_Miss	10	136152
545.372	0.0	Arrow_Right_HitZone	5	136343
545.376	0.0	Right_Miss	13	136344
545.732	0.0	Arrow_Right_HitZone	5	136433
545.736	0.0	Right_Miss	13	136434
545.972	0.0	Listen_Start	12	136493
547.196	0.0	Arrow_Left_Spawn	4	136799
547.576	0.0	Arrow_Right_Spawn	6	136894
548.716	0.0	Arrow_Left_Spawn	4	137179
549.048	0.0	Arrow_Right_Spawn	6	137262
549.244	0.0	Listen_End	11	137311
549.396	0.0	Arrow_Left_HitZone	3	137349
549.4	0.0	Left_Miss	10	137350
549.776	0.0	Arrow_Right_HitZone	5	137444
549.784	0.0	Right_Miss	13	137446
550.916	0.0	Arrow_Left_HitZone	3	137729
550.92	0.0	Left_Miss	10	137730
551.248	0.0	Arrow_Right_HitZone	5	137812
551.256	0.0	Right_Miss	13	137814
551.436	0.0	Listen_Start	12	137859
554.344	0.0	Arrow_Right_Spawn	6	138586
554.724	0.0	Arrow_Left_Spawn	4	138681
555.136	0.0	Arrow_Right_Spawn	6	138784
555.552	0.0	Arrow_Left_Spawn	4	138888
555.952	0.0	Arrow_Left_Spawn	4	138988
556.336	0.0	Arrow_Right_Spawn	6	139084
556.376	0.0	Listen_End	11	139094
556.544	0.0	Arrow_Right_HitZone	5	139136
556.548	0.0	Right_Miss	13	139137
556.924	0.0	Arrow_Left_HitZone	3	139231
556.932	0.0	Left_Miss	10	139233
557.332	0.0	Arrow_Right_HitZone	5	139333
557.34	0.0	Right_Miss	13	139335
557.752	0.0	Arrow_Left_HitZone	3	139438
557.756	0.0	Left_Miss	10	139439
558.152	0.0	Arrow_Left_HitZone	3	139538
558.16	0.0	Left_Miss	10	139540
558.536	0.0	Arrow_Right_HitZone	5	139634
558.54	0.0	Right_Miss	13	139635
558.868	0.0	Listen_Start	12	139717
559.952	0.0	Arrow_Left_Spawn	4	139988
560.672	0.0	Arrow_Left_Spawn	4	140168
561.124	0.0	Arrow_Right_Spawn	6	140281
562.04	0.0	Listen_End	11	140510
562.148	0.0	Arrow_Left_HitZone	3	140537
562.156	0.0	Left_Miss	10	140539
562.488	0.0	Arrow_Left_Spawn	4	140622
562.816	0.0	Arrow_Left_Spawn	4	140704
562.872	0.0	Arrow_Left_HitZone	3	140718
562.88	0.0	Left_Miss	10	140720
563.324	0.0	Arrow_Right_HitZone	5	140831
563.328	0.0	Right_Miss	13	140832
564.688	0.0	Arrow_Left_HitZone	3	141172
564.696	0.0	Left_Miss	10	141174
565.016	0.0	Arrow_Left_HitZone	3	141254
565.024	0.0	Left_Miss	10	141256
566.452	0.0	Song_End	14	141613
588.6	0.0	Song_Start	15	147150
588.68	0.0	Listen_Start	12	147170
589.84	0.0	Arrow_Left_Spawn	4	147460
590.22	0.0	Arrow_Up_Spawn	8	147555
590.664	0.0	Arrow_Left_Spawn	4	147666
591.068	0.0	Arrow_Up_Spawn	8	147767
591.476	0.0	Arrow_Left_Spawn	4	147869
591.752	0.0	Listen_End	11	147938
591.88	0.0	Arrow_Up_Spawn	8	147970
592.04	0.0	Arrow_Left_HitZone	3	148010
592.044	0.0	Left_Miss	10	148011
592.26	0.0	Arrow_Left_Spawn	4	148065
592.42	0.0	Arrow_Up_HitZone	7	148105
592.428	0.0	Up_Miss	16	148107
592.64	0.0	Arrow_Up_Spawn	8	148160
592.864	0.0	Arrow_Left_HitZone	3	148216
592.872	0.0	Left_Miss	10	148218
593.268	0.0	Arrow_Up_HitZone	7	148317
593.272	0.0	Up_Miss	16	148318
593.676	0.0	Arrow_Left_HitZone	3	148419
593.684	0.0	Left_Miss	10	148421
594.08	0.0	Arrow_Up_HitZone	7	148520
594.084	0.0	Up_Miss	16	148521
594.46	0.0	Arrow_Left_HitZone	3	148615
594.468	0.0	Left_Miss	10	148617
594.84	0.0	Arrow_Up_HitZone	7	148710
594.848	0.0	Up_Miss	16	148712
594.996	0.0	Listen_Start	12	148749
596.228	0.0	Arrow_Left_Spawn	4	149057
596.568	0.0	Arrow_Up_Spawn	8	149142
597.064	0.0	Arrow_Left_Spawn	4	149266
597.452	0.0	Arrow_Up_Spawn	8	149363
597.832	0.0	Arrow_Left_Spawn	4	149458
598.248	0.0	Listen_End	11	149562
598.428	0.0	Arrow_Left_HitZone	3	149607
598.436	0.0	Left_Miss	10	149609
598.548	0.0	Arrow_Up_Spawn	8	149637
598.768	0.0	Arrow_Up_HitZone	7	149692
598.776	0.0	Up_Miss	16	149694
599.264	0.0	Arrow_Left_HitZone	3	149816
599.268	0.0	Left_Miss	10	149817
599.652	0.0	Arrow_Up_HitZone	7	149913
599.66	0.0	Up_Miss	16	149915
600.032	0.0	Arrow_Left_HitZone	3	150008
600.04	0.0	Left_Miss	10	150010
600.748	0.0	Arrow_Up_HitZone	7	150187
600.752	0.0	Up_Miss	16	150188
601.016	0.0	Listen_Start	12	150254
602.62	0.0	Arrow_Left_Spawn	4	150655
603.412	0.0	Arrow_Up_Spawn	8	150853
604.272	0.0	Arrow_Left_Spawn	4	151068
604.612	0.0	Listen_End	11	151153
604.652	0.0	Arrow_Up_Spawn	8	151163
604.824	0.0	Arrow_Left_HitZone	3	151206
604.828	0.0	Left_Miss	10	151207
605.036	0.0	Arrow_Left_Spawn	4	151259
605.444	0.0	Arrow_Up_Spawn	8	151361
605.612	0.0	Arrow_Up_HitZone	7	151403
605.62	0.0	Up_Miss	16	151405
606.472	0.0	Arrow_Left_HitZone	3	151618
606.48	0.0	Left_Miss	10	151620
606.856	0.0	Arrow_Up_HitZone	7	151714
606.86	0.0	Up_Miss	16	151715
607.236	0.0	Arrow_Left_HitZone	3	151809
607.244	0.0	Left_Miss	10	151811
607.644	0.0	Arrow_Up_HitZone	7	151911
607.652	0.0	Up_Miss	16	151913
607.984	0.0	Listen_Start	12	151996
609.108	0.0	Arrow_Left_Spawn	4	152277
609.448	0.0	Arrow_Up_Spawn	8	152362
609.784	0.0	Arrow_Left_Spawn	4	152446
610.624	0.0	Arrow_Up_Spawn	8	152656
611.004	0.0	Arrow_Left_Spawn	4	152751
611.204	0.0	Listen_End	11	152801
611.308	0.0	Arrow_Left_HitZone	3	152827
611.316	0.0	Left_Miss	10	152829
611.384	0.0	Arrow_Up_Spawn	8	152846
611.648	0.0	Arrow_Up_HitZone	7	152912
611.656	0.0	Up_Miss	16	152914
611.984	0.0	Arrow_Left_HitZone	3	152996
611.988	0.0	Left_Miss	10	152997
612.82	0.0	Arrow_Up_HitZone	7	153205
612.828	0.0	Up_Miss	16	153207
613.204	0.0	Arrow_Left_HitZone	3	153301
613.212	0.0	Left_Miss	10	153303
613.584	0.0	Arrow_Up_HitZone	7	153396
613.592	0.0	Up_Miss	16	153398
613.808	0.0	Listen_Start	12	153452
615.452	0.0	Arrow_Left_Spawn	4	153863
616.244	0.0	Arrow_Up_Spawn	8	154061
616.66	0.0	Arrow_Left_Spawn	4	154165
617.032	0.0	Arrow_Up_Spawn	8	154258
617.408	0.0	Listen_End	11	154352
617.652	0.0	Arrow_Left_HitZone	3	154413
617.66	0.0	Left_Miss	10	154415
617.796	0.0	Arrow_Left_Spawn	4	154449
618.16	0.0	Arrow_Up_Spawn	8	154540
618.444	0.0	Arrow_Up_HitZone	7	154611
618.448	0.0	Up_Miss	16	154612
618.86	0.0	Arrow_Left_HitZone	3	154715
618.868	0.0	Left_Miss	10	154717
619.232	0.0	Arrow_Up_HitZone	7	154808
619.24	0.0	Up_Miss	16	154810
619.996	0.0	Arrow_Left_HitZone	3	154999
620.004	0.0	Left_Miss	10	155001
620.356	0.0	Arrow_Up_HitZone	7	155089
620.364	0.0	Up_Miss	16	155091
620.608	0.0	Listen_Start	12	155152
621.824	0.0	Arrow_Left_Spawn	4	155456
622.204	0.0	Arrow_Up_Spawn	8	155551
623.344	0.0	Arrow_Left_Spawn	4	155836
623.68	0.0	Arrow_Up_Spawn	8	155920
623.868	0.0	Listen_End	11	155967
624.02	0.0	Arrow_Left_HitZone	3	156005
624.028	0.0	Left_Miss	10	156007
624.404	0.0	Arrow_Up_HitZone	7	156101
624.412	0.0	Up_Miss	16	156103
625.54	0.0	Arrow_Left_HitZone	3	156385
625.548	0.0	Left_Miss	10	156387
625.88	0.0	Arrow_Up_HitZone	7	156470
625.888	0.0	Up_Miss	16	156472
626.064	0.0	Listen_Start	12	156516
628.968	0.0	Arrow_Left_Spawn	4	157242
629.352	0.0	Arrow_Up_Spawn	8	157338
629.76	0.0	Arrow_Left_Spawn	4	157440
630.176	0.0	Arrow_Up_Spawn	8	157544
630.588	0.0	Arrow_Left_Spawn	4	157647
630.968	0.0	Arrow_Up_Spawn	8	157742
631.008	0.0	Listen_End	11	157752
631.168	0.0	Arrow_Left_HitZone	3	157792
631.176	0.0	Left_Miss	10	157794
631.552	0.0	Arrow_Up_HitZone	7	157888
631.56	0.0	Up_Miss	16	157890
631.96	0.0	Arrow_Left_HitZone	3	157990
631.968	0.0	Left_Miss	10	157992
632.376	0.0	Arrow_Up_HitZone	7	158094
632.384	0.0	Up_Miss	16	158096
632.788	0.0	Arrow_Left_HitZone	3	158197
632.792	0.0	Left_Miss	10	158198
633.168	0.0	Arrow_Up_HitZone	7	158292
633.176	0.0	Up_Miss	16	158294
633.488	0.0	Listen_Start	12	158372
634.576	0.0	Arrow_Left_Spawn	4	158644
635.3	0.0	Arrow_Up_Spawn	8	158825
635.748	0.0	Arrow_Left_Spawn	4	158937
636.66	0.0	Listen_End	11	159165
636.776	0.0	Arrow_Left_HitZone	3	159194
636.784	0.0	Left_Miss	10	159196
637.116	0.0	Arrow_Up_Spawn	8	159279
637.444	0.0	Arrow_Left_Spawn	4	159361
637.5	0.0	Arrow_Up_HitZone	7	159375
637.504	0.0	Up_Miss	16	159376
637.948	0.0	Arrow_Left_HitZone	3	159487
637.956	0.0	Left_Miss	10	159489
639.316	0.0	Arrow_Up_HitZone	7	159829
639.324	0.0	Up_Miss	16	159831
639.644	0.0	Arrow_Left_HitZone	3	159911
639.648	0.0	Left_Miss	10	159912
641.092	0.0	Song_End	14	160273
665.424	0.0	Song_Start	15	166356
665.5	0.0	Listen_Start	12	166375
666.664	0.0	Arrow_Left_Spawn	4	166666
667.048	0.0	Arrow_Down_Spawn	2	166762
667.492	0.0	Arrow_Left_Spawn	4	166873
667.892	0.0	Arrow_Down_Spawn	2	166973
668.304	0.0	Arrow_Left_Spawn	4	167076
668.588	0.0	Listen_End	11	167147
668.704	0.0	Arrow_Down_Spawn	2	167176
668.864	0.0	Arrow_Left_HitZone	3	167216
668.872	0.0	Left_Miss	10	167218
669.088	0.0	Arrow_Left_Spawn	4	167272
669.248	0.0	Arrow_Down_HitZone	1	167312
669.252	0.0	Down_Miss	9	167313
669.468	0.0	Arrow_Down_Spawn	2	167367
669.692	0.0	Arrow_Left_HitZone	3	167423
669.696	0.0	Left_Miss	10	167424
670.092	0.0	Arrow_Down_HitZone	1	167523
670.1	0.0	Down_Miss	9	167525
670.504	0.0	Arrow_Left_HitZone	3	167626
670.508	0.0	Left_Miss	10	167627
670.904	0.0	Arrow_Down_HitZone	1	167726
670.912	0.0	Down_Miss	9	167728
671.288	0.0	Arrow_Left_HitZone	3	167822
671.292	0.0	Left_Miss	10	167823
671.668	0.0	Arrow_Down_HitZone	1	167917
671.676	0.0	Down_Miss	9	167919
671.82	0.0	Listen_Start	12	167955
673.056	0.0	Arrow_Left_Spawn	4	168264
673.396	0.0	Arrow_Down_Spawn	2	168349
673.888	0.0	Arrow_Left_Spawn	4	168472
674.276	0.0	Arrow_Down_Spawn	2	168569
674.66	0.0	Arrow_Left_Spawn	4	168665
675.068	0.0	Listen_End	11	168767
675.256	0.0	Arrow_Left_HitZone	3	168814
675.264	0.0	Left_Miss	10	168816
675.372	0.0	Arrow_Down_Spawn	2	168843
675.596	0.0	Arrow_Down_HitZone	1	168899
675.604	0.0	Down_Miss	9	168901
676.088	0.0	Arrow_Left_HitZone	3	169022
676.096	0.0	Left_Miss	10	169024
676.476	0.0	Arrow_Down_HitZone	1	169119
676.484	0.0	Down_Miss	9	169121
676.86	0.0	Arrow_Left_HitZone	3	169215
676.864	0.0	Left_Miss	10	169216
677.572	0.0	Arrow_Down_HitZone	1	169393
677.58	0.0	Down_Miss	9	169395
677.836	0.0	Listen_Start	12	169459
679.448	0.0	Arrow_Left_Spawn	4	169862
680.24	0.0	Arrow_Down_Spawn	2	170060
681.1	0.0	Arrow_Left_Spawn	4	170275
681.44	0.0	Listen_End	11	170360
681.48	0.0	Arrow_Down_Spawn	2	170370
681.648	0.0	Arrow_Left_HitZone	3	170412
681.652	0.0	Left_Miss	10	170413
681.864	0.0	Arrow_Left_Spawn	4	170466
682.272	0.0	Arrow_Down_Spawn	2	170568
682.44	0.0	Arrow_Down_HitZone	1	170610
682.444	0.0	Down_Miss	9	170611
683.3	0.0	Arrow_Left_HitZone	3	170825
683.304	0.0	Left_Miss	10	170826
683.68	0.0	Arrow_Down_HitZone	1	170920
683.688	0.0	Down_Miss	9	170922
684.064	0.0	Arrow_Left_HitZone	3	171016
684.068	0.0	Left_Miss	10	171017
684.472	0.0	Arrow_Down_HitZone	1	171118
684.48	0.0	Down_Miss	9	171120
684.804	0.0	Listen_Start	12	171201
685.936	0.0	Arrow_Left_Spawn	4	171484
686.276	0.0	Arrow_Down_Spawn	2	171569
686.608	0.0	Arrow_Left_Spawn	4	171652
687.448	0.0	Arrow_Down_Spawn	2	171862
687.832	0.0	Arrow_Left_Spawn	4	171958
688.024	0.0	Listen_End	11	172006
688.136	0.0	Arrow_Left_HitZone	3	172034
688.144	0.0	Left_Miss	10	172036
688.212	0.0	Arrow_Down_Spawn	2	172053
688.476	0.0	Arrow_Down_HitZone	1	172119
688.484	0.0	Down_Miss	9	172121
688.808	0.0	Arrow_Left_HitZone	3	172202
688.816	0.0	Left_Miss	10	172204
689.648	0.0	Arrow_Down_HitZone	1	172412
689.656	0.0	Down_Miss	9	172414
690.032	0.0	Arrow_Left_HitZone	3	172508
690.036	0.0	Left_Miss	10	172509
690.412	0.0	Arrow_Down_HitZone	1	172603
690.42	0.0	Down_Miss	9	172605
690.628	0.0	Listen_Start	12	172657
692.28	0.0	Arrow_Left_Spawn	4	173070
693.068	0.0	Arrow_Down_Spawn	2	173267
693.484	0.0	Arrow_Left_Spawn	4	173371
693.86	0.0	Arrow_Down_Spawn	2	173465
694.228	0.0	Listen_End	11	173557
694.48	0.0	Arrow_Left_HitZone	3	173620
694.484	0.0	Left_Miss	10	173621
694.624	0.0	Arrow_Left_Spawn	4	173656
694.984	0.0	Arrow_Down_Spawn	2	173746
695.268	0.0	Arrow_Down_HitZone	1	173817
695.276	0.0	Down_Miss	9	173819
695.684	0.0	Arrow_Left_HitZone	3	173921
695.692	0.0	Left_Miss	10	173923
696.06	0.0	Arrow_Down_HitZone	1	174015
696.068	0.0	Down_Miss	9	174017
696.824	0.0	Arrow_Left_HitZone	3	174206
696.832	0.0	Left_Miss	10	174208
697.184	0.0	Arrow_Down_HitZone	1	174296
697.192	0.0	Down_Miss	9	174298
697.428	0.0	Listen_Start	12	174357
698.648	0.0	Arrow_Left_Spawn	4	174662
699.032	0.0	Arrow_Down_Spawn	2	174758
700.168	0.0	Arrow_Left_Spawn	4	175042
700.508	0.0	Arrow_Down_Spawn	2	175127
700.688	0.0	Listen_End	11	175172
700.848	0.0	Arrow_Left_HitZone	3	175212
700.856	0.0	Left_Miss	10	175214
701.232	0.0	Arrow_Down_HitZone	1	175308
701.236	0.0	Down_Miss	9	175309
702.368	0.0	Arrow_Left_HitZone	3	175592
702.376	0.0	Left_Miss	10	175594
702.708	0.0	Arrow_Down_HitZone	1	175677
702.716	0.0	Down_Miss	9	175679
702.888	0.0	Listen_Start	12	175722
705.796	0.0	Arrow_Left_Spawn	4	176449
706.18	0.0	Arrow_Down_Spawn	2	176545
706.588	0.0	Arrow_Left_Spawn	4	176647
707.004	0.0	Arrow_Down_Spawn	2	176751
707.412	0.0	Arrow_Left_Spawn	4	176853
707.796	0.0	Arrow_Down_Spawn	2	176949
707.828	0.0	Listen_End	11	176957
707.996	0.0	Arrow_Left_HitZone	3	176999
708.004	0.0	Left_Miss	10	177001
708.376	0.0	Arrow_Down_HitZone	1	177094
708.384	0.0	Down_Miss	9	177096
708.788	0.0	Arrow_Left_HitZone	3	177197
708.796	0.0	Left_Miss	10	177199
709.204	0.0	Arrow_Down_HitZone	1	177301
709.212	0.0	Down_Miss	9	177303
709.612	0.0	Arrow_Left_HitZone	3	177403
709.62	0.0	Left_Miss	10	177405
709.996	0.0	Arrow_Down_HitZone	1	177499
710.0	0.0	Down_Miss	9	177500
710.308	0.0	Listen_Start	12	177577
711.404	0.0	Arrow_Left_Spawn	4	177851
712.124	0.0	Arrow_Down_Spawn	2	178031
712.576	0.0	Arrow_Left_Spawn	4	178144
713.48	0.0	Listen_End	11	178370
713.604	0.0	Arrow_Left_HitZone	3	178401
713.612	0.0	Left_Miss	10	178403
713.944	0.0	Arrow_Down_Spawn	2	178486
714.268	0.0	Arrow_Left_Spawn	4	178567
714.324	0.0	Arrow_Down_HitZone	1	178581
714.332	0.0	Down_Miss	9	178583
714.776	0.0	Arrow_Left_HitZone	3	178694
714.784	0.0	Left_Miss	10	178696
716.144	0.0	Arrow_Down_HitZone	1	179036
716.152	0.0	Down_Miss	9	179038
716.468	0.0	Arrow_Left_HitZone	3	179117
716.476	0.0	Left_Miss	10	179119
717.9	0.0	Song_End	14	179475
738.476	0.0	Song_Start	15	184619
738.556	0.0	Listen_Start	12	184639
739.716	0.0	Arrow_Up_Spawn	8	184929
740.1	0.0	Arrow_Down_Spawn	2	185025
740.544	0.0	Arrow_Up_Spawn	8	185136
740.944	0.0	Arrow_Down_Spawn	2	185236
741.356	0.0	Arrow_Up_Spawn	8	185339
741.64	0.0	Listen_End	11	185410
741.756	0.0	Arrow_Down_Spawn	2	185439
741.916	0.0	Arrow_Up_HitZone	7	185479
741.924	0.0	Up_Miss	16	185481
742.14	0.0	Arrow_Up_Spawn	8	185535
742.3	0.0	Arrow_Down_HitZone	1	185575
742.304	0.0	Down_Miss	9	185576
742.52	0.0	Arrow_Down_Spawn	2	185630
742.74	0.0	Arrow_Up_HitZone	7	185685
742.748	0.0	Up_Miss	16	185687
743.144	0.0	Arrow_Down_HitZone	1	185786
743.152	0.0	Down_Miss	9	185788
743.556	0.0	Arrow_Up_HitZone	7	185889
743.56	0.0	Up_Miss	16	185890
743.956	0.0	Arrow_Down_HitZone	1	185989
743.964	0.0	Down_Miss	9	185991
744.336	0.0	Arrow_Up_HitZone	7	186084
744.344	0.0	Up_Miss	16	186086
744.72	0.0	Arrow_Down_HitZone	1	186180
744.728	0.0	Down_Miss	9	186182
744.864	0.0	Listen_Start	12	186216
746.108	0.0	Arrow_Up_Spawn	8	186527
746.448	0.0	Arrow_Down_Spawn	2	186612
746.94	0.0	Arrow_Up_Spawn	8	186735
747.328	0.0	Arrow_Down_Spawn	2	186832
747.712	0.0	Arrow_Up_Spawn	8	186928
748.128	0.0	Listen_End	11	187032
748.308	0.0	Arrow_Up_HitZone	7	187077
748.316	0.0	Up_Miss	16	187079
748.424	0.0	Arrow_Down_Spawn	2	187106
748.648	0.0	Arrow_Down_HitZone	1	187162
748.656	0.0	Down_Miss	9	187164
749.14	0.0	Arrow_Up_HitZone	7	187285
749.148	0.0	Up_Miss	16	187287
749.528	0.0	Arrow_Down_HitZone	1	187382
749.536	0.0	Down_Miss	9	187384
749.912	0.0	Arrow_Up_HitZone	7	187478
749.916	0.0	Up_Miss	16	187479
750.624	0.0	Arrow_Down_HitZone	1	187656
750.632	0.0	Down_Miss	9	187658
750.896	0.0	Listen_Start	12	187724
752.5	0.0	Arrow_Up_Spawn	8	188125
753.288	0.0	Arrow_Down_Spawn	2	188322
754.152	0.0	Arrow_Up_Spawn	8	188538
754.484	0.0	Listen_End	11	188621
754.532	0.0	Arrow_Down_Spawn	2	188633
754.7	0.0	Arrow_Up_HitZone	7	188675
754.704	0.0	Up_Miss	16	188676
754.916	0.0	Arrow_Up_Spawn	8	188729
755.324	0.0	Arrow_Down_Spawn	2	188831
755.488	0.0	Arrow_Down_HitZone	1	188872
755.496	0.0	Down_Miss	9	188874
756.352	0.0	Arrow_Up_HitZone	7	189088
756.356	0.0	Up_Miss	16	189089
756.732	0.0	Arrow_Down_HitZone	1	189183
756.74	0.0	Down_Miss	9	189185
757.112	0.0	Arrow_Up_HitZone	7	189278
757.12	0.0	Up_Miss	16	189280
757.524	0.0	Arrow_Down_HitZone	1	189381
757.528	0.0	Down_Miss	9	189382
757.864	0.0	Listen_Start	12	189466
758.988	0.0	Arrow_Up_Spawn	8	189747
759.328	0.0	Arrow_Down_Spawn	2	189832
759.66	0.0	Arrow_Up_Spawn	8	189915
760.5	0.0	Arrow_Down_Spawn	2	190125
760.88	0.0	Arrow_Up_Spawn	8	190220
761.088	0.0	Listen_End	11	190272
761.188	0.0	Arrow_Up_HitZone	7	190297
761.192	0.0	Up_Miss	16	190298
761.264	0.0	Arrow_Down_Spawn	2	190316
761.528	0.0	Arrow_Down_HitZone	1	190382
761.532	0.0	Down_Miss	9	190383
761.86	0.0	Arrow_Up_HitZone	7	190465
761.868	0.0	Up_Miss	16	190467
762.7	0.0	Arrow_Down_HitZone	1	190675
762.708	0.0	Down_Miss	9	190677
763.08	0.0	Arrow_Up_HitZone	7	190770
763.088	0.0	Up_Miss	16	190772
763.464	0.0	Arrow_Down_HitZone	1	190866
763.468	0.0	Down_Miss	9	190867
763.684	0.0	Listen_Start	12	190921
765.328	0.0	Arrow_Up_Spawn	8	191332
766.12	0.0	Arrow_Down_Spawn	2	191530
766.536	0.0	Arrow_Up_Spawn	8	191634
766.912	0.0	Arrow_Down_Spawn	2	191728
767.28	0.0	Listen_End	11	191820
767.532	0.0	Arrow_Up_HitZone	7	191883
767.536	0.0	Up_Miss	16	191884
767.676	0.0	Arrow_Up_Spawn	8	191919
768.036	0.0	Arrow_Down_Spawn	2	192009
768.32	0.0	Arrow_Down_HitZone	1	192080
768.328	0.0	Down_Miss	9	192082
768.736	0.0	Arrow_Up_HitZone	7	192184
768.744	0.0	Up_Miss	16	192186
769.112	0.0	Arrow_Down_HitZone	1	192278
769.12	0.0	Down_Miss	9	192280
769.876	0.0	Arrow_Up_HitZone	7	192469
769.884	0.0	Up_Miss	16	192471
770.236	0.0	Arrow_Down_HitZone	1	192559
770.244	0.0	Down_Miss	9	192561
770.48	0.0	Listen_Start	12	192620
771.7	0.0	Arrow_Up_Spawn	8	192925
772.08	0.0	Arrow_Down_Spawn	2	193020
773.22	0.0	Arrow_Up_Spawn	8	193305
773.56	0.0	Arrow_Down_Spawn	2	193390
773.748	0.0	Listen_End	11	193437
773.9	0.0	Arrow_Up_HitZone	7	193475
773.908	0.0	Up_Miss	16	193477
774.28	0.0	Arrow_Down_HitZone	1	193570
774.288	0.0	Down_Miss	9	193572
775.42	0.0	Arrow_Up_HitZone	7	193855
775.428	0.0	Up_Miss	16	193857
775.76	0.0	Arrow_Down_HitZone	1	193940
775.768	0.0	Down_Miss	9	193942
775.948	0.0	Listen_Start	12	193987
778.848	0.0	Arrow_Up_Spawn	8	194712
779.228	0.0	Arrow_Down_Spawn	2	194807
779.64	0.0	Arrow_Up_Spawn	8	194910
780.056	0.0	Arrow_Down_Spawn	2	195014
780.464	0.0	Arrow_Up_Spawn	8	195116
780.848	0.0	Arrow_Down_Spawn	2	195212
780.876	0.0	Listen_End	11	195219
781.048	0.0	Arrow_Up_HitZone	7	195262
781.056	0.0	Up_Miss	16	195264
781.428	0.0	Arrow_Down_HitZone	1	195357
781.436	0.0	Down_Miss	9	195359
781.84	0.0	Arrow_Up_HitZone	7	195460
781.844	0.0	Up_Miss	16	195461
782.256	0.0	Arrow_Down_HitZone	1	195564
782.26	0.0	Down_Miss	9	195565
782.664	0.0	Arrow_Up_HitZone	7	195666
782.672	0.0	Up_Miss	16	195668
783.048	0.0	Arrow_Down_HitZone	1	195762
783.052	0.0	Down_Miss	9	195763
783.364	0.0	Listen_Start	12	195841
784.456	0.0	Arrow_Up_Spawn	8	196114
785.176	0.0	Arrow_Down_Spawn	2	196294
785.628	0.0	Arrow_Up_Spawn	8	196407
786.536	0.0	Listen_End	11	196634
786.656	0.0	Arrow_Up_HitZone	7	196664
786.66	0.0	Up_Miss	16	196665
786.996	0.0	Arrow_Down_Spawn	2	196749
787.32	0.0	Arrow_Up_Spawn	8	196830
787.376	0.0	Arrow_Down_HitZone	1	196844
787.384	0.0	Down_Miss	9	196846
787.828	0.0	Arrow_Up_HitZone	7	196957
787.836	0.0	Up_Miss	16	196959
789.196	0.0	Arrow_Down_HitZone	1	197299
789.2	0.0	Down_Miss	9	197300
789.52	0.0	Arrow_Up_HitZone	7	197380
789.528	0.0	Up_Miss	16	197382
790.952	0.0	Song_End	14	197738
818.76	0.0	Song_Start	15	204690
818.848	0.0	Listen_Start	12	204712
820.0	0.0	Arrow_Right_Spawn	6	205000
820.38	0.0	Arrow_Down_Spawn	2	205095
820.824	0.0	Arrow_Right_Spawn	6	205206
821.228	0.0	Arrow_Down_Spawn	2	205307
821.636	0.0	Arrow_Right_Spawn	6	205409
821.928	0.0	Listen_End	11	205482
822.04	0.0	Arrow_Down_Spawn	2	205510
822.2	0.0	Arrow_Right_HitZone	5	205550
822.204	0.0	Right_Miss	13	205551
822.42	0.0	Arrow_Right_Spawn	6	205605
822.58	0.0	Arrow_Down_HitZone	1	205645
822.588	0.0	Down_Miss	9	205647
822.804	0.0	Arrow_Down_Spawn	2	205701
823.024	0.0	Arrow_Right_HitZone	5	205756
823.032	0.0	Right_Miss	13	205758
823.428	0.0	Arrow_Down_HitZone	1	205857
823.432	0.0	Down_Miss	9	205858
823.836	0.0	Arrow_Right_HitZone	5	205959
823.844	0.0	Right_Miss	13	205961
824.24	0.0	Arrow_Down_HitZone	1	206060
824.244	0.0	Down_Miss	9	206061
824.62	0.0	Arrow_Right_HitZone	5	206155
824.628	0.0	Right_Miss	13	206157
825.004	0.0	Arrow_Down_HitZone	1	206251
825.008	0.0	Down_Miss	9	206252
825.156	0.0	Listen_Start	12	206289
826.392	0.0	Arrow_Right_Spawn	6	206598
826.732	0.0	Arrow_Down_Spawn	2	206683
827.224	0.0	Arrow_Right_Spawn	6	206806
827.612	0.0	Arrow_Down_Spawn	2	206903
827.992	0.0	Arrow_Right_Spawn	6	206998
828.408	0.0	Listen_End	11	207102
828.588	0.0	Arrow_Right_HitZone	5	207147
828.596	0.0	Right_Miss	13	207149
828.708	0.0	Arrow_Down_Spawn	2	207177
828.928	0.0	Arrow_Down_HitZone	1	207232
828.936	0.0	Down_Miss	9	207234
829.424	0.0	Arrow_Right_HitZone	5	207356
829.428	0.0	Right_Miss	13	207357
829.812	0.0	Arrow_Down_HitZone	1	207453
829.82	0.0	Down_Miss	9	207455
830.192	0.0	Arrow_Right_HitZone	5	207548
830.2	0.0	Right_Miss	13	207550
830.908	0.0	Arrow_Down_HitZone	1	207727
830.916	0.0	Down_Miss	9	207729
831.184	0.0	Listen_Start	12	207796
832.78	0.0	Arrow_Right_Spawn	6	208195
833.572	0.0	Arrow_Down_Spawn	2	208393
834.432	0.0	Arrow_Right_Spawn	6	208608
834.78	0.0	Listen_End	11	208695
834.816	0.0	Arrow_Down_Spawn	2	208704
834.98	0.0	Arrow_Right_HitZone	5	208745
834.988	0.0	Right_Miss	13	208747
835.196	0.0	Arrow_Right_Spawn	6	208799
835.604	0.0	Arrow_Down_Spawn	2	208901
835.772	0.0	Arrow_Down_HitZone	1	208943
835.78	0.0	Down_Miss	9	208945
836.632	0.0	Arrow_Right_HitZone	5	209158
836.64	0.0	Right_Miss	13	209160
837.016	0.0	Arrow_Down_HitZone	1	209254
837.02	0.0	Down_Miss	9	209255
837.396	0.0	Arrow_Right_HitZone	5	209349
837.404	0.0	Right_Miss	13	209351
837.804	0.0	Arrow_Down_HitZone	1	209451
837.812	0.0	Down_Miss	9	209453
838.148	0.0	Listen_Start	12	209537
839.268	0.0	Arrow_Right_Spawn	6	209817
839.608	0.0	Arrow_Down_Spawn	2	209902
839.944	0.0	Arrow_Right_Spawn	6	209986
840.784	0.0	Arrow_Down_Spawn	2	210196
841.164	0.0	Arrow_Right_Spawn	6	210291
841.364	0.0	Listen_End	11	210341
841.468	0.0	Arrow_Right_HitZone	5	210367
841.476	0.0	Right_Miss	13	210369
841.544	0.0	Arrow_Down_Spawn	2	210386
841.812	0.0	Arrow_Down_HitZone	1	210453
841.816	0.0	Down_Miss	9	210454
842.144	0.0	Arrow_Right_HitZone	5	210536
842.148	0.0	Right_Miss	13	210537
842.984	0.0	Arrow_Down_HitZone	1	210746
842.988	0.0	Down_Miss	9	210747
843.364	0.0	Arrow_Right_HitZone	5	210841
843.372	0.0	Right_Miss	13	210843
843.744	0.0	Arrow_Down_HitZone	1	210936
843.752	0.0	Down_Miss	9	210938
843.976	0.0	Listen_Start	12	210994
845.612	0.0	Arrow_Right_Spawn	6	211403
846.404	0.0	Arrow_Down_Spawn	2	211601
846.82	0.0	Arrow_Right_Spawn	6	211705
847.196	0.0	Arrow_Down_Spawn	2	211799
847.568	0.0	Listen_End	11	211892
847.812	0.0	Arrow_Right_HitZone	5	211953
847.82	0.0	Right_Miss	13	211955
847.956	0.0	Arrow_Right_Spawn	6	211989
848.32	0.0	Arrow_Down_Spawn	2	212080
848.604	0.0	Arrow_Down_HitZone	1	212151
848.612	0.0	Down_Miss	9	212153
849.02	0.0	Arrow_Right_HitZone	5	212255
849.028	0.0	Right_Miss	13	212257
849.396	0.0	Arrow_Down_HitZone	1	212349
849.4	0.0	Down_Miss	9	212350
850.156	0.0	Arrow_Right_HitZone	5	212539
850.164	0.0	Right_Miss	13	212541
850.52	0.0	Arrow_Down_HitZone	1	212630
850.524	0.0	Down_Miss	9	212631
850.768	0.0	Listen_Start	12	212692
851.984	0.0	Arrow_Right_Spawn	6	212996
852.364	0.0	Arrow_Down_Spawn	2	213091
853.504	0.0	Arrow_Right_Spawn	6	213376
853.844	0.0	Arrow_Down_Spawn	2	213461
854.036	0.0	Listen_End	11	213509
854.184	0.0	Arrow_Right_HitZone	5	213546
854.188	0.0	Right_Miss	13	213547
854.564	0.0	Arrow_Down_HitZone	1	213641
854.572	0.0	Down_Miss	9	213643
855.704	0.0	Arrow_Right_HitZone	5	213926
855.708	0.0	Right_Miss	13	213927
856.044	0.0	Arrow_Down_HitZone	1	214011
856.048	0.0	Down_Miss	9	214012
856.228	0.0	Listen_Start	12	214057
859.132	0.0	Arrow_Right_Spawn	6	214783
859.512	0.0	Arrow_Down_Spawn	2	214878
859.92	0.0	Arrow_Right_Spawn	6	214980
860.336	0.0	Arrow_Down_Spawn	2	215084
860.748	0.0	Arrow_Right_Spawn	6	215187
861.128	0.0	Arrow_Down_Spawn	2	215282
861.172	0.0	Listen_End	11	215293
861.332	0.0	Arrow_Right_HitZone	5	215333
861.336	0.0	Right_Miss	13	215334
861.712	0.0	Arrow_Down_HitZone	1	215428
861.72	0.0	Down_Miss	9	215430
862.12	0.0	Arrow_Right_HitZone	5	215530
862.128	0.0	Right_Miss	13	215532
862.54	0.0	Arrow_Down_HitZone	1	215635
862.544	0.0	Down_Miss	9	215636
862.948	0.0	Arrow_Right_HitZone	5	215737
862.952	0.0	Right_Miss	13	215738
863.328	0.0	Arrow_Down_HitZone	1	215832
863.336	0.0	Down_Miss	9	215834
863.656	0.0	Listen_Start	12	215914
864.736	0.0	Arrow_Right_Spawn	6	216184
865.46	0.0	Arrow_Down_Spawn	2	216365
865.912	0.0	Arrow_Right_Spawn	6	216478
866.828	0.0	Listen_End	11	216707
866.936	0.0	Arrow_Right_HitZone	5	216734
866.944	0.0	Right_Miss	13	216736
867.276	0.0	Arrow_Down_Spawn	2	216819
867.604	0.0	Arrow_Right_Spawn	6	216901
867.66	0.0	Arrow_Down_HitZone	1	216915
867.664	0.0	Down_Miss	9	216916
868.108	0.0	Arrow_Right_HitZone	5	217027
868.116	0.0	Right_Miss	13	217029
869.476	0.0	Arrow_Down_HitZone	1	217369
869.484	0.0	Down_Miss	9	217371
869.804	0.0	Arrow_Right_HitZone	5	217451
869.812	0.0	Right_Miss	13	217453
871.24	0.0	Song_End	14	217810
893.192	0.0	Song_Start	15	223298
893.28	0.0	Listen_Start	12	223320
894.432	0.0	Arrow_Right_Spawn	6	223608
894.812	0.0	Arrow_Up_Spawn	8	223703
895.252	0.0	Arrow_Right_Spawn	6	223813
895.66	0.0	Arrow_Up_Spawn	8	223915
896.064	0.0	Arrow_Right_Spawn	6	224016
896.36	0.0	Listen_End	11	224090
896.472	0.0	Arrow_Up_Spawn	8	224118
896.632	0.0	Arrow_Right_HitZone	5	224158
896.64	0.0	Right_Miss	13	224160
896.852	0.0	Arrow_Right_Spawn	6	224213
897.012	0.0	Arrow_Up_HitZone	7	224253
897.024	0.0	Up_Miss	16	224256
897.236	0.0	Arrow_Up_Spawn	8	224309
897.448	0.0	Arrow_Right_HitZone	5	224362
897.456	0.0	Right_Miss	13	224364
897.86	0.0	Arrow_Up_HitZone	7	224465
897.868	0.0	Up_Miss	16	224467
898.26	0.0	Arrow_Right_HitZone	5	224565
898.268	0.0	Right_Miss	13	224567
898.672	0.0	Arrow_Up_HitZone	7	224668
898.68	0.0	Up_Miss	16	224670
899.052	0.0	Arrow_Right_HitZone	5	224763
899.06	0.0	Right_Miss	13	224765
899.436	0.0	Arrow_Up_HitZone	7	224859
899.44	0.0	Up_Miss	16	224860
899.588	0.0	Listen_Start	12	224897
900.824	0.0	Arrow_Right_Spawn	6	225206
901.156	0.0	Arrow_Up_Spawn	8	225289
901.656	0.0	Arrow_Right_Spawn	6	225414
902.036	0.0	Arrow_Up_Spawn	8	225509
902.424	0.0	Arrow_Right_Spawn	6	225606
902.848	0.0	Listen_End	11	225712
903.024	0.0	Arrow_Right_HitZone	5	225756
903.028	0.0	Right_Miss	13	225757
903.14	0.0	Arrow_Up_Spawn	8	225785
903.356	0.0	Arrow_Up_HitZone	7	225839
903.364	0.0	Up_Miss	16	225841
903.856	0.0	Arrow_Right_HitZone	5	225964
903.86	0.0	Right_Miss	13	225965
904.236	0.0	Arrow_Up_HitZone	7	226059
904.244	0.0	Up_Miss	16	226061
904.628	0.0	Arrow_Right_HitZone	5	226157
904.632	0.0	Right_Miss	13	226158
905.34	0.0	Arrow_Up_HitZone	7	226335
905.348	0.0	Up_Miss	16	226337
905.616	0.0	Listen_Start	12	226404
907.212	0.0	Arrow_Right_Spawn	6	226803
908.004	0.0	Arrow_Up_Spawn	8	227001
908.86	0.0	Arrow_Right_Spawn	6	227215
909.204	0.0	Listen_End	11	227301
909.248	0.0	Arrow_Up_Spawn	8	227312
909.412	0.0	Arrow_Right_HitZone	5	227353
909.42	0.0	Right_Miss	13	227355
909.628	0.0	Arrow_Right_Spawn	6	227407
910.032	0.0	Arrow_Up_Spawn	8	227508
910.204	0.0	Arrow_Up_HitZone	7	227551
910.212	0.0	Up_Miss	16	227553
911.06	0.0	Arrow_Right_HitZone	5	227765
911.064	0.0	Right_Miss	13	227766
911.448	0.0	Arrow_Up_HitZone	7	227862
911.452	0.0	Up_Miss	16	227863
911.828	0.0	Arrow_Right_HitZone	5	227957
911.836	0.0	Right_Miss	13	227959
912.232	0.0	Arrow_Up_HitZone	7	228058
912.236	0.0	Up_Miss	16	228059
912.584	0.0	Listen_Start	12	228146
913.704	0.0	Arrow_Right_Spawn	6	228426
914.036	0.0	Arrow_Up_Spawn	8	228509
914.376	0.0	Arrow_Right_Spawn	6	228594
915.208	0.0	Arrow_Up_Spawn	8	228802
915.596	0.0	Arrow_Right_Spawn	6	228899
915.804	0.0	Listen_End	11	228951
915.904	0.0	Arrow_Right_HitZone	5	228976
915.908	0.0	Right_Miss	13	228977
915.98	0.0	Arrow_Up_Spawn	8	228995
916.236	0.0	Arrow_Up_HitZone	7	229059
916.24	0.0	Up_Miss	16	229060
916.576	0.0	Arrow_Right_HitZone	5	229144
916.58	0.0	Right_Miss	13	229145
917.408	0.0	Arrow_Up_HitZone	7	229352
917.416	0.0	Up_Miss	16	229354
917.796	0.0	Arrow_Right_HitZone	5	229449
917.804	0.0	Right_Miss	13	229451
918.18	0.0	Arrow_Up_HitZone	7	229545
918.184	0.0	Up_Miss	16	229546
918.408	0.0	Listen_Start	12	229602
920.044	0.0	Arrow_Right_Spawn	6	230011
920.836	0.0	Arrow_Up_Spawn	8	230209
921.252	0.0	Arrow_Right_Spawn	6	230313
921.62	0.0	Arrow_Up_Spawn	8	230405
921.996	0.0	Listen_End	11	230499
922.244	0.0	Arrow_Right_HitZone	5	230561
922.252	0.0	Right_Miss	13	230563
922.392	0.0	Arrow_Right_Spawn	6	230598
922.744	0.0	Arrow_Up_Spawn	8	230686
923.036	0.0	Arrow_Up_HitZone	7	230759
923.044	0.0	Up_Miss	16	230761
923.452	0.0	Arrow_Right_HitZone	5	230863
923.46	0.0	Right_Miss	13	230865
923.82	0.0	Arrow_Up_HitZone	7	230955
923.828	0.0	Up_Miss	16	230957
924.592	0.0	Arrow_Right_HitZone	5	231148
924.596	0.0	Right_Miss	13	231149
924.944	0.0	Arrow_Up_HitZone	7	231236
924.952	0.0	Up_Miss	16	231238
925.192	0.0	Listen_Start	12	231298
926.416	0.0	Arrow_Right_Spawn	6	231604
926.796	0.0	Arrow_Up_Spawn	8	231699
927.936	0.0	Arrow_Right_Spawn	6	231984
928.268	0.0	Arrow_Up_Spawn	8	232067
928.468	0.0	Listen_End	11	232117
928.616	0.0	Arrow_Right_HitZone	5	232154
928.62	0.0	Right_Miss	13	232155
928.996	0.0	Arrow_Up_HitZone	7	232249
929.004	0.0	Up_Miss	16	232251
930.136	0.0	Arrow_Right_HitZone	5	232534
930.14	0.0	Right_Miss	13	232535
930.468	0.0	Arrow_Up_HitZone	7	232617
930.476	0.0	Up_Miss	16	232619
930.672	0.0	Listen_Start	12	232668
933.564	0.0	Arrow_Right_Spawn	6	233391
933.944	0.0	Arrow_Up_Spawn	8	233486
934.348	0.0	Arrow_Right_Spawn	6	233587
934.772	0.0	Arrow_Up_Spawn	8	233693
935.172	0.0	Arrow_Right_Spawn	6	233793
935.556	0.0	Arrow_Up_Spawn	8	233889
935.596	0.0	Listen_End	11	233899
935.764	0.0	Arrow_Right_HitZone	5	233941
935.768	0.0	Right_Miss	13	233942
936.144	0.0	Arrow_Up_HitZone	7	234036
936.152	0.0	Up_Miss	16	234038
936.548	0.0	Arrow_Right_HitZone	5	234137
936.552	0.0	Right_Miss	13	234138
936.972	0.0	Arrow_Up_HitZone	7	234243
936.976	0.0	Up_Miss	16	234244
937.372	0.0	Arrow_Right_HitZone	5	234343
937.38	0.0	Right_Miss	13	234345
937.756	0.0	Arrow_Up_HitZone	7	234439
937.76	0.0	Up_Miss	16	234440
938.088	0.0	Listen_Start	12	234522
939.168	0.0	Arrow_Right_Spawn	6	234792
939.892	0.0	Arrow_Up_Spawn	8	234973
940.344	0.0	Arrow_Right_Spawn	6	235086
941.26	0.0	Listen_End	11	235315
941.368	0.0	Arrow_Right_HitZone	5	235342
941.376	0.0	Right_Miss	13	235344
941.708	0.0	Arrow_Up_Spawn	8	235427
942.028	0.0	Arrow_Right_Spawn	6	235507
942.092	0.0	Arrow_Up_HitZone	7	235523
942.1	0.0	Up_Miss	16	235525
942.544	0.0	Arrow_Right_HitZone	5	235636
942.548	0.0	Right_Miss	13	235637
943.908	0.0	Arrow_Up_HitZone	7	235977
943.916	0.0	Up_Miss	16	235979
944.228	0.0	Arrow_Right_HitZone	5	236057
944.236	0.0	Right_Miss	13	236059
945.664	0.0	Song_End	14	236416
966.668	0.0	Song_Start	15	241667
969.308	0.0	Arrow_Right_Spawn	6	242327
969.516	0.0	Arrow_Left_Spawn	4	242379
969.772	0.0	Arrow_Left_Spawn	4	242443
970.016	0.0	Arrow_Right_Spawn	6	242504
970.292	0.0	Arrow_Right_Spawn	6	242573
970.524	0.0	Arrow_Left_Spawn	4	242631
970.8	0.0	Arrow_Right_Spawn	6	242700
971.036	0.0	Arrow_Left_Spawn	4	242759
971.292	0.0	Arrow_Left_Spawn	4	242823
971.508	0.0	Arrow_Right_HitZone	5	242877
971.516	0.0	Right_Miss	13	242879
971.52	0.0	Arrow_Right_Spawn	6	242880
971.716	0.0	Arrow_Left_HitZone	3	242929
971.724	0.0	Left_Miss	10	242931
971.752	0.0	Arrow_Left_Spawn	4	242938
971.952	0.0	Arrow_Right_Spawn	6	242988
971.972	0.0	Arrow_Left_HitZone	3	242993
971.98	0.0	Left_Miss	10	242995
972.208	0.0	Arrow_Left_Spawn	4	243052
972.216	0.0	Arrow_Right_HitZone	5	243054
972.224	0.0	Right_Miss	13	243056
972.46	0.0	Arrow_Left_Spawn	4	243115
972.492	0.0	Arrow_Right_HitZone	5	243123
972.5	0.0	Right_Miss	13	243125
972.668	0.0	Arrow_Right_Spawn	6	243167
972.724	0.0	Arrow_Left_HitZone	3	243181
972.728	0.0	Left_Miss	10	243182
972.952	0.0	Arrow_Right_Spawn	6	243238
973.0	0.0	Arrow_Right_HitZone	5	243250
973.008	0.0	Right_Miss	13	243252
973.236	0.0	Arrow_Left_HitZone	3	243309
973.244	0.0	Left_Miss	10	243311
973.492	0.0	Arrow_Left_HitZone	3	243373
973.5	0.0	Left_Miss	10	243375
973.72	0.0	Arrow_Right_HitZone	5	243430
973.728	0.0	Right_Miss	13	243432
973.952	0.0	Arrow_Left_HitZone	3	243488
973.956	0.0	Left_Miss	10	243489
974.152	0.0	Arrow_Right_HitZone	5	243538
974.16	0.0	Right_Miss	13	243540
974.408	0.0	Arrow_Left_HitZone	3	243602
974.416	0.0	Left_Miss	10	243604
974.66	0.0	Arrow_Left_HitZone	3	243665
974.664	0.0	Left_Miss	10	243666
974.868	0.0	Arrow_Right_HitZone	5	243717
974.872	0.0	Right_Miss	13	243718
975.152	0.0	Arrow_Right_HitZone	5	243788
975.156	0.0	Right_Miss	13	243789
977.304	0.0	Arrow_Left_Spawn	4	244326
977.512	0.0	Arrow_Right_Spawn	6	244378
977.776	0.0	Arrow_Right_Spawn	6	244444
978.008	0.0	Arrow_Left_Spawn	4	244502
978.22	0.0	Arrow_Right_Spawn	6	244555
978.752	0.0	Arrow_Right_Spawn	6	244688
979.28	0.0	Arrow_Left_Spawn	4	244820
979.496	0.0	Arrow_Left_Spawn	4	244874
979.5	0.0	Arrow_Left_HitZone	3	244875
979.508	0.0	Left_Miss	10	244877
979.712	0.0	Arrow_Right_HitZone	5	244928
979.716	0.0	Right_Miss	13	244929
979.772	0.0	Arrow_Right_Spawn	6	244943
979.968	0.0	Arrow_Left_Spawn	4	244992
979.972	0.0	Arrow_Right_HitZone	5	244993
979.98	0.0	Right_Miss	13	244995
980.208	0.0	Arrow_Left_HitZone	3	245052
980.216	0.0	Left_Miss	10	245054
980.224	0.0	Arrow_Left_Spawn	4	245056
980.42	0.0	Arrow_Right_HitZone	5	245105
980.424	0.0	Right_Miss	13	245106
980.708	0.0	Arrow_Right_Spawn	6	245177
980.952	0.0	Arrow_Right_HitZone	5	245238
980.96	0.0	Right_Miss	13	245240
981.48	0.0	Arrow_Left_HitZone	3	245370
981.488	0.0	Left_Miss	10	245372
981.696	0.0	Arrow_Left_HitZone	3	245424
981.7	0.0	Left_Miss	10	245425
981.972	0.0	Arrow_Right_HitZone	5	245493
981.98	0.0	Right_Miss	13	245495
982.168	0.0	Arrow_Left_HitZone	3	245542
982.172	0.0	Left_Miss	10	245543
982.424	0.0	Arrow_Left_HitZone	3	245606
982.432	0.0	Left_Miss	10	245608
982.908	0.0	Arrow_Right_HitZone	5	245727
982.916	0.0	Right_Miss	13	245729
985.232	0.0	Arrow_Right_Spawn	6	246308
985.468	0.0	Arrow_Left_Spawn	4	246367
985.748	0.0	Arrow_Right_Spawn	6	246437
985.996	0.0	Arrow_Right_Spawn	6	246499
986.256	0.0	Arrow_Left_Spawn	4	246564
986.512	0.0	Arrow_Right_Spawn	6	246628
986.74	0.0	Arrow_Left_Spawn	4	246685
986.996	0.0	Arrow_Right_Spawn	6	246749
987.276	0.0	Arrow_Right_Spawn	6	246819
987.436	0.0	Arrow_Right_HitZone	5	246859
987.44	0.0	Right_Miss	13	246860
987.668	0.0	Arrow_Left_HitZone	3	246917
987.676	0.0	Left_Miss	10	246919
987.948	0.0	Arrow_Right_HitZone	5	246987
987.956	0.0	Right_Miss	13	246989
988.112	0.0	Arrow_Left_Spawn	4	247028
988.196	0.0	Arrow_Right_HitZone	5	247049
988.204	0.0	Right_Miss	13	247051
988.452	0.0	Arrow_Left_HitZone	3	247113
988.46	0.0	Left_Miss	10	247115
988.712	0.0	Arrow_Right_HitZone	5	247178
988.716	0.0	Right_Miss	13	247179
988.94	0.0	Arrow_Left_HitZone	3	247235
988.948	0.0	Left_Miss	10	247237
989.196	0.0	Arrow_Right_HitZone	5	247299
989.204	0.0	Right_Miss	13	247301
989.476	0.0	Arrow_Right_HitZone	5	247369
989.48	0.0	Right_Miss	13	247370
990.312	0.0	Arrow_Left_HitZone	3	247578
990.32	0.0	Left_Miss	10	247580
993.264	0.0	Arrow_Right_Spawn	6	248316
993.644	0.0	Arrow_Left_Spawn	4	248411
994.18	0.0	Arrow_Left_Spawn	4	248545
994.712	0.0	Arrow_Right_Spawn	6	248678
995.2	0.0	Arrow_Left_Spawn	4	248800
995.464	0.0	Arrow_Right_HitZone	5	248866
995.468	0.0	Right_Miss	13	248867
995.476	0.0	Arrow_Left_Spawn	4	248869
995.72	0.0	Arrow_Right_Spawn	6	248930
995.844	0.0	Arrow_Left_HitZone	3	248961
995.852	0.0	Left_Miss	10	248963
995.976	0.0	Arrow_Left_Spawn	4	248994
996.232	0.0	Arrow_Left_Spawn	4	249058
996.38	0.0	Arrow_Left_HitZone	3	249095
996.384	0.0	Left_Miss	10	249096
996.492	0.0	Arrow_Right_Spawn	6	249123
996.72	0.0	Arrow_Right_Spawn	6	249180
996.912	0.0	Arrow_Right_HitZone	5	249228
996.92	0.0	Right_Miss	13	249230
996.976	0.0	Arrow_Left_Spawn	4	249244
997.4	0.0	Arrow_Left_HitZone	3	249350
997.404	0.0	Left_Miss	10	249351
997.676	0.0	Arrow_Left_HitZone	3	249419
997.684	0.0	Left_Miss	10	249421
997.92	0.0	Arrow_Right_HitZone	5	249480
997.928	0.0	Right_Miss	13	249482
998.176	0.0	Arrow_Left_HitZone	3	249544
998.184	0.0	Left_Miss	10	249546
998.432	0.0	Arrow_Left_HitZone	3	249608
998.44	0.0	Left_Miss	10	249610
998.688	0.0	Arrow_Right_HitZone	5	249672
998.696	0.0	Right_Miss	13	249674
998.92	0.0	Arrow_Right_HitZone	5	249730
998.924	0.0	Right_Miss	13	249731
999.176	0.0	Arrow_Left_HitZone	3	249794
999.184	0.0	Left_Miss	10	249796
1001.256	0.0	Arrow_Left_Spawn	4	250314
1001.452	0.0	Arrow_Right_Spawn	6	250363
1001.728	0.0	Arrow_Left_Spawn	4	250432
1001.936	0.0	Arrow_Right_Spawn	6	250484
1002.244	0.0	Arrow_Right_Spawn	6	250561
1003.216	0.0	Arrow_Left_Spawn	4	250804
1003.456	0.0	Arrow_Left_HitZone	3	250864
1003.464	0.0	Left_Miss	10	250866
1003.472	0.0	Arrow_Left_Spawn	4	250868
1003.652	0.0	Arrow_Right_HitZone	5	250913
1003.66	0.0	Right_Miss	13	250915
1003.728	0.0	Arrow_Right_Spawn	6	250932
1003.928	0.0	Arrow_Left_HitZone	3	250982
1003.936	0.0	Left_Miss	10	250984
1003.956	0.0	Arrow_Left_Spawn	4	250989
1004.136	0.0	Arrow_Right_HitZone	5	251034
1004.144	0.0	Right_Miss	13	251036
1004.228	0.0	Arrow_Left_Spawn	4	251057
1004.444	0.0	Arrow_Right_HitZone	5	251111
1004.448	0.0	Right_Miss	13	251112
1005.416	0.0	Arrow_Left_HitZone	3	251354
1005.42	0.0	Left_Miss	10	251355
1005.672	0.0	Arrow_Left_HitZone	3	251418
1005.676	0.0	Left_Miss	10	251419
1005.928	0.0	Arrow_Right_HitZone	5	251482
1005.936	0.0	Right_Miss	13	251484
1006.156	0.0	Arrow_Left_HitZone	3	251539
1006.164	0.0	Left_Miss	10	251541
1006.428	0.0	Arrow_Left_HitZone	3	251607
1006.432	0.0	Left_Miss	10	251608
1009.204	0.0	Arrow_Right_Spawn	6	252301
1009.652	0.0	Arrow_Right_Spawn	6	252413
1010.256	0.0	Arrow_Left_Spawn	4	252564
1010.464	0.0	Arrow_Right_Spawn	6	252616
1010.724	0.0	Arrow_Right_Spawn	6	252681
1010.932	0.0	Arrow_Left_Spawn	4	252733
1011.208	0.0	Arrow_Left_Spawn	4	252802
1011.404	0.0	Arrow_Right_HitZone	5	252851
1011.408	0.0	Right_Miss	13	252852
1011.66	0.0	Arrow_Right_Spawn	6	252915
1011.852	0.0	Arrow_Right_HitZone	5	252963
1011.86	0.0	Right_Miss	13	252965
1012.172	0.0	Arrow_Left_Spawn	4	253043
1012.456	0.0	Arrow_Left_HitZone	3	253114
1012.464	0.0	Left_Miss	10	253116
1012.664	0.0	Arrow_Right_HitZone	5	253166
1012.672	0.0	Right_Miss	13	253168
1012.924	0.0	Arrow_Right_HitZone	5	253231
1012.928	0.0	Right_Miss	13	253232
1013.132	0.0	Arrow_Left_HitZone	3	253283
1013.136	0.0	Left_Miss	10	253284
1013.408	0.0	Arrow_Left_HitZone	3	253352
1013.416	0.0	Left_Miss	10	253354
1013.86	0.0	Arrow_Right_HitZone	5	253465
1013.868	0.0	Right_Miss	13	253467
1014.372	0.0	Arrow_Left_HitZone	3	253593
1014.38	0.0	Left_Miss	10	253595
1017.268	0.0	Arrow_Left_Spawn	4	254317
1019.244	0.0	Arrow_Right_Spawn	6	254811
1019.468	0.0	Arrow_Right_Spawn	6	254867
1019.468	0.0	Arrow_Left_HitZone	3	254867
1019.472	0.0	Left_Miss	10	254868
1019.704	0.0	Arrow_Left_Spawn	4	254926
1019.932	0.0	Arrow_Left_Spawn	4	254983
1020.188	0.0	Arrow_Right_Spawn	6	255047
1020.696	0.0	Arrow_Left_Spawn	4	255174
1021.444	0.0	Arrow_Right_HitZone	5	255361
1021.452	0.0	Right_Miss	13	255363
1021.668	0.0	Arrow_Right_HitZone	5	255417
1021.672	0.0	Right_Miss	13	255418
1021.904	0.0	Arrow_Left_HitZone	3	255476
1021.908	0.0	Left_Miss	10	255477
1022.132	0.0	Arrow_Left_HitZone	3	255533
1022.14	0.0	Left_Miss	10	255535
1022.388	0.0	Arrow_Right_HitZone	5	255597
1022.396	0.0	Right_Miss	13	255599
1022.896	0.0	Arrow_Left_HitZone	3	255724
1022.9	0.0	Left_Miss	10	255725
1025.232	0.0	Arrow_Right_Spawn	6	256308
1025.696	0.0	Arrow_Left_Spawn	4	256424
1026.2	0.0	Arrow_Right_Spawn	6	256550
1026.524	0.0	Arrow_Left_Spawn	4	256631
1027.432	0.0	Arrow_Right_HitZone	5	256858
1027.44	0.0	Right_Miss	13	256860
1027.896	0.0	Arrow_Left_HitZone	3	256974
1027.904	0.0	Left_Miss	10	256976
1028.184	0.0	Arrow_Right_Spawn	6	257046
1028.396	0.0	Arrow_Right_HitZone	5	257099
1028.404	0.0	Right_Miss	13	257101
1028.444	0.0	Arrow_Left_Spawn	4	257111
1028.668	0.0	Arrow_Right_Spawn	6	257167
1028.724	0.0	Arrow_Left_HitZone	3	257181
1028.732	0.0	Left_Miss	10	257183
1028.924	0.0	Arrow_Right_Spawn	6	257231
1030.38	0.0	Arrow_Right_HitZone	5	257595
1030.388	0.0	Right_Miss	13	257597
1030.644	0.0	Arrow_Left_HitZone	3	257661
1030.652	0.0	Left_Miss	10	257663
1030.868	0.0	Arrow_Right_HitZone	5	257717
1030.876	0.0	Right_Miss	13	257719
1031.124	0.0	Arrow_Right_HitZone	5	257781
1031.132	0.0	Right_Miss	13	257783
1034.128	0.0	Song_End	14	258532
1054.388	0.0	Song_Start	15	263597
1054.676	0.0	Listen_Start	12	263669
1056.952	0.0	Arrow_Left_Spawn	4	264238
1057.16	0.0	Arrow_Up_Spawn	8	264290
1057.412	0.0	Arrow_Left_Spawn	4	264353
1057.66	0.0	Arrow_Up_Spawn	8	264415
1057.94	0.0	Arrow_Left_Spawn	4	264485
1058.168	0.0	Arrow_Up_Spawn	8	264542
1058.444	0.0	Arrow_Left_Spawn	4	264611
1058.68	0.0	Arrow_Up_Spawn	8	264670
1058.932	0.0	Arrow_Left_Spawn	4	264733
1058.964	0.0	Listen_End	11	264741
1059.152	0.0	Arrow_Left_HitZone	3	264788
1059.16	0.0	Left_Miss	10	264790
1059.168	0.0	Arrow_Up_Spawn	8	264792
1059.36	0.0	Arrow_Up_HitZone	7	264840
1059.368	0.0	Up_Miss	16	264842
1059.396	0.0	Arrow_Left_Spawn	4	264849
1059.596	0.0	Arrow_Up_Spawn	8	264899
1059.612	0.0	Arrow_Left_HitZone	3	264903
1059.616	0.0	Left_Miss	10	264904
1059.856	0.0	Arrow_Left_Spawn	4	264964
1059.86	0.0	Arrow_Up_HitZone	7	264965
1059.868	0.0	Up_Miss	16	264967
1060.104	0.0	Arrow_Up_Spawn	8	265026
1060.14	0.0	Arrow_Left_HitZone	3	265035
1060.144	0.0	Left_Miss	10	265036
1060.312	0.0	Arrow_Left_Spawn	4	265078
1060.368	0.0	Arrow_Up_HitZone	7	265092
1060.376	0.0	Up_Miss	16	265094
1060.596	0.0	Arrow_Up_Spawn	8	265149
1060.644	0.0	Arrow_Left_HitZone	3	265161
1060.652	0.0	Left_Miss	10	265163
1060.88	0.0	Arrow_Up_HitZone	7	265220
1060.888	0.0	Up_Miss	16	265222
1061.132	0.0	Arrow_Left_HitZone	3	265283
1061.136	0.0	Left_Miss	10	265284
1061.368	0.0	Arrow_Up_HitZone	7	265342
1061.376	0.0	Up_Miss	16	265344
1061.596	0.0	Arrow_Left_HitZone	3	265399
1061.604	0.0	Left_Miss	10	265401
1061.796	0.0	Arrow_Up_HitZone	7	265449
1061.804	0.0	Up_Miss	16	265451
1062.052	0.0	Arrow_Left_HitZone	3	265513
1062.06	0.0	Left_Miss	10	265515
1062.304	0.0	Arrow_Up_HitZone	7	265576
1062.312	0.0	Up_Miss	16	265578
1062.512	0.0	Arrow_Left_HitZone	3	265628
1062.52	0.0	Left_Miss	10	265630
1062.796	0.0	Arrow_Up_HitZone	7	265699
1062.804	0.0	Up_Miss	16	265701
1063.228	0.0	Listen_Start	12	265807
1064.948	0.0	Arrow_Left_Spawn	4	266237
1065.156	0.0	Arrow_Up_Spawn	8	266289
1065.42	0.0	Arrow_Left_Spawn	4	266355
1065.656	0.0	Arrow_Up_Spawn	8	266414
1065.864	0.0	Arrow_Left_Spawn	4	266466
1066.4	0.0	Arrow_Up_Spawn	8	266600
1066.924	0.0	Arrow_Left_Spawn	4	266731
1066.968	0.0	Listen_End	11	266742
1067.14	0.0	Arrow_Up_Spawn	8	266785
1067.148	0.0	Arrow_Left_HitZone	3	266787
1067.156	0.0	Left_Miss	10	266789
1067.356	0.0	Arrow_Up_HitZone	7	266839
1067.364	0.0	Up_Miss	16	266841
1067.416	0.0	Arrow_Left_Spawn	4	266854
1067.612	0.0	Arrow_Up_Spawn	8	266903
1067.62	0.0	Arrow_Left_HitZone	3	266905
1067.624	0.0	Left_Miss	10	266906
1067.856	0.0	Arrow_Up_HitZone	7	266964
1067.86	0.0	Up_Miss	16	266965
1067.868	0.0	Arrow_Left_Spawn	4	266967
1068.064	0.0	Arrow_Left_HitZone	3	267016
1068.072	0.0	Left_Miss	10	267018
1068.356	0.0	Arrow_Up_Spawn	8	267089
1068.6	0.0	Arrow_Up_HitZone	7	267150
1068.604	0.0	Up_Miss	16	267151
1069.128	0.0	Arrow_Left_HitZone	3	267282
1069.132	0.0	Left_Miss	10	267283
1069.34	0.0	Arrow_Up_HitZone	7	267335
1069.348	0.0	Up_Miss	16	267337
1069.616	0.0	Arrow_Left_HitZone	3	267404
1069.624	0.0	Left_Miss	10	267406
1069.812	0.0	Arrow_Up_HitZone	7	267453
1069.82	0.0	Up_Miss	16	267455
1070.084	0.0	Arrow_Left_HitZone	3	267521
1070.088	0.0	Left_Miss	10	267522
1070.568	0.0	Arrow_Up_HitZone	7	267642
1070.576	0.0	Up_Miss	16	267644
1070.936	0.0	Listen_Start	12	267734
1072.888	0.0	Arrow_Left_Spawn	4	268222
1073.124	0.0	Arrow_Up_Spawn	8	268281
1073.4	0.0	Arrow_Left_Spawn	4	268350
1073.656	0.0	Arrow_Up_Spawn	8	268414
1073.908	0.0	Arrow_Left_Spawn	4	268477
1074.164	0.0	Arrow_Up_Spawn	8	268541
1074.4	0.0	Arrow_Left_Spawn	4	268600
1074.648	0.0	Arrow_Up_Spawn	8	268662
1074.932	0.0	Arrow_Left_Spawn	4	268733
1074.94	0.0	Listen_End	11	268735
1075.084	0.0	Arrow_Left_HitZone	3	268771
1075.092	0.0	Left_Miss	10	268773
1075.32	0.0	Arrow_Up_HitZone	7	268830
1075.328	0.0	Up_Miss	16	268832
1075.6	0.0	Arrow_Left_HitZone	3	268900
1075.608	0.0	Left_Miss	10	268902
1075.768	0.0	Arrow_Up_Spawn	8	268942
1075.856	0.0	Arrow_Up_HitZone	7	268964
1075.864	0.0	Up_Miss	16	268966
1076.108	0.0	Arrow_Left_HitZone	3	269027
1076.112	0.0	Left_Miss	10	269028
1076.364	0.0	Arrow_Up_HitZone	7	269091
1076.368	0.0	Up_Miss	16	269092
1076.6	0.0	Arrow_Left_HitZone	3	269150
1076.604	0.0	Left_Miss	10	269151
1076.848	0.0	Arrow_Up_HitZone	7	269212
1076.856	0.0	Up_Miss	16	269214
1077.132	0.0	Arrow_Left_HitZone	3	269283
1077.14	0.0	Left_Miss	10	269285
1077.964	0.0	Arrow_Up_HitZone	7	269491
1077.972	0.0	Up_Miss	16	269493
1078.32	0.0	Listen_Start	12	269580
1080.916	0.0	Arrow_Left_Spawn	4	270229
1081.304	0.0	Arrow_Up_Spawn	8	270326
1081.832	0.0	Arrow_Left_Spawn	4	270458
1082.364	0.0	Arrow_Up_Spawn	8	270591
1082.86	0.0	Arrow_Left_Spawn	4	270715
1082.992	0.0	Listen_End	11	270748
1083.116	0.0	Arrow_Left_HitZone	3	270779
1083.12	0.0	Left_Miss	10	270780
1083.136	0.0	Arrow_Up_Spawn	8	270784
1083.38	0.0	Arrow_Left_Spawn	4	270845
1083.504	0.0	Arrow_Up_HitZone	7	270876
1083.512	0.0	Up_Miss	16	270878
1083.636	0.0	Arrow_Up_Spawn	8	270909
1083.884	0.0	Arrow_Left_Spawn	4	270971
1084.032	0.0	Arrow_Left_HitZone	3	271008
1084.036	0.0	Left_Miss	10	271009
1084.14	0.0	Arrow_Up_Spawn	8	271035
1084.376	0.0	Arrow_Left_Spawn	4	271094
1084.564	0.0	Arrow_Up_HitZone	7	271141
1084.572	0.0	Up_Miss	16	271143
1084.628	0.0	Arrow_Up_Spawn	8	271157
1085.06	0.0	Arrow_Left_HitZone	3	271265
1085.064	0.0	Left_Miss	10	271266
1085.336	0.0	Arrow_Up_HitZone	7	271334
1085.344	0.0	Up_Miss	16	271336
1085.58	0.0	Arrow_Left_HitZone	3	271395
1085.584	0.0	Left_Miss	10	271396
1085.836	0.0	Arrow_Up_HitZone	7	271459
1085.84	0.0	Up_Miss	16	271460
1086.084	0.0	Arrow_Left_HitZone	3	271521
1086.092	0.0	Left_Miss	10	271523
1086.34	0.0	Arrow_Up_HitZone	7	271585
1086.348	0.0	Up_Miss	16	271587
1086.576	0.0	Arrow_Left_HitZone	3	271644
1086.584	0.0	Left_Miss	10	271646
1086.828	0.0	Arrow_Up_HitZone	7	271707
1086.836	0.0	Up_Miss	16	271709
1087.124	0.0	Listen_Start	12	271781
1088.908	0.0	Arrow_Left_Spawn	4	272227
1089.104	0.0	Arrow_Up_Spawn	8	272276
1089.388	0.0	Arrow_Left_Spawn	4	272347
1089.596	0.0	Arrow_Up_Spawn	8	272399
1089.896	0.0	Arrow_Left_Spawn	4	272474
1090.872	0.0	Arrow_Up_Spawn	8	272718
1091.02	0.0	Listen_End	11	272755
1091.108	0.0	Arrow_Left_HitZone	3	272777
1091.116	0.0	Left_Miss	10	272779
1091.124	0.0	Arrow_Left_Spawn	4	272781
1091.304	0.0	Arrow_Up_HitZone	7	272826
1091.312	0.0	Up_Miss	16	272828
1091.38	0.0	Arrow_Up_Spawn	8	272845
1091.588	0.0	Arrow_Left_HitZone	3	272897
1091.596	0.0	Left_Miss	10	272899
1091.616	0.0	Arrow_Left_Spawn	4	272904
1091.796	0.0	Arrow_Up_HitZone	7	272949
1091.804	0.0	Up_Miss	16	272951
1091.88	0.0	Arrow_Up_Spawn	8	272970
1092.096	0.0	Arrow_Left_HitZone	3	273024
1092.1	0.0	Left_Miss	10	273025
1093.072	0.0	Arrow_Up_HitZone	7	273268
1093.08	0.0	Up_Miss	16	273270
1093.324	0.0	Arrow_Left_HitZone	3	273331
1093.328	0.0	Left_Miss	10	273332
1093.58	0.0	Arrow_Up_HitZone	7	273395
1093.588	0.0	Up_Miss	16	273397
1093.816	0.0	Arrow_Left_HitZone	3	273454
1093.824	0.0	Left_Miss	10	273456
1094.08	0.0	Arrow_Up_HitZone	7	273520
1094.088	0.0	Up_Miss	16	273522
1094.468	0.0	Listen_Start	12	273617
1096.856	0.0	Arrow_Left_Spawn	4	274214
1097.312	0.0	Arrow_Up_Spawn	8	274328
1097.908	0.0	Arrow_Left_Spawn	4	274477
1098.124	0.0	Arrow_Up_Spawn	8	274531
1098.376	0.0	Arrow_Left_Spawn	4	274594
1098.584	0.0	Arrow_Up_Spawn	8	274646
1098.848	0.0	Listen_End	11	274712
1098.868	0.0	Arrow_Left_Spawn	4	274717
1099.056	0.0	Arrow_Left_HitZone	3	274764
1099.064	0.0	Left_Miss	10	274766
1099.32	0.0	Arrow_Up_Spawn	8	274830
1099.512	0.0	Arrow_Up_HitZone	7	274878
1099.52	0.0	Up_Miss	16	274880
1099.824	0.0	Arrow_Left_Spawn	4	274956
1100.108	0.0	Arrow_Left_HitZone	3	275027
1100.116	0.0	Left_Miss	10	275029
1100.324	0.0	Arrow_Up_HitZone	7	275081
1100.332	0.0	Up_Miss	16	275083
1100.576	0.0	Arrow_Left_HitZone	3	275144
1100.58	0.0	Left_Miss	10	275145
1100.784	0.0	Arrow_Up_HitZone	7	275196
1100.788	0.0	Up_Miss	16	275197
1101.068	0.0	Arrow_Left_HitZone	3	275267
1101.076	0.0	Left_Miss	10	275269
1101.52	0.0	Arrow_Up_HitZone	7	275380
1101.524	0.0	Up_Miss	16	275381
1102.024	0.0	Arrow_Left_HitZone	3	275506
1102.032	0.0	Left_Miss	10	275508
1102.44	0.0	Listen_Start	12	275610
1104.92	0.0	Arrow_Up_Spawn	8	276230
1106.904	0.0	Arrow_Left_Spawn	4	276726
1106.916	0.0	Listen_End	11	276729
1107.12	0.0	Arrow_Up_HitZone	7	276780
1107.124	0.0	Up_Miss	16	276781
1107.124	0.0	Arrow_Up_Spawn	8	276781
1107.356	0.0	Arrow_Left_Spawn	4	276839
1107.592	0.0	Arrow_Up_Spawn	8	276898
1107.84	0.0	Arrow_Left_Spawn	4	276960
1108.352	0.0	Arrow_Up_Spawn	8	277088
1109.104	0.0	Arrow_Left_HitZone	3	277276
1109.112	0.0	Left_Miss	10	277278
1109.324	0.0	Arrow_Up_HitZone	7	277331
1109.332	0.0	Up_Miss	16	277333
1109.556	0.0	Arrow_Left_HitZone	3	277389
1109.56	0.0	Left_Miss	10	277390
1109.792	0.0	Arrow_Up_HitZone	7	277448
1109.796	0.0	Up_Miss	16	277449
1110.04	0.0	Arrow_Left_HitZone	3	277510
1110.048	0.0	Left_Miss	10	277512
1110.552	0.0	Arrow_Up_HitZone	7	277638
1110.56	0.0	Up_Miss	16	277640
1110.996	0.0	Listen_Start	12	277749
1112.884	0.0	Arrow_Left_Spawn	4	278221
1113.352	0.0	Arrow_Up_Spawn	8	278338
1113.848	0.0	Arrow_Left_Spawn	4	278462
1114.184	0.0	Arrow_Up_Spawn	8	278546
1114.876	0.0	Listen_End	11	278719
1115.084	0.0	Arrow_Left_HitZone	3	278771
1115.092	0.0	Left_Miss	10	278773
1115.548	0.0	Arrow_Up_HitZone	7	278887
1115.556	0.0	Up_Miss	16	278889
1115.836	0.0	Arrow_Left_Spawn	4	278959
1116.048	0.0	Arrow_Left_HitZone	3	279012
1116.056	0.0	Left_Miss	10	279014
1116.104	0.0	Arrow_Up_Spawn	8	279026
1116.328	0.0	Arrow_Left_Spawn	4	279082
1116.384	0.0	Arrow_Up_HitZone	7	279096
1116.388	0.0	Up_Miss	16	279097
1116.576	0.0	Arrow_Up_Spawn	8	279144
1118.036	0.0	Arrow_Left_HitZone	3	279509
1118.04	0.0	Left_Miss	10	279510
1118.304	0.0	Arrow_Up_HitZone	7	279576
1118.312	0.0	Up_Miss	16	279578
1118.528	0.0	Arrow_Left_HitZone	3	279632
1118.532	0.0	Left_Miss	10	279633
1118.776	0.0	Arrow_Up_HitZone	7	279694
1118.784	0.0	Up_Miss	16	279696
1121.844	0.0	Song_End	14	280461
1139.96	0.0	Song_Start	15	284990
1140.228	0.0	Listen_Start	12	285057
1142.56	0.0	Arrow_Left_Spawn	4	285640
1142.768	0.0	Arrow_Down_Spawn	2	285692
1143.024	0.0	Arrow_Left_Spawn	4	285756
1143.264	0.0	Arrow_Down_Spawn	2	285816
1143.544	0.0	Arrow_Left_Spawn	4	285886
1143.772	0.0	Arrow_Down_Spawn	2	285943
1144.056	0.0	Arrow_Left_Spawn	4	286014
1144.288	0.0	Arrow_Down_Spawn	2	286072
1144.528	0.0	Listen_End	11	286132
1144.544	0.0	Arrow_Left_Spawn	4	286136
1144.76	0.0	Arrow_Left_HitZone	3	286190
1144.764	0.0	Left_Miss	10	286191
1144.772	0.0	Arrow_Down_Spawn	2	286193
1144.968	0.0	Arrow_Down_HitZone	1	286242
1144.972	0.0	Down_Miss	9	286243
1145.008	0.0	Arrow_Left_Spawn	4	286252
1145.204	0.0	Arrow_Down_Spawn	2	286301
1145.224	0.0	Arrow_Left_HitZone	3	286306
1145.232	0.0	Left_Miss	10	286308
1145.46	0.0	Arrow_Left_Spawn	4	286365
1145.464	0.0	Arrow_Down_HitZone	1	286366
1145.472	0.0	Down_Miss	9	286368
1145.716	0.0	Arrow_Down_Spawn	2	286429
1145.744	0.0	Arrow_Left_HitZone	3	286436
1145.752	0.0	Left_Miss	10	286438
1145.924	0.0	Arrow_Left_Spawn	4	286481
1145.972	0.0	Arrow_Down_HitZone	1	286493
1145.98	0.0	Down_Miss	9	286495
1146.2	0.0	Arrow_Down_Spawn	2	286550
1146.256	0.0	Arrow_Left_HitZone	3	286564
1146.264	0.0	Left_Miss	10	286566
1146.488	0.0	Arrow_Down_HitZone	1	286622
1146.492	0.0	Down_Miss	9	286623
1146.744	0.0	Arrow_Left_HitZone	3	286686
1146.748	0.0	Left_Miss	10	286687
1146.972	0.0	Arrow_Down_HitZone	1	286743
1146.98	0.0	Down_Miss	9	286745
1147.208	0.0	Arrow_Left_HitZone	3	286802
1147.216	0.0	Left_Miss	10	286804
1147.4	0.0	Arrow_Down_HitZone	1	286850
1147.408	0.0	Down_Miss	9	286852
1147.66	0.0	Arrow_Left_HitZone	3	286915
1147.664	0.0	Left_Miss	10	286916
1147.916	0.0	Arrow_Down_HitZone	1	286979
1147.924	0.0	Down_Miss	9	286981
1148.124	0.0	Arrow_Left_HitZone	3	287031
1148.132	0.0	Left_Miss	10	287033
1148.4	0.0	Arrow_Down_HitZone	1	287100
1148.408	0.0	Down_Miss	9	287102
1148.792	0.0	Listen_Start	12	287198
1150.552	0.0	Arrow_Left_Spawn	4	287638
1150.76	0.0	Arrow_Down_Spawn	2	287690
1151.024	0.0	Arrow_Left_Spawn	4	287756
1151.26	0.0	Arrow_Down_Spawn	2	287815
1151.468	0.0	Arrow_Left_Spawn	4	287867
1152.004	0.0	Arrow_Down_Spawn	2	288001
1152.532	0.0	Listen_End	11	288133
1152.536	0.0	Arrow_Left_Spawn	4	288134
1152.744	0.0	Arrow_Down_Spawn	2	288186
1152.752	0.0	Arrow_Left_HitZone	3	288188
1152.76	0.0	Left_Miss	10	288190
1152.96	0.0	Arrow_Down_HitZone	1	288240
1152.968	0.0	Down_Miss	9	288242
1153.024	0.0	Arrow_Left_Spawn	4	288256
1153.216	0.0	Arrow_Down_Spawn	2	288304
1153.224	0.0	Arrow_Left_HitZone	3	288306
1153.232	0.0	Left_Miss	10	288308
1153.46	0.0	Arrow_Down_HitZone	1	288365
1153.468	0.0	Down_Miss	9	288367
1153.472	0.0	Arrow_Left_Spawn	4	288368
1153.668	0.0	Arrow_Left_HitZone	3	288417
1153.676	0.0	Left_Miss	10	288419
1153.96	0.0	Arrow_Down_Spawn	2	288490
1154.204	0.0	Arrow_Down_HitZone	1	288551
1154.212	0.0	Down_Miss	9	288553
1154.736	0.0	Arrow_Left_HitZone	3	288684
1154.744	0.0	Left_Miss	10	288686
1154.944	0.0	Arrow_Down_HitZone	1	288736
1154.952	0.0	Down_Miss	9	288738
1155.224	0.0	Arrow_Left_HitZone	3	288806
1155.228	0.0	Left_Miss	10	288807
1155.416	0.0	Arrow_Down_HitZone	1	288854
1155.424	0.0	Down_Miss	9	288856
1155.672	0.0	Arrow_Left_HitZone	3	288918
1155.68	0.0	Left_Miss	10	288920
1156.16	0.0	Arrow_Down_HitZone	1	289040
1156.168	0.0	Down_Miss	9	289042
1156.5	0.0	Listen_Start	12	289125
1158.484	0.0	Arrow_Left_Spawn	4	289621
1158.72	0.0	Arrow_Down_Spawn	2	289680
1158.996	0.0	Arrow_Left_Spawn	4	289749
1159.256	0.0	Arrow_Down_Spawn	2	289814
1159.512	0.0	Arrow_Left_Spawn	4	289878
1159.76	0.0	Arrow_Down_Spawn	2	289940
1159.996	0.0	Arrow_Left_Spawn	4	289999
1160.252	0.0	Arrow_Down_Spawn	2	290063
1160.496	0.0	Listen_End	11	290124
1160.532	0.0	Arrow_Left_Spawn	4	290133
1160.684	0.0	Arrow_Left_HitZone	3	290171
1160.692	0.0	Left_Miss	10	290173
1160.92	0.0	Arrow_Down_HitZone	1	290230
1160.928	0.0	Down_Miss	9	290232
1161.196	0.0	Arrow_Left_HitZone	3	290299
1161.204	0.0	Left_Miss	10	290301
1161.364	0.0	Arrow_Down_Spawn	2	290341
1161.456	0.0	Arrow_Down_HitZone	1	290364
1161.46	0.0	Down_Miss	9	290365
1161.712	0.0	Arrow_Left_HitZone	3	290428
1161.72	0.0	Left_Miss	10	290430
1161.96	0.0	Arrow_Down_HitZone	1	290490
1161.968	0.0	Down_Miss	9	290492
1162.196	0.0	Arrow_Left_HitZone	3	290549
1162.204	0.0	Left_Miss	10	290551
1162.452	0.0	Arrow_Down_HitZone	1	290613
1162.46	0.0	Down_Miss	9	290615
1162.732	0.0	Arrow_Left_HitZone	3	290683
1162.74	0.0	Left_Miss	10	290685
1163.564	0.0	Arrow_Down_HitZone	1	290891
1163.572	0.0	Down_Miss	9	290893
1163.876	0.0	Listen_Start	12	290969
1166.52	0.0	Arrow_Left_Spawn	4	291630
1166.9	0.0	Arrow_Down_Spawn	2	291725
1167.436	0.0	Arrow_Left_Spawn	4	291859
1167.972	0.0	Arrow_Down_Spawn	2	291993
1168.456	0.0	Arrow_Left_Spawn	4	292114
1168.54	0.0	Listen_End	11	292135
1168.72	0.0	Arrow_Left_HitZone	3	292180
1168.728	0.0	Left_Miss	10	292182
1168.732	0.0	Arrow_Down_Spawn	2	292183
1168.976	0.0	Arrow_Left_Spawn	4	292244
1169.1	0.0	Arrow_Down_HitZone	1	292275
1169.108	0.0	Down_Miss	9	292277
1169.232	0.0	Arrow_Down_Spawn	2	292308
1169.492	0.0	Arrow_Left_Spawn	4	292373
1169.636	0.0	Arrow_Left_HitZone	3	292409
1169.644	0.0	Left_Miss	10	292411
1169.74	0.0	Arrow_Down_Spawn	2	292435
1169.976	0.0	Arrow_Left_Spawn	4	292494
1170.172	0.0	Arrow_Down_HitZone	1	292543
1170.176	0.0	Down_Miss	9	292544
1170.232	0.0	Arrow_Down_Spawn	2	292558
1170.656	0.0	Arrow_Left_HitZone	3	292664
1170.664	0.0	Left_Miss	10	292666
1170.932	0.0	Arrow_Down_HitZone	1	292733
1170.94	0.0	Down_Miss	9	292735
1171.176	0.0	Arrow_Left_HitZone	3	292794
1171.184	0.0	Left_Miss	10	292796
1171.432	0.0	Arrow_Down_HitZone	1	292858
1171.44	0.0	Down_Miss	9	292860
1171.688	0.0	Arrow_Left_HitZone	3	292922
1171.696	0.0	Left_Miss	10	292924
1171.94	0.0	Arrow_Down_HitZone	1	292985
1171.948	0.0	Down_Miss	9	292987
1172.176	0.0	Arrow_Left_HitZone	3	293044
1172.184	0.0	Left_Miss	10	293046
1172.432	0.0	Arrow_Down_HitZone	1	293108
1172.44	0.0	Down_Miss	9	293110
1172.688	0.0	Listen_Start	12	293172
1174.508	0.0	Arrow_Left_Spawn	4	293627
1174.708	0.0	Arrow_Down_Spawn	2	293677
1174.988	0.0	Arrow_Left_Spawn	4	293747
1175.196	0.0	Arrow_Down_Spawn	2	293799
1175.492	0.0	Arrow_Left_Spawn	4	293873
1176.472	0.0	Arrow_Down_Spawn	2	294118
1176.568	0.0	Listen_End	11	294142
1176.708	0.0	Arrow_Left_HitZone	3	294177
1176.716	0.0	Left_Miss	10	294179
1176.728	0.0	Arrow_Left_Spawn	4	294182
1176.908	0.0	Arrow_Down_HitZone	1	294227
1176.916	0.0	Down_Miss	9	294229
1176.976	0.0	Arrow_Down_Spawn	2	294244
1177.184	0.0	Arrow_Left_HitZone	3	294296
1177.192	0.0	Left_Miss	10	294298
1177.212	0.0	Arrow_Left_Spawn	4	294303
1177.396	0.0	Arrow_Down_HitZone	1	294349
1177.4	0.0	Down_Miss	9	294350
1177.476	0.0	Arrow_Down_Spawn	2	294369
1177.692	0.0	Arrow_Left_HitZone	3	294423
1177.7	0.0	Left_Miss	10	294425
1178.672	0.0	Arrow_Down_HitZone	1	294668
1178.68	0.0	Down_Miss	9	294670
1178.928	0.0	Arrow_Left_HitZone	3	294732
1178.936	0.0	Left_Miss	10	294734
1179.176	0.0	Arrow_Down_HitZone	1	294794
1179.184	0.0	Down_Miss	9	294796
1179.412	0.0	Arrow_Left_HitZone	3	294853
1179.42	0.0	Left_Miss	10	294855
1179.676	0.0	Arrow_Down_HitZone	1	294919
1179.684	0.0	Down_Miss	9	294921
1180.032	0.0	Listen_Start	12	295008
1182.46	0.0	Arrow_Left_Spawn	4	295615
1182.912	0.0	Arrow_Down_Spawn	2	295728
1183.516	0.0	Arrow_Left_Spawn	4	295879
1183.724	0.0	Arrow_Down_Spawn	2	295931
1183.98	0.0	Arrow_Left_Spawn	4	295995
1184.188	0.0	Arrow_Down_Spawn	2	296047
1184.396	0.0	Listen_End	11	296099
1184.464	0.0	Arrow_Left_Spawn	4	296116
1184.66	0.0	Arrow_Left_HitZone	3	296165
1184.668	0.0	Left_Miss	10	296167
1184.916	0.0	Arrow_Down_Spawn	2	296229
1185.112	0.0	Arrow_Down_HitZone	1	296278
1185.116	0.0	Down_Miss	9	296279
1185.432	0.0	Arrow_Left_Spawn	4	296358
1185.716	0.0	Arrow_Left_HitZone	3	296429
1185.72	0.0	Left_Miss	10	296430
1185.924	0.0	Arrow_Down_HitZone	1	296481
1185.928	0.0	Down_Miss	9	296482
1186.18	0.0	Arrow_Left_HitZone	3	296545
1186.188	0.0	Left_Miss	10	296547
1186.388	0.0	Arrow_Down_HitZone	1	296597
1186.396	0.0	Down_Miss	9	296599
1186.664	0.0	Arrow_Left_HitZone	3	296666
1186.672	0.0	Left_Miss	10	296668
1187.116	0.0	Arrow_Down_HitZone	1	296779
1187.124	0.0	Down_Miss	9	296781
1187.628	0.0	Arrow_Left_HitZone	3	296907
1187.636	0.0	Left_Miss	10	296909
1188.0	0.0	Listen_Start	12	297000
1190.524	0.0	Arrow_Down_Spawn	2	297631
1192.48	0.0	Listen_End	11	298120
1192.5	0.0	Arrow_Left_Spawn	4	298125
1192.724	0.0	Arrow_Down_Spawn	2	298181
1192.724	0.0	Arrow_Down_HitZone	1	298181
1192.732	0.0	Down_Miss	9	298183
1192.952	0.0	Arrow_Left_Spawn	4	298238
1193.188	0.0	Arrow_Down_Spawn	2	298297
1193.444	0.0	Arrow_Left_Spawn	4	298361
1193.952	0.0	Arrow_Down_Spawn	2	298488
1194.7	0.0	Arrow_Left_HitZone	3	298675
1194.708	0.0	Left_Miss	10	298677
1194.924	0.0	Arrow_Down_HitZone	1	298731
1194.932	0.0	Down_Miss	9	298733
1195.152	0.0	Arrow_Left_HitZone	3	298788
1195.16	0.0	Left_Miss	10	298790
1195.388	0.0	Arrow_Down_HitZone	1	298847
1195.396	0.0	Down_Miss	9	298849
1195.644	0.0	Arrow_Left_HitZone	3	298911
1195.652	0.0	Left_Miss	10	298913
1196.152	0.0	Arrow_Down_HitZone	1	299038
1196.16	0.0	Down_Miss	9	299040
1196.548	0.0	Listen_Start	12	299137
1198.492	0.0	Arrow_Left_Spawn	4	299623
1198.948	0.0	Arrow_Down_Spawn	2	299737
1199.448	0.0	Arrow_Left_Spawn	4	299862
1199.78	0.0	Arrow_Down_Spawn	2	299945
1200.44	0.0	Listen_End	11	300110
1200.692	0.0	Arrow_Left_HitZone	3	300173
1200.696	0.0	Left_Miss	10	300174
1201.148	0.0	Arrow_Down_HitZone	1	300287
1201.156	0.0	Down_Miss	9	300289
1201.44	0.0	Arrow_Left_Spawn	4	300360
1201.648	0.0	Arrow_Left_HitZone	3	300412
1201.656	0.0	Left_Miss	10	300414
1201.704	0.0	Arrow_Down_Spawn	2	300426
1201.924	0.0	Arrow_Left_Spawn	4	300481
1201.98	0.0	Arrow_Down_HitZone	1	300495
1201.988	0.0	Down_Miss	9	300497
1202.18	0.0	Arrow_Down_Spawn	2	300545
1203.64	0.0	Arrow_Left_HitZone	3	300910
1203.648	0.0	Left_Miss	10	300912
1203.904	0.0	Arrow_Down_HitZone	1	300976
1203.908	0.0	Down_Miss	9	300977
1204.124	0.0	Arrow_Left_HitZone	3	301031
1204.132	0.0	Left_Miss	10	301033
1204.38	0.0	Arrow_Down_HitZone	1	301095
1204.388	0.0	Down_Miss	9	301097
1207.4	0.0	Song_End	14	301850
1226.444	0.0	Song_Start	15	306611
1226.728	0.0	Listen_Start	12	306682
1229.08	0.0	Arrow_Up_Spawn	8	307270
1229.288	0.0	Arrow_Down_Spawn	2	307322
1229.544	0.0	Arrow_Up_Spawn	8	307386
1229.788	0.0	Arrow_Down_Spawn	2	307447
1230.064	0.0	Arrow_Up_Spawn	8	307516
1230.296	0.0	Arrow_Down_Spawn	2	307574
1230.572	0.0	Arrow_Up_Spawn	8	307643
1230.808	0.0	Arrow_Down_Spawn	2	307702
1231.028	0.0	Listen_End	11	307757
1231.064	0.0	Arrow_Up_Spawn	8	307766
1231.28	0.0	Arrow_Up_HitZone	7	307820
1231.284	0.0	Up_Miss	16	307821
1231.292	0.0	Arrow_Down_Spawn	2	307823
1231.488	0.0	Arrow_Down_HitZone	1	307872
1231.492	0.0	Down_Miss	9	307873
1231.528	0.0	Arrow_Up_Spawn	8	307882
1231.724	0.0	Arrow_Down_Spawn	2	307931
1231.744	0.0	Arrow_Up_HitZone	7	307936
1231.752	0.0	Up_Miss	16	307938
1231.98	0.0	Arrow_Up_Spawn	8	307995
1231.988	0.0	Arrow_Down_HitZone	1	307997
1231.996	0.0	Down_Miss	9	307999
1232.236	0.0	Arrow_Down_Spawn	2	308059
1232.264	0.0	Arrow_Up_HitZone	7	308066
1232.272	0.0	Up_Miss	16	308068
1232.444	0.0	Arrow_Up_Spawn	8	308111
1232.492	0.0	Arrow_Down_HitZone	1	308123
1232.5	0.0	Down_Miss	9	308125
1232.724	0.0	Arrow_Down_Spawn	2	308181
1232.772	0.0	Arrow_Up_HitZone	7	308193
1232.776	0.0	Up_Miss	16	308194
1233.008	0.0	Arrow_Down_HitZone	1	308252
1233.012	0.0	Down_Miss	9	308253
1233.264	0.0	Arrow_Up_HitZone	7	308316
1233.272	0.0	Up_Miss	16	308318
1233.492	0.0	Arrow_Down_HitZone	1	308373
1233.5	0.0	Down_Miss	9	308375
1233.728	0.0	Arrow_Up_HitZone	7	308432
1233.736	0.0	Up_Miss	16	308434
1233.924	0.0	Arrow_Down_HitZone	1	308481
1233.928	0.0	Down_Miss	9	308482
1234.18	0.0	Arrow_Up_HitZone	7	308545
1234.188	0.0	Up_Miss	16	308547
1234.436	0.0	Arrow_Down_HitZone	1	308609
1234.444	0.0	Down_Miss	9	308611
1234.644	0.0	Arrow_Up_HitZone	7	308661
1234.652	0.0	Up_Miss	16	308663
1234.924	0.0	Arrow_Down_HitZone	1	308731
1234.928	0.0	Down_Miss	9	308732
1235.276	0.0	Listen_Start	12	308819
1237.072	0.0	Arrow_Up_Spawn	8	309268
1237.28	0.0	Arrow_Down_Spawn	2	309320
1237.544	0.0	Arrow_Up_Spawn	8	309386
1237.78	0.0	Arrow_Down_Spawn	2	309445
1237.988	0.0	Arrow_Up_Spawn	8	309497
1238.524	0.0	Arrow_Down_Spawn	2	309631
1239.032	0.0	Listen_End	11	309758
1239.06	0.0	Arrow_Up_Spawn	8	309765
1239.268	0.0	Arrow_Down_Spawn	2	309817
1239.272	0.0	Arrow_Up_HitZone	7	309818
1239.28	0.0	Up_Miss	16	309820
1239.48	0.0	Arrow_Down_HitZone	1	309870
1239.488	0.0	Down_Miss	9	309872
1239.544	0.0	Arrow_Up_Spawn	8	309886
1239.74	0.0	Arrow_Down_Spawn	2	309935
1239.744	0.0	Arrow_Up_HitZone	7	309936
1239.752	0.0	Up_Miss	16	309938
1239.98	0.0	Arrow_Down_HitZone	1	309995
1239.988	0.0	Down_Miss	9	309997
1239.996	0.0	Arrow_Up_Spawn	8	309999
1240.188	0.0	Arrow_Up_HitZone	7	310047
1240.196	0.0	Up_Miss	16	310049
1240.48	0.0	Arrow_Down_Spawn	2	310120
1240.724	0.0	Arrow_Down_HitZone	1	310181
1240.732	0.0	Down_Miss	9	310183
1241.256	0.0	Arrow_Up_HitZone	7	310314
1241.264	0.0	Up_Miss	16	310316
1241.468	0.0	Arrow_Down_HitZone	1	310367
1241.472	0.0	Down_Miss	9	310368
1241.744	0.0	Arrow_Up_HitZone	7	310436
1241.752	0.0	Up_Miss	16	310438
1241.94	0.0	Arrow_Down_HitZone	1	310485
1241.944	0.0	Down_Miss	9	310486
1242.196	0.0	Arrow_Up_HitZone	7	310549
1242.2	0.0	Up_Miss	16	310550
1242.68	0.0	Arrow_Down_HitZone	1	310670
1242.688	0.0	Down_Miss	9	310672
1243.0	0.0	Listen_Start	12	310750
1245.004	0.0	Arrow_Up_Spawn	8	311251
1245.24	0.0	Arrow_Down_Spawn	2	311310
1245.52	0.0	Arrow_Up_Spawn	8	311380
1245.776	0.0	Arrow_Down_Spawn	2	311444
1246.024	0.0	Arrow_Up_Spawn	8	311506
1246.284	0.0	Arrow_Down_Spawn	2	311571
1246.52	0.0	Arrow_Up_Spawn	8	311630
1246.768	0.0	Arrow_Down_Spawn	2	311692
1246.996	0.0	Listen_End	11	311749
1247.052	0.0	Arrow_Up_Spawn	8	311763
1247.204	0.0	Arrow_Up_HitZone	7	311801
1247.212	0.0	Up_Miss	16	311803
1247.44	0.0	Arrow_Down_HitZone	1	311860
1247.448	0.0	Down_Miss	9	311862
1247.72	0.0	Arrow_Up_HitZone	7	311930
1247.724	0.0	Up_Miss	16	311931
1247.884	0.0	Arrow_Down_Spawn	2	311971
1247.976	0.0	Arrow_Down_HitZone	1	311994
1247.984	0.0	Down_Miss	9	311996
1248.224	0.0	Arrow_Up_HitZone	7	312056
1248.232	0.0	Up_Miss	16	312058
1248.48	0.0	Arrow_Down_HitZone	1	312120
1248.488	0.0	Down_Miss	9	312122
1248.72	0.0	Arrow_Up_HitZone	7	312180
1248.724	0.0	Up_Miss	16	312181
1248.968	0.0	Arrow_Down_HitZone	1	312242
1248.976	0.0	Down_Miss	9	312244
1249.252	0.0	Arrow_Up_HitZone	7	312313
1249.26	0.0	Up_Miss	16	312315
1250.084	0.0	Arrow_Down_HitZone	1	312521
1250.092	0.0	Down_Miss	9	312523
1250.376	0.0	Listen_Start	12	312594
1253.036	0.0	Arrow_Up_Spawn	8	313259
1253.424	0.0	Arrow_Down_Spawn	2	313356
1253.952	0.0	Arrow_Up_Spawn	8	313488
1254.484	0.0	Arrow_Down_Spawn	2	313621
1254.976	0.0	Arrow_Up_Spawn	8	313744
1255.04	0.0	Listen_End	11	313760
1255.236	0.0	Arrow_Up_HitZone	7	313809
1255.24	0.0	Up_Miss	16	313810
1255.256	0.0	Arrow_Down_Spawn	2	313814
1255.5	0.0	Arrow_Up_Spawn	8	313875
1255.624	0.0	Arrow_Down_HitZone	1	313906
1255.628	0.0	Down_Miss	9	313907
1255.756	0.0	Arrow_Down_Spawn	2	313939
1256.004	0.0	Arrow_Up_Spawn	8	314001
1256.152	0.0	Arrow_Up_HitZone	7	314038
1256.156	0.0	Up_Miss	16	314039
1256.26	0.0	Arrow_Down_Spawn	2	314065
1256.496	0.0	Arrow_Up_Spawn	8	314124
1256.684	0.0	Arrow_Down_HitZone	1	314171
1256.692	0.0	Down_Miss	9	314173
1256.748	0.0	Arrow_Down_Spawn	2	314187
1257.176	0.0	Arrow_Up_HitZone	7	314294
1257.184	0.0	Up_Miss	16	314296
1257.456	0.0	Arrow_Down_HitZone	1	314364
1257.46	0.0	Down_Miss	9	314365
1257.696	0.0	Arrow_Up_HitZone	7	314424
1257.704	0.0	Up_Miss	16	314426
1257.956	0.0	Arrow_Down_HitZone	1	314489
1257.96	0.0	Down_Miss	9	314490
1258.204	0.0	Arrow_Up_HitZone	7	314551
1258.212	0.0	Up_Miss	16	314553
1258.46	0.0	Arrow_Down_HitZone	1	314615
1258.468	0.0	Down_Miss	9	314617
1258.696	0.0	Arrow_Up_HitZone	7	314674
1258.704	0.0	Up_Miss	16	314676
1258.948	0.0	Arrow_Down_HitZone	1	314737
1258.952	0.0	Down_Miss	9	314738
1259.188	0.0	Listen_Start	12	314797
1261.028	0.0	Arrow_Up_Spawn	8	315257
1261.224	0.0	Arrow_Down_Spawn	2	315306
1261.508	0.0	Arrow_Up_Spawn	8	315377
1261.716	0.0	Arrow_Down_Spawn	2	315429
1262.012	0.0	Arrow_Up_Spawn	8	315503
1262.992	0.0	Arrow_Down_Spawn	2	315748
1263.068	0.0	Listen_End	11	315767
1263.228	0.0	Arrow_Up_HitZone	7	315807
1263.236	0.0	Up_Miss	16	315809
1263.244	0.0	Arrow_Up_Spawn	8	315811
1263.424	0.0	Arrow_Down_HitZone	1	315856
1263.428	0.0	Down_Miss	9	315857
1263.5	0.0	Arrow_Down_Spawn	2	315875
1263.708	0.0	Arrow_Up_HitZone	7	315927
1263.716	0.0	Up_Miss	16	315929
1263.736	0.0	Arrow_Up_Spawn	8	315934
1263.916	0.0	Arrow_Down_HitZone	1	315979
1263.92	0.0	Down_Miss	9	315980
1264.0	0.0	Arrow_Down_Spawn	2	316000
1264.212	0.0	Arrow_Up_HitZone	7	316053
1264.22	0.0	Up_Miss	16	316055
1265.192	0.0	Arrow_Down_HitZone	1	316298
1265.2	0.0	Down_Miss	9	316300
1265.44	0.0	Arrow_Up_HitZone	7	316360
1265.448	0.0	Up_Miss	16	316362
1265.7	0.0	Arrow_Down_HitZone	1	316425
1265.704	0.0	Down_Miss	9	316426
1265.936	0.0	Arrow_Up_HitZone	7	316484
1265.944	0.0	Up_Miss	16	316486
1266.2	0.0	Arrow_Down_HitZone	1	316550
1266.204	0.0	Down_Miss	9	316551
1266.532	0.0	Listen_Start	12	316633
1268.976	0.0	Arrow_Up_Spawn	8	317244
1269.432	0.0	Arrow_Down_Spawn	2	317358
1270.028	0.0	Arrow_Up_Spawn	8	317507
1270.244	0.0	Arrow_Down_Spawn	2	317561
1270.492	0.0	Arrow_Up_Spawn	8	317623
1270.704	0.0	Arrow_Down_Spawn	2	317676
1270.896	0.0	Listen_End	11	317724
1270.988	0.0	Arrow_Up_Spawn	8	317747
1271.172	0.0	Arrow_Up_HitZone	7	317793
1271.18	0.0	Up_Miss	16	317795
1271.436	0.0	Arrow_Down_Spawn	2	317859
1271.632	0.0	Arrow_Down_HitZone	1	317908
1271.64	0.0	Down_Miss	9	317910
1271.944	0.0	Arrow_Up_Spawn	8	317986
1272.228	0.0	Arrow_Up_HitZone	7	318057
1272.236	0.0	Up_Miss	16	318059
1272.444	0.0	Arrow_Down_HitZone	1	318111
1272.452	0.0	Down_Miss	9	318113
1272.692	0.0	Arrow_Up_HitZone	7	318173
1272.7	0.0	Up_Miss	16	318175
1272.9	0.0	Arrow_Down_HitZone	1	318225
1272.908	0.0	Down_Miss	9	318227
1273.188	0.0	Arrow_Up_HitZone	7	318297
1273.192	0.0	Up_Miss	16	318298
1273.636	0.0	Arrow_Down_HitZone	1	318409
1273.644	0.0	Down_Miss	9	318411
1274.144	0.0	Arrow_Up_HitZone	7	318536
1274.152	0.0	Up_Miss	16	318538
1274.492	0.0	Listen_Start	12	318623
1277.036	0.0	Arrow_Down_Spawn	2	319259
1278.968	0.0	Listen_End	11	319742
1279.024	0.0	Arrow_Up_Spawn	8	319756
1279.236	0.0	Arrow_Down_HitZone	1	319809
1279.244	0.0	Down_Miss	9	319811
1279.244	0.0	Arrow_Down_Spawn	2	319811
1279.472	0.0	Arrow_Up_Spawn	8	319868
1279.708	0.0	Arrow_Down_Spawn	2	319927
1279.96	0.0	Arrow_Up_Spawn	8	319990
1280.472	0.0	Arrow_Down_Spawn	2	320118
1281.224	0.0	Arrow_Up_HitZone	7	320306
1281.228	0.0	Up_Miss	16	320307
1281.444	0.0	Arrow_Down_HitZone	1	320361
1281.452	0.0	Down_Miss	9	320363
1281.676	0.0	Arrow_Up_HitZone	7	320419
1281.68	0.0	Up_Miss	16	320420
1281.908	0.0	Arrow_Down_HitZone	1	320477
1281.916	0.0	Down_Miss	9	320479
1282.16	0.0	Arrow_Up_HitZone	7	320540
1282.168	0.0	Up_Miss	16	320542
1282.672	0.0	Arrow_Down_HitZone	1	320668
1282.68	0.0	Down_Miss	9	320670
1283.048	0.0	Listen_Start	12	320762
1285.004	0.0	Arrow_Up_Spawn	8	321251
1285.468	0.0	Arrow_Down_Spawn	2	321367
1285.968	0.0	Arrow_Up_Spawn	8	321492
1286.3	0.0	Arrow_Down_Spawn	2	321575
1286.932	0.0	Listen_End	11	321733
1287.204	0.0	Arrow_Up_HitZone	7	321801
1287.212	0.0	Up_Miss	16	321803
1287.668	0.0	Arrow_Down_HitZone	1	321917
1287.676	0.0	Down_Miss	9	321919
1287.956	0.0	Arrow_Up_Spawn	8	321989
1288.168	0.0	Arrow_Up_HitZone	7	322042
1288.176	0.0	Up_Miss	16	322044
1288.224	0.0	Arrow_Down_Spawn	2	322056
1288.448	0.0	Arrow_Up_Spawn	8	322112
1288.5	0.0	Arrow_Down_HitZone	1	322125
1288.508	0.0	Down_Miss	9	322127
1288.696	0.0	Arrow_Down_Spawn	2	322174
1290.152	0.0	Arrow_Up_HitZone	7	322538
1290.16	0.0	Up_Miss	16	322540
1290.424	0.0	Arrow_Down_HitZone	1	322606
1290.432	0.0	Down_Miss	9	322608
1290.644	0.0	Arrow_Up_HitZone	7	322661
1290.652	0.0	Up_Miss	16	322663
1290.896	0.0	Arrow_Down_HitZone	1	322724
1290.904	0.0	Down_Miss	9	322726
1293.908	0.0	Song_End	14	323477
1307.076	0.0	Song_Start	15	326769
1307.372	0.0	Listen_Start	12	326843
1309.7	0.0	Arrow_Right_Spawn	6	327425
1309.908	0.0	Arrow_Up_Spawn	8	327477
1310.168	0.0	Arrow_Right_Spawn	6	327542
1310.408	0.0	Arrow_Up_Spawn	8	327602
1310.688	0.0	Arrow_Right_Spawn	6	327672
1310.916	0.0	Arrow_Up_Spawn	8	327729
1311.192	0.0	Arrow_Right_Spawn	6	327798
1311.428	0.0	Arrow_Up_Spawn	8	327857
1311.672	0.0	Listen_End	11	327918
1311.688	0.0	Arrow_Right_Spawn	6	327922
1311.9	0.0	Arrow_Right_HitZone	5	327975
1311.908	0.0	Right_Miss	13	327977
1311.916	0.0	Arrow_Up_Spawn	8	327979
1312.112	0.0	Arrow_Up_HitZone	7	328028
1312.116	0.0	Up_Miss	16	328029
1312.152	0.0	Arrow_Right_Spawn	6	328038
1312.344	0.0	Arrow_Up_Spawn	8	328086
1312.368	0.0	Arrow_Right_HitZone	5	328092
1312.372	0.0	Right_Miss	13	328093
1312.604	0.0	Arrow_Right_Spawn	6	328151
1312.608	0.0	Arrow_Up_HitZone	7	328152
1312.616	0.0	Up_Miss	16	328154
1312.86	0.0	Arrow_Up_Spawn	8	328215
1312.888	0.0	Arrow_Right_HitZone	5	328222
1312.896	0.0	Right_Miss	13	328224
1313.068	0.0	Arrow_Right_Spawn	6	328267
1313.116	0.0	Arrow_Up_HitZone	7	328279
1313.124	0.0	Up_Miss	16	328281
1313.344	0.0	Arrow_Up_Spawn	8	328336
1313.392	0.0	Arrow_Right_HitZone	5	328348
1313.4	0.0	Right_Miss	13	328350
1313.628	0.0	Arrow_Up_HitZone	7	328407
1313.636	0.0	Up_Miss	16	328409
1313.888	0.0	Arrow_Right_HitZone	5	328472
1313.892	0.0	Right_Miss	13	328473
1314.116	0.0	Arrow_Up_HitZone	7	328529
1314.124	0.0	Up_Miss	16	328531
1314.352	0.0	Arrow_Right_HitZone	5	328588
1314.356	0.0	Right_Miss	13	328589
1314.544	0.0	Arrow_Up_HitZone	7	328636
1314.552	0.0	Up_Miss	16	328638
1314.804	0.0	Arrow_Right_HitZone	5	328701
1314.808	0.0	Right_Miss	13	328702
1315.06	0.0	Arrow_Up_HitZone	7	328765
1315.064	0.0	Up_Miss	16	328766
1315.268	0.0	Arrow_Right_HitZone	5	328817
1315.272	0.0	Right_Miss	13	328818
1315.544	0.0	Arrow_Up_HitZone	7	328886
1315.552	0.0	Up_Miss	16	328888
1315.92	0.0	Listen_Start	12	328980
1317.696	0.0	Arrow_Right_Spawn	6	329424
1317.904	0.0	Arrow_Up_Spawn	8	329476
1318.168	0.0	Arrow_Right_Spawn	6	329542
1318.404	0.0	Arrow_Up_Spawn	8	329601
1318.612	0.0	Arrow_Right_Spawn	6	329653
1319.148	0.0	Arrow_Up_Spawn	8	329787
1319.668	0.0	Listen_End	11	329917
1319.68	0.0	Arrow_Right_Spawn	6	329920
1319.888	0.0	Arrow_Up_Spawn	8	329972
1319.896	0.0	Arrow_Right_HitZone	5	329974
1319.904	0.0	Right_Miss	13	329976
1320.104	0.0	Arrow_Up_HitZone	7	330026
1320.112	0.0	Up_Miss	16	330028
1320.168	0.0	Arrow_Right_Spawn	6	330042
1320.36	0.0	Arrow_Up_Spawn	8	330090
1320.368	0.0	Arrow_Right_HitZone	5	330092
1320.376	0.0	Right_Miss	13	330094
1320.604	0.0	Arrow_Up_HitZone	7	330151
1320.612	0.0	Up_Miss	16	330153
1320.616	0.0	Arrow_Right_Spawn	6	330154
1320.812	0.0	Arrow_Right_HitZone	5	330203
1320.82	0.0	Right_Miss	13	330205
1321.104	0.0	Arrow_Up_Spawn	8	330276
1321.348	0.0	Arrow_Up_HitZone	7	330337
1321.352	0.0	Up_Miss	16	330338
1321.88	0.0	Arrow_Right_HitZone	5	330470
1321.888	0.0	Right_Miss	13	330472
1322.088	0.0	Arrow_Up_HitZone	7	330522
1322.096	0.0	Up_Miss	16	330524
1322.368	0.0	Arrow_Right_HitZone	5	330592
1322.372	0.0	Right_Miss	13	330593
1322.56	0.0	Arrow_Up_HitZone	7	330640
1322.568	0.0	Up_Miss	16	330642
1322.816	0.0	Arrow_Right_HitZone	5	330704
1322.824	0.0	Right_Miss	13	330706
1323.304	0.0	Arrow_Up_HitZone	7	330826
1323.308	0.0	Up_Miss	16	330827
1323.636	0.0	Listen_Start	12	330909
1325.628	0.0	Arrow_Right_Spawn	6	331407
1325.864	0.0	Arrow_Up_Spawn	8	331466
1326.14	0.0	Arrow_Right_Spawn	6	331535
1326.396	0.0	Arrow_Up_Spawn	8	331599
1326.656	0.0	Arrow_Right_Spawn	6	331664
1326.904	0.0	Arrow_Up_Spawn	8	331726
1327.14	0.0	Arrow_Right_Spawn	6	331785
1327.396	0.0	Arrow_Up_Spawn	8	331849
1327.64	0.0	Listen_End	11	331910
1327.676	0.0	Arrow_Right_Spawn	6	331919
1327.828	0.0	Arrow_Right_HitZone	5	331957
1327.836	0.0	Right_Miss	13	331959
1328.064	0.0	Arrow_Up_HitZone	7	332016
1328.072	0.0	Up_Miss	16	332018
1328.34	0.0	Arrow_Right_HitZone	5	332085
1328.348	0.0	Right_Miss	13	332087
1328.508	0.0	Arrow_Up_Spawn	8	332127
1328.596	0.0	Arrow_Up_HitZone	7	332149
1328.604	0.0	Up_Miss	16	332151
1328.856	0.0	Arrow_Right_HitZone	5	332214
1328.86	0.0	Right_Miss	13	332215
1329.104	0.0	Arrow_Up_HitZone	7	332276
1329.112	0.0	Up_Miss	16	332278
1329.34	0.0	Arrow_Right_HitZone	5	332335
1329.348	0.0	Right_Miss	13	332337
1329.596	0.0	Arrow_Up_HitZone	7	332399
1329.604	0.0	Up_Miss	16	332401
1329.876	0.0	Arrow_Right_HitZone	5	332469
1329.88	0.0	Right_Miss	13	332470
1330.708	0.0	Arrow_Up_HitZone	7	332677
1330.716	0.0	Up_Miss	16	332679
1331.02	0.0	Listen_Start	12	332755
1333.656	0.0	Arrow_Right_Spawn	6	333414
1334.044	0.0	Arrow_Up_Spawn	8	333511
1334.58	0.0	Arrow_Right_Spawn	6	333645
1335.108	0.0	Arrow_Up_Spawn	8	333777
1335.6	0.0	Arrow_Right_Spawn	6	333900
1335.676	0.0	Listen_End	11	333919
1335.856	0.0	Arrow_Right_HitZone	5	333964
1335.864	0.0	Right_Miss	13	333966
1335.876	0.0	Arrow_Up_Spawn	8	333969
1336.12	0.0	Arrow_Right_Spawn	6	334030
1336.244	0.0	Arrow_Up_HitZone	7	334061
1336.252	0.0	Up_Miss	16	334063
1336.376	0.0	Arrow_Up_Spawn	8	334094
1336.628	0.0	Arrow_Right_Spawn	6	334157
1336.78	0.0	Arrow_Right_HitZone	5	334195
1336.788	0.0	Right_Miss	13	334197
1336.884	0.0	Arrow_Up_Spawn	8	334221
1337.12	0.0	Arrow_Right_Spawn	6	334280
1337.308	0.0	Arrow_Up_HitZone	7	334327
1337.312	0.0	Up_Miss	16	334328
1337.368	0.0	Arrow_Up_Spawn	8	334342
1337.8	0.0	Arrow_Right_HitZone	5	334450
1337.808	0.0	Right_Miss	13	334452
1338.076	0.0	Arrow_Up_HitZone	7	334519
1338.084	0.0	Up_Miss	16	334521
1338.32	0.0	Arrow_Right_HitZone	5	334580
1338.328	0.0	Right_Miss	13	334582
1338.576	0.0	Arrow_Up_HitZone	7	334644
1338.584	0.0	Up_Miss	16	334646
1338.828	0.0	Arrow_Right_HitZone	5	334707
1338.832	0.0	Right_Miss	13	334708
1339.084	0.0	Arrow_Up_HitZone	7	334771
1339.092	0.0	Up_Miss	16	334773
1339.32	0.0	Arrow_Right_HitZone	5	334830
1339.328	0.0	Right_Miss	13	334832
1339.568	0.0	Arrow_Up_HitZone	7	334892
1339.576	0.0	Up_Miss	16	334894
1339.824	0.0	Listen_Start	12	334956
1341.652	0.0	Arrow_Right_Spawn	6	335413
1341.852	0.0	Arrow_Up_Spawn	8	335463
1342.128	0.0	Arrow_Right_Spawn	6	335532
1342.336	0.0	Arrow_Up_Spawn	8	335584
1342.636	0.0	Arrow_Right_Spawn	6	335659
1343.616	0.0	Arrow_Up_Spawn	8	335904
1343.712	0.0	Listen_End	11	335928
1343.852	0.0	Arrow_Right_HitZone	5	335963
1343.86	0.0	Right_Miss	13	335965
1343.864	0.0	Arrow_Right_Spawn	6	335966
1344.052	0.0	Arrow_Up_HitZone	7	336013
1344.06	0.0	Up_Miss	16	336015
1344.12	0.0	Arrow_Up_Spawn	8	336030
1344.328	0.0	Arrow_Right_HitZone	5	336082
1344.336	0.0	Right_Miss	13	336084
1344.356	0.0	Arrow_Right_Spawn	6	336089
1344.54	0.0	Arrow_Up_HitZone	7	336135
1344.544	0.0	Up_Miss	16	336136
1344.62	0.0	Arrow_Up_Spawn	8	336155
1344.836	0.0	Arrow_Right_HitZone	5	336209
1344.844	0.0	Right_Miss	13	336211
1345.816	0.0	Arrow_Up_HitZone	7	336454
1345.82	0.0	Up_Miss	16	336455
1346.064	0.0	Arrow_Right_HitZone	5	336516
1346.072	0.0	Right_Miss	13	336518
1346.32	0.0	Arrow_Up_HitZone	7	336580
1346.328	0.0	Up_Miss	16	336582
1346.556	0.0	Arrow_Right_HitZone	5	336639
1346.564	0.0	Right_Miss	13	336641
1346.82	0.0	Arrow_Up_HitZone	7	336705
1346.828	0.0	Up_Miss	16	336707
1347.168	0.0	Listen_Start	12	336792
1349.596	0.0	Arrow_Right_Spawn	6	337399
1350.056	0.0	Arrow_Up_Spawn	8	337514
1350.66	0.0	Arrow_Right_Spawn	6	337665
1350.868	0.0	Arrow_Up_Spawn	8	337717
1351.116	0.0	Arrow_Right_Spawn	6	337779
1351.332	0.0	Arrow_Up_Spawn	8	337833
1351.54	0.0	Listen_End	11	337885
1351.608	0.0	Arrow_Right_Spawn	6	337902
1351.796	0.0	Arrow_Right_HitZone	5	337949
1351.804	0.0	Right_Miss	13	337951
1352.06	0.0	Arrow_Up_Spawn	8	338015
1352.256	0.0	Arrow_Up_HitZone	7	338064
1352.26	0.0	Up_Miss	16	338065
1352.568	0.0	Arrow_Right_Spawn	6	338142
1352.86	0.0	Arrow_Right_HitZone	5	338215
1352.864	0.0	Right_Miss	13	338216
1353.068	0.0	Arrow_Up_HitZone	7	338267
1353.072	0.0	Up_Miss	16	338268
1353.316	0.0	Arrow_Right_HitZone	5	338329
1353.324	0.0	Right_Miss	13	338331
1353.532	0.0	Arrow_Up_HitZone	7	338383
1353.54	0.0	Up_Miss	16	338385
1353.808	0.0	Arrow_Right_HitZone	5	338452
1353.816	0.0	Right_Miss	13	338454
1354.26	0.0	Arrow_Up_HitZone	7	338565
1354.268	0.0	Up_Miss	16	338567
1354.768	0.0	Arrow_Right_HitZone	5	338692
1354.776	0.0	Right_Miss	13	338694
1355.128	0.0	Listen_Start	12	338782
1357.66	0.0	Arrow_Up_Spawn	8	339415
1359.612	0.0	Listen_End	11	339903
1359.644	0.0	Arrow_Right_Spawn	6	339911
1359.86	0.0	Arrow_Up_HitZone	7	339965
1359.868	0.0	Up_Miss	16	339967
1359.868	0.0	Arrow_Up_Spawn	8	339967
1360.096	0.0	Arrow_Right_Spawn	6	340024
1360.332	0.0	Arrow_Up_Spawn	8	340083
1360.588	0.0	Arrow_Right_Spawn	6	340147
1361.096	0.0	Arrow_Up_Spawn	8	340274
1361.844	0.0	Arrow_Right_HitZone	5	340461
1361.852	0.0	Right_Miss	13	340463
1362.068	0.0	Arrow_Up_HitZone	7	340517
1362.072	0.0	Up_Miss	16	340518
1362.296	0.0	Arrow_Right_HitZone	5	340574
1362.304	0.0	Right_Miss	13	340576
1362.532	0.0	Arrow_Up_HitZone	7	340633
1362.54	0.0	Up_Miss	16	340635
1362.788	0.0	Arrow_Right_HitZone	5	340697
1362.796	0.0	Right_Miss	13	340699
1363.296	0.0	Arrow_Up_HitZone	7	340824
1363.304	0.0	Up_Miss	16	340826
1363.692	0.0	Listen_Start	12	340923
1365.636	0.0	Arrow_Right_Spawn	6	341409
1366.092	0.0	Arrow_Up_Spawn	8	341523
1366.592	0.0	Arrow_Right_Spawn	6	341648
1366.924	0.0	Arrow_Up_Spawn	8	341731
1367.568	0.0	Listen_End	11	341892
1367.832	0.0	Arrow_Right_HitZone	5	341958
1367.84	0.0	Right_Miss	13	341960
1368.292	0.0	Arrow_Up_HitZone	7	342073
1368.3	0.0	Up_Miss	16	342075
1368.576	0.0	Arrow_Right_Spawn	6	342144
1368.792	0.0	Arrow_Right_HitZone	5	342198
1368.8	0.0	Right_Miss	13	342200
1368.848	0.0	Arrow_Up_Spawn	8	342212
1369.068	0.0	Arrow_Right_Spawn	6	342267
1369.124	0.0	Arrow_Up_HitZone	7	342281
1369.132	0.0	Up_Miss	16	342283
1369.32	0.0	Arrow_Up_Spawn	8	342330
1370.776	0.0	Arrow_Right_HitZone	5	342694
1370.784	0.0	Right_Miss	13	342696
1371.048	0.0	Arrow_Up_HitZone	7	342762
1371.052	0.0	Up_Miss	16	342763
1371.268	0.0	Arrow_Right_HitZone	5	342817
1371.276	0.0	Right_Miss	13	342819
1371.52	0.0	Arrow_Up_HitZone	7	342880
1371.524	0.0	Up_Miss	16	342881
1374.544	0.0	Song_End	14	343636
1399.784	0.0	Song_Start	15	349946
1400.06	0.0	Listen_Start	12	350015
1402.42	0.0	Arrow_Right_Spawn	6	350605
1402.628	0.0	Arrow_Down_Spawn	2	350657
1402.884	0.0	Arrow_Right_Spawn	6	350721
1403.128	0.0	Arrow_Down_Spawn	2	350782
1403.404	0.0	Arrow_Right_Spawn	6	350851
1403.632	0.0	Arrow_Down_Spawn	2	350908
1403.912	0.0	Arrow_Right_Spawn	6	350978
1404.148	0.0	Arrow_Down_Spawn	2	351037
1404.356	0.0	Listen_End	11	351089
1404.404	0.0	Arrow_Right_Spawn	6	351101
1404.62	0.0	Arrow_Right_HitZone	5	351155
1404.628	0.0	Right_Miss	13	351157
1404.632	0.0	Arrow_Down_Spawn	2	351158
1404.828	0.0	Arrow_Down_HitZone	1	351207
1404.836	0.0	Down_Miss	9	351209
1404.864	0.0	Arrow_Right_Spawn	6	351216
1405.064	0.0	Arrow_Down_Spawn	2	351266
1405.084	0.0	Arrow_Right_HitZone	5	351271
1405.092	0.0	Right_Miss	13	351273
1405.32	0.0	Arrow_Right_Spawn	6	351330
1405.328	0.0	Arrow_Down_HitZone	1	351332
1405.336	0.0	Down_Miss	9	351334
1405.572	0.0	Arrow_Down_Spawn	2	351393
1405.604	0.0	Arrow_Right_HitZone	5	351401
1405.612	0.0	Right_Miss	13	351403
1405.784	0.0	Arrow_Right_Spawn	6	351446
1405.832	0.0	Arrow_Down_HitZone	1	351458
1405.84	0.0	Down_Miss	9	351460
1406.064	0.0	Arrow_Down_Spawn	2	351516
1406.112	0.0	Arrow_Right_HitZone	5	351528
1406.12	0.0	Right_Miss	13	351530
1406.348	0.0	Arrow_Down_HitZone	1	351587
1406.356	0.0	Down_Miss	9	351589
1406.604	0.0	Arrow_Right_HitZone	5	351651
1406.612	0.0	Right_Miss	13	351653
1406.832	0.0	Arrow_Down_HitZone	1	351708
1406.84	0.0	Down_Miss	9	351710
1407.064	0.0	Arrow_Right_HitZone	5	351766
1407.068	0.0	Right_Miss	13	351767
1407.264	0.0	Arrow_Down_HitZone	1	351816
1407.272	0.0	Down_Miss	9	351818
1407.52	0.0	Arrow_Right_HitZone	5	351880
1407.528	0.0	Right_Miss	13	351882
1407.772	0.0	Arrow_Down_HitZone	1	351943
1407.776	0.0	Down_Miss	9	351944
1407.984	0.0	Arrow_Right_HitZone	5	351996
1407.992	0.0	Right_Miss	13	351998
1408.264	0.0	Arrow_Down_HitZone	1	352066
1408.268	0.0	Down_Miss	9	352067
1408.616	0.0	Listen_Start	12	352154
1410.416	0.0	Arrow_Right_Spawn	6	352604
1410.624	0.0	Arrow_Down_Spawn	2	352656
1410.884	0.0	Arrow_Right_Spawn	6	352721
1411.12	0.0	Arrow_Down_Spawn	2	352780
1411.332	0.0	Arrow_Right_Spawn	6	352833
1411.864	0.0	Arrow_Down_Spawn	2	352966
1412.356	0.0	Listen_End	11	353089
1412.392	0.0	Arrow_Right_Spawn	6	353098
1412.608	0.0	Arrow_Down_Spawn	2	353152
1412.612	0.0	Arrow_Right_HitZone	5	353153
1412.62	0.0	Right_Miss	13	353155
1412.82	0.0	Arrow_Down_HitZone	1	353205
1412.828	0.0	Down_Miss	9	353207
1412.884	0.0	Arrow_Right_Spawn	6	353221
1413.08	0.0	Arrow_Down_Spawn	2	353270
1413.084	0.0	Arrow_Right_HitZone	5	353271
1413.092	0.0	Right_Miss	13	353273
1413.32	0.0	Arrow_Down_HitZone	1	353330
1413.328	0.0	Down_Miss	9	353332
1413.336	0.0	Arrow_Right_Spawn	6	353334
1413.528	0.0	Arrow_Right_HitZone	5	353382
1413.536	0.0	Right_Miss	13	353384
1413.82	0.0	Arrow_Down_Spawn	2	353455
1414.064	0.0	Arrow_Down_HitZone	1	353516
1414.072	0.0	Down_Miss	9	353518
1414.592	0.0	Arrow_Right_HitZone	5	353648
1414.6	0.0	Right_Miss	13	353650
1414.808	0.0	Arrow_Down_HitZone	1	353702
1414.812	0.0	Down_Miss	9	353703
1415.084	0.0	Arrow_Right_HitZone	5	353771
1415.092	0.0	Right_Miss	13	353773
1415.28	0.0	Arrow_Down_HitZone	1	353820
1415.284	0.0	Down_Miss	9	353821
1415.536	0.0	Arrow_Right_HitZone	5	353884
1415.544	0.0	Right_Miss	13	353886
1416.02	0.0	Arrow_Down_HitZone	1	354005
1416.028	0.0	Down_Miss	9	354007
1416.332	0.0	Listen_Start	12	354083
1418.344	0.0	Arrow_Right_Spawn	6	354586
1418.58	0.0	Arrow_Down_Spawn	2	354645
1418.86	0.0	Arrow_Right_Spawn	6	354715
1419.108	0.0	Arrow_Down_Spawn	2	354777
1419.364	0.0	Arrow_Right_Spawn	6	354841
1419.624	0.0	Arrow_Down_Spawn	2	354906
1419.852	0.0	Arrow_Right_Spawn	6	354963
1420.108	0.0	Arrow_Down_Spawn	2	355027
1420.332	0.0	Listen_End	11	355083
1420.388	0.0	Arrow_Right_Spawn	6	355097
1420.544	0.0	Arrow_Right_HitZone	5	355136
1420.552	0.0	Right_Miss	13	355138
1420.78	0.0	Arrow_Down_HitZone	1	355195
1420.788	0.0	Down_Miss	9	355197
1421.06	0.0	Arrow_Right_HitZone	5	355265
1421.068	0.0	Right_Miss	13	355267
1421.224	0.0	Arrow_Down_Spawn	2	355306
1421.308	0.0	Arrow_Down_HitZone	1	355327
1421.316	0.0	Down_Miss	9	355329
1421.564	0.0	Arrow_Right_HitZone	5	355391
1421.572	0.0	Right_Miss	13	355393
1421.824	0.0	Arrow_Down_HitZone	1	355456
1421.828	0.0	Down_Miss	9	355457
1422.052	0.0	Arrow_Right_HitZone	5	355513
1422.06	0.0	Right_Miss	13	355515
1422.308	0.0	Arrow_Down_HitZone	1	355577
1422.316	0.0	Down_Miss	9	355579
1422.584	0.0	Arrow_Right_HitZone	5	355646
1422.592	0.0	Right_Miss	13	355648
1423.424	0.0	Arrow_Down_HitZone	1	355856
1423.432	0.0	Down_Miss	9	355858
1423.708	0.0	Listen_Start	12	355927
1426.376	0.0	Arrow_Right_Spawn	6	356594
1426.756	0.0	Arrow_Down_Spawn	2	356689
1427.292	0.0	Arrow_Right_Spawn	6	356823
1427.824	0.0	Arrow_Down_Spawn	2	356956
1428.312	0.0	Arrow_Right_Spawn	6	357078
1428.372	0.0	Listen_End	11	357093
1428.576	0.0	Arrow_Right_HitZone	5	357144
1428.58	0.0	Right_Miss	13	357145
1428.588	0.0	Arrow_Down_Spawn	2	357147
1428.832	0.0	Arrow_Right_Spawn	6	357208
1428.956	0.0	Arrow_Down_HitZone	1	357239
1428.964	0.0	Down_Miss	9	357241
1429.088	0.0	Arrow_Down_Spawn	2	357272
1429.344	0.0	Arrow_Right_Spawn	6	357336
1429.492	0.0	Arrow_Right_HitZone	5	357373
1429.496	0.0	Right_Miss	13	357374
1429.6	0.0	Arrow_Down_Spawn	2	357400
1429.832	0.0	Arrow_Right_Spawn	6	357458
1430.024	0.0	Arrow_Down_HitZone	1	357506
1430.032	0.0	Down_Miss	9	357508
1430.088	0.0	Arrow_Down_Spawn	2	357522
1430.512	0.0	Arrow_Right_HitZone	5	357628
1430.516	0.0	Right_Miss	13	357629
1430.788	0.0	Arrow_Down_HitZone	1	357697
1430.796	0.0	Down_Miss	9	357699
1431.032	0.0	Arrow_Right_HitZone	5	357758
1431.04	0.0	Right_Miss	13	357760
1431.288	0.0	Arrow_Down_HitZone	1	357822
1431.296	0.0	Down_Miss	9	357824
1431.544	0.0	Arrow_Right_HitZone	5	357886
1431.552	0.0	Right_Miss	13	357888
1431.8	0.0	Arrow_Down_HitZone	1	357950
1431.808	0.0	Down_Miss	9	357952
1432.032	0.0	Arrow_Right_HitZone	5	358008
1432.036	0.0	Right_Miss	13	358009
1432.288	0.0	Arrow_Down_HitZone	1	358072
1432.296	0.0	Down_Miss	9	358074
1432.524	0.0	Listen_Start	12	358131
1434.368	0.0	Arrow_Right_Spawn	6	358592
1434.564	0.0	Arrow_Down_Spawn	2	358641
1434.84	0.0	Arrow_Right_Spawn	6	358710
1435.048	0.0	Arrow_Down_Spawn	2	358762
1435.356	0.0	Arrow_Right_Spawn	6	358839
1436.324	0.0	Arrow_Down_Spawn	2	359081
1436.404	0.0	Listen_End	11	359101
1436.568	0.0	Arrow_Right_HitZone	5	359142
1436.576	0.0	Right_Miss	13	359144
1436.584	0.0	Arrow_Right_Spawn	6	359146
1436.764	0.0	Arrow_Down_HitZone	1	359191
1436.768	0.0	Down_Miss	9	359192
1436.84	0.0	Arrow_Down_Spawn	2	359210
1437.04	0.0	Arrow_Right_HitZone	5	359260
1437.048	0.0	Right_Miss	13	359262
1437.068	0.0	Arrow_Right_Spawn	6	359267
1437.248	0.0	Arrow_Down_HitZone	1	359312
1437.256	0.0	Down_Miss	9	359314
1437.34	0.0	Arrow_Down_Spawn	2	359335
1437.556	0.0	Arrow_Right_HitZone	5	359389
1437.56	0.0	Right_Miss	13	359390
1438.524	0.0	Arrow_Down_HitZone	1	359631
1438.532	0.0	Down_Miss	9	359633
1438.784	0.0	Arrow_Right_HitZone	5	359696
1438.788	0.0	Right_Miss	13	359697
1439.04	0.0	Arrow_Down_HitZone	1	359760
1439.044	0.0	Down_Miss	9	359761
1439.268	0.0	Arrow_Right_HitZone	5	359817
1439.276	0.0	Right_Miss	13	359819
1439.54	0.0	Arrow_Down_HitZone	1	359885
1439.544	0.0	Down_Miss	9	359886
1439.856	0.0	Listen_Start	12	359964
1442.316	0.0	Arrow_Right_Spawn	6	360579
1442.764	0.0	Arrow_Down_Spawn	2	360691
1443.368	0.0	Arrow_Right_Spawn	6	360842
1443.576	0.0	Arrow_Down_Spawn	2	360894
1443.836	0.0	Arrow_Right_Spawn	6	360959
1444.044	0.0	Arrow_Down_Spawn	2	361011
1444.232	0.0	Listen_End	11	361058
1444.32	0.0	Arrow_Right_Spawn	6	361080
1444.516	0.0	Arrow_Right_HitZone	5	361129
1444.52	0.0	Right_Miss	13	361130
1444.772	0.0	Arrow_Down_Spawn	2	361193
1444.964	0.0	Arrow_Down_HitZone	1	361241
1444.972	0.0	Down_Miss	9	361243
1445.284	0.0	Arrow_Right_Spawn	6	361321
1445.568	0.0	Arrow_Right_HitZone	5	361392
1445.576	0.0	Right_Miss	13	361394
1445.776	0.0	Arrow_Down_HitZone	1	361444
1445.784	0.0	Down_Miss	9	361446
1446.036	0.0	Arrow_Right_HitZone	5	361509
1446.04	0.0	Right_Miss	13	361510
1446.244	0.0	Arrow_Down_HitZone	1	361561
1446.248	0.0	Down_Miss	9	361562
1446.52	0.0	Arrow_Right_HitZone	5	361630
1446.528	0.0	Right_Miss	13	361632
1446.972	0.0	Arrow_Down_HitZone	1	361743
1446.976	0.0	Down_Miss	9	361744
1447.484	0.0	Arrow_Right_HitZone	5	361871
1447.492	0.0	Right_Miss	13	361873
1447.832	0.0	Listen_Start	12	361958
1450.38	0.0	Arrow_Down_Spawn	2	362595
1452.308	0.0	Listen_End	11	363077
1452.364	0.0	Arrow_Right_Spawn	6	363091
1452.58	0.0	Arrow_Down_Spawn	2	363145
1452.58	0.0	Arrow_Down_HitZone	1	363145
1452.584	0.0	Down_Miss	9	363146
1452.812	0.0	Arrow_Right_Spawn	6	363203
1453.044	0.0	Arrow_Down_Spawn	2	363261
1453.3	0.0	Arrow_Right_Spawn	6	363325
1453.808	0.0	Arrow_Down_Spawn	2	363452
1454.564	0.0	Arrow_Right_HitZone	5	363641
1454.568	0.0	Right_Miss	13	363642
1454.776	0.0	Arrow_Down_HitZone	1	363694
1454.784	0.0	Down_Miss	9	363696
1455.012	0.0	Arrow_Right_HitZone	5	363753
1455.02	0.0	Right_Miss	13	363755
1455.244	0.0	Arrow_Down_HitZone	1	363811
1455.248	0.0	Down_Miss	9	363812
1455.5	0.0	Arrow_Right_HitZone	5	363875
1455.508	0.0	Right_Miss	13	363877
1456.008	0.0	Arrow_Down_HitZone	1	364002
1456.012	0.0	Down_Miss	9	364003
1456.38	0.0	Listen_Start	12	364095
1458.344	0.0	Arrow_Right_Spawn	6	364586
1458.808	0.0	Arrow_Down_Spawn	2	364702
1459.308	0.0	Arrow_Right_Spawn	6	364827
1459.636	0.0	Arrow_Down_Spawn	2	364909
1460.268	0.0	Listen_End	11	365067
1460.544	0.0	Arrow_Right_HitZone	5	365136
1460.552	0.0	Right_Miss	13	365138
1461.008	0.0	Arrow_Down_HitZone	1	365252
1461.016	0.0	Down_Miss	9	365254
1461.292	0.0	Arrow_Right_Spawn	6	365323
1461.508	0.0	Arrow_Right_HitZone	5	365377
1461.516	0.0	Right_Miss	13	365379
1461.556	0.0	Arrow_Down_Spawn	2	365389
1461.78	0.0	Arrow_Right_Spawn	6	365445
1461.836	0.0	Arrow_Down_HitZone	1	365459
1461.844	0.0	Down_Miss	9	365461
1462.036	0.0	Arrow_Down_Spawn	2	365509
1463.492	0.0	Arrow_Right_HitZone	5	365873
1463.5	0.0	Right_Miss	13	365875
1463.756	0.0	Arrow_Down_HitZone	1	365939
1463.764	0.0	Down_Miss	9	365941
1463.98	0.0	Arrow_Right_HitZone	5	365995
1463.988	0.0	Right_Miss	13	365997
1464.236	0.0	Arrow_Down_HitZone	1	366059
1464.244	0.0	Down_Miss	9	366061
1467.236	0.0	Song_End	14	366809
