timestamp_sec	0	1
0.01456280000275001	80.0	100.0
0.029439899983117357	80.0	100.0
0.054307399987010285	80.0	100.0
0.07375039998441935	80.0	100.0
0.09510259999660775	80.0	100.0
0.11536679998971522	79.0	100.0
0.13490879998425953	79.0	100.0
0.1550295999913942	79.0	100.0
0.1748084999853745	79.0	100.0
0.19425059997593053	79.0	100.0
0.21611680000205524	79.0	100.0
0.23432590000447817	79.0	100.0
0.2545044999860693	79.0	100.0
0.27433769998606294	79.0	100.0
0.2945332999806851	79.0	100.0
0.3143555999849923	79.0	100.0
0.33426809997763485	79.0	100.0
0.3542519999900833	79.0	100.0
0.3744021999882534	79.0	100.0
0.3941116999776568	79.0	100.0
0.41473399999085814	79.0	100.0
0.43434539998997934	79.0	100.0
0.4546665999805555	79.0	100.0
0.4741419999918435	79.0	100.0
0.4946619999827817	79.0	100.0
0.5141462000028696	79.0	100.0
0.5348527999885846	79.0	100.0
0.5548350999888498	79.0	100.0
0.5720845999894664	79.0	100.0
0.5908083999820519	79.0	100.0
0.6151352000015322	79.0	100.0
0.6335694000008516	79.0	100.0
0.6544133999850601	79.0	100.0
0.6741675999946892	79.0	100.0
0.6945578999875579	79.0	100.0
0.7145611000014469	79.0	100.0
0.7349079999839887	79.0	100.0
0.7543073999986518	79.0	100.0
0.7746943999954965	79.0	100.0
0.79467519998434	79.0	100.0
0.8148421999940183	79.0	100.0
0.8344284999766387	79.0	100.0
0.8548998000042047	79.0	100.0
0.8747674000042025	79.0	100.0
0.894492799998261	79.0	100.0
0.9146519999776501	79.0	100.0
0.9344701999798417	79.0	100.0
0.9548874000029173	79.0	100.0
0.9748074999952223	79.0	100.0
0.9917567999800667	79.0	100.0
1.0157125999976415	79.0	100.0
1.0352106999780517	79.0	100.0
1.054946899996139	79.0	100.0
1.0745882999908645	79.0	100.0
1.0954755999846384	79.0	100.0
1.1154305999807548	78.0	100.0
1.1352035999880172	78.0	100.0
1.1556229999987409	78.0	100.0
1.175391500000842	78.0	100.0
1.1949677999946289	78.0	100.0
1.2160347999888472	78.0	100.0
1.234962299990002	78.0	100.0
1.2552842999866698	78.0	100.0
1.2750816000043415	78.0	100.0
1.294569899997441	78.0	100.0
1.3150026999937836	78.0	100.0
1.3350315999996383	78.0	100.0
1.3554988999967463	78.0	100.0
1.3749731999996584	78.0	100.0
1.394551399978809	78.0	100.0
1.415088999987347	78.0	100.0
1.434375499986345	78.0	100.0
1.454915299982531	78.0	100.0
1.4746639999793842	78.0	100.0
1.494626999978209	78.0	100.0
1.515472899976885	78.0	100.0
1.5345238999871071	78.0	100.0
1.5516179999976885	78.0	100.0
1.5713063000002876	78.0	100.0
1.5932952000002842	78.0	100.0
1.610740199976135	78.0	100.0
1.6307102999999188	78.0	100.0
1.6508461999765132	78.0	100.0
1.6710768999764696	78.0	100.0
1.6925802000041585	78.0	100.0
1.7140489000012167	78.0	100.0
1.7353720999963116	78.0	100.0
1.754210699989926	78.0	100.0
1.7743402999767568	78.0	100.0
1.7957046999945305	78.0	100.0
1.8164281999925151	78.0	100.0
1.8346280999830924	78.0	100.0
1.8551533999852836	78.0	100.0
1.8768925000040326	78.0	100.0
1.8965994000027422	78.0	100.0
1.9155393999826629	78.0	100.0
1.9363714999926742	78.0	100.0
1.9554552999907173	78.0	100.0
1.9752848999924026	78.0	100.0
1.9945573000004515	78.0	100.0
2.0158154999953695	78.0	100.0
2.0343515999848023	78.0	100.0
2.056000499986112	78.0	100.0
2.077482599997893	78.0	100.0
2.096010099980049	78.0	100.0
2.1164613000000827	76.0	100.0
2.135686399997212	76.0	100.0
2.155909499997506	76.0	100.0
2.1763993999920785	76.0	100.0
2.1950413000013214	76.0	100.0
2.215372499980731	76.0	100.0
2.236107299977448	76.0	100.0
2.254183999990346	76.0	100.0
2.270959199988283	76.0	100.0
2.29260349998367	76.0	100.0
2.310587799991481	76.0	100.0
2.3312636999762617	76.0	100.0
2.3514917999855243	76.0	100.0
2.3727352999849245	76.0	100.0
2.3933028999890666	76.0	100.0
2.415136399999028	76.0	100.0
2.4310734999889974	76.0	100.0
2.4510063999914564	76.0	100.0
2.470932099997299	76.0	100.0
2.49111139998422	76.0	100.0
2.5115197999984957	76.0	100.0
2.531701699976111	76.0	100.0
2.550993799988646	76.0	100.0
2.5718247999902815	76.0	100.0
2.5916155999875627	76.0	100.0
2.6134192000026815	76.0	100.0
2.633518599992385	76.0	100.0
2.6561404999811202	76.0	100.0
2.6749027999758255	76.0	100.0
2.696253300004173	76.0	100.0
2.7169453999958932	76.0	100.0
2.737761700002011	76.0	100.0
2.756546399992658	76.0	100.0
2.7789571000030264	76.0	100.0
2.7962504999886733	76.0	100.0
2.816736899985699	76.0	100.0
2.8359622999851126	76.0	100.0
2.8561357999860775	76.0	100.0
2.876421900000423	76.0	100.0
2.8966722000041045	76.0	100.0
2.9159550999756902	76.0	100.0
2.936547799996333	76.0	100.0
2.9552736000041477	76.0	100.0
2.975848000001861	76.0	100.0
2.9949511000013445	76.0	100.0
3.0165686999971513	76.0	100.0
3.03607179998653	76.0	100.0
3.055931899987627	76.0	100.0
3.0762516999966465	76.0	100.0
3.096961699979147	76.0	100.0
3.116225999983726	74.0	100.0
3.136200999986613	74.0	100.0
3.1559176000009757	74.0	100.0
3.175975699996343	74.0	100.0
3.1961616999760736	74.0	100.0
3.218238899979042	74.0	100.0
3.2351663000008557	74.0	100.0
3.2559120999940205	74.0	100.0
3.275767699989956	74.0	100.0
3.2950952999817673	74.0	100.0
3.3163433999870904	74.0	100.0
3.3360565999755636	74.0	100.0
3.3559156999981496	74.0	100.0
3.3761552999785636	74.0	100.0
3.3952529999951366	74.0	100.0
3.416431099991314	74.0	100.0
3.436212799977511	74.0	100.0
3.4556040999887045	74.0	100.0
3.472992700000759	74.0	100.0
3.494357299990952	74.0	100.0
3.5108958999917377	74.0	100.0
3.5309657999896444	74.0	100.0
3.5509630999877118	74.0	100.0
3.5779478999902494	74.0	100.0
3.597692299983464	74.0	100.0
3.620204399980139	74.0	100.0
3.6375445000012405	74.0	100.0
3.657112099986989	74.0	100.0
3.679039399983594	74.0	100.0
3.6996509000018705	74.0	100.0
3.720028799987631	74.0	100.0
3.739752399997087	74.0	100.0
3.7587698999850545	74.0	100.0
3.7790685999789275	74.0	100.0
3.799382199998945	74.0	100.0
3.8240478999796323	74.0	100.0
3.8395062999916263	74.0	100.0
3.860475800000131	74.0	100.0
3.8791361000039615	74.0	100.0
3.899359699978959	74.0	100.0
3.919968699978199	74.0	100.0
3.9398473000037484	74.0	100.0
3.9586906999757048	74.0	100.0
3.9789914999855682	74.0	100.0
3.998736099980306	74.0	100.0
4.019365099986317	74.0	100.0
4.039072399988072	74.0	100.0
4.059352799988119	74.0	100.0
4.078745499980869	74.0	100.0
4.100976699992316	74.0	100.0
4.12037109999801	72.0	100.0
4.141471699986141	72.0	100.0
4.160023499978706	72.0	100.0
4.180122499994468	72.0	100.0
4.199568099982571	72.0	100.0
4.220224499993492	72.0	100.0
4.235700099990936	72.0	100.0
4.260427599976538	72.0	100.0
4.279932599980384	72.0	100.0
4.299178199988091	72.0	100.0
4.318668199994136	72.0	100.0
4.341344399988884	72.0	100.0
4.357507799984887	72.0	100.0
4.3767859999788925	72.0	100.0
4.396993200003635	72.0	100.0
4.417176199989626	72.0	100.0
4.436945399997057	72.0	100.0
4.457241399999475	72.0	100.0
4.4788773999898694	72.0	100.0
4.499720199994044	72.0	100.0
4.519767099991441	72.0	100.0
4.540182600001572	72.0	100.0
4.55916399997659	72.0	100.0
4.580393599986564	72.0	100.0
4.599573699990287	72.0	100.0
4.62158159998944	72.0	100.0
4.642212299979292	72.0	100.0
4.65950690000318	72.0	100.0
4.679942399990978	72.0	100.0
4.699699399992824	72.0	100.0
4.719737999985227	72.0	100.0
4.739475899987156	72.0	100.0
4.759540600003675	72.0	100.0
4.780372599983821	72.0	100.0
4.800184099993203	72.0	100.0
4.82051859999774	72.0	100.0
4.839864799985662	72.0	100.0
4.8598391999839805	72.0	100.0
4.878584899997804	72.0	100.0
4.899875799979782	72.0	100.0
4.920150699996157	72.0	100.0
4.94008319999557	72.0	100.0
4.960729799990077	72.0	100.0
4.979436199995689	72.0	100.0
4.999937399988994	72.0	100.0
5.01986030000262	72.0	100.0
5.0392614000011235	72.0	100.0
5.0601272999774665	72.0	100.0
5.080216699978337	72.0	100.0
5.100737599976128	72.0	100.0
5.121064899984049	70.0	100.0
5.140053199982503	70.0	100.0
5.160619499976747	70.0	100.0
5.180690399982268	70.0	100.0
5.200016699993284	70.0	100.0
5.2207262000010815	70.0	100.0
5.240244599990547	70.0	100.0
5.260095099976752	70.0	100.0
5.280479499982903	70.0	100.0
5.300869899976533	70.0	100.0
5.320161999989068	70.0	100.0
5.3402470999863	70.0	100.0
5.360932199982926	70.0	100.0
5.38033909999649	70.0	100.0
5.400144699990051	70.0	100.0
5.421331099991221	70.0	100.0
5.439177899999777	70.0	100.0
5.459426299988991	70.0	100.0
5.4797575999982655	70.0	100.0
5.49951919997693	70.0	100.0
5.519476099987514	70.0	100.0
5.539535399992019	70.0	100.0
5.55994350000401	70.0	100.0
5.579479999985779	70.0	100.0
5.5990748000040185	70.0	100.0
5.62117919998127	70.0	100.0
5.639810900000157	70.0	100.0
5.660040599992499	70.0	100.0
5.679459899984067	70.0	100.0
5.700119499990251	70.0	100.0
5.720351199997822	70.0	100.0
5.73962219999521	70.0	100.0
5.759349799976917	70.0	100.0
5.7799630999797955	70.0	100.0
5.799619900004473	70.0	100.0
5.819743100000778	70.0	100.0
5.839572299999418	70.0	100.0
5.860078500001691	70.0	100.0
5.882662599993637	70.0	100.0
5.899392399995122	70.0	100.0
5.922856899996987	70.0	100.0
5.938308699987829	70.0	100.0
5.96050980000291	70.0	100.0
5.98065049998695	70.0	100.0
6.000761000002967	70.0	100.0
6.0215546999825165	70.0	100.0
6.039687399985269	70.0	100.0
6.060639200004516	70.0	100.0
6.081737100001192	70.0	100.0
6.101634199992986	70.0	100.0
6.121740899980068	68.0	100.0
6.141451299976325	68.0	100.0
6.160154599987436	68.0	100.0
6.180435699992813	68.0	100.0
6.200868499989156	68.0	100.0
6.2261828999908175	68.0	100.0
6.240065599995432	68.0	100.0
6.2657581999956165	68.0	100.0
6.280104099976597	68.0	100.0
6.297975099994801	68.0	100.0
6.32061719999183	68.0	100.0
6.339910299982876	68.0	100.0
6.360642499988899	68.0	100.0
6.3818411999964155	68.0	100.0
6.401174300001003	68.0	100.0
6.422126399993431	68.0	100.0
6.440485200000694	68.0	100.0
6.4616438999946695	68.0	100.0
6.481262099987362	68.0	100.0
6.501652099977946	68.0	100.0
6.52145119998022	68.0	100.0
6.541601799981436	68.0	100.0
6.561469899985241	68.0	100.0
6.5816336999996565	68.0	100.0
6.601306800002931	68.0	100.0
6.622159899998223	68.0	100.0
6.6403828999900725	68.0	100.0
6.662291299988283	68.0	100.0
6.681355799984885	68.0	100.0
6.701552599988645	68.0	100.0
6.7210894000018016	68.0	100.0
6.741320699977223	68.0	100.0
6.761677899979986	68.0	100.0
6.781600899994373	68.0	100.0
6.80093769999803	68.0	100.0
6.822232799982885	68.0	100.0
6.8413739999814425	68.0	100.0
6.862022499990417	68.0	100.0
6.880716999992728	68.0	100.0
6.901995899999747	68.0	100.0
6.921940100000938	68.0	100.0
6.941707599995425	68.0	100.0
6.961347299977206	68.0	100.0
6.9815436999779195	68.0	100.0
7.000896599987755	68.0	100.0
7.021513899991987	68.0	100.0
7.040214299981017	68.0	100.0
7.060659099981422	68.0	100.0
7.0872137999976985	68.0	100.0
7.102056799980346	68.0	100.0
7.12295289998292	67.0	100.0
7.141905199998291	67.0	100.0
7.161684299993794	67.0	100.0
7.181692299986025	67.0	100.0
7.201774999994086	67.0	100.0
7.221891299996059	67.0	100.0
7.242246799985878	67.0	100.0
7.261981499992544	67.0	100.0
7.281804500002181	67.0	100.0
7.301990099978866	67.0	100.0
7.321988299983786	67.0	100.0
7.341833699989365	67.0	100.0
7.361481200001435	67.0	100.0
7.381796999979997	67.0	100.0
7.400438399985433	67.0	100.0
7.421293399995193	67.0	100.0
7.441681900003459	67.0	100.0
7.461542699980782	67.0	100.0
7.481391799985431	67.0	100.0
7.501405899995007	67.0	100.0
7.521554599981755	67.0	100.0
7.54196899998351	67.0	100.0
7.561809099977836	67.0	100.0
7.582454099989263	67.0	100.0
7.602302499988582	67.0	100.0
7.623231699981261	67.0	100.0
7.643705700000282	67.0	100.0
7.663486599980388	67.0	100.0
7.682367300003534	67.0	100.0
7.703909000003478	67.0	100.0
7.723245000001043	67.0	100.0
7.741875699983211	67.0	100.0
7.7616708999848925	67.0	100.0
7.782757999986643	67.0	100.0
7.806101599999238	67.0	100.0
7.823424000001978	67.0	100.0
7.841968299995642	67.0	100.0
7.861954199994216	67.0	100.0
7.88267160000396	67.0	100.0
7.903338100004476	67.0	100.0
7.921839099988574	67.0	100.0
7.942859200004023	67.0	100.0
7.962174599990249	67.0	100.0
7.982782099978067	67.0	100.0
8.00216589999036	67.0	100.0
8.022957199980738	67.0	100.0
8.221008299995447	67.0	100.0
8.221059000003152	67.0	100.0
8.221083899989026	67.0	100.0
8.22110349999275	67.0	100.0
8.221122499991907	67.0	100.0
8.221441499976208	67.0	100.0
8.221475300000748	67.0	100.0
8.221496599988313	67.0	100.0
8.221517199999653	67.0	100.0
8.223085299978266	67.0	100.0
8.243117799982429	67.0	100.0
8.262912599981064	67.0	100.0
8.282108199986396	67.0	100.0
8.303307099995436	67.0	100.0
8.323046899982728	67.0	100.0
8.34364929998992	67.0	100.0
8.363410099991597	67.0	100.0
8.428145499987295	67.0	100.0
8.428173699998297	67.0	100.0
8.428186899982393	67.0	100.0
8.443117999995593	67.0	100.0
8.562048699997831	67.0	100.0
8.562097199988784	67.0	100.0
8.56212289998075	67.0	100.0
8.56214729999192	67.0	100.0
8.562171099998523	67.0	100.0
8.563147799985018	67.0	100.0
8.583121000003302	67.0	100.0
8.602587200002745	67.0	100.0
8.622185299987905	67.0	100.0
8.643554999987828	67.0	100.0
8.695652900001733	67.0	100.0
8.695736900001066	67.0	100.0
8.703354600002058	67.0	100.0
8.723842299979879	67.0	100.0
8.744359799980884	67.0	100.0
8.778148199984571	67.0	100.0
8.783203600003617	67.0	100.0
8.802408199990168	67.0	100.0
8.824176900001476	67.0	100.0
8.842716699989978	67.0	100.0
8.881542599992827	67.0	100.0
8.884409499994945	67.0	100.0
8.90396850000252	67.0	100.0
8.922733899991727	67.0	100.0
8.943305099994177	67.0	100.0
8.982428699993761	67.0	100.0
8.983599300001515	67.0	100.0
9.003246599982958	67.0	100.0
9.02476800000295	67.0	100.0
9.04312519999803	67.0	100.0
9.085750800004462	67.0	100.0
9.085780299996259	67.0	100.0
9.104137999995146	67.0	100.0
9.124369700002717	68.0	100.0
9.144029199989745	68.0	100.0
9.164019299991196	68.0	100.0
9.207288099976722	68.0	100.0
9.207336199993733	68.0	100.0
9.225459799985401	68.0	100.0
9.247776000003796	68.0	100.0
9.265465399977984	68.0	100.0
9.292062599997735	68.0	100.0
9.304429899988463	68.0	100.0
9.32396969999536	68.0	100.0
9.344071100000292	68.0	100.0
9.364343900000677	68.0	100.0
9.392551199998707	68.0	100.0
9.403440599999158	68.0	100.0
9.42411729999003	68.0	100.0
9.442546099977335	68.0	100.0
9.464949199988041	68.0	100.0
9.494388599996455	68.0	100.0
9.503858299984131	68.0	100.0
9.535828799998853	68.0	100.0
9.543980299989926	68.0	100.0
9.563475499977358	68.0	100.0
9.597016099985922	68.0	100.0
9.603325599979144	68.0	100.0
9.624291199987056	68.0	100.0
9.643780999991577	68.0	100.0
9.662255100003676	68.0	100.0
9.71926220000023	68.0	100.0
9.719293699978152	68.0	100.0
9.723517299978994	68.0	100.0
9.743674199999077	68.0	100.0
9.76391139999032	68.0	100.0
9.8023022999987	68.0	100.0
9.804422799992608	68.0	100.0
9.82290619998821	68.0	100.0
9.843264700000873	68.0	100.0
9.863747900002636	68.0	100.0
9.904324799979804	68.0	100.0
9.904372099990724	68.0	100.0
9.924238099978538	68.0	100.0
9.943768999975873	68.0	100.0
9.964022300002398	68.0	100.0
9.984090799989644	68.0	100.0
10.018065499985823	68.0	100.0
10.023923500004457	68.0	100.0
10.044129099987913	68.0	100.0
10.063944800000172	68.0	100.0
10.084341299982043	68.0	100.0
10.105717899976298	68.0	100.0
10.124590399995213	69.0	100.0
10.144107000000076	69.0	100.0
10.163868199975695	69.0	100.0
10.183602199977031	69.0	100.0
10.203765199985355	69.0	100.0
10.264153399999486	69.0	100.0
10.264180199999828	69.0	100.0
10.264193499984685	69.0	100.0
10.286066899978323	69.0	100.0
10.405534599995008	69.0	100.0
10.40556579999975	69.0	100.0
10.405579199985368	69.0	100.0
10.405592199997045	69.0	100.0
10.405604200001108	69.0	100.0
10.405801799992332	69.0	100.0
10.424271299998509	69.0	100.0
10.44415329999174	69.0	100.0
10.46387279999908	69.0	100.0
10.484970599994995	69.0	100.0
10.530643999984022	69.0	100.0
10.53067349997582	69.0	100.0
10.54351950000273	69.0	100.0
10.56364759997814	69.0	100.0
10.584307399985846	69.0	100.0
10.60586670000339	69.0	100.0
10.624476900004083	69.0	100.0
10.643995599995833	69.0	100.0
10.664399200002663	69.0	100.0
10.68388659998891	69.0	100.0
10.706239299994195	69.0	100.0
10.725707499979762	69.0	100.0
10.744573199976003	69.0	100.0
10.764430599985644	69.0	100.0
10.785268199979328	69.0	100.0
10.803939499979606	69.0	100.0
10.824529599980451	69.0	100.0
10.880312299996149	69.0	100.0
10.880346299993107	69.0	100.0
10.884313999995356	69.0	100.0
10.903693400003249	69.0	100.0
11.018559099989943	69.0	100.0
11.018587300000945	69.0	100.0
11.018600799987325	69.0	100.0
11.01861599998665	69.0	100.0
11.01864029999706	69.0	100.0
11.024504499975592	69.0	100.0
11.044331099983538	69.0	100.0
11.064228799979901	69.0	100.0
11.084247199993115	69.0	100.0
11.10593130000052	69.0	100.0
11.294216699985554	71.0	100.0
11.294244599994272	71.0	100.0
11.29425789997913	71.0	100.0
11.294270299986238	71.0	100.0
11.294282399991062	71.0	100.0
11.29429479999817	71.0	100.0
11.294868700002553	71.0	100.0
11.294897999992827	71.0	100.0
11.294911799981492	71.0	100.0
11.304197299992666	71.0	100.0
11.324725599988597	71.0	100.0
11.34545199997956	71.0	100.0
11.365180699998746	71.0	100.0
11.384907400002703	71.0	100.0
11.404274000000441	71.0	100.0
11.42476529997657	71.0	100.0
11.443942599988077	71.0	100.0
11.501815399999032	71.0	100.0
11.501863099983893	71.0	100.0
11.504559900000459	71.0	100.0
11.634135599975707	71.0	100.0
11.634168399992632	71.0	100.0
11.634182199981296	71.0	100.0
11.63419499999145	71.0	100.0
11.634207600000082	71.0	100.0
11.634219600004144	71.0	100.0
11.63965559998178	71.0	100.0
11.660301099997014	71.0	100.0
11.705588499986334	71.0	100.0
11.70561489998363	71.0	100.0
11.722044499998447	71.0	100.0
11.865290699992329	71.0	100.0
11.865320599987172	71.0	100.0
11.86533369999961	71.0	100.0
11.865346199978376	71.0	100.0
11.86535899998853	71.0	100.0
11.865371099993354	71.0	100.0
11.865383199998178	71.0	100.0
11.884290799993323	71.0	100.0
11.904686299996683	71.0	100.0
12.017626299988478	71.0	100.0
12.017654099996435	71.0	100.0
12.017670100001851	71.0	100.0
12.01768279998214	71.0	100.0
12.01769529999001	71.0	100.0
12.02137049997691	71.0	100.0
12.169719400000758	71.0	100.0
12.169746799976565	71.0	100.0
12.169763199985027	71.0	100.0
12.169775999995181	71.0	100.0
12.169788100000005	72.0	100.0
12.169802999997046	72.0	100.0
12.16981609998038	72.0	100.0
12.184454599977471	72.0	100.0
12.202940199989825	72.0	100.0
12.225950899999589	72.0	100.0
12.326227199984714	72.0	100.0
12.326275300001726	72.0	100.0
12.326301099994453	72.0	100.0
12.326325999980327	72.0	100.0
12.326349399983883	72.0	100.0
12.373925399995642	72.0	100.0
12.373953000002075	72.0	100.0
12.476413900003536	72.0	100.0
12.476445399981458	72.0	100.0
12.476459199999226	72.0	100.0
12.476471899979515	72.0	100.0
12.476483999984339	72.0	100.0
12.482315300003393	72.0	100.0
12.502824499999406	72.0	100.0
12.522615299996687	72.0	100.0
12.63231590000214	72.0	100.0
12.632343199977186	72.0	100.0
12.632356899994193	72.0	100.0
12.63236920000054	72.0	100.0
12.63238129997626	72.0	100.0
12.644274499994935	72.0	100.0
12.663285399990855	72.0	100.0
12.94179919999442	72.0	100.0
12.94184879999375	72.0	100.0
12.941875099990284	72.0	100.0
12.941899299999932	72.0	100.0
12.941923699981999	72.0	100.0
12.941947599989362	72.0	100.0
12.941971599997487	72.0	100.0
12.94202079999377	72.0	100.0
12.942078399995808	72.0	100.0
12.942120599996997	72.0	100.0
12.942157399986172	72.0	100.0
12.942193599999882	72.0	100.0
12.942229299980681	72.0	100.0
12.94802909999271	72.0	100.0
13.135257999994792	72.0	100.0
13.135286999982782	72.0	100.0
13.135300199995982	72.0	100.0
13.135320899978979	72.0	100.0
13.135334599995986	72.0	100.0
13.135351299977629	72.0	100.0
13.135368499992182	72.0	100.0
13.135386399982963	72.0	100.0
13.135403399995994	73.0	100.0
13.14586709998548	73.0	100.0
13.196720199979609	73.0	100.0
13.196747899986804	73.0	100.0
13.205257199995685	73.0	100.0
13.22599629999604	73.0	100.0
13.245547799975611	73.0	100.0
13.398766199999955	73.0	100.0
13.398793400003342	73.0	100.0
13.39880679998896	73.0	100.0
13.39881929999683	73.0	100.0
13.398831700003939	73.0	100.0
13.399670799990417	73.0	100.0
13.399695500003872	73.0	100.0
13.405771099991398	73.0	100.0
13.425913899991428	73.0	100.0
13.445990399981383	73.0	100.0
13.597171999979764	73.0	100.0
13.597198899980867	73.0	100.0
13.597211999993306	73.0	100.0
13.597224400000414	73.0	100.0
13.59723689997918	73.0	100.0
13.597249299986288	73.0	100.0
13.597261699993396	73.0	100.0
13.603986599977361	73.0	100.0
13.625583599990932	73.0	100.0
13.645048899983522	73.0	100.0
13.79046289998223	73.0	100.0
13.790493699983926	73.0	100.0
13.790507300000172	73.0	100.0
13.7905198999797	73.0	100.0
13.790532199986046	73.0	100.0
13.790544199990109	73.0	100.0
13.790555999992648	73.0	100.0
13.8057845000003	73.0	100.0
13.847520399984205	73.0	100.0
13.848800299980212	73.0	100.0
13.863670099992305	73.0	100.0
14.00459649998811	73.0	100.0
14.004625999979908	73.0	100.0
14.004639499995392	73.0	100.0
14.0046519000025	73.0	100.0
14.004664499982027	73.0	100.0
14.004676599986851	73.0	100.0
14.00468829998863	73.0	100.0
14.024547899985919	73.0	100.0
14.044495699985418	73.0	100.0
14.064537199999904	73.0	100.0
14.246183199982625	73.0	100.0
14.24621089998982	73.0	100.0
14.246224499976961	75.0	100.0
14.246237399987876	75.0	100.0
14.246249399991939	75.0	100.0
14.246261199994478	75.0	100.0
14.24627319999854	75.0	100.0
14.246285400004126	75.0	100.0
14.246298299985938	75.0	100.0
14.264493299997412	75.0	100.0
14.283644699986326	75.0	100.0
14.305150100000901	75.0	100.0
14.3248872999975	75.0	100.0
14.344135799998185	75.0	100.0
14.364614599995548	75.0	100.0
14.515749499987578	75.0	100.0
14.515780799993081	75.0	100.0
14.515794799983269	75.0	100.0
14.515807599993423	75.0	100.0
14.515819599997485	75.0	100.0
14.515831600001547	75.0	100.0
14.515843499975745	75.0	100.0
14.524854599992977	75.0	100.0
14.544738700002199	75.0	100.0
14.56378109997604	75.0	100.0
14.721379599999636	75.0	100.0
14.721420899993973	75.0	100.0
14.721435699990252	75.0	100.0
14.721448399999645	75.0	100.0
14.721460799977649	75.0	100.0
14.721473199984757	75.0	100.0
14.721488799987128	75.0	100.0
14.725363299978198	75.0	100.0
14.74516799999401	75.0	100.0
14.764941100002034	75.0	100.0
14.78479909998714	75.0	100.0
14.924418799986597	75.0	100.0
14.924448999983724	75.0	100.0
14.924462700000731	75.0	100.0
14.924475999985589	75.0	100.0
14.924488199991174	75.0	100.0
14.924500099994475	75.0	100.0
14.926001899992116	75.0	100.0
14.944642999995267	75.0	100.0
14.964433299988741	75.0	100.0
14.984872400003951	75.0	100.0
15.12951339999563	75.0	100.0
15.129541499976767	75.0	100.0
15.129559399996651	75.0	100.0
15.129576399980579	75.0	100.0
15.129591699980665	75.0	100.0
15.129603999987012	75.0	100.0
15.129615899990313	76.0	100.0
15.145590300002368	76.0	100.0
15.165925799985416	76.0	100.0
15.185213699995074	76.0	100.0
15.33420329997898	76.0	100.0
15.334231599990744	76.0	100.0
15.334245399979409	76.0	100.0
15.33425799998804	76.0	100.0
15.334270099992864	76.0	100.0
15.334281999996165	76.0	100.0
15.334294100000989	76.0	100.0
15.345317400002386	76.0	100.0
15.365289799985476	76.0	100.0
15.385836599976756	76.0	100.0
15.53867729997728	76.0	100.0
15.538705899991328	76.0	100.0
15.538718900003005	76.0	100.0
15.538731499982532	76.0	100.0
15.538743799988879	76.0	100.0
15.538761899981182	76.0	100.0
15.538778899994213	76.0	100.0
15.544960600003833	76.0	100.0
15.565791599976365	76.0	100.0
15.585278999991715	76.0	100.0
15.605095799983246	76.0	100.0
15.792594999977155	76.0	100.0
15.79262279998511	76.0	100.0
15.792636300000595	76.0	100.0
15.792648999980884	76.0	100.0
15.79266129998723	76.0	100.0
15.792673399992054	76.0	100.0
15.792686899978435	76.0	100.0
15.792703799990704	76.0	100.0
15.792734399990877	76.0	100.0
15.805277799983742	76.0	100.0
15.826028099982068	76.0	100.0
15.845304699992994	76.0	100.0
15.865474399994127	76.0	100.0
15.885310399986338	76.0	100.0
15.905704399978276	76.0	100.0
16.051531000004616	76.0	100.0
16.05158189998474	76.0	100.0
16.051597199984826	76.0	100.0
16.051610399998026	76.0	100.0
16.05162279997603	76.0	100.0
16.051636199990753	76.0	100.0
16.05166559998179	76.0	100.0
16.06519679998746	76.0	100.0
16.083856099983677	76.0	100.0
16.106021299987333	76.0	100.0
16.255208399990806	78.0	100.0
16.255256699980237	78.0	100.0
16.255282800004352	78.0	100.0
16.255307599989465	78.0	100.0
16.255331499996828	78.0	100.0
16.255360099981772	78.0	100.0
16.255388599995058	78.0	100.0
16.26567989998148	78.0	100.0
16.284714899986284	78.0	100.0
16.386184999981197	78.0	100.0
16.38623489998281	78.0	100.0
16.38626149998163	78.0	100.0
16.386286199995084	78.0	100.0
16.386310399975628	78.0	100.0
16.4054627000005	78.0	100.0
16.425899499998195	78.0	100.0
16.518448199989507	78.0	100.0
16.518494499992812	78.0	100.0
16.518518500000937	78.0	100.0
16.518540599994594	78.0	100.0
16.526022899983218	78.0	100.0
16.54589149999083	78.0	100.0
16.565473599999677	78.0	100.0
16.58653149998281	78.0	100.0
16.603385499998694	78.0	100.0
16.623294999997597	78.0	100.0
16.641815299983136	78.0	100.0
16.66432789998362	78.0	100.0
16.68472639998072	78.0	100.0
16.706706800003303	78.0	100.0
16.725828900001943	78.0	100.0
16.746827900002245	78.0	100.0
16.76414549999754	78.0	100.0
16.785447100002784	78.0	100.0
16.804232399998	78.0	100.0
16.824359099991852	78.0	100.0
16.844485699984943	78.0	100.0
16.864716099982616	78.0	100.0
16.882804599998053	78.0	100.0
16.903684399992926	78.0	100.0
16.923092799988808	78.0	100.0
16.942694999976084	78.0	100.0
16.96355849999236	78.0	100.0
16.984232399991015	78.0	100.0
17.004990499990527	78.0	100.0
17.025231999985408	78.0	100.0
17.044915599981323	78.0	100.0
17.065818000002764	78.0	100.0
17.084987699985504	78.0	100.0
17.106996899994556	78.0	100.0
17.12574119999772	81.0	100.0
17.145850599976256	81.0	100.0
17.165173499990487	81.0	100.0
17.185269499983406	81.0	100.0
17.203331400000025	81.0	100.0
17.224666299996898	81.0	100.0
17.242884699982824	81.0	100.0
17.262129699985962	81.0	100.0
17.281511399982264	81.0	100.0
17.302026099991053	81.0	100.0
17.32216270000208	81.0	100.0
17.3416048999934	81.0	100.0
17.360845399991376	81.0	100.0
17.379542099981336	81.0	100.0
17.40020370000275	81.0	100.0
17.422352900000988	81.0	100.0
17.442672899982426	81.0	100.0
17.46365119999973	81.0	100.0
17.484354599990183	81.0	100.0
17.505333899986	81.0	100.0
17.5250935999793	81.0	100.0
17.54585799999768	81.0	100.0
17.564762800000608	81.0	100.0
17.584348299977137	81.0	100.0
17.60236150000128	81.0	100.0
17.621816200000467	81.0	100.0
17.6418378999806	81.0	100.0
17.66298100000131	81.0	100.0
17.683084299991606	81.0	100.0
17.70482240000274	81.0	100.0
17.725450400001137	81.0	100.0
17.74525999999605	81.0	100.0
17.765545399975963	81.0	100.0
17.786001400003443	81.0	100.0
17.80568379999022	81.0	100.0
17.825730799988378	81.0	100.0
17.845027899980778	81.0	100.0
17.86530710000079	81.0	100.0
17.886146499979077	81.0	100.0
17.906084899994312	81.0	100.0
17.925508199987235	81.0	100.0
17.945658599986928	81.0	100.0
17.96916379997856	81.0	100.0
17.987131000001682	81.0	100.0
18.005740299995523	81.0	100.0
18.15548889999627	81.0	100.0
18.155540599982487	81.0	100.0
18.155566599976737	81.0	100.0
18.155590799986385	81.0	100.0
18.155619700002717	81.0	100.0
18.155653800000437	82.0	100.0
18.155678299983265	82.0	100.0
18.170344999991357	82.0	100.0
18.18558639998082	82.0	100.0
18.205965899978764	82.0	100.0
18.22786799998721	82.0	100.0
18.245780600002035	82.0	100.0
18.26577840000391	82.0	100.0
18.286069900001166	82.0	100.0
18.30727679998381	82.0	100.0
18.326145899976837	82.0	100.0
18.346545899985358	82.0	100.0
18.36614189998363	82.0	100.0
18.38693759997841	82.0	100.0
18.40545849999762	82.0	100.0
18.425751299975673	82.0	100.0
18.446610699989833	82.0	100.0
18.46596000000136	82.0	100.0
18.485832899983507	82.0	100.0
18.505865099985385	82.0	100.0
18.526500699983444	82.0	100.0
18.547178099979647	82.0	100.0
18.566220799984876	82.0	100.0
18.586233199981507	82.0	100.0
18.60568449998391	82.0	100.0
18.626754199998686	82.0	100.0
18.645759399980307	82.0	100.0
18.665702600002987	82.0	100.0
18.685766199982027	82.0	100.0
18.705651399999624	82.0	100.0
18.725874399999157	82.0	100.0
18.745476899988716	82.0	100.0
18.766764400003012	82.0	100.0
18.78572849999182	82.0	100.0
18.805899099999806	82.0	100.0
18.82680349997827	82.0	100.0
18.84617549998802	82.0	100.0
18.866183499980252	82.0	100.0
18.887103699991712	82.0	100.0
18.905241300002672	82.0	100.0
18.925907500000903	82.0	100.0
18.945356199983507	82.0	100.0
18.965578899980756	82.0	100.0
18.985947599983774	82.0	100.0
19.005244300002232	82.0	100.0
19.025665900000604	82.0	100.0
19.04583509999793	82.0	100.0
19.06547229998978	82.0	100.0
19.08526379999239	82.0	100.0
19.106946499989135	82.0	100.0
19.12693929998204	83.0	100.0
19.146126799983904	83.0	100.0
19.164324099983787	83.0	100.0
19.185800199978985	83.0	100.0
19.20572609998635	83.0	100.0
19.2264113999845	83.0	100.0
19.24519399998826	83.0	100.0
19.26563919999171	83.0	100.0
19.286592599994037	83.0	100.0
19.30657019998762	83.0	100.0
19.326688999979524	83.0	100.0
19.346289899986004	83.0	100.0
19.365134799998486	83.0	100.0
19.385761699988507	83.0	100.0
19.40560229998664	83.0	100.0
19.42636899999343	83.0	100.0
19.4454992999963	83.0	100.0
19.465892199979862	83.0	100.0
19.485517099994468	83.0	100.0
19.505891099979635	83.0	100.0
19.5260112999822	83.0	100.0
19.54617389998748	83.0	100.0
19.566456200001994	83.0	100.0
19.58721629998763	83.0	100.0
19.60516439998173	83.0	100.0
19.624475499993423	83.0	100.0
19.644235999992816	83.0	100.0
19.665847600001143	83.0	100.0
19.685692600003676	83.0	100.0
19.706024899991462	83.0	100.0
19.726647499977844	83.0	100.0
19.746647199994186	83.0	100.0
19.766585599980317	83.0	100.0
19.78604749997612	83.0	100.0
19.808078000001842	83.0	100.0
19.826612799981376	83.0	100.0
19.847204399993643	83.0	100.0
19.866900399996666	83.0	100.0
19.88672479998786	83.0	100.0
19.90536569998949	83.0	100.0
19.924114099994767	83.0	100.0
19.945551499986323	83.0	100.0
19.96354060000158	83.0	100.0
19.98600649999571	83.0	100.0
20.003889099985827	83.0	100.0
20.025805999990553	83.0	100.0
20.04552379998495	83.0	100.0
20.06568229998811	83.0	100.0
20.085764599993126	83.0	100.0
20.10694099997636	83.0	100.0
20.12714289998985	84.0	100.0
20.146768299979158	84.0	100.0
20.166879299998982	84.0	100.0
20.186716700001853	84.0	100.0
20.20596689998638	84.0	100.0
20.22641780000413	84.0	100.0
20.24588429997675	84.0	100.0
20.265890799986664	84.0	100.0
20.285838499985402	84.0	100.0
20.30645619999268	84.0	100.0
20.32626539998455	84.0	100.0
20.346724299975904	84.0	100.0
20.365220199979376	84.0	100.0
20.386363800003892	84.0	100.0
20.405440100003034	84.0	100.0
20.42655079998076	84.0	100.0
20.445467699988512	84.0	100.0
20.46620389999589	84.0	100.0
20.486042399978032	84.0	100.0
20.50600100000156	84.0	100.0
20.526172299985774	84.0	100.0
20.54645100000198	84.0	100.0
20.565697599988198	84.0	100.0
20.586122499982594	84.0	100.0
20.606398599979002	84.0	100.0
20.62724089997937	84.0	100.0
20.645940599992173	84.0	100.0
20.665757399983704	84.0	100.0
20.685938799986616	84.0	100.0
20.706039899989264	84.0	100.0
20.727031999995233	84.0	100.0
20.746241799992276	84.0	100.0
20.766143399989232	84.0	100.0
20.786166499980027	84.0	100.0
20.805819000001065	84.0	100.0
20.827152299985755	84.0	100.0
20.85272939997958	84.0	100.0
20.865695299988147	84.0	100.0
20.888026999979047	84.0	100.0
20.906406800000696	84.0	100.0
20.926975899987156	84.0	100.0
20.94685519998893	84.0	100.0
20.966857199993683	84.0	100.0
20.986882199998945	84.0	100.0
21.00616409999202	84.0	100.0
21.0266677000036	84.0	100.0
21.045881300000474	84.0	100.0
21.066291099996306	84.0	100.0
21.089713599998504	84.0	100.0
21.1071633999818	84.0	100.0
21.127240100002382	84.0	100.0
21.147087299992563	84.0	100.0
21.166792199976044	84.0	100.0
21.186596099985763	84.0	100.0
21.206192799989367	84.0	100.0
21.227729599981103	84.0	100.0
21.24579580000136	84.0	100.0
21.266447499976493	84.0	100.0
21.28563529998064	84.0	100.0
21.306029600003967	84.0	100.0
21.32682059999206	84.0	100.0
21.345629499992356	84.0	100.0
21.365572299982887	84.0	100.0
21.38609539999743	84.0	100.0
21.40554529998917	84.0	100.0
21.42664029999287	84.0	100.0
21.446377399988705	84.0	100.0
21.465844999998808	84.0	100.0
21.48608079997939	84.0	100.0
21.50589050000417	84.0	100.0
21.526012099988293	84.0	100.0
21.545943699980853	84.0	100.0
21.56594909998239	84.0	100.0
21.585448500001803	84.0	100.0
21.60631539998576	84.0	100.0
21.627349299989874	84.0	100.0
21.646593799989205	84.0	100.0
21.665801800001645	84.0	100.0
21.68565079997643	84.0	100.0
21.705606399977114	84.0	100.0
21.72564849999617	84.0	100.0
21.74761699998635	84.0	100.0
21.766821500001242	84.0	100.0
21.785640499991132	84.0	100.0
21.806608699989738	84.0	100.0
21.82693089998793	84.0	100.0
21.846348399994895	84.0	100.0
21.86574589999509	84.0	100.0
21.88710209997953	84.0	100.0
21.90569250000408	84.0	100.0
21.927110899996478	84.0	100.0
21.946524099999806	84.0	100.0
21.96588360000169	84.0	100.0
21.986031499982346	84.0	100.0
22.005332100001397	84.0	100.0
22.02683459999389	84.0	100.0
22.045608099986566	84.0	100.0
22.06689469999401	84.0	100.0
22.085712300002342	84.0	100.0
22.10704419997637	84.0	100.0
22.127341199986404	0.0	100.0
22.147067499987315	0.0	100.0
22.165855899977032	0.0	100.0
22.186812699976144	0.0	100.0
22.206556699995417	0.0	100.0
22.226996499986853	0.0	100.0
22.246507100004237	0.0	100.0
22.266979899985017	0.0	100.0
22.285808899992844	0.0	100.0
22.307799000001978	0.0	100.0
22.326829500001622	0.0	100.0
22.34674399998039	0.0	100.0
22.3657481999835	0.0	100.0
22.38664599999902	0.0	100.0
22.40621879999526	0.0	100.0
22.425631099991733	0.0	100.0
22.447040899976855	0.0	100.0
22.466698799980804	0.0	100.0
22.486297499999637	0.0	100.0
22.50592399999732	0.0	100.0
22.5273527999816	0.0	100.0
22.546823599986965	0.0	100.0
22.566839499981143	0.0	100.0
22.587171799998032	0.0	100.0
22.60685929999454	0.0	100.0
22.62709269998595	0.0	100.0
22.646837799984496	0.0	100.0
22.666926899983082	0.0	100.0
22.68708879998303	0.0	100.0
22.707129399990663	0.0	100.0
22.726501500001177	0.0	100.0
22.74611979999463	0.0	100.0
22.766445199988084	0.0	100.0
22.786820799985435	0.0	100.0
22.805612700001802	0.0	100.0
22.827703699993435	0.0	100.0
22.846944499993697	0.0	100.0
22.867042500001844	0.0	100.0
22.886392399988836	0.0	100.0
22.906627699994715	0.0	100.0
22.927333799976623	0.0	100.0
22.946520900004543	0.0	100.0
22.966873400000622	0.0	100.0
22.98560980000184	0.0	100.0
23.006377299985616	0.0	100.0
23.023615199985215	0.0	100.0
23.04578230000334	0.0	100.0
23.06687779998174	0.0	100.0
23.086140600004	0.0	100.0
23.108022000000346	0.0	100.0
23.127476299996488	84.0	100.0
23.147238199977437	84.0	100.0
23.1658000999887	84.0	100.0
23.187693399988348	84.0	100.0
23.205879899993306	84.0	100.0
23.227242599998135	84.0	100.0
23.24755249998998	84.0	100.0
23.26595770000131	84.0	100.0
23.285667499992996	84.0	100.0
23.306558099982794	84.0	100.0
23.326264399976935	84.0	100.0
23.346274999988964	84.0	100.0
23.36626039998373	84.0	100.0
23.387870999984443	84.0	100.0
23.406327499978943	84.0	100.0
23.427347899996676	84.0	100.0
23.446493800001917	84.0	100.0
23.466959199984558	84.0	100.0
23.486801299994113	84.0	100.0
23.507172699988587	84.0	100.0
23.527154699986568	84.0	100.0
23.546021399990423	84.0	100.0
23.565352699981304	84.0	100.0
23.586180899990723	84.0	100.0
23.60599640000146	84.0	100.0
23.626638499990804	84.0	100.0
23.646074699994642	84.0	100.0
23.66642339999089	84.0	100.0
23.686049999989336	84.0	100.0
23.707788200001232	84.0	100.0
23.7265210999758	84.0	100.0
23.746126199985156	84.0	100.0
23.766091500001494	84.0	100.0
23.786686699982965	84.0	100.0
23.80672609998146	84.0	100.0
23.827083199983463	84.0	100.0
23.84652890000143	84.0	100.0
23.867020699981367	84.0	100.0
23.886692300002323	84.0	100.0
23.905962599994382	84.0	100.0
23.927866699988954	84.0	100.0
23.947771899984218	84.0	100.0
23.966502299997956	84.0	100.0
23.98711389998789	84.0	100.0
24.006685799977276	84.0	100.0
24.02717339998344	84.0	100.0
24.045682800002396	84.0	100.0
24.067125899979146	84.0	100.0
24.086820600001374	84.0	100.0
24.108825799979968	84.0	100.0
24.127536999993026	84.0	100.0
24.147370499995304	84.0	100.0
24.166761500004213	84.0	100.0
24.186974899988854	84.0	100.0
24.207070899981773	84.0	100.0
24.227515399979893	84.0	100.0
24.24714949997724	84.0	100.0
24.2661853999889	84.0	100.0
24.28435519998311	84.0	100.0
24.307271099998616	84.0	100.0
24.32657279999694	84.0	100.0
24.346753199992236	84.0	100.0
24.365461599983973	84.0	100.0
24.38600729999598	84.0	100.0
24.406277999980375	84.0	100.0
24.426871599978767	84.0	100.0
24.446309799997834	84.0	100.0
24.466597999999067	84.0	100.0
24.48599220000324	84.0	100.0
24.507406599994283	84.0	100.0
24.527339599997504	84.0	100.0
24.5472027999931	84.0	100.0
24.5668153000006	84.0	100.0
24.587161799980095	84.0	100.0
24.607031799998367	84.0	100.0
24.627545499999542	84.0	100.0
24.647088800003985	84.0	100.0
24.66708679997828	84.0	100.0
24.6867602999846	84.0	100.0
24.70735149999382	84.0	100.0
24.727299899997888	84.0	100.0
24.74736439998378	84.0	100.0
24.76727069998742	84.0	100.0
24.78740599998855	84.0	100.0
24.807105799991405	84.0	100.0
24.82743059998029	84.0	100.0
24.846432099991944	84.0	100.0
24.866385499975877	84.0	100.0
24.88694579998264	84.0	100.0
24.907357299991418	84.0	100.0
24.928243599977577	84.0	100.0
24.947394899994833	84.0	100.0
24.96654219998163	84.0	100.0
24.9870879999944	84.0	100.0
25.006849299999885	84.0	100.0
25.02747410000302	84.0	100.0
25.047274099983042	84.0	100.0
25.06755449998309	84.0	100.0
25.087375399976736	84.0	100.0
25.108690299995942	84.0	100.0
25.127737000002526	83.0	100.0
25.14761919999728	83.0	100.0
25.167258999979822	83.0	100.0
25.187943800003268	83.0	100.0
25.20771329998388	83.0	100.0
25.227671799977543	83.0	100.0
25.24715889999061	83.0	100.0
25.269236599997384	83.0	100.0
25.287611799984006	83.0	100.0
25.306496599980164	83.0	100.0
25.327216699981363	83.0	100.0
25.347617599996738	83.0	100.0
25.36719599997741	83.0	100.0
25.387191999994684	83.0	100.0
25.407821100001456	83.0	100.0
25.427845099999104	83.0	100.0
25.445275999984005	83.0	100.0
25.46579269997892	83.0	100.0
25.485310899995966	83.0	100.0
25.505290300003253	83.0	100.0
25.526737999985926	83.0	100.0
25.54708709998522	83.0	100.0
25.567185799998697	83.0	100.0
25.587663599988446	83.0	100.0
25.607861800002865	83.0	100.0
25.627846599993063	83.0	100.0
25.647920599993085	83.0	100.0
25.66758690000279	83.0	100.0
25.68722439999692	83.0	100.0
25.707516599999508	83.0	100.0
25.72764489997644	83.0	100.0
25.748294699995313	83.0	100.0
25.76809699999285	83.0	100.0
25.786990399996284	83.0	100.0
25.80755559998215	83.0	100.0
25.82811699999729	83.0	100.0
25.84774969998398	83.0	100.0
25.867692600004375	83.0	100.0
25.887058799999068	83.0	100.0
25.908051099977456	83.0	100.0
25.928198799985694	83.0	100.0
25.94806569998036	83.0	100.0
25.967569599975832	83.0	100.0
25.98771069999202	83.0	100.0
26.007413599989377	83.0	100.0
26.028733999992255	83.0	100.0
26.04960639998899	83.0	100.0
26.06903909999528	83.0	100.0
26.08699009998236	83.0	100.0
26.10820459999377	83.0	100.0
26.1282302000036	82.0	100.0
26.14746949999244	82.0	100.0
26.167613800003892	82.0	100.0
26.187575799995102	82.0	100.0
26.207594899984542	82.0	100.0
26.22806359999231	82.0	100.0
26.24654819999705	82.0	100.0
26.2673475999909	82.0	100.0
26.285123499983456	82.0	100.0
26.30783869998413	82.0	100.0
26.32837559998734	82.0	100.0
26.34662689999095	82.0	100.0
26.367534299992258	82.0	100.0
26.387906699994346	82.0	100.0
26.40736489999108	82.0	100.0
26.427835699985735	82.0	100.0
26.44840419999673	82.0	100.0
26.46905469999183	82.0	100.0
26.486187100003008	82.0	100.0
26.50883779997821	82.0	100.0
26.528126399993198	82.0	100.0
26.54811669999617	82.0	100.0
26.56795929998043	82.0	100.0
26.58834509999724	82.0	100.0
26.608416999981273	82.0	100.0
26.62966539998888	82.0	100.0
26.64704109999002	82.0	100.0
26.669282499991823	82.0	100.0
26.68743419999373	82.0	100.0
26.70905489998404	82.0	100.0
26.72915440000361	82.0	100.0
26.748302899999544	82.0	100.0
26.76897479998297	82.0	100.0
26.78924719998031	82.0	100.0
26.808831699978327	82.0	100.0
26.829287400003523	82.0	100.0
26.849299299996346	82.0	100.0
26.86917569997604	82.0	100.0
26.88824790000217	82.0	100.0
26.908261699980358	82.0	100.0
26.929172299976926	82.0	100.0
26.948897599999327	82.0	100.0
26.969514500000514	82.0	100.0
26.989253699983237	82.0	100.0
27.008751399989706	82.0	100.0
27.029484999977285	82.0	100.0
27.054400399996666	82.0	100.0
27.068413100001635	82.0	100.0
27.087596199999098	82.0	100.0
27.11007480000262	82.0	100.0
27.128853999980493	82.0	100.0
27.148962899984326	82.0	100.0
27.1689456999884	82.0	100.0
27.189424099982716	82.0	100.0
27.20868359997985	82.0	100.0
27.229060299985576	82.0	100.0
27.249107299983734	82.0	100.0
27.269607099995483	82.0	100.0
27.288827299984405	82.0	100.0
27.309318299987353	82.0	100.0
27.329467000003206	82.0	100.0
27.349777499999618	82.0	100.0
27.368435299984412	82.0	100.0
27.388015199976508	82.0	100.0
27.407575799996266	82.0	100.0
27.42913839998073	82.0	100.0
27.448447699978715	82.0	100.0
27.468733899993822	82.0	100.0
27.488948099984555	82.0	100.0
27.509316199983004	82.0	100.0
27.52926869998919	82.0	100.0
27.549145700002555	82.0	100.0
27.568500499997754	82.0	100.0
27.590509100002237	82.0	100.0
27.610028900002362	82.0	100.0
27.629652699979488	82.0	100.0
27.649182699999074	82.0	100.0
27.669465899991337	82.0	100.0
27.689399199996842	82.0	100.0
27.709564299992053	82.0	100.0
27.729505700001027	82.0	100.0
27.749425999994855	82.0	100.0
27.769203299976652	82.0	100.0
27.78949759999523	82.0	100.0
27.809369499998866	82.0	100.0
27.82962529998622	82.0	100.0
27.84955610000179	82.0	100.0
27.869412799977	82.0	100.0
27.891625399992336	82.0	100.0
27.90922549998504	82.0	100.0
27.929890100000193	82.0	100.0
27.94977559999097	82.0	100.0
27.970573200000217	82.0	100.0
27.989776399976108	82.0	100.0
28.0096835999866	82.0	100.0
28.0296978999977	82.0	100.0
28.04979089999688	82.0	100.0
28.06962080000085	82.0	100.0
28.0883852999832	82.0	100.0
28.107125099981204	82.0	100.0
28.127291499986313	81.0	100.0
28.145913399988785	81.0	100.0
28.1654886000033	81.0	100.0
28.186561599984998	81.0	100.0
28.219899499992607	81.0	100.0
28.23135469999397	81.0	100.0
28.251675899984548	81.0	100.0
28.27228869998362	81.0	100.0
28.291190899995854	81.0	100.0
28.313446199987084	81.0	100.0
28.331702700001188	81.0	100.0
28.358364399988204	81.0	100.0
28.371633000002475	81.0	100.0
28.39118249999592	81.0	100.0
28.411383300001035	81.0	100.0
28.430824999988545	81.0	100.0
28.44867419998627	81.0	100.0
28.471482399996603	81.0	100.0
28.490970299986657	81.0	100.0
28.512441700004274	81.0	100.0
28.531228999985615	81.0	100.0
28.550666800001636	81.0	100.0
28.571143299981486	81.0	100.0
28.591087199980393	81.0	100.0
28.610983999999007	81.0	100.0
28.631569299992407	81.0	100.0
28.651154299994232	81.0	100.0
28.6716022999899	81.0	100.0
28.69027609998011	81.0	100.0
28.711616099986713	81.0	100.0
28.731598999991547	81.0	100.0
28.751310099993134	81.0	100.0
28.7712227999873	81.0	100.0
28.79059530000086	81.0	100.0
28.81002389997593	81.0	100.0
28.83133149999776	81.0	100.0
28.85127809998812	81.0	100.0
28.872726400004467	81.0	100.0
28.890924299979815	81.0	100.0
28.91074579997803	81.0	100.0
28.931456499994965	81.0	100.0
28.951202700001886	81.0	100.0
28.970707200001925	81.0	100.0
28.9907970999775	81.0	100.0
29.011320499994326	81.0	100.0
29.031434499978786	81.0	100.0
29.051685299986275	81.0	100.0
29.071310999977868	81.0	100.0
29.091463699995074	81.0	100.0
29.112480499985395	81.0	100.0
29.132943499978865	80.0	100.0
29.150363399996422	80.0	100.0
29.17216929999995	80.0	100.0
29.18949099999736	80.0	100.0
29.207950899988646	80.0	100.0
29.231971599976532	80.0	100.0
29.25189600000158	80.0	100.0
29.271729200001573	80.0	100.0
29.29185859998688	80.0	100.0
29.31048639997607	80.0	100.0
29.332010999991326	80.0	100.0
29.35166620000382	80.0	100.0
29.371806499984814	80.0	100.0
29.39121459997841	80.0	100.0
29.412091599981068	80.0	100.0
29.434095899981912	80.0	100.0
29.451130200002808	80.0	100.0
29.471813099982683	80.0	100.0
29.491305199975614	80.0	100.0
29.511949099978665	80.0	100.0
29.53192099998705	80.0	100.0
29.552152899996145	80.0	100.0
29.572315800003707	80.0	100.0
29.59220909999567	80.0	100.0
29.61146769998595	80.0	100.0
29.632319900003495	80.0	100.0
29.65128619997995	80.0	100.0
29.67151279997779	80.0	100.0
29.691551199997775	80.0	100.0
29.711910499987425	80.0	100.0
29.732130199990934	80.0	100.0
29.751793499977794	80.0	100.0
29.771950099995593	80.0	100.0
29.790625299996464	80.0	100.0
29.81183510000119	80.0	100.0
29.83240729998215	80.0	100.0
29.852471599995624	80.0	100.0
29.871801200002665	80.0	100.0
29.89816109999083	80.0	100.0
29.91223389998777	80.0	100.0
29.932058299978962	80.0	100.0
29.952179699990666	80.0	100.0
29.9719744999893	80.0	100.0
29.992152999999234	80.0	100.0
30.011548299982678	80.0	100.0
30.032691699976567	80.0	100.0
30.052301299991086	80.0	100.0
30.072212999977637	80.0	100.0
30.10111550000147	80.0	100.0
30.112668499990832	80.0	100.0
30.1331270999799	79.0	100.0
30.152493499976117	79.0	100.0
30.17240650000167	79.0	100.0
30.192247899976792	79.0	100.0
30.212135299982037	79.0	100.0
30.232512199989287	79.0	100.0
30.2534676999785	79.0	100.0
30.27225389998057	79.0	100.0
30.292520099988906	79.0	100.0
30.31243399999221	79.0	100.0
30.332386099995347	79.0	100.0
30.352296500001103	79.0	100.0
30.3720160999801	79.0	100.0
30.392725899990182	79.0	100.0
30.412015099980636	79.0	100.0
30.436749799991958	79.0	100.0
30.453720399993472	79.0	100.0
30.471501899999566	79.0	100.0
30.49199859998771	79.0	100.0
30.51159949999419	79.0	100.0
30.531891399994493	79.0	100.0
30.552102699992247	79.0	100.0
30.57182029998512	79.0	100.0
30.591749699990032	79.0	100.0
30.611602299992228	79.0	100.0
30.63228540000273	79.0	100.0
30.652152199996635	79.0	100.0
30.672993899992434	79.0	100.0
30.696417500003008	79.0	100.0
30.713332999992417	79.0	100.0
30.733781699993415	79.0	100.0
30.753439499996603	79.0	100.0
30.772682799986796	79.0	100.0
30.793123399984324	79.0	100.0
30.812911299988627	79.0	100.0
30.833134099986637	79.0	100.0
30.852054299990414	79.0	100.0
30.872299399983604	79.0	100.0
30.89237210000283	79.0	100.0
30.911850399977993	79.0	100.0
30.933239499980118	79.0	100.0
30.9528390999767	79.0	100.0
30.973686899989843	79.0	100.0
30.99360929999966	79.0	100.0
31.013366300001508	79.0	100.0
31.03339359999518	79.0	100.0
31.053485699987505	79.0	100.0
31.072749899991322	79.0	100.0
31.091729399980977	79.0	100.0
31.114782499993453	79.0	100.0
31.132403199997498	77.0	100.0
31.152613499987638	77.0	100.0
31.172631299996283	77.0	100.0
31.19341359997634	77.0	100.0
31.212822200002847	77.0	100.0
31.23374789999798	77.0	100.0
31.25221859998419	77.0	100.0
31.27469150000252	77.0	100.0
31.29331869998714	77.0	100.0
31.313731300004292	77.0	100.0
31.332754499977455	77.0	100.0
31.35317029998987	77.0	100.0
31.373796899977606	77.0	100.0
31.393882999982452	77.0	100.0
31.413618799997494	77.0	100.0
31.43372219998855	77.0	100.0
31.45257289998699	77.0	100.0
31.472985999978846	77.0	100.0
31.49351729999762	77.0	100.0
31.513715599983698	77.0	100.0
31.533815899980254	77.0	100.0
31.554106600000523	77.0	100.0
31.573748299997533	77.0	100.0
31.59383989998605	77.0	100.0
31.61153120000381	77.0	100.0
31.633353199984413	77.0	100.0
31.653671199979726	77.0	100.0
31.672233999997843	77.0	100.0
31.692187199980253	77.0	100.0
31.713085199997295	77.0	100.0
31.73346930000116	77.0	100.0
31.753206800000044	77.0	100.0
31.773686000000453	77.0	100.0
31.796719299978577	77.0	100.0
31.813784700003453	77.0	100.0
31.83721460000379	77.0	100.0
31.85378179998952	77.0	100.0
31.873727999976836	77.0	100.0
31.894428699975833	77.0	100.0
31.91388609999558	77.0	100.0
31.93386069999542	77.0	100.0
31.954681299976073	77.0	100.0
31.972431200003484	77.0	100.0
31.994313100003637	77.0	100.0
32.01400929997908	77.0	100.0
32.03449619997991	77.0	100.0
32.053974199981894	77.0	100.0
32.074373499985086	77.0	100.0
32.0938138999918	77.0	100.0
32.114578299981076	77.0	100.0
32.13510200000019	76.0	100.0
32.15421239999705	76.0	100.0
32.17417359998217	76.0	100.0
32.194557599985274	76.0	100.0
32.21581789999618	76.0	100.0
32.236162499990314	76.0	100.0
32.25377499999013	76.0	100.0
32.271773299988126	76.0	100.0
32.29229369998211	76.0	100.0
32.31563309999183	76.0	100.0
32.33376009998028	76.0	100.0
32.35503959999187	76.0	100.0
32.37398039997788	76.0	100.0
32.39466329998686	76.0	100.0
32.4138210999954	76.0	100.0
32.43491759998142	76.0	100.0
32.454833099996904	76.0	100.0
32.47411199999624	76.0	100.0
32.49483879999025	76.0	100.0
32.514888099976815	76.0	100.0
32.53401709999889	76.0	100.0
32.55505729999277	76.0	100.0
32.57370069998433	76.0	100.0
32.594829799985746	76.0	100.0
32.6158310000028	76.0	100.0
32.63729779998539	76.0	100.0
32.65498629998183	76.0	100.0
32.67557019999367	76.0	100.0
32.69402339999215	76.0	100.0
32.71425520000048	76.0	100.0
32.73374539997894	76.0	100.0
32.75369309997768	76.0	100.0
32.77334639997571	76.0	100.0
32.79171140000108	76.0	100.0
32.810623500001384	76.0	100.0
32.83077800000319	76.0	100.0
32.85036119999131	76.0	100.0
32.873282999993535	76.0	100.0
32.89580679999199	76.0	100.0
32.91584889998194	76.0	100.0
32.93514509999659	76.0	100.0
32.95473339999444	76.0	100.0
32.97388579999097	76.0	100.0
32.99370329998783	76.0	100.0
33.015345299994806	76.0	100.0
33.03478059999179	76.0	100.0
33.053730999992695	76.0	100.0
33.07402559998445	76.0	100.0
33.09392069999012	76.0	100.0
33.115751299978	76.0	100.0
33.13570339998114	75.0	100.0
33.15483970000059	75.0	100.0
33.17380009999033	75.0	100.0
33.19428369999514	75.0	100.0
33.21415359998355	75.0	100.0
33.23536689998582	75.0	100.0
33.25455549999606	75.0	100.0
33.27508989998023	75.0	100.0
33.29480479998165	75.0	100.0
33.31482229998801	75.0	100.0
33.33595549999154	75.0	100.0
33.355176399985794	75.0	100.0
33.375168600003235	75.0	100.0
33.3948218000005	75.0	100.0
33.41419699997641	75.0	100.0
33.43526169998222	75.0	100.0
33.45500129999709	75.0	100.0
33.474007199984044	75.0	100.0
33.49435799999628	75.0	100.0
33.515501699992456	75.0	100.0
33.5351991999778	75.0	100.0
33.55514729997958	75.0	100.0
33.575186300004134	75.0	100.0
33.59521169998334	75.0	100.0
33.614471399981994	75.0	100.0
33.63477099998272	75.0	100.0
33.65443519997643	75.0	100.0
33.67475469998317	75.0	100.0
33.69517449999694	75.0	100.0
33.71559359997627	75.0	100.0
33.735038799990434	75.0	100.0
33.75498549998156	75.0	100.0
33.775240599992685	75.0	100.0
33.79563499998767	75.0	100.0
33.81524789999821	75.0	100.0
33.834545099991374	75.0	100.0
33.851412499992875	75.0	100.0
33.87440489997971	75.0	100.0
33.895204799977364	75.0	100.0
33.91398569999728	75.0	100.0
33.93637879999005	75.0	100.0
33.95547610000358	75.0	100.0
33.97528109999257	75.0	100.0
33.995787299994845	75.0	100.0
34.01496229998884	75.0	100.0
34.03587929997593	75.0	100.0
34.055859199987026	75.0	100.0
34.075539399986155	75.0	100.0
34.09796349998214	75.0	100.0
34.116460699995514	75.0	100.0
34.13626349999686	74.0	100.0
34.15579029999208	74.0	100.0
34.175395400001435	74.0	100.0
34.195328699977836	74.0	100.0
34.21541919998708	74.0	100.0
34.23584879998816	74.0	100.0
34.25535530000343	74.0	100.0
34.276973	74.0	100.0
34.29556369999773	74.0	100.0
34.31567709997762	74.0	100.0
34.33454489998985	74.0	100.0
34.35215540000354	74.0	100.0
34.373999000003096	74.0	100.0
34.39381320000393	74.0	100.0
34.411567200004356	74.0	100.0
34.432404499995755	74.0	100.0
34.45309979998274	74.0	100.0
34.47333039998193	74.0	100.0
34.49403269999311	74.0	100.0
34.51534339998034	74.0	100.0
34.535565999976825	74.0	100.0
34.55531609998434	74.0	100.0
34.575253199989675	74.0	100.0
34.596031099994434	74.0	100.0
34.61566199999652	74.0	100.0
34.63604519999353	74.0	100.0
34.65662609998253	74.0	100.0
34.67585739999777	74.0	100.0
34.69578019998153	74.0	100.0
34.71566560000065	74.0	100.0
34.73524919999181	74.0	100.0
34.7563255999994	74.0	100.0
34.775627499999246	74.0	100.0
34.795672599982936	74.0	100.0
34.81569349998608	74.0	100.0
34.83590869998443	74.0	100.0
34.85588039999129	74.0	100.0
34.87632479998865	74.0	100.0
34.89421109997784	74.0	100.0
34.91751669999212	74.0	100.0
34.93628510000417	74.0	100.0
34.95709949999582	74.0	100.0
34.97606499999529	74.0	100.0
34.99579509999603	74.0	100.0
35.01584389997879	74.0	100.0
35.036147199978586	74.0	100.0
35.05537339998409	74.0	100.0
35.07815489999484	74.0	100.0
35.09521400000085	74.0	100.0
35.11781569998129	74.0	100.0
35.13679930000217	73.0	100.0
35.155807100003585	73.0	100.0
35.19366629997967	73.0	100.0
35.196320199989714	73.0	100.0
35.21578349999618	73.0	100.0
35.236050799983786	73.0	100.0
35.25780719998875	73.0	100.0
35.27676129998872	73.0	100.0
35.29573439998785	73.0	100.0
35.31548849999672	73.0	100.0
35.33660479998798	73.0	100.0
35.35577470000135	73.0	100.0
35.375597299978836	73.0	100.0
35.39592559999437	73.0	100.0
35.41561999998521	73.0	100.0
35.43736949999584	73.0	100.0
35.45604829999502	73.0	100.0
35.47711310000159	73.0	100.0
35.4960846999893	73.0	100.0
35.516117499995744	73.0	100.0
35.536082499980694	73.0	100.0
35.557046699977946	73.0	100.0
35.57830379999359	73.0	100.0
35.59609579999233	73.0	100.0
35.61614159998135	73.0	100.0
35.637152799987234	73.0	100.0
35.65623669998604	73.0	100.0
35.67623989999993	73.0	100.0
35.69615469998098	73.0	100.0
35.716154599998845	73.0	100.0
35.73580019999645	73.0	100.0
35.75564200000372	73.0	100.0
35.77630499997758	73.0	100.0
35.796008299977984	73.0	100.0
35.816012900002534	73.0	100.0
35.835262099979445	73.0	100.0
35.85650299998815	73.0	100.0
35.87653939999291	73.0	100.0
35.89615069999127	73.0	100.0
35.91652189998422	73.0	100.0
35.93666799998027	73.0	100.0
35.95614850000129	73.0	100.0
35.976171499991324	73.0	100.0
35.99589739998919	73.0	100.0
36.01509790000273	73.0	100.0
36.03662549998262	73.0	100.0
36.0559386999812	73.0	100.0
36.07776539999759	73.0	100.0
36.100543799984735	73.0	100.0
36.116122199979145	73.0	100.0
36.13672769998084	72.0	100.0
36.15640799998073	72.0	100.0
36.175292699976126	72.0	100.0
36.19613379999646	72.0	100.0
36.21618249997846	72.0	100.0
36.23746609999216	72.0	100.0
36.25574669998605	72.0	100.0
36.27621579999686	72.0	100.0
36.296904999995604	72.0	100.0
36.31650059999083	72.0	100.0
36.33651219998137	72.0	100.0
36.356413300003624	72.0	100.0
36.37589119997574	72.0	100.0
36.39757989998907	72.0	100.0
36.41606249997858	72.0	100.0
36.436596199986525	72.0	100.0
36.45636219999869	72.0	100.0
36.47623569998541	72.0	100.0
36.49651420000009	72.0	100.0
36.5158800999925	72.0	100.0
36.53563410000061	72.0	100.0
36.55610859999433	72.0	100.0
36.575881700002356	72.0	100.0
36.59619849998853	72.0	100.0
36.61667550000129	72.0	100.0
36.63741569998092	72.0	100.0
36.65840600000229	72.0	100.0
36.67745349998586	72.0	100.0
36.69646310000098	72.0	100.0
36.71707980000065	72.0	100.0
36.73629410000285	72.0	100.0
36.757074699999066	72.0	100.0
36.7764826999919	72.0	100.0
36.80032939999364	72.0	100.0
36.8172144999844	72.0	100.0
36.8378380999784	72.0	100.0
36.85548009999911	72.0	100.0
36.87790929997573	72.0	100.0
36.89894099999219	72.0	100.0
36.91656139999395	72.0	100.0
36.93766369999503	72.0	100.0
36.95759029997862	72.0	100.0
36.97627409998677	72.0	100.0
36.997294999979204	72.0	100.0
37.01693539999542	72.0	100.0
37.03709109997726	72.0	100.0
37.055741299991496	72.0	100.0
37.07543289999012	72.0	100.0
37.0957395999867	72.0	100.0
37.118037499982165	72.0	100.0
37.13789839998935	72.0	100.0
37.158257699979	72.0	100.0
37.17734559997916	72.0	100.0
37.19733929997892	72.0	100.0
37.21674649999477	72.0	100.0
37.23749149998184	72.0	100.0
37.25778059998993	72.0	100.0
37.278865999978734	72.0	100.0
37.29561329999706	72.0	100.0
37.31640709997737	72.0	100.0
37.336463499988895	72.0	100.0
37.357211700000335	72.0	100.0
37.37646020000102	72.0	100.0
37.39549840000109	72.0	100.0
37.41584449997754	72.0	100.0
37.436090699979104	72.0	100.0
37.455805399979	72.0	100.0
37.47638729997561	72.0	100.0
37.496266000001924	72.0	100.0
37.5172365999897	72.0	100.0
37.53765260000364	72.0	100.0
37.555643200001214	72.0	100.0
37.57562359998701	72.0	100.0
37.59570759997587	72.0	100.0
37.61570289998781	72.0	100.0
37.63585259998217	72.0	100.0
37.655894499999704	72.0	100.0
37.67589589999989	72.0	100.0
37.69586609999533	72.0	100.0
37.71753929997794	72.0	100.0
37.73726130000432	72.0	100.0
37.757400899979984	72.0	100.0
37.77577389997896	72.0	100.0
37.796161099977326	72.0	100.0
37.815556499990635	72.0	100.0
37.836141199979465	72.0	100.0
37.85561689999304	72.0	100.0
37.877634099975694	72.0	100.0
37.89609880000353	72.0	100.0
37.91602169998805	72.0	100.0
37.93598249999923	72.0	100.0
37.955723399994895	72.0	100.0
37.97553589998279	72.0	100.0
37.99591609998606	72.0	100.0
38.01556879997952	72.0	100.0
38.03583069998422	72.0	100.0
38.05573719998938	72.0	100.0
38.07665449997876	72.0	100.0
38.096115599997574	72.0	100.0
38.1178011999873	72.0	100.0
38.13829390000319	72.0	100.0
38.15773109998554	72.0	100.0
38.17579549999209	72.0	100.0
38.19703959999606	72.0	100.0
38.21580459998222	72.0	100.0
38.23620439998922	72.0	100.0
38.25608939997619	72.0	100.0
38.276297099975636	72.0	100.0
38.296187799976906	72.0	100.0
38.319878699985566	72.0	100.0
38.338805899984436	72.0	100.0
38.3585149999999	72.0	100.0
38.37867049998022	72.0	100.0
38.39605509999092	72.0	100.0
38.41576459998032	72.0	100.0
38.43692579999333	72.0	100.0
38.45600320000085	72.0	100.0
38.477000299986685	72.0	100.0
38.49687889998313	72.0	100.0
38.51741810000385	72.0	100.0
38.53582999997889	72.0	100.0
38.55631709998124	72.0	100.0
38.57567599997856	72.0	100.0
38.5957558999944	72.0	100.0
38.616161999991164	72.0	100.0
38.636194299993804	72.0	100.0
38.65647829999216	72.0	100.0
38.67684229998849	72.0	100.0
38.696037899993826	72.0	100.0
38.716254600003595	72.0	100.0
38.73760299998685	72.0	100.0
38.75655399999232	72.0	100.0
38.776547499990556	72.0	100.0
38.79728259998956	72.0	100.0
38.816942699981155	72.0	100.0
38.83731760000228	72.0	100.0
38.85705439999583	72.0	100.0
38.87877079998725	72.0	100.0
38.89728760000435	72.0	100.0
38.91668719999143	72.0	100.0
38.93719709999277	72.0	100.0
38.95758059999207	72.0	100.0
38.977265599998645	72.0	100.0
38.9971891999885	72.0	100.0
39.01616820000345	72.0	100.0
39.03773499999079	72.0	100.0
39.056936099979794	72.0	100.0
39.07251199998427	72.0	100.0
39.093163399986224	72.0	100.0
39.114218699978665	72.0	100.0
39.13351769998553	73.0	100.0
39.15330019997782	73.0	100.0
39.1737248999998	73.0	100.0
39.19363519997569	73.0	100.0
39.21468839998124	73.0	100.0
39.233771200000774	73.0	100.0
39.25424489998841	73.0	100.0
39.27635410000221	73.0	100.0
39.29519899998559	73.0	100.0
39.31544720000238	73.0	100.0
39.33577969999169	73.0	100.0
39.355465599976014	73.0	100.0
39.377385799976764	73.0	100.0
39.3979722999793	73.0	100.0
39.417049499985296	73.0	100.0
39.43779229998472	73.0	100.0
39.45748859999003	73.0	100.0
39.476760199991986	73.0	100.0
39.49431879998883	73.0	100.0
39.51431109997793	73.0	100.0
39.53440859998227	73.0	100.0
39.55304489997798	73.0	100.0
39.573306799982674	73.0	100.0
39.592992799996864	73.0	100.0
39.614673799980665	73.0	100.0
39.634294599993154	73.0	100.0
39.65448050000123	73.0	100.0
39.675981199980015	73.0	100.0
39.695201599999564	73.0	100.0
39.715434999990975	73.0	100.0
39.73541289998684	73.0	100.0
39.75722010000027	73.0	100.0
39.77745339999092	73.0	100.0
39.79772349999985	73.0	100.0
39.81796649997705	73.0	100.0
39.837938599986956	73.0	100.0
39.857185899978504	73.0	100.0
39.879053599986946	73.0	100.0
39.89719139999943	73.0	100.0
39.91810529999202	73.0	100.0
39.937682099989615	73.0	100.0
39.95762969998759	73.0	100.0
39.97793029999593	73.0	100.0
39.99773390000337	73.0	100.0
40.01749159998144	73.0	100.0
40.037919800000964	73.0	100.0
40.05752879998181	73.0	100.0
40.07774359997711	73.0	100.0
40.09615489997668	73.0	100.0
40.11886659997981	73.0	100.0
40.13853219998418	73.0	100.0
40.157660800003214	73.0	100.0
40.17771079999511	73.0	100.0
40.19793439999921	73.0	100.0
40.21771729999455	73.0	100.0
40.23869629998808	73.0	100.0
40.25776079998468	73.0	100.0
40.27974489997723	73.0	100.0
40.29688349997741	73.0	100.0
40.31789129998651	73.0	100.0
40.33779689998482	73.0	100.0
40.35792709997622	73.0	100.0
40.37714440000127	73.0	100.0
40.397359499998856	73.0	100.0
40.418069299979834	73.0	100.0
40.437926899991	73.0	100.0
40.45780539998668	73.0	100.0
40.47799679997843	73.0	100.0
40.49793620000128	73.0	100.0
40.51936249999562	73.0	100.0
40.53869109999505	73.0	100.0
40.55795729998499	73.0	100.0
40.57766719997744	73.0	100.0
40.60069689998636	73.0	100.0
40.61766930000158	73.0	100.0
40.63823389998288	73.0	100.0
40.65771379999933	73.0	100.0
40.67737339998712	73.0	100.0
40.69841379998252	73.0	100.0
40.71768479997991	73.0	100.0
40.73846059999778	73.0	100.0
40.75757779998821	73.0	100.0
40.77782879999722	73.0	100.0
40.797925699996995	73.0	100.0
40.817608999990625	73.0	100.0
40.83784609998111	73.0	100.0
40.85763929999666	73.0	100.0
40.87595899999724	73.0	100.0
40.899134099978255	73.0	100.0
40.91685359997791	73.0	100.0
40.938959099992644	73.0	100.0
40.958284299995285	73.0	100.0
40.9777052999998	73.0	100.0
41.00010289999773	73.0	100.0
41.01725939998869	73.0	100.0
41.03775729998597	73.0	100.0
41.05660859998898	73.0	100.0
41.07738619999145	73.0	100.0
41.09792639999068	73.0	100.0
41.11904059999506	73.0	100.0
41.13885590000427	74.0	100.0
41.15744499998982	74.0	100.0
41.17976169998292	74.0	100.0
41.1965041999938	74.0	100.0
41.21881379999104	74.0	100.0
41.238984399999026	74.0	100.0
41.25726129999384	74.0	100.0
41.27791229999275	74.0	100.0
41.29712509998353	74.0	100.0
41.31809409998823	74.0	100.0
41.337668599997414	74.0	100.0
41.35918030000175	74.0	100.0
41.37777059999644	74.0	100.0
41.39900609999313	74.0	100.0
41.41844619999756	74.0	100.0
41.438521299976856	74.0	100.0
41.45897059998242	74.0	100.0
41.478979499981506	74.0	100.0
41.497723499982385	74.0	100.0
41.51901009998983	74.0	100.0
41.53767359998892	74.0	100.0
41.557481499999994	74.0	100.0
41.57772109998041	74.0	100.0
41.59813609998673	74.0	100.0
41.62039050000021	74.0	100.0
41.63966869999422	74.0	100.0
41.65965960000176	74.0	100.0
41.679117899999255	74.0	100.0
41.69849789998261	74.0	100.0
41.71961729999748	74.0	100.0
41.73883509999723	74.0	100.0
41.757957499998156	74.0	100.0
41.77750559998094	74.0	100.0
41.798068000003695	74.0	100.0
41.81787459997577	74.0	100.0
41.83834739998565	74.0	100.0
41.85770809999667	74.0	100.0
41.87797079997836	74.0	100.0
41.89753639997798	74.0	100.0
41.918230899987975	74.0	100.0
41.93778320000274	74.0	100.0
41.9580200999917	74.0	100.0
41.98160709999502	74.0	100.0
41.9979439000017	74.0	100.0
42.017952800000785	74.0	100.0
42.03883289999794	74.0	100.0
42.05763949998072	74.0	100.0
42.07803529998637	74.0	100.0
42.0986124999763	74.0	100.0
42.11951049999334	74.0	100.0
42.139643200003775	74.0	100.0
42.1594242999854	74.0	100.0
42.17879819998052	74.0	100.0
42.19819070000085	74.0	100.0
42.21763070000452	74.0	100.0
42.239338099985616	74.0	100.0
42.258843299990986	74.0	100.0
42.27904470000067	74.0	100.0
42.2978904999909	74.0	100.0
42.319119499996305	74.0	100.0
42.339344699983485	74.0	100.0
42.35882719999063	74.0	100.0
42.378107500000624	74.0	100.0
42.39840639999602	74.0	100.0
42.41790569998557	74.0	100.0
42.43907379999291	74.0	100.0
42.45842799998354	74.0	100.0
42.47835399999167	74.0	100.0
42.498664099985035	74.0	100.0
42.51841930000228	74.0	100.0
42.538555399980396	74.0	100.0
42.558450499986066	74.0	100.0
42.578187799983425	74.0	100.0
42.5981159999792	74.0	100.0
42.61847299998044	74.0	100.0
42.63873109998531	74.0	100.0
42.65899709999212	74.0	100.0
42.679188499983866	74.0	100.0
42.698123099980876	74.0	100.0
42.720323299989104	74.0	100.0
42.73956960000214	74.0	100.0
42.75958059998811	74.0	100.0
42.77943339999183	74.0	100.0
42.799311799986754	74.0	100.0
42.8199507999816	74.0	100.0
42.83885069997632	74.0	100.0
42.858319799997844	74.0	100.0
42.87903529999312	74.0	100.0
42.90014449998853	74.0	100.0
42.918451799981995	74.0	100.0
42.93894069999806	74.0	100.0
42.95879330000025	74.0	100.0
42.97857809998095	74.0	100.0
42.99884580000071	74.0	100.0
43.018582199991215	74.0	100.0
43.03900409999187	74.0	100.0
43.05846139998175	74.0	100.0
43.07877039999585	74.0	100.0
43.098070399981225	74.0	100.0
43.11956749999081	74.0	100.0
43.13921399999526	74.0	100.0
43.15903680000338	74.0	100.0
43.17863149999175	74.0	100.0
43.19870889998856	74.0	100.0
43.21865299998899	74.0	100.0
43.23943149999832	74.0	100.0
43.25861409999197	74.0	100.0
43.28273469998385	74.0	100.0
43.29844299997785	74.0	100.0
43.31858659998397	74.0	100.0
43.33887449998292	74.0	100.0
43.360714199981885	74.0	100.0
43.37838949999423	74.0	100.0
43.39696329997969	74.0	100.0
43.416964999982156	74.0	100.0
43.43697159999283	74.0	100.0
43.45642519998364	74.0	100.0
43.47903989997576	74.0	100.0
43.495487899985164	74.0	100.0
43.515472600003704	74.0	100.0
43.534938999975566	74.0	100.0
43.55724100000225	74.0	100.0
43.57685409998521	74.0	100.0
43.597681999992346	74.0	100.0
43.61673479998717	74.0	100.0
43.63752249997924	74.0	100.0
43.65818979998585	74.0	100.0
43.6768635000044	74.0	100.0
43.69779720000224	74.0	100.0
43.718916599988006	74.0	100.0
43.73711319998256	74.0	100.0
43.7593694999814	74.0	100.0
43.78020339997602	74.0	100.0
43.79970189998858	74.0	100.0
43.8196529999841	74.0	100.0
43.839712199987844	74.0	100.0
43.85982049998711	74.0	100.0
43.88015909999376	74.0	100.0
43.8990913000016	74.0	100.0
43.918407999997726	74.0	100.0
43.94040429999586	74.0	100.0
43.95972879999317	74.0	100.0
43.979083899990655	74.0	100.0
43.99984839998069	74.0	100.0
44.019966699997894	74.0	100.0
44.04053369999747	74.0	100.0
44.058897499984596	74.0	100.0
44.08088969998062	74.0	100.0
44.099554299988085	74.0	100.0
44.12022309997701	74.0	100.0
44.138622500002384	73.0	100.0
44.16015939999488	73.0	100.0
44.17990619997727	73.0	100.0
44.19931219998398	73.0	100.0
44.21982929998194	73.0	100.0
44.23971929997788	73.0	100.0
44.25996080000186	73.0	100.0
44.279343499976676	73.0	100.0
44.29844509999384	73.0	100.0
44.32013119998737	73.0	100.0
44.339703399979044	73.0	100.0
44.35996589998831	73.0	100.0
44.38027669998701	73.0	100.0
44.399769199982984	73.0	100.0
44.4192320999864	73.0	100.0
44.44058500000392	73.0	100.0
44.46024639997631	73.0	100.0
44.480322499992326	73.0	100.0
44.500579399988055	73.0	100.0
44.52029709998169	73.0	100.0
44.53987629999756	73.0	100.0
44.559886399976676	73.0	100.0
44.58042139999452	73.0	100.0
44.6003601999837	73.0	100.0
44.62007899998571	73.0	100.0
44.64117889999761	73.0	100.0
44.659792699996615	73.0	100.0
44.67977419999079	73.0	100.0
44.699973799986765	73.0	100.0
44.71984279999742	73.0	100.0
44.73995639997884	73.0	100.0
44.7603818999778	73.0	100.0
44.77997010000399	73.0	100.0
44.80004599998938	73.0	100.0
44.81997339997906	73.0	100.0
44.840355499996804	73.0	100.0
44.85931780000101	73.0	100.0
44.879002499976195	73.0	100.0
44.90248239997891	73.0	100.0
44.92026319997967	73.0	100.0
44.93915219997871	73.0	100.0
44.95921319999616	73.0	100.0
44.979866699984996	73.0	100.0
44.99983499999507	73.0	100.0
45.01988559999154	73.0	100.0
45.040157099982025	73.0	100.0
45.05987319999258	73.0	100.0
45.08029329997953	73.0	100.0
45.10868509998545	73.0	100.0
45.12060679998831	73.0	100.0
45.14062439999543	73.0	100.0
45.15982719999738	73.0	100.0
45.17921969998861	73.0	100.0
45.20034499999019	73.0	100.0
45.2200562999933	73.0	100.0
45.240165700000944	73.0	100.0
45.25955489999615	73.0	100.0
45.280607699998654	73.0	100.0
45.299721799994586	73.0	100.0
45.32009029999608	73.0	100.0
45.34045550000155	73.0	100.0
45.360444899997674	73.0	100.0
45.37963749998016	73.0	100.0
45.40008319998742	73.0	100.0
45.420273600000655	73.0	100.0
45.441216299979715	73.0	100.0
45.459943099995144	73.0	100.0
45.48016350000398	73.0	100.0
45.50002649999806	73.0	100.0
45.52052439999534	73.0	100.0
45.540130999987014	73.0	100.0
45.560011399997165	73.0	100.0
45.580096399993636	73.0	100.0
45.6007280999911	73.0	100.0
45.62004619999789	73.0	100.0
45.64058429998113	73.0	100.0
45.66037800000049	73.0	100.0
45.68044499997632	73.0	100.0
45.70029059998342	73.0	100.0
45.72066329998779	73.0	100.0
45.74032949999673	73.0	100.0
45.761010499991244	73.0	100.0
45.780204599985154	73.0	100.0
45.800884600001154	73.0	100.0
45.820672499976354	73.0	100.0
45.84126409998862	73.0	100.0
45.86029819998657	73.0	100.0
45.88123999998788	73.0	100.0
45.900737299991306	73.0	100.0
45.92577679999522	73.0	100.0
45.939466999989236	73.0	100.0
45.96168499998748	73.0	100.0
46.11457939998945	73.0	100.0
46.11460889998125	73.0	100.0
46.11462389997905	73.0	100.0
46.1146361999854	73.0	100.0
46.114648599992506	73.0	100.0
46.11466089999885	73.0	100.0
46.114672900002915	73.0	100.0
46.12284319999162	73.0	100.0
46.14047009998467	72.0	100.0
46.15953949998948	72.0	100.0
46.179948999983026	72.0	100.0
46.19991719999234	72.0	100.0
46.22078059997875	72.0	100.0
46.24016169999959	72.0	100.0
46.25997099999222	72.0	100.0
46.282445899996674	72.0	100.0
46.30017949998728	72.0	100.0
46.320263499976136	72.0	100.0
46.34040190000087	72.0	100.0
46.359626599994954	72.0	100.0
46.37815979999141	72.0	100.0
46.39879539998947	72.0	100.0
46.415958199999295	72.0	100.0
46.43783049998456	72.0	100.0
46.45813789998647	72.0	100.0
46.478925200004596	72.0	100.0
46.49888479997753	72.0	100.0
46.51943709998159	72.0	100.0
46.538947900000494	72.0	100.0
46.56028379997588	72.0	100.0
46.58007999998517	72.0	100.0
46.60161469999002	72.0	100.0
46.621095799986506	72.0	100.0
46.64109889999963	72.0	100.0
46.66088640000089	72.0	100.0
46.68179809997673	72.0	100.0
46.70086689997697	72.0	100.0
46.72155669998028	72.0	100.0
46.742923999991035	72.0	100.0
46.761370799998986	72.0	100.0
46.781308299978264	72.0	100.0
46.80163099998026	72.0	100.0
46.820822699985	72.0	100.0
46.84234469998046	72.0	100.0
46.86196349997772	72.0	100.0
46.8819436999911	72.0	100.0
46.90081449999707	72.0	100.0
46.92136769997887	72.0	100.0
46.94172519998392	72.0	100.0
46.961401299980935	72.0	100.0
46.97979929999565	72.0	100.0
47.00136909997673	72.0	100.0
47.02063299997826	72.0	100.0
47.04148709998117	72.0	100.0
47.06151699999464	72.0	100.0
47.08166899997741	72.0	100.0
47.100697999994736	72.0	100.0
47.12201079999795	72.0	100.0
47.14354279998224	73.0	100.0
47.16156169999158	73.0	100.0
47.181457099999534	73.0	100.0
47.201703899976565	73.0	100.0
47.22158689997741	73.0	100.0
47.242473899998004	73.0	100.0
47.26195319998078	73.0	100.0
47.281819600000745	73.0	100.0
47.301654299983056	73.0	100.0
47.32171609997749	73.0	100.0
47.341677199990954	73.0	100.0
47.361742999986745	73.0	100.0
47.381448200001614	73.0	100.0
47.401546699984465	73.0	100.0
47.421490199980326	73.0	100.0
47.44201929998235	73.0	100.0
47.46157649997622	73.0	100.0
47.48133709997637	73.0	100.0
47.50144759999239	73.0	100.0
47.52150449997862	73.0	100.0
47.54314900000463	73.0	100.0
47.56304779998027	73.0	100.0
47.583035299991025	73.0	100.0
47.599853599997004	73.0	100.0
47.61966820000089	73.0	100.0
47.641424699977506	73.0	100.0
47.66277889997582	73.0	100.0
47.68166309999651	73.0	100.0
47.70239769999171	73.0	100.0
47.722838999994565	73.0	100.0
47.7427955000021	73.0	100.0
47.764673600002425	73.0	100.0
47.78163539999514	73.0	100.0
47.803006999980425	73.0	100.0
47.82203660000232	73.0	100.0
47.84233829998993	73.0	100.0
47.862499699986074	73.0	100.0
47.882240899984026	73.0	100.0
47.90275539999129	73.0	100.0
47.921635399980005	73.0	100.0
47.942340699984925	73.0	100.0
47.961955799983116	73.0	100.0
47.982265099999495	73.0	100.0
48.0021168999956	73.0	100.0
48.02174759999616	73.0	100.0
48.04227569999057	73.0	100.0
48.061500599986175	73.0	100.0
48.08207529998617	73.0	100.0
48.10370829998283	73.0	100.0
48.12384519999614	73.0	100.0
48.14320739998948	74.0	100.0
48.164043600001605	74.0	100.0
48.18357599998126	74.0	100.0
48.202855099982116	74.0	100.0
48.22281119998661	74.0	100.0
48.24335889998474	74.0	100.0
48.26317160000326	74.0	100.0
48.283531900000526	74.0	100.0
48.30266049999045	74.0	100.0
48.32306579998112	74.0	100.0
48.34283419998246	74.0	100.0
48.362301099987235	74.0	100.0
48.38184210000327	74.0	100.0
48.40215129998978	74.0	100.0
48.422870199981844	74.0	100.0
48.442616499989526	74.0	100.0
48.46281060000183	74.0	100.0
48.483524599985685	74.0	100.0
48.502705099992454	74.0	100.0
48.522972599981586	74.0	100.0
48.54340749999392	74.0	100.0
48.562947400001576	74.0	100.0
48.58299870000337	74.0	100.0
48.602112199994735	74.0	100.0
48.62446769999224	74.0	100.0
48.64380969997728	74.0	100.0
48.66308729999582	74.0	100.0
48.68598189999466	74.0	100.0
48.70202450000215	74.0	100.0
48.72319859999698	74.0	100.0
48.743255999987014	74.0	100.0
48.76347189999069	74.0	100.0
48.78290449999622	74.0	100.0
48.803280299995095	74.0	100.0
48.823002199991606	74.0	100.0
48.843466499994975	74.0	100.0
48.862186199985445	74.0	100.0
48.88341599999694	74.0	100.0
48.903398800001014	74.0	100.0
48.92222359997686	74.0	100.0
48.942818699986674	74.0	100.0
48.96252279999317	74.0	100.0
48.98338049999438	74.0	100.0
49.00273169999127	74.0	100.0
49.02213929998106	74.0	100.0
49.04305999999633	74.0	100.0
49.062605099985376	74.0	100.0
49.082455600000685	74.0	100.0
49.104638899996644	74.0	100.0
49.123993799992604	74.0	100.0
49.14427869999781	73.0	100.0
49.16289009997854	73.0	100.0
49.18271349999122	73.0	100.0
49.20356409999658	73.0	100.0
49.22260589999496	73.0	100.0
49.243111499992665	73.0	100.0
49.26248209999176	73.0	100.0
49.284520099987276	73.0	100.0
49.30425600000308	73.0	100.0
49.324077500001295	73.0	100.0
49.342539499979466	73.0	100.0
49.36299169997801	73.0	100.0
49.38283200000296	73.0	100.0
49.403243499982636	73.0	100.0
49.42314030000125	73.0	100.0
49.44313780000084	73.0	100.0
49.462719000002835	73.0	100.0
49.483042099978775	73.0	100.0
49.50470339998719	73.0	100.0
49.523588499985635	73.0	100.0
49.543291699985275	73.0	100.0
49.563566199998604	73.0	100.0
49.58410019997973	73.0	100.0
49.604134900000645	73.0	100.0
49.62379909999436	73.0	100.0
49.643952799990075	73.0	100.0
49.66380229999777	73.0	100.0
49.683692799997516	73.0	100.0
49.70327709999401	73.0	100.0
49.724172499991255	73.0	100.0
49.744301200000336	73.0	100.0
49.76436719999765	73.0	100.0
49.783520700002555	73.0	100.0
49.80499979999149	73.0	100.0
49.82322329998715	73.0	100.0
49.845118999975966	73.0	100.0
49.86379049997777	73.0	100.0
49.88403119999566	73.0	100.0
49.903787999995984	73.0	100.0
49.924671999993734	73.0	100.0
49.943874899996445	73.0	100.0
49.963236499985214	73.0	100.0
49.98373389997869	73.0	100.0
50.00400929999887	73.0	100.0
50.02395429997705	73.0	100.0
50.04353139997693	73.0	100.0
50.06348670000443	73.0	100.0
50.084028499986744	73.0	100.0
50.10343069999362	73.0	100.0
50.12485999998171	73.0	100.0
50.14535619999515	74.0	100.0
50.1647890000022	74.0	100.0
50.18375989998458	74.0	100.0
50.20295559999067	74.0	100.0
50.223844799998915	74.0	100.0
50.24563729998772	74.0	100.0
50.26405820000218	74.0	100.0
50.283996099984506	74.0	100.0
50.303649499983294	74.0	100.0
50.32375609999872	74.0	100.0
50.343312399985734	74.0	100.0
50.36344230000395	74.0	100.0
50.38343570000143	74.0	100.0
50.403333599999314	74.0	100.0
50.423543199984124	74.0	100.0
50.44477169998572	74.0	100.0
50.46372669999255	74.0	100.0
50.48377409999375	74.0	100.0
50.50386629998684	74.0	100.0
50.52399210000294	74.0	100.0
50.54382269998314	74.0	100.0
50.56414489998133	74.0	100.0
50.58328209997853	74.0	100.0
50.603805899998406	74.0	100.0
50.62580869998783	74.0	100.0
50.64574859998538	74.0	100.0
50.67570910000359	74.0	100.0
50.681458899984136	74.0	100.0
50.701518499990925	74.0	100.0
50.72080569999525	74.0	100.0
50.74076859999332	74.0	100.0
50.76479399998789	74.0	100.0
50.78125369999907	74.0	100.0
50.80222379998304	74.0	100.0
50.82316549998359	74.0	100.0
50.84312449998106	74.0	100.0
50.86332879998372	74.0	100.0
50.88370320000104	74.0	100.0
50.90542279998772	74.0	100.0
50.925041399983456	74.0	100.0
50.94444140000269	74.0	100.0
50.96545160000096	74.0	100.0
50.98521669997717	74.0	100.0
51.004189899977064	74.0	100.0
51.02476639999077	74.0	100.0
51.04587839997839	74.0	100.0
51.064621099998476	74.0	100.0
51.08533729999908	74.0	100.0
51.10545109998202	74.0	100.0
51.12624599999981	74.0	100.0
51.14584599999944	75.0	100.0
51.16675409997697	75.0	100.0
51.18052759999409	75.0	100.0
51.202966799988644	75.0	100.0
51.223917499999516	75.0	100.0
51.245817699993495	75.0	100.0
51.26463349998812	75.0	100.0
51.28519929997856	75.0	100.0
51.30524069999228	75.0	100.0
51.325571199995466	75.0	100.0
51.34780099999625	75.0	100.0
51.3652172999864	75.0	100.0
51.384791899996344	75.0	100.0
51.40556439998909	75.0	100.0
51.4229512999882	75.0	100.0
51.44581350000226	75.0	100.0
51.46557020000182	75.0	100.0
51.48550789998262	75.0	100.0
51.505239999998594	75.0	100.0
51.52534979998018	75.0	100.0
51.54554259998258	75.0	100.0
51.565230499982135	75.0	100.0
51.58518699998967	75.0	100.0
51.605481099977624	75.0	100.0
51.62541839998448	75.0	100.0
51.647589100000914	75.0	100.0
51.665808599995216	75.0	100.0
51.68413259999943	75.0	100.0
51.70325379999122	75.0	100.0
51.72538249997888	75.0	100.0
51.74503339998773	75.0	100.0
51.76508849998936	75.0	100.0
51.784193999978015	75.0	100.0
51.80485809998936	75.0	100.0
51.82353839999996	75.0	100.0
51.84556439999142	75.0	100.0
51.86411309998948	75.0	100.0
51.88504449999891	75.0	100.0
51.90461579998373	75.0	100.0
51.92554039999959	75.0	100.0
51.94575949999853	75.0	100.0
51.96531579998555	75.0	100.0
51.9850243999972	75.0	100.0
52.005143799993675	75.0	100.0
52.02415059998748	75.0	100.0
52.04532229999313	75.0	100.0
52.064839999977266	75.0	100.0
52.084666099981405	75.0	100.0
52.103690999996616	75.0	100.0
52.1266323000018	75.0	100.0
52.146048800001154	76.0	100.0
52.167213899985654	76.0	100.0
52.185708399978466	76.0	100.0
52.20568139999523	76.0	100.0
52.226247199985664	76.0	100.0
52.24584180000238	76.0	100.0
52.26549849999719	76.0	100.0
52.28802039998118	76.0	100.0
52.305502699979115	76.0	100.0
52.32594999999856	76.0	100.0
52.345831199985696	76.0	100.0
52.36573589997715	76.0	100.0
52.38594409998041	76.0	100.0
52.4052882999822	76.0	100.0
52.42529889999423	76.0	100.0
52.44594109998434	76.0	100.0
52.463883599994006	76.0	100.0
52.48550670000259	76.0	100.0
52.50527639998472	76.0	100.0
52.52544929998112	76.0	100.0
52.54568009998184	76.0	100.0
52.5653565999819	76.0	100.0
52.58553199999733	76.0	100.0
52.60577339999145	76.0	100.0
52.62505410000449	76.0	100.0
52.645536800002446	76.0	100.0
52.66572930000257	76.0	100.0
52.68551939999452	76.0	100.0
52.70500919999904	76.0	100.0
52.7260258999886	76.0	100.0
52.74558970000362	76.0	100.0
52.76546399999643	76.0	100.0
52.78582469999674	76.0	100.0
52.806509099988034	76.0	100.0
52.825879599986365	76.0	100.0
52.84599099998013	76.0	100.0
52.86583789999713	76.0	100.0
52.88562659997842	76.0	100.0
52.90579299998353	76.0	100.0
52.92569969999022	76.0	100.0
52.94691459997557	76.0	100.0
52.96697239999776	76.0	100.0
52.98628599999938	76.0	100.0
53.00566519997665	76.0	100.0
53.02594759999192	76.0	100.0
53.04680479998933	76.0	100.0
53.06559709997964	76.0	100.0
53.0886548999988	76.0	100.0
53.10586779998266	76.0	100.0
53.12743839999894	76.0	100.0
53.14733619999606	76.0	100.0
53.16678079997655	76.0	100.0
53.185685399977956	76.0	100.0
53.207558599999174	76.0	100.0
53.225580899976194	76.0	100.0
53.246163199975854	76.0	100.0
53.26576099998783	76.0	100.0
53.286051499977475	76.0	100.0
53.30567760000122	76.0	100.0
53.32602389997919	76.0	100.0
53.346773999975994	76.0	100.0
53.36616129998583	76.0	100.0
53.38589389997651	76.0	100.0
53.405817599996226	76.0	100.0
53.42571419998421	76.0	100.0
53.44643489998998	76.0	100.0
53.46589490000042	76.0	100.0
53.48518829999375	76.0	100.0
53.51227989999461	76.0	100.0
53.52651409999817	76.0	100.0
53.54564339999342	76.0	100.0
53.56726859998889	76.0	100.0
53.58561819998431	76.0	100.0
53.60670730000129	76.0	100.0
53.62667359999614	76.0	100.0
53.64623089999077	76.0	100.0
53.67185509999399	76.0	100.0
53.68511719998787	76.0	100.0
53.70130629997584	76.0	100.0
53.718305099988356	76.0	100.0
53.738895399990724	76.0	100.0
53.75982429998112	76.0	100.0
53.7809195999871	76.0	100.0
53.801203499984695	76.0	100.0
53.82397430000128	76.0	100.0
53.84586709999712	76.0	100.0
53.86695219998364	76.0	100.0
53.88563380000414	76.0	100.0
53.90817369997967	76.0	100.0
53.927053599996725	76.0	100.0
53.94655459999922	76.0	100.0
53.96744330000365	76.0	100.0
53.98645159997977	76.0	100.0
54.00376409999444	76.0	100.0
54.027378200000385	76.0	100.0
54.047677299997304	76.0	100.0
54.065958899998805	76.0	100.0
54.087154399981955	76.0	100.0
54.108262099995045	76.0	100.0
54.12750559998676	76.0	100.0
54.147498199978145	77.0	100.0
54.16753740000422	77.0	100.0
54.18691259998013	77.0	100.0
54.20774640000309	77.0	100.0
54.226869599981	77.0	100.0
54.247443100000964	77.0	100.0
54.266662499983795	77.0	100.0
54.287083999981405	77.0	100.0
54.306675999978324	77.0	100.0
54.32719429998542	77.0	100.0
54.34741689998191	77.0	100.0
54.36565759999212	77.0	100.0
54.38712069997564	77.0	100.0
54.40760449998197	77.0	100.0
54.42691709997598	77.0	100.0
54.44289869998465	77.0	100.0
54.466839699976845	77.0	100.0
54.487504899996566	77.0	100.0
54.507036800001515	77.0	100.0
54.52761319998535	77.0	100.0
54.54684039999847	77.0	100.0
54.567163699975936	77.0	100.0
54.58655929999077	77.0	100.0
54.60717909998493	77.0	100.0
54.62722759999451	77.0	100.0
54.6475184999872	77.0	100.0
54.666593699977966	77.0	100.0
54.68734399997629	77.0	100.0
54.707505200000014	77.0	100.0
54.72717349999584	77.0	100.0
54.74719559997902	77.0	100.0
54.76736460000393	77.0	100.0
54.78698760000407	77.0	100.0
54.80670559999999	77.0	100.0
54.82954399997834	77.0	100.0
54.84775329998229	77.0	100.0
54.86691699997755	77.0	100.0
54.88665339999716	77.0	100.0
54.9068266999966	77.0	100.0
54.92631049998454	77.0	100.0
54.94647019999684	77.0	100.0
54.96737309999298	77.0	100.0
54.98613789997762	77.0	100.0
55.00618029999896	77.0	100.0
55.02690799999982	77.0	100.0
55.04715009999927	77.0	100.0
55.06668809999246	77.0	100.0
55.0869873999909	77.0	100.0
55.106406899983995	77.0	100.0
55.126977999985684	77.0	100.0
55.148480000003474	77.0	100.0
55.16738369999803	77.0	100.0
55.18757419998292	77.0	100.0
55.20776729998761	77.0	100.0
55.22749109999859	77.0	100.0
55.247745799977565	77.0	100.0
55.26774139999179	77.0	100.0
55.28910149997682	77.0	100.0
55.307727799983695	77.0	100.0
55.32755119999638	77.0	100.0
55.347208899998805	77.0	100.0
55.367024999985006	77.0	100.0
55.386382600001525	77.0	100.0
55.40683409999474	77.0	100.0
55.42687909997767	77.0	100.0
55.44754669998656	77.0	100.0
55.46729709999636	77.0	100.0
55.48776170000201	77.0	100.0
55.50727139998344	77.0	100.0
55.52733280000393	77.0	100.0
55.54760299998452	77.0	100.0
55.56785389999277	77.0	100.0
55.58726749999914	77.0	100.0
55.608700299984775	77.0	100.0
55.62713269999949	77.0	100.0
55.64876539999386	77.0	100.0
55.66690399998333	77.0	100.0
55.687052699999185	77.0	100.0
55.70744589998503	77.0	100.0
55.72756849997677	77.0	100.0
55.7475627999811	77.0	100.0
55.767697999981465	77.0	100.0
55.78764619998401	77.0	100.0
55.80729369999608	77.0	100.0
55.82657089998247	77.0	100.0
55.847264599986374	77.0	100.0
55.867586099979235	77.0	100.0
55.88752059999388	77.0	100.0
55.907730799983256	77.0	100.0
55.928109000000404	77.0	100.0
55.94711229999666	77.0	100.0
55.96698739999556	77.0	100.0
55.98735029998352	77.0	100.0
56.00763659999939	77.0	100.0
56.026444399991306	77.0	100.0
56.047133199987	77.0	100.0
56.06772120000096	77.0	100.0
56.08793310000328	77.0	100.0
56.111917100002756	77.0	100.0
56.128221799997846	77.0	100.0
56.1471197999781	77.0	100.0
56.29936639999505	77.0	100.0
56.29941369997687	77.0	100.0
56.29943939999794	77.0	100.0
56.29946310000378	77.0	100.0
56.299494999984745	77.0	100.0
56.299521699984325	77.0	100.0
56.29954549999093	77.0	100.0
56.30719859999954	77.0	100.0
56.327351699990686	77.0	100.0
56.348342399985995	77.0	100.0
56.36794199998258	77.0	100.0
56.387265400000615	77.0	100.0
56.40789309999673	77.0	100.0
56.42775179998716	77.0	100.0
56.44847319999826	77.0	100.0
56.46791459998349	77.0	100.0
56.48833809999633	77.0	100.0
56.50837169997976	77.0	100.0
56.52790279997862	77.0	100.0
56.54769710000255	77.0	100.0
56.57014959998196	77.0	100.0
56.587972699984675	77.0	100.0
56.60813710000366	77.0	100.0
56.62771659999271	77.0	100.0
56.64786539998022	77.0	100.0
56.66734630000428	77.0	100.0
56.687844200001564	77.0	100.0
56.71433629997773	77.0	100.0
56.7269329999981	77.0	100.0
56.74909739999566	77.0	100.0
56.77561670000432	77.0	100.0
56.78660689998651	77.0	100.0
56.8061417999852	77.0	100.0
56.82325089999358	77.0	100.0
56.844238899997436	77.0	100.0
56.86524250000366	77.0	100.0
56.885790599975735	77.0	100.0
56.905541099986294	77.0	100.0
56.92722759998287	77.0	100.0
56.94678399999975	77.0	100.0
56.96566719998373	77.0	100.0
56.987297299987404	77.0	100.0
57.00742929999251	77.0	100.0
57.02775869998732	77.0	100.0
57.04801810000208	77.0	100.0
57.06730539997807	77.0	100.0
57.087887599976966	77.0	100.0
57.11143409999204	77.0	100.0
57.12867529998766	77.0	100.0
57.14754639999592	78.0	100.0
57.1684165999759	78.0	100.0
57.18826729999273	78.0	100.0
57.207809999992605	78.0	100.0
57.22756969998591	78.0	100.0
57.24794000000111	78.0	100.0
57.26828509999905	78.0	100.0
57.28858629998285	78.0	100.0
57.30828129997826	78.0	100.0
57.32841570000164	78.0	100.0
57.34828929998912	78.0	100.0
57.36411169997882	78.0	100.0
57.386745099996915	78.0	100.0
57.404366999980994	78.0	100.0
57.4227556999831	78.0	100.0
57.445542000001296	78.0	100.0
57.46545319998404	78.0	100.0
57.48656089999713	78.0	100.0
57.50552219999372	78.0	100.0
57.52739809997729	78.0	100.0
57.546918499981984	78.0	100.0
57.56756509997649	78.0	100.0
57.58782039998914	78.0	100.0
57.60785639999085	78.0	100.0
57.62759279998136	78.0	100.0
57.64766459999373	78.0	100.0
57.66759299999103	78.0	100.0
57.68787510000402	78.0	100.0
57.709695600002306	78.0	100.0
57.728694699995685	78.0	100.0
57.74911959999008	78.0	100.0
57.76875799999107	78.0	100.0
57.78801499999827	78.0	100.0
57.807753799977945	78.0	100.0
57.82777360000182	78.0	100.0
57.848535600001924	78.0	100.0
57.86710519998451	78.0	100.0
57.8878278999764	78.0	100.0
57.909007099980954	78.0	100.0
57.92784779999056	78.0	100.0
57.94902869997895	78.0	100.0
57.968086999986554	78.0	100.0
57.98775639999076	78.0	100.0
58.008758199983276	78.0	100.0
58.0278316999902	78.0	100.0
58.048039799992694	78.0	100.0
58.06836959999055	78.0	100.0
58.08876529999543	78.0	100.0
58.1091110999987	78.0	100.0
58.1298254999856	78.0	100.0
58.14940929997829	77.0	100.0
58.16964599999483	77.0	100.0
58.189378099981695	77.0	100.0
58.20920009998372	77.0	100.0
58.22757239997736	77.0	100.0
58.249104999995325	77.0	100.0
58.26810960000148	77.0	100.0
58.29059199997573	77.0	100.0
58.311068499984685	77.0	100.0
58.329324099991936	77.0	100.0
58.34907159997965	77.0	100.0
58.37563169997884	77.0	100.0
58.388913100003265	77.0	100.0
58.40718999999808	77.0	100.0
58.429211499984376	77.0	100.0
58.44984079999267	77.0	100.0
58.46848829998635	77.0	100.0
58.48986739999964	77.0	100.0
58.508909800002584	77.0	100.0
58.5298287999758	77.0	100.0
58.549907099979464	77.0	100.0
58.56974579999223	77.0	100.0
58.58968479998293	77.0	100.0
58.60865379997995	77.0	100.0
58.6301501999842	77.0	100.0
58.64975159999449	77.0	100.0
58.669753900001524	77.0	100.0
58.68922410000232	77.0	100.0
58.70844669998041	77.0	100.0
58.73012599998037	77.0	100.0
58.75161459998344	77.0	100.0
58.76769310000236	77.0	100.0
58.78802869998617	77.0	100.0
58.80940489997738	77.0	100.0
58.82939389999956	77.0	100.0
58.84988860000158	77.0	100.0
58.869282600004226	77.0	100.0
58.88935250000213	77.0	100.0
58.90895189999719	77.0	100.0
58.92963219998637	77.0	100.0
58.949603999994	77.0	100.0
58.969726699986495	77.0	100.0
58.989556599990465	77.0	100.0
59.00938609999139	77.0	100.0
59.02865749999182	77.0	100.0
59.04862679998041	77.0	100.0
59.069633999984944	77.0	100.0
59.08934489998501	77.0	100.0
59.10910380000132	77.0	100.0
59.13040130000445	77.0	100.0
59.15057679999154	78.0	100.0
59.16738689999329	78.0	100.0
59.18894039999577	78.0	100.0
59.20921519998228	78.0	100.0
59.22860869998112	78.0	100.0
59.25081099997624	78.0	100.0
59.26677779998863	78.0	100.0
59.28808460000437	78.0	100.0
59.30962859999272	78.0	100.0
59.32972409998183	78.0	100.0
59.3489711000002	78.0	100.0
59.37093529998674	78.0	100.0
59.39329290000023	78.0	100.0
59.4096198999905	78.0	100.0
59.43016419999185	78.0	100.0
59.450688999990234	78.0	100.0
59.46966429997701	78.0	100.0
59.489452899986645	78.0	100.0
59.51106659998186	78.0	100.0
59.529720499995165	78.0	100.0
59.54981419999967	78.0	100.0
59.56978119999985	78.0	100.0
59.58938920000219	78.0	100.0
59.609752099990146	78.0	100.0
59.62959529997897	78.0	100.0
59.649888499989174	78.0	100.0
59.66985889998614	78.0	100.0
59.689874699979555	78.0	100.0
59.70957779997843	78.0	100.0
59.729593700001715	78.0	100.0
59.75043970000115	78.0	100.0
59.76952049997635	78.0	100.0
59.789321699994616	78.0	100.0
59.808229199989	78.0	100.0
59.828316899976926	78.0	100.0
59.85704010000336	78.0	100.0
59.86650259999442	78.0	100.0
59.88634629998705	78.0	100.0
59.906920599984005	78.0	100.0
59.92601989998366	78.0	100.0
59.9465447999828	78.0	100.0
59.96775379998144	78.0	100.0
59.98650679999264	78.0	100.0
60.00716849998571	78.0	100.0
60.027822399977595	78.0	100.0
60.05185899999924	78.0	100.0
60.06796459999168	78.0	100.0
60.08879109998816	78.0	100.0
60.110640700004296	78.0	100.0
60.13149390000035	78.0	100.0
60.14982739998959	80.0	100.0
60.17081559999497	80.0	100.0
60.19040130000212	80.0	100.0
60.21012309999787	80.0	100.0
60.229621399979806	80.0	100.0
60.250614199991105	80.0	100.0
60.26969799998915	80.0	100.0
60.2910890999774	80.0	100.0
60.309820099995704	80.0	100.0
60.32962839998072	80.0	100.0
60.351499999989755	80.0	100.0
60.370654500002274	80.0	100.0
60.38958319998346	80.0	100.0
60.410492499999236	80.0	100.0
60.42956879999838	80.0	100.0
60.4505824999942	80.0	100.0
60.46974249999039	80.0	100.0
60.49061479998636	80.0	100.0
60.509923299978254	80.0	100.0
60.53019079999649	80.0	100.0
60.550492699985625	80.0	100.0
60.570445599994855	80.0	100.0
60.59010030000354	80.0	100.0
60.608342099993024	80.0	100.0
60.62708639999619	80.0	100.0
60.64873729998362	80.0	100.0
60.666697399981786	80.0	100.0
60.68812939999043	80.0	100.0
60.7074403000006	80.0	100.0
60.72941010000068	80.0	100.0
60.74939449998783	80.0	100.0
60.77232920000097	80.0	100.0
60.790145199978724	80.0	100.0
60.8109817999939	80.0	100.0
60.830213499983074	80.0	100.0
60.850792899989756	80.0	100.0
60.871245499991346	80.0	100.0
60.89069549998385	80.0	100.0
60.91215979997651	80.0	100.0
60.93052589998115	80.0	100.0
60.950674899999285	80.0	100.0
60.97038899999461	80.0	100.0
60.99051919998601	80.0	100.0
61.00830399998813	80.0	100.0
61.031240099982824	80.0	100.0
61.05057959997794	80.0	100.0
61.070550199976424	80.0	100.0
61.09058139999979	80.0	100.0
61.11121939998702	80.0	100.0
61.13144259998808	80.0	100.0
61.14991059998283	81.0	100.0
61.17132949997904	81.0	100.0
61.19080309997662	81.0	100.0
61.209905399999116	81.0	100.0
61.230887999990955	81.0	100.0
61.25109710000106	81.0	100.0
61.27048389997799	81.0	100.0
61.29212249998818	81.0	100.0
61.310631999978796	81.0	100.0
61.33101480000187	81.0	100.0
61.350529599993024	81.0	100.0
61.370021799986716	81.0	100.0
61.38979429999017	81.0	100.0
61.40978509999695	81.0	100.0
61.42967990000034	81.0	100.0
61.45063749997644	81.0	100.0
61.469917199981865	81.0	100.0
61.490077599999495	81.0	100.0
61.51133139999001	81.0	100.0
61.53088449998177	81.0	100.0
61.550710699986666	81.0	100.0
61.571002399985446	81.0	100.0
61.59036439997726	81.0	100.0
61.61118589999387	81.0	100.0
61.630544199986616	81.0	100.0
61.65039919997798	81.0	100.0
61.66747829999076	81.0	100.0
61.68740439999965	81.0	100.0
61.70751099998597	81.0	100.0
61.730582599993795	81.0	100.0
61.75046640000073	81.0	100.0
61.770756199985044	81.0	100.0
61.792711999994935	81.0	100.0
61.81112810000195	81.0	100.0
61.82969849999063	81.0	100.0
61.8513135999965	81.0	100.0
61.87055140000302	81.0	100.0
61.89088029999402	81.0	100.0
61.91087329998845	81.0	100.0
61.93032919999678	81.0	100.0
61.95013819998712	81.0	100.0
61.970059499988565	81.0	100.0
61.99015609998605	81.0	100.0
62.01050999999279	81.0	100.0
62.03040950000286	81.0	100.0
62.05053739997675	81.0	100.0
62.069615499989595	81.0	100.0
62.09036879998166	81.0	100.0
62.11021399998572	81.0	100.0
62.13210560000152	81.0	100.0
62.151955899986206	83.0	100.0
62.17176470000413	83.0	100.0
62.191062999976566	83.0	100.0
62.21129359997576	83.0	100.0
62.23101609997684	83.0	100.0
62.25139419999323	83.0	100.0
62.27099609997822	83.0	100.0
62.291078399983235	83.0	100.0
62.31096740000066	83.0	100.0
62.33105799998157	83.0	100.0
62.351032399979886	83.0	100.0
62.37115059999633	83.0	100.0
62.391012399981264	83.0	100.0
62.41186829999788	83.0	100.0
62.43126579999807	83.0	100.0
62.45174170000246	83.0	100.0
62.47119349997956	83.0	100.0
62.49195480000344	83.0	100.0
62.51127319998341	83.0	100.0
62.53065020000213	83.0	100.0
62.55130759999156	83.0	100.0
62.571399599983124	83.0	100.0
62.59100149999722	83.0	100.0
62.61207099998137	83.0	100.0
62.6303915999888	83.0	100.0
62.65105939999921	83.0	100.0
62.670390699990094	83.0	100.0
62.69062519998988	83.0	100.0
62.71082680000109	83.0	100.0
62.73056149997865	83.0	100.0
62.750832199992146	83.0	100.0
62.77132829997572	83.0	100.0
62.79117299997597	83.0	100.0
62.811446599982446	83.0	100.0
62.830569299985655	83.0	100.0
62.85222760000033	83.0	100.0
62.869598399993265	83.0	100.0
62.89042349997908	83.0	100.0
62.90836760000093	83.0	100.0
62.931850699998904	83.0	100.0
62.951287399977446	83.0	100.0
62.971667299978435	83.0	100.0
62.99142649999703	83.0	100.0
63.01151369998115	83.0	100.0
63.03159319999395	83.0	100.0
63.05158109997865	83.0	100.0
63.071148999995785	83.0	100.0
63.091572899982566	83.0	100.0
63.11199789997772	83.0	100.0
63.13221399998292	83.0	100.0
63.15153229999123	82.0	100.0
63.17169109999668	82.0	100.0
63.191318500001216	82.0	100.0
63.211742399988	82.0	100.0
63.23195489999489	82.0	100.0
63.25160419999156	82.0	100.0
63.27088719999301	82.0	100.0
63.29114309998113	82.0	100.0
63.31175079999957	82.0	100.0
63.33174449999933	82.0	100.0
63.35149149998324	82.0	100.0
63.37088129998301	82.0	100.0
63.391785399988294	82.0	100.0
63.41151189999073	82.0	100.0
63.43171489998349	82.0	100.0
63.45112209999934	82.0	100.0
63.47066469999845	82.0	100.0
63.49040419998346	82.0	100.0
63.50819599998067	82.0	100.0
63.52754609999829	82.0	100.0
63.54937759999302	82.0	100.0
63.56578449998051	82.0	100.0
63.58362099999795	82.0	100.0
63.60378979999223	82.0	100.0
63.623642499995185	82.0	100.0
63.65028679999523	82.0	100.0
63.67136059998302	82.0	100.0
63.69104189999052	82.0	100.0
63.71116730000358	82.0	100.0
63.731753000000026	82.0	100.0
63.75175029999809	82.0	100.0
63.77212189999409	82.0	100.0
63.791574299975764	82.0	100.0
63.81138919998193	82.0	100.0
63.832917499996256	82.0	100.0
63.8527647999872	82.0	100.0
63.87182189998566	82.0	100.0
63.89202309999382	82.0	100.0
63.91169710000395	82.0	100.0
63.93222649997915	82.0	100.0
63.95283120000386	82.0	100.0
63.97204779999447	82.0	100.0
63.99237789999461	82.0	100.0
64.01220450000255	82.0	100.0
64.03211820000433	82.0	100.0
64.04931000000215	82.0	100.0
64.07146909998846	82.0	100.0
64.09226119998493	82.0	100.0
64.11220599999069	82.0	100.0
64.13339760000235	82.0	100.0
64.15248719998635	80.0	100.0
64.17158480000217	80.0	100.0
64.1919876000029	80.0	100.0
64.21153729999787	80.0	100.0
64.23131039997679	80.0	100.0
64.25175619998481	80.0	100.0
64.27140369999688	80.0	100.0
64.2945122999954	80.0	100.0
64.31243689998519	80.0	100.0
64.33041429999867	80.0	100.0
64.35311850000289	80.0	100.0
64.372850499989	80.0	100.0
64.39152619999368	80.0	100.0
64.41412319999654	80.0	100.0
64.45643629998085	80.0	100.0
64.457459199999	80.0	100.0
64.46527570000035	80.0	100.0
64.48547339998186	80.0	100.0
64.50551799999084	80.0	100.0
64.52486859998317	80.0	100.0
64.54535780000151	80.0	100.0
64.56510259999777	80.0	100.0
64.58435979997739	80.0	100.0
64.60477389997686	80.0	100.0
64.62412039999617	80.0	100.0
64.64558449998731	80.0	100.0
64.66691539998283	80.0	100.0
64.68777520000003	80.0	100.0
64.7077491999953	80.0	100.0
64.72914469998796	80.0	100.0
64.75002419998054	80.0	100.0
64.7693786000018	80.0	100.0
64.79120849998435	80.0	100.0
64.8111641999858	80.0	100.0
64.83119159998023	80.0	100.0
64.85138209999423	80.0	100.0
64.8703969999915	80.0	100.0
64.8905928999884	80.0	100.0
64.91327910000109	80.0	100.0
64.92797999997856	80.0	100.0
64.94948699997622	80.0	100.0
64.96942789998138	80.0	100.0
64.98826260000351	80.0	100.0
65.01148119999561	80.0	100.0
65.03113379998831	80.0	100.0
65.05147959999158	80.0	100.0
65.07124799999292	80.0	100.0
65.09220299997833	80.0	100.0
65.11190649998025	80.0	100.0
65.13227619999088	80.0	100.0
65.15262089998578	79.0	100.0
65.17198199999984	79.0	100.0
65.19200819998514	79.0	100.0
65.21165379998274	79.0	100.0
65.2316112999979	79.0	100.0
65.25232119997963	79.0	100.0
65.27312639998854	79.0	100.0
65.29171089999727	79.0	100.0
65.31095990000176	79.0	100.0
65.33148490000167	79.0	100.0
65.35107330000028	79.0	100.0
65.37246220000088	79.0	100.0
65.39221639998141	79.0	100.0
65.41282309999224	79.0	100.0
65.43181989999721	79.0	100.0
65.45260759998928	79.0	100.0
65.47166809998453	79.0	100.0
65.48936680000043	79.0	100.0
65.51228659998742	79.0	100.0
65.53230489999987	79.0	100.0
65.55241179998848	79.0	100.0
65.57115360000171	79.0	100.0
65.59248369999113	79.0	100.0
65.61255049999454	79.0	100.0
65.63256609998643	79.0	100.0
65.65282149999985	79.0	100.0
65.6722371999931	79.0	100.0
65.69200660000206	79.0	100.0
65.71216999998433	79.0	100.0
65.73196740000276	79.0	100.0
65.75199699998484	79.0	100.0
65.77181789997849	79.0	100.0
65.791450299992	79.0	100.0
65.81205439998303	79.0	100.0
65.83638189997873	79.0	100.0
65.85212579998188	79.0	100.0
65.87173859999166	79.0	100.0
65.89140709998901	79.0	100.0
65.91505869998946	79.0	100.0
65.93330619999324	79.0	100.0
65.95245329997852	79.0	100.0
65.97135849998449	79.0	100.0
65.99172279998311	79.0	100.0
66.01217959998758	79.0	100.0
66.03260059998138	79.0	100.0
66.05324109998764	79.0	100.0
66.072411799978	79.0	100.0
66.0928203999938	79.0	100.0
66.11280589998933	79.0	100.0
66.13304220000282	79.0	100.0
66.15162279998185	77.0	100.0
66.17303889998584	77.0	100.0
66.19303779999609	77.0	100.0
66.21308089999366	77.0	100.0
66.23284519999288	77.0	100.0
66.25338009998086	77.0	100.0
66.27266439999221	77.0	100.0
66.29315990000032	77.0	100.0
66.31258040000102	77.0	100.0
66.3333584999782	77.0	100.0
66.35321649999241	77.0	100.0
66.37240639998345	77.0	100.0
66.38847499998519	77.0	100.0
66.4133923999907	77.0	100.0
66.43291849998059	77.0	100.0
66.45352489998913	77.0	100.0
66.47277919997578	77.0	100.0
66.49266259997967	77.0	100.0
66.51092499998049	77.0	100.0
66.53352939998149	77.0	100.0
66.55322449997766	77.0	100.0
66.5732888999919	77.0	100.0
66.59327799998573	77.0	100.0
66.61327809997601	77.0	100.0
66.63311850000173	77.0	100.0
66.65351509998436	77.0	100.0
66.67340010000044	77.0	100.0
66.69348469999386	77.0	100.0
66.7136737999972	77.0	100.0
66.73313929999131	77.0	100.0
66.75345920000109	77.0	100.0
66.77328500000294	77.0	100.0
66.7929244999832	77.0	100.0
66.81261929997709	77.0	100.0
66.83227409998653	77.0	100.0
66.8534970000037	77.0	100.0
66.87555699999211	77.0	100.0
66.89290320000146	77.0	100.0
66.9130839999998	77.0	100.0
66.93291959998896	77.0	100.0
66.9545220999862	77.0	100.0
66.9734238999954	77.0	100.0
66.99314099998446	77.0	100.0
67.01385259997915	77.0	100.0
67.03294589999132	77.0	100.0
67.05323259998113	77.0	100.0
67.073266899999	77.0	100.0
67.09330389997922	77.0	100.0
67.11329989999649	77.0	100.0
67.13375749997795	77.0	100.0
67.15475079999305	76.0	100.0
67.17413139998098	76.0	100.0
67.19395939999959	76.0	100.0
67.21338020000258	76.0	100.0
67.23327519997838	76.0	100.0
67.25423900000169	76.0	100.0
67.27324529999169	76.0	100.0
67.29534280000371	76.0	100.0
67.31434009998338	76.0	100.0
67.3340932999854	76.0	100.0
67.35418490000302	76.0	100.0
67.3745831999986	76.0	100.0
67.39405099998112	76.0	100.0
67.41430939998827	76.0	100.0
67.43424569998751	76.0	100.0
67.45427829999244	76.0	100.0
67.47333209999488	76.0	100.0
67.49358619999839	76.0	100.0
67.51314809999894	76.0	100.0
67.53410859999713	76.0	100.0
67.5541772999859	76.0	100.0
67.57472099998267	76.0	100.0
67.5940883999865	76.0	100.0
67.6146418999997	76.0	100.0
67.63455299998168	76.0	100.0
67.65457339998102	76.0	100.0
67.67414049999206	76.0	100.0
67.69416649997584	76.0	100.0
67.71335330000147	76.0	100.0
67.73450049999519	76.0	100.0
67.75490489997901	76.0	100.0
67.77441929999623	76.0	100.0
67.79413199998089	76.0	100.0
67.81436339998618	76.0	100.0
67.83418029997847	76.0	100.0
67.85465749999275	76.0	100.0
67.87425269998494	76.0	100.0
67.89453739998862	76.0	100.0
67.91425619999063	76.0	100.0
67.93544109998038	76.0	100.0
67.95404109999072	76.0	100.0
67.97449799999595	76.0	100.0
67.99464329998591	76.0	100.0
68.01485989999492	76.0	100.0
68.03457769998931	76.0	100.0
68.05510859997594	76.0	100.0
68.07457549998071	76.0	100.0
68.09486439998727	76.0	100.0
68.11486410000362	76.0	100.0
68.13514689999283	76.0	100.0
68.15533419998246	74.0	100.0
68.17515490000369	74.0	100.0
68.19452249997994	74.0	100.0
68.21509469999	74.0	100.0
68.23499189998256	74.0	100.0
68.25516179998522	74.0	100.0
68.27492609998444	74.0	100.0
68.29466019998654	74.0	100.0
68.31358220000402	74.0	100.0
68.33195150000392	74.0	100.0
68.350818899984	74.0	100.0
68.37277289998019	74.0	100.0
68.39332059997832	74.0	100.0
68.41479139999137	74.0	100.0
68.43454699998256	74.0	100.0
68.4553903999913	74.0	100.0
68.47449049999705	74.0	100.0
68.49492769999779	74.0	100.0
68.51547289997688	74.0	100.0
68.53496579997591	74.0	100.0
68.55521069999668	74.0	100.0
68.57508799998323	74.0	100.0
68.59446269998443	74.0	100.0
68.61475449998397	74.0	100.0
68.63500849998672	74.0	100.0
68.65554869998596	74.0	100.0
68.67493019998074	74.0	100.0
68.69514959998196	74.0	100.0
68.71483309997711	74.0	100.0
68.73496129998239	74.0	100.0
68.75543509999989	74.0	100.0
68.77491229999578	74.0	100.0
68.79834449998452	74.0	100.0
68.8151358999894	74.0	100.0
68.83429389999947	74.0	100.0
68.85487959999591	74.0	100.0
68.87443559998064	74.0	100.0
68.89429749999545	74.0	100.0
68.91534999999567	74.0	100.0
68.93469559997902	74.0	100.0
68.95533629998681	74.0	100.0
68.97535949997837	74.0	100.0
68.99532009998802	74.0	100.0
69.01493649999611	74.0	100.0
69.03441659998498	74.0	100.0
69.05524109999533	74.0	100.0
69.07468530000187	74.0	100.0
69.094414399995	74.0	100.0
69.11437159997877	74.0	100.0
69.13498199998867	74.0	100.0
69.15496809998876	74.0	100.0
69.1752241999784	74.0	100.0
69.1947362999781	74.0	100.0
69.21458609998808	74.0	100.0
69.23510239997995	74.0	100.0
69.25514739999198	74.0	100.0
69.27456799999345	74.0	100.0
69.29500029998599	74.0	100.0
69.31550349999452	74.0	100.0
69.33493240000098	74.0	100.0
69.35453039998538	74.0	100.0
69.37500649999129	74.0	100.0
69.39463019999675	74.0	100.0
69.41493869997794	74.0	100.0
69.43467529999907	74.0	100.0
69.45508559999871	74.0	100.0
69.4745394999918	74.0	100.0
69.49395919998642	74.0	100.0
69.51296169997659	74.0	100.0
69.53175559997908	74.0	100.0
69.55212579999352	74.0	100.0
69.57154009997612	74.0	100.0
69.59209619998	74.0	100.0
69.61319959998946	74.0	100.0
69.63309479999589	74.0	100.0
69.65599249998922	74.0	100.0
69.67629589998978	74.0	100.0
69.69621110000298	74.0	100.0
69.71598719997564	74.0	100.0
69.73538579998421	74.0	100.0
69.75594909998472	74.0	100.0
69.77636960000382	74.0	100.0
69.79516219999641	74.0	100.0
69.81498199998168	74.0	100.0
69.83517459998257	74.0	100.0
69.85593639998115	74.0	100.0
69.87506530000246	74.0	100.0
69.89589580000029	74.0	100.0
69.91507950000232	74.0	100.0
69.93478849998792	74.0	100.0
69.95579099998577	74.0	100.0
69.97517019999214	74.0	100.0
69.9950572999951	74.0	100.0
70.01198250000016	74.0	100.0
70.03140009997878	74.0	100.0
70.05519409998669	74.0	100.0
70.07607209999696	74.0	100.0
70.0965682999813	74.0	100.0
70.11611529998481	74.0	100.0
70.13650110000162	74.0	100.0
70.15660689998185	74.0	100.0
70.17649220000021	74.0	100.0
70.19647549997899	74.0	100.0
70.2165647999791	74.0	100.0
70.23621869998169	74.0	100.0
70.25654869998107	74.0	100.0
70.2762068999873	74.0	100.0
70.2982676999818	74.0	100.0
70.31686389999231	74.0	100.0
70.33574159999262	74.0	100.0
70.35686729999725	74.0	100.0
70.37665229997947	74.0	100.0
70.39626349997707	74.0	100.0
70.41658229997847	74.0	100.0
70.43628569997963	74.0	100.0
70.45688209999935	74.0	100.0
70.47623309999472	74.0	100.0
70.49690790000022	74.0	100.0
70.5151103999815	74.0	100.0
70.53610529997968	74.0	100.0
70.55706419999478	74.0	100.0
70.57586219999939	74.0	100.0
70.59791559999576	74.0	100.0
70.61627579998458	74.0	100.0
70.63657889998285	74.0	100.0
70.65682579998975	74.0	100.0
70.67645979998633	74.0	100.0
70.69686289998936	74.0	100.0
70.7163498000009	74.0	100.0
70.7366548999853	74.0	100.0
70.7564291000017	74.0	100.0
70.77696329998435	74.0	100.0
70.79654129999108	74.0	100.0
70.81667649999144	74.0	100.0
70.8360709999979	74.0	100.0
70.85723419999704	74.0	100.0
70.87656789997709	74.0	100.0
70.89675029998762	74.0	100.0
70.91657909998321	74.0	100.0
70.93664519998129	74.0	100.0
70.95686750000459	74.0	100.0
70.97635250000167	74.0	100.0
70.99643909998122	74.0	100.0
71.0168158999877	74.0	100.0
71.03658419998828	74.0	100.0
71.0572167999926	74.0	100.0
71.07646839998779	74.0	100.0
71.09680719999596	74.0	100.0
71.11665929999435	74.0	100.0
71.13697089999914	74.0	100.0
71.15692739997758	75.0	100.0
71.17582740000216	75.0	100.0
71.19611679998343	75.0	100.0
71.21688059999724	75.0	100.0
71.23604580000392	75.0	100.0
71.25644879997708	75.0	100.0
71.2761711999774	75.0	100.0
71.29632319998927	75.0	100.0
71.3161345999979	75.0	100.0
71.33787119999761	75.0	100.0
71.35676819999935	75.0	100.0
71.37575969999307	75.0	100.0
71.39733849998447	75.0	100.0
71.41712820000248	75.0	100.0
71.43624149999232	75.0	100.0
71.45576469998923	75.0	100.0
71.47630660000141	75.0	100.0
71.4962988999905	75.0	100.0
71.51639360000263	75.0	100.0
71.53644769999664	75.0	100.0
71.55674069997622	75.0	100.0
71.57434559997637	75.0	100.0
71.5958466999873	75.0	100.0
71.61745920000249	75.0	100.0
71.63739190000342	75.0	100.0
71.65629109999281	75.0	100.0
71.67603209998924	75.0	100.0
71.69689510000171	75.0	100.0
71.71749389998149	75.0	100.0
71.73732699998072	75.0	100.0
71.75730199998361	75.0	100.0
71.77697419998003	75.0	100.0
71.79673129998264	75.0	100.0
71.81636409999919	75.0	100.0
71.83641910000006	75.0	100.0
71.85693349997746	75.0	100.0
71.87643730000127	75.0	100.0
71.89636889999383	75.0	100.0
71.91629259998444	75.0	100.0
71.93656699999701	75.0	100.0
71.95598569998401	75.0	100.0
71.9769880999811	75.0	100.0
71.99668589999783	75.0	100.0
72.01669719998608	75.0	100.0
72.03878079997958	75.0	100.0
72.05277639999986	75.0	100.0
72.07227330000023	75.0	100.0
72.0931318999792	75.0	100.0
72.11299339999096	75.0	100.0
72.13735989999259	75.0	100.0
72.15420849999646	76.0	100.0
72.17476460000034	76.0	100.0
72.19537719999789	76.0	100.0
72.21641649998492	76.0	100.0
72.23680769998464	76.0	100.0
72.25734879999072	76.0	100.0
72.27733929999522	76.0	100.0
72.29725419997703	76.0	100.0
72.31701810000231	76.0	100.0
72.33704709997983	76.0	100.0
72.35755319998134	76.0	100.0
72.37691849999828	76.0	100.0
72.39654809999047	76.0	100.0
72.41720460000215	76.0	100.0
72.43693599998369	76.0	100.0
72.45721049999702	76.0	100.0
72.4770638999762	76.0	100.0
72.49693169997772	76.0	100.0
72.51662189999479	76.0	100.0
72.53714020000189	76.0	100.0
72.55720529999235	76.0	100.0
72.57691380000324	76.0	100.0
72.59710970000015	76.0	100.0
72.61709689997952	76.0	100.0
72.63774839998223	76.0	100.0
72.65828159998637	76.0	100.0
72.67688369998359	76.0	100.0
72.69710719998693	76.0	100.0
72.7170436999877	76.0	100.0
72.73690879999776	76.0	100.0
72.75680029997602	76.0	100.0
72.77686429998721	76.0	100.0
72.79688529999112	76.0	100.0
72.81734369997866	76.0	100.0
72.83608569999342	76.0	100.0
72.85702609998407	76.0	100.0
72.87697650000337	76.0	100.0
72.8971823999891	76.0	100.0
72.91631359999883	76.0	100.0
72.9371031000046	76.0	100.0
72.95736020000186	76.0	100.0
72.97810169999138	76.0	100.0
72.99735459999647	76.0	100.0
73.01803569999174	76.0	100.0
73.03723649997846	76.0	100.0
73.05852099999902	76.0	100.0
73.07724179999786	76.0	100.0
73.09733960000449	76.0	100.0
73.11725379998097	76.0	100.0
73.13862859999062	76.0	100.0
73.15890189999482	76.0	100.0
73.17846639998606	76.0	100.0
73.19828419998521	76.0	100.0
73.21811619997607	76.0	100.0
73.23801149998326	76.0	100.0
73.25858279998647	76.0	100.0
73.27821150000091	76.0	100.0
73.29969980000169	76.0	100.0
73.31802839998272	76.0	100.0
73.33831599997939	76.0	100.0
73.35844509999151	76.0	100.0
73.37856519999332	76.0	100.0
73.3980806999898	76.0	100.0
73.41838449999341	76.0	100.0
73.43760179998935	76.0	100.0
73.45818349998444	76.0	100.0
73.47655859999941	76.0	100.0
73.49826959997881	76.0	100.0
73.51727260000189	76.0	100.0
73.53790199998184	76.0	100.0
73.55856559998938	76.0	100.0
73.57861879997654	76.0	100.0
73.59813060000306	76.0	100.0
73.61785609999788	76.0	100.0
73.63891680000233	76.0	100.0
73.65929670000332	76.0	100.0
73.67870819999371	76.0	100.0
73.6987884999835	76.0	100.0
73.71809270000085	76.0	100.0
73.73855099998764	76.0	100.0
73.75932599999942	76.0	100.0
73.77845270000398	76.0	100.0
73.79826569999568	76.0	100.0
73.8184881999914	76.0	100.0
73.83840219999547	76.0	100.0
73.85891829998582	76.0	100.0
73.87840600000345	76.0	100.0
73.89874909998616	76.0	100.0
73.92088879999937	76.0	100.0
73.93820229999255	76.0	100.0
73.95860139999422	76.0	100.0
73.97909459998482	76.0	100.0
73.99840689997654	76.0	100.0
74.0185266000044	76.0	100.0
74.03838449998875	76.0	100.0
74.05881930000032	76.0	100.0
74.07948399998713	76.0	100.0
74.09836089998134	76.0	100.0
74.11949339997955	76.0	100.0
74.13510779998614	76.0	100.0
74.1564073000045	75.0	100.0
74.17755379999289	75.0	100.0
74.19837649998954	75.0	100.0
74.21909269999014	75.0	100.0
74.23862729998655	75.0	100.0
74.25848039999255	75.0	100.0
74.27766719998908	75.0	100.0
74.29904359998181	75.0	100.0
74.31837609998183	75.0	100.0
74.3410607999831	75.0	100.0
74.35869470000034	75.0	100.0
74.37868439999875	75.0	100.0
74.39844039999298	75.0	100.0
74.41855869998108	75.0	100.0
74.43830869998783	75.0	100.0
74.4584332999948	75.0	100.0
74.4779396999802	75.0	100.0
74.49765919998754	75.0	100.0
74.51818469999125	75.0	100.0
74.53883569999016	75.0	100.0
74.55802419999964	75.0	100.0
74.57979619997786	75.0	100.0
74.59890009998344	75.0	100.0
74.61845969999558	75.0	100.0
74.63862209999934	75.0	100.0
74.65873699999065	75.0	100.0
74.67835689999629	75.0	100.0
74.69810290000169	75.0	100.0
74.71870009999839	75.0	100.0
74.73843639998813	75.0	100.0
74.7586059999885	75.0	100.0
74.77836629998637	75.0	100.0
74.79860320000444	75.0	100.0
74.81918399999267	75.0	100.0
74.83858729997883	75.0	100.0
74.85907259999658	75.0	100.0
74.87898819998372	75.0	100.0
74.89897290000226	75.0	100.0
74.91897599998629	75.0	100.0
74.93911129998742	75.0	100.0
74.95910310000181	75.0	100.0
74.97904369997559	75.0	100.0
74.99934660000145	75.0	100.0
75.01914449999458	75.0	100.0
75.03888619999634	75.0	100.0
75.05764879999333	75.0	100.0
75.08354500000132	75.0	100.0
75.0948870999855	75.0	100.0
75.11494349999703	75.0	100.0
75.13556269998662	75.0	100.0
75.15576639998471	73.0	100.0
75.17666189998272	73.0	100.0
75.19722999999067	73.0	100.0
75.21709120000014	73.0	100.0
75.2390538000036	73.0	100.0
75.2593377000012	73.0	100.0
75.27889549999963	73.0	100.0
75.29894549999153	73.0	100.0
75.31884120000177	73.0	100.0
75.33884139999282	73.0	100.0
75.35961620000307	73.0	100.0
75.37923419999424	73.0	100.0
75.39929760000086	73.0	100.0
75.41958099999465	73.0	100.0
75.43895589999738	73.0	100.0
75.45814279999468	73.0	100.0
75.4795732999919	73.0	100.0
75.49900039998465	73.0	100.0
75.51853689999552	73.0	100.0
75.53879309998592	73.0	100.0
75.55893339999602	73.0	100.0
75.57902299999841	73.0	100.0
75.59889649998513	73.0	100.0
75.61895740000182	73.0	100.0
75.63900179998018	73.0	100.0
75.65912699999171	73.0	100.0
75.67853259999538	73.0	100.0
75.69921299998532	73.0	100.0
75.7191010999959	73.0	100.0
75.73819459998049	73.0	100.0
75.75931969998055	73.0	100.0
75.77895789998001	73.0	100.0
75.79864629998337	73.0	100.0
75.82023499999195	73.0	100.0
75.84003379999194	73.0	100.0
75.86024149999139	73.0	100.0
75.87896329999785	73.0	100.0
75.89894579999964	73.0	100.0
75.91908920000424	73.0	100.0
75.93881269998383	73.0	100.0
75.96010019999812	73.0	100.0
75.97910639998736	73.0	100.0
75.99959969997872	73.0	100.0
76.0202535999997	73.0	100.0
76.03955919999862	73.0	100.0
76.06068779999623	73.0	100.0
76.0798726999783	73.0	100.0
76.0993615000043	73.0	100.0
76.11997040000279	73.0	100.0
76.14141439998639	73.0	100.0
76.16057989999535	71.0	100.0
76.18020569998771	71.0	100.0
76.20027750000008	71.0	100.0
76.2191468999954	71.0	100.0
76.2402278999798	71.0	100.0
76.26037319999887	71.0	100.0
76.27958349999972	71.0	100.0
76.30119859997649	71.0	100.0
76.31945749997976	71.0	100.0
76.34035849999054	71.0	100.0
76.36052899999777	71.0	100.0
76.38058699999237	71.0	100.0
76.3989124999789	71.0	100.0
76.41975040000398	71.0	100.0
76.43951369999559	71.0	100.0
76.46024769998621	71.0	100.0
76.47949149998021	71.0	100.0
76.50003639998613	71.0	100.0
76.51993559999391	71.0	100.0
76.53983829999925	71.0	100.0
76.5600663999794	71.0	100.0
76.5799021999992	71.0	100.0
76.5998505000025	71.0	100.0
76.62017849998665	71.0	100.0
76.64205049999873	71.0	100.0
76.6602454999811	71.0	100.0
76.68003590000444	71.0	100.0
76.69973140000366	71.0	100.0
76.71960459998809	71.0	100.0
76.74183829998947	71.0	100.0
76.7603135999816	71.0	100.0
76.78104139998322	71.0	100.0
76.80083799999557	71.0	100.0
76.8208891999966	71.0	100.0
76.84043069998734	71.0	100.0
76.86104319998412	71.0	100.0
76.87957279998227	71.0	100.0
76.90034140000353	71.0	100.0
76.92070509999758	71.0	100.0
76.94083199999295	71.0	100.0
76.96006409998517	71.0	100.0
76.98116799999843	71.0	100.0
77.00035489999573	71.0	100.0
77.02086489999783	71.0	100.0
77.04083589999937	71.0	100.0
77.06136490000063	71.0	100.0
77.08059159998083	71.0	100.0
77.10115599998971	71.0	100.0
77.12034819999826	71.0	100.0
77.14139149998664	71.0	100.0
77.16170019999845	70.0	100.0
77.1809951000032	70.0	100.0
77.2014750999806	70.0	100.0
77.22086079997825	70.0	100.0
77.23971419999725	70.0	100.0
77.2602998999937	70.0	100.0
77.28068100000382	70.0	100.0
77.30013580000377	70.0	100.0
77.31999629997881	70.0	100.0
77.34093369997572	70.0	100.0
77.36093909997726	70.0	100.0
77.38083690000349	70.0	100.0
77.40010079997592	70.0	100.0
77.42082389999996	70.0	100.0
77.44040849999874	70.0	100.0
77.46132579998812	70.0	100.0
77.4804358999827	70.0	100.0
77.50101029998041	70.0	100.0
77.5209738999838	70.0	100.0
77.54037489998154	70.0	100.0
77.56108359998325	70.0	100.0
77.58115220000036	70.0	100.0
77.60071079997579	70.0	100.0
77.62102399999276	70.0	100.0
77.64099980000174	70.0	100.0
77.66175609998754	70.0	100.0
77.68093059997773	70.0	100.0
77.70123340000282	70.0	100.0
77.7204356000002	70.0	100.0
77.7399375999812	70.0	100.0
77.75821199998609	70.0	100.0
77.78757369998493	70.0	100.0
77.79702129997895	70.0	100.0
77.8170509999909	70.0	100.0
77.8380574999901	70.0	100.0
77.85832219998701	70.0	100.0
77.8783373000042	70.0	100.0
77.8996816999861	70.0	100.0
77.92007939997711	70.0	100.0
77.94124960000045	70.0	100.0
77.9707620999834	70.0	100.0
77.9801424999896	70.0	100.0
78.00084819999756	70.0	100.0
78.02106559998356	70.0	100.0
78.04077229998074	70.0	100.0
78.06176039998536	70.0	100.0
78.08023339998908	70.0	100.0
78.10125169999083	70.0	100.0
78.12521050000214	70.0	100.0
78.1404451999988	70.0	100.0
78.15657789999386	68.0	100.0
78.17671759999939	68.0	100.0
78.19795349999913	68.0	100.0
78.21889449999435	68.0	100.0
78.23881729997811	68.0	100.0
78.26123760000337	68.0	100.0
78.28095339998254	68.0	100.0
78.30148619998363	68.0	100.0
78.32117089998792	68.0	100.0
78.34197199999471	68.0	100.0
78.36160569998901	68.0	100.0
78.3820952999813	68.0	100.0
78.40153579998878	68.0	100.0
78.42207400000188	68.0	100.0
78.44152819999726	68.0	100.0
78.46166849997826	68.0	100.0
78.48355479998281	68.0	100.0
78.50158250000095	68.0	100.0
78.52143739999156	68.0	100.0
78.54160259998753	68.0	100.0
78.56257879998884	68.0	100.0
78.5820635999844	68.0	100.0
78.60294469998917	68.0	100.0
78.62200809997739	68.0	100.0
78.64133879999281	68.0	100.0
78.66196639998816	68.0	100.0
78.68094120000023	68.0	100.0
78.70179309998639	68.0	100.0
78.72138249999261	68.0	100.0
78.74148889997741	68.0	100.0
78.76147050000145	68.0	100.0
78.78103919999558	68.0	100.0
78.80194730000221	68.0	100.0
78.8220720999816	68.0	100.0
78.84201049999683	68.0	100.0
78.86169489999884	68.0	100.0
78.88225110000349	68.0	100.0
78.90160339997965	68.0	100.0
78.92118069998105	68.0	100.0
78.94128479997744	68.0	100.0
78.96248709998326	68.0	100.0
78.98116880000453	68.0	100.0
79.00157369999215	68.0	100.0
79.02251459998661	68.0	100.0
79.04195879999315	68.0	100.0
79.06251599997631	68.0	100.0
79.08194750000257	68.0	100.0
79.10195049998583	68.0	100.0
79.1215033000044	68.0	100.0
79.14259789997595	68.0	100.0
79.16220039999462	68.0	100.0
79.1819123000023	68.0	100.0
79.20224379998399	68.0	100.0
79.22223309997935	68.0	100.0
79.24124189998838	68.0	100.0
79.26278279998223	68.0	100.0
79.28250989998924	68.0	100.0
79.30399190000026	68.0	100.0
79.32147759999498	68.0	100.0
79.34266959998058	68.0	100.0
79.36808729998302	68.0	100.0
79.38217559998157	68.0	100.0
79.40264419998857	68.0	100.0
79.4224415999779	68.0	100.0
79.44128769999952	68.0	100.0
79.46221219998552	68.0	100.0
79.48128149998956	68.0	100.0
79.50218300000415	68.0	100.0
79.52135120000457	68.0	100.0
79.54031909999321	68.0	100.0
79.56223319997662	68.0	100.0
79.58174709999003	68.0	100.0
79.60232569999062	68.0	100.0
79.6227156999812	68.0	100.0
79.64257999998517	68.0	100.0
79.66242529998999	68.0	100.0
79.68217299997923	68.0	100.0
79.7024121999857	68.0	100.0
79.72279820000404	68.0	100.0
79.7424751999788	68.0	100.0
79.76246050000191	68.0	100.0
79.78237609998905	68.0	100.0
79.80215529998532	68.0	100.0
79.82228999998188	68.0	100.0
79.84271699999226	68.0	100.0
79.86246499998379	68.0	100.0
79.881166999985	68.0	100.0
79.90220509999199	68.0	100.0
79.92155299999285	68.0	100.0
79.94199559997651	68.0	100.0
79.96172890000162	68.0	100.0
79.98231160000432	68.0	100.0
80.00206629998866	68.0	100.0
80.02242609998211	68.0	100.0
80.04196419997606	68.0	100.0
80.06253429999924	68.0	100.0
80.08129780000309	68.0	100.0
80.10236369998893	68.0	100.0
80.12184849998448	68.0	100.0
80.1504296999774	68.0	100.0
80.16268639999907	68.0	100.0
80.18256849999307	68.0	100.0
80.20231799999601	68.0	100.0
80.22345540000242	68.0	100.0
80.24231760000112	68.0	100.0
80.26277249999112	68.0	100.0
80.28264959997614	68.0	100.0
80.30199099998572	68.0	100.0
80.32236069999635	68.0	100.0
80.34897849999834	68.0	100.0
80.36269409998204	68.0	100.0
80.3824326999893	68.0	100.0
80.40262219999568	68.0	100.0
80.42287879998912	68.0	100.0
80.4419707999914	68.0	100.0
80.46288889998686	68.0	100.0
80.4825832999777	68.0	100.0
80.50277549997554	68.0	100.0
80.52261089999229	68.0	100.0
80.54282529998454	68.0	100.0
80.56293909999658	68.0	100.0
80.58295660000294	68.0	100.0
80.60172589999274	68.0	100.0
80.62239029997727	68.0	100.0
80.64251869998407	68.0	100.0
80.66293999998015	68.0	100.0
80.68255529997987	68.0	100.0
80.70199569998658	68.0	100.0
80.72208009997848	68.0	100.0
80.74196839999058	68.0	100.0
80.76286779998918	68.0	100.0
80.7829487999843	68.0	100.0
80.80351299999165	68.0	100.0
80.82285639998736	68.0	100.0
80.84272240000428	68.0	100.0
80.86293579998892	68.0	100.0
80.88272239998332	68.0	100.0
80.90204449999146	68.0	100.0
80.92177819999051	68.0	100.0
80.9418628999847	68.0	100.0
80.96260089997668	68.0	100.0
80.98203929999727	68.0	100.0
81.00227969998377	68.0	100.0
81.02232309998362	68.0	100.0
81.04269239999121	68.0	100.0
81.06322489999002	68.0	100.0
81.08248240000103	68.0	100.0
81.10281879999093	68.0	100.0
81.12234299999545	68.0	100.0
81.14272149998578	68.0	100.0
81.16101689997595	70.0	100.0
81.17834429998766	70.0	100.0
81.19842499998049	70.0	100.0
81.21771969998372	70.0	100.0
81.2385233999812	70.0	100.0
81.25854169999366	70.0	100.0
81.28071059999638	70.0	100.0
81.30022089998238	70.0	100.0
81.32191569998395	70.0	100.0
81.34307329999865	70.0	100.0
81.36293370000203	70.0	100.0
81.38244489999488	70.0	100.0
81.40229060000274	70.0	100.0
81.42195170000196	70.0	100.0
81.4423135999823	70.0	100.0
81.46256459999131	70.0	100.0
81.48214949999237	70.0	100.0
81.50243179997778	70.0	100.0
81.52244549998431	70.0	100.0
81.54243539998424	70.0	100.0
81.56243709998671	70.0	100.0
81.58276219997788	70.0	100.0
81.60242209999706	70.0	100.0
81.62280129999272	70.0	100.0
81.64333719998831	70.0	100.0
81.66268519998994	70.0	100.0
81.68073910000385	70.0	100.0
81.70305389998248	70.0	100.0
81.72297029997571	70.0	100.0
81.74302269998589	70.0	100.0
81.76304119999986	70.0	100.0
81.7831373999943	70.0	100.0
81.80262429997674	70.0	100.0
81.82238919998053	70.0	100.0
81.8425820999837	70.0	100.0
81.86300359998131	70.0	100.0
81.88243569998303	70.0	100.0
81.90336929998011	70.0	100.0
81.92299669998465	70.0	100.0
81.94323740000254	70.0	100.0
81.96441929999855	70.0	100.0
81.98318389998167	70.0	100.0
82.00290189997759	70.0	100.0
82.0232732000004	70.0	100.0
82.0429469999799	70.0	100.0
82.06333029997768	70.0	100.0
82.08317519997945	70.0	100.0
82.10339189998922	70.0	100.0
82.12317659999826	70.0	100.0
82.14331649997621	70.0	100.0
82.1637946999981	71.0	100.0
82.18380400000024	71.0	100.0
82.2031707999995	71.0	100.0
82.22312369997962	71.0	100.0
82.24305129999993	71.0	100.0
82.2644989999826	71.0	100.0
82.28252389997942	71.0	100.0
82.3049482999777	71.0	100.0
82.32312409998849	71.0	100.0
82.34340799998608	71.0	100.0
82.36325579998083	71.0	100.0
82.38388069998473	71.0	100.0
82.40300689998548	71.0	100.0
82.42523480000091	71.0	100.0
82.44314190000296	71.0	100.0
82.4640073000046	71.0	100.0
82.48313399998005	71.0	100.0
82.50295219998225	71.0	100.0
82.52248600000166	71.0	100.0
82.54300479998346	71.0	100.0
82.56257719997666	71.0	100.0
82.58284329998423	71.0	100.0
82.60266019997653	71.0	100.0
82.6228116999846	71.0	100.0
82.64268769999035	71.0	100.0
82.66297059998033	71.0	100.0
82.68276889997651	71.0	100.0
82.7029029999976	71.0	100.0
82.72253349999664	71.0	100.0
82.7431333999848	71.0	100.0
82.76286629997776	71.0	100.0
82.7834871999803	71.0	100.0
82.80237930000294	71.0	100.0
82.82288699998753	71.0	100.0
82.84236179999425	71.0	100.0
82.86317909997888	71.0	100.0
82.88258340000175	71.0	100.0
82.90322619999642	71.0	100.0
82.92283729999326	71.0	100.0
82.94668339999043	71.0	100.0
82.96398209998733	71.0	100.0
82.983680299978	71.0	100.0
83.00373999998556	71.0	100.0
83.02354059999925	71.0	100.0
83.04403629997978	71.0	100.0
83.06348359998083	71.0	100.0
83.08303869998781	71.0	100.0
83.10349049998331	71.0	100.0
83.12346699999762	71.0	100.0
83.14608039997984	71.0	100.0
83.16422179999063	72.0	100.0
83.1839626999863	72.0	100.0
83.2035562999954	72.0	100.0
83.22409340000013	72.0	100.0
83.24429239999154	72.0	100.0
83.26427659997717	72.0	100.0
83.28344679999282	72.0	100.0
83.30411399999866	72.0	100.0
83.32321129998309	72.0	100.0
83.34290170000168	72.0	100.0
83.36256320000393	72.0	100.0
83.38288249998004	72.0	100.0
83.40351689999807	72.0	100.0
83.42278059999808	72.0	100.0
83.44777259998955	72.0	100.0
83.46286030000192	72.0	100.0
83.4830185000028	72.0	100.0
83.50328629999422	72.0	100.0
83.52286420000019	72.0	100.0
83.54498409997905	72.0	100.0
83.56297239998821	72.0	100.0
83.58290879998822	72.0	100.0
83.60289589999593	72.0	100.0
83.62303590000374	72.0	100.0
83.64302759998827	72.0	100.0
83.66349310000078	72.0	100.0
83.68317519998527	72.0	100.0
83.70340739999665	72.0	100.0
83.72337880000123	72.0	100.0
83.74413039998035	72.0	100.0
83.76441319999867	72.0	100.0
83.7829989999882	72.0	100.0
83.80294279998634	72.0	100.0
83.82308219998959	72.0	100.0
83.84288689997629	72.0	100.0
83.86311759997625	72.0	100.0
83.8829878999968	72.0	100.0
83.90304959999048	72.0	100.0
83.92286959997728	72.0	100.0
83.94351709997864	72.0	100.0
83.96392789998208	72.0	100.0
83.98306549998233	72.0	100.0
84.00302459998056	72.0	100.0
84.02288039997802	72.0	100.0
84.04281689997879	72.0	100.0
84.06473159999587	72.0	100.0
84.08346219998202	72.0	100.0
84.1033634999767	72.0	100.0
84.12406509998254	72.0	100.0
84.14462969999295	72.0	100.0
84.1646404999774	74.0	100.0
84.1818995999929	74.0	100.0
84.20304309998755	74.0	100.0
84.22243769999477	74.0	100.0
84.23972109999158	74.0	100.0
84.2593113000039	74.0	100.0
84.28090699997847	74.0	100.0
84.30189269999391	74.0	100.0
84.32126519997837	74.0	100.0
84.34150429998408	74.0	100.0
84.3634928999818	74.0	100.0
84.38380660000257	74.0	100.0
84.40333609998925	74.0	100.0
84.42444069997873	74.0	100.0
84.44413859999622	74.0	100.0
84.46452729997691	74.0	100.0
84.48306410000077	74.0	100.0
84.50376969997887	74.0	100.0
84.52432209998369	74.0	100.0
84.54325139999855	74.0	100.0
84.5636833999888	74.0	100.0
84.58445739999297	74.0	100.0
84.6041225999943	74.0	100.0
84.62431260000449	74.0	100.0
84.64420389998122	74.0	100.0
84.66445389998262	74.0	100.0
84.68302070000209	74.0	100.0
84.70392319999519	74.0	100.0
84.72304929999518	74.0	100.0
84.74531259998912	74.0	100.0
84.76378459998523	74.0	100.0
84.78376659998321	74.0	100.0
84.80363119998947	74.0	100.0
84.82308839997859	74.0	100.0
84.84383519997937	74.0	100.0
84.86312069999985	74.0	100.0
84.88363309999113	74.0	100.0
84.90388129997882	74.0	100.0
84.92413929998293	74.0	100.0
84.94394189998275	74.0	100.0
84.96311919999425	74.0	100.0
84.9833620999998	74.0	100.0
85.00369689997751	74.0	100.0
85.02394669997739	74.0	100.0
85.04375219999929	74.0	100.0
85.06574550000369	74.0	100.0
85.08374390000245	74.0	100.0
85.1040512000036	74.0	100.0
85.12370789999841	74.0	100.0
85.14509559998987	74.0	100.0
85.16425929998513	74.0	100.0
85.18351929998607	74.0	100.0
85.20426769999904	74.0	100.0
85.22428070000024	74.0	100.0
85.24427779999678	74.0	100.0
85.2643341999792	74.0	100.0
85.28355749999173	74.0	100.0
85.30661289999261	74.0	100.0
85.3244189999823	74.0	100.0
85.34444580000127	74.0	100.0
85.36450379999587	74.0	100.0
85.38445199999842	74.0	100.0
85.40352009999333	74.0	100.0
85.42390929997782	74.0	100.0
85.44418459999724	74.0	100.0
85.46457290000399	74.0	100.0
85.4830912000034	74.0	100.0
85.50405119999778	74.0	100.0
85.52333319999161	74.0	100.0
85.54470989998663	74.0	100.0
85.56453199998941	74.0	100.0
85.58401209997828	74.0	100.0
85.6034053999756	74.0	100.0
85.62420359998941	74.0	100.0
85.64386519999243	74.0	100.0
85.66423139997642	74.0	100.0
85.68381679998129	74.0	100.0
85.70392709999578	74.0	100.0
85.72297539998544	74.0	100.0
85.74463309999555	74.0	100.0
85.76473850000184	74.0	100.0
85.78451599998516	74.0	100.0
85.80440009999438	74.0	100.0
85.8238352999906	74.0	100.0
85.84384369998588	74.0	100.0
85.86425220000092	74.0	100.0
85.88313619999099	74.0	100.0
85.90392569999676	74.0	100.0
85.9238966999983	74.0	100.0
85.94379859999754	74.0	100.0
85.964767700003	74.0	100.0
85.98372799999197	74.0	100.0
86.00380889998632	74.0	100.0
86.02377060000435	74.0	100.0
86.04388809998636	74.0	100.0
86.064515999984	74.0	100.0
86.08361339999828	74.0	100.0
86.1040327999799	74.0	100.0
86.12358429998858	74.0	100.0
86.14527459998499	74.0	100.0
86.16919809998944	75.0	100.0
86.18467869999586	75.0	100.0
86.20458019999205	75.0	100.0
86.224951399985	75.0	100.0
86.24296199998935	75.0	100.0
86.26504659999046	75.0	100.0
86.28394039999694	75.0	100.0
86.30388679998578	75.0	100.0
86.32369269998162	75.0	100.0
86.3442834999878	75.0	100.0
86.36395279999124	75.0	100.0
86.38390240000444	75.0	100.0
86.40449329998228	75.0	100.0
86.42422240000451	75.0	100.0
86.4440512000001	75.0	100.0
86.4652126999863	75.0	100.0
86.48464779998176	75.0	100.0
86.5045690999832	75.0	100.0
86.52459769998677	75.0	100.0
86.54576249999809	75.0	100.0
86.56421719997888	75.0	100.0
86.5842536999844	75.0	100.0
86.60386599999038	75.0	100.0
86.62432959998841	75.0	100.0
86.64465499998187	75.0	100.0
86.66505979999783	75.0	100.0
86.6845839000016	75.0	100.0
86.70547399998759	75.0	100.0
86.72470669998438	75.0	100.0
86.74460700000054	75.0	100.0
86.77229719999013	75.0	100.0
86.78497459998471	75.0	100.0
86.80435559997568	75.0	100.0
86.8248151000007	75.0	100.0
86.84418669997831	75.0	100.0
86.86518860000069	75.0	100.0
86.88466709997738	75.0	100.0
86.90453259999049	75.0	100.0
86.92478380000102	75.0	100.0
86.94482649999554	75.0	100.0
86.96429049997823	75.0	100.0
86.98385439999402	75.0	100.0
87.00390839998727	75.0	100.0
87.02426959999138	75.0	100.0
87.04432980000274	75.0	100.0
87.06526439997833	75.0	100.0
87.08471119997557	75.0	100.0
87.10509159998037	75.0	100.0
87.12490609998349	75.0	100.0
87.14537349998136	75.0	100.0
87.16551839999738	74.0	100.0
87.18517589999828	74.0	100.0
87.20497249998152	74.0	100.0
87.22473129999707	74.0	100.0
87.24469150000368	74.0	100.0
87.26496589998715	74.0	100.0
87.28289689999656	74.0	100.0
87.30130579997785	74.0	100.0
87.31968519999646	74.0	100.0
87.33944379998138	74.0	100.0
87.36017569998512	74.0	100.0
87.38296789999004	74.0	100.0
87.40269109999645	74.0	100.0
87.42379709999659	74.0	100.0
87.44300159998238	74.0	100.0
87.46503629998188	74.0	100.0
87.48517689999426	74.0	100.0
87.50500049997936	74.0	100.0
87.52443649998168	74.0	100.0
87.54582369999844	74.0	100.0
87.56516939998255	74.0	100.0
87.58477149999817	74.0	100.0
87.6054112999991	74.0	100.0
87.62505740000051	74.0	100.0
87.64484619998257	74.0	100.0
87.66515129999607	74.0	100.0
87.68476639999426	74.0	100.0
87.70510799999465	74.0	100.0
87.72480539997923	74.0	100.0
87.7444722999935	74.0	100.0
87.76484809999238	74.0	100.0
87.78495149998344	74.0	100.0
87.8047932999907	74.0	100.0
87.82476279998082	74.0	100.0
87.84434650000185	74.0	100.0
87.86515460000373	74.0	100.0
87.88495700000203	74.0	100.0
87.90524549997644	74.0	100.0
87.9251871999877	74.0	100.0
87.9451979000005	74.0	100.0
87.96659830000135	74.0	100.0
87.98396640000283	74.0	100.0
88.0058541999897	74.0	100.0
88.02432269998826	74.0	100.0
88.04401069998858	74.0	100.0
88.06546600000001	74.0	100.0
88.08429569998407	74.0	100.0
88.10432630000287	74.0	100.0
88.12436639997759	74.0	100.0
88.14662479999242	74.0	100.0
88.16599029998179	73.0	100.0
88.1854747000034	73.0	100.0
88.20527569999103	73.0	100.0
88.22636989998864	73.0	100.0
88.24511249997886	73.0	100.0
88.2662567999796	73.0	100.0
88.28469469997799	73.0	100.0
88.30685269998503	73.0	100.0
88.32538329999079	73.0	100.0
88.34513549998519	73.0	100.0
88.36508499999763	73.0	100.0
88.38504799999646	73.0	100.0
88.40475079999305	73.0	100.0
88.42561239999486	73.0	100.0
88.4459481999802	73.0	100.0
88.46545789999072	73.0	100.0
88.48519969999325	73.0	100.0
88.50548649998382	73.0	100.0
88.52524369998719	73.0	100.0
88.54547280000406	73.0	100.0
88.56612469998072	73.0	100.0
88.5860233999847	73.0	100.0
88.60515409999061	73.0	100.0
88.62699920000159	73.0	100.0
88.64603149998584	73.0	100.0
88.66613649998908	73.0	100.0
88.68518579998636	73.0	100.0
88.7062023000035	73.0	100.0
88.72533230000408	73.0	100.0
88.74551249999786	73.0	100.0
88.76522619999014	73.0	100.0
88.7852286999987	73.0	100.0
88.80524419998983	73.0	100.0
88.82514209998772	73.0	100.0
88.84492400000454	73.0	100.0
88.865988799982	73.0	100.0
88.88512709998759	73.0	100.0
88.90575389997684	73.0	100.0
88.92519129998982	73.0	100.0
88.9456234999816	73.0	100.0
88.96512499998789	73.0	100.0
88.9851015000022	73.0	100.0
89.00527949997922	73.0	100.0
89.02600669997628	73.0	100.0
89.04599899999448	73.0	100.0
89.06619669997599	73.0	100.0
89.08538059997954	73.0	100.0
89.1062707999954	73.0	100.0
89.12561580000329	73.0	100.0
89.14368949999334	73.0	100.0
89.16516789997695	73.0	100.0
89.18581229998381	73.0	100.0
89.20533369999612	73.0	100.0
89.22610060000443	73.0	100.0
89.24560179997934	73.0	100.0
89.26637070000288	73.0	100.0
89.28535579997697	73.0	100.0
89.30531060000067	73.0	100.0
89.32515409999178	73.0	100.0
89.34529559998191	73.0	100.0
89.3660855999915	73.0	100.0
89.38601359998574	73.0	100.0
89.40559969999595	73.0	100.0
89.42523589998018	73.0	100.0
89.44516750000184	73.0	100.0
89.46605229997658	73.0	100.0
89.48511509998934	73.0	100.0
89.50581819997751	73.0	100.0
89.52606109998305	73.0	100.0
89.54616830000305	73.0	100.0
89.56540999998106	73.0	100.0
89.58518599998206	73.0	100.0
89.60489839999354	73.0	100.0
89.62521659999038	73.0	100.0
89.64522959999158	73.0	100.0
89.66518559999531	73.0	100.0
89.68511819999549	73.0	100.0
89.70530199998757	73.0	100.0
89.72512749998714	73.0	100.0
89.74660210000002	73.0	100.0
89.76548069997807	73.0	100.0
89.7860234999971	73.0	100.0
89.80590700000175	73.0	100.0
89.82653049999499	73.0	100.0
89.84550409999792	73.0	100.0
89.8661763999844	73.0	100.0
89.88513260000036	73.0	100.0
89.90501359998598	73.0	100.0
89.92520189998322	73.0	100.0
89.94584169998416	73.0	100.0
89.9664569000015	73.0	100.0
89.98568369998247	73.0	100.0
90.00554289997672	73.0	100.0
90.02571600000374	73.0	100.0
90.04563919999055	73.0	100.0
90.0662359999842	73.0	100.0
90.08529319998343	73.0	100.0
90.10581399998046	73.0	100.0
90.12523899998632	73.0	100.0
90.14661959998193	73.0	100.0
90.16614899999695	72.0	100.0
90.18614119998529	72.0	100.0
90.2062674999761	72.0	100.0
90.22593659997801	72.0	100.0
90.2463045999757	72.0	100.0
90.26646309997886	72.0	100.0
90.28562469998724	72.0	100.0
90.30611639999552	72.0	100.0
90.32715869997628	72.0	100.0
90.34134610000183	72.0	100.0
90.36129559998517	72.0	100.0
90.38167039997643	72.0	100.0
90.402062499983	72.0	100.0
90.4248306999798	72.0	100.0
90.44460889999755	72.0	100.0
90.46693929997855	72.0	100.0
90.48599679998006	72.0	100.0
90.50637469999492	72.0	100.0
90.52661969998735	72.0	100.0
90.54684429999907	72.0	100.0
90.56648029998178	72.0	100.0
90.58609289999004	72.0	100.0
90.60605360000045	72.0	100.0
90.62557839998044	72.0	100.0
90.64268759998959	72.0	100.0
90.66434960000333	72.0	100.0
90.68480989997624	72.0	100.0
90.70626320000156	72.0	100.0
90.72551239997847	72.0	100.0
90.74656329999561	72.0	100.0
90.76672539999709	72.0	100.0
90.78637990000425	72.0	100.0
90.80644029998803	72.0	100.0
90.82661229997757	72.0	100.0
90.84633089997806	72.0	100.0
90.86499489998096	72.0	100.0
90.88662129998556	72.0	100.0
90.90573509997921	72.0	100.0
90.92600819998188	72.0	100.0
90.94634129997576	72.0	100.0
90.96841969998786	72.0	100.0
90.98636009998154	72.0	100.0
91.00604059998295	72.0	100.0
91.02658079998218	72.0	100.0
91.04610279999906	72.0	100.0
91.06595849999576	72.0	100.0
91.08590779997758	72.0	100.0
91.10591669997666	72.0	100.0
91.12600899999961	72.0	100.0
91.14643579997937	72.0	100.0
91.16673769999761	73.0	100.0
91.18610309998621	73.0	100.0
91.20587419997901	73.0	100.0
91.2265311999945	73.0	100.0
91.24666689999867	73.0	100.0
91.26674749999074	73.0	100.0
91.28639789999579	73.0	100.0
91.30832109999028	73.0	100.0
91.32356199997594	73.0	100.0
91.34645379998256	73.0	100.0
91.36646599997766	73.0	100.0
91.38706639999873	73.0	100.0
91.40656829997897	73.0	100.0
91.42650549998507	73.0	100.0
91.44671689998358	73.0	100.0
91.46371369998087	73.0	100.0
91.4852062999853	73.0	100.0
91.50608979997924	73.0	100.0
91.52356079997844	73.0	100.0
91.54424049999216	73.0	100.0
91.56293960000039	73.0	100.0
91.58377979998477	73.0	100.0
91.60403909999877	73.0	100.0
91.62711020000279	73.0	100.0
91.64534769998863	73.0	100.0
91.66640539999935	73.0	100.0
91.68551439998555	73.0	100.0
91.70696309997584	73.0	100.0
91.72746279998682	73.0	100.0
91.7471094999928	73.0	100.0
91.76694099997985	73.0	100.0
91.78636659999029	73.0	100.0
91.8047826999973	73.0	100.0
91.82691559998784	73.0	100.0
91.84687249999843	73.0	100.0
91.86755120000453	73.0	100.0
91.88671989997965	73.0	100.0
91.9075883999758	73.0	100.0
91.92685809999239	73.0	100.0
91.94686820000061	73.0	100.0
91.96746590000112	73.0	100.0
91.98694799997611	73.0	100.0
92.00655039999401	73.0	100.0
92.02678580000065	73.0	100.0
92.04706599999918	73.0	100.0
92.06720369998948	73.0	100.0
92.08678919999511	73.0	100.0
92.10714039998129	73.0	100.0
92.12665500000003	73.0	100.0
92.14779059999273	73.0	100.0
92.16694579998148	74.0	100.0
92.18652489999658	74.0	100.0
92.20630409999285	74.0	100.0
92.22669999999925	74.0	100.0
92.24638799999957	74.0	100.0
92.26686269999482	74.0	100.0
92.28621609997936	74.0	100.0
92.30695179998293	74.0	100.0
92.32656439999118	74.0	100.0
92.34684829998878	74.0	100.0
92.36684069997864	74.0	100.0
92.38723219998064	74.0	100.0
92.40746489999583	74.0	100.0
92.42686099998537	74.0	100.0
92.44732129998738	74.0	100.0
92.46796349997749	74.0	100.0
92.48689909998211	74.0	100.0
92.50676889999886	74.0	100.0
92.52710049998132	74.0	100.0
92.5497791999951	74.0	100.0
92.56612370000221	74.0	100.0
92.58731459997944	74.0	100.0
92.60583980000229	74.0	100.0
92.6258656999853	74.0	100.0
92.64677359999041	74.0	100.0
92.66736439999659	74.0	100.0
92.68846559998929	74.0	100.0
92.70700129997567	74.0	100.0
92.72704219998559	74.0	100.0
92.74685169997974	74.0	100.0
92.76724149999791	74.0	100.0
92.7869002999796	74.0	100.0
92.80611879998469	74.0	100.0
92.82918050000444	74.0	100.0
92.84222540000337	74.0	100.0
92.86185950000072	74.0	100.0
92.88180559998727	74.0	100.0
92.9033545999846	74.0	100.0
92.92498129999149	74.0	100.0
92.94730659999186	74.0	100.0
92.97024500000407	74.0	100.0
92.98754529998405	74.0	100.0
93.00720669998555	74.0	100.0
93.02960459998576	74.0	100.0
93.04937579997932	74.0	100.0
93.06931699998677	74.0	100.0
93.08867759999703	74.0	100.0
93.10838589997729	74.0	100.0
93.12766080000438	74.0	100.0
93.14966739999363	74.0	100.0
93.16921749999165	74.0	100.0
93.18884339998476	74.0	100.0
93.20865719998255	74.0	100.0
93.22920999999042	74.0	100.0
93.24895459998515	74.0	100.0
93.26898910000455	74.0	100.0
93.28886020000209	74.0	100.0
93.31028879998485	74.0	100.0
93.32903819999774	74.0	100.0
93.34968539999682	74.0	100.0
93.36918919999152	74.0	100.0
93.38998300000094	74.0	100.0
93.4089686999796	74.0	100.0
93.42985970000154	74.0	100.0
93.44985819997964	74.0	100.0
93.46936879999703	74.0	100.0
93.48935349998646	74.0	100.0
93.50934940000298	74.0	100.0
93.52898849998019	74.0	100.0
93.54933429998346	74.0	100.0
93.56927609999548	74.0	100.0
93.58917099999962	74.0	100.0
93.60834569999133	74.0	100.0
93.62915500000236	74.0	100.0
93.64937599998666	74.0	100.0
93.66977999999654	74.0	100.0
93.68903909999062	74.0	100.0
93.70927709998796	74.0	100.0
93.7293085999845	74.0	100.0
93.74964719999116	74.0	100.0
93.76843359999475	74.0	100.0
93.78906189999543	74.0	100.0
93.8097191999841	74.0	100.0
93.8293510999938	74.0	100.0
93.84987859998364	74.0	100.0
93.86970609999844	74.0	100.0
93.88928259999375	74.0	100.0
93.90760589999263	74.0	100.0
93.92992349999258	74.0	100.0
93.94976909999968	74.0	100.0
93.96935450000456	74.0	100.0
93.9908843000012	74.0	100.0
94.00935340000433	74.0	100.0
94.02994019998005	74.0	100.0
94.04942440000013	74.0	100.0
94.06981220000307	74.0	100.0
94.0896201999858	74.0	100.0
94.10985680000158	74.0	100.0
94.12933889997657	74.0	100.0
94.15128849999746	74.0	100.0
94.17067639998277	75.0	100.0
94.18773330000113	75.0	100.0
94.20833850000054	75.0	100.0
94.22751659998903	75.0	100.0
94.24790190000203	75.0	100.0
94.27043720000074	75.0	100.0
94.2895946999779	75.0	100.0
94.31225540000014	75.0	100.0
94.33062179997796	75.0	100.0
94.35097499997937	75.0	100.0
94.37086279998766	75.0	100.0
94.38764489997993	75.0	100.0
94.40699909999967	75.0	100.0
94.42847240000265	75.0	100.0
94.44631519998075	75.0	100.0
94.46780209999997	75.0	100.0
94.48629179998534	75.0	100.0
94.50772679998772	75.0	100.0
94.52769349998562	75.0	100.0
94.54957059997832	75.0	100.0
94.57342609998886	75.0	100.0
94.59010869998019	75.0	100.0
94.60937540000305	75.0	100.0
94.63080169999739	75.0	100.0
94.65034419999574	75.0	100.0
94.67110909998883	75.0	100.0
94.69073259999277	75.0	100.0
94.7104404999991	75.0	100.0
94.73060349997832	75.0	100.0
94.75096229999326	75.0	100.0
94.77143500000238	75.0	100.0
94.790860899986	75.0	100.0
94.81101389997639	75.0	100.0
94.83086029998958	75.0	100.0
94.85097539998242	75.0	100.0
94.87095589999808	75.0	100.0
94.8905522999994	75.0	100.0
94.91037909997976	75.0	100.0
94.9301650999987	75.0	100.0
94.94932569999946	75.0	100.0
94.97109469998395	75.0	100.0
94.99069429998053	75.0	100.0
95.01089259999571	75.0	100.0
95.03075599999283	75.0	100.0
95.05050429998664	75.0	100.0
95.07234839999	75.0	100.0
95.09085359997698	75.0	100.0
95.11111339999479	75.0	100.0
95.13100819999818	75.0	100.0
95.15255400000024	75.0	100.0
95.1715608999948	76.0	100.0
95.19100920000346	76.0	100.0
95.21122850000393	76.0	100.0
95.2311148000008	76.0	100.0
95.25050110000302	76.0	100.0
95.27102779998677	76.0	100.0
95.29145249997964	76.0	100.0
95.31089100000099	76.0	100.0
95.33091409999179	76.0	100.0
95.35108399999444	76.0	100.0
95.3707613000006	76.0	100.0
95.3904205999861	76.0	100.0
95.41039699999965	76.0	100.0
95.43085340000107	76.0	100.0
95.45034089998808	76.0	100.0
95.47176469999249	76.0	100.0
95.49088949998259	76.0	100.0
95.51086739997845	76.0	100.0
95.53138629999012	76.0	100.0
95.55152179999277	76.0	100.0
95.57238949998282	76.0	100.0
95.59140459998162	76.0	100.0
95.61104089999571	76.0	100.0
95.63110379999853	76.0	100.0
95.65164840000216	76.0	100.0
95.67153910000343	76.0	100.0
95.69119349998073	76.0	100.0
95.71167570000398	76.0	100.0
95.73141710000345	76.0	100.0
95.75127249999787	76.0	100.0
95.7715166999842	76.0	100.0
95.7913498999842	76.0	100.0
95.8108707999927	76.0	100.0
95.83142499998212	76.0	100.0
95.85469019997981	76.0	100.0
95.87217829999281	76.0	100.0
95.89153140000417	76.0	100.0
95.9112966999819	76.0	100.0
95.9310571999813	76.0	100.0
95.9514768999943	76.0	100.0
95.9719656999805	76.0	100.0
95.99134320000303	76.0	100.0
96.01071869998123	76.0	100.0
96.03068709999206	76.0	100.0
96.05067470000358	76.0	100.0
96.07203229999868	76.0	100.0
96.09164749999763	76.0	100.0
96.11098470000434	76.0	100.0
96.13076619998901	76.0	100.0
96.15150449998328	76.0	100.0
96.17209340000409	77.0	100.0
96.19139369999175	77.0	100.0
96.21086229998036	77.0	100.0
96.23085539997555	77.0	100.0
96.2507810999814	77.0	100.0
96.27299529997981	77.0	100.0
96.29066699999385	77.0	100.0
96.31166629999643	77.0	100.0
96.33147799997823	77.0	100.0
96.35236729998724	77.0	100.0
96.49157489999197	77.0	100.0
96.49160599999595	77.0	100.0
96.49161949998233	77.0	100.0
96.49163249999401	77.0	100.0
96.49164480000036	77.0	100.0
96.49165670000366	77.0	100.0
96.49166869997862	77.0	100.0
96.5082574999833	77.0	100.0
96.5278417999798	77.0	100.0
96.5478169999842	77.0	100.0
96.57136069997796	77.0	100.0
96.59068140000454	77.0	100.0
96.61088449999806	77.0	100.0
96.63147959997877	77.0	100.0
96.65075199998682	77.0	100.0
96.6719564999803	77.0	100.0
96.69190979999257	77.0	100.0
96.71297539997613	77.0	100.0
96.73276569999871	77.0	100.0
96.7528897000011	77.0	100.0
96.77247389999684	77.0	100.0
96.79133469998487	77.0	100.0
96.81297969998559	77.0	100.0
96.83176989998901	77.0	100.0
96.85204959998373	77.0	100.0
96.87256759998854	77.0	100.0
96.89136929999222	77.0	100.0
96.91232629999286	77.0	100.0
96.931514099997	77.0	100.0
96.95142989998567	77.0	100.0
96.97150729998248	77.0	100.0
96.99167979997583	77.0	100.0
97.01217139998334	77.0	100.0
97.03234229999362	77.0	100.0
97.05164699998568	77.0	100.0
97.07259129997692	77.0	100.0
97.09150239999872	77.0	100.0
97.1134752999933	77.0	100.0
97.13290559998131	77.0	100.0
97.16432879999047	77.0	100.0
97.17254489997867	76.0	100.0
97.19410279998556	76.0	100.0
97.21274560000165	76.0	100.0
97.2330568000034	76.0	100.0
97.25325379997957	76.0	100.0
97.27326819999143	76.0	100.0
97.2935495999991	76.0	100.0
97.3139674999984	76.0	100.0
97.33147629999439	76.0	100.0
97.35248319999664	76.0	100.0
97.3716706999985	76.0	100.0
97.39234099999885	76.0	100.0
97.41134599997895	76.0	100.0
97.43232719998923	76.0	100.0
97.45223450000049	76.0	100.0
97.47237750000204	76.0	100.0
97.49149499999476	76.0	100.0
97.51230819997727	76.0	100.0
97.53196749999188	76.0	100.0
97.55304549998255	76.0	100.0
97.57235329999821	76.0	100.0
97.59233799998765	76.0	100.0
97.61134999999194	76.0	100.0
97.63344289999804	76.0	100.0
97.65283239999553	76.0	100.0
97.67338729999028	76.0	100.0
97.69262259997777	76.0	100.0
97.712686999992	76.0	100.0
97.7321475999779	76.0	100.0
97.75311309998506	76.0	100.0
97.77220169999055	76.0	100.0
97.79226789998938	76.0	100.0
97.81213089998346	76.0	100.0
97.831274199998	76.0	100.0
97.85286319997977	76.0	100.0
97.86920109999483	76.0	100.0
97.88805939999293	76.0	100.0
97.9085800999892	76.0	100.0
97.93005599998287	76.0	100.0
97.94866979998187	76.0	100.0
97.97357279999414	76.0	100.0
97.99479239998618	76.0	100.0
98.01342959998874	76.0	100.0
98.03538789998856	76.0	100.0
98.05380490000243	76.0	100.0
98.07425320000038	76.0	100.0
98.09320179998758	76.0	100.0
98.11364409999806	76.0	100.0
98.1327059000032	76.0	100.0
98.15388139997958	76.0	100.0
98.17590589998872	75.0	100.0
98.19457130000228	75.0	100.0
98.2139601999952	75.0	100.0
98.23387169998023	75.0	100.0
98.25356889999239	75.0	100.0
98.27380779999658	75.0	100.0
98.2928882999986	75.0	100.0
98.3138965999824	75.0	100.0
98.3334461999766	75.0	100.0
98.35343859999557	75.0	100.0
98.37358689997927	75.0	100.0
98.3935498999781	75.0	100.0
98.41444779999438	75.0	100.0
98.43347719998565	75.0	100.0
98.45368469998357	75.0	100.0
98.47418059999472	75.0	100.0
98.49385830000392	75.0	100.0
98.5137526000035	75.0	100.0
98.53351549999206	75.0	100.0
98.55437859997619	75.0	100.0
98.57393729998148	75.0	100.0
98.59386619998259	75.0	100.0
98.61334069998702	75.0	100.0
98.63555569999153	75.0	100.0
98.65093720000004	75.0	100.0
98.67134359999909	75.0	100.0
98.69016689999262	75.0	100.0
98.71126029998413	75.0	100.0
98.7294226999802	75.0	100.0
98.75183649998507	75.0	100.0
98.77260289998958	75.0	100.0
98.79241979998187	75.0	100.0
98.81451329999254	75.0	100.0
98.83456920000026	75.0	100.0
98.85458399998606	75.0	100.0
98.8747347999888	75.0	100.0
98.89431099998183	75.0	100.0
98.91482769997674	75.0	100.0
98.93431979999878	75.0	100.0
98.9538118999917	75.0	100.0
98.97380219999468	75.0	100.0
98.99348029997782	75.0	100.0
99.015113499976	75.0	100.0
99.03408429998672	75.0	100.0
99.0535755000019	75.0	100.0
99.0744898999983	75.0	100.0
99.0939054999908	75.0	100.0
99.11373389998334	75.0	100.0
99.13331869998365	75.0	100.0
99.15458709999803	75.0	100.0
99.17132299998775	75.0	100.0
99.19324339999002	75.0	100.0
99.21392039998318	75.0	100.0
99.23007520000101	75.0	100.0
99.25051109999185	75.0	100.0
99.27138259998173	75.0	100.0
99.29064609998022	75.0	100.0
99.3106770000013	75.0	100.0
99.33042379998369	75.0	100.0
99.35008269999526	75.0	100.0
99.3734095999971	75.0	100.0
99.39195889999974	75.0	100.0
99.41141309999512	75.0	100.0
99.4335036999837	75.0	100.0
99.4534866999893	75.0	100.0
99.47581259999424	75.0	100.0
99.4946546999854	75.0	100.0
99.52153989998624	75.0	100.0
99.53366929999902	75.0	100.0
99.55242510000244	75.0	100.0
99.57117759998073	75.0	100.0
99.59057939998456	75.0	100.0
99.61044059999404	75.0	100.0
99.63030229997821	75.0	100.0
99.65022939999471	75.0	100.0
99.67394439998316	75.0	100.0
99.69191199998022	75.0	100.0
99.71327149998979	75.0	100.0
99.73315620000358	75.0	100.0
99.75410459999694	75.0	100.0
99.77213889997802	75.0	100.0
99.7945894000004	75.0	100.0
99.81605729999137	75.0	100.0
99.83517389997724	75.0	100.0
99.85533449999639	75.0	100.0
99.8755903999845	75.0	100.0
99.89483969999128	75.0	100.0
99.9154925000039	75.0	100.0
99.9340247999935	75.0	100.0
99.95759819998057	75.0	100.0
99.97454509997624	75.0	100.0
99.99452019997989	75.0	100.0
100.01427369998419	75.0	100.0
100.03443739999784	75.0	100.0
100.05433409998659	75.0	100.0
100.07459720000043	75.0	100.0
100.09475119999843	75.0	100.0
100.11442759999773	75.0	100.0
100.13406389998272	75.0	100.0
100.15478759998223	75.0	100.0
100.17326749998028	77.0	100.0
100.19556349999039	77.0	100.0
100.21468219999224	77.0	100.0
100.23568220000016	77.0	100.0
100.255122499977	77.0	100.0
100.27524489999632	77.0	100.0
100.29514469997957	77.0	100.0
100.31803529997705	77.0	100.0
100.3349778999982	77.0	100.0
100.35524999999325	77.0	100.0
100.37491399998544	77.0	100.0
100.39459079998778	77.0	100.0
100.41440079998574	77.0	100.0
100.43447149998974	77.0	100.0
100.45449319999898	77.0	100.0
100.47487939998973	77.0	100.0
100.49502149998443	77.0	100.0
100.51514069997938	77.0	100.0
100.53527659998508	77.0	100.0
100.55518689999008	77.0	100.0
100.57484069999191	77.0	100.0
100.59401400000206	77.0	100.0
100.61479099999997	77.0	100.0
100.63510580000002	77.0	100.0
100.65519940000377	77.0	100.0
100.67543029997614	77.0	100.0
100.69507619997603	77.0	100.0
100.71575929998653	77.0	100.0
100.73543589998735	77.0	100.0
100.75572549999924	77.0	100.0
100.77556650000042	77.0	100.0
100.79539099999238	77.0	100.0
100.81502819998423	77.0	100.0
100.83518609998282	77.0	100.0
100.85548820000258	77.0	100.0
100.87540999997873	77.0	100.0
100.89521879999666	77.0	100.0
100.91556199998013	77.0	100.0
100.93538029998308	77.0	100.0
100.95497329998761	77.0	100.0
100.97523569999612	77.0	100.0
100.99495399999432	77.0	100.0
101.01496269999188	77.0	100.0
101.03583280000021	77.0	100.0
101.05533579998882	77.0	100.0
101.07476679998217	77.0	100.0
101.09560159998364	77.0	100.0
101.11572760000126	77.0	100.0
101.13518739998108	77.0	100.0
101.15445099998033	77.0	100.0
101.17549289998715	77.0	100.0
101.19527870000456	77.0	100.0
101.2168167999771	77.0	100.0
101.23538399999961	77.0	100.0
101.25561999998172	77.0	100.0
101.27587349998066	77.0	100.0
101.29491169998073	77.0	100.0
101.3161513999803	77.0	100.0
101.33588089997647	77.0	100.0
101.35526749998098	77.0	100.0
101.37536049998016	77.0	100.0
101.39548469998408	77.0	100.0
101.4154290999868	77.0	100.0
101.43650239999988	77.0	100.0
101.45559939998202	77.0	100.0
101.47694219998084	77.0	100.0
101.49523929998395	77.0	100.0
101.51549550000345	77.0	100.0
101.53218280000146	77.0	100.0
101.55400499998359	77.0	100.0
101.57372859999305	77.0	100.0
101.59431099999347	77.0	100.0
101.61478519998491	77.0	100.0
101.63230889997794	77.0	100.0
101.65206369999214	77.0	100.0
101.67472489998909	77.0	100.0
101.69305289999465	77.0	100.0
101.71287749998737	77.0	100.0
101.73326280000038	77.0	100.0
101.75508689999697	77.0	100.0
101.7789225000015	77.0	100.0
101.79465319999144	77.0	100.0
101.81284749999759	77.0	100.0
101.83567889998085	77.0	100.0
101.85308189998614	77.0	100.0
101.87568879997707	77.0	100.0
101.89508629997727	77.0	100.0
101.91542149998713	77.0	100.0
101.93527289998019	77.0	100.0
101.95583409999381	77.0	100.0
101.97696969998651	77.0	100.0
101.9959925999865	77.0	100.0
102.01579269999638	77.0	100.0
102.03592289998778	77.0	100.0
102.05525969999144	77.0	100.0
102.07649549999041	77.0	100.0
102.09556449999218	77.0	100.0
102.11626660000184	77.0	100.0
102.13840359999449	77.0	100.0
102.15552810000372	77.0	100.0
102.17618409998249	77.0	100.0
102.19720369999413	77.0	100.0
102.21602549997624	77.0	100.0
102.23611050000181	77.0	100.0
102.25623420000193	77.0	100.0
102.27734859997872	77.0	100.0
102.29617610000423	77.0	100.0
102.31747049998376	77.0	100.0
102.33635339999455	77.0	100.0
102.3567910999991	77.0	100.0
102.37707970000338	77.0	100.0
102.39657019998413	77.0	100.0
102.41536109999288	77.0	100.0
102.43715230000089	77.0	100.0
102.45640989998356	77.0	100.0
102.47697940000216	77.0	100.0
102.49663529999088	77.0	100.0
102.51529189999565	77.0	100.0
102.53516699999454	77.0	100.0
102.5549575999903	77.0	100.0
102.57457539997995	77.0	100.0
102.59489320000284	77.0	100.0
102.61537119999412	77.0	100.0
102.63546849999693	77.0	100.0
102.65569119999418	77.0	100.0
102.67744229998789	77.0	100.0
102.69711680000182	77.0	100.0
102.71706729999278	77.0	100.0
102.73716049999348	77.0	100.0
102.75581029997556	77.0	100.0
102.77828840000439	77.0	100.0
102.7972649000003	77.0	100.0
102.81692119999207	77.0	100.0
102.83741469998495	77.0	100.0
102.85695389998727	77.0	100.0
102.87725699998555	77.0	100.0
102.89641909999773	77.0	100.0
102.9175866000005	77.0	100.0
102.93702829998801	77.0	100.0
102.95817989998613	77.0	100.0
102.97627640000428	77.0	100.0
102.99774939997587	77.0	100.0
103.01616459997604	77.0	100.0
103.03732780000428	77.0	100.0
103.05974509997759	77.0	100.0
103.07714749997831	77.0	100.0
103.09724760000245	77.0	100.0
103.11719119999907	77.0	100.0
103.1361277999822	77.0	100.0
103.16226079998887	77.0	100.0
103.17772239999613	78.0	100.0
103.19748879998224	78.0	100.0
103.21740299998783	78.0	100.0
103.23981559998356	78.0	100.0
103.25797769997735	78.0	100.0
103.27813069999684	78.0	100.0
103.29448209999828	78.0	100.0
103.3161923000007	78.0	100.0
103.33566599999904	78.0	100.0
103.3527974000026	78.0	100.0
103.37325059997966	78.0	100.0
103.39332889998332	78.0	100.0
103.41705859999638	78.0	100.0
103.43517489999067	78.0	100.0
103.45743369997945	78.0	100.0
103.47551530000055	78.0	100.0
103.4964049999835	78.0	100.0
103.51667909999378	78.0	100.0
103.53633269999409	78.0	100.0
103.55644289997872	78.0	100.0
103.57716069999151	78.0	100.0
103.59544989999267	78.0	100.0
103.6148983000021	78.0	100.0
103.63552270000218	78.0	100.0
103.65359149998403	78.0	100.0
103.67497809999622	78.0	100.0
103.69540789999883	78.0	100.0
103.71613119999529	78.0	100.0
103.73668030000408	78.0	100.0
103.75739009998506	78.0	100.0
103.77735239997855	78.0	100.0
103.79743489998509	78.0	100.0
103.81768739997642	78.0	100.0
103.83848959999159	78.0	100.0
103.85724069998832	78.0	100.0
103.87910749998991	78.0	100.0
103.89832379997824	78.0	100.0
103.91842709999764	78.0	100.0
103.93853019998642	78.0	100.0
103.95882689999416	78.0	100.0
103.97870089998469	78.0	100.0
103.99887879999005	78.0	100.0
104.01782789998106	78.0	100.0
104.03773280000314	78.0	100.0
104.05765609999071	78.0	100.0
104.07807499999763	78.0	100.0
104.09770389998448	78.0	100.0
104.11807409999892	78.0	100.0
104.13742139999522	78.0	100.0
104.15936619997956	78.0	100.0
104.17946819998906	79.0	100.0
104.19902010000078	79.0	100.0
104.21840039998642	79.0	100.0
104.23883180000121	79.0	100.0
104.2582072999794	79.0	100.0
104.27889279997908	79.0	100.0
104.29874840000411	79.0	100.0
104.31428130000131	79.0	100.0
104.33527849998791	79.0	100.0
104.35784129999229	79.0	100.0
104.37759459999506	79.0	100.0
104.39853199999197	79.0	100.0
104.4176781999995	79.0	100.0
104.43928249998135	79.0	100.0
104.45868149999296	79.0	100.0
104.47847969998838	79.0	100.0
104.49752829998033	79.0	100.0
104.5188639999833	79.0	100.0
104.538796799985	79.0	100.0
104.55914549998124	79.0	100.0
104.57850419997703	79.0	100.0
104.59855819999939	79.0	100.0
104.61873220000416	79.0	100.0
104.63853289998951	79.0	100.0
104.65909679999459	79.0	100.0
104.67944340000395	79.0	100.0
104.69915800000308	79.0	100.0
104.72579169998062	79.0	100.0
104.7388035999902	79.0	100.0
104.75896879998618	79.0	100.0
104.77948129997822	79.0	100.0
104.80096890000277	79.0	100.0
104.81902189998073	79.0	100.0
104.83934049998061	79.0	100.0
104.8586916999775	79.0	100.0
104.87858389999019	79.0	100.0
104.89829909999389	79.0	100.0
104.91992269997718	79.0	100.0
104.93983979997574	79.0	100.0
104.96049199998379	79.0	100.0
104.97942989997682	79.0	100.0
104.99978409998585	79.0	100.0
105.01880429999437	79.0	100.0
105.03944150000461	79.0	100.0
105.05920550000155	79.0	100.0
105.07971930000349	79.0	100.0
105.09856640000362	79.0	100.0
105.11883669998497	79.0	100.0
105.13972139998805	79.0	100.0
105.16010969999479	79.0	100.0
105.17926539998734	79.0	100.0
105.20035879997886	79.0	100.0
105.21948649999104	79.0	100.0
105.23952889998327	79.0	100.0
105.25924329998088	79.0	100.0
105.27926099998876	79.0	100.0
105.29871549998643	79.0	100.0
105.31956929998705	79.0	100.0
105.33960439998191	79.0	100.0
105.35921080000116	79.0	100.0
105.3793095999863	79.0	100.0
105.39888619998237	79.0	100.0
105.41837769999984	79.0	100.0
105.43885979999322	79.0	100.0
105.4595083000022	79.0	100.0
105.47967979998793	79.0	100.0
105.49921700000414	79.0	100.0
105.5190794999944	79.0	100.0
105.53923559997929	79.0	100.0
105.55969749999349	79.0	100.0
105.58018920000177	79.0	100.0
105.59869869999238	79.0	100.0
105.61995449999813	79.0	100.0
105.63810879999073	79.0	100.0
105.65917009999976	79.0	100.0
105.67938809999032	79.0	100.0
105.69974179999554	79.0	100.0
105.71956569998292	79.0	100.0
105.73940959997708	79.0	100.0
105.75945789998514	79.0	100.0
105.78021629998693	79.0	100.0
105.79986519998056	79.0	100.0
105.81948259999626	79.0	100.0
105.84098249999806	79.0	100.0
105.85948899999494	79.0	100.0
105.8797704000026	79.0	100.0
105.8999173999764	79.0	100.0
105.92023209997569	79.0	100.0
105.93928969997796	79.0	100.0
105.96188069999334	79.0	100.0
105.97997729998315	79.0	100.0
105.99984169998788	79.0	100.0
106.01956469999277	79.0	100.0
106.03996559997904	79.0	100.0
106.05946160000167	79.0	100.0
106.07992019999074	79.0	100.0
106.09992769997916	79.0	100.0
106.12000519997673	79.0	100.0
106.13878369997838	79.0	100.0
106.15973949999898	79.0	100.0
106.17972339998232	78.0	100.0
106.19970319999265	78.0	100.0
106.21951159997843	78.0	100.0
106.2400987999863	78.0	100.0
106.26003869998385	78.0	100.0
106.28001550000045	78.0	100.0
106.29983289999655	78.0	100.0
106.32139679999091	78.0	100.0
106.3399880999932	78.0	100.0
106.35989039999549	78.0	100.0
106.37971339997603	78.0	100.0
106.40033479998237	78.0	100.0
106.41923989998759	78.0	100.0
106.44201099997736	78.0	100.0
106.46041679999325	78.0	100.0
106.48041619997821	78.0	100.0
106.50006289998419	78.0	100.0
106.52001720000408	78.0	100.0
106.55609189998358	78.0	100.0
106.56014439999126	78.0	100.0
106.58003689997713	78.0	100.0
106.59949849999975	78.0	100.0
106.62055009999312	78.0	100.0
106.64001529998495	78.0	100.0
106.66033349998179	78.0	100.0
106.69110329999239	78.0	100.0
106.69914909999352	78.0	100.0
106.71942869998747	78.0	100.0
106.73923509998713	78.0	100.0
106.75981139999931	78.0	100.0
106.78039770000032	78.0	100.0
106.79989609998302	78.0	100.0
106.819745899993	78.0	100.0
106.83967549999943	78.0	100.0
106.85947629998554	78.0	100.0
106.88071719999425	78.0	100.0
106.8989093999844	78.0	100.0
106.91906309998012	78.0	100.0
106.93925419999869	78.0	100.0
106.95928379998077	78.0	100.0
106.97931439999957	78.0	100.0
106.9993656000006	78.0	100.0
107.01894700000412	78.0	100.0
107.04040589998476	78.0	100.0
107.05914040000062	78.0	100.0
107.0802657000022	78.0	100.0
107.09902429999784	78.0	100.0
107.11929189998773	78.0	100.0
107.13893769998685	78.0	100.0
107.16029679999338	78.0	100.0
107.17998649997753	78.0	100.0
107.19969489998766	78.0	100.0
107.21889749998809	78.0	100.0
107.23939579998842	78.0	100.0
107.25889800000004	78.0	100.0
107.27931839998928	78.0	100.0
107.29919130000053	78.0	100.0
107.31958319997648	78.0	100.0
107.33894339998369	78.0	100.0
107.36074699999881	78.0	100.0
107.37957560000359	78.0	100.0
107.39919100000407	78.0	100.0
107.41911919999984	78.0	100.0
107.43908250000095	78.0	100.0
107.46027409998351	78.0	100.0
107.48133499998949	78.0	100.0
107.50014389998978	78.0	100.0
107.51962889998686	78.0	100.0
107.53964879998239	78.0	100.0
107.55972959997598	78.0	100.0
107.5796343999973	78.0	100.0
107.59979690000182	78.0	100.0
107.61930520000169	78.0	100.0
107.63958249997813	78.0	100.0
107.66094519998296	78.0	100.0
107.68061260000104	78.0	100.0
107.69929419999244	78.0	100.0
107.7194733999786	78.0	100.0
107.73915769997984	78.0	100.0
107.75951989999157	78.0	100.0
107.77965419998509	78.0	100.0
107.79950019999524	78.0	100.0
107.81921519999742	78.0	100.0
107.84042409999529	78.0	100.0
107.85935409998638	78.0	100.0
107.8797113999899	78.0	100.0
107.89950079997652	78.0	100.0
107.91940489999251	78.0	100.0
107.93921769998269	78.0	100.0
107.95987639998202	78.0	100.0
107.9800283999939	78.0	100.0
108.00007349997759	78.0	100.0
108.01929909997853	78.0	100.0
108.04044509999221	78.0	100.0
108.06001990000368	78.0	100.0
108.08061809997889	78.0	100.0
108.09958320000442	78.0	100.0
108.1208106999984	78.0	100.0
108.13985959999263	78.0	100.0
108.160785199987	78.0	100.0
108.18047059999662	78.0	100.0
108.20112719997996	78.0	100.0
108.21953539998503	78.0	100.0
108.23993749998044	78.0	100.0
108.2598416999972	78.0	100.0
108.28225479999674	78.0	100.0
108.30027549999068	78.0	100.0
108.31970029999502	78.0	100.0
108.3388949999935	78.0	100.0
108.3602758999914	78.0	100.0
108.38049049998517	78.0	100.0
108.40107870000065	78.0	100.0
108.42123499998706	78.0	100.0
108.44109879998723	78.0	100.0
108.46055399999022	78.0	100.0
108.48192920000292	78.0	100.0
108.4996307999827	78.0	100.0
108.5242873999814	78.0	100.0
108.54002069999115	78.0	100.0
108.56098159999237	78.0	100.0
108.5803453999979	78.0	100.0
108.60050219998811	78.0	100.0
108.62232239998411	78.0	100.0
108.64167739998084	78.0	100.0
108.66002889999072	78.0	100.0
108.68063099999563	78.0	100.0
108.70148190000327	78.0	100.0
108.72127479998744	78.0	100.0
108.74110389998532	78.0	100.0
108.75937799998792	78.0	100.0
108.7797423999873	78.0	100.0
108.80060769998818	78.0	100.0
108.8178853999998	78.0	100.0
108.83979669999098	78.0	100.0
108.85969719997956	78.0	100.0
108.87977369999862	78.0	100.0
108.90036519998102	78.0	100.0
108.92047689997707	78.0	100.0
108.93949099999736	78.0	100.0
108.9594756999868	78.0	100.0
108.99197549998644	78.0	100.0
109.00072529999306	78.0	100.0
109.0194724999892	78.0	100.0
109.04134799999883	78.0	100.0
109.05973029998131	78.0	100.0
109.0808172999823	78.0	100.0
109.10152919997927	78.0	100.0
109.12194509999244	78.0	100.0
109.1410210999893	78.0	100.0
109.16090849999455	78.0	100.0
109.17990930000087	78.0	100.0
109.20101059999433	78.0	100.0
109.22145129999262	78.0	100.0
109.24116720000166	78.0	100.0
109.2609422999958	78.0	100.0
109.2814623999875	78.0	100.0
109.30178839998553	78.0	100.0
109.32288619998144	78.0	100.0
109.34112929998082	78.0	100.0
109.36147849998088	78.0	100.0
109.38118909997866	78.0	100.0
109.40192989999196	78.0	100.0
109.42042419998324	78.0	100.0
109.44088419998297	78.0	100.0
109.46036549998098	78.0	100.0
109.48106089999783	78.0	100.0
109.50025089998962	78.0	100.0
109.52136620000238	78.0	100.0
109.54043309998815	78.0	100.0
109.56091939998441	78.0	100.0
109.58118280000053	78.0	100.0
109.60103059999528	78.0	100.0
109.62092629997642	78.0	100.0
109.64169889999903	78.0	100.0
109.66138239999418	78.0	100.0
109.68140219998895	78.0	100.0
109.70136109998566	78.0	100.0
109.72055739999632	78.0	100.0
109.74073849999695	78.0	100.0
109.76122449999093	78.0	100.0
109.78137509999215	78.0	100.0
109.80135659998632	78.0	100.0
109.82163839999703	78.0	100.0
109.84143509998103	78.0	100.0
109.86104349998641	78.0	100.0
109.88187759998254	78.0	100.0
109.90039799999795	78.0	100.0
109.92102969999542	78.0	100.0
109.9407477999921	78.0	100.0
109.96087459998671	78.0	100.0
109.98151519999374	78.0	100.0
110.00159010000061	78.0	100.0
110.02309329999844	78.0	100.0
110.04112639999948	78.0	100.0
110.06110659998376	78.0	100.0
110.08150479997857	78.0	100.0
110.10105329999351	78.0	100.0
110.12200299999677	78.0	100.0
110.14134599998943	78.0	100.0
110.16135949999443	78.0	100.0
110.18386560000363	79.0	100.0
110.20260550000239	79.0	100.0
110.22151350000058	79.0	100.0
110.24186290000216	79.0	100.0
110.26140459999442	79.0	100.0
110.28168559999904	79.0	100.0
110.30052679998334	79.0	100.0
110.32164729997749	79.0	100.0
110.3416092999978	79.0	100.0
110.36134419997688	79.0	100.0
110.38221680000424	79.0	100.0
110.40251149999676	79.0	100.0
110.4223212999932	79.0	100.0
110.44199599997955	79.0	100.0
110.46091090000118	79.0	100.0
110.48204989999067	79.0	100.0
110.5018504000036	79.0	100.0
110.52092849998735	79.0	100.0
110.54264780000085	79.0	100.0
110.56223309997586	79.0	100.0
110.5823287999956	79.0	100.0
110.60250739997718	79.0	100.0
110.62144699998316	79.0	100.0
110.64185159999761	79.0	100.0
110.66162009999971	79.0	100.0
110.68211490000249	79.0	100.0
110.70158669998636	79.0	100.0
110.72198579998803	79.0	100.0
110.74237140000332	79.0	100.0
110.76201449998189	79.0	100.0
110.78235279998626	79.0	100.0
110.80172859999584	79.0	100.0
110.82154539998737	79.0	100.0
110.8423494999879	79.0	100.0
110.86177119999775	79.0	100.0
110.88241239998024	79.0	100.0
110.90192159998696	79.0	100.0
110.9218028000032	79.0	100.0
110.94194079999579	79.0	100.0
110.96193319998565	79.0	100.0
110.98143539999728	79.0	100.0
111.00194009998813	79.0	100.0
111.02199959999416	79.0	100.0
111.04226899999776	79.0	100.0
111.06135329999961	79.0	100.0
111.08247279998614	79.0	100.0
111.10198039998068	79.0	100.0
111.1219265999971	79.0	100.0
111.14245250000386	79.0	100.0
111.16308259998914	79.0	100.0
111.18232069999794	79.0	100.0
111.20312399999239	79.0	100.0
111.2229053999763	79.0	100.0
111.24286539998138	79.0	100.0
111.26267979998374	79.0	100.0
111.28300440000021	79.0	100.0
111.30282709997846	79.0	100.0
111.32206799997948	79.0	100.0
111.34270069998456	79.0	100.0
111.362398999976	79.0	100.0
111.38321060000453	79.0	100.0
111.40282139999908	79.0	100.0
111.42262440000195	79.0	100.0
111.44286169999395	79.0	100.0
111.46294060000218	79.0	100.0
111.48281799998949	79.0	100.0
111.50286799998139	79.0	100.0
111.5226690999989	79.0	100.0
111.54272589998436	79.0	100.0
111.56320279999636	79.0	100.0
111.58308079998824	79.0	100.0
111.60291309998138	79.0	100.0
111.62284189998172	79.0	100.0
111.64329209999414	79.0	100.0
111.66433440000401	79.0	100.0
111.68247440000414	79.0	100.0
111.70214369997848	79.0	100.0
111.7196658999892	79.0	100.0
111.7389295999892	79.0	100.0
111.76503339997726	79.0	100.0
111.78278749997844	79.0	100.0
111.80142249999335	79.0	100.0
111.82341270000325	79.0	100.0
111.84249859998818	79.0	100.0
111.86334599999827	79.0	100.0
111.8834155999939	79.0	100.0
111.90288670000155	79.0	100.0
111.92303289999836	79.0	100.0
111.94278689997736	79.0	100.0
111.96307349999552	79.0	100.0
111.98273119999794	79.0	100.0
112.002428399981	79.0	100.0
112.02301069998066	79.0	100.0
112.04336469998816	79.0	100.0
112.06239869998535	79.0	100.0
112.08268500000122	79.0	100.0
112.10274179998669	79.0	100.0
112.12272329998086	79.0	100.0
112.14242359998752	79.0	100.0
112.1639972999983	79.0	100.0
112.18326019999222	80.0	100.0
112.20323819998885	80.0	100.0
112.22302750000381	80.0	100.0
112.24303859999054	80.0	100.0
112.26308569998946	80.0	100.0
112.28329649998341	80.0	100.0
112.30199599999469	80.0	100.0
112.32478860000265	80.0	100.0
112.34320869998191	80.0	100.0
112.36312739999266	80.0	100.0
112.38323449998279	80.0	100.0
112.40400099998806	80.0	100.0
112.42284980000113	80.0	100.0
112.44334499997785	80.0	100.0
112.46298889999161	80.0	100.0
112.48375899999519	80.0	100.0
112.5013745999895	80.0	100.0
112.5236556000018	80.0	100.0
112.54236019999371	80.0	100.0
112.56177149998257	80.0	100.0
112.5831204999995	80.0	100.0
112.60357249999652	80.0	100.0
112.62324549999903	80.0	100.0
112.64350259999628	80.0	100.0
112.66240109998034	80.0	100.0
112.6825634999841	80.0	100.0
112.70255119999638	80.0	100.0
112.72230769999442	80.0	100.0
112.74276880000252	80.0	100.0
112.76271029998315	80.0	100.0
112.7830721999926	80.0	100.0
112.80358989999513	80.0	100.0
112.82305489998544	80.0	100.0
112.84347929997602	80.0	100.0
112.86314589998801	80.0	100.0
112.88359630000195	80.0	100.0
112.90314119998948	80.0	100.0
112.92340989998775	80.0	100.0
112.94324039999628	80.0	100.0
112.96314409998013	80.0	100.0
112.98280559998238	80.0	100.0
113.00367809997988	80.0	100.0
113.02292479999596	80.0	100.0
113.0435896999843	80.0	100.0
113.06379980000202	80.0	100.0
113.08391509999637	80.0	100.0
113.10250899998937	80.0	100.0
113.12267499999143	80.0	100.0
113.14256489998661	80.0	100.0
113.16487079998478	80.0	100.0
113.18146429999615	79.0	100.0
113.20393930000137	79.0	100.0
113.22252569999546	79.0	100.0
113.24382699999842	79.0	100.0
113.26329719999922	79.0	100.0
113.2834985999798	79.0	100.0
113.30388969997875	79.0	100.0
113.32354159999522	79.0	100.0
113.34535789999063	79.0	100.0
113.3635299000016	79.0	100.0
113.38343909999821	79.0	100.0
113.40348889998859	79.0	100.0
113.42412809998496	79.0	100.0
113.44333869998809	79.0	100.0
113.46356390000437	79.0	100.0
113.48332839997602	79.0	100.0
113.50481969999964	79.0	100.0
113.52288439997938	79.0	100.0
113.54249329998856	79.0	100.0
113.56285899999784	79.0	100.0
113.58290059998399	79.0	100.0
113.6036027999944	79.0	100.0
113.62231289999909	79.0	100.0
113.64323980000336	79.0	100.0
113.66308129997924	79.0	100.0
113.68310159997782	79.0	100.0
113.70256360000349	79.0	100.0
113.72305249999044	79.0	100.0
113.74288849998266	79.0	100.0
113.76347909998731	79.0	100.0
113.78365929998108	79.0	100.0
113.80286209998303	79.0	100.0
113.82373099998222	79.0	100.0
113.84335019998252	79.0	100.0
113.86387420000392	79.0	100.0
113.88343919999897	79.0	100.0
113.90370039999834	79.0	100.0
113.92368690000148	79.0	100.0
113.94321719999425	79.0	100.0
113.96359469997697	79.0	100.0
113.98413869997603	79.0	100.0
114.00381559997913	79.0	100.0
114.02341359999264	79.0	100.0
114.04381390000344	79.0	100.0
114.0631005000032	79.0	100.0
114.0837152999884	79.0	100.0
114.10389149998082	79.0	100.0
114.12300589997903	79.0	100.0
114.14215309999418	79.0	100.0
114.16381080000428	79.0	100.0
114.18391520000296	79.0	100.0
114.20305240000016	79.0	100.0
114.22369929999695	79.0	100.0
114.24375819999841	79.0	100.0
114.26282770000398	79.0	100.0
114.28355159997591	79.0	100.0
114.30328480000026	79.0	100.0
114.32391579999239	79.0	100.0
114.343762399978	79.0	100.0
114.36208419999457	79.0	100.0
114.38035709998803	79.0	100.0
114.40193490000092	79.0	100.0
114.42342249999638	79.0	100.0
114.4438242999895	79.0	100.0
114.46328249998624	79.0	100.0
114.48398389999056	79.0	100.0
114.50379459999385	79.0	100.0
114.52332259999821	79.0	100.0
114.5433733999962	79.0	100.0
114.56384399998933	79.0	100.0
114.58341779999319	79.0	100.0
114.60293900000397	79.0	100.0
114.62407900000107	79.0	100.0
114.64300339997862	79.0	100.0
114.66287050000392	79.0	100.0
114.68379129999084	79.0	100.0
114.70360369997798	79.0	100.0
114.72643640000024	79.0	100.0
114.74387419997947	79.0	100.0
114.76483669999288	79.0	100.0
114.78265349997673	79.0	100.0
114.80353119998472	79.0	100.0
114.82292809998034	79.0	100.0
114.84342560000368	79.0	100.0
114.86358439998003	79.0	100.0
114.88403960000142	79.0	100.0
114.90399439999601	79.0	100.0
114.92365359998075	79.0	100.0
114.94375749997562	79.0	100.0
114.96386489999713	79.0	100.0
114.98375889999443	79.0	100.0
115.00290949997725	79.0	100.0
115.02343329999712	79.0	100.0
115.04339499998605	79.0	100.0
115.06424849998439	79.0	100.0
115.08424699999159	79.0	100.0
115.10372659997665	79.0	100.0
115.12360319998697	79.0	100.0
115.15134809998563	79.0	100.0
115.1637941999943	79.0	100.0
115.18434649999836	78.0	100.0
115.20543949998682	78.0	100.0
115.22439249997842	78.0	100.0
115.24584789999062	78.0	100.0
115.26780609998968	78.0	100.0
115.28450899999007	78.0	100.0
115.3034411999979	78.0	100.0
115.32564629998524	78.0	100.0
115.34398159998818	78.0	100.0
115.3641572999768	78.0	100.0
115.38367569999536	78.0	100.0
115.40373679998447	78.0	100.0
115.42356029999792	78.0	100.0
115.44369610000285	78.0	100.0
115.4638170999824	78.0	100.0
115.48399019998033	78.0	100.0
115.50330650000251	78.0	100.0
115.52282289997675	78.0	100.0
115.54331449998426	78.0	100.0
115.56406099998276	78.0	100.0
115.58350720000453	78.0	100.0
115.60279109998373	78.0	100.0
115.62472530000377	78.0	100.0
115.64404559999821	78.0	100.0
115.66348599997582	78.0	100.0
115.68320949998451	78.0	100.0
115.70314299999154	78.0	100.0
115.72278609999921	78.0	100.0
115.74370799999451	78.0	100.0
115.76408209998044	78.0	100.0
115.78389540000353	78.0	100.0
115.80369659999269	78.0	100.0
115.82347119998303	78.0	100.0
115.84361159999389	78.0	100.0
115.86379819997819	78.0	100.0
115.8834644999879	78.0	100.0
115.90296949999174	78.0	100.0
115.9230138999992	78.0	100.0
115.9430030999938	78.0	100.0
115.96311899999273	78.0	100.0
115.9833325999789	78.0	100.0
116.00335379998432	78.0	100.0
116.022899100004	78.0	100.0
116.04331639999873	78.0	100.0
116.06467049999628	78.0	100.0
116.08342079998692	78.0	100.0
116.10273990000132	78.0	100.0
116.12323840000317	78.0	100.0
116.14302560000215	78.0	100.0
116.16825389998849	78.0	100.0
116.18367080000462	78.0	100.0
116.20703809999395	78.0	100.0
116.22324490000028	78.0	100.0
116.24314059998142	78.0	100.0
116.26328439998906	78.0	100.0
116.28359059998184	78.0	100.0
116.303588699986	78.0	100.0
116.32313769997563	78.0	100.0
116.34307829997852	78.0	100.0
116.36295819998486	78.0	100.0
116.38477380000404	78.0	100.0
116.40441409999039	78.0	100.0
116.42444459997932	78.0	100.0
116.44651829998475	78.0	100.0
116.46409019999555	78.0	100.0
116.48414249997586	78.0	100.0
116.50395309997839	78.0	100.0
116.52362339998945	78.0	100.0
116.54482079998706	78.0	100.0
116.56409430000349	78.0	100.0
116.58413549998659	78.0	100.0
116.60403570000199	78.0	100.0
116.62316160000046	78.0	100.0
116.64527109998744	78.0	100.0
116.66406839998672	78.0	100.0
116.68362639998668	78.0	100.0
116.70320059999358	78.0	100.0
116.72324709998793	78.0	100.0
116.74293680000119	78.0	100.0
116.76338439999381	78.0	100.0
116.78433379999478	78.0	100.0
116.8034274999809	78.0	100.0
116.82299220000277	78.0	100.0
116.84381769999163	78.0	100.0
116.86344159999862	78.0	100.0
116.883897599997	78.0	100.0
116.90357739999308	78.0	100.0
116.92426579998573	78.0	100.0
116.9429479999817	78.0	100.0
116.96338259999175	78.0	100.0
116.98348819999956	78.0	100.0
117.0038513999898	78.0	100.0
117.02386479999404	78.0	100.0
117.04396739997901	78.0	100.0
117.06420839999919	78.0	100.0
117.08518999998341	78.0	100.0
117.10405649998575	78.0	100.0
117.1241756999807	78.0	100.0
117.14424809999764	78.0	100.0
117.16615799997817	78.0	100.0
117.18427329999395	78.0	100.0
117.20521269997698	78.0	100.0
117.22412689999328	78.0	100.0
117.2444453999924	78.0	100.0
117.26421759999357	78.0	100.0
117.28642419999233	78.0	100.0
117.30358269999851	78.0	100.0
117.32354959999793	78.0	100.0
117.34348599999794	78.0	100.0
117.36339279997628	78.0	100.0
117.38349229999585	78.0	100.0
117.40355609997641	78.0	100.0
117.42383559999871	78.0	100.0
117.44487879998633	78.0	100.0
117.46429639999405	78.0	100.0
117.4849208999949	78.0	100.0
117.50505739997607	78.0	100.0
117.52464739998686	78.0	100.0
117.54386330000125	78.0	100.0
117.5647573999886	78.0	100.0
117.58500779999304	78.0	100.0
117.60427709997748	78.0	100.0
117.62389099999564	78.0	100.0
117.64333639998222	78.0	100.0
117.66367849998642	78.0	100.0
117.684147699998	78.0	100.0
117.70531469999696	78.0	100.0
117.72474689999945	78.0	100.0
117.7430136000039	78.0	100.0
117.76461029998609	78.0	100.0
117.78503159998218	78.0	100.0
117.80556339997565	78.0	100.0
117.82384879997699	78.0	100.0
117.84391460000188	78.0	100.0
117.86479849999887	78.0	100.0
117.88399419997586	78.0	100.0
117.90567099998589	78.0	100.0
117.92502919997787	78.0	100.0
117.94483579997905	78.0	100.0
117.96506009998848	78.0	100.0
117.98529029998463	78.0	100.0
118.00426719998359	78.0	100.0
118.02499389997683	78.0	100.0
118.04405659998883	78.0	100.0
118.06403310000314	78.0	100.0
118.0845320999797	78.0	100.0
118.1065284999786	78.0	100.0
118.12466739999945	78.0	100.0
118.14448339998489	78.0	100.0
118.16645550000248	78.0	100.0
118.18535479999264	78.0	100.0
118.20543859997997	78.0	100.0
118.22470239998074	78.0	100.0
118.24425009998959	78.0	100.0
118.26469949999591	78.0	100.0
118.28512719998253	78.0	100.0
118.30355419998523	78.0	100.0
118.32611989998259	78.0	100.0
118.3444443999906	78.0	100.0
118.36342619999778	78.0	100.0
118.3834235999966	78.0	100.0
118.40427389999968	78.0	100.0
118.42402089998359	78.0	100.0
118.44514229998458	78.0	100.0
118.4652325999923	78.0	100.0
118.48542709997855	78.0	100.0
118.50492739997571	78.0	100.0
118.52527399998507	78.0	100.0
118.54362469998887	78.0	100.0
118.56513809997705	78.0	100.0
118.5847012999875	78.0	100.0
118.60374880000018	78.0	100.0
118.62472569997772	78.0	100.0
118.64644519999274	78.0	100.0
118.66539409998222	78.0	100.0
118.68585019998136	78.0	100.0
118.70509229999152	78.0	100.0
118.72712850000244	78.0	100.0
118.74511219997657	78.0	100.0
118.76481009999407	78.0	100.0
118.78440539998701	78.0	100.0
118.8037473000004	78.0	100.0
118.82446959998924	78.0	100.0
118.8436821999785	78.0	100.0
118.863434400002	78.0	100.0
118.88495779997902	78.0	100.0
118.90376719998312	78.0	100.0
118.92685719998553	78.0	100.0
118.9450943999982	78.0	100.0
118.96511209997698	78.0	100.0
118.98523879999993	78.0	100.0
119.00701049997588	78.0	100.0
119.02524679998169	78.0	100.0
119.0451705000014	78.0	100.0
119.06462649998139	78.0	100.0
119.08534949997556	78.0	100.0
119.10566839997773	78.0	100.0
119.12552979998873	78.0	100.0
119.14487049999298	78.0	100.0
119.16517069999827	78.0	100.0
119.18403730000136	78.0	100.0
119.20413019999978	78.0	100.0
119.22516629999154	78.0	100.0
119.24557790000108	78.0	100.0
119.26500240000314	78.0	100.0
119.28568159998395	78.0	100.0
119.30516779999016	78.0	100.0
119.32542469998589	78.0	100.0
119.34423779998906	78.0	100.0
119.36479939997662	78.0	100.0
119.38506179998512	78.0	100.0
119.4053750000021	78.0	100.0
119.42534299998078	78.0	100.0
119.44569110000157	78.0	100.0
119.46513979998417	78.0	100.0
119.48560009998619	78.0	100.0
119.5047020999773	78.0	100.0
119.52588669999386	78.0	100.0
119.54645470000105	78.0	100.0
119.5648137999815	78.0	100.0
119.58517059998121	78.0	100.0
119.6057160999917	78.0	100.0
119.62497019997681	78.0	100.0
119.64586489999783	78.0	100.0
119.66521549999015	78.0	100.0
119.68568779999623	78.0	100.0
119.7048956999788	78.0	100.0
119.72623400000157	78.0	100.0
119.7454163999937	78.0	100.0
119.76547230000142	78.0	100.0
119.7853388999938	78.0	100.0
119.80540729998029	78.0	100.0
119.82523039999069	78.0	100.0
119.84635730000446	78.0	100.0
119.86492939997697	78.0	100.0
119.88526869998896	78.0	100.0
119.90545550000388	78.0	100.0
119.92511699997704	78.0	100.0
119.94532050000271	78.0	100.0
119.96641909997561	78.0	100.0
119.9865426000033	78.0	100.0
120.00752869999269	78.0	100.0
120.02514209999936	78.0	100.0
120.04706029998488	78.0	100.0
120.06561849999707	78.0	100.0
120.0866890999896	78.0	100.0
120.10529859998496	78.0	100.0
120.12613499999861	78.0	100.0
120.14669219998177	78.0	100.0
120.16688179998891	78.0	100.0
120.18691239997861	77.0	100.0
120.20644829998491	77.0	100.0
120.22540019999724	77.0	100.0
120.2453661999898	77.0	100.0
120.26642199998605	77.0	100.0
120.28656779997982	77.0	100.0
120.30520299999625	77.0	100.0
120.32580419999431	77.0	100.0
120.34542999998666	77.0	100.0
120.36558019998483	77.0	100.0
120.38606099999743	77.0	100.0
120.40541049998137	77.0	100.0
120.42564069997752	77.0	100.0
120.44562980000046	77.0	100.0
120.46782140000141	77.0	100.0
120.48621429997729	77.0	100.0
120.50639629998477	77.0	100.0
120.52637109998614	77.0	100.0
120.54652979999082	77.0	100.0
120.56747229999746	77.0	100.0
120.58669749999535	77.0	100.0
120.60705179997603	77.0	100.0
120.6265207999968	77.0	100.0
120.6455702999956	77.0	100.0
120.66445019998355	77.0	100.0
120.68545520000043	77.0	100.0
120.70430889999261	77.0	100.0
120.72462579997955	77.0	100.0
120.74627919998602	77.0	100.0
120.7680432999914	77.0	100.0
120.78707589997794	77.0	100.0
120.80671599999187	77.0	100.0
120.82666540000355	77.0	100.0
120.84749369998462	77.0	100.0
120.86839439999312	77.0	100.0
120.8869590999966	77.0	100.0
120.9068354999763	77.0	100.0
120.92727059999015	77.0	100.0
120.94655449999846	77.0	100.0
120.96558309998363	77.0	100.0
120.98738479998428	77.0	100.0
121.00658539999858	77.0	100.0
121.0267729999905	77.0	100.0
121.04640589997871	77.0	100.0
121.06769389999681	77.0	100.0
121.08748459999333	77.0	100.0
121.10664449998876	77.0	100.0
121.12784989998909	77.0	100.0
121.14706819999265	77.0	100.0
121.16807899999549	77.0	100.0
121.18768659999478	77.0	100.0
121.2072319999861	77.0	100.0
121.2274827999936	77.0	100.0
121.24720319997869	77.0	100.0
121.26702299999306	77.0	100.0
121.28787489997922	77.0	100.0
121.30717569999979	77.0	100.0
121.32911729998887	77.0	100.0
121.34673339998699	77.0	100.0
121.36677669998608	77.0	100.0
121.38688909998746	77.0	100.0
121.40731419998338	77.0	100.0
121.42736609998974	77.0	100.0
121.44728549997672	77.0	100.0
121.467089999991	77.0	100.0
121.48737109999638	77.0	100.0
121.5075379999762	77.0	100.0
121.5279224999831	77.0	100.0
121.54727019998245	77.0	100.0
121.5676986000035	77.0	100.0
121.5874406999792	77.0	100.0
121.60827119997703	77.0	100.0
121.62777809999534	77.0	100.0
121.64721209998243	77.0	100.0
121.66741959998035	77.0	100.0
121.6904644999886	77.0	100.0
121.70653359999415	77.0	100.0
121.72511299999314	77.0	100.0
121.74498210000456	77.0	100.0
121.76551820000168	77.0	100.0
121.7852017999976	77.0	100.0
121.80710299999919	77.0	100.0
121.82739930000389	77.0	100.0
121.84779979998711	77.0	100.0
121.8675566999882	77.0	100.0
121.88787389997742	77.0	100.0
121.90770449998672	77.0	100.0
121.92746619999525	77.0	100.0
121.94670400000177	77.0	100.0
121.96789449997596	77.0	100.0
121.98781699998653	77.0	100.0
122.00789169999189	77.0	100.0
122.02766130000236	77.0	100.0
122.04749060000177	77.0	100.0
122.0676858999941	77.0	100.0
122.08806389998063	77.0	100.0
122.1072862999863	77.0	100.0
122.12747069998295	77.0	100.0
122.14728350000223	77.0	100.0
122.16750869998941	77.0	100.0
122.18867989999126	77.0	100.0
122.20864189998247	77.0	100.0
122.2275127999892	77.0	100.0
122.24896139997873	77.0	100.0
122.26773699998739	77.0	100.0
122.2871557000035	77.0	100.0
122.30754650000017	77.0	100.0
122.32717919998686	77.0	100.0
122.34689139999682	77.0	100.0
122.36777829998755	77.0	100.0
122.38829679999617	77.0	100.0
122.407845299982	77.0	100.0
122.42802059999667	77.0	100.0
122.44794359998195	77.0	100.0
122.46700629999395	77.0	100.0
122.48778969998239	77.0	100.0
122.5071868999803	77.0	100.0
122.52721030000248	77.0	100.0
122.54734289998305	77.0	100.0
122.56720749998931	77.0	100.0
122.58747219998622	77.0	100.0
122.60989130000235	77.0	100.0
122.62776719999965	77.0	100.0
122.64902889999212	77.0	100.0
122.66753239999525	77.0	100.0
122.687926899991	77.0	100.0
122.70732469999348	77.0	100.0
122.72758360000444	77.0	100.0
122.74726799997734	77.0	100.0
122.76729809999233	77.0	100.0
122.78811130000395	77.0	100.0
122.8081727999961	77.0	100.0
122.82809519997681	77.0	100.0
122.84922039997764	77.0	100.0
122.86758719998761	77.0	100.0
122.88822409999557	77.0	100.0
122.90800559998024	77.0	100.0
122.92949899999076	77.0	100.0
122.948561600002	77.0	100.0
122.96860809999635	77.0	100.0
122.98822369999834	77.0	100.0
123.00878269999521	77.0	100.0
123.02850580000086	77.0	100.0
123.04793489997974	77.0	100.0
123.06749079999281	77.0	100.0
123.08968059998006	77.0	100.0
123.10807190000196	77.0	100.0
123.1301489000034	77.0	100.0
123.14971789999981	77.0	100.0
123.17017329999362	77.0	100.0
123.19585289998213	77.0	100.0
123.20912679997855	77.0	100.0
123.22837659998913	77.0	100.0
123.24756180000259	77.0	100.0
123.26832849998027	77.0	100.0
123.28868830000283	77.0	100.0
123.30770330000087	77.0	100.0
123.32826219999697	77.0	100.0
123.34804549999535	77.0	100.0
123.36815080000088	77.0	100.0
123.38873479998438	77.0	100.0
123.40768340000068	77.0	100.0
123.42775069997879	77.0	100.0
123.44898499999545	77.0	100.0
123.46758669998962	77.0	100.0
123.48889269999927	77.0	100.0
123.50888759997906	77.0	100.0
123.52979599998798	77.0	100.0
123.54768489999697	77.0	100.0
123.56902939997963	77.0	100.0
123.59411199999158	77.0	100.0
123.60932269998011	77.0	100.0
123.6293007999775	77.0	100.0
123.64706219997606	77.0	100.0
123.6713802999875	77.0	100.0
123.68693490000442	77.0	100.0
123.70323149999604	77.0	100.0
123.72330839998904	77.0	100.0
123.74296209999011	77.0	100.0
123.76390049999463	77.0	100.0
123.78674609999871	77.0	100.0
123.80776060000062	77.0	100.0
123.82673549998435	77.0	100.0
123.84831770000164	77.0	100.0
123.87117249998846	77.0	100.0
123.89162119998946	77.0	100.0
123.90972329999204	77.0	100.0
123.93092509999406	77.0	100.0
123.94964679999975	77.0	100.0
123.96955519999028	77.0	100.0
123.99158790000365	77.0	100.0
124.00949579998269	77.0	100.0
124.03024480000022	77.0	100.0
124.051956899988	77.0	100.0
124.06947709998349	77.0	100.0
124.09081519997562	77.0	100.0
124.11037179999403	77.0	100.0
124.13002509999205	77.0	100.0
124.14967529999558	77.0	100.0
124.17167409998365	77.0	100.0
124.19027789999382	77.0	100.0
124.20978309999919	77.0	100.0
124.22954459997709	77.0	100.0
124.2499070999911	77.0	100.0
124.2698984000017	77.0	100.0
124.2903243000037	77.0	100.0
124.30981229999452	77.0	100.0
124.33072869997704	77.0	100.0
124.34894429999986	77.0	100.0
124.36944209999638	77.0	100.0
124.38988169998629	77.0	100.0
124.41208059998462	77.0	100.0
124.42839899999672	77.0	100.0
124.44775839999784	77.0	100.0
124.47067739997874	77.0	100.0
124.48700900000404	77.0	100.0
124.5065568999853	77.0	100.0
124.52747839997755	77.0	100.0
124.54685499999323	77.0	100.0
124.56806239997968	77.0	100.0
124.58877869998105	77.0	100.0
124.60942239998258	77.0	100.0
124.62933009999688	77.0	100.0
124.65068809999502	77.0	100.0
124.670509699994	77.0	100.0
124.69268219999503	77.0	100.0
124.71096070000203	77.0	100.0
124.73147060000338	77.0	100.0
124.75115219998406	77.0	100.0
124.77131599999848	77.0	100.0
124.79029439997976	77.0	100.0
124.81099569998332	77.0	100.0
124.83122379999259	77.0	100.0
124.85045609998633	77.0	100.0
124.87109989998862	77.0	100.0
124.89060389998485	77.0	100.0
124.90981270000339	77.0	100.0
124.92957869998645	77.0	100.0
124.94749369999045	77.0	100.0
124.9667916999897	77.0	100.0
124.99089829999139	77.0	100.0
125.00893569999607	77.0	100.0
125.03057439997792	77.0	100.0
125.0507338999887	77.0	100.0
125.07041509999544	77.0	100.0
125.09086090000346	77.0	100.0
125.1109340999974	77.0	100.0
125.13067509999382	77.0	100.0
125.15116429998307	77.0	100.0
125.1730992999801	77.0	100.0
125.19211559998803	76.0	100.0
125.21148440000252	76.0	100.0
125.23125569999684	76.0	100.0
125.2501709999924	76.0	100.0
125.27132780000102	76.0	100.0
125.29147219998413	76.0	100.0
125.31150419998448	76.0	100.0
125.33155360000092	76.0	100.0
125.35156449998613	76.0	100.0
125.37168169999495	76.0	100.0
125.39147410000442	76.0	100.0
125.41102569998475	76.0	100.0
125.43171609999263	76.0	100.0
125.45125489999191	76.0	100.0
125.47091399997589	76.0	100.0
125.49163649999537	76.0	100.0
125.51070359998266	76.0	100.0
125.53075239999453	76.0	100.0
125.5507088000013	76.0	100.0
125.57128449997981	76.0	100.0
125.5916475999984	76.0	100.0
125.61140169997816	76.0	100.0
125.63167000000249	76.0	100.0
125.65172080000048	76.0	100.0
125.67183269999805	76.0	100.0
125.69199719998869	76.0	100.0
125.71119999999064	76.0	100.0
125.73139309999533	76.0	100.0
125.75056960000074	76.0	100.0
125.77069360000314	76.0	100.0
125.79365019997931	76.0	100.0
125.81140829998185	76.0	100.0
125.83119949998218	76.0	100.0
125.8517096999858	76.0	100.0
125.87130999998772	76.0	100.0
125.89217869998538	76.0	100.0
125.91197489999468	76.0	100.0
125.93153639999218	76.0	100.0
125.95115539999097	76.0	100.0
125.97166129999096	76.0	100.0
125.9930231999897	76.0	100.0
126.01150609998149	76.0	100.0
126.03132639999967	76.0	100.0
126.05134079998243	76.0	100.0
126.07133889998659	76.0	100.0
126.09290209997562	76.0	100.0
126.1119950999855	76.0	100.0
126.13183909998043	76.0	100.0
126.15080299999681	76.0	100.0
126.17296299998998	76.0	100.0
126.19072109999252	75.0	100.0
126.20930099999532	75.0	100.0
126.22842109997873	75.0	100.0
126.24469839999801	75.0	100.0
126.26610949999304	75.0	100.0
126.28794329997618	75.0	100.0
126.30915739998454	75.0	100.0
126.33458289998816	75.0	100.0
126.35066070000175	75.0	100.0
126.37187979998998	75.0	100.0
126.39121219998924	75.0	100.0
126.41143169999123	75.0	100.0
126.4320643999963	75.0	100.0
126.45145639998373	75.0	100.0
126.47326780000003	75.0	100.0
126.49325889997999	75.0	100.0
126.51274919998832	75.0	100.0
126.5321050999919	75.0	100.0
126.55167779998737	75.0	100.0
126.57247429998824	75.0	100.0
126.59270429998287	75.0	100.0
126.6121104999911	75.0	100.0
126.63186679998762	75.0	100.0
126.65267889999086	75.0	100.0
126.67184979998274	75.0	100.0
126.69276979999267	75.0	100.0
126.71657309998409	75.0	100.0
126.73330449999776	75.0	100.0
126.75247229999513	75.0	100.0
126.77270469997893	75.0	100.0
126.79255859999103	75.0	100.0
126.81323599998723	75.0	100.0
126.83209829998668	75.0	100.0
126.8527785000042	75.0	100.0
126.87141479999991	75.0	100.0
126.89230379997753	75.0	100.0
126.91216909998911	75.0	100.0
126.93477349999011	75.0	100.0
126.95195849999436	75.0	100.0
126.97503010000219	75.0	100.0
126.99315369999385	75.0	100.0
127.01286639997852	75.0	100.0
127.03292999998666	75.0	100.0
127.05305639997823	75.0	100.0
127.07275679998565	75.0	100.0
127.09378850000212	75.0	100.0
127.11294469999848	75.0	100.0
127.1326525999757	75.0	100.0
127.1524819000042	75.0	100.0
127.17338910000399	75.0	100.0
127.19126079999842	74.0	100.0
127.21341179998126	74.0	100.0
127.23320509999758	74.0	100.0
127.25297229998978	74.0	100.0
127.27292629997828	74.0	100.0
127.2931759999774	74.0	100.0
127.31246669997927	74.0	100.0
127.33483259999775	74.0	100.0
127.35175689999596	74.0	100.0
127.37217560000136	74.0	100.0
127.39156349998666	74.0	100.0
127.41306709998753	74.0	100.0
127.43159199997899	74.0	100.0
127.45146309997654	74.0	100.0
127.47231270000339	74.0	100.0
127.49287869999534	74.0	100.0
127.51174560000072	74.0	100.0
127.53350579997641	74.0	100.0
127.5523930999916	74.0	100.0
127.57276619999902	74.0	100.0
127.59281239999109	74.0	100.0
127.61272979999194	74.0	100.0
127.63318380000419	74.0	100.0
127.6533797000011	74.0	100.0
127.6726446999819	74.0	100.0
127.69318179998663	74.0	100.0
127.71284919997561	74.0	100.0
127.73306649998995	74.0	100.0
127.75251479999861	74.0	100.0
127.77303599999868	74.0	100.0
127.79308329999913	74.0	100.0
127.81283549999353	74.0	100.0
127.83397229999537	74.0	100.0
127.8528920999961	74.0	100.0
127.8732799999998	74.0	100.0
127.8935234999808	74.0	100.0
127.91259079999872	74.0	100.0
127.93301379997865	74.0	100.0
127.95290109998314	74.0	100.0
127.97357469997951	74.0	100.0
127.99364069997682	74.0	100.0
128.01368289999664	74.0	100.0
128.03310390000115	74.0	100.0
128.05307909997646	74.0	100.0
128.0733937000041	74.0	100.0
128.09440139998333	74.0	100.0
128.11326679997728	74.0	100.0
128.13338069999008	74.0	100.0
128.15334950000397	74.0	100.0
128.17494939998141	74.0	100.0
128.1947142999852	75.0	100.0
128.2140015999903	75.0	100.0
128.2333030999871	75.0	100.0
128.25355009999475	75.0	100.0
128.27331599997706	75.0	100.0
128.29445879999548	75.0	100.0
128.31354199998896	75.0	100.0
128.33329349997803	75.0	100.0
128.35356560000218	75.0	100.0
128.3739391999843	75.0	100.0
128.39460259999032	75.0	100.0
128.41338479999104	75.0	100.0
128.43331860000035	75.0	100.0
128.45512070000404	75.0	100.0
128.47148959999322	75.0	100.0
128.49334879999515	75.0	100.0
128.51396199999726	75.0	100.0
128.5333826999995	75.0	100.0
128.55345839998336	75.0	100.0
128.57367869999143	75.0	100.0
128.59431049998966	75.0	100.0
128.61400529998355	75.0	100.0
128.6332975999976	75.0	100.0
128.65384759998415	75.0	100.0
128.67384319999837	75.0	100.0
128.69384279998485	75.0	100.0
128.71325719999732	75.0	100.0
128.73382299998775	75.0	100.0
128.75715569997556	75.0	100.0
128.77403559998493	75.0	100.0
128.79378290000022	75.0	100.0
128.81368969997857	75.0	100.0
128.8331103999808	75.0	100.0
128.85378360000323	75.0	100.0
128.87325869998313	75.0	100.0
128.89222409998183	75.0	100.0
128.91771859998698	75.0	100.0
128.92997529997956	75.0	100.0
128.95053519998328	75.0	100.0
128.97456529998453	75.0	100.0
128.99522620000062	75.0	100.0
129.01336670000455	75.0	100.0
129.03439879999496	75.0	100.0
129.0545472999802	75.0	100.0
129.07346899999538	75.0	100.0
129.09455829998478	75.0	100.0
129.11372459999984	75.0	100.0
129.1345314999926	75.0	100.0
129.15424879998318	75.0	100.0
129.17480389997945	75.0	100.0
129.1950234999822	77.0	100.0
129.21475199999986	77.0	100.0
129.23361169997952	77.0	100.0
129.25450300000375	77.0	100.0
129.2745929999801	77.0	100.0
129.29451519998838	77.0	100.0
129.31355779999285	77.0	100.0
129.33464859999367	77.0	100.0
129.35331989999395	77.0	100.0
129.3737712999864	77.0	100.0
129.39475629999652	77.0	100.0
129.41464039997663	77.0	100.0
129.43437079997966	77.0	100.0
129.4545065999846	77.0	100.0
129.47430529998383	77.0	100.0
129.4949027999828	77.0	100.0
129.51336309997714	77.0	100.0
129.53461619999143	77.0	100.0
129.55451610000455	77.0	100.0
129.5745713999786	77.0	100.0
129.59481109998887	77.0	100.0
129.61361020000186	77.0	100.0
129.6345655999903	77.0	100.0
129.65442269999767	77.0	100.0
129.6743587999954	77.0	100.0
129.69728429999668	77.0	100.0
129.71437349999906	77.0	100.0
129.73488309999811	77.0	100.0
129.75446480000392	77.0	100.0
129.7745621999784	77.0	100.0
129.79466580000008	77.0	100.0
129.81394719998934	77.0	100.0
129.83841339999344	77.0	100.0
129.85433719999855	77.0	100.0
129.8738711999904	77.0	100.0
129.89436779997777	77.0	100.0
129.91351519999444	77.0	100.0
129.93472289998317	77.0	100.0
129.95470249999198	77.0	100.0
129.97396439997829	77.0	100.0
129.99796879998758	77.0	100.0
130.0144767999882	77.0	100.0
130.0351823999954	77.0	100.0
130.05432389999623	77.0	100.0
130.0742432999832	77.0	100.0
130.09356599999592	77.0	100.0
130.11345479998272	77.0	100.0
130.13544049998745	77.0	100.0
130.15475109999534	77.0	100.0
130.17888019999373	77.0	100.0
130.19592239998747	77.0	100.0
130.21546509998734	77.0	100.0
130.23490579999634	77.0	100.0
130.25482559998636	77.0	100.0
130.2740433999861	77.0	100.0
130.29537539999	77.0	100.0
130.31494999999995	77.0	100.0
130.3364057999861	77.0	100.0
130.35427829998662	77.0	100.0
130.3752612999815	77.0	100.0
130.39526130000013	77.0	100.0
130.41538439999567	77.0	100.0
130.4351706999878	77.0	100.0
130.45523890000186	77.0	100.0
130.4750540999812	77.0	100.0
130.49589989997912	77.0	100.0
130.5143597999995	77.0	100.0
130.53472939998028	77.0	100.0
130.5541203999892	77.0	100.0
130.5746414999885	77.0	100.0
130.59485039999709	77.0	100.0
130.61619169998448	77.0	100.0
130.63481329998467	77.0	100.0
130.65491169999586	77.0	100.0
130.67447999998694	77.0	100.0
130.6950327999948	77.0	100.0
130.71477969997795	77.0	100.0
130.7348606000014	77.0	100.0
130.7548536999966	77.0	100.0
130.77520989999175	77.0	100.0
130.7947526999924	77.0	100.0
130.8148781999771	77.0	100.0
130.83468339999672	77.0	100.0
130.8580793000001	77.0	100.0
130.87603139999555	77.0	100.0
130.89516159999766	77.0	100.0
130.91491819999646	77.0	100.0
130.93534239998553	77.0	100.0
130.95527959999163	77.0	100.0
130.97547159998794	77.0	100.0
130.99610089999624	77.0	100.0
131.0160412999976	77.0	100.0
131.03598069999134	77.0	100.0
131.05583179998212	77.0	100.0
131.07580469999812	77.0	100.0
131.09561219997704	77.0	100.0
131.11752889998024	77.0	100.0
131.1357114999846	77.0	100.0
131.15574489999563	77.0	100.0
131.1766549999884	77.0	100.0
131.19632550000097	78.0	100.0
131.2169010999787	78.0	100.0
131.23539759998675	78.0	100.0
131.25378919998184	78.0	100.0
131.27545079999254	78.0	100.0
131.29533140000422	78.0	100.0
131.3159329999762	78.0	100.0
131.33576590000303	78.0	100.0
131.35513609999907	78.0	100.0
131.37542129997746	78.0	100.0
131.39535909998813	78.0	100.0
131.41508119998616	78.0	100.0
131.43538819998503	78.0	100.0
131.45539309998276	78.0	100.0
131.47513679999975	78.0	100.0
131.49628349998966	78.0	100.0
131.51573799998732	78.0	100.0
131.53601049998542	78.0	100.0
131.5557052999793	78.0	100.0
131.5757542999927	78.0	100.0
131.59580489998916	78.0	100.0
131.61830539998482	78.0	100.0
131.63701589999255	78.0	100.0
131.65538859998924	78.0	100.0
131.67550509999273	78.0	100.0
131.69571079997695	78.0	100.0
131.71784709999338	78.0	100.0
131.73725169998943	78.0	100.0
131.75622939999448	78.0	100.0
131.7764655999781	78.0	100.0
131.79669580000336	78.0	100.0
131.816193799983	78.0	100.0
131.83544419999816	78.0	100.0
131.85591909999494	78.0	100.0
131.87585539999418	78.0	100.0
131.89643459999934	78.0	100.0
131.91739200000302	78.0	100.0
131.9398015999759	78.0	100.0
131.95590619998984	78.0	100.0
131.97571949998382	78.0	100.0
131.9953220000025	78.0	100.0
132.01557639997918	78.0	100.0
132.03906879998976	78.0	100.0
132.0561017	78.0	100.0
132.0755211999931	78.0	100.0
132.09535419999156	78.0	100.0
132.11551859998144	78.0	100.0
132.1368550999905	78.0	100.0
132.1562512999808	78.0	100.0
132.17760529997759	78.0	100.0
132.19632599997567	78.0	100.0
132.21735930000432	78.0	100.0
132.23682819999522	78.0	100.0
132.25548490000074	78.0	100.0
132.27587559999665	78.0	100.0
132.29666739999084	78.0	100.0
132.3167099999846	78.0	100.0
132.3373692999885	78.0	100.0
132.35589009997784	78.0	100.0
132.376562999998	78.0	100.0
132.39557490000152	78.0	100.0
132.41535569998086	78.0	100.0
132.43532609997783	78.0	100.0
132.4554692999809	78.0	100.0
132.47584030000144	78.0	100.0
132.49634299997706	78.0	100.0
132.51531539999996	78.0	100.0
132.53593459998956	78.0	100.0
132.55591159997857	78.0	100.0
132.57744199997978	78.0	100.0
132.59569259997807	78.0	100.0
132.6156151999894	78.0	100.0
132.6369102000026	78.0	100.0
132.66033640000387	78.0	100.0
132.67589569999836	78.0	100.0
132.69759870000416	78.0	100.0
132.71693129997584	78.0	100.0
132.73677459999453	78.0	100.0
132.757174999977	78.0	100.0
132.77682869997807	78.0	100.0
132.79743219999364	78.0	100.0
132.81685479998123	78.0	100.0
132.83691199999885	78.0	100.0
132.8555776999856	78.0	100.0
132.87637029998587	78.0	100.0
132.8962007999944	78.0	100.0
132.91694719999214	78.0	100.0
132.9372788000037	78.0	100.0
132.95719459999236	78.0	100.0
132.97720339999069	78.0	100.0
132.99841959998594	78.0	100.0
133.01683929999126	78.0	100.0
133.03813819997595	78.0	100.0
133.05759240000043	78.0	100.0
133.07701569999335	78.0	100.0
133.09750949998852	78.0	100.0
133.11741069998243	78.0	100.0
133.1370252999768	78.0	100.0
133.15669039997738	78.0	100.0
133.17868009998347	78.0	100.0
133.20165809997707	77.0	100.0
133.21799330000067	77.0	100.0
133.23732980000204	77.0	100.0
133.25734409998404	77.0	100.0
133.27749399997992	77.0	100.0
133.29728939998313	77.0	100.0
133.31684809998842	77.0	100.0
133.33879439998418	77.0	100.0
133.35696069998085	77.0	100.0
133.3775222999975	77.0	100.0
133.39716629998293	77.0	100.0
133.41698849998647	77.0	100.0
133.43717779999133	77.0	100.0
133.45723699999508	77.0	100.0
133.47735790000297	77.0	100.0
133.49747059997753	77.0	100.0
133.5168189999822	77.0	100.0
133.53728329998557	77.0	100.0
133.55758639998385	77.0	100.0
133.5785169999872	77.0	100.0
133.5985464999976	77.0	100.0
133.61837029998424	77.0	100.0
133.63843809999526	77.0	100.0
133.6589580999862	77.0	100.0
133.67772289999994	77.0	100.0
133.69890279998071	77.0	100.0
133.71957369998563	77.0	100.0
133.73764690000098	77.0	100.0
133.75733159997617	77.0	100.0
133.779939	77.0	100.0
133.797653799993	77.0	100.0
133.81747339997673	77.0	100.0
133.83729699999094	77.0	100.0
133.85762409999734	77.0	100.0
133.87749299997813	77.0	100.0
133.8983906999929	77.0	100.0
133.9171674999816	77.0	100.0
133.94004139999743	77.0	100.0
133.95817899997928	77.0	100.0
133.97789409998222	77.0	100.0
133.99784729999374	77.0	100.0
134.0195420999953	77.0	100.0
134.03849779997836	77.0	100.0
134.05863339998177	77.0	100.0
134.07822969998233	77.0	100.0
134.0983019999985	77.0	100.0
134.1183025999926	77.0	100.0
134.13795889998437	77.0	100.0
134.1577249999973	77.0	100.0
134.17934819997754	77.0	100.0
134.1996417999908	76.0	100.0
134.21879469999112	76.0	100.0
134.23885909997625	76.0	100.0
134.2590429999982	76.0	100.0
134.27865359999123	76.0	100.0
134.29928359997575	76.0	100.0
134.31808919998002	76.0	100.0
134.33899429999292	76.0	100.0
134.35806239998783	76.0	100.0
134.37850019999314	76.0	100.0
134.3988920999982	76.0	100.0
134.41906069999095	76.0	100.0
134.43875079997815	76.0	100.0
134.4587566999835	76.0	100.0
134.4793675999972	76.0	100.0
134.49845069998992	76.0	100.0
134.51687609998044	76.0	100.0
134.5387848999817	76.0	100.0
134.55892290000338	76.0	100.0
134.57870329997968	76.0	100.0
134.59918550000293	76.0	100.0
134.61927349999314	76.0	100.0
134.63979879999533	76.0	100.0
134.65951169998152	76.0	100.0
134.67867439999827	76.0	100.0
134.70143970000208	76.0	100.0
134.71848189999582	76.0	100.0
134.7394744999765	76.0	100.0
134.75904059997993	76.0	100.0
134.77938979997998	76.0	100.0
134.79960469997604	76.0	100.0
134.81893339997623	76.0	100.0
134.83926720000454	76.0	100.0
134.85959479998564	76.0	100.0
134.87829679998686	76.0	100.0
134.89927309998893	76.0	100.0
134.9194783999992	76.0	100.0
134.93956259998959	76.0	100.0
134.95906359999208	76.0	100.0
134.97999199997867	76.0	100.0
134.9993976999831	76.0	100.0
135.01950519997627	76.0	100.0
135.03940779998084	76.0	100.0
135.05952809998416	76.0	100.0
135.0794734999945	76.0	100.0
135.0997979999811	76.0	100.0
135.11896019999404	76.0	100.0
135.13958509999793	76.0	100.0
135.15890939999372	76.0	100.0
135.179693699989	76.0	100.0
135.19989769998938	76.0	100.0
135.2199703999795	76.0	100.0
135.23920089998865	76.0	100.0
135.2596147999866	76.0	100.0
135.2795894999872	76.0	100.0
135.29969569999957	76.0	100.0
135.31953280000016	76.0	100.0
135.33930759999203	76.0	100.0
135.3592953000043	76.0	100.0
135.3785305999918	76.0	100.0
135.39923249999993	76.0	100.0
135.41986880000331	76.0	100.0
135.43966929998714	76.0	100.0
135.45963080000365	76.0	100.0
135.47924950000015	76.0	100.0
135.50023949999013	76.0	100.0
135.52071899999282	76.0	100.0
135.53973769998993	76.0	100.0
135.55985510000028	76.0	100.0
135.57970309999655	76.0	100.0
135.5996962999925	76.0	100.0
135.62027739998302	76.0	100.0
135.63913879997563	76.0	100.0
135.66040249998332	76.0	100.0
135.67949169999338	76.0	100.0
135.70046130000264	76.0	100.0
135.7197483999771	76.0	100.0
135.7396951999981	76.0	100.0
135.759687999991	76.0	100.0
135.77986949999467	76.0	100.0
135.7998718000017	76.0	100.0
135.82082809999702	76.0	100.0
135.83973149998928	76.0	100.0
135.85956069998792	76.0	100.0
135.87958069998422	76.0	100.0
135.9005085999961	76.0	100.0
135.91932509999606	76.0	100.0
135.93988709998666	76.0	100.0
135.95955519998097	76.0	100.0
135.97998589999042	76.0	100.0
135.99916189999203	76.0	100.0
136.0226423999993	76.0	100.0
136.0393664999865	76.0	100.0
136.05927869997686	76.0	100.0
136.08000399998855	76.0	100.0
136.1011995000008	76.0	100.0
136.12088229999063	76.0	100.0
136.13942130000214	76.0	100.0
136.1596972999978	76.0	100.0
136.18153809997602	76.0	100.0
136.19968669998343	77.0	100.0
136.2194940999907	77.0	100.0
136.24021269998048	77.0	100.0
136.25937559999875	77.0	100.0
136.27939119999064	77.0	100.0
136.30038349999813	77.0	100.0
136.31990229999064	77.0	100.0
136.34174309999798	77.0	100.0
136.35953449999215	77.0	100.0
136.37943909998285	77.0	100.0
136.4011310999922	77.0	100.0
136.42027869998128	77.0	100.0
136.4422315999982	77.0	100.0
136.45931829998153	77.0	100.0
136.47972859998117	77.0	100.0
136.5006620999775	77.0	100.0
136.51933219999773	77.0	100.0
136.54040859997622	77.0	100.0
136.56035970000084	77.0	100.0
136.57974069999182	77.0	100.0
136.60061949997908	77.0	100.0
136.61968669999624	77.0	100.0
136.6404188000015	77.0	100.0
136.66107959998772	77.0	100.0
136.6810936999973	77.0	100.0
136.70147749999887	77.0	100.0
136.72093799998402	77.0	100.0
136.74092509999173	77.0	100.0
136.76056709999102	77.0	100.0
136.78030439998838	77.0	100.0
136.80066619999707	77.0	100.0
136.82004309998592	77.0	100.0
136.84009349998087	77.0	100.0
136.86010619997978	77.0	100.0
136.87978259997908	77.0	100.0
136.90215999999782	77.0	100.0
136.92063089998555	77.0	100.0
136.94124649997684	77.0	100.0
136.9610890999902	77.0	100.0
136.98114379998879	77.0	100.0
137.00087699998403	77.0	100.0
137.020993299986	77.0	100.0
137.03967089997604	77.0	100.0
137.05974939998123	77.0	100.0
137.0804123999842	77.0	100.0
137.10079879997647	77.0	100.0
137.11996670000372	77.0	100.0
137.1410896999878	77.0	100.0
137.16089659999125	77.0	100.0
137.18342459999258	77.0	100.0
137.20264229999157	77.0	100.0
137.22212619998027	77.0	100.0
137.24123220000183	77.0	100.0
137.2615743999777	77.0	100.0
137.28157719998853	77.0	100.0
137.30153149997932	77.0	100.0
137.32125119998818	77.0	100.0
137.34140599999228	77.0	100.0
137.3611366999976	77.0	100.0
137.38136139998096	77.0	100.0
137.40096649999032	77.0	100.0
137.42139569998835	77.0	100.0
137.4406882999756	77.0	100.0
137.46087640000042	77.0	100.0
137.48037340000155	77.0	100.0
137.50091079997947	77.0	100.0
137.52058719997876	77.0	100.0
137.54180519998772	77.0	100.0
137.56197489998885	77.0	100.0
137.5809851999802	77.0	100.0
137.6012310999795	77.0	100.0
137.6210820999986	77.0	100.0
137.64114439999685	77.0	100.0
137.66336489998503	77.0	100.0
137.6813435999793	77.0	100.0
137.70165730000008	77.0	100.0
137.72148979999474	77.0	100.0
137.74157980000018	77.0	100.0
137.76080849999562	77.0	100.0
137.78130469997996	77.0	100.0
137.8013093000045	77.0	100.0
137.82097000000067	77.0	100.0
137.84704999998212	77.0	100.0
137.86154019998503	77.0	100.0
137.88140739998198	77.0	100.0
137.90140390000306	77.0	100.0
137.9212181000039	77.0	100.0
137.94148169999244	77.0	100.0
137.96101299999282	77.0	100.0
137.98115919998963	77.0	100.0
138.00154029999976	77.0	100.0
138.02564629999688	77.0	100.0
138.04161419998854	77.0	100.0
138.06172189998324	77.0	100.0
138.0813208000036	77.0	100.0
138.101766399981	77.0	100.0
138.1210099000018	77.0	100.0
138.1414162000001	77.0	100.0
138.16120429997682	77.0	100.0
138.18324270000448	77.0	100.0
138.20271089999005	77.0	100.0
138.22160419999273	77.0	100.0
138.2416384999815	77.0	100.0
138.26292019998073	77.0	100.0
138.2826206999889	77.0	100.0
138.30227559999912	77.0	100.0
138.32139830000233	77.0	100.0
138.3415640000021	77.0	100.0
138.36137479997706	77.0	100.0
138.38151949999155	77.0	100.0
138.40328349999618	77.0	100.0
138.42179019999458	77.0	100.0
138.44132949999766	77.0	100.0
138.46172130000195	77.0	100.0
138.4811722000013	77.0	100.0
138.5026111000043	77.0	100.0
138.5213509000023	77.0	100.0
138.5421231999935	77.0	100.0
138.5622549999971	77.0	100.0
138.5826474999776	77.0	100.0
138.60161650000373	77.0	100.0
138.62249290000182	77.0	100.0
138.64270369999576	77.0	100.0
138.66273260000162	77.0	100.0
138.682066999987	77.0	100.0
138.70392869997886	77.0	100.0
138.72233479999704	77.0	100.0
138.7424769999925	77.0	100.0
138.7627735999995	77.0	100.0
138.78264550000313	77.0	100.0
138.80303909999202	77.0	100.0
138.82204979998642	77.0	100.0
138.84293230000185	77.0	100.0
138.86220049997792	77.0	100.0
138.88176530000055	77.0	100.0
138.90221839997685	77.0	100.0
138.92181069997605	77.0	100.0
138.94222259998787	77.0	100.0
138.96170159999747	77.0	100.0
138.9817339000001	77.0	100.0
139.0024390000035	77.0	100.0
139.0264399999869	77.0	100.0
139.04116219998104	77.0	100.0
139.06215919999522	77.0	100.0
139.08217179999338	77.0	100.0
139.1045671000029	77.0	100.0
139.1214914000011	77.0	100.0
139.14402169999084	77.0	100.0
139.16306389999227	77.0	100.0
139.1847455999814	77.0	100.0
139.2023604999995	78.0	100.0
139.2245746999979	78.0	100.0
139.24288109998452	78.0	100.0
139.2629238999798	78.0	100.0
139.28307099998347	78.0	100.0
139.3054400999972	78.0	100.0
139.32267839999986	78.0	100.0
139.34494640000048	78.0	100.0
139.3618404000008	78.0	100.0
139.3825874000031	78.0	100.0
139.40304429997923	78.0	100.0
139.4232129000011	78.0	100.0
139.44272569997702	78.0	100.0
139.4630313999951	78.0	100.0
139.48276679997798	78.0	100.0
139.50335729998187	78.0	100.0
139.52314779997687	78.0	100.0
139.5432882999885	78.0	100.0
139.56134980000206	78.0	100.0
139.58229859999847	78.0	100.0
139.6033821000019	78.0	100.0
139.6231198000023	78.0	100.0
139.64326280000387	78.0	100.0
139.66316490000463	78.0	100.0
139.68295319998288	78.0	100.0
139.70312609997927	78.0	100.0
139.72310269999434	78.0	100.0
139.74315579998074	78.0	100.0
139.7630935999914	78.0	100.0
139.78357759999926	78.0	100.0
139.80277639999986	78.0	100.0
139.8229325999855	78.0	100.0
139.8435442999762	78.0	100.0
139.8635386999813	78.0	100.0
139.88324669998838	78.0	100.0
139.9037074999942	78.0	100.0
139.92385169997578	78.0	100.0
139.94378919998417	78.0	100.0
139.96340149999014	78.0	100.0
139.98318709997693	78.0	100.0
140.00309159999597	78.0	100.0
140.0234294999973	78.0	100.0
140.04424859999563	78.0	100.0
140.0634890999936	78.0	100.0
140.08475959999487	78.0	100.0
140.10372769998503	78.0	100.0
140.12282520000008	78.0	100.0
140.1431074999855	78.0	100.0
140.1627865000046	78.0	100.0
140.1842170000018	78.0	100.0
140.2033378999913	79.0	100.0
140.22403660000418	79.0	100.0
140.2431136999803	79.0	100.0
140.26346389998798	79.0	100.0
140.2832952000026	79.0	100.0
140.30369489997975	79.0	100.0
140.32319919997826	79.0	100.0
140.3426123999816	79.0	100.0
140.36283199998434	79.0	100.0
140.38354409998283	79.0	100.0
140.4039040999778	79.0	100.0
140.42352389998268	79.0	100.0
140.44388759997673	79.0	100.0
140.46286359999795	79.0	100.0
140.48266599999624	79.0	100.0
140.50394409999717	79.0	100.0
140.5232366999844	79.0	100.0
140.54505129999598	79.0	100.0
140.56349209998734	79.0	100.0
140.59148000000278	79.0	100.0
140.60400219997973	79.0	100.0
140.6229977000039	79.0	100.0
140.64400349999778	79.0	100.0
140.66402840000228	79.0	100.0
140.6834979999985	79.0	100.0
140.7039665999764	79.0	100.0
140.72378079997725	79.0	100.0
140.74366849998478	79.0	100.0
140.76314840000123	79.0	100.0
140.7836630999809	79.0	100.0
140.80368409998482	79.0	100.0
140.82366189997992	79.0	100.0
140.8453548999969	79.0	100.0
140.86263170000166	79.0	100.0
140.88354839998647	79.0	100.0
140.90400989999762	79.0	100.0
140.92360290000215	79.0	100.0
140.94386999998824	79.0	100.0
140.96363099999144	79.0	100.0
140.98312369998894	79.0	100.0
141.00293069999316	79.0	100.0
141.02305049999268	79.0	100.0
141.04384539998136	79.0	100.0
141.06303599997773	79.0	100.0
141.08277439998346	79.0	100.0
141.10344649999752	79.0	100.0
141.12356609999551	79.0	100.0
141.1460143000004	79.0	100.0
141.16397900000447	79.0	100.0
141.18484089997946	79.0	100.0
141.2048431999865	80.0	100.0
141.22297619999154	80.0	100.0
141.24291239999002	80.0	100.0
141.2630656999827	80.0	100.0
141.28313419999904	80.0	100.0
141.3039424000017	80.0	100.0
141.3238678999769	80.0	100.0
141.34447889999137	80.0	100.0
141.3638061999809	80.0	100.0
141.3847351000004	80.0	100.0
141.40747109998483	80.0	100.0
141.4237041999877	80.0	100.0
141.4456811999844	80.0	100.0
141.4646724999766	80.0	100.0
141.48376329999883	80.0	100.0
141.5045835999772	80.0	100.0
141.52389579999726	80.0	100.0
141.54467799997656	80.0	100.0
141.56317489998764	80.0	100.0
141.58334329997888	80.0	100.0
141.6041578000004	80.0	100.0
141.623405499995	80.0	100.0
141.6439666999795	80.0	100.0
141.664669699996	80.0	100.0
141.68398979998892	80.0	100.0
141.70411679998506	80.0	100.0
141.72267599997576	80.0	100.0
141.74512730000424	80.0	100.0
141.76424819999374	80.0	100.0
141.78457479999634	80.0	100.0
141.80388319998747	80.0	100.0
141.82480329999817	80.0	100.0
141.84394259998226	80.0	100.0
141.86460349999834	80.0	100.0
141.88379939997685	80.0	100.0
141.90507869998692	80.0	100.0
141.9248050999886	80.0	100.0
141.94512920000125	80.0	100.0
141.96496599999955	80.0	100.0
141.98436299999594	80.0	100.0
142.00342490000185	80.0	100.0
142.02399019998848	80.0	100.0
142.04484249997768	80.0	100.0
142.06350580000435	80.0	100.0
142.08349859999726	80.0	100.0
142.10415249998914	80.0	100.0
142.1241065999784	80.0	100.0
142.1447425999795	80.0	100.0
142.16374940000242	80.0	100.0
142.18546739997691	80.0	100.0
142.20481589998235	81.0	100.0
142.2258028999786	81.0	100.0
142.24326729998575	81.0	100.0
142.2662386999873	81.0	100.0
142.28479809997953	81.0	100.0
142.30394250000245	81.0	100.0
142.32479279997642	81.0	100.0
142.3470150999783	81.0	100.0
142.36412759998348	81.0	100.0
142.38504880000255	81.0	100.0
142.40501940000104	81.0	100.0
142.42530069997883	81.0	100.0
142.4452850999951	81.0	100.0
142.46502939998754	81.0	100.0
142.48575569997774	81.0	100.0
142.50553709999076	81.0	100.0
142.52497969998512	81.0	100.0
142.54485489998478	81.0	100.0
142.56551299997955	81.0	100.0
142.58640689999447	81.0	100.0
142.60492779998458	81.0	100.0
142.6243510999775	81.0	100.0
142.6447446999955	81.0	100.0
142.6653516999795	81.0	100.0
142.68516379999346	81.0	100.0
142.70536059999722	81.0	100.0
142.72511379999924	81.0	100.0
142.74486129998695	81.0	100.0
142.7661501999828	81.0	100.0
142.78538059999119	81.0	100.0
142.80518959998153	81.0	100.0
142.8250683999795	81.0	100.0
142.84498789999634	81.0	100.0
142.86487819999456	81.0	100.0
142.8846183999849	81.0	100.0
142.90531489998102	81.0	100.0
142.92500580000342	81.0	100.0
142.9456749999954	81.0	100.0
142.96526070000255	81.0	100.0
142.98529290000442	81.0	100.0
143.00513099998352	81.0	100.0
143.02531749999616	81.0	100.0
143.04633389998344	81.0	100.0
143.0624828999862	81.0	100.0
143.08394290000433	81.0	100.0
143.10652809997555	81.0	100.0
143.12429049998173	81.0	100.0
143.14551729999948	81.0	100.0
143.16478009999264	81.0	100.0
143.18732779999846	81.0	100.0
143.20657629999914	82.0	100.0
143.22529020000366	82.0	100.0
143.25234229999478	82.0	100.0
143.26498159999028	82.0	100.0
143.28464850000455	82.0	100.0
143.30504310000106	82.0	100.0
143.32504450000124	82.0	100.0
143.3447680999816	82.0	100.0
143.36525649999385	82.0	100.0
143.38530629998422	82.0	100.0
143.4055094999785	82.0	100.0
143.42526079999516	82.0	100.0
143.44543399999384	82.0	100.0
143.4652791999979	82.0	100.0
143.48524879998877	82.0	100.0
143.50831179998931	82.0	100.0
143.5252824999916	82.0	100.0
143.54522969998652	82.0	100.0
143.56525729998248	82.0	100.0
143.58543059998192	82.0	100.0
143.60500159999356	82.0	100.0
143.62543349998305	82.0	100.0
143.64625779999187	82.0	100.0
143.6654906999902	82.0	100.0
143.68529839999974	82.0	100.0
143.706640599994	82.0	100.0
143.72564019999118	82.0	100.0
143.74621099999058	82.0	100.0
143.76527549998718	82.0	100.0
143.78564349998487	82.0	100.0
143.80557319999207	82.0	100.0
143.82522949998383	82.0	100.0
143.84509580000304	82.0	100.0
143.86535169999115	82.0	100.0
143.88650289998623	82.0	100.0
143.90549439997994	82.0	100.0
143.93309690000024	82.0	100.0
143.9454579000012	82.0	100.0
143.96548129999428	82.0	100.0
143.98599289997946	82.0	100.0
144.0066753999854	82.0	100.0
144.0260866000026	82.0	100.0
144.04570499999681	82.0	100.0
144.06631159997778	82.0	100.0
144.08644240000285	82.0	100.0
144.10681549998117	82.0	100.0
144.12638999999035	82.0	100.0
144.1457642999885	82.0	100.0
144.16529499998433	82.0	100.0
144.18724450000445	82.0	100.0
144.20616979998886	82.0	100.0
144.22543089999817	82.0	100.0
144.2465486000001	82.0	100.0
144.26539069999126	82.0	100.0
144.28667659999337	82.0	100.0
144.30708209998556	82.0	100.0
144.32710319999023	82.0	100.0
144.34604069998022	82.0	100.0
144.36626650000107	82.0	100.0
144.38699389999965	82.0	100.0
144.40685379999923	82.0	100.0
144.42670809998526	82.0	100.0
144.4457829000021	82.0	100.0
144.46584489999805	82.0	100.0
144.48580129997572	82.0	100.0
144.5070794999774	82.0	100.0
144.5258236999798	82.0	100.0
144.54554269998334	82.0	100.0
144.56646969998837	82.0	100.0
144.58711439999752	82.0	100.0
144.60693979999633	82.0	100.0
144.62719849997666	82.0	100.0
144.646328599978	82.0	100.0
144.6669172999973	82.0	100.0
144.68699349998496	82.0	100.0
144.70635719998972	82.0	100.0
144.7252871999808	82.0	100.0
144.7473164999974	82.0	100.0
144.7656122999906	82.0	100.0
144.7868226999999	82.0	100.0
144.8068452999869	82.0	100.0
144.82700449999538	82.0	100.0
144.84648019997985	82.0	100.0
144.86569659999805	82.0	100.0
144.88622659997782	82.0	100.0
144.90663169999607	82.0	100.0
144.92781090000062	82.0	100.0
144.94716829998652	82.0	100.0
144.96683769999072	82.0	100.0
144.98723450000398	82.0	100.0
145.01043899997603	82.0	100.0
145.0272896999959	82.0	100.0
145.04800349997822	82.0	100.0
145.06687989999773	82.0	100.0
145.08701930000097	82.0	100.0
145.10736369999358	82.0	100.0
145.12681069999235	82.0	100.0
145.14734060000046	82.0	100.0
145.16677409998374	82.0	100.0
145.18790560000343	82.0	100.0
145.20801599998958	81.0	100.0
145.227529900003	81.0	100.0
145.2552805999876	81.0	100.0
145.26678079998237	81.0	100.0
145.28757230000338	81.0	100.0
145.30757579999045	81.0	100.0
145.32690789998742	81.0	100.0
145.3520716999774	81.0	100.0
145.36716249998426	81.0	100.0
145.38720840000315	81.0	100.0
145.40721699999995	81.0	100.0
145.4273964999884	81.0	100.0
145.44742149999365	81.0	100.0
145.4674405999831	81.0	100.0
145.48708969997824	81.0	100.0
145.50724300000002	81.0	100.0
145.52690579998307	81.0	100.0
145.5491752999951	81.0	100.0
145.5673973999801	81.0	100.0
145.58712549999473	81.0	100.0
145.60761419998016	81.0	100.0
145.62927069998113	81.0	100.0
145.6472359999898	81.0	100.0
145.6687738999899	81.0	100.0
145.68667589998222	81.0	100.0
145.7067637	81.0	100.0
145.7266400999797	81.0	100.0
145.74739549998776	81.0	100.0
145.76858029997675	81.0	100.0
145.78737109998474	81.0	100.0
145.80854469997576	81.0	100.0
145.8273236999812	81.0	100.0
145.84735419999924	81.0	100.0
145.8673140000028	81.0	100.0
145.88720019999892	81.0	100.0
145.9078100999759	81.0	100.0
145.92754259999492	81.0	100.0
145.95866839998052	81.0	100.0
145.96750309999334	81.0	100.0
145.9877984999912	81.0	100.0
146.0077927999955	81.0	100.0
146.02773760000127	81.0	100.0
146.04932069999631	81.0	100.0
146.06807379997917	81.0	100.0
146.0882256999903	81.0	100.0
146.10797909999383	81.0	100.0
146.1279954999918	81.0	100.0
146.14826249997714	81.0	100.0
146.17033759999322	81.0	100.0
146.18858220000402	81.0	100.0
146.20999010000378	81.0	100.0
146.22816339999554	81.0	100.0
146.24801670000306	81.0	100.0
146.26707469997928	81.0	100.0
146.28809059999185	81.0	100.0
146.3089031999989	81.0	100.0
146.3276998999936	81.0	100.0
146.34759540000232	81.0	100.0
146.36806089998572	81.0	100.0
146.3872149999952	81.0	100.0
146.40737549998448	81.0	100.0
146.426936999982	81.0	100.0
146.4470239999937	81.0	100.0
146.46699849999277	81.0	100.0
146.48719519999577	81.0	100.0
146.51033570000436	81.0	100.0
146.527763399994	81.0	100.0
146.54923059997964	81.0	100.0
146.5676312999858	81.0	100.0
146.58756779998657	81.0	100.0
146.6086983999994	81.0	100.0
146.6317710999865	81.0	100.0
146.6476736999757	81.0	100.0
146.6673899999878	81.0	100.0
146.68761559997802	81.0	100.0
146.70913360000122	81.0	100.0
146.7275026999996	81.0	100.0
146.74894869999844	81.0	100.0
146.7681784000015	81.0	100.0
146.78897819999838	81.0	100.0
146.80835559999105	81.0	100.0
146.82729299998027	81.0	100.0
146.846936499991	81.0	100.0
146.868236099981	81.0	100.0
146.887110199983	81.0	100.0
146.9092475999787	81.0	100.0
146.92735359998187	81.0	100.0
146.94736319998628	81.0	100.0
146.96821769999224	81.0	100.0
146.98944089998258	81.0	100.0
147.00742399998126	81.0	100.0
147.02738509999472	81.0	100.0
147.04770339999232	81.0	100.0
147.06826609998825	81.0	100.0
147.08781029999955	81.0	100.0
147.1089695999981	81.0	100.0
147.1292003999988	81.0	100.0
147.14801489998354	81.0	100.0
147.16924769998877	81.0	100.0
147.19003489997704	81.0	100.0
147.2104401999968	81.0	100.0
147.22925329999998	81.0	100.0
147.24938999998267	81.0	100.0
147.2692895999935	81.0	100.0
147.28987369997776	81.0	100.0
147.30961249998654	81.0	100.0
147.3288506999961	81.0	100.0
147.34915049999836	81.0	100.0
147.36870550000458	81.0	100.0
147.38894139998592	81.0	100.0
147.4093168999825	81.0	100.0
147.4278429999831	81.0	100.0
147.44941010000184	81.0	100.0
147.46758749999572	81.0	100.0
147.48854399999254	81.0	100.0
147.51064749999205	81.0	100.0
147.52969749999465	81.0	100.0
147.54899690000457	81.0	100.0
147.56945469998755	81.0	100.0
147.58965999999782	81.0	100.0
147.61043410000275	81.0	100.0
147.6293308000022	81.0	100.0
147.64956099999836	81.0	100.0
147.67008859998896	81.0	100.0
147.68946110000252	81.0	100.0
147.71072889998322	81.0	100.0
147.72958099999232	81.0	100.0
147.74950829998124	81.0	100.0
147.76980849998654	81.0	100.0
147.78958620000049	81.0	100.0
147.80959259998053	81.0	100.0
147.82962319999933	81.0	100.0
147.85112389997812	81.0	100.0
147.8691395999922	81.0	100.0
147.88927039998816	81.0	100.0
147.91132909999578	81.0	100.0
147.92979759999434	81.0	100.0
147.94970759999705	81.0	100.0
147.9692143999855	81.0	100.0
147.98961669998243	81.0	100.0
148.0100633999973	81.0	100.0
148.03105019999202	81.0	100.0
148.05062929997803	81.0	100.0
148.0699411999958	81.0	100.0
148.08933129999787	81.0	100.0
148.10991839997587	81.0	100.0
148.12977929998306	81.0	100.0
148.15005929998006	81.0	100.0
148.1701989999856	81.0	100.0
148.1901555999939	81.0	100.0
148.211120699998	81.0	100.0
148.23091499999282	81.0	100.0
148.25077389998478	81.0	100.0
148.2705896999978	81.0	100.0
148.28988219998428	81.0	100.0
148.3111866999825	81.0	100.0
148.3313882999937	81.0	100.0
148.3539380999864	81.0	100.0
148.3705291999795	81.0	100.0
148.39024199999403	81.0	100.0
148.41103920000023	81.0	100.0
148.43091599998297	81.0	100.0
148.45047609999892	81.0	100.0
148.47122659999877	81.0	100.0
148.49106339999707	81.0	100.0
148.51064069999848	81.0	100.0
148.5316675999784	81.0	100.0
148.55106450000312	81.0	100.0
148.5708102999779	81.0	100.0
148.59088370000245	81.0	100.0
148.61062890000176	81.0	100.0
148.63170889997855	81.0	100.0
148.6492591999995	81.0	100.0
148.66987749998225	81.0	100.0
148.69029329999466	81.0	100.0
148.71132519998355	81.0	100.0
148.73108119997778	81.0	100.0
148.7512343999988	81.0	100.0
148.76976369999466	81.0	100.0
148.78986879999866	81.0	100.0
148.81012449998525	81.0	100.0
148.82990589999827	81.0	100.0
148.85021750000305	81.0	100.0
148.87022019998403	81.0	100.0
148.88983219998772	81.0	100.0
148.91086760000326	81.0	100.0
148.9281628000026	81.0	100.0
148.95045629999368	81.0	100.0
148.97059349998017	81.0	100.0
148.99137539998628	81.0	100.0
149.01072569997632	81.0	100.0
149.03160609997576	81.0	100.0
149.05103319999762	81.0	100.0
149.07132339998498	81.0	100.0
149.09180039999774	81.0	100.0
149.11143359998823	81.0	100.0
149.13038839999354	81.0	100.0
149.15184029997909	81.0	100.0
149.17032119998476	81.0	100.0
149.1928121999954	81.0	100.0
149.20815019999282	82.0	100.0
149.2314332999813	82.0	100.0
149.25091969998903	82.0	100.0
149.27115960000083	82.0	100.0
149.29133639999782	82.0	100.0
149.30988779998734	82.0	100.0
149.3313411999843	82.0	100.0
149.35164729997632	82.0	100.0
149.37150449998444	82.0	100.0
149.39084789998014	82.0	100.0
149.41127219999908	82.0	100.0
149.43107779999264	82.0	100.0
149.45155179998255	82.0	100.0
149.47162189998198	82.0	100.0
149.49181549999048	82.0	100.0
149.51171289998456	82.0	100.0
149.53135849998216	82.0	100.0
149.55128179999883	82.0	100.0
149.57063839997863	82.0	100.0
149.59118699998362	82.0	100.0
149.6105363999959	82.0	100.0
149.6304567999905	82.0	100.0
149.65283569999156	82.0	100.0
149.67176619998645	82.0	100.0
149.69205260000308	82.0	100.0
149.71202320000157	82.0	100.0
149.7309204999765	82.0	100.0
149.75430149998283	82.0	100.0
149.77151959997718	82.0	100.0
149.7914160999935	82.0	100.0
149.8118184999912	82.0	100.0
149.83085109997774	82.0	100.0
149.85131109997747	82.0	100.0
149.87188229997992	82.0	100.0
149.8918639999756	82.0	100.0
149.91234749997966	82.0	100.0
149.930855899991	82.0	100.0
149.95227549999254	82.0	100.0
149.9710308999929	82.0	100.0
149.99107930000173	82.0	100.0
150.01094680000097	82.0	100.0
150.03101009997772	82.0	100.0
150.05150199998752	82.0	100.0
150.0711719999963	82.0	100.0
150.0910767999885	82.0	100.0
150.1114690999966	82.0	100.0
150.13136989998748	82.0	100.0
150.15133579997928	82.0	100.0
150.17234749998897	82.0	100.0
150.19370799997705	82.0	100.0
150.21323039999697	83.0	100.0
150.2412402999762	83.0	100.0
150.25262049998855	83.0	100.0
150.27132800000254	83.0	100.0
150.29217849997804	83.0	100.0
150.31234429997858	83.0	100.0
150.33184050000273	83.0	100.0
150.3528088000021	83.0	100.0
150.37272610000218	83.0	100.0
150.3929405999952	83.0	100.0
150.41262339998502	83.0	100.0
150.4324118999939	83.0	100.0
150.45245419998537	83.0	100.0
150.47225629998138	83.0	100.0
150.49139849998755	83.0	100.0
150.51262009999482	83.0	100.0
150.53275099999155	83.0	100.0
150.5514162000036	83.0	100.0
150.57346759998472	83.0	100.0
150.5921202999889	83.0	100.0
150.6127725999977	83.0	100.0
150.63273660000414	83.0	100.0
150.65150409998023	83.0	100.0
150.6706110999803	83.0	100.0
150.6897203999979	83.0	100.0
150.710377099982	83.0	100.0
150.73109339998337	83.0	100.0
150.75162209998234	83.0	100.0
150.77232889999868	83.0	100.0
150.7920935000002	83.0	100.0
150.8120272999804	83.0	100.0
150.83318859999417	83.0	100.0
150.85288239998044	83.0	100.0
150.87390109998523	83.0	100.0
150.89310449999175	83.0	100.0
150.91303830000106	83.0	100.0
150.93195999998716	83.0	100.0
150.95327649998944	83.0	100.0
150.97311719998834	83.0	100.0
150.99242979998235	83.0	100.0
151.01283679998596	83.0	100.0
151.0354485999851	83.0	100.0
151.05225139998947	83.0	100.0
151.07312190000084	83.0	100.0
151.09239819998038	83.0	100.0
151.11211629997706	83.0	100.0
151.13254719998804	83.0	100.0
151.15307380000013	83.0	100.0
151.17137820000062	83.0	100.0
151.1945326999994	83.0	100.0
151.21368809998967	84.0	100.0
151.2333842999942	84.0	100.0
151.25260139998863	84.0	100.0
151.27434189998894	84.0	100.0
151.29243249999126	84.0	100.0
151.31436659998144	84.0	100.0
151.33329969999613	84.0	100.0
151.35545209998963	84.0	100.0
151.37414549998357	84.0	100.0
151.39633649997995	84.0	100.0
151.41366530000232	84.0	100.0
151.43415239997557	84.0	100.0
151.4528131999832	84.0	100.0
151.47246689998428	84.0	100.0
151.49512179999147	84.0	100.0
151.51441549998708	84.0	100.0
151.53427509998437	84.0	100.0
151.55418589999317	84.0	100.0
151.57443700000294	84.0	100.0
151.5945856999897	84.0	100.0
151.61444720000145	84.0	100.0
151.63361729998724	84.0	100.0
151.65310759999556	84.0	100.0
151.6747444999928	84.0	100.0
151.6938087999879	84.0	100.0
151.71481559998938	84.0	100.0
151.7328564999916	84.0	100.0
151.75453429998015	84.0	100.0
151.77323189997696	84.0	100.0
151.79533549997723	84.0	100.0
151.8147442000045	84.0	100.0
151.83423369997763	84.0	100.0
151.85321040000417	84.0	100.0
151.87457009998616	84.0	100.0
151.89425819998723	84.0	100.0
151.91483850000077	84.0	100.0
151.93444489999092	84.0	100.0
151.95430419998593	84.0	100.0
151.974272499996	84.0	100.0
151.99474929997814	84.0	100.0
152.01496749999933	84.0	100.0
152.0347269999911	84.0	100.0
152.05348360000062	84.0	100.0
152.07499399999506	84.0	100.0
152.0946459999832	84.0	100.0
152.11507149998215	84.0	100.0
152.13352689999738	84.0	100.0
152.15468749997672	84.0	100.0
152.17417589999968	84.0	100.0
152.19525469999644	84.0	100.0
152.21567469998263	84.0	100.0
152.23506549999001	84.0	100.0
152.2545667999948	84.0	100.0
152.27502639999148	84.0	100.0
152.29455719998805	84.0	100.0
152.31583019997925	84.0	100.0
152.33524970000144	84.0	100.0
152.3549609000038	84.0	100.0
152.3746555999969	84.0	100.0
152.39476299998933	84.0	100.0
152.41664619999938	84.0	100.0
152.4348218999803	84.0	100.0
152.4549386999861	84.0	100.0
152.47483269998338	84.0	100.0
152.4951613000012	84.0	100.0
152.51637440000195	84.0	100.0
152.5346925999911	84.0	100.0
152.55543219999527	84.0	100.0
152.57492929999717	84.0	100.0
152.59518819997902	84.0	100.0
152.6148586999916	84.0	100.0
152.63706559999264	84.0	100.0
152.65450380000402	84.0	100.0
152.67466319998493	84.0	100.0
152.69444569997722	84.0	100.0
152.71456679998664	84.0	100.0
152.7343162999896	84.0	100.0
152.75425309999264	84.0	100.0
152.77361459998065	84.0	100.0
152.7946061999828	84.0	100.0
152.81484449998243	84.0	100.0
152.83531389999553	84.0	100.0
152.85531620000256	84.0	100.0
152.87480009999126	84.0	100.0
152.89535439998144	84.0	100.0
152.91532499997993	84.0	100.0
152.93544899998233	84.0	100.0
152.95509869998205	84.0	100.0
152.97486119999667	84.0	100.0
152.99547209998127	84.0	100.0
153.01509299999452	84.0	100.0
153.03519880000385	84.0	100.0
153.05592789998627	84.0	100.0
153.07550879998598	84.0	100.0
153.0947610999865	84.0	100.0
153.11573639998096	84.0	100.0
153.13573369997903	84.0	100.0
153.15569899999537	84.0	100.0
153.17483589999028	84.0	100.0
153.1956296999997	84.0	100.0
153.21588519998477	84.0	100.0
153.2360062999942	84.0	100.0
153.25512059999164	84.0	100.0
153.27548949999618	84.0	100.0
153.29610730000422	84.0	100.0
153.3161725999962	84.0	100.0
153.33562319999328	84.0	100.0
153.35504249998485	84.0	100.0
153.3750599999912	84.0	100.0
153.39490399998613	84.0	100.0
153.41482099998393	84.0	100.0
153.4356231999991	84.0	100.0
153.45543999999063	84.0	100.0
153.47453839998343	84.0	100.0
153.49537389999023	84.0	100.0
153.51591200000257	84.0	100.0
153.53609149999102	84.0	100.0
153.555280999979	84.0	100.0
153.57545149998623	84.0	100.0
153.5958260000043	84.0	100.0
153.61578539997572	84.0	100.0
153.63515339998412	84.0	100.0
153.6554438000021	84.0	100.0
153.6753786999907	84.0	100.0
153.69498169998406	84.0	100.0
153.71530059998622	84.0	100.0
153.73482679997687	84.0	100.0
153.7584706999769	84.0	100.0
153.77513389999513	84.0	100.0
153.79513980000047	84.0	100.0
153.81530210000346	84.0	100.0
153.84287849999964	84.0	100.0
153.8549600999977	84.0	100.0
153.8760356999992	84.0	100.0
153.8957117999962	84.0	100.0
153.91633609999553	84.0	100.0
153.93534029999864	84.0	100.0
153.95571089998703	84.0	100.0
153.9754813000036	84.0	100.0
153.99656169998343	84.0	100.0
154.01631279999856	84.0	100.0
154.03561349998927	84.0	100.0
154.05608989999746	84.0	100.0
154.07635950000258	84.0	100.0
154.0957545999845	84.0	100.0
154.11637679999694	84.0	100.0
154.13603689998854	84.0	100.0
154.15751659998205	84.0	100.0
154.17576489999192	84.0	100.0
154.1977052000002	84.0	100.0
154.217204399989	84.0	100.0
154.23740270000417	84.0	100.0
154.25642739998875	84.0	100.0
154.27650579999317	84.0	100.0
154.2947559999884	84.0	100.0
154.31705240000156	84.0	100.0
154.33592319997842	84.0	100.0
154.35871659999248	84.0	100.0
154.37691669998458	84.0	100.0
154.4039369999955	84.0	100.0
154.41783900000155	84.0	100.0
154.43757229999756	84.0	100.0
154.45476449999842	84.0	100.0
154.4769471999898	84.0	100.0
154.49375909997616	84.0	100.0
154.5173007999838	84.0	100.0
154.53365709999343	84.0	100.0
154.5542851999926	84.0	100.0
154.57319819999975	84.0	100.0
154.5961677999876	84.0	100.0
154.6166336000024	84.0	100.0
154.63539219999802	84.0	100.0
154.65614099998493	84.0	100.0
154.6749457999831	84.0	100.0
154.69611989997793	84.0	100.0
154.71665719998418	84.0	100.0
154.73712479998358	84.0	100.0
154.75731839999207	84.0	100.0
154.7770034999994	84.0	100.0
154.79723569998168	84.0	100.0
154.81693159998395	84.0	100.0
154.83513500000117	84.0	100.0
154.85771479998948	84.0	100.0
154.8751551999885	84.0	100.0
154.8950499999919	84.0	100.0
154.91234759998042	84.0	100.0
154.93452729997807	84.0	100.0
154.9593770999927	84.0	100.0
154.97688269999344	84.0	100.0
154.99661459997878	84.0	100.0
155.01898900000378	84.0	100.0
155.03669739997713	84.0	100.0
155.05679879998206	84.0	100.0
155.07520259998273	84.0	100.0
155.09829239998362	84.0	100.0
155.11879459998454	84.0	100.0
155.13727720000315	84.0	100.0
155.15747499998542	84.0	100.0
155.1770792999887	84.0	100.0
155.19847999999183	84.0	100.0
155.21941219997825	84.0	100.0
155.2383487999905	84.0	100.0
155.2572942999832	84.0	100.0
155.27760239999043	84.0	100.0
155.2969921999902	84.0	100.0
155.31934439999168	84.0	100.0
155.3376825999876	84.0	100.0
155.35731699998723	84.0	100.0
155.37552899998263	84.0	100.0
155.39831469999626	84.0	100.0
155.41758459998528	84.0	100.0
155.43778320000274	84.0	100.0
155.4557322000037	84.0	100.0
155.47797029998037	84.0	100.0
155.4972792000044	84.0	100.0
155.5170562999847	84.0	100.0
155.53710200000205	84.0	100.0
155.560195500002	84.0	100.0
155.57726180000464	84.0	100.0
155.59865139998146	84.0	100.0
155.61717129999306	84.0	100.0
155.63714119998622	84.0	100.0
155.6549475999782	84.0	100.0
155.67426109997905	84.0	100.0
155.6934496999893	84.0	100.0
155.71402970000054	84.0	100.0
155.73818089999259	84.0	100.0
155.7585280999774	84.0	100.0
155.77831639998476	84.0	100.0
155.79759599998943	84.0	100.0
155.818398399977	84.0	100.0
155.838079499983	84.0	100.0
155.85724969999865	84.0	100.0
155.87820389997796	84.0	100.0
155.8982232999988	84.0	100.0
155.91806529997848	84.0	100.0
155.9385643999849	84.0	100.0
155.9585457999783	84.0	100.0
155.97822099999757	84.0	100.0
156.00086319999536	84.0	100.0
156.01784729998326	84.0	100.0
156.0378373999847	84.0	100.0
156.05758669998613	84.0	100.0
156.07810649997555	84.0	100.0
156.09720879999804	84.0	100.0
156.1187361999764	84.0	100.0
156.13794600000256	84.0	100.0
156.15747459998238	84.0	100.0
156.1781553000037	84.0	100.0
156.19911079999292	84.0	100.0
156.21844379999675	84.0	100.0
156.23943970000255	84.0	100.0
156.25729049998336	84.0	100.0
156.27889409998897	84.0	100.0
156.2989069999894	84.0	100.0
156.31866839999566	84.0	100.0
156.33855549999862	84.0	100.0
156.35862230000203	84.0	100.0
156.3789605999773	84.0	100.0
156.39926469998318	84.0	100.0
156.41546589997597	84.0	100.0
156.4388740999857	84.0	100.0
156.45873439998832	84.0	100.0
156.47922199999448	84.0	100.0
156.49893370000063	84.0	100.0
156.5194595999783	84.0	100.0
156.53890409998712	84.0	100.0
156.55912949997582	84.0	100.0
156.57870059998822	84.0	100.0
156.599244299985	84.0	100.0
156.61936189999687	84.0	100.0
156.63853339999332	84.0	100.0
156.65920899997582	84.0	100.0
156.67942810000386	84.0	100.0
156.69916819999344	84.0	100.0
156.7194268000021	84.0	100.0
156.73932409999543	84.0	100.0
156.75914069998544	84.0	100.0
156.77914199998486	84.0	100.0
156.79947229998652	84.0	100.0
156.81992479998735	84.0	100.0
156.83916089998093	84.0	100.0
156.85980429998017	84.0	100.0
156.87921549999737	84.0	100.0
156.89930379998987	84.0	100.0
156.91957709999406	84.0	100.0
156.93921159999445	84.0	100.0
156.95945149997715	84.0	100.0
156.97914499999024	84.0	100.0
156.99861859998782	84.0	100.0
157.01891709998017	84.0	100.0
157.03948179999134	84.0	100.0
157.05904719998944	84.0	100.0
157.08002850000048	84.0	100.0
157.09939479999593	84.0	100.0
157.1200895999791	84.0	100.0
157.13976749998983	84.0	100.0
157.1597686999885	84.0	100.0
157.17965389997698	84.0	100.0
157.20128239999758	84.0	100.0
157.22097779999604	84.0	100.0
157.2400757999858	84.0	100.0
157.25997769998503	84.0	100.0
157.27989109998452	84.0	100.0
157.29973499997868	84.0	100.0
157.3209155999939	84.0	100.0
157.3400778999785	84.0	100.0
157.36317319999216	84.0	100.0
157.38059679997968	84.0	100.0
157.40037210000446	84.0	100.0
157.42032609999296	84.0	100.0
157.44307999999728	84.0	100.0
157.45963129997835	84.0	100.0
157.48106499999994	84.0	100.0
157.50135639999644	84.0	100.0
157.52121330000227	84.0	100.0
157.5407620999904	84.0	100.0
157.56145199999446	84.0	100.0
157.57984259998193	84.0	100.0
157.60087519997614	84.0	100.0
157.62079980000271	84.0	100.0
157.63988249999238	84.0	100.0
157.65997009997955	84.0	100.0
157.6808955000015	84.0	100.0
157.70077749999473	84.0	100.0
157.72095839999383	84.0	100.0
157.7430099999765	84.0	100.0
157.75936209998326	84.0	100.0
157.78017709997948	84.0	100.0
157.80066179999267	84.0	100.0
157.82021949999034	84.0	100.0
157.8403766999836	84.0	100.0
157.85955449999892	84.0	100.0
157.87922689999687	84.0	100.0
157.89924929998233	84.0	100.0
157.92063290000078	84.0	100.0
157.93968759998097	84.0	100.0
157.961335400003	84.0	100.0
157.98125689997687	84.0	100.0
158.00100029999157	84.0	100.0
158.02118799998425	84.0	100.0
158.04237399998237	84.0	100.0
158.06026139997994	84.0	100.0
158.08059769999818	84.0	100.0
158.09933289999026	84.0	100.0
158.12062579998747	84.0	100.0
158.1402492999914	84.0	100.0
158.16094229998998	84.0	100.0
158.18084519999684	84.0	100.0
158.20145890000276	84.0	100.0
158.222795699985	84.0	100.0
158.24188109999523	84.0	100.0
158.2612339000043	84.0	100.0
158.28150729998015	84.0	100.0
158.30097769998247	84.0	100.0
158.3221869999834	84.0	100.0
158.34115619998192	84.0	100.0
158.36132440000074	84.0	100.0
158.38115780000226	84.0	100.0
158.40138009999646	84.0	100.0
158.42233289999422	84.0	100.0
158.44110629998613	84.0	100.0
158.46123079999234	84.0	100.0
158.4813944999769	84.0	100.0
158.50083269999595	84.0	100.0
158.52173539999058	84.0	100.0
158.54059899999993	84.0	100.0
158.56151949998457	84.0	100.0
158.58124249998946	84.0	100.0
158.60134529997595	84.0	100.0
158.6221619999851	84.0	100.0
158.6414197999984	84.0	100.0
158.66386089997832	84.0	100.0
158.68254789998173	84.0	100.0
158.70254149998073	84.0	100.0
158.722214599984	84.0	100.0
158.74156769999536	84.0	100.0
158.76200239997706	84.0	100.0
158.78181889999541	84.0	100.0
158.8026675999863	84.0	100.0
158.822537	84.0	100.0
158.8421565000026	84.0	100.0
158.86292889999459	84.0	100.0
158.88232000000426	84.0	100.0
158.9016050999926	84.0	100.0
158.9222291999904	84.0	100.0
158.94173109999974	84.0	100.0
158.9617415999819	84.0	100.0
158.98196019997704	84.0	100.0
159.00246379998862	84.0	100.0
159.02314249999472	84.0	100.0
159.0427658999979	84.0	100.0
159.06218239999725	84.0	100.0
159.0829442999966	84.0	100.0
159.10230949998368	84.0	100.0
159.12284719999298	84.0	100.0
159.14186780000455	84.0	100.0
159.16333919999306	84.0	100.0
159.18290549999801	84.0	100.0
159.20321819998208	84.0	100.0
159.22357589998865	84.0	100.0
159.24336329998914	84.0	100.0
159.26286819999223	84.0	100.0
159.28291119998903	84.0	100.0
159.30328500000178	84.0	100.0
159.32190319997608	84.0	100.0
159.33986609999556	84.0	100.0
159.35961210000096	84.0	100.0
159.38000799997826	84.0	100.0
159.3998146999802	84.0	100.0
159.41988289999426	84.0	100.0
159.43898730000365	84.0	100.0
159.4604180000024	84.0	100.0
159.4823273999791	84.0	100.0
159.50004329998046	84.0	100.0
159.52100839998457	84.0	100.0
159.5422533999954	84.0	100.0
159.56242529998417	84.0	100.0
159.5848135999986	84.0	100.0
159.6031230999797	84.0	100.0
159.6234010999906	84.0	100.0
159.6434463999758	84.0	100.0
159.66282470000442	84.0	100.0
159.68351979998988	84.0	100.0
159.70345319999615	84.0	100.0
159.72314669998013	84.0	100.0
159.74316270000418	84.0	100.0
159.76347139998688	84.0	100.0
159.78316969997832	84.0	100.0
159.80325219998485	84.0	100.0
159.8237586999894	84.0	100.0
159.84376979997614	84.0	100.0
159.86321029998362	84.0	100.0
159.88347129998147	84.0	100.0
159.90313719998812	84.0	100.0
159.92383129999507	84.0	100.0
159.943065200001	84.0	100.0
159.9635441999999	84.0	100.0
159.98328929999843	84.0	100.0
160.0036107999913	84.0	100.0
160.0234410999983	84.0	100.0
160.04333970000152	84.0	100.0
160.06355500000063	84.0	100.0
160.08390460000373	84.0	100.0
160.10255009998218	84.0	100.0
160.1238180999935	84.0	100.0
160.14362399998936	84.0	100.0
160.1639501999889	84.0	100.0
160.1827820999897	84.0	100.0
160.20542309997836	84.0	100.0
160.22354869998526	84.0	100.0
160.24395129998447	84.0	100.0
160.26359619997675	84.0	100.0
160.2830333999882	84.0	100.0
160.30422969997744	84.0	100.0
160.3246034999902	84.0	100.0
160.34364059998188	84.0	100.0
160.36549769999692	84.0	100.0
160.38445519999368	84.0	100.0
160.40404880000278	84.0	100.0
160.42307089999667	84.0	100.0
160.44318349999958	84.0	100.0
160.46598710000399	84.0	100.0
160.4833454999898	84.0	100.0
160.50637069999357	84.0	100.0
160.5240770999808	84.0	100.0
160.5452845999971	84.0	100.0
160.56510710000293	84.0	100.0
160.5838748999813	84.0	100.0
160.60382509999909	84.0	100.0
160.6271768999868	84.0	100.0
160.6453562999959	84.0	100.0
160.6644903999986	84.0	100.0
160.68494340000325	84.0	100.0
160.7044853999978	84.0	100.0
160.72514999998384	84.0	100.0
160.74411609998788	84.0	100.0
160.7653799999971	84.0	100.0
160.7852172999992	84.0	100.0
160.8050186999899	84.0	100.0
160.82515839999542	84.0	100.0
160.8447416999843	84.0	100.0
160.86767819998204	84.0	100.0
160.88506249999045	84.0	100.0
160.90339939997648	84.0	100.0
160.92526129999897	84.0	100.0
160.94325749998097	84.0	100.0
160.96354899997823	84.0	100.0
160.98374789999798	84.0	100.0
161.00414699999965	84.0	100.0
161.0252614999772	84.0	100.0
161.04556469997624	84.0	100.0
161.06527799999458	84.0	100.0
161.08493299997644	84.0	100.0
161.10323789998074	84.0	100.0
161.12506429999485	84.0	100.0
161.14506929999334	84.0	100.0
161.16605899998103	84.0	100.0
161.18467269997927	84.0	100.0
161.20664329998544	84.0	100.0
161.22681769999326	83.0	100.0
161.24565919997985	83.0	100.0
161.27159039999242	83.0	100.0
161.286004900001	83.0	100.0
161.305220499984	83.0	100.0
161.32562369998777	83.0	100.0
161.34490480000386	83.0	100.0
161.36514339997666	83.0	100.0
161.38592739999876	83.0	100.0
161.4057896999875	83.0	100.0
161.42792729998473	83.0	100.0
161.44547589999274	83.0	100.0
161.46516779999365	83.0	100.0
161.4848112000036	83.0	100.0
161.50470049999421	83.0	100.0
161.52745120000327	83.0	100.0
161.54523859999608	83.0	100.0
161.56613339998876	83.0	100.0
161.58627549998346	83.0	100.0
161.60661160000018	83.0	100.0
161.6280845000001	83.0	100.0
161.64606099997764	83.0	100.0
161.665617199993	83.0	100.0
161.68549629999325	83.0	100.0
161.70629819997703	83.0	100.0
161.7280128999846	83.0	100.0
161.747186099994	83.0	100.0
161.76676279999083	83.0	100.0
161.78546919999644	83.0	100.0
161.8060906000028	83.0	100.0
161.826725299994	83.0	100.0
161.845659899991	83.0	100.0
161.86639799998375	83.0	100.0
161.8865670999803	83.0	100.0
161.9066452999832	83.0	100.0
161.92687840000144	83.0	100.0
161.94563319999725	83.0	100.0
161.96691089999513	83.0	100.0
161.98627500000293	83.0	100.0
162.00695859998814	83.0	100.0
162.0261962999939	83.0	100.0
162.0459670999844	83.0	100.0
162.06679240000085	83.0	100.0
162.08699779998278	83.0	100.0
162.10630319998018	83.0	100.0
162.12749029998668	83.0	100.0
162.14531900000293	83.0	100.0
162.16714039997896	83.0	100.0
162.18632089998573	83.0	100.0
162.20702829997754	83.0	100.0
162.22754480000003	82.0	100.0
162.24734299999545	82.0	100.0
162.26732529999572	82.0	100.0
162.2861719999928	82.0	100.0
162.30694059998496	82.0	100.0
162.32701599999564	82.0	100.0
162.34959469997557	82.0	100.0
162.3666953999782	82.0	100.0
162.38660420000087	82.0	100.0
162.40663919999497	82.0	100.0
162.4259444999916	82.0	100.0
162.44589159998577	82.0	100.0
162.46632429998135	82.0	100.0
162.4864688999951	82.0	100.0
162.50627949999762	82.0	100.0
162.52643800000078	82.0	100.0
162.5472860999871	82.0	100.0
162.5668039000011	82.0	100.0
162.5860388999863	82.0	100.0
162.60639619998983	82.0	100.0
162.62717829999747	82.0	100.0
162.64644689997658	82.0	100.0
162.6663389999885	82.0	100.0
162.68672169998172	82.0	100.0
162.70631779998075	82.0	100.0
162.72722760000033	82.0	100.0
162.74614219999057	82.0	100.0
162.76661739998963	82.0	100.0
162.7874091999838	82.0	100.0
162.807170199987	82.0	100.0
162.82720040000277	82.0	100.0
162.8469871999987	82.0	100.0
162.86715499998536	82.0	100.0
162.8867903999926	82.0	100.0
162.9064390999847	82.0	100.0
162.9271649000002	82.0	100.0
162.94726519999676	82.0	100.0
162.9671601000009	82.0	100.0
162.98728249999112	82.0	100.0
163.00755459998618	82.0	100.0
163.0270464999776	82.0	100.0
163.047776899999	82.0	100.0
163.06655289998162	82.0	100.0
163.08809049997944	82.0	100.0
163.10707869997714	82.0	100.0
163.12719509997987	82.0	100.0
163.14764739997918	82.0	100.0
163.16888139999355	82.0	100.0
163.18691910000052	82.0	100.0
163.20694529998582	82.0	100.0
163.22782440000447	81.0	100.0
163.2477456999768	81.0	100.0
163.26753909999388	81.0	100.0
163.28781690000324	81.0	100.0
163.30966859997716	81.0	100.0
163.32763139999588	81.0	100.0
163.3469933999877	81.0	100.0
163.3699796999863	81.0	100.0
163.3872048999765	81.0	100.0
163.4071103000024	81.0	100.0
163.42736599998898	81.0	100.0
163.4475373000023	81.0	100.0
163.46382839998114	81.0	100.0
163.48756290000165	81.0	100.0
163.50702589997672	81.0	100.0
163.52719949997845	81.0	100.0
163.54724759998498	81.0	100.0
163.56940779997967	81.0	100.0
163.58632010000292	81.0	100.0
163.6072373999923	81.0	100.0
163.62524819999817	81.0	100.0
163.64410389997647	81.0	100.0
163.6635191999958	81.0	100.0
163.6851794999966	81.0	100.0
163.70594269997673	81.0	100.0
163.7251192999829	81.0	100.0
163.7433061999909	81.0	100.0
163.7640500999987	81.0	100.0
163.78449900000123	81.0	100.0
163.805758100003	81.0	100.0
163.82511509998585	81.0	100.0
163.84733089999645	81.0	100.0
163.86706989997765	81.0	100.0
163.88719589999528	81.0	100.0
163.90693420000025	81.0	100.0
163.92783979998785	81.0	100.0
163.9478021999821	81.0	100.0
163.96779120000429	81.0	100.0
163.98830939998152	81.0	100.0
164.00808939998387	81.0	100.0
164.0285576999886	81.0	100.0
164.04831879999256	81.0	100.0
164.06771139998455	81.0	100.0
164.0880935000023	81.0	100.0
164.1090159000014	81.0	100.0
164.12743039999623	81.0	100.0
164.14776369999163	81.0	100.0
164.16859619997558	81.0	100.0
164.18859669999802	81.0	100.0
164.21019819998764	81.0	100.0
164.22922009998	81.0	100.0
164.24886319998768	81.0	100.0
164.2684767000028	81.0	100.0
164.2884831999836	81.0	100.0
164.30789509997703	81.0	100.0
164.32721719998517	81.0	100.0
164.34715940000024	81.0	100.0
164.36711629998172	81.0	100.0
164.38758690000395	81.0	100.0
164.4083647999796	81.0	100.0
164.42814659999567	81.0	100.0
164.44724589999532	81.0	100.0
164.4672110999818	81.0	100.0
164.48803189999308	81.0	100.0
164.50778339998215	81.0	100.0
164.5292145999847	81.0	100.0
164.54858849997981	81.0	100.0
164.56873229998746	81.0	100.0
164.5873332999763	81.0	100.0
164.60769589999109	81.0	100.0
164.62898079998558	81.0	100.0
164.64766349998536	81.0	100.0
164.66763660000288	81.0	100.0
164.68857149998075	81.0	100.0
164.70815249998122	81.0	100.0
164.72944049999933	81.0	100.0
164.7468209999788	81.0	100.0
164.76920169999357	81.0	100.0
164.78878649999388	81.0	100.0
164.80998409999302	81.0	100.0
164.83005309998407	81.0	100.0
164.84919290000107	81.0	100.0
164.86913459998323	81.0	100.0
164.8894503999909	81.0	100.0
164.90983150000102	81.0	100.0
164.93008029999328	81.0	100.0
164.94917249999708	81.0	100.0
164.96920789999422	81.0	100.0
164.98868549999315	81.0	100.0
165.0091992999951	81.0	100.0
165.02896499997587	81.0	100.0
165.05157979999785	81.0	100.0
165.0692687999981	81.0	100.0
165.08925649998127	81.0	100.0
165.10909209999954	81.0	100.0
165.12966730000335	81.0	100.0
165.14878329998464	81.0	100.0
165.16966769998544	81.0	100.0
165.19049909999012	81.0	100.0
165.2105038999871	81.0	100.0
165.23036560000037	82.0	100.0
165.24929949999205	82.0	100.0
165.27007719999528	82.0	100.0
165.289995500003	82.0	100.0
165.3094723999966	82.0	100.0
165.3326632999815	82.0	100.0
165.34952259997954	82.0	100.0
165.3702181999979	82.0	100.0
165.39005869999528	82.0	100.0
165.4103114999889	82.0	100.0
165.430841399997	82.0	100.0
165.4502406999818	82.0	100.0
165.47016699999222	82.0	100.0
165.49032069998793	82.0	100.0
165.5099571000028	82.0	100.0
165.530675099988	82.0	100.0
165.55035959999077	82.0	100.0
165.57030469999881	82.0	100.0
165.5895862999896	82.0	100.0
165.61147979999078	82.0	100.0
165.63057159999153	82.0	100.0
165.64917859999696	82.0	100.0
165.67010550000123	82.0	100.0
165.69045039999764	82.0	100.0
165.71014429998468	82.0	100.0
165.73149179999018	82.0	100.0
165.7506009999779	82.0	100.0
165.77044549997663	82.0	100.0
165.78910019999603	82.0	100.0
165.81044299999485	82.0	100.0
165.83126039998024	82.0	100.0
165.84993969998322	82.0	100.0
165.86950790000265	82.0	100.0
165.8896857999789	82.0	100.0
165.91001540000434	82.0	100.0
165.930693399976	82.0	100.0
165.9496269999945	82.0	100.0
165.9699602999899	82.0	100.0
165.9897495000041	82.0	100.0
166.00996529997792	82.0	100.0
166.0302442999964	82.0	100.0
166.05674249998992	82.0	100.0
166.0688325999945	82.0	100.0
166.09022339998046	82.0	100.0
166.10990869998932	82.0	100.0
166.13157149998005	82.0	100.0
166.15003779999097	82.0	100.0
166.17002009999123	82.0	100.0
166.1899741999805	82.0	100.0
166.21138239998254	82.0	100.0
166.2318258000014	82.0	100.0
166.25118870000006	82.0	100.0
166.27093289999175	82.0	100.0
166.29138419998344	82.0	100.0
166.31056169999647	82.0	100.0
166.3311057999963	82.0	100.0
166.3505999999761	82.0	100.0
166.37285449999035	82.0	100.0
166.390808199998	82.0	100.0
166.41106329998001	82.0	100.0
166.43046019997564	82.0	100.0
166.4515684999933	82.0	100.0
166.4709338999819	82.0	100.0
166.49111799997627	82.0	100.0
166.5105883999786	82.0	100.0
166.53110159997595	82.0	100.0
166.5486138999986	82.0	100.0
166.57085369998822	82.0	100.0
166.5911712999805	82.0	100.0
166.611768999981	82.0	100.0
166.63321569998516	82.0	100.0
166.6523685999855	82.0	100.0
166.67125220000162	82.0	100.0
166.69131460000062	82.0	100.0
166.7112422999926	82.0	100.0
166.7313024000032	82.0	100.0
166.75271800000337	82.0	100.0
166.77129279999644	82.0	100.0
166.79111130000092	82.0	100.0
166.810616999981	82.0	100.0
166.83029230000102	82.0	100.0
166.85061929997755	82.0	100.0
166.87068199997884	82.0	100.0
166.89103309999336	82.0	100.0
166.91135759997997	82.0	100.0
166.9314955000009	82.0	100.0
166.95147030000226	82.0	100.0
166.9711330999853	82.0	100.0
166.99063809998916	82.0	100.0
167.01061539998045	82.0	100.0
167.0307544999814	82.0	100.0
167.05446789998678	82.0	100.0
167.07036829998833	82.0	100.0
167.09088219999103	82.0	100.0
167.11066939999	82.0	100.0
167.13087729999097	82.0	100.0
167.15047439999762	82.0	100.0
167.17136320000282	82.0	100.0
167.19063579998328	82.0	100.0
167.21195450000232	82.0	100.0
167.23141059998306	82.0	100.0
167.25697609997587	82.0	100.0
167.2708429999766	82.0	100.0
167.29163739999058	82.0	100.0
167.3105589999759	82.0	100.0
167.33109739999054	82.0	100.0
167.3510977999831	82.0	100.0
167.37072509998688	82.0	100.0
167.3903840999992	82.0	100.0
167.4109608999861	82.0	100.0
167.4313246999809	82.0	100.0
167.45093059999635	82.0	100.0
167.47092799999518	82.0	100.0
167.49100859998725	82.0	100.0
167.51114429999143	82.0	100.0
167.53140489998623	82.0	100.0
167.55051299999468	82.0	100.0
167.57200990000274	82.0	100.0
167.59121230000164	82.0	100.0
167.61138439999195	82.0	100.0
167.63183639998897	82.0	100.0
167.65149079999537	82.0	100.0
167.67458819999592	82.0	100.0
167.6913601999986	82.0	100.0
167.71173389998148	82.0	100.0
167.7321519999823	82.0	100.0
167.75111959999776	82.0	100.0
167.77141409998876	82.0	100.0
167.79164109998965	82.0	100.0
167.81254879999324	82.0	100.0
167.83173429997987	82.0	100.0
167.8513971999928	82.0	100.0
167.87204409998958	82.0	100.0
167.8910192999756	82.0	100.0
167.90958399997908	82.0	100.0
167.93212049998692	82.0	100.0
167.95174899999984	82.0	100.0
167.97288279997883	82.0	100.0
167.99133749998873	82.0	100.0
168.01217599998927	82.0	100.0
168.0320647000044	82.0	100.0
168.05145009999978	82.0	100.0
168.07471439999063	82.0	100.0
168.0914475999889	82.0	100.0
168.11133699998027	82.0	100.0
168.1321922999923	82.0	100.0
168.15156639998895	82.0	100.0
168.17134059997625	82.0	100.0
168.19144439999945	82.0	100.0
168.21348029997898	82.0	100.0
168.23312779999105	82.0	100.0
168.25250119998236	82.0	100.0
168.27144829998724	82.0	100.0
168.2922608999943	82.0	100.0
168.31209719998878	82.0	100.0
168.33283909998136	82.0	100.0
168.35148209999898	82.0	100.0
168.37305090000154	82.0	100.0
168.3913773999957	82.0	100.0
168.41265929999645	82.0	100.0
168.43239269999322	82.0	100.0
168.45323949999874	82.0	100.0
168.47263390000444	82.0	100.0
168.49347839999245	82.0	100.0
168.51284650000161	82.0	100.0
168.53358429999207	82.0	100.0
168.55219299998134	82.0	100.0
168.5724596999935	82.0	100.0
168.59309969999595	82.0	100.0
168.61337399997865	82.0	100.0
168.63286589999916	82.0	100.0
168.6526769999764	82.0	100.0
168.6752360999817	82.0	100.0
168.69324249998317	82.0	100.0
168.71459930000128	82.0	100.0
168.7316007000045	82.0	100.0
168.75262679997832	82.0	100.0
168.77343370000017	82.0	100.0
168.79222949998803	82.0	100.0
168.81353590000072	82.0	100.0
168.83311979999417	82.0	100.0
168.85340829999768	82.0	100.0
168.8732844000042	82.0	100.0
168.89379949998693	82.0	100.0
168.91325349998078	82.0	100.0
168.93455419997917	82.0	100.0
168.95331109999097	82.0	100.0
168.9736006000021	82.0	100.0
168.9932112999959	82.0	100.0
169.01424789999146	82.0	100.0
169.0342866999854	82.0	100.0
169.05316429998493	82.0	100.0
169.0763498999877	82.0	100.0
169.09336459997576	82.0	100.0
169.1136413999775	82.0	100.0
169.13417019997723	82.0	100.0
169.15339369999128	82.0	100.0
169.1734161999775	82.0	100.0
169.19361359998584	82.0	100.0
169.21430359999067	82.0	100.0
169.23500099999364	82.0	100.0
169.25356309997733	82.0	100.0
169.27414009999484	82.0	100.0
169.29431729999487	82.0	100.0
169.31327059998875	82.0	100.0
169.33432080000057	82.0	100.0
169.35418809999828	82.0	100.0
169.3753753999772	82.0	100.0
169.3942332000006	82.0	100.0
169.4152549999999	82.0	100.0
169.43420930000138	82.0	100.0
169.45445809999364	82.0	100.0
169.47533099999418	82.0	100.0
169.49421209999127	82.0	100.0
169.51467249999405	82.0	100.0
169.53319940000074	82.0	100.0
169.5530899000005	82.0	100.0
169.57456039998215	82.0	100.0
169.5931719999935	82.0	100.0
169.61441609999747	82.0	100.0
169.63480739999795	82.0	100.0
169.6550406999886	82.0	100.0
169.6751488999871	82.0	100.0
169.69459339999594	82.0	100.0
169.71351449997746	82.0	100.0
169.73453239997616	82.0	100.0
169.75324379999074	82.0	100.0
169.7750992999936	82.0	100.0
169.79445960000157	82.0	100.0
169.81501019999268	82.0	100.0
169.8347700999875	82.0	100.0
169.85423159998027	82.0	100.0
169.87401379999937	82.0	100.0
169.8936005999858	82.0	100.0
169.91346919999341	82.0	100.0
169.9352743999916	82.0	100.0
169.95345109998016	82.0	100.0
169.9745042999857	82.0	100.0
169.99479460000293	82.0	100.0
170.01432909999858	82.0	100.0
170.0348454999912	82.0	100.0
170.05426089998218	82.0	100.0
170.08637000000454	82.0	100.0
170.0948065999837	82.0	100.0
170.1141075999767	82.0	100.0
170.1348579999758	82.0	100.0
170.15414649999002	82.0	100.0
170.1751046999998	82.0	100.0
170.1946814999974	82.0	100.0
170.2162299999909	82.0	100.0
170.23543179998524	81.0	100.0
170.25536459998693	81.0	100.0
170.27501839998877	81.0	100.0
170.2947241999791	81.0	100.0
170.3152041999856	81.0	100.0
170.3369076999952	81.0	100.0
170.35518230000162	81.0	100.0
170.37547509997967	81.0	100.0
170.39513759998954	81.0	100.0
170.41452550000395	81.0	100.0
170.4355183999869	81.0	100.0
170.45525679999264	81.0	100.0
170.47513079998316	81.0	100.0
170.4951757999952	81.0	100.0
170.5149398999929	81.0	100.0
170.5352922999882	81.0	100.0
170.5551435999805	81.0	100.0
170.57516449998366	81.0	100.0
170.59525819998817	81.0	100.0
170.61525390000315	81.0	100.0
170.63538589997916	81.0	100.0
170.65568219998386	81.0	100.0
170.67510449999827	81.0	100.0
170.6953116999939	81.0	100.0
170.7156507000036	81.0	100.0
170.7355247999949	81.0	100.0
170.75434369998402	81.0	100.0
170.77578969998285	81.0	100.0
170.79547179999645	81.0	100.0
170.81519639998442	81.0	100.0
170.83525929998723	81.0	100.0
170.85520839999663	81.0	100.0
170.87930629999028	81.0	100.0
170.89537019998534	81.0	100.0
170.91518049998558	81.0	100.0
170.9372523999773	81.0	100.0
170.95598070000415	81.0	100.0
170.9753270999936	81.0	100.0
170.99503069999628	81.0	100.0
171.01578029998927	81.0	100.0
171.03542810000363	81.0	100.0
171.05539929997758	81.0	100.0
171.0753322999808	81.0	100.0
171.09563419999904	81.0	100.0
171.11455279999063	81.0	100.0
171.13477380000404	81.0	100.0
171.1560077999893	81.0	100.0
171.17468649998773	81.0	100.0
171.19447749998653	81.0	100.0
171.21658379997825	81.0	100.0
171.23622500000056	79.0	100.0
171.2582640000037	79.0	100.0
171.2753199999861	79.0	100.0
171.29500869999174	79.0	100.0
171.31544809998013	79.0	100.0
171.33606619999046	79.0	100.0
171.3555245999887	79.0	100.0
171.37657870000112	79.0	100.0
171.39530010000453	79.0	100.0
171.41614329998265	79.0	100.0
171.43520269999863	79.0	100.0
171.4560491000011	79.0	100.0
171.47483520000242	79.0	100.0
171.4957119000028	79.0	100.0
171.5151835999859	79.0	100.0
171.53635239999858	79.0	100.0
171.55543349997606	79.0	100.0
171.57557230000384	79.0	100.0
171.59502949999296	79.0	100.0
171.61535529998946	79.0	100.0
171.6366017999826	79.0	100.0
171.65561799998977	79.0	100.0
171.6761718999769	79.0	100.0
171.6960187999939	79.0	100.0
171.71480849999352	79.0	100.0
171.7385841999785	79.0	100.0
171.75708409998333	79.0	100.0
171.77602979997755	79.0	100.0
171.79821239999728	79.0	100.0
171.81641189998481	79.0	100.0
171.83630689998972	79.0	100.0
171.85504969998146	79.0	100.0
171.8749736000027	79.0	100.0
171.895105100004	79.0	100.0
171.91493299999274	79.0	100.0
171.93495599998278	79.0	100.0
171.9550604999822	79.0	100.0
171.97525999997742	79.0	100.0
171.99567599999136	79.0	100.0
172.0156324999989	79.0	100.0
172.0365416999848	79.0	100.0
172.05559229999199	79.0	100.0
172.07748340000398	79.0	100.0
172.09659669999382	79.0	100.0
172.11584149999544	79.0	100.0
172.13671910000267	79.0	100.0
172.1555244999763	79.0	100.0
172.17637209998793	79.0	100.0
172.1957450999762	79.0	100.0
172.21698759999708	79.0	100.0
172.2368843999866	78.0	100.0
172.25706249999348	78.0	100.0
172.27670919999946	78.0	100.0
172.29531379998662	78.0	100.0
172.31741859999602	78.0	100.0
172.33717739998247	78.0	100.0
172.3557152999856	78.0	100.0
172.37858969997615	78.0	100.0
172.39652650000062	78.0	100.0
172.41702910000458	78.0	100.0
172.43664999998873	78.0	100.0
172.4570340999926	78.0	100.0
172.47577629997977	78.0	100.0
172.49660949999816	78.0	100.0
172.51622829999542	78.0	100.0
172.53604619999533	78.0	100.0
172.55520969998906	78.0	100.0
172.57522109997808	78.0	100.0
172.5952156999847	78.0	100.0
172.6160661999893	78.0	100.0
172.63520039999275	78.0	100.0
172.65533089998644	78.0	100.0
172.6754254999978	78.0	100.0
172.69672239999636	78.0	100.0
172.71740349999163	78.0	100.0
172.7388890000002	78.0	100.0
172.7572644999891	78.0	100.0
172.77711229998386	78.0	100.0
172.79693719997886	78.0	100.0
172.81634809999377	78.0	100.0
172.83577340000193	78.0	100.0
172.85704329999862	78.0	100.0
172.87713619999704	78.0	100.0
172.8968330999778	78.0	100.0
172.91704599998775	78.0	100.0
172.9368886000011	78.0	100.0
172.96088099997723	78.0	100.0
172.97606220000307	78.0	100.0
172.99923190000118	78.0	100.0
173.01695889999974	78.0	100.0
173.03703700000187	78.0	100.0
173.05752790000406	78.0	100.0
173.07593439999619	78.0	100.0
173.09798369999044	78.0	100.0
173.1169041999965	78.0	100.0
173.13717509998241	78.0	100.0
173.1569346000033	78.0	100.0
173.1772331999964	78.0	100.0
173.19688109998242	78.0	100.0
173.2183918999799	78.0	100.0
173.2383549999795	79.0	100.0
173.25715059999493	79.0	100.0
173.28716879998683	79.0	100.0
173.2965988999931	79.0	100.0
173.31724929998745	79.0	100.0
173.33711100000073	79.0	100.0
173.35654149999027	79.0	100.0
173.3776599999983	79.0	100.0
173.3972184000013	79.0	100.0
173.41724409998278	79.0	100.0
173.43709540000418	79.0	100.0
173.45702899998287	79.0	100.0
173.4775285999931	79.0	100.0
173.49758799999836	79.0	100.0
173.51754109998	79.0	100.0
173.5374257999938	79.0	100.0
173.55727489999845	79.0	100.0
173.57666910000262	79.0	100.0
173.59711879998213	79.0	100.0
173.61730329997954	79.0	100.0
173.637155000004	79.0	100.0
173.65713419998065	79.0	100.0
173.67714789998718	79.0	100.0
173.69736449999618	79.0	100.0
173.7172423999873	79.0	100.0
173.73734089999925	79.0	100.0
173.75672669999767	79.0	100.0
173.77721449997625	79.0	100.0
173.79718189997948	79.0	100.0
173.81832559997565	79.0	100.0
173.83740649998072	79.0	100.0
173.85689959998126	79.0	100.0
173.8766706000024	79.0	100.0
173.8968859000015	79.0	100.0
173.91720039999927	79.0	100.0
173.93763619998936	79.0	100.0
173.9566516999912	79.0	100.0
173.97704909997992	79.0	100.0
173.99675550000393	79.0	100.0
174.0183837999939	79.0	100.0
174.03937489999225	79.0	100.0
174.0601499999757	79.0	100.0
174.07773859999725	79.0	100.0
174.09693299999344	79.0	100.0
174.11724739999045	79.0	100.0
174.13872089999495	79.0	100.0
174.15712930000154	79.0	100.0
174.17809339999803	79.0	100.0
174.19706350000342	79.0	100.0
174.21832039998844	79.0	100.0
174.23895619998802	79.0	100.0
174.25826829997823	79.0	100.0
174.2771046999842	79.0	100.0
174.29722340000444	79.0	100.0
174.3182775999885	79.0	100.0
174.3384188999771	79.0	100.0
174.35724019998452	79.0	100.0
174.3774974999833	79.0	100.0
174.39714019998792	79.0	100.0
174.41719219999504	79.0	100.0
174.43873819999862	79.0	100.0
174.45837939999183	79.0	100.0
174.4773920000007	79.0	100.0
174.49802269999054	79.0	100.0
174.5175061999762	79.0	100.0
174.53895970000303	79.0	100.0
174.5582599999907	79.0	100.0
174.57832619998953	79.0	100.0
174.59816779999528	79.0	100.0
174.61855909999576	79.0	100.0
174.63812819999293	79.0	100.0
174.65865219998523	79.0	100.0
174.67874659999507	79.0	100.0
174.6982735999918	79.0	100.0
174.71840499999234	79.0	100.0
174.74141220000456	79.0	100.0
174.7567568999948	79.0	100.0
174.77857149997726	79.0	100.0
174.79801050000242	79.0	100.0
174.8188506999868	79.0	100.0
174.83938849999686	79.0	100.0
174.8590736000042	79.0	100.0
174.87858339998638	79.0	100.0
174.8980748000031	79.0	100.0
174.91875379998237	79.0	100.0
174.93837389998953	79.0	100.0
174.95874639999238	79.0	100.0
174.9789782000007	79.0	100.0
174.99824879999505	79.0	100.0
175.01856999998563	79.0	100.0
175.03990239999257	79.0	100.0
175.05844919997617	79.0	100.0
175.08006499998737	79.0	100.0
175.09887829999207	79.0	100.0
175.11838159998297	79.0	100.0
175.13917099998798	79.0	100.0
175.15860840000096	79.0	100.0
175.1791508999886	79.0	100.0
175.19754159997683	79.0	100.0
175.21989779997966	79.0	100.0
175.2397828999965	78.0	100.0
175.25946999998996	78.0	100.0
175.27935909997905	78.0	100.0
175.29937359999167	78.0	100.0
175.31792479997966	78.0	100.0
175.3395704999857	78.0	100.0
175.35839149999083	78.0	100.0
175.38059179999982	78.0	100.0
175.39954449998913	78.0	100.0
175.41956519999076	78.0	100.0
175.43914750000113	78.0	100.0
175.45909109999775	78.0	100.0
175.47914309997577	78.0	100.0
175.49942109998665	78.0	100.0
175.5190872999956	78.0	100.0
175.53894389999914	78.0	100.0
175.55942949999007	78.0	100.0
175.57908609998412	78.0	100.0
175.5992090999789	78.0	100.0
175.6198402000009	78.0	100.0
175.64051109997672	78.0	100.0
175.66158949999954	78.0	100.0
175.67955030000303	78.0	100.0
175.69920569998794	78.0	100.0
175.71892630000366	78.0	100.0
175.73936649999814	78.0	100.0
175.7612061999971	78.0	100.0
175.78006180000375	78.0	100.0
175.79939669999294	78.0	100.0
175.81934600000386	78.0	100.0
175.83876089999103	78.0	100.0
175.85943199999747	78.0	100.0
175.8792332999874	78.0	100.0
175.89844619997893	78.0	100.0
175.9199215999979	78.0	100.0
175.94039569998858	78.0	100.0
175.95950669999002	78.0	100.0
175.97938479998265	78.0	100.0
175.99955249999766	78.0	100.0
176.01938569999766	78.0	100.0
176.0393514999887	78.0	100.0
176.05879069998628	78.0	100.0
176.07924569997704	78.0	100.0
176.100910499983	78.0	100.0
176.11885379999876	78.0	100.0
176.1404156999779	78.0	100.0
176.1585021999781	78.0	100.0
176.1796085999813	78.0	100.0
176.19916089999606	78.0	100.0
176.22102149997954	78.0	100.0
176.2405207999982	79.0	100.0
176.25983969998197	79.0	100.0
176.27945639999234	79.0	100.0
176.29967369997757	79.0	100.0
176.31933080000454	79.0	100.0
176.33968789997743	79.0	100.0
176.3597074999998	79.0	100.0
176.3796298999805	79.0	100.0
176.398663400003	79.0	100.0
176.41865350000444	79.0	100.0
176.4406201999809	79.0	100.0
176.45970739997574	79.0	100.0
176.48068459998467	79.0	100.0
176.49981569999363	79.0	100.0
176.519756099995	79.0	100.0
176.5409512000042	79.0	100.0
176.55958969998755	79.0	100.0
176.580189899978	79.0	100.0
176.599644300004	79.0	100.0
176.6196047999838	79.0	100.0
176.6391222999955	79.0	100.0
176.66097889997764	79.0	100.0
176.6795076999988	79.0	100.0
176.70065349998185	79.0	100.0
176.71986499999184	79.0	100.0
176.74047079999582	79.0	100.0
176.75894329999574	79.0	100.0
176.7790021999972	79.0	100.0
176.79898500000127	79.0	100.0
176.81919259999995	79.0	100.0
176.84020730000339	79.0	100.0
176.85899549999158	79.0	100.0
176.878919699986	79.0	100.0
176.89934350000112	79.0	100.0
176.9191585999797	79.0	100.0
176.93916999999783	79.0	100.0
176.95921829997678	79.0	100.0
176.97915189998457	79.0	100.0
176.99891239998396	79.0	100.0
177.02009459998226	79.0	100.0
177.03926029999275	79.0	100.0
177.05946969997603	79.0	100.0
177.07955329999095	79.0	100.0
177.09965319998446	79.0	100.0
177.11914830000023	79.0	100.0
177.14008389998344	79.0	100.0
177.15945569999167	79.0	100.0
177.17949389998103	79.0	100.0
177.20066459997906	79.0	100.0
177.22162879997632	79.0	100.0
177.2390366999898	79.0	100.0
177.26105349999852	79.0	100.0
177.2793049000029	79.0	100.0
177.3008686999965	79.0	100.0
177.32104089998757	79.0	100.0
177.34154399999534	79.0	100.0
177.3607573999907	79.0	100.0
177.38089939998463	79.0	100.0
177.40242999998736	79.0	100.0
177.41947759999312	79.0	100.0
177.44057169998996	79.0	100.0
177.46028639998985	79.0	100.0
177.48010950000025	79.0	100.0
177.50057760000345	79.0	100.0
177.51949829998193	79.0	100.0
177.5406197999837	79.0	100.0
177.56009909999557	79.0	100.0
177.58045579999452	79.0	100.0
177.6001997999847	79.0	100.0
177.62080699999933	79.0	100.0
177.64004269998986	79.0	100.0
177.660436199978	79.0	100.0
177.68053990000044	79.0	100.0
177.7011910000001	79.0	100.0
177.7212590999843	79.0	100.0
177.74122389999684	79.0	100.0
177.7607228999841	79.0	100.0
177.781362299982	79.0	100.0
177.80083749999176	79.0	100.0
177.82071139998152	79.0	100.0
177.84050829999615	79.0	100.0
177.86077199998545	79.0	100.0
177.87948419997701	79.0	100.0
177.90073039999697	79.0	100.0
177.92051820000052	79.0	100.0
177.94150179999997	79.0	100.0
177.95974729998852	79.0	100.0
177.98056490000454	79.0	100.0
178.00170149997575	79.0	100.0
178.0214527999924	79.0	100.0
178.04113299999153	79.0	100.0
178.06070410000393	79.0	100.0
178.0806446999777	79.0	100.0
178.10151579999365	79.0	100.0
178.12079449999146	79.0	100.0
178.1410942999937	79.0	100.0
178.16093299997738	79.0	100.0
178.18112689998816	79.0	100.0
178.20092949998798	79.0	100.0
178.22324729998945	79.0	100.0
178.2425183999876	78.0	100.0
178.2611210999894	78.0	100.0
178.2810785000038	78.0	100.0
178.30107239997596	78.0	100.0
178.3211425000045	78.0	100.0
178.3424806999974	78.0	100.0
178.3611032999761	78.0	100.0
178.38279959998908	78.0	100.0
178.40121680000448	78.0	100.0
178.42133250000188	78.0	100.0
178.4422207000025	78.0	100.0
178.46111720000044	78.0	100.0
178.4811800000025	78.0	100.0
178.50272119999863	78.0	100.0
178.52192969998578	78.0	100.0
178.54201209999155	78.0	100.0
178.56110759999137	78.0	100.0
178.58161279998603	78.0	100.0
178.6011867999914	78.0	100.0
178.6213229999994	78.0	100.0
178.6422735999804	78.0	100.0
178.66303669998888	78.0	100.0
178.68113149999408	78.0	100.0
178.70109739998588	78.0	100.0
178.72221290000016	78.0	100.0
178.7428774999862	78.0	100.0
178.7623202999821	78.0	100.0
178.78246699998272	78.0	100.0
178.80138089999673	78.0	100.0
178.8230412999983	78.0	100.0
178.84367619999102	78.0	100.0
178.86274169999524	78.0	100.0
178.88154339999892	78.0	100.0
178.90144329998293	78.0	100.0
178.92236509997747	78.0	100.0
178.94253649999155	78.0	100.0
178.96122349999496	78.0	100.0
178.98254830000224	78.0	100.0
179.00256739999168	78.0	100.0
179.0220167999796	78.0	100.0
179.0426826000039	78.0	100.0
179.0615545999899	78.0	100.0
179.0824029999785	78.0	100.0
179.10154709999915	78.0	100.0
179.12200269999448	78.0	100.0
179.14318240000284	78.0	100.0
179.16144919997896	78.0	100.0
179.18287019999116	78.0	100.0
179.20223120000446	78.0	100.0
179.2224264999968	78.0	100.0
179.24552810000023	77.0	100.0
179.26230039997608	77.0	100.0
179.28349359999993	77.0	100.0
179.30291139998008	77.0	100.0
179.32258379997802	77.0	100.0
179.34330819998286	77.0	100.0
179.36292409998714	77.0	100.0
179.38300719999825	77.0	100.0
179.40294410000206	77.0	100.0
179.42316599999322	77.0	100.0
179.44329070000094	77.0	100.0
179.46227419999195	77.0	100.0
179.48209669999778	77.0	100.0
179.50245440000435	77.0	100.0
179.5220612999983	77.0	100.0
179.54258489998756	77.0	100.0
179.56219189998228	77.0	100.0
179.5825593000045	77.0	100.0
179.60224919999018	77.0	100.0
179.622401599976	77.0	100.0
179.64259809997748	77.0	100.0
179.66288119999808	77.0	100.0
179.68220339997788	77.0	100.0
179.7026160999958	77.0	100.0
179.7233793999767	77.0	100.0
179.7434691999806	77.0	100.0
179.7631344999827	77.0	100.0
179.78299469998456	77.0	100.0
179.8029987999762	77.0	100.0
179.82315909999306	77.0	100.0
179.84310019999975	77.0	100.0
179.8633621999761	77.0	100.0
179.8833301999839	77.0	100.0
179.90521480000461	77.0	100.0
179.92366339999717	77.0	100.0
179.942575699999	77.0	100.0
179.96281209998415	77.0	100.0
179.9827819999773	77.0	100.0
180.00268259999575	77.0	100.0
180.0228964999842	77.0	100.0
180.0424468999845	77.0	100.0
180.06471659999806	77.0	100.0
180.08263439999428	77.0	100.0
180.10234479999053	77.0	100.0
180.12361459998647	77.0	100.0
180.14398359999177	77.0	100.0
180.16402659998857	77.0	100.0
180.18274269998074	77.0	100.0
180.20224230000167	77.0	100.0
180.22223189999931	77.0	100.0
180.23901799999294	78.0	100.0
180.26091650000308	78.0	100.0
180.27976459998172	78.0	100.0
180.30002739999327	78.0	100.0
180.3200076999783	78.0	100.0
180.3410726999864	78.0	100.0
180.36095390000264	78.0	100.0
180.3832401999971	78.0	100.0
180.40302639998845	78.0	100.0
180.42368049998186	78.0	100.0
180.44369269997696	78.0	100.0
180.46439049998298	78.0	100.0
180.48498769997968	78.0	100.0
180.50469309999608	78.0	100.0
180.523220699979	78.0	100.0
180.54419029998826	78.0	100.0
180.5629480999778	78.0	100.0
180.58425929999794	78.0	100.0
180.60369459999492	78.0	100.0
180.62414899998112	78.0	100.0
180.64255079999566	78.0	100.0
180.66687309998088	78.0	100.0
180.68065819999902	78.0	100.0
180.7011601999984	78.0	100.0
180.72197329998016	78.0	100.0
180.7421587999852	78.0	100.0
180.76286809999146	78.0	100.0
180.784436499991	78.0	100.0
180.80394929999602	78.0	100.0
180.82480410000426	78.0	100.0
180.84391759999562	78.0	100.0
180.86482889999752	78.0	100.0
180.8846737999993	78.0	100.0
180.90427060000366	78.0	100.0
180.92456259997562	78.0	100.0
180.9449450999964	78.0	100.0
180.96334869999555	78.0	100.0
180.98650369999814	78.0	100.0
181.0036857999803	78.0	100.0
181.0239913999976	78.0	100.0
181.04436410000199	78.0	100.0
181.06356499998947	78.0	100.0
181.0839960000012	78.0	100.0
181.1034415999893	78.0	100.0
181.1231351000024	78.0	100.0
181.1445720999909	78.0	100.0
181.16317829999025	78.0	100.0
181.18401619998622	78.0	100.0
181.20335529997828	78.0	100.0
181.2255479999876	78.0	100.0
181.24654769999324	79.0	100.0
181.26459310000064	79.0	100.0
181.2887783999904	79.0	100.0
181.30525129998568	79.0	100.0
181.32487079998828	79.0	100.0
181.34551600000123	79.0	100.0
181.36486339999828	79.0	100.0
181.38689429999795	79.0	100.0
181.40530119999312	79.0	100.0
181.42481470000348	79.0	100.0
181.44505759997992	79.0	100.0
181.4651810999785	79.0	100.0
181.4844935000001	79.0	100.0
181.50679739998304	79.0	100.0
181.52515099997981	79.0	100.0
181.54513309997856	79.0	100.0
181.56483819999266	79.0	100.0
181.5851030999911	79.0	100.0
181.60483840000234	79.0	100.0
181.62493160000304	79.0	100.0
181.6453513999877	79.0	100.0
181.66508129998692	79.0	100.0
181.68455429997994	79.0	100.0
181.7047001000028	79.0	100.0
181.7249782999861	79.0	100.0
181.74463079997804	79.0	100.0
181.76336289997562	79.0	100.0
181.78195539998705	79.0	100.0
181.80578609998338	79.0	100.0
181.82366470000125	79.0	100.0
181.8439318999881	79.0	100.0
181.8659839000029	79.0	100.0
181.88677660000394	79.0	100.0
181.9079572999908	79.0	100.0
181.92269509998732	79.0	100.0
181.9453155999945	79.0	100.0
181.9645347999758	79.0	100.0
181.98473419999937	79.0	100.0
182.0033688999829	79.0	100.0
182.02302209998015	79.0	100.0
182.04303539998364	79.0	100.0
182.06052959998487	79.0	100.0
182.08112609997625	79.0	100.0
182.10093190000043	79.0	100.0
182.12475019998965	79.0	100.0
182.1454685999779	79.0	100.0
182.16542999999365	79.0	100.0
182.18878929998027	79.0	100.0
182.2053678999946	79.0	100.0
182.22745679999935	79.0	100.0
182.24652069999138	79.0	100.0
182.26606449999963	79.0	100.0
182.28503239998827	79.0	100.0
182.30636580000282	79.0	100.0
182.3256868000026	79.0	100.0
182.34666229999857	79.0	100.0
182.36514399998123	79.0	100.0
182.3852043999941	79.0	100.0
182.4053627999965	79.0	100.0
182.42625889999908	79.0	100.0
182.446248799999	79.0	100.0
182.4661018999759	79.0	100.0
182.486322199984	79.0	100.0
182.50597509997897	79.0	100.0
182.5265457999776	79.0	100.0
182.54680449998705	79.0	100.0
182.56604759997572	79.0	100.0
182.58626769998227	79.0	100.0
182.60599209999782	79.0	100.0
182.6264801999787	79.0	100.0
182.64527209999505	79.0	100.0
182.66696729999967	79.0	100.0
182.68654679998872	79.0	100.0
182.70668010000372	79.0	100.0
182.7271533999883	79.0	100.0
182.74696709998534	79.0	100.0
182.76599559999886	79.0	100.0
182.78698559998884	79.0	100.0
182.80713049997576	79.0	100.0
182.8268931999919	79.0	100.0
182.84683759999461	79.0	100.0
182.8659574999765	79.0	100.0
182.88568779997877	79.0	100.0
182.90727440000046	79.0	100.0
182.92602089999127	79.0	100.0
182.94639050000114	79.0	100.0
182.96596420000424	79.0	100.0
182.9862693999894	79.0	100.0
183.00487889998476	79.0	100.0
183.02758059999906	79.0	100.0
183.04746509998222	79.0	100.0
183.06774969998514	79.0	100.0
183.08614699999453	79.0	100.0
183.10550179998972	79.0	100.0
183.1270715999999	79.0	100.0
183.14786529997946	79.0	100.0
183.16567119999672	79.0	100.0
183.1857835999981	79.0	100.0
183.20650299999397	79.0	100.0
183.22728839999763	79.0	100.0
183.2475738999783	80.0	100.0
183.26751899998635	80.0	100.0
183.28706909998436	80.0	100.0
183.3070964999788	80.0	100.0
183.3271632999822	80.0	100.0
183.34786069998518	80.0	100.0
183.3672024999978	80.0	100.0
183.38737349997973	80.0	100.0
183.407174699998	80.0	100.0
183.42711579997558	80.0	100.0
183.44761869998183	80.0	100.0
183.46718759997748	80.0	100.0
183.4872315999819	80.0	100.0
183.50736989997677	80.0	100.0
183.52691049998975	80.0	100.0
183.54715169998235	80.0	100.0
183.5669687000045	80.0	100.0
183.58700509998016	80.0	100.0
183.60682649997761	80.0	100.0
183.62606559999404	80.0	100.0
183.64884019998135	80.0	100.0
183.6675630999962	80.0	100.0
183.6873268999916	80.0	100.0
183.70748679997632	80.0	100.0
183.72715849999804	80.0	100.0
183.74632469998323	80.0	100.0
183.76384539998253	80.0	100.0
183.7821849999891	80.0	100.0
183.80207759997575	80.0	100.0
183.82167659999686	80.0	100.0
183.842839799996	80.0	100.0
183.8664540000027	80.0	100.0
183.89428019998013	80.0	100.0
183.9060520999774	80.0	100.0
183.928285699978	80.0	100.0
183.94756770000095	80.0	100.0
183.96716589998687	80.0	100.0
183.98708520000218	80.0	100.0
184.00689160000184	80.0	100.0
184.02765559998807	80.0	100.0
184.04756389997783	80.0	100.0
184.06873440000345	80.0	100.0
184.08769339998253	80.0	100.0
184.10892309999326	80.0	100.0
184.1272187999857	80.0	100.0
184.14899829999194	80.0	100.0
184.1676830999786	80.0	100.0
184.1885115999903	80.0	100.0
184.20768629998202	80.0	100.0
184.22930869998527	80.0	100.0
184.24907719998737	80.0	100.0
184.26799429999664	80.0	100.0
184.288650100003	80.0	100.0
184.3083396999864	80.0	100.0
184.3284372999915	80.0	100.0
184.34896989999106	80.0	100.0
184.36803699997836	80.0	100.0
184.38923869997961	80.0	100.0
184.40951129997848	80.0	100.0
184.42849130000104	80.0	100.0
184.4470666999987	80.0	100.0
184.46787279998534	80.0	100.0
184.4888004999957	80.0	100.0
184.5061502000026	80.0	100.0
184.53188579998096	80.0	100.0
184.54738329999964	80.0	100.0
184.56570320000174	80.0	100.0
184.58506289997604	80.0	100.0
184.60626529998262	80.0	100.0
184.62709269998595	80.0	100.0
184.64979119997588	80.0	100.0
184.66800089998287	80.0	100.0
184.68767469999148	80.0	100.0
184.70868159999372	80.0	100.0
184.72870999999577	80.0	100.0
184.74910600000294	80.0	100.0
184.76864679998835	80.0	100.0
184.78945879999083	80.0	100.0
184.8091427999898	80.0	100.0
184.82745679997606	80.0	100.0
184.84998619998805	80.0	100.0
184.86914559997967	80.0	100.0
184.88881049997872	80.0	100.0
184.91004739998607	80.0	100.0
184.93011469999328	80.0	100.0
184.94982270000037	80.0	100.0
184.96773439997924	80.0	100.0
184.9889171999821	80.0	100.0
185.00912829997833	80.0	100.0
185.03021779999835	80.0	100.0
185.04919049999444	80.0	100.0
185.06950929999584	80.0	100.0
185.08841499997652	80.0	100.0
185.10922759998357	80.0	100.0
185.12781069998164	80.0	100.0
185.14895299999625	80.0	100.0
185.16747549999855	80.0	100.0
185.18900379998377	80.0	100.0
185.20757339999545	80.0	100.0
185.23129789999803	80.0	100.0
185.2496796999767	81.0	100.0
185.26875449999352	81.0	100.0
185.28858120000223	81.0	100.0
185.31045429999358	81.0	100.0
185.32911709998734	81.0	100.0
185.35029099998064	81.0	100.0
185.36882350000087	81.0	100.0
185.3895474000019	81.0	100.0
185.40924879998784	81.0	100.0
185.42902449998655	81.0	100.0
185.44909209999605	81.0	100.0
185.46911320000072	81.0	100.0
185.48923639999703	81.0	100.0
185.50951549998717	81.0	100.0
185.52908089998527	81.0	100.0
185.5490135999862	81.0	100.0
185.5690149999864	81.0	100.0
185.58914409999852	81.0	100.0
185.60925229999702	81.0	100.0
185.6291592999769	81.0	100.0
185.6489202999801	81.0	100.0
185.6676509999961	81.0	100.0
185.6925632999919	81.0	100.0
185.71038579999004	81.0	100.0
185.7292405999906	81.0	100.0
185.75006109999958	81.0	100.0
185.769103300001	81.0	100.0
185.79024169998593	81.0	100.0
185.80923189999885	81.0	100.0
185.8299453999789	81.0	100.0
185.84942399998545	81.0	100.0
185.869300499995	81.0	100.0
185.88880240000435	81.0	100.0
185.90931940000155	81.0	100.0
185.92943439999362	81.0	100.0
185.94948309997562	81.0	100.0
185.96901459997753	81.0	100.0
185.98945369999274	81.0	100.0
186.00975279998966	81.0	100.0
186.02975210000295	81.0	100.0
186.04942880000453	81.0	100.0
186.0697194999957	81.0	100.0
186.0898324000009	81.0	100.0
186.11092799998005	81.0	100.0
186.12894289998803	81.0	100.0
186.1502366999921	81.0	100.0
186.16986579998047	81.0	100.0
186.18961729999864	81.0	100.0
186.21205189998727	81.0	100.0
186.23029519998818	81.0	100.0
186.25051610000082	81.0	100.0
186.2701179999858	81.0	100.0
186.28958569999668	81.0	100.0
186.31328069997835	81.0	100.0
186.32977769998251	81.0	100.0
186.34862370000337	81.0	100.0
186.3684350999829	81.0	100.0
186.38672429998405	81.0	100.0
186.4068619000027	81.0	100.0
186.42587059998186	81.0	100.0
186.4471403999778	81.0	100.0
186.46909009999945	81.0	100.0
186.48909269997966	81.0	100.0
186.509501499997	81.0	100.0
186.52647349998006	81.0	100.0
186.55085659999168	81.0	100.0
186.57101769998553	81.0	100.0
186.587526599993	81.0	100.0
186.60910040000454	81.0	100.0
186.63060129998485	81.0	100.0
186.65037139999913	81.0	100.0
186.67044909999822	81.0	100.0
186.6907583999855	81.0	100.0
186.7113992999948	81.0	100.0
186.73086319997674	81.0	100.0
186.75224929998512	81.0	100.0
186.77083939997829	81.0	100.0
186.79108139997697	81.0	100.0
186.81011669998406	81.0	100.0
186.83023559997673	81.0	100.0
186.85101459998987	81.0	100.0
186.8711079999921	81.0	100.0
186.89063680000254	81.0	100.0
186.91082239997922	81.0	100.0
186.93050079999375	81.0	100.0
186.95085369999288	81.0	100.0
186.97019949997775	81.0	100.0
186.99064760000329	81.0	100.0
187.01047320000362	81.0	100.0
187.03059079998638	81.0	100.0
187.04938599999878	81.0	100.0
187.07036899999366	81.0	100.0
187.0926058999903	81.0	100.0
187.11049619998084	81.0	100.0
187.1305219999922	81.0	100.0
187.15127689999645	81.0	100.0
187.17135089999647	81.0	100.0
187.19145679997746	81.0	100.0
187.21103720000247	81.0	100.0
187.2327157999971	81.0	100.0
187.25152229997911	80.0	100.0
187.27107489999617	80.0	100.0
187.29050370000186	80.0	100.0
187.31194309997954	80.0	100.0
187.33090349999839	80.0	100.0
187.3510924000002	80.0	100.0
187.37067370000295	80.0	100.0
187.3940036999993	80.0	100.0
187.4109978999768	80.0	100.0
187.43119839997962	80.0	100.0
187.45163259998662	80.0	100.0
187.47147119999863	80.0	100.0
187.49120469999616	80.0	100.0
187.51260079999338	80.0	100.0
187.53292840000358	80.0	100.0
187.55137410000316	80.0	100.0
187.57152169998153	80.0	100.0
187.59156359999906	80.0	100.0
187.61096259998158	80.0	100.0
187.6302665999974	80.0	100.0
187.6514849999803	80.0	100.0
187.67087360000005	80.0	100.0
187.69066539997584	80.0	100.0
187.71098239999264	80.0	100.0
187.73058869998204	80.0	100.0
187.75187869998626	80.0	100.0
187.7707588999765	80.0	100.0
187.79104270000244	80.0	100.0
187.81050890000188	80.0	100.0
187.83111830000416	80.0	100.0
187.85145089999423	80.0	100.0
187.87593459998607	80.0	100.0
187.89083570000366	80.0	100.0
187.91082719998667	80.0	100.0
187.93093390000286	80.0	100.0
187.95263220000197	80.0	100.0
187.9725503999798	80.0	100.0
187.99407369998517	80.0	100.0
188.0116369999887	80.0	100.0
188.0328518000024	80.0	100.0
188.05269149999367	80.0	100.0
188.0731642000028	80.0	100.0
188.09559479999007	80.0	100.0
188.11239799999748	80.0	100.0
188.13168639998185	80.0	100.0
188.15438969997922	80.0	100.0
188.1716996000032	80.0	100.0
188.1927396999963	80.0	100.0
188.21217309997883	80.0	100.0
188.23371659999248	80.0	100.0
188.25387479999335	81.0	100.0
188.2722496999777	81.0	100.0
188.29281569999876	81.0	100.0
188.31289770000149	81.0	100.0
188.33271459999378	81.0	100.0
188.3527792999812	81.0	100.0
188.37125379999634	81.0	100.0
188.39095219998853	81.0	100.0
188.41247579999617	81.0	100.0
188.43244839998079	81.0	100.0
188.452037799987	81.0	100.0
188.47161779997987	81.0	100.0
188.49220700000296	81.0	100.0
188.51218930000323	81.0	100.0
188.53211529998225	81.0	100.0
188.55284969997592	81.0	100.0
188.57223520000116	81.0	100.0
188.5928301999811	81.0	100.0
188.6129841999791	81.0	100.0
188.6325644000026	81.0	100.0
188.6528153999825	81.0	100.0
188.6730772999872	81.0	100.0
188.69245529998443	81.0	100.0
188.71258520000265	81.0	100.0
188.73295619999408	81.0	100.0
188.7532319999882	81.0	100.0
188.77255460000015	81.0	100.0
188.79291899999953	81.0	100.0
188.8178674999799	81.0	100.0
188.83337889998802	81.0	100.0
188.85348419999355	81.0	100.0
188.87307079997845	81.0	100.0
188.89338369999314	81.0	100.0
188.91369649997796	81.0	100.0
188.9328814999899	81.0	100.0
188.95351999998093	81.0	100.0
188.97350059999735	81.0	100.0
188.99341060000006	81.0	100.0
189.01306789999944	81.0	100.0
189.03353719998267	81.0	100.0
189.0536846999894	81.0	100.0
189.0757257999794	81.0	100.0
189.09327969999867	81.0	100.0
189.11336409999058	81.0	100.0
189.1344804999826	81.0	100.0
189.1547265999834	81.0	100.0
189.17433379997965	81.0	100.0
189.19414269999834	81.0	100.0
189.21301159998984	81.0	100.0
189.2350750999758	81.0	100.0
189.25445099998615	81.0	100.0
189.2750165000034	81.0	100.0
189.29421809999621	81.0	100.0
189.3147529999842	81.0	100.0
189.33309559998452	81.0	100.0
189.35493410000345	81.0	100.0
189.37386749999132	81.0	100.0
189.39493089998723	81.0	100.0
189.4145302999823	81.0	100.0
189.43466989998706	81.0	100.0
189.4544939000043	81.0	100.0
189.47420969998348	81.0	100.0
189.49380729999393	81.0	100.0
189.51430509999045	81.0	100.0
189.53391339999507	81.0	100.0
189.55433059998904	81.0	100.0
189.57422559999395	81.0	100.0
189.5946741999942	81.0	100.0
189.6145779999788	81.0	100.0
189.63496629998554	81.0	100.0
189.65539599998738	81.0	100.0
189.67592969999532	81.0	100.0
189.69484409998404	81.0	100.0
189.71574610000243	81.0	100.0
189.7347574000014	81.0	100.0
189.7555377999961	81.0	100.0
189.77454809998744	81.0	100.0
189.79545710000093	81.0	100.0
189.81772979997913	81.0	100.0
189.8348025000014	81.0	100.0
189.85500519999187	81.0	100.0
189.8752414000046	81.0	100.0
189.89510209998116	81.0	100.0
189.9206930999935	81.0	100.0
189.9371206999931	81.0	100.0
189.95579919999	81.0	100.0
189.97565549999126	81.0	100.0
189.9973400000017	81.0	100.0
190.01524779998	81.0	100.0
190.03528829998686	81.0	100.0
190.0555400000012	81.0	100.0
190.0753356999776	81.0	100.0
190.09578859998146	81.0	100.0
190.11676699999953	81.0	100.0
190.13586169999326	81.0	100.0
190.15598640000098	81.0	100.0
190.1758117999998	81.0	100.0
190.19565829998464	81.0	100.0
190.21538599999622	81.0	100.0
190.237098099984	81.0	100.0
190.25583539999207	81.0	100.0
190.27585109998472	81.0	100.0
190.29573079998954	81.0	100.0
190.31573519998346	81.0	100.0
190.33544649998657	81.0	100.0
190.35703539999668	81.0	100.0
190.37581719999434	81.0	100.0
190.39816240000073	81.0	100.0
190.4157457999827	81.0	100.0
190.43667589998222	81.0	100.0
190.45613919998868	81.0	100.0
190.47612199999276	81.0	100.0
190.49582660000306	81.0	100.0
190.51505729998462	81.0	100.0
190.53670559998136	81.0	100.0
190.55456709998543	81.0	100.0
190.57464079998317	81.0	100.0
190.59708229999524	81.0	100.0
190.61515089997556	81.0	100.0
190.63627590000397	81.0	100.0
190.65706099997624	81.0	100.0
190.67546549998224	81.0	100.0
190.69518969999626	81.0	100.0
190.71620819999953	81.0	100.0
190.73645709999255	81.0	100.0
190.75689259998035	81.0	100.0
190.77649789999123	81.0	100.0
190.79662719997577	81.0	100.0
190.81685449997894	81.0	100.0
190.83710689999862	81.0	100.0
190.8560583999788	81.0	100.0
190.87693080000463	81.0	100.0
190.89550779998535	81.0	100.0
190.91689649998443	81.0	100.0
190.93521480000345	81.0	100.0
190.95664560000296	81.0	100.0
190.97516499998164	81.0	100.0
190.99641779999365	81.0	100.0
191.01908410000033	81.0	100.0
191.03800050000427	81.0	100.0
191.05808570000227	81.0	100.0
191.07614459999604	81.0	100.0
191.0955131999799	81.0	100.0
191.1176244999806	81.0	100.0
191.13665000000037	81.0	100.0
191.15722819999792	81.0	100.0
191.1770644999924	81.0	100.0
191.19726469999296	81.0	100.0
191.21613029998844	81.0	100.0
191.23834059998626	81.0	100.0
191.25716059998376	81.0	100.0
191.27705259999493	81.0	100.0
191.29517709999345	81.0	100.0
191.31741689998307	81.0	100.0
191.33723949998966	81.0	100.0
191.3572841999994	81.0	100.0
191.3772433999984	81.0	100.0
191.39999829998123	81.0	100.0
191.41700950000086	81.0	100.0
191.43712749998667	81.0	100.0
191.45792960000108	81.0	100.0
191.47699309999007	81.0	100.0
191.49813039999572	81.0	100.0
191.51708489999874	81.0	100.0
191.53742649999913	81.0	100.0
191.5582627999829	81.0	100.0
191.57768679998117	81.0	100.0
191.59748559998116	81.0	100.0
191.62148039997555	81.0	100.0
191.63744999998016	81.0	100.0
191.65872619999573	81.0	100.0
191.67837829998462	81.0	100.0
191.69810019998113	81.0	100.0
191.72458149999147	81.0	100.0
191.73850599999423	81.0	100.0
191.757028299995	81.0	100.0
191.7737705000036	81.0	100.0
191.7951616999926	81.0	100.0
191.81709609998506	81.0	100.0
191.8372352999868	81.0	100.0
191.85590450000018	81.0	100.0
191.87914069998078	81.0	100.0
191.90113250000286	81.0	100.0
191.9184232999978	81.0	100.0
191.9382445999945	81.0	100.0
191.95877409999957	81.0	100.0
191.97854989999905	81.0	100.0
191.9987048000039	81.0	100.0
192.0183022999845	81.0	100.0
192.03846749998047	81.0	100.0
192.05825339999865	81.0	100.0
192.07861440000124	81.0	100.0
192.09934980000253	81.0	100.0
192.11819759997888	81.0	100.0
192.13790489998064	81.0	100.0
192.15881999998237	81.0	100.0
192.17872519997763	81.0	100.0
192.19874929997604	81.0	100.0
192.21844229998533	81.0	100.0
192.23921339999652	81.0	100.0
192.25865760000306	83.0	100.0
192.27939270000206	83.0	100.0
192.29736899997806	83.0	100.0
192.31880949999322	83.0	100.0
192.33845469998778	83.0	100.0
192.3592604000005	83.0	100.0
192.3786037999962	83.0	100.0
192.39889369998127	83.0	100.0
192.4174561999971	83.0	100.0
192.43882559999474	83.0	100.0
192.4586924999894	83.0	100.0
192.47793179997825	83.0	100.0
192.49778829998104	83.0	100.0
192.5185300000012	83.0	100.0
192.5386169999838	83.0	100.0
192.55873729998711	83.0	100.0
192.57897859998047	83.0	100.0
192.59915979998186	83.0	100.0
192.61899149999954	83.0	100.0
192.63917049998417	83.0	100.0
192.65980779999518	83.0	100.0
192.67914379999274	83.0	100.0
192.69832860000315	83.0	100.0
192.71790590000455	83.0	100.0
192.73844649997773	83.0	100.0
192.75881639998988	83.0	100.0
192.7784727999824	83.0	100.0
192.7983561999863	83.0	100.0
192.81818410000415	83.0	100.0
192.83851849997882	83.0	100.0
192.85858909998205	83.0	100.0
192.8784565999813	83.0	100.0
192.8982395999774	83.0	100.0
192.92008429998532	83.0	100.0
192.93912909997744	83.0	100.0
192.9583514999831	83.0	100.0
192.97940569999628	83.0	100.0
192.99957419998827	83.0	100.0
193.01907969999593	83.0	100.0
193.03924169999664	83.0	100.0
193.05893519998062	83.0	100.0
193.07933359997696	83.0	100.0
193.09909169998718	83.0	100.0
193.1197506999888	83.0	100.0
193.13932679998106	83.0	100.0
193.15933500000392	83.0	100.0
193.17924029999995	83.0	100.0
193.19893659997615	83.0	100.0
193.21892640000442	83.0	100.0
193.2403026999964	83.0	100.0
193.2612070000032	83.0	100.0
193.27884889999405	83.0	100.0
193.29857519999496	83.0	100.0
193.31939439999405	83.0	100.0
193.33977659998345	83.0	100.0
193.35983669999405	83.0	100.0
193.37936019999324	83.0	100.0
193.40134469998884	83.0	100.0
193.42053279999527	83.0	100.0
193.43898749997607	83.0	100.0
193.45899819998886	83.0	100.0
193.47915559998364	83.0	100.0
193.49868479999714	83.0	100.0
193.51853999999003	83.0	100.0
193.53871649998473	83.0	100.0
193.5592897000024	83.0	100.0
193.57858719999786	83.0	100.0
193.59858530000201	83.0	100.0
193.6187695999979	83.0	100.0
193.64121349999914	83.0	100.0
193.6592113999941	83.0	100.0
193.67919369999436	83.0	100.0
193.69919889999437	83.0	100.0
193.72016509997775	83.0	100.0
193.73901130000013	83.0	100.0
193.76045349999913	83.0	100.0
193.7802559999982	83.0	100.0
193.8002854999795	83.0	100.0
193.81995859998278	83.0	100.0
193.84085089998553	83.0	100.0
193.86064969998552	83.0	100.0
193.8816927000007	83.0	100.0
193.90062639999087	83.0	100.0
193.920524199988	83.0	100.0
193.94008069997653	83.0	100.0
193.96077429997968	83.0	100.0
193.98019069997827	83.0	100.0
193.99992449997808	83.0	100.0
194.01930739998352	83.0	100.0
194.03903059998993	83.0	100.0
194.0613977999892	83.0	100.0
194.08231979998527	83.0	100.0
194.1012429999828	83.0	100.0
194.12056819998543	83.0	100.0
194.14192629998433	83.0	100.0
194.16086529998574	83.0	100.0
194.18051219999325	83.0	100.0
194.20000309997704	83.0	100.0
194.21972939997795	83.0	100.0
194.24130669998704	83.0	100.0
194.26173859997652	82.0	100.0
194.28128009999637	82.0	100.0
194.300662499998	82.0	100.0
194.32082490000175	82.0	100.0
194.34172820000094	82.0	100.0
194.3611966999888	82.0	100.0
194.3805811999773	82.0	100.0
194.40075169998454	82.0	100.0
194.4220951999887	82.0	100.0
194.44081189998542	82.0	100.0
194.46048719997634	82.0	100.0
194.48043060000055	82.0	100.0
194.5031540999771	82.0	100.0
194.52066569999442	82.0	100.0
194.5418357999879	82.0	100.0
194.56194799998775	82.0	100.0
194.58072430000175	82.0	100.0
194.6008998999896	82.0	100.0
194.62104659999022	82.0	100.0
194.64090479997685	82.0	100.0
194.66138109998428	82.0	100.0
194.6810545999906	82.0	100.0
194.70087749999948	82.0	100.0
194.72152419999475	82.0	100.0
194.74043549998896	82.0	100.0
194.76221389998682	82.0	100.0
194.780786599993	82.0	100.0
194.80097899999237	82.0	100.0
194.82081069998094	82.0	100.0
194.8418744999799	82.0	100.0
194.8619911999849	82.0	100.0
194.88116809999337	82.0	100.0
194.9008239999821	82.0	100.0
194.92102619999787	82.0	100.0
194.94094949998544	82.0	100.0
194.96140359999845	82.0	100.0
194.98245999999926	82.0	100.0
195.00195009997697	82.0	100.0
195.02105630000005	82.0	100.0
195.04083069998887	82.0	100.0
195.060917099996	82.0	100.0
195.0812180999783	82.0	100.0
195.10077540000202	82.0	100.0
195.12078979998478	82.0	100.0
195.14126139998552	82.0	100.0
195.16251110000303	82.0	100.0
195.18104729999322	82.0	100.0
195.20081629999913	82.0	100.0
195.22331069997745	82.0	100.0
195.24265099997865	82.0	100.0
195.26271129999077	82.0	100.0
195.2816463999916	82.0	100.0
195.301948599983	82.0	100.0
195.32236749998992	82.0	100.0
195.34129069998744	82.0	100.0
195.36227519999375	82.0	100.0
195.38127519999398	82.0	100.0
195.402202199999	82.0	100.0
195.4211568000028	82.0	100.0
195.44148779998068	82.0	100.0
195.46239479997894	82.0	100.0
195.48192269998253	82.0	100.0
195.50111240000115	82.0	100.0
195.52190079999855	82.0	100.0
195.5422072999936	82.0	100.0
195.56322009998257	82.0	100.0
195.58198669998092	82.0	100.0
195.60189609997906	82.0	100.0
195.62246210000012	82.0	100.0
195.64254309999524	82.0	100.0
195.66224279999733	82.0	100.0
195.68210559998988	82.0	100.0
195.7022240999795	82.0	100.0
195.72222309999052	82.0	100.0
195.74224949997733	82.0	100.0
195.76287199999206	82.0	100.0
195.78131930000382	82.0	100.0
195.80218319999403	82.0	100.0
195.82224449998466	82.0	100.0
195.84274579997873	82.0	100.0
195.8626250999805	82.0	100.0
195.88268349997816	82.0	100.0
195.90206929997657	82.0	100.0
195.92250249997596	82.0	100.0
195.94201820000308	82.0	100.0
195.9628773999866	82.0	100.0
195.9822531999962	82.0	100.0
196.00309650000418	82.0	100.0
196.02238569999463	82.0	100.0
196.04271629999857	82.0	100.0
196.06283640000038	82.0	100.0
196.08188289997634	82.0	100.0
196.10109149999334	82.0	100.0
196.12127189998864	82.0	100.0
196.14208309998503	82.0	100.0
196.1628200999985	82.0	100.0
196.18224510000437	82.0	100.0
196.20197500000359	82.0	100.0
196.22202299998025	82.0	100.0
196.24403079997865	82.0	100.0
196.26272459997563	82.0	100.0
196.28331609998713	82.0	100.0
196.30276609997964	82.0	100.0
196.32165410000016	82.0	100.0
196.34360299998662	82.0	100.0
196.36387439997634	82.0	100.0
196.38282609998714	82.0	100.0
196.404395199992	82.0	100.0
196.42289289998007	82.0	100.0
196.44336750000366	82.0	100.0
196.46319239999866	82.0	100.0
196.48310549999587	82.0	100.0
196.50301990000298	82.0	100.0
196.5237991999893	82.0	100.0
196.54407760000322	82.0	100.0
196.56313149997732	82.0	100.0
196.5831915999879	82.0	100.0
196.60252929999842	82.0	100.0
196.623285699985	82.0	100.0
196.64316710000276	82.0	100.0
196.66329050000058	82.0	100.0
196.68316469999263	82.0	100.0
196.70291299998644	82.0	100.0
196.72328509998624	82.0	100.0
196.74300469999434	82.0	100.0
196.7634521999862	82.0	100.0
196.78356189999613	82.0	100.0
196.8032344999956	82.0	100.0
196.8223250999872	82.0	100.0
196.84251499999664	82.0	100.0
196.86255569997593	82.0	100.0
196.88230299999123	82.0	100.0
196.90308799999184	82.0	100.0
196.92314259998966	82.0	100.0
196.9431399999885	82.0	100.0
196.96370699998806	82.0	100.0
196.98306159998174	82.0	100.0
197.00295819999883	82.0	100.0
197.0234770999814	82.0	100.0
197.04357609999715	82.0	100.0
197.06330599999637	82.0	100.0
197.0841972999915	82.0	100.0
197.10452379999333	82.0	100.0
197.12505809997674	82.0	100.0
197.14602089999244	82.0	100.0
197.16599239999778	82.0	100.0
197.18676919999416	82.0	100.0
197.19864709998365	82.0	100.0
197.21561569999903	82.0	100.0
197.23835329999565	82.0	100.0
197.25818989999243	81.0	100.0
197.27903429997968	81.0	100.0
197.29937979998067	81.0	100.0
197.32110639999155	81.0	100.0
197.33962389998487	81.0	100.0
197.36195479999878	81.0	100.0
197.38181319998694	81.0	100.0
197.4018359000038	81.0	100.0
197.42225449997932	81.0	100.0
197.44243659998756	81.0	100.0
197.4625539999979	81.0	100.0
197.48266889998922	81.0	100.0
197.50148129998706	81.0	100.0
197.52144379998208	81.0	100.0
197.54166339998483	81.0	100.0
197.56199619997642	81.0	100.0
197.58187199998065	81.0	100.0
197.6020475999976	81.0	100.0
197.62195519998204	81.0	100.0
197.64351399999578	81.0	100.0
197.6620852999913	81.0	100.0
197.68230149999727	81.0	100.0
197.7017694999813	81.0	100.0
197.72196629998507	81.0	100.0
197.74193429999286	81.0	100.0
197.76219339997624	81.0	100.0
197.78179879998788	81.0	100.0
197.80176199998823	81.0	100.0
197.82197279998218	81.0	100.0
197.84189809998497	81.0	100.0
197.86187709998921	81.0	100.0
197.88195459998678	81.0	100.0
197.90181270000176	81.0	100.0
197.92198039998766	81.0	100.0
197.9422201999987	81.0	100.0
197.9622455999779	81.0	100.0
197.98366820000228	81.0	100.0
198.00191679998534	81.0	100.0
198.02181619999465	81.0	100.0
198.04222760000266	81.0	100.0
198.06569079999463	81.0	100.0
198.08218589998432	81.0	100.0
198.10200839999015	81.0	100.0
198.13305199999013	81.0	100.0
198.1419716999808	81.0	100.0
198.16265209999983	81.0	100.0
198.18226669999422	81.0	100.0
198.2030421999807	81.0	100.0
198.22210009998525	81.0	100.0
198.24339970000437	81.0	100.0
198.26264559998526	80.0	100.0
198.28258459997596	80.0	100.0
198.30208409999614	80.0	100.0
198.32237310000346	80.0	100.0
198.3424092999776	80.0	100.0
198.36316809998243	80.0	100.0
198.38230689999182	80.0	100.0
198.40365900000324	80.0	100.0
198.42315779998899	80.0	100.0
198.44306399999186	80.0	100.0
198.46312729999772	80.0	100.0
198.4832427999936	80.0	100.0
198.5027970999945	80.0	100.0
198.5234872000001	80.0	100.0
198.54265899999882	80.0	100.0
198.56351670000004	80.0	100.0
198.58308819998638	80.0	100.0
198.60250129998894	80.0	100.0
198.62212119999458	80.0	100.0
198.64231929997914	80.0	100.0
198.6623346999986	80.0	100.0
198.68237029999727	80.0	100.0
198.70238719999907	80.0	100.0
198.7247906999837	80.0	100.0
198.74232859999756	80.0	100.0
198.76312009998946	80.0	100.0
198.78198509998037	80.0	100.0
198.80271509999875	80.0	100.0
198.8223913999973	80.0	100.0
198.84248110000044	80.0	100.0
198.8624496999837	80.0	100.0
198.88258109998424	80.0	100.0
198.90272479999112	80.0	100.0
198.92278629998327	80.0	100.0
198.94240010000067	80.0	100.0
198.9632197000028	80.0	100.0
198.98287349997554	80.0	100.0
199.0025701999839	80.0	100.0
199.02210279999417	80.0	100.0
199.0421742000035	80.0	100.0
199.06304209999507	80.0	100.0
199.08217789998162	80.0	100.0
199.10228530000313	80.0	100.0
199.12236339997617	80.0	100.0
199.14469929999905	80.0	100.0
199.16403779998654	80.0	100.0
199.18367440000293	80.0	100.0
199.20366899998044	80.0	100.0
199.22349959998974	80.0	100.0
199.24389499999234	80.0	100.0
199.26373529998818	79.0	100.0
199.28389489999972	79.0	100.0
199.3038424999977	79.0	100.0
199.3238567999797	79.0	100.0
199.3429993999889	79.0	100.0
199.3636753000028	79.0	100.0
199.38334309999482	79.0	100.0
199.4053037999838	79.0	100.0
199.42270229998394	79.0	100.0
199.44265909999376	79.0	100.0
199.4631984999869	79.0	100.0
199.48348279998754	79.0	100.0
199.5024244999804	79.0	100.0
199.52255329999025	79.0	100.0
199.54260699998122	79.0	100.0
199.56330889998935	79.0	100.0
199.58247799999663	79.0	100.0
199.60270739998668	79.0	100.0
199.62247969998862	79.0	100.0
199.64367499999935	79.0	100.0
199.6631548999867	79.0	100.0
199.68256359998486	79.0	100.0
199.70244439999806	79.0	100.0
199.72424959999626	79.0	100.0
199.74265159998322	79.0	100.0
199.76324099997873	79.0	100.0
199.78259269997943	79.0	100.0
199.8024168999982	79.0	100.0
199.8224837000016	79.0	100.0
199.84282239997992	79.0	100.0
199.86324289999902	79.0	100.0
199.88246829999844	79.0	100.0
199.90345819998765	79.0	100.0
199.9234045999765	79.0	100.0
199.9445691999863	79.0	100.0
199.9638633999857	79.0	100.0
199.98268970000208	79.0	100.0
200.00353379998705	79.0	100.0
200.02417839999544	79.0	100.0
200.04372879999573	79.0	100.0
200.06360039999709	79.0	100.0
200.08378469999298	79.0	100.0
200.10276209999574	79.0	100.0
200.1235505999939	79.0	100.0
200.1428767000034	79.0	100.0
200.16369649997796	79.0	100.0
200.18344880000222	79.0	100.0
200.20186040000408	79.0	100.0
200.22506379999686	79.0	100.0
200.245274099987	79.0	100.0
200.2644081999897	78.0	100.0
200.28405889999704	78.0	100.0
200.30379859998357	78.0	100.0
200.32394849997945	78.0	100.0
200.34380319999764	78.0	100.0
200.36408169998322	78.0	100.0
200.3839267999865	78.0	100.0
200.4038621999789	78.0	100.0
200.42408369999612	78.0	100.0
200.4444837999763	78.0	100.0
200.46405009998125	78.0	100.0
200.48439739999594	78.0	100.0
200.5042958999984	78.0	100.0
200.52436859998852	78.0	100.0
200.54430899998988	78.0	100.0
200.56439580000006	78.0	100.0
200.58419100000174	78.0	100.0
200.6045591000002	78.0	100.0
200.62380269999267	78.0	100.0
200.64355229999637	78.0	100.0
200.66439869999886	78.0	100.0
200.68594729999313	78.0	100.0
200.7037943000032	78.0	100.0
200.72415880000335	78.0	100.0
200.7439258999948	78.0	100.0
200.76451549999183	78.0	100.0
200.78393750000396	78.0	100.0
200.8044406999834	78.0	100.0
200.82383019998088	78.0	100.0
200.8442309999955	78.0	100.0
200.86470999999437	78.0	100.0
200.88604209999903	78.0	100.0
200.90376279997872	78.0	100.0
200.9246351000038	78.0	100.0
200.94382419998874	78.0	100.0
200.96474529997795	78.0	100.0
200.9839876999904	78.0	100.0
201.00443849997828	78.0	100.0
201.02379019997898	78.0	100.0
201.04473409999628	78.0	100.0
201.0646652999858	78.0	100.0
201.083753599989	78.0	100.0
201.10360709999804	78.0	100.0
201.124433399993	78.0	100.0
201.1436335000035	78.0	100.0
201.1651868999761	78.0	100.0
201.18435060000047	78.0	100.0
201.20451839998714	78.0	100.0
201.22469249999267	78.0	100.0
201.24544739999692	78.0	100.0
201.26374139997642	76.0	100.0
201.28409449997707	76.0	100.0
201.30434469998	76.0	100.0
201.32550809998065	76.0	100.0
201.34804179999628	76.0	100.0
201.36378509999486	76.0	100.0
201.38494969997555	76.0	100.0
201.40467659998103	76.0	100.0
201.42453540000133	76.0	100.0
201.44475049999892	76.0	100.0
201.46509220000007	76.0	100.0
201.48476449999725	76.0	100.0
201.50471719997586	76.0	100.0
201.525032799982	76.0	100.0
201.54466789998696	76.0	100.0
201.56520849998924	76.0	100.0
201.58450379999704	76.0	100.0
201.60593900000094	76.0	100.0
201.6255930000043	76.0	100.0
201.6449265999836	76.0	100.0
201.66506729999674	76.0	100.0
201.68479649999063	76.0	100.0
201.7048687999777	76.0	100.0
201.72492619999684	76.0	100.0
201.7449889999989	76.0	100.0
201.76343649998307	76.0	100.0
201.7848374999885	76.0	100.0
201.80590340000344	76.0	100.0
201.82469209999545	76.0	100.0
201.8455832999898	76.0	100.0
201.86467119998997	76.0	100.0
201.88564419999602	76.0	100.0
201.90480749998824	76.0	100.0
201.9264916999964	76.0	100.0
201.94592679999187	76.0	100.0
201.9659779999929	76.0	100.0
201.98577529998147	76.0	100.0
202.00598970000283	76.0	100.0
202.02590589999454	76.0	100.0
202.04596629997832	76.0	100.0
202.06631739999284	76.0	100.0
202.08620879999944	76.0	100.0
202.1061959999788	76.0	100.0
202.12541899998905	76.0	100.0
202.14467599999625	76.0	100.0
202.16592989998753	76.0	100.0
202.18546169999172	76.0	100.0
202.20569790000445	76.0	100.0
202.22504309998476	76.0	100.0
202.2468261999893	76.0	100.0
202.2660425999784	75.0	100.0
202.28606789998594	75.0	100.0
202.305512299994	75.0	100.0
202.32602869998664	75.0	100.0
202.34429119998822	75.0	100.0
202.36574239999754	75.0	100.0
202.38674919999903	75.0	100.0
202.40813579998212	75.0	100.0
202.42598189998535	75.0	100.0
202.446377699991	75.0	100.0
202.46639719998348	75.0	100.0
202.48678899998777	75.0	100.0
202.50616119999904	75.0	100.0
202.5263100999873	75.0	100.0
202.5465569999942	75.0	100.0
202.5664786999987	75.0	100.0
202.586077999993	75.0	100.0
202.6066275999765	75.0	100.0
202.62657749999198	75.0	100.0
202.64492829999654	75.0	100.0
202.66572829999495	75.0	100.0
202.68548939999891	75.0	100.0
202.7055904000008	75.0	100.0
202.7258535999863	75.0	100.0
202.75310089997947	75.0	100.0
202.76620409998577	75.0	100.0
202.7858045999892	75.0	100.0
202.8060739999928	75.0	100.0
202.8259076999966	75.0	100.0
202.846198299987	75.0	100.0
202.86579260000144	75.0	100.0
202.8859629999788	75.0	100.0
202.90580670000054	75.0	100.0
202.92585329999565	75.0	100.0
202.94589659999474	75.0	100.0
202.96634260000428	75.0	100.0
202.98596469999757	75.0	100.0
203.00599689999945	75.0	100.0
203.02593609999167	75.0	100.0
203.04597449998255	75.0	100.0
203.06614979999722	75.0	100.0
203.0860440999968	75.0	100.0
203.10584809997818	75.0	100.0
203.1263534000027	75.0	100.0
203.14638049999485	75.0	100.0
203.16638369997963	75.0	100.0
203.18600359998527	75.0	100.0
203.2060819999897	75.0	100.0
203.22690310000326	75.0	100.0
203.24624079998466	75.0	100.0
203.2673703999899	76.0	100.0
203.2871447999787	76.0	100.0
203.3067818999989	76.0	100.0
203.32761079998454	76.0	100.0
203.34869990000152	76.0	100.0
203.36639199999627	76.0	100.0
203.3866527999926	76.0	100.0
203.4063997999765	76.0	100.0
203.4261206999945	76.0	100.0
203.4468728999782	76.0	100.0
203.46624359997804	76.0	100.0
203.4858954999945	76.0	100.0
203.50673209998058	76.0	100.0
203.5268642999872	76.0	100.0
203.54600349999964	76.0	100.0
203.5673603999894	76.0	100.0
203.58596889997716	76.0	100.0
203.60720599998604	76.0	100.0
203.62650819998817	76.0	100.0
203.64766139999847	76.0	100.0
203.66786669997964	76.0	100.0
203.68777409999166	76.0	100.0
203.70703319998574	76.0	100.0
203.72751399999834	76.0	100.0
203.74753259998397	76.0	100.0
203.76735519999056	76.0	100.0
203.786368400004	76.0	100.0
203.8067000999872	76.0	100.0
203.82652569998754	76.0	100.0
203.84659020000254	76.0	100.0
203.8676402999845	76.0	100.0
203.88647070000297	76.0	100.0
203.90639299998293	76.0	100.0
203.92652449998423	76.0	100.0
203.94669059998705	76.0	100.0
203.96638050000183	76.0	100.0
203.98632599998382	76.0	100.0
204.00706419997732	76.0	100.0
204.02811819998897	76.0	100.0
204.04736019999837	76.0	100.0
204.06752409998444	76.0	100.0
204.0866621999885	76.0	100.0
204.10641779997968	76.0	100.0
204.1276694999833	76.0	100.0
204.1467986999778	76.0	100.0
204.16852479998488	76.0	100.0
204.18646879997686	76.0	100.0
204.20674549997784	76.0	100.0
204.22755149999284	76.0	100.0
204.24743019999005	76.0	100.0
204.26833029999398	77.0	100.0
204.28845159997582	77.0	100.0
204.30796979999286	77.0	100.0
204.32800449998467	77.0	100.0
204.34797119998257	77.0	100.0
204.36838479997823	77.0	100.0
204.38777579998714	77.0	100.0
204.40810309999506	77.0	100.0
204.42873189999955	77.0	100.0
204.44791459999396	77.0	100.0
204.46822260000044	77.0	100.0
204.48788699999568	77.0	100.0
204.50844629999483	77.0	100.0
204.52859039997566	77.0	100.0
204.54957010000362	77.0	100.0
204.5679228999943	77.0	100.0
204.5873852999939	77.0	100.0
204.6075964999909	77.0	100.0
204.62735919997795	77.0	100.0
204.64763329998823	77.0	100.0
204.6680778999871	77.0	100.0
204.68759709998267	77.0	100.0
204.70824789998005	77.0	100.0
204.73189619998448	77.0	100.0
204.7483438999916	77.0	100.0
204.76973269999144	77.0	100.0
204.78830929999822	77.0	100.0
204.80845329997828	77.0	100.0
204.8306457999861	77.0	100.0
204.84826309999335	77.0	100.0
204.86775789997773	77.0	100.0
204.88828679997823	77.0	100.0
204.90770260000136	77.0	100.0
204.9277022999886	77.0	100.0
204.94681039999705	77.0	100.0
204.96872370000347	77.0	100.0
204.9885316999862	77.0	100.0
205.00833059998695	77.0	100.0
205.02795239997795	77.0	100.0
205.0491279999842	77.0	100.0
205.06854109998676	77.0	100.0
205.08831039999495	77.0	100.0
205.10802669997793	77.0	100.0
205.13049079998746	77.0	100.0
205.14838820000296	77.0	100.0
205.16908679998596	77.0	100.0
205.18867010000395	77.0	100.0
205.20931489998475	77.0	100.0
205.2277621999965	77.0	100.0
205.2494863999891	77.0	100.0
205.26849259997834	77.0	100.0
205.28761349999695	77.0	100.0
205.30748469999526	77.0	100.0
205.3279891999846	77.0	100.0
205.34840970000369	77.0	100.0
205.36983379998128	77.0	100.0
205.3881865000003	77.0	100.0
205.41001829999732	77.0	100.0
205.42858459998388	77.0	100.0
205.44880179999745	77.0	100.0
205.46907229998033	77.0	100.0
205.48903789999895	77.0	100.0
205.5086023999902	77.0	100.0
205.5286577999941	77.0	100.0
205.54962429997977	77.0	100.0
205.5698196000012	77.0	100.0
205.58938229997875	77.0	100.0
205.60952949998318	77.0	100.0
205.6299491999962	77.0	100.0
205.64977489999728	77.0	100.0
205.66992089999258	77.0	100.0
205.68941989997984	77.0	100.0
205.70867639998323	77.0	100.0
205.72920109998086	77.0	100.0
205.74886999998125	77.0	100.0
205.76946129999124	77.0	100.0
205.7887339000008	77.0	100.0
205.8089037000027	77.0	100.0
205.82734659998096	77.0	100.0
205.8535238999757	77.0	100.0
205.8633826999867	77.0	100.0
205.8835349000001	77.0	100.0
205.90535289997933	77.0	100.0
205.92695850000018	77.0	100.0
205.9471588000015	77.0	100.0
205.96900669997558	77.0	100.0
205.99005150000448	77.0	100.0
206.0105571000022	77.0	100.0
206.0302846999839	77.0	100.0
206.05102319997968	77.0	100.0
206.0701960999868	77.0	100.0
206.09025009998004	77.0	100.0
206.11032799998065	77.0	100.0
206.13112429998	77.0	100.0
206.14975419998518	77.0	100.0
206.17025860000285	77.0	100.0
206.1906345000025	77.0	100.0
206.21046819997719	77.0	100.0
206.23099079998792	77.0	100.0
206.25078380000195	77.0	100.0
206.27174269998795	78.0	100.0
206.29070650000358	78.0	100.0
206.3103257000039	78.0	100.0
206.3310687999765	78.0	100.0
206.35123059997568	78.0	100.0
206.37101269999403	78.0	100.0
206.39091299998108	78.0	100.0
206.41078799997922	78.0	100.0
206.43044949998148	78.0	100.0
206.45850119998795	78.0	100.0
206.47091099998215	78.0	100.0
206.49120059999404	78.0	100.0
206.51080479999655	78.0	100.0
206.53015059998143	78.0	100.0
206.55060629997752	78.0	100.0
206.57121979998192	78.0	100.0
206.5912524999876	78.0	100.0
206.61174459999893	78.0	100.0
206.63248139998177	78.0	100.0
206.65123139999923	78.0	100.0
206.6713184999826	78.0	100.0
206.69123579998268	78.0	100.0
206.71119349999935	78.0	100.0
206.73089959999197	78.0	100.0
206.75111630000174	78.0	100.0
206.77148949998082	78.0	100.0
206.79074830000172	78.0	100.0
206.81083829997806	78.0	100.0
206.83092579999357	78.0	100.0
206.85106019998784	78.0	100.0
206.87125299999025	78.0	100.0
206.8930391999893	78.0	100.0
206.9102825000009	78.0	100.0
206.9300113999925	78.0	100.0
206.9502358000027	78.0	100.0
206.97072059998754	78.0	100.0
206.99045469998964	78.0	100.0
207.01048629998695	78.0	100.0
207.03019239997957	78.0	100.0
207.05119869997725	78.0	100.0
207.07054259997676	78.0	100.0
207.09111339997617	78.0	100.0
207.11062949997722	78.0	100.0
207.1305541000038	78.0	100.0
207.1512875999906	78.0	100.0
207.17088959997636	78.0	100.0
207.19042780000018	78.0	100.0
207.21071299997857	78.0	100.0
207.2303023999848	78.0	100.0
207.25200989999576	78.0	100.0
207.27174929998	78.0	100.0
207.29168329999084	78.0	100.0
207.31151159998262	78.0	100.0
207.33165779997944	78.0	100.0
207.35291269997833	78.0	100.0
207.37191539999912	78.0	100.0
207.3915056999831	78.0	100.0
207.4120050999918	78.0	100.0
207.4317744	78.0	100.0
207.452026199986	78.0	100.0
207.47187829998438	78.0	100.0
207.49216639998485	78.0	100.0
207.51141529998858	78.0	100.0
207.53148059998057	78.0	100.0
207.55145559998346	78.0	100.0
207.5727136999776	78.0	100.0
207.59198460000334	78.0	100.0
207.61226639998495	78.0	100.0
207.6319190999784	78.0	100.0
207.65282869999646	78.0	100.0
207.67220579998684	78.0	100.0
207.6919241999858	78.0	100.0
207.71256869999343	78.0	100.0
207.73229980000178	78.0	100.0
207.75205759998062	78.0	100.0
207.7725264999899	78.0	100.0
207.79222370000207	78.0	100.0
207.81234599999152	78.0	100.0
207.8321003000019	78.0	100.0
207.85227049997775	78.0	100.0
207.87267749998136	78.0	100.0
207.89238599999226	78.0	100.0
207.91227099997923	78.0	100.0
207.93222180000157	78.0	100.0
207.95223299998906	78.0	100.0
207.9726727999805	78.0	100.0
207.99192259999109	78.0	100.0
208.01271909999195	78.0	100.0
208.03213789997972	78.0	100.0
208.0527340999979	78.0	100.0
208.07254979998106	78.0	100.0
208.09237779999967	78.0	100.0
208.11218199998257	78.0	100.0
208.1325581999845	78.0	100.0
208.1514298999973	78.0	100.0
208.17190739998478	78.0	100.0
208.19248349999543	78.0	100.0
208.2123361999984	78.0	100.0
208.2308593999769	78.0	100.0
208.2534371999791	78.0	100.0
208.2728400999913	78.0	100.0
208.29274179998902	78.0	100.0
208.31209839999792	78.0	100.0
208.33300859999144	78.0	100.0
208.3517339999962	78.0	100.0
208.37282709998544	78.0	100.0
208.3926484999829	78.0	100.0
208.41475549997995	78.0	100.0
208.43281440000283	78.0	100.0
208.45246879998012	78.0	100.0
208.47016409999924	78.0	100.0
208.49270719999913	78.0	100.0
208.5125640000042	78.0	100.0
208.53284780000104	78.0	100.0
208.55283999998937	78.0	100.0
208.57373689999804	78.0	100.0
208.592668999976	78.0	100.0
208.61291529997834	78.0	100.0
208.63414719997672	78.0	100.0
208.65459319998627	78.0	100.0
208.67282119998708	78.0	100.0
208.69282989998464	78.0	100.0
208.71365759999026	78.0	100.0
208.73312759998953	78.0	100.0
208.75216169998748	78.0	100.0
208.77310069999658	78.0	100.0
208.79238589998567	78.0	100.0
208.81246459999238	78.0	100.0
208.8327747999865	78.0	100.0
208.85288880000007	78.0	100.0
208.8728571999818	78.0	100.0
208.89225579999038	78.0	100.0
208.91303549997974	78.0	100.0
208.9328004999843	78.0	100.0
208.95289479999337	78.0	100.0
208.9730911999941	78.0	100.0
208.99230929999612	78.0	100.0
209.01277609998942	78.0	100.0
209.03246749998652	78.0	100.0
209.05265409999993	78.0	100.0
209.0725528000039	78.0	100.0
209.0927895999921	78.0	100.0
209.11186669999734	78.0	100.0
209.13253499998245	78.0	100.0
209.15154189997702	78.0	100.0
209.1733508000034	78.0	100.0
209.1928801999893	78.0	100.0
209.21152670000447	78.0	100.0
209.23290919998544	78.0	100.0
209.25420989998383	78.0	100.0
209.27434390000417	77.0	100.0
209.2938787000021	77.0	100.0
209.31268929998623	77.0	100.0
209.33329499998945	77.0	100.0
209.35336469998583	77.0	100.0
209.37460719997762	77.0	100.0
209.3931092999992	77.0	100.0
209.41280259998166	77.0	100.0
209.43367559998296	77.0	100.0
209.45405179998488	77.0	100.0
209.473874599993	77.0	100.0
209.49389519999386	77.0	100.0
209.5137887999881	77.0	100.0
209.53327179999906	77.0	100.0
209.55299840000225	77.0	100.0
209.57588589997613	77.0	100.0
209.5937685999961	77.0	100.0
209.61395659999107	77.0	100.0
209.63395809999201	77.0	100.0
209.65489849998266	77.0	100.0
209.67411520000314	77.0	100.0
209.69353309998405	77.0	100.0
209.71283919998677	77.0	100.0
209.73364890000084	77.0	100.0
209.7538003999798	77.0	100.0
209.7738371999876	77.0	100.0
209.79291819999344	77.0	100.0
209.8139071999758	77.0	100.0
209.83416709999437	77.0	100.0
209.85416639997857	77.0	100.0
209.87467910000123	77.0	100.0
209.8945177999849	77.0	100.0
209.91399929998443	77.0	100.0
209.93460529998993	77.0	100.0
209.96106069997768	77.0	100.0
209.97495679999702	77.0	100.0
209.9937325999781	77.0	100.0
210.0138314999931	77.0	100.0
210.03308090000064	77.0	100.0
210.05397199999425	77.0	100.0
210.0738366000005	77.0	100.0
210.0937773999758	77.0	100.0
210.1138052000024	77.0	100.0
210.1339694999915	77.0	100.0
210.15391090000048	77.0	100.0
210.17502339999191	77.0	100.0
210.19438309999532	77.0	100.0
210.21397679997608	77.0	100.0
210.23435079999035	77.0	100.0
210.25443089997862	77.0	100.0
210.27490799999214	77.0	100.0
210.29414299997734	77.0	100.0
210.3133307999815	77.0	100.0
210.33472709998023	77.0	100.0
210.35477309999987	77.0	100.0
210.3752811999875	77.0	100.0
210.3939741999784	77.0	100.0
210.41426029999275	77.0	100.0
210.43419050000375	77.0	100.0
210.45410539998556	77.0	100.0
210.47519109997666	77.0	100.0
210.49493919999804	77.0	100.0
210.51453709998168	77.0	100.0
210.5348110999912	77.0	100.0
210.55417799999123	77.0	100.0
210.57457719999366	77.0	100.0
210.59464809999918	77.0	100.0
210.6140824999893	77.0	100.0
210.63469559999066	77.0	100.0
210.65431769998395	77.0	100.0
210.67481999998563	77.0	100.0
210.69388829998206	77.0	100.0
210.71275419997983	77.0	100.0
210.7324410000001	77.0	100.0
210.75255589999142	77.0	100.0
210.77427510000416	77.0	100.0
210.79475259999163	77.0	100.0
210.81462239997927	77.0	100.0
210.83419870000216	77.0	100.0
210.85457289998885	77.0	100.0
210.878214700002	77.0	100.0
210.89516009998624	77.0	100.0
210.91519139998127	77.0	100.0
210.9348767999909	77.0	100.0
210.95525179998367	77.0	100.0
210.9749268000014	77.0	100.0
210.99499379997724	77.0	100.0
211.01529729997856	77.0	100.0
211.0349484999897	77.0	100.0
211.0547635999974	77.0	100.0
211.07465279998723	77.0	100.0
211.0949232999992	77.0	100.0
211.11478789997636	77.0	100.0
211.13489259997732	77.0	100.0
211.15487189998385	77.0	100.0
211.17639979999512	77.0	100.0
211.194668799988	77.0	100.0
211.2143584000005	77.0	100.0
211.23421929997858	77.0	100.0
211.25584259998868	77.0	100.0
211.2749363000039	79.0	100.0
211.29608939998434	79.0	100.0
211.3145883999823	79.0	100.0
211.33442020000075	79.0	100.0
211.35379719999037	79.0	100.0
211.37485490000108	79.0	100.0
211.39434329999494	79.0	100.0
211.4177306999918	79.0	100.0
211.4350162000046	79.0	100.0
211.45679419999942	79.0	100.0
211.47602370000095	79.0	100.0
211.49643329999526	79.0	100.0
211.51542979999795	79.0	100.0
211.53455099998973	79.0	100.0
211.5544375999889	79.0	100.0
211.57505509999464	79.0	100.0
211.59462429999257	79.0	100.0
211.61493619999965	79.0	100.0
211.63530080000055	79.0	100.0
211.65496549999807	79.0	100.0
211.6758474999806	79.0	100.0
211.69479469998623	79.0	100.0
211.71483189999708	79.0	100.0
211.73544269998092	79.0	100.0
211.755110099999	79.0	100.0
211.77628389999154	79.0	100.0
211.79355209998903	79.0	100.0
211.8163461999793	79.0	100.0
211.83624309999868	79.0	100.0
211.85637080000015	79.0	100.0
211.8761740999762	79.0	100.0
211.89592609999818	79.0	100.0
211.91660050000064	79.0	100.0
211.93640259999665	79.0	100.0
211.95597290000296	79.0	100.0
211.97656670000288	79.0	100.0
211.99572799997986	79.0	100.0
212.01644839998335	79.0	100.0
212.03602489997866	79.0	100.0
212.05633859999944	79.0	100.0
212.07636710000224	79.0	100.0
212.0956130999839	79.0	100.0
212.11542409998947	79.0	100.0
212.1359743999783	79.0	100.0
212.1546155999822	79.0	100.0
212.1758148999943	79.0	100.0
212.1952328000043	79.0	100.0
212.21784430000116	79.0	100.0
212.23553839998203	79.0	100.0
212.25658439999097	79.0	100.0
212.2764500999765	78.0	100.0
212.29581219999818	78.0	100.0
212.3156667999865	78.0	100.0
212.335963599995	78.0	100.0
212.3552443999797	78.0	100.0
212.377261799993	78.0	100.0
212.39797189997626	78.0	100.0
212.4166318999778	78.0	100.0
212.43441769998753	78.0	100.0
212.45375980000244	78.0	100.0
212.47192319997703	78.0	100.0
212.49183449998964	78.0	100.0
212.51109369998449	78.0	100.0
212.53289329999825	78.0	100.0
212.5538864999835	78.0	100.0
212.57442969997646	78.0	100.0
212.5953359999985	78.0	100.0
212.61554109997815	78.0	100.0
212.63582909997785	78.0	100.0
212.6576698999852	78.0	100.0
212.6768318999966	78.0	100.0
212.69647100000293	78.0	100.0
212.7166801999847	78.0	100.0
212.73702629999025	78.0	100.0
212.75736689998303	78.0	100.0
212.77686569999787	78.0	100.0
212.79660639999202	78.0	100.0
212.81679609999992	78.0	100.0
212.8364171999856	78.0	100.0
212.85635990000446	78.0	100.0
212.87687399997958	78.0	100.0
212.89680419999058	78.0	100.0
212.9162096999935	78.0	100.0
212.93667409999762	78.0	100.0
212.95652819998213	78.0	100.0
212.97681739999098	78.0	100.0
212.9968292999838	78.0	100.0
213.01645519997692	78.0	100.0
213.03711049997946	78.0	100.0
213.0568082999962	78.0	100.0
213.07681949998369	78.0	100.0
213.09680559998378	78.0	100.0
213.11710179998772	78.0	100.0
213.1370198999939	78.0	100.0
213.15697069998714	78.0	100.0
213.1767842999834	78.0	100.0
213.19736719998764	78.0	100.0
213.21715169999516	78.0	100.0
213.23632999998517	78.0	100.0
213.2589861000015	78.0	100.0
213.27686759998323	77.0	100.0
213.29713729998912	77.0	100.0
213.31701689999318	77.0	100.0
213.3385355999926	77.0	100.0
213.35691669999505	77.0	100.0
213.37717629998224	77.0	100.0
213.396923399996	77.0	100.0
213.4173288999882	77.0	100.0
213.4368220999895	77.0	100.0
213.45691389997955	77.0	100.0
213.47830109999632	77.0	100.0
213.49798119999468	77.0	100.0
213.5171602999908	77.0	100.0
213.53687129999162	77.0	100.0
213.56046549999155	77.0	100.0
213.57805449998705	77.0	100.0
213.59787030000007	77.0	100.0
213.6180598999781	77.0	100.0
213.63779259999865	77.0	100.0
213.65748860000167	77.0	100.0
213.67796169998473	77.0	100.0
213.6977672999783	77.0	100.0
213.71782469999744	77.0	100.0
213.73798750000424	77.0	100.0
213.75701790000312	77.0	100.0
213.7786727999919	77.0	100.0
213.79720729999826	77.0	100.0
213.8171244999976	77.0	100.0
213.83718319999753	77.0	100.0
213.85750379998353	77.0	100.0
213.8773186999897	77.0	100.0
213.89727289997973	77.0	100.0
213.91709419997642	77.0	100.0
213.93832079999265	77.0	100.0
213.95853619999252	77.0	100.0
213.978011899977	77.0	100.0
213.99963720000233	77.0	100.0
214.01761169999372	77.0	100.0
214.0359349999926	77.0	100.0
214.0572757999762	77.0	100.0
214.07782789997873	77.0	100.0
214.09755799997947	77.0	100.0
214.11723709999933	77.0	100.0
214.13853820000077	77.0	100.0
214.15695409997716	77.0	100.0
214.17816809998476	77.0	100.0
214.19830039999215	77.0	100.0
214.2182697999815	77.0	100.0
214.23821999999927	77.0	100.0
214.2590711999801	77.0	100.0
214.27884499999345	77.0	100.0
214.298457900004	77.0	100.0
214.31845880000037	77.0	100.0
214.33838319999631	77.0	100.0
214.35861219998333	77.0	100.0
214.37868619998335	77.0	100.0
214.39830859997892	77.0	100.0
214.42001999999047	77.0	100.0
214.4394429999811	77.0	100.0
214.4583941999881	77.0	100.0
214.47800419997657	77.0	100.0
214.4993686999951	77.0	100.0
214.51559249998536	77.0	100.0
214.53736379998736	77.0	100.0
214.55180299998028	77.0	100.0
214.57319009999628	77.0	100.0
214.59354000000167	77.0	100.0
214.6132796999882	77.0	100.0
214.63598219997948	77.0	100.0
214.65974299999652	77.0	100.0
214.67921329999808	77.0	100.0
214.6990281000035	77.0	100.0
214.7193364999839	77.0	100.0
214.73911259998567	77.0	100.0
214.75962879997678	77.0	100.0
214.77957949999836	77.0	100.0
214.79851389999385	77.0	100.0
214.8186622999783	77.0	100.0
214.84082309997757	77.0	100.0
214.85922589999973	77.0	100.0
214.88089439997566	77.0	100.0
214.89935900000273	77.0	100.0
214.9190550999774	77.0	100.0
214.93924779997906	77.0	100.0
214.95750429999316	77.0	100.0
214.97834040000453	77.0	100.0
214.99732519997633	77.0	100.0
215.01987499999814	77.0	100.0
215.04210859999876	77.0	100.0
215.06099649998941	77.0	100.0
215.08005029999185	77.0	100.0
215.10008770000422	77.0	100.0
215.11967739998363	77.0	100.0
215.13937839999562	77.0	100.0
215.1586788999848	77.0	100.0
215.1809435999894	77.0	100.0
215.19977599999402	77.0	100.0
215.21882719997666	77.0	100.0
215.2391955999774	77.0	100.0
215.260337899992	77.0	100.0
215.28118489999906	77.0	100.0
215.29965209998772	77.0	100.0
215.31927169999108	77.0	100.0
215.3393314999994	77.0	100.0
215.36000799998874	77.0	100.0
215.37987989999237	77.0	100.0
215.39942370000063	77.0	100.0
215.4202912999899	77.0	100.0
215.43820459998096	77.0	100.0
215.4597131999908	77.0	100.0
215.48025459999917	77.0	100.0
215.49945529998513	77.0	100.0
215.52053449998493	77.0	100.0
215.53936809999868	77.0	100.0
215.56010619999142	77.0	100.0
215.58060059999116	77.0	100.0
215.5994789999968	77.0	100.0
215.62110089999624	77.0	100.0
215.6405651999812	77.0	100.0
215.66038560000015	77.0	100.0
215.67899709998164	77.0	100.0
215.70040750000044	77.0	100.0
215.72020099998917	77.0	100.0
215.7405292999756	77.0	100.0
215.75927849998698	77.0	100.0
215.78072099998826	77.0	100.0
215.80217949999496	77.0	100.0
215.81976199999917	77.0	100.0
215.83879739997792	77.0	100.0
215.8596517999831	77.0	100.0
215.88024349999614	77.0	100.0
215.89914939997834	77.0	100.0
215.91912489998504	77.0	100.0
215.94019029999617	77.0	100.0
215.9590651000035	77.0	100.0
215.98062930000015	77.0	100.0
216.00004049998824	77.0	100.0
216.0194657999964	77.0	100.0
216.0408259999822	77.0	100.0
216.06068289998802	77.0	100.0
216.08036569997785	77.0	100.0
216.09903309997753	77.0	100.0
216.11965710000368	77.0	100.0
216.14694759997656	77.0	100.0
216.1606499000045	77.0	100.0
216.18070959998295	77.0	100.0
216.19919949999894	77.0	100.0
216.2205694000004	77.0	100.0
216.23938489999273	77.0	100.0
216.26200419999077	77.0	100.0
216.28103899999405	76.0	100.0
216.29990929999622	76.0	100.0
216.32076919998508	76.0	100.0
216.34116309997626	76.0	100.0
216.36209929999313	76.0	100.0
216.3809863999777	76.0	100.0
216.4009302999766	76.0	100.0
216.42122759998892	76.0	100.0
216.44066619998193	76.0	100.0
216.46119989998988	76.0	100.0
216.48118889998295	76.0	100.0
216.5003378999827	76.0	100.0
216.51995289998013	76.0	100.0
216.54032719999668	76.0	100.0
216.56133639998734	76.0	100.0
216.58121720000054	76.0	100.0
216.60092830000212	76.0	100.0
216.62150839998503	76.0	100.0
216.64066539998748	76.0	100.0
216.66098839999177	76.0	100.0
216.68102049999288	76.0	100.0
216.7009737000044	76.0	100.0
216.72106009998242	76.0	100.0
216.74031679998734	76.0	100.0
216.76036389998626	76.0	100.0
216.78176660000463	76.0	100.0
216.80059119997895	76.0	100.0
216.82140240000444	76.0	100.0
216.8411479999777	76.0	100.0
216.86160969999037	76.0	100.0
216.8809255999804	76.0	100.0
216.90127169998595	76.0	100.0
216.92198919999646	76.0	100.0
216.94094359999872	76.0	100.0
216.95995449999464	76.0	100.0
216.98098329998902	76.0	100.0
217.0009097000002	76.0	100.0
217.02192279999144	76.0	100.0
217.0410225999949	76.0	100.0
217.0597111999814	76.0	100.0
217.07990309997695	76.0	100.0
217.09793789999094	76.0	100.0
217.11675139999716	76.0	100.0
217.13634679999086	76.0	100.0
217.15666769997915	76.0	100.0
217.1775105999841	76.0	100.0
217.1994701999938	76.0	100.0
217.22075469998526	76.0	100.0
217.24108320000232	76.0	100.0
217.26237529999344	76.0	100.0
217.2823583999998	77.0	100.0
217.3026688999962	77.0	100.0
217.32209839997813	77.0	100.0
217.34182859997964	77.0	100.0
217.36095809997641	77.0	100.0
217.3821612999891	77.0	100.0
217.40123829999357	77.0	100.0
217.42314179998357	77.0	100.0
217.44152469999972	77.0	100.0
217.46192979998887	77.0	100.0
217.48197470000014	77.0	100.0
217.5020491000032	77.0	100.0
217.5209316999826	77.0	100.0
217.5431834999763	77.0	100.0
217.56206279998878	77.0	100.0
217.5828438999888	77.0	100.0
217.59990939998534	77.0	100.0
217.62239559998852	77.0	100.0
217.64264969999203	77.0	100.0
217.66236789998948	77.0	100.0
217.6820649000001	77.0	100.0
217.7021040999971	77.0	100.0
217.72182379997685	77.0	100.0
217.74232689998462	77.0	100.0
217.76229899999453	77.0	100.0
217.7827456999803	77.0	100.0
217.80246569999144	77.0	100.0
217.8209474000032	77.0	100.0
217.8409713000001	77.0	100.0
217.86219169999822	77.0	100.0
217.88245809997898	77.0	100.0
217.9091652999923	77.0	100.0
217.9223256999976	77.0	100.0
217.94194689998403	77.0	100.0
217.96169289998943	77.0	100.0
217.98220079997554	77.0	100.0
218.00133589998586	77.0	100.0
218.0216007999843	77.0	100.0
218.04168809999828	77.0	100.0
218.06188329998986	77.0	100.0
218.0814058999822	77.0	100.0
218.10497600000235	77.0	100.0
218.1220654999779	77.0	100.0
218.14205480000237	77.0	100.0
218.16636789997574	77.0	100.0
218.1826327999879	77.0	100.0
218.20221649997984	77.0	100.0
218.22240229998715	77.0	100.0
218.24263809999684	77.0	100.0
218.2640715999878	77.0	100.0
218.28331679999246	76.0	100.0
218.3025312999962	76.0	100.0
218.32298820000142	76.0	100.0
218.34334369999124	76.0	100.0
218.36309299999266	76.0	100.0
218.3826826000004	76.0	100.0
218.40303769998718	76.0	100.0
218.4229010999843	76.0	100.0
218.44273549999343	76.0	100.0
218.46467139999731	76.0	100.0
218.48263749998296	76.0	100.0
218.5018705999828	76.0	100.0
218.5315813999914	76.0	100.0
218.54266049998114	76.0	100.0
218.56111680000322	76.0	100.0
218.57934939998086	76.0	100.0
218.59796919999644	76.0	100.0
218.61876429998665	76.0	100.0
218.6399204999907	76.0	100.0
218.66093489999184	76.0	100.0
218.68206500000088	76.0	100.0
218.70036449999316	76.0	100.0
218.72163939999882	76.0	100.0
218.7404133999953	76.0	100.0
218.76226739998674	76.0	100.0
218.78261679998832	76.0	100.0
218.80223679999472	76.0	100.0
218.82250280000153	76.0	100.0
218.84216339999693	76.0	100.0
218.8622160999803	76.0	100.0
218.88265299997875	76.0	100.0
218.90240160000394	76.0	100.0
218.92207839997718	76.0	100.0
218.94261769999866	76.0	100.0
218.96271609998075	76.0	100.0
218.98261740000453	76.0	100.0
219.00238819999504	76.0	100.0
219.02229929997702	76.0	100.0
219.04233369999565	76.0	100.0
219.0629814999993	76.0	100.0
219.08244800000102	76.0	100.0
219.10271730000386	76.0	100.0
219.1224147999892	76.0	100.0
219.14301030000206	76.0	100.0
219.16278610000154	76.0	100.0
219.18394970000372	76.0	100.0
219.2033048000012	76.0	100.0
219.22307690000162	76.0	100.0
219.24313869999605	76.0	100.0
219.26412730000447	76.0	100.0
219.28362219998962	77.0	100.0
219.3026903999853	77.0	100.0
219.32219350000378	77.0	100.0
219.34257059998345	77.0	100.0
219.3625603999826	77.0	100.0
219.38347549998434	77.0	100.0
219.40289359999588	77.0	100.0
219.423449599999	77.0	100.0
219.44320729997708	77.0	100.0
219.46365809999406	77.0	100.0
219.48041530000046	77.0	100.0
219.49968449998414	77.0	100.0
219.51917699998012	77.0	100.0
219.53959269999177	77.0	100.0
219.55911549998564	77.0	100.0
219.5805238999892	77.0	100.0
219.60009910000372	77.0	100.0
219.62003229997936	77.0	100.0
219.64139819997945	77.0	100.0
219.6623372999893	77.0	100.0
219.68218559998786	77.0	100.0
219.70297759998357	77.0	100.0
219.72396069997922	77.0	100.0
219.74418179999338	77.0	100.0
219.7638439000002	77.0	100.0
219.78610929998104	77.0	100.0
219.81074759998592	77.0	100.0
219.82424610000453	77.0	100.0
219.844036399998	77.0	100.0
219.8642573999823	77.0	100.0
219.88418069999898	77.0	100.0
219.90368879999733	77.0	100.0
219.92281409999123	77.0	100.0
219.94317089999095	77.0	100.0
219.964050199982	77.0	100.0
219.98479560000123	77.0	100.0
220.0029807999963	77.0	100.0
220.02383269998245	77.0	100.0
220.04423849997693	77.0	100.0
220.06426069998997	77.0	100.0
220.08488249999937	77.0	100.0
220.1041111999948	77.0	100.0
220.12391039999784	77.0	100.0
220.1443747000012	77.0	100.0
220.1766127999872	77.0	100.0
220.18491879999056	77.0	100.0
220.2049339999794	77.0	100.0
220.22499699998298	77.0	100.0
220.24427819999983	77.0	100.0
220.26545829998213	77.0	100.0
220.2856433999841	78.0	100.0
220.30509379997966	78.0	100.0
220.3247188999958	78.0	100.0
220.34411779997754	78.0	100.0
220.36475710000377	78.0	100.0
220.38500320000458	78.0	100.0
220.40495569998166	78.0	100.0
220.42649059998803	78.0	100.0
220.4448582000041	78.0	100.0
220.46555090000038	78.0	100.0
220.4848613999784	78.0	100.0
220.5055602999928	78.0	100.0
220.52433519999613	78.0	100.0
220.54515349998837	78.0	100.0
220.56510290000006	78.0	100.0
220.58603809998021	78.0	100.0
220.6047564999899	78.0	100.0
220.62512689997675	78.0	100.0
220.64512509998167	78.0	100.0
220.66511819997686	78.0	100.0
220.6859069999773	78.0	100.0
220.70522029997665	78.0	100.0
220.72498519998044	78.0	100.0
220.7465599999996	78.0	100.0
220.76455709998845	78.0	100.0
220.7852682999801	78.0	100.0
220.80565029999707	78.0	100.0
220.8262565000041	78.0	100.0
220.84484549998888	78.0	100.0
220.86619919998338	78.0	100.0
220.88772229998722	78.0	100.0
220.9058225999761	78.0	100.0
220.9257002999948	78.0	100.0
220.94552330000442	78.0	100.0
220.9650149999943	78.0	100.0
220.98568419998628	78.0	100.0
221.00493450000067	78.0	100.0
221.0253838999779	78.0	100.0
221.04530719999457	78.0	100.0
221.06522379998933	78.0	100.0
221.08557880000444	78.0	100.0
221.10568259999854	78.0	100.0
221.12736509999377	78.0	100.0
221.14523999998346	78.0	100.0
221.1667485999933	78.0	100.0
221.18522899999516	78.0	100.0
221.20473629998742	78.0	100.0
221.22516859997995	78.0	100.0
221.245241800003	78.0	100.0
221.2665033999947	78.0	100.0
221.28737589999218	78.0	100.0
221.30676229999517	78.0	100.0
221.3250075999822	78.0	100.0
221.34626419999404	78.0	100.0
221.37107919997652	78.0	100.0
221.38673909998033	78.0	100.0
221.40570730000036	78.0	100.0
221.42686229999526	78.0	100.0
221.4461825999897	78.0	100.0
221.46661669999594	78.0	100.0
221.48661569997785	78.0	100.0
221.5060549999762	78.0	100.0
221.5265470999875	78.0	100.0
221.5467538999801	78.0	100.0
221.56424629999674	78.0	100.0
221.5873212000006	78.0	100.0
221.604801199981	78.0	100.0
221.62573770000017	78.0	100.0
221.64620329998434	78.0	100.0
221.66676169997663	78.0	100.0
221.6861576999945	78.0	100.0
221.70652069998323	78.0	100.0
221.72630769998068	78.0	100.0
221.7468239000009	78.0	100.0
221.7675853999972	78.0	100.0
221.7867890999769	78.0	100.0
221.80652069998905	78.0	100.0
221.82624279998709	78.0	100.0
221.8461405999842	78.0	100.0
221.86610169999767	78.0	100.0
221.88664159999462	78.0	100.0
221.90614579999237	78.0	100.0
221.9263920999947	78.0	100.0
221.94659079998382	78.0	100.0
221.96656390000135	78.0	100.0
221.98696909999126	78.0	100.0
222.00653659997624	78.0	100.0
222.02647219999926	78.0	100.0
222.0482350999955	78.0	100.0
222.06600579997757	78.0	100.0
222.08643719999236	78.0	100.0
222.1064950999862	78.0	100.0
222.12671399998362	78.0	100.0
222.14602129999548	78.0	100.0
222.16612879998866	78.0	100.0
222.18692029998056	78.0	100.0
222.20708910000394	78.0	100.0
222.2266131999786	78.0	100.0
222.24636349998764	78.0	100.0
222.26715269999113	78.0	100.0
222.28761189998477	79.0	100.0
222.30707799998345	79.0	100.0
222.3263154999877	79.0	100.0
222.3466298999847	79.0	100.0
222.3670337999938	79.0	100.0
222.38723709998885	79.0	100.0
222.40687419997994	79.0	100.0
222.4268940000038	79.0	100.0
222.44642209997983	79.0	100.0
222.46631619997788	79.0	100.0
222.48643920000177	79.0	100.0
222.50639579998096	79.0	100.0
222.52605200000107	79.0	100.0
222.54641889999039	79.0	100.0
222.56653829998686	79.0	100.0
222.58680180000374	79.0	100.0
222.60639559998526	79.0	100.0
222.62655489999452	79.0	100.0
222.64696339998045	79.0	100.0
222.6678820999805	79.0	100.0
222.687248000002	79.0	100.0
222.7070751999854	79.0	100.0
222.72743859997718	79.0	100.0
222.74727409999468	79.0	100.0
222.76702969998587	79.0	100.0
222.78809190000175	79.0	100.0
222.80725240000174	79.0	100.0
222.82728239998687	79.0	100.0
222.8479255999846	79.0	100.0
222.86826679998194	79.0	100.0
222.88807509999606	79.0	100.0
222.90790890000062	79.0	100.0
222.92733289999887	79.0	100.0
222.94801069999812	79.0	100.0
222.9698461999942	79.0	100.0
222.9879205999896	79.0	100.0
223.0072838999913	79.0	100.0
223.02699250000296	79.0	100.0
223.04650850000326	79.0	100.0
223.0667347999988	79.0	100.0
223.08775809998042	79.0	100.0
223.1072950999951	79.0	100.0
223.12709379999433	79.0	100.0
223.14770939998562	79.0	100.0
223.17069119997905	79.0	100.0
223.18788139999378	79.0	100.0
223.20741360000102	79.0	100.0
223.22835530000157	79.0	100.0
223.2478113999823	79.0	100.0
223.27016240000376	79.0	100.0
223.28900419999263	77.0	100.0
223.30842419998953	77.0	100.0
223.32788470000378	77.0	100.0
223.3485318000021	77.0	100.0
223.36831249998068	77.0	100.0
223.38879589998396	77.0	100.0
223.40832639997825	77.0	100.0
223.430626699992	77.0	100.0
223.44851819999167	77.0	100.0
223.46885569998994	77.0	100.0
223.48840869998094	77.0	100.0
223.5083614999894	77.0	100.0
223.52769009998883	77.0	100.0
223.54834009998012	77.0	100.0
223.56850569997914	77.0	100.0
223.58805289998418	77.0	100.0
223.60678469997947	77.0	100.0
223.62722949997988	77.0	100.0
223.6464047000045	77.0	100.0
223.66642189997947	77.0	100.0
223.68657589997747	77.0	100.0
223.70616259999224	77.0	100.0
223.7275221000018	77.0	100.0
223.74985989998095	77.0	100.0
223.76838729999145	77.0	100.0
223.78919300000416	77.0	100.0
223.80876489999355	77.0	100.0
223.82906759998878	77.0	100.0
223.84879609997733	77.0	100.0
223.86834590000217	77.0	100.0
223.8884156999993	77.0	100.0
223.9087621999788	77.0	100.0
223.9285816999909	77.0	100.0
223.9486536999757	77.0	100.0
223.9685804999899	77.0	100.0
223.9893034999841	77.0	100.0
224.00851970000076	77.0	100.0
224.02859949998674	77.0	100.0
224.04968339999323	77.0	100.0
224.0693781999871	77.0	100.0
224.08979369999724	77.0	100.0
224.10968409999623	77.0	100.0
224.1290337999817	77.0	100.0
224.14890169998398	77.0	100.0
224.17071119998582	77.0	100.0
224.1900129999849	77.0	100.0
224.20922589997645	77.0	100.0
224.23016169999028	77.0	100.0
224.2487676999881	77.0	100.0
224.27028810000047	77.0	100.0
224.29034089998459	75.0	100.0
224.31003039999632	75.0	100.0
224.3292188999767	75.0	100.0
224.35020879999502	75.0	100.0
224.3687387999962	75.0	100.0
224.3895331999811	75.0	100.0
224.40931970000383	75.0	100.0
224.42952489998424	75.0	100.0
224.44885719998274	75.0	100.0
224.46955169999273	75.0	100.0
224.48951029998716	75.0	100.0
224.50947389999055	75.0	100.0
224.52924010000424	75.0	100.0
224.54917749998276	75.0	100.0
224.56912219998776	75.0	100.0
224.58954819999053	75.0	100.0
224.6094357999973	75.0	100.0
224.63007339998148	75.0	100.0
224.6503490000032	75.0	100.0
224.67052189999959	75.0	100.0
224.68994059998658	75.0	100.0
224.7105920999893	75.0	100.0
224.72908269998152	75.0	100.0
224.74981879998813	75.0	100.0
224.77030259999447	75.0	100.0
224.79102549998788	75.0	100.0
224.8106363999832	75.0	100.0
224.83068539999658	75.0	100.0
224.84974759997567	75.0	100.0
224.86923499999102	75.0	100.0
224.8901602999831	75.0	100.0
224.90991930000018	75.0	100.0
224.93038730000262	75.0	100.0
224.9504670999886	75.0	100.0
224.9697853999969	75.0	100.0
224.98703479999676	75.0	100.0
225.01151859998936	75.0	100.0
225.03099869997823	75.0	100.0
225.0512427999929	75.0	100.0
225.07081579999067	75.0	100.0
225.09044359999825	75.0	100.0
225.11073829999077	75.0	100.0
225.13083019998157	75.0	100.0
225.15092679997906	75.0	100.0
225.171491599991	75.0	100.0
225.19064570000046	75.0	100.0
225.2101749999856	75.0	100.0
225.2305540999805	75.0	100.0
225.25041949999286	75.0	100.0
225.27099170000292	75.0	100.0
225.29030860000057	75.0	100.0
225.31037409999408	75.0	100.0
225.33012329999474	75.0	100.0
225.3502483999764	75.0	100.0
225.36984030000167	75.0	100.0
225.3910883999779	75.0	100.0
225.41069689998403	75.0	100.0
225.43111679999856	75.0	100.0
225.4504564999952	75.0	100.0
225.47038549999706	75.0	100.0
225.4908671999874	75.0	100.0
225.5107756999787	75.0	100.0
225.530442999996	75.0	100.0
225.5508159000019	75.0	100.0
225.5706513999903	75.0	100.0
225.59103689997573	75.0	100.0
225.61007569998037	75.0	100.0
225.63220649998402	75.0	100.0
225.65114760000142	75.0	100.0
225.67090979998466	75.0	100.0
225.69063840000308	75.0	100.0
225.71088309999323	75.0	100.0
225.7308359000017	75.0	100.0
225.7506752999907	75.0	100.0
225.77081669998006	75.0	100.0
225.79136350000044	75.0	100.0
225.81063419999555	75.0	100.0
225.8308488999901	75.0	100.0
225.85088389998418	75.0	100.0
225.87112749999505	75.0	100.0
225.89336919999914	75.0	100.0
225.9111773999757	75.0	100.0
225.93080279999413	75.0	100.0
225.9508797999879	75.0	100.0
225.97086359999957	75.0	100.0
225.99104559997795	75.0	100.0
226.0114713999792	75.0	100.0
226.03065899998182	75.0	100.0
226.0509465999785	75.0	100.0
226.07103009999264	75.0	100.0
226.09076910000294	75.0	100.0
226.11027809997904	75.0	100.0
226.13004459999502	75.0	100.0
226.15149940000265	75.0	100.0
226.1722467999789	75.0	100.0
226.1918902999896	75.0	100.0
226.211106200004	75.0	100.0
226.2312447000004	75.0	100.0
226.25104149998515	75.0	100.0
226.27217290000408	75.0	100.0
226.29232459998457	75.0	100.0
226.311401199986	75.0	100.0
226.33098359999713	75.0	100.0
226.35173460000078	75.0	100.0
226.37125559998094	75.0	100.0
226.39187939997646	75.0	100.0
226.41121619998012	75.0	100.0
226.43376849999186	75.0	100.0
226.45146169999498	75.0	100.0
226.47196059999987	75.0	100.0
226.49205810000421	75.0	100.0
226.5122977999854	75.0	100.0
226.53125069997623	75.0	100.0
226.55382869997993	75.0	100.0
226.57190739997895	75.0	100.0
226.5919939999876	75.0	100.0
226.61143979997723	75.0	100.0
226.62873529997887	75.0	100.0
226.64718479997828	75.0	100.0
226.6683858000033	75.0	100.0
226.68792830000166	75.0	100.0
226.71102930000052	75.0	100.0
226.73008459998528	75.0	100.0
226.7521517999994	75.0	100.0
226.77178049998474	75.0	100.0
226.7917547999823	75.0	100.0
226.81268409997574	75.0	100.0
226.83259599999292	75.0	100.0
226.85267829999793	75.0	100.0
226.8730827999825	75.0	100.0
226.89312029999564	75.0	100.0
226.9119936999923	75.0	100.0
226.9302478999889	75.0	100.0
226.95273789999192	75.0	100.0
226.97263329999987	75.0	100.0
226.99288469998282	75.0	100.0
227.0129575000028	75.0	100.0
227.03288429998793	75.0	100.0
227.0533014999819	75.0	100.0
227.07305399997858	75.0	100.0
227.09294799997588	75.0	100.0
227.11277589999372	75.0	100.0
227.13194069999736	75.0	100.0
227.15239000000292	75.0	100.0
227.17272400000365	75.0	100.0
227.19318219998968	75.0	100.0
227.21292649998213	75.0	100.0
227.23292939999374	75.0	100.0
227.25237039997592	75.0	100.0
227.27405409998028	75.0	100.0
227.29288510000333	74.0	100.0
227.31323390000034	74.0	100.0
227.33309430000372	74.0	100.0
227.35289969999576	74.0	100.0
227.3735400000005	74.0	100.0
227.39286199997878	74.0	100.0
227.4130438999855	74.0	100.0
227.43295719998423	74.0	100.0
227.4529756999982	74.0	100.0
227.4731050999835	74.0	100.0
227.49369449997903	74.0	100.0
227.51422159999493	74.0	100.0
227.5328488999803	74.0	100.0
227.55284190000384	74.0	100.0
227.57339330000104	74.0	100.0
227.59424360000412	74.0	100.0
227.61269229999743	74.0	100.0
227.63257769998745	74.0	100.0
227.65596649999497	74.0	100.0
227.67463709998992	74.0	100.0
227.69359029998304	74.0	100.0
227.71156629998586	74.0	100.0
227.73150619998341	74.0	100.0
227.75424639999983	74.0	100.0
227.77394139999524	74.0	100.0
227.79438539998955	74.0	100.0
227.81671459999052	74.0	100.0
227.8338588999759	74.0	100.0
227.85297269999865	74.0	100.0
227.87256859999616	74.0	100.0
227.89306599998963	74.0	100.0
227.91336889998638	74.0	100.0
227.93267149999156	74.0	100.0
227.95296799999778	74.0	100.0
227.97289239999373	74.0	100.0
227.99354070000118	74.0	100.0
228.01301619998412	74.0	100.0
228.0341096999764	74.0	100.0
228.0531154999917	74.0	100.0
228.0730762000021	74.0	100.0
228.09286319999956	74.0	100.0
228.11409319998347	74.0	100.0
228.13385019998532	74.0	100.0
228.15332859999035	74.0	100.0
228.17342389997793	74.0	100.0
228.1945649999834	74.0	100.0
228.21400499998708	74.0	100.0
228.23405319999438	74.0	100.0
228.25399539998034	74.0	100.0
228.27474179997807	74.0	100.0
228.29512179997982	74.0	100.0
228.31440799997654	74.0	100.0
228.33288909998373	74.0	100.0
228.35362849998637	74.0	100.0
228.37271070000133	74.0	100.0
228.39402350000455	74.0	100.0
228.4129856999789	74.0	100.0
228.43430709998938	74.0	100.0
228.45402669999748	74.0	100.0
228.4743855999841	74.0	100.0
228.49448659998598	74.0	100.0
228.5142322999891	74.0	100.0
228.53318289999152	74.0	100.0
228.55455679999432	74.0	100.0
228.57330299998284	74.0	100.0
228.59501199997612	74.0	100.0
228.61330589998397	74.0	100.0
228.634387099999	74.0	100.0
228.65475009998772	74.0	100.0
228.67440369998803	74.0	100.0
228.69427659999928	74.0	100.0
228.71334359998582	74.0	100.0
228.73422139999457	74.0	100.0
228.75541559999692	74.0	100.0
228.77504259999841	74.0	100.0
228.79501259999233	74.0	100.0
228.81424879998667	74.0	100.0
228.83481839997694	74.0	100.0
228.85437529999763	74.0	100.0
228.87378569997963	74.0	100.0
228.89374579998548	74.0	100.0
228.9140017000027	74.0	100.0
228.93432249999023	74.0	100.0
228.95425469998736	74.0	100.0
228.97561209998094	74.0	100.0
228.99494559998857	74.0	100.0
229.01398479999625	74.0	100.0
229.0337456999987	74.0	100.0
229.05357150000054	74.0	100.0
229.07991179998498	74.0	100.0
229.0945897999918	74.0	100.0
229.11493079998763	74.0	100.0
229.13485169998603	74.0	100.0
229.16487109998707	74.0	100.0
229.17308720000437	74.0	100.0
229.1946811999951	74.0	100.0
229.21672679999028	74.0	100.0
229.23377699998673	74.0	100.0
229.25381890000426	74.0	100.0
229.27514799998607	74.0	100.0
229.29433289999724	75.0	100.0
229.31394949997775	75.0	100.0
229.33520339999814	75.0	100.0
229.3537290999957	75.0	100.0
229.3731153999979	75.0	100.0
229.39437269998598	75.0	100.0
229.41487549999147	75.0	100.0
229.4352027999994	75.0	100.0
229.45369460000074	75.0	100.0
229.47402819999843	75.0	100.0
229.49407329998212	75.0	100.0
229.51428879998275	75.0	100.0
229.53351320000365	75.0	100.0
229.55418519998784	75.0	100.0
229.57360770000378	75.0	100.0
229.59417009999743	75.0	100.0
229.61401619997923	75.0	100.0
229.6346038999909	75.0	100.0
229.65418829998816	75.0	100.0
229.6740265999979	75.0	100.0
229.69431170000462	75.0	100.0
229.71349359999294	75.0	100.0
229.73405839997577	75.0	100.0
229.7542909999902	75.0	100.0
229.7746956999763	75.0	100.0
229.79474019998452	75.0	100.0
229.8138528999989	75.0	100.0
229.8347647000046	75.0	100.0
229.8546529999876	75.0	100.0
229.87492539998493	75.0	100.0
229.8948041999829	75.0	100.0
229.9149219999963	75.0	100.0
229.93459779999102	75.0	100.0
229.9546788999869	75.0	100.0
229.97428949997993	75.0	100.0
229.9946290999942	75.0	100.0
230.01375399998506	75.0	100.0
230.03591569999116	75.0	100.0
230.05400149998604	75.0	100.0
230.07432649997645	75.0	100.0
230.09414749999996	75.0	100.0
230.11409009998897	75.0	100.0
230.13478279998526	75.0	100.0
230.15565849997802	75.0	100.0
230.17419249998056	75.0	100.0
230.19427300000098	75.0	100.0
230.21398879998014	75.0	100.0
230.23427339998307	75.0	100.0
230.2539305999817	75.0	100.0
230.27516589997686	75.0	100.0
230.29514390000259	75.0	100.0
230.31474819997675	75.0	100.0
230.33435609997832	75.0	100.0
230.35509239998646	75.0	100.0
230.37553779999143	75.0	100.0
230.39562649998697	75.0	100.0
230.41506359999767	75.0	100.0
230.43545180000365	75.0	100.0
230.45496669999557	75.0	100.0
230.47552649999852	75.0	100.0
230.49486409997917	75.0	100.0
230.5149796999758	75.0	100.0
230.53663259997847	75.0	100.0
230.55514589999802	75.0	100.0
230.57504739999422	75.0	100.0
230.59506089999923	75.0	100.0
230.61518939997768	75.0	100.0
230.63433189998614	75.0	100.0
230.6543335999886	75.0	100.0
230.67538030000287	75.0	100.0
230.6944726999791	75.0	100.0
230.71550900000148	75.0	100.0
230.73576879999018	75.0	100.0
230.75527939997846	75.0	100.0
230.77510259998962	75.0	100.0
230.7952082999982	75.0	100.0
230.8147661999974	75.0	100.0
230.83540599999833	75.0	100.0
230.8552798999881	75.0	100.0
230.87517139999545	75.0	100.0
230.89508729998488	75.0	100.0
230.91525949997595	75.0	100.0
230.93483909999486	75.0	100.0
230.95837700000266	75.0	100.0
230.97502289997647	75.0	100.0
230.99547399999574	75.0	100.0
231.0142469999846	75.0	100.0
231.03471710000304	75.0	100.0
231.05496359997778	75.0	100.0
231.0755441999936	75.0	100.0
231.09556799998973	75.0	100.0
231.1148710999987	75.0	100.0
231.13486749998992	75.0	100.0
231.16718059999403	75.0	100.0
231.17498650000198	75.0	100.0
231.19570789998397	75.0	100.0
231.21524689998478	75.0	100.0
231.2351834999863	75.0	100.0
231.25428819999797	75.0	100.0
231.27641319998656	75.0	100.0
231.29448660000344	74.0	100.0
231.3162543999788	74.0	100.0
231.33244369999738	74.0	100.0
231.34975679998752	74.0	100.0
231.3699551000027	74.0	100.0
231.3920070999884	74.0	100.0
231.41250129998662	74.0	100.0
231.43275139998877	74.0	100.0
231.45154739997815	74.0	100.0
231.47378879997996	74.0	100.0
231.49468399997568	74.0	100.0
231.5150006999902	74.0	100.0
231.53545209998265	74.0	100.0
231.55482259998098	74.0	100.0
231.57477179999114	74.0	100.0
231.59503659998882	74.0	100.0
231.61497909997706	74.0	100.0
231.63477989999228	74.0	100.0
231.6549920999969	74.0	100.0
231.67578289998346	74.0	100.0
231.69709489998058	74.0	100.0
231.71617209998658	74.0	100.0
231.73603259999072	74.0	100.0
231.75630919999094	74.0	100.0
231.7769483999873	74.0	100.0
231.79754489997867	74.0	100.0
231.81699910000316	74.0	100.0
231.8359428999829	74.0	100.0
231.85552650000318	74.0	100.0
231.87589949998073	74.0	100.0
231.89595439998084	74.0	100.0
231.9168173999933	74.0	100.0
231.9360200999945	74.0	100.0
231.95623680000426	74.0	100.0
231.9764791999769	74.0	100.0
231.99547779999557	74.0	100.0
232.0166193000041	74.0	100.0
232.03523189999396	74.0	100.0
232.05528069997672	74.0	100.0
232.0754839000001	74.0	100.0
232.09554489998845	74.0	100.0
232.11507359999814	74.0	100.0
232.13535669998964	74.0	100.0
232.15663349998067	74.0	100.0
232.17927100000088	74.0	100.0
232.1975325999956	74.0	100.0
232.21514729998307	74.0	100.0
232.23507319999044	74.0	100.0
232.25544189999346	74.0	100.0
232.27743190000183	74.0	100.0
232.29683529998874	75.0	100.0
232.3176884999848	75.0	100.0
232.3362336999853	75.0	100.0
232.35620339997695	75.0	100.0
232.37526949998573	75.0	100.0
232.39692800000194	75.0	100.0
232.41637219997938	75.0	100.0
232.43857659999048	75.0	100.0
232.45608340000035	75.0	100.0
232.4764532999834	75.0	100.0
232.49654490000103	75.0	100.0
232.51635160000296	75.0	100.0
232.53583429998253	75.0	100.0
232.55655649999972	75.0	100.0
232.57653289998416	75.0	100.0
232.5959176000033	75.0	100.0
232.61633049999364	75.0	100.0
232.63669739998295	75.0	100.0
232.65644319998682	75.0	100.0
232.6767542999878	75.0	100.0
232.69836529999156	75.0	100.0
232.71667029999662	75.0	100.0
232.73617889999878	75.0	100.0
232.75734129999182	75.0	100.0
232.77585799997905	75.0	100.0
232.79879099997925	75.0	100.0
232.81671970000025	75.0	100.0
232.83586699998705	75.0	100.0
232.8562570999784	75.0	100.0
232.87706579998485	75.0	100.0
232.8964694000024	75.0	100.0
232.91655100000207	75.0	100.0
232.9369805000024	75.0	100.0
232.95682559997658	75.0	100.0
232.97640019998653	75.0	100.0
232.99736969999503	75.0	100.0
233.01640629998292	75.0	100.0
233.03662030000123	75.0	100.0
233.05635869997786	75.0	100.0
233.07683979999274	75.0	100.0
233.09653769998113	75.0	100.0
233.11709739998332	75.0	100.0
233.13684520000243	75.0	100.0
233.15715069998987	75.0	100.0
233.17702449997887	75.0	100.0
233.19867039998644	75.0	100.0
233.21701100000064	75.0	100.0
233.2370103999856	75.0	100.0
233.25643159999163	75.0	100.0
233.27759929999593	75.0	100.0
233.2984992999991	75.0	100.0
233.31804980000015	75.0	100.0
233.33686260000104	75.0	100.0
233.35817589997896	75.0	100.0
233.37774450000143	75.0	100.0
233.3981433000008	75.0	100.0
233.41729769998346	75.0	100.0
233.43805899997824	75.0	100.0
233.4569023999793	75.0	100.0
233.47766189998947	75.0	100.0
233.4972140000027	75.0	100.0
233.51738049997948	75.0	100.0
233.53693750000093	75.0	100.0
233.55705469998065	75.0	100.0
233.57698669997626	75.0	100.0
233.59693430000334	75.0	100.0
233.61701659997925	75.0	100.0
233.63720319999265	75.0	100.0
233.65751329998602	75.0	100.0
233.67731129997992	75.0	100.0
233.69726349998382	75.0	100.0
233.71770479998668	75.0	100.0
233.7372923999792	75.0	100.0
233.7588913999789	75.0	100.0
233.77925439999672	75.0	100.0
233.79833639998105	75.0	100.0
233.81786680000369	75.0	100.0
233.837832899997	75.0	100.0
233.85745829998632	75.0	100.0
233.87765619999846	75.0	100.0
233.89748439998948	75.0	100.0
233.9173891999817	75.0	100.0
233.9376890999847	75.0	100.0
233.9578430999827	75.0	100.0
233.9769725999795	75.0	100.0
233.99814809998497	75.0	100.0
234.0170518999803	75.0	100.0
234.03823159998865	75.0	100.0
234.05898919998435	75.0	100.0
234.0778315999778	75.0	100.0
234.09802589999163	75.0	100.0
234.1176068999921	75.0	100.0
234.13737909999327	75.0	100.0
234.1577769999858	75.0	100.0
234.17686730000423	75.0	100.0
234.19824219998554	75.0	100.0
234.21805369999493	75.0	100.0
234.2384910999972	75.0	100.0
234.2578375999874	75.0	100.0
234.27885410000454	75.0	100.0
234.29841819999274	75.0	100.0
234.31844599999022	75.0	100.0
234.33826069999486	75.0	100.0
234.35836739998194	75.0	100.0
234.3779499999946	75.0	100.0
234.3984189000039	75.0	100.0
234.4184556999826	75.0	100.0
234.43918319998193	75.0	100.0
234.4579137999972	75.0	100.0
234.47806039999705	75.0	100.0
234.49790399998892	75.0	100.0
234.51849210000364	75.0	100.0
234.5388011999894	75.0	100.0
234.558054299996	75.0	100.0
234.5773200999829	75.0	100.0
234.59872719997657	75.0	100.0
234.61898259998998	75.0	100.0
234.63892149997992	75.0	100.0
234.65866559999995	75.0	100.0
234.67888729998958	75.0	100.0
234.6988621999917	75.0	100.0
234.71867770000244	75.0	100.0
234.7393520999758	75.0	100.0
234.75904979999177	75.0	100.0
234.77880599998753	75.0	100.0
234.79841239997768	75.0	100.0
234.81872489998932	75.0	100.0
234.83869439997943	75.0	100.0
234.85894459998235	75.0	100.0
234.8781994000019	75.0	100.0
234.8981153999921	75.0	100.0
234.9190478999808	75.0	100.0
234.93869680000353	75.0	100.0
234.95929519998026	75.0	100.0
234.97884919997887	75.0	100.0
234.9990874999785	75.0	100.0
235.01899240000057	75.0	100.0
235.0388360999932	75.0	100.0
235.0568607999885	75.0	100.0
235.07966299998225	75.0	100.0
235.09904839997762	75.0	100.0
235.11920859999373	75.0	100.0
235.1388601999788	75.0	100.0
235.15849059997709	75.0	100.0
235.17843559998437	75.0	100.0
235.19980740000028	75.0	100.0
235.21901539998362	75.0	100.0
235.23885659998632	75.0	100.0
235.25868249998894	75.0	100.0
235.28065319999587	75.0	100.0
235.29987980000442	73.0	100.0
235.31940479998593	73.0	100.0
235.3391360999958	73.0	100.0
235.36082109998097	73.0	100.0
235.3788924999826	73.0	100.0
235.3994890000031	73.0	100.0
235.4187950999767	73.0	100.0
235.44115919998148	73.0	100.0
235.45896249997895	73.0	100.0
235.47896239999682	73.0	100.0
235.49943409999833	73.0	100.0
235.5192807999847	73.0	100.0
235.53894699999364	73.0	100.0
235.5589725000027	73.0	100.0
235.57925359997898	73.0	100.0
235.59929309997824	73.0	100.0
235.61940749999485	73.0	100.0
235.63929110000026	73.0	100.0
235.65964659999008	73.0	100.0
235.67959559999872	73.0	100.0
235.69967909998377	73.0	100.0
235.71918379998533	73.0	100.0
235.73923599999398	73.0	100.0
235.75975850000395	73.0	100.0
235.7789842999773	73.0	100.0
235.80012739999802	73.0	100.0
235.81920119997812	73.0	100.0
235.83865969997714	73.0	100.0
235.85834389997763	73.0	100.0
235.87875889998395	73.0	100.0
235.8985339999781	73.0	100.0
235.91863440000452	73.0	100.0
235.93829729998833	73.0	100.0
235.95841540000401	73.0	100.0
235.97850869997637	73.0	100.0
235.99964880000334	73.0	100.0
236.01843440000084	73.0	100.0
236.0384619999968	73.0	100.0
236.05838719999883	73.0	100.0
236.07866539998213	73.0	100.0
236.09864109999035	73.0	100.0
236.11893399999826	73.0	100.0
236.13863790000323	73.0	100.0
236.15914139998495	73.0	100.0
236.18002430000342	73.0	100.0
236.1996078999946	73.0	100.0
236.21859340000083	73.0	100.0
236.2389479999838	73.0	100.0
236.2588310999854	73.0	100.0
236.28228119999403	73.0	100.0
236.3008487999905	72.0	100.0
236.31976149999537	72.0	100.0
236.33963000000222	72.0	100.0
236.35890189997735	72.0	100.0
236.3797002999927	72.0	100.0
236.4006249999802	72.0	100.0
236.41891859998577	72.0	100.0
236.44236539999838	72.0	100.0
236.4598774999904	72.0	100.0
236.4800226999796	72.0	100.0
236.4995443999942	72.0	100.0
236.52085689999512	72.0	100.0
236.54027319999295	72.0	100.0
236.56066190000274	72.0	100.0
236.57986369999708	72.0	100.0
236.6013096999959	72.0	100.0
236.6204820999992	72.0	100.0
236.63999870000407	72.0	100.0
236.66147249998176	72.0	100.0
236.68188429999282	72.0	100.0
236.7020429999975	72.0	100.0
236.72076430000016	72.0	100.0
236.74061999999685	72.0	100.0
236.76500279997708	72.0	100.0
236.78054529998917	72.0	100.0
236.80071309997584	72.0	100.0
236.8208239999949	72.0	100.0
236.84078739999677	72.0	100.0
236.86177379998844	72.0	100.0
236.88089549998404	72.0	100.0
236.90049569998519	72.0	100.0
236.92086119999294	72.0	100.0
236.94047709999722	72.0	100.0
236.96055129999877	72.0	100.0
236.98071099998197	72.0	100.0
237.00098409998463	72.0	100.0
237.02020319999428	72.0	100.0
237.04027959998348	72.0	100.0
237.05976039997768	72.0	100.0
237.08026989997597	72.0	100.0
237.10160979998182	72.0	100.0
237.11993139999686	72.0	100.0
237.14017420000164	72.0	100.0
237.15916319997632	72.0	100.0
237.1804307999846	72.0	100.0
237.2039024999831	72.0	100.0
237.2206634999893	72.0	100.0
237.24038000000292	72.0	100.0
237.26068289999967	72.0	100.0
237.28186920000007	72.0	100.0
237.3014461999992	71.0	100.0
237.32107089998317	71.0	100.0
237.3408713999961	71.0	100.0
237.3614738000033	71.0	100.0
237.38189930000226	71.0	100.0
237.40192689999822	71.0	100.0
237.4215683999937	71.0	100.0
237.44144070000038	71.0	100.0
237.46129929999006	71.0	100.0
237.48132449999684	71.0	100.0
237.50189319998026	71.0	100.0
237.52118640000117	71.0	100.0
237.5412657999841	71.0	100.0
237.56111389998114	71.0	100.0
237.5807955999917	71.0	100.0
237.60108239998226	71.0	100.0
237.6215164999885	71.0	100.0
237.6423687999777	71.0	100.0
237.66101949999575	71.0	100.0
237.68109689999255	71.0	100.0
237.70200329998625	71.0	100.0
237.7209374999802	71.0	100.0
237.74188239997602	71.0	100.0
237.7608626000001	71.0	100.0
237.78190410000389	71.0	100.0
237.80224109999835	71.0	100.0
237.8214666999993	71.0	100.0
237.84197139999014	71.0	100.0
237.8622975999897	71.0	100.0
237.88241500000004	71.0	100.0
237.90207449998707	71.0	100.0
237.9220934000041	71.0	100.0
237.94178520000423	71.0	100.0
237.96106809997582	71.0	100.0
237.98123079998186	71.0	100.0
238.00124869999127	71.0	100.0
238.0232004999998	71.0	100.0
238.04128819998004	71.0	100.0
238.0613180999935	71.0	100.0
238.0813383999921	71.0	100.0
238.10200059998897	71.0	100.0
238.1220023999922	71.0	100.0
238.14154849998886	71.0	100.0
238.1615597999771	71.0	100.0
238.1816295000026	71.0	100.0
238.20194539998192	71.0	100.0
238.22202449999168	71.0	100.0
238.24145599998883	71.0	100.0
238.2614061999775	71.0	100.0
238.28280409998843	71.0	100.0
238.30169029999524	72.0	100.0
238.3219085999881	72.0	100.0
238.34239720000187	72.0	100.0
238.36247329998878	72.0	100.0
238.3828397000034	72.0	100.0
238.40219399999478	72.0	100.0
238.42293149998295	72.0	100.0
238.4417187999934	72.0	100.0
238.46310490000178	72.0	100.0
238.48279749997891	72.0	100.0
238.50294799997937	72.0	100.0
238.52248269997654	72.0	100.0
238.54267729999265	72.0	100.0
238.5625424000027	72.0	100.0
238.58228979998967	72.0	100.0
238.6025507999875	72.0	100.0
238.62304939999012	72.0	100.0
238.6441389999818	72.0	100.0
238.664859099983	72.0	100.0
238.68384009998408	72.0	100.0
238.70339519999106	72.0	100.0
238.72317689997726	72.0	100.0
238.74251240000012	72.0	100.0
238.76304069999605	72.0	100.0
238.78315780000412	72.0	100.0
238.80813589997706	72.0	100.0
238.82296249998035	72.0	100.0
238.84282849999727	72.0	100.0
238.86292019998655	72.0	100.0
238.8826776999922	72.0	100.0
238.90312449997873	72.0	100.0
238.9228879000002	72.0	100.0
238.94506889997865	72.0	100.0
238.96307699999306	72.0	100.0
238.98312049999367	72.0	100.0
239.0031939999899	72.0	100.0
239.0230351999926	72.0	100.0
239.04277589998674	72.0	100.0
239.062849799986	72.0	100.0
239.0831698999973	72.0	100.0
239.1031329999969	72.0	100.0
239.12310179998167	72.0	100.0
239.14299530000426	72.0	100.0
239.16302619999624	72.0	100.0
239.1830454999872	72.0	100.0
239.20397169998614	72.0	100.0
239.22320049998234	72.0	100.0
239.2422857999918	72.0	100.0
239.26238839997677	72.0	100.0
239.28369979999843	72.0	100.0
239.3044716999866	73.0	100.0
239.32370369997807	73.0	100.0
239.34265059998143	73.0	100.0
239.36360149999382	73.0	100.0
239.38318029997754	73.0	100.0
239.40366899999208	73.0	100.0
239.42333269998198	73.0	100.0
239.44662669999525	73.0	100.0
239.46313170000212	73.0	100.0
239.48235619999468	73.0	100.0
239.5026033000031	73.0	100.0
239.52310749999015	73.0	100.0
239.54357459998573	73.0	100.0
239.56324619997758	73.0	100.0
239.58348879998084	73.0	100.0
239.60487139999168	73.0	100.0
239.6235769999912	73.0	100.0
239.64315910000005	73.0	100.0
239.66316589998314	73.0	100.0
239.68350199999986	73.0	100.0
239.70399569999427	73.0	100.0
239.72343650000403	73.0	100.0
239.7435936999973	73.0	100.0
239.7639055000036	73.0	100.0
239.78270680000423	73.0	100.0
239.8044460999954	73.0	100.0
239.82349539999268	73.0	100.0
239.84284440000192	73.0	100.0
239.8667332000041	73.0	100.0
239.88521599999513	73.0	100.0
239.90672959998483	73.0	100.0
239.92438149999361	73.0	100.0
239.94280579997576	73.0	100.0
239.9631441999809	73.0	100.0
239.98470869997982	73.0	100.0
240.0051597999991	73.0	100.0
240.02431670000078	73.0	100.0
240.0505317999923	73.0	100.0
240.06431359998533	73.0	100.0
240.08458809999865	73.0	100.0
240.10507510000025	73.0	100.0
240.1237198000017	73.0	100.0
240.14308259999962	73.0	100.0
240.16274459997658	73.0	100.0
240.18304149998585	73.0	100.0
240.20394989999477	73.0	100.0
240.22377839998808	73.0	100.0
240.24281450000126	73.0	100.0
240.26381199999014	73.0	100.0
240.28515839998727	73.0	100.0
240.3044077999948	73.0	100.0
240.32474149999325	73.0	100.0
240.3447659999947	73.0	100.0
240.36464039998828	73.0	100.0
240.38457999998354	73.0	100.0
240.4050991999975	73.0	100.0
240.4248231999809	73.0	100.0
240.4445339999802	73.0	100.0
240.46428169999854	73.0	100.0
240.4847138999903	73.0	100.0
240.50604529998964	73.0	100.0
240.52411129997927	73.0	100.0
240.54484099999536	73.0	100.0
240.56451489997562	73.0	100.0
240.58408099997905	73.0	100.0
240.60307789998478	73.0	100.0
240.62483109999448	73.0	100.0
240.64377589998185	73.0	100.0
240.66444949997822	73.0	100.0
240.68555649998598	73.0	100.0
240.70650559998467	73.0	100.0
240.72453529998893	73.0	100.0
240.74309299999732	73.0	100.0
240.76238010000088	73.0	100.0
240.78381799999624	73.0	100.0
240.80498960000114	73.0	100.0
240.82499449999887	73.0	100.0
240.84489999999641	73.0	100.0
240.86481169998297	73.0	100.0
240.88498459997936	73.0	100.0
240.90524089999963	73.0	100.0
240.92578599997796	73.0	100.0
240.9446842999896	73.0	100.0
240.96488039998803	73.0	100.0
240.98603410000214	73.0	100.0
241.00619279997773	73.0	100.0
241.02494049997767	73.0	100.0
241.0452452999889	73.0	100.0
241.0651842999796	73.0	100.0
241.08377639998798	73.0	100.0
241.10449349999544	73.0	100.0
241.12447059998522	73.0	100.0
241.14499819997582	73.0	100.0
241.16480869997758	73.0	100.0
241.18467249997775	73.0	100.0
241.20628929999657	73.0	100.0
241.2253645999881	73.0	100.0
241.24509129999205	73.0	100.0
241.26471889999812	73.0	100.0
241.28589949998423	73.0	100.0
241.30628369998885	74.0	100.0
241.32498219999252	74.0	100.0
241.34584860000177	74.0	100.0
241.3650304999901	74.0	100.0
241.38557949999813	74.0	100.0
241.40554009997868	74.0	100.0
241.4252267999982	74.0	100.0
241.44526949999272	74.0	100.0
241.46700479998253	74.0	100.0
241.4850901000027	74.0	100.0
241.50546230000327	74.0	100.0
241.52545069999178	74.0	100.0
241.54500839998946	74.0	100.0
241.56509309998364	74.0	100.0
241.5855043999909	74.0	100.0
241.60713560000295	74.0	100.0
241.6258639000007	74.0	100.0
241.6455873999803	74.0	100.0
241.66540820000228	74.0	100.0
241.6851584999822	74.0	100.0
241.7053634999902	74.0	100.0
241.7252941999759	74.0	100.0
241.7457532999979	74.0	100.0
241.76547289997688	74.0	100.0
241.78553589998046	74.0	100.0
241.80748079999466	74.0	100.0
241.82655050000176	74.0	100.0
241.8455134999822	74.0	100.0
241.86539719998837	74.0	100.0
241.88654399997904	74.0	100.0
241.90769199997885	74.0	100.0
241.9262208	74.0	100.0
241.94655959997908	74.0	100.0
241.9661789999809	74.0	100.0
241.98658999998588	74.0	100.0
242.00716660000035	74.0	100.0
242.02700099998037	74.0	100.0
242.04636929999106	74.0	100.0
242.06710669997847	74.0	100.0
242.08632179998676	74.0	100.0
242.10637080000015	74.0	100.0
242.1275504999794	74.0	100.0
242.14637370000128	74.0	100.0
242.1660348000005	74.0	100.0
242.18680809999933	74.0	100.0
242.2074182999786	74.0	100.0
242.2266227999935	74.0	100.0
242.24670160000096	74.0	100.0
242.2664978999819	74.0	100.0
242.28690399997868	74.0	100.0
242.30810510000447	75.0	100.0
242.32648319998407	75.0	100.0
242.3469353999826	75.0	100.0
242.36683519999497	75.0	100.0
242.38714700000128	75.0	100.0
242.4069386999763	75.0	100.0
242.42707189999055	75.0	100.0
242.4469046999875	75.0	100.0
242.46631789999083	75.0	100.0
242.48678109998582	75.0	100.0
242.50685330000124	75.0	100.0
242.52605389998644	75.0	100.0
242.5463935000007	75.0	100.0
242.56688089997624	75.0	100.0
242.5871498999768	75.0	100.0
242.60756689999835	75.0	100.0
242.6291522999818	75.0	100.0
242.64613399998052	75.0	100.0
242.67215949998354	75.0	100.0
242.6873110999877	75.0	100.0
242.70723259999068	75.0	100.0
242.72704820000217	75.0	100.0
242.746542399982	75.0	100.0
242.7663571999874	75.0	100.0
242.7862777999835	75.0	100.0
242.80741899998975	75.0	100.0
242.8270333999826	75.0	100.0
242.8468787999882	75.0	100.0
242.86749159998726	75.0	100.0
242.88731319998624	75.0	100.0
242.90684650000185	75.0	100.0
242.92836639998131	75.0	100.0
242.94852809997974	75.0	100.0
242.96728779998375	75.0	100.0
242.9868409000046	75.0	100.0
243.0069506999862	75.0	100.0
243.0268906999845	75.0	100.0
243.04712899998412	75.0	100.0
243.06683979998343	75.0	100.0
243.0869801999943	75.0	100.0
243.1067114000034	75.0	100.0
243.1268627999816	75.0	100.0
243.14836179997656	75.0	100.0
243.16727039997932	75.0	100.0
243.18738469999516	75.0	100.0
243.20818169999984	75.0	100.0
243.22759129997576	75.0	100.0
243.24726179998834	75.0	100.0
243.26796460000332	75.0	100.0
243.28841899998952	75.0	100.0
243.3089178999944	76.0	100.0
243.3281919999863	76.0	100.0
243.34802219999256	76.0	100.0
243.3678461999807	76.0	100.0
243.38879649998853	76.0	100.0
243.4072359999991	76.0	100.0
243.42777529999148	76.0	100.0
243.4480723000015	76.0	100.0
243.46823139998014	76.0	100.0
243.48770199998398	76.0	100.0
243.5084274999972	76.0	100.0
243.52828779999982	76.0	100.0
243.5462525000039	76.0	100.0
243.56777919997694	76.0	100.0
243.5869247999799	76.0	100.0
243.60712919998332	76.0	100.0
243.62772689998383	76.0	100.0
243.64806819998194	76.0	100.0
243.6687466999865	76.0	100.0
243.68919279999682	76.0	100.0
243.70865779998712	76.0	100.0
243.7284402999794	76.0	100.0
243.74906770000234	76.0	100.0
243.76823829999194	76.0	100.0
243.78773999999976	76.0	100.0
243.8117162999988	76.0	100.0
243.82771589999902	76.0	100.0
243.84344379999675	76.0	100.0
243.86084629999823	76.0	100.0
243.88080099999206	76.0	100.0
243.90213499998208	76.0	100.0
243.92385309998645	76.0	100.0
243.94394319999265	76.0	100.0
243.96769959997619	76.0	100.0
243.98659909999697	76.0	100.0
244.00887969997711	76.0	100.0
244.02880060000462	76.0	100.0
244.04853209998691	76.0	100.0
244.06987819998176	76.0	100.0
244.08902129999478	76.0	100.0
244.10985789998085	76.0	100.0
244.1287536000018	76.0	100.0
244.14892949999194	76.0	100.0
244.16919259997667	76.0	100.0
244.18892329998198	76.0	100.0
244.20881199999712	76.0	100.0
244.22883609999553	76.0	100.0
244.2488214999903	76.0	100.0
244.26959139999235	76.0	100.0
244.2895167999959	76.0	100.0
244.31037549997563	78.0	100.0
244.3288504999946	78.0	100.0
244.34976829998777	78.0	100.0
244.3697915999801	78.0	100.0
244.3900065999769	78.0	100.0
244.41007389998413	78.0	100.0
244.42904019998969	78.0	100.0
244.4485463000019	78.0	100.0
244.47149889997672	78.0	100.0
244.48889199999394	78.0	100.0
244.50857750000432	78.0	100.0
244.52859049997642	78.0	100.0
244.54944819997763	78.0	100.0
244.57719429998542	78.0	100.0
244.587686999992	78.0	100.0
244.61514369997894	78.0	100.0
244.62342560000252	78.0	100.0
244.6434345000016	78.0	100.0
244.66155709998566	78.0	100.0
244.68206059999648	78.0	100.0
244.70288759999676	78.0	100.0
244.72226719997707	78.0	100.0
244.74896359999548	78.0	100.0
244.76830889997655	78.0	100.0
244.78859309997642	78.0	100.0
244.80837959999917	78.0	100.0
244.8280840999796	78.0	100.0
244.84880489998613	78.0	100.0
244.8687590000045	78.0	100.0
244.89004319999367	78.0	100.0
244.91033869999228	78.0	100.0
244.92905109998537	78.0	100.0
244.94989910000004	78.0	100.0
244.96984809997957	78.0	100.0
244.99062359999516	78.0	100.0
245.0091298999905	78.0	100.0
245.0302155999816	78.0	100.0
245.04967809998197	78.0	100.0
245.06926649998059	78.0	100.0
245.08903539998573	78.0	100.0
245.10815729998285	78.0	100.0
245.12673170000198	78.0	100.0
245.14843760000076	78.0	100.0
245.16835849999916	78.0	100.0
245.19114099998842	78.0	100.0
245.2109982999973	78.0	100.0
245.2319742999971	78.0	100.0
245.24867059997632	78.0	100.0
245.26826539999456	78.0	100.0
245.29128579999087	78.0	100.0
245.31152259997907	77.0	100.0
245.3303657999786	77.0	100.0
245.35033529999782	77.0	100.0
245.3704616999894	77.0	100.0
245.39015469999867	77.0	100.0
245.41026679999777	77.0	100.0
245.43519170000218	77.0	100.0
245.4494652999856	77.0	100.0
245.46859929998755	77.0	100.0
245.48935879999772	77.0	100.0
245.5101342999842	77.0	100.0
245.52909979998367	77.0	100.0
245.5499157999875	77.0	100.0
245.56952219997765	77.0	100.0
245.59012579999398	77.0	100.0
245.61031139999977	77.0	100.0
245.63019009999698	77.0	100.0
245.6519574999984	77.0	100.0
245.66856579997693	77.0	100.0
245.68928969997796	77.0	100.0
245.71119549998548	77.0	100.0
245.73113129998092	77.0	100.0
245.75069289997919	77.0	100.0
245.77013759998954	77.0	100.0
245.79088279997814	77.0	100.0
245.810985899996	77.0	100.0
245.8312436999986	77.0	100.0
245.8506020999921	77.0	100.0
245.8700996999978	77.0	100.0
245.89032789997873	77.0	100.0
245.91135639999993	77.0	100.0
245.92976969998563	77.0	100.0
245.94968219997827	77.0	100.0
245.9711170999799	77.0	100.0
245.99157669997658	77.0	100.0
246.01128259999678	77.0	100.0
246.03101419997984	77.0	100.0
246.0513594999793	77.0	100.0
246.0706715999986	77.0	100.0
246.09025049998309	77.0	100.0
246.11276839999482	77.0	100.0
246.13082839999697	77.0	100.0
246.15102419999312	77.0	100.0
246.171067999996	77.0	100.0
246.19104129998595	77.0	100.0
246.21085000000312	77.0	100.0
246.2312073999783	77.0	100.0
246.25041999999667	77.0	100.0
246.27103429997806	77.0	100.0
246.2909229999932	77.0	100.0
246.31119330000365	77.0	100.0
246.33134000000427	77.0	100.0
246.3503826999804	77.0	100.0
246.37072310000076	77.0	100.0
246.39103389999946	77.0	100.0
246.41078819998074	77.0	100.0
246.43115540000144	77.0	100.0
246.4503788999864	77.0	100.0
246.4708290999988	77.0	100.0
246.49108489998616	77.0	100.0
246.51091909999377	77.0	100.0
246.53089880000334	77.0	100.0
246.55115139999543	77.0	100.0
246.57009059999837	77.0	100.0
246.59031390000018	77.0	100.0
246.61101339999004	77.0	100.0
246.6313827999984	77.0	100.0
246.64942199998768	77.0	100.0
246.67109190000338	77.0	100.0
246.69145139999455	77.0	100.0
246.71058909999556	77.0	100.0
246.73040209998726	77.0	100.0
246.75023039997905	77.0	100.0
246.77102389998618	77.0	100.0
246.7922993999964	77.0	100.0
246.81128909997642	77.0	100.0
246.83097629999975	77.0	100.0
246.8512090999866	77.0	100.0
246.87096069997642	77.0	100.0
246.8901937000046	77.0	100.0
246.91093919999548	77.0	100.0
246.93201180000324	77.0	100.0
246.95096659997944	77.0	100.0
246.97087239997927	77.0	100.0
246.9909947999986	77.0	100.0
247.0112149999768	77.0	100.0
247.0314170999918	77.0	100.0
247.05140779999783	77.0	100.0
247.07088859999203	77.0	100.0
247.09041609999258	77.0	100.0
247.11156309998478	77.0	100.0
247.13087039999664	77.0	100.0
247.1512513999769	77.0	100.0
247.17170959999203	77.0	100.0
247.19139659998473	77.0	100.0
247.2110300999775	77.0	100.0
247.23024819997954	77.0	100.0
247.25109409997822	77.0	100.0
247.27053809998324	77.0	100.0
247.29183159998502	77.0	100.0
247.31217819999438	78.0	100.0
247.33028799999738	78.0	100.0
247.35155199997826	78.0	100.0
247.37069409998367	78.0	100.0
247.3913760999858	78.0	100.0
247.41133079997962	78.0	100.0
247.43128879999858	78.0	100.0
247.45167670000228	78.0	100.0
247.47392719998606	78.0	100.0
247.49119279999286	78.0	100.0
247.5114018000022	78.0	100.0
247.53137869999046	78.0	100.0
247.55170349997934	78.0	100.0
247.57124459999613	78.0	100.0
247.59231619999628	78.0	100.0
247.6109516999859	78.0	100.0
247.63185639999574	78.0	100.0
247.65152949999901	78.0	100.0
247.6720374999859	78.0	100.0
247.69135639999877	78.0	100.0
247.71211969997967	78.0	100.0
247.73163409999688	78.0	100.0
247.75151289999485	78.0	100.0
247.7709210999892	78.0	100.0
247.79072879999876	78.0	100.0
247.81903759998386	78.0	100.0
247.82951439998578	78.0	100.0
247.84740279999096	78.0	100.0
247.8694572999957	78.0	100.0
247.89206729998114	78.0	100.0
247.91182519998983	78.0	100.0
247.93130779999774	78.0	100.0
247.95363069997984	78.0	100.0
247.97149450000143	78.0	100.0
247.99120439999388	78.0	100.0
248.01098160000402	78.0	100.0
248.03075649999664	78.0	100.0
248.05138399999123	78.0	100.0
248.07118450000416	78.0	100.0
248.09080629999517	78.0	100.0
248.1116897999891	78.0	100.0
248.13061029999517	78.0	100.0
248.15049420000287	78.0	100.0
248.17115329997614	78.0	100.0
248.19113890000153	78.0	100.0
248.21262069998193	78.0	100.0
248.23153279998223	78.0	100.0
248.25163869999233	78.0	100.0
248.2724713999778	78.0	100.0
248.29290699999547	78.0	100.0
248.31378470000345	79.0	100.0
248.3324042999884	79.0	100.0
248.35205319998204	79.0	100.0
248.37517169999774	79.0	100.0
248.39212669999688	79.0	100.0
248.41260909999255	79.0	100.0
248.4319414999918	79.0	100.0
248.4506943000015	79.0	100.0
248.47124509999412	79.0	100.0
248.49120809999295	79.0	100.0
248.51178619998973	79.0	100.0
248.53148769997642	79.0	100.0
248.5518153999874	79.0	100.0
248.5715002999932	79.0	100.0
248.59123629998066	79.0	100.0
248.6124012999935	79.0	100.0
248.6311969999806	79.0	100.0
248.65078269998776	79.0	100.0
248.6728516999865	79.0	100.0
248.69209719999344	79.0	100.0
248.71293239999795	79.0	100.0
248.7328650999989	79.0	100.0
248.75234959999216	79.0	100.0
248.77229939997778	79.0	100.0
248.79186149997986	79.0	100.0
248.81075710000005	79.0	100.0
248.83415479998803	79.0	100.0
248.8526219999767	79.0	100.0
248.87254119999125	79.0	100.0
248.89211079999222	79.0	100.0
248.91314439999405	79.0	100.0
248.93227329998626	79.0	100.0
248.95264019997558	79.0	100.0
248.9728600999806	79.0	100.0
248.99185329998727	79.0	100.0
249.01315189999877	79.0	100.0
249.03318820000277	79.0	100.0
249.05064469997887	79.0	100.0
249.08258429999114	79.0	100.0
249.0897006999876	79.0	100.0
249.10960739999427	79.0	100.0
249.12879649997922	79.0	100.0
249.14895599999	79.0	100.0
249.16956439998467	79.0	100.0
249.1903508999967	79.0	100.0
249.21062739999616	79.0	100.0
249.2310984999931	79.0	100.0
249.250698799995	79.0	100.0
249.27150989999063	79.0	100.0
249.29160229998524	79.0	100.0
249.31500849997974	80.0	100.0
249.33390329999384	80.0	100.0
249.35299569999916	80.0	100.0
249.3724328999815	80.0	100.0
249.39297379998607	80.0	100.0
249.41398599999957	80.0	100.0
249.43317599999136	80.0	100.0
249.45282469998347	80.0	100.0
249.47306329998537	80.0	100.0
249.4930236999935	80.0	100.0
249.51308029997745	80.0	100.0
249.53257229999872	80.0	100.0
249.55288719999953	80.0	100.0
249.57287720000022	80.0	100.0
249.5945750999963	80.0	100.0
249.61289950000355	80.0	100.0
249.63281779998215	80.0	100.0
249.65257320000092	80.0	100.0
249.67286029999377	80.0	100.0
249.69382319998113	80.0	100.0
249.71300049999263	80.0	100.0
249.73302250000415	80.0	100.0
249.75295009999536	80.0	100.0
249.7738167999778	80.0	100.0
249.79363169998396	80.0	100.0
249.81650539999828	80.0	100.0
249.8342104999756	80.0	100.0
249.85398009998607	80.0	100.0
249.87427069997648	80.0	100.0
249.89446129999124	80.0	100.0
249.91408180000144	80.0	100.0
249.93307879997883	80.0	100.0
249.95283850000123	80.0	100.0
249.97277900000336	80.0	100.0
249.99395730000106	80.0	100.0
250.01786539997556	80.0	100.0
250.034625100001	80.0	100.0
250.05389489998925	80.0	100.0
250.07382479999796	80.0	100.0
250.0929098999768	80.0	100.0
250.1139622000046	80.0	100.0
250.133090599993	80.0	100.0
250.15810519998195	80.0	100.0
250.17375469999388	80.0	100.0
250.20510510000167	80.0	100.0
250.21805440000026	80.0	100.0
250.2351115999918	80.0	100.0
250.25305989998742	80.0	100.0
250.28220799998962	80.0	100.0
250.2938887999917	80.0	100.0
250.31373369999346	79.0	100.0
250.3434953999822	79.0	100.0
250.3588867999788	79.0	100.0
250.3747435999976	79.0	100.0
250.4058870000008	79.0	100.0
250.42137299999013	79.0	100.0
250.43653919998906	79.0	100.0
250.452741599991	79.0	100.0
250.47426029999042	79.0	100.0
250.49260579998372	79.0	100.0
250.51574589998927	79.0	100.0
250.5328791999782	79.0	100.0
250.5528440999915	79.0	100.0
250.5735566999938	79.0	100.0
250.59342859999742	79.0	100.0
250.61280189998797	79.0	100.0
250.63375909999013	79.0	100.0
250.65426539999316	79.0	100.0
250.6752526999917	79.0	100.0
250.69220379999024	79.0	100.0
250.7139826999919	79.0	100.0
250.73306359999697	79.0	100.0
250.7539072999789	79.0	100.0
250.77287159999833	79.0	100.0
250.79394529998535	79.0	100.0
250.81289339999785	79.0	100.0
250.83426419997704	79.0	100.0
250.85366110000177	79.0	100.0
250.87402930000098	79.0	100.0
250.89773669998976	79.0	100.0
250.91456760000437	79.0	100.0
250.93407479999587	79.0	100.0
250.9537733999896	79.0	100.0
250.97300639998866	79.0	100.0
250.99304629999097	79.0	100.0
251.01364229997853	79.0	100.0
251.03339519997826	79.0	100.0
251.0532326999819	79.0	100.0
251.0734704999777	79.0	100.0
251.0932185999991	79.0	100.0
251.11673119998886	79.0	100.0
251.13291489999392	79.0	100.0
251.15335939999204	79.0	100.0
251.17326829998638	79.0	100.0
251.19342729999335	79.0	100.0
251.21350389998406	79.0	100.0
251.2328029999917	79.0	100.0
251.25318279999192	79.0	100.0
251.27235409998684	79.0	100.0
251.2937919999822	79.0	100.0
251.3144903999928	79.0	100.0
251.3351405999856	79.0	100.0
251.3529273000022	79.0	100.0
251.373740799987	79.0	100.0
251.39393839999684	79.0	100.0
251.4153115999943	79.0	100.0
251.43413469998632	79.0	100.0
251.45289839999168	79.0	100.0
251.47825309998007	79.0	100.0
251.49363670000457	79.0	100.0
251.51442359999055	79.0	100.0
251.53378470000462	79.0	100.0
251.55381889999262	79.0	100.0
251.57359719998203	79.0	100.0
251.5937031999929	79.0	100.0
251.61300630000187	79.0	100.0
251.63374479999766	79.0	100.0
251.65379449998727	79.0	100.0
251.6740504000045	79.0	100.0
251.6934061999782	79.0	100.0
251.71356000000378	79.0	100.0
251.73396849998971	79.0	100.0
251.7538377000019	79.0	100.0
251.77248240000335	79.0	100.0
251.79440919999615	79.0	100.0
251.81543249997776	79.0	100.0
251.83489099997678	79.0	100.0
251.8543301000027	79.0	100.0
251.87417679998907	79.0	100.0
251.89416379999602	79.0	100.0
251.91527939998196	79.0	100.0
251.93512199999532	79.0	100.0
251.95442569997977	79.0	100.0
251.97494679997908	79.0	100.0
251.9946792999981	79.0	100.0
252.01420340000186	79.0	100.0
252.03434919999563	79.0	100.0
252.05458769999677	79.0	100.0
252.07074269998702	79.0	100.0
252.09485729999142	79.0	100.0
252.11418579999008	79.0	100.0
252.13410259998636	79.0	100.0
252.15446799999336	79.0	100.0
252.17510269998456	79.0	100.0
252.19460499999695	79.0	100.0
252.21495069999946	79.0	100.0
252.23425459998543	79.0	100.0
252.25680909998482	79.0	100.0
252.2750240000023	79.0	100.0
252.2948422000045	79.0	100.0
252.3157839999767	79.0	100.0
252.33496739997645	79.0	100.0
252.354488699988	79.0	100.0
252.37500289999298	79.0	100.0
252.39431499998318	79.0	100.0
252.41646619999665	79.0	100.0
252.43370999998297	79.0	100.0
252.45594679997885	79.0	100.0
252.47465339998598	79.0	100.0
252.4952035000024	79.0	100.0
252.51473249998526	79.0	100.0
252.53469410000253	79.0	100.0
252.5551959000004	79.0	100.0
252.57515180000337	79.0	100.0
252.5949781999807	79.0	100.0
252.6149468999938	79.0	100.0
252.63495169999078	79.0	100.0
252.6544603999937	79.0	100.0
252.6748254999984	79.0	100.0
252.69535969998105	79.0	100.0
252.71525829998427	79.0	100.0
252.73488189998898	79.0	100.0
252.75492469998426	79.0	100.0
252.77517710000393	79.0	100.0
252.7947559999884	79.0	100.0
252.81528019998223	79.0	100.0
252.83544299998903	79.0	100.0
252.85535820000223	79.0	100.0
252.87489139998797	79.0	100.0
252.89546509998036	79.0	100.0
252.91477489998215	79.0	100.0
252.93469989998266	79.0	100.0
252.9541418000008	79.0	100.0
252.97396159998607	79.0	100.0
252.99512369997683	79.0	100.0
253.0150786000013	79.0	100.0
253.03521719999844	79.0	100.0
253.05543789998046	79.0	100.0
253.07596259997808	79.0	100.0
253.0946197999874	79.0	100.0
253.1145927000034	79.0	100.0
253.13462109997636	79.0	100.0
253.15475980000338	79.0	100.0
253.1754404999956	79.0	100.0
253.19521809997968	79.0	100.0
253.21507829998154	79.0	100.0
253.235440199991	79.0	100.0
253.25504379998893	79.0	100.0
253.27552989998367	79.0	100.0
253.29555349997827	79.0	100.0
253.31637990000308	79.0	100.0
253.33709699998144	79.0	100.0
253.355327199999	79.0	100.0
253.37441719998606	79.0	100.0
253.3952657999762	79.0	100.0
253.41574090000358	79.0	100.0
253.43524510000134	79.0	100.0
253.45515069999965	79.0	100.0
253.47570089998771	79.0	100.0
253.49462329997914	79.0	100.0
253.51849409998977	79.0	100.0
253.5351013999898	79.0	100.0
253.55607150000287	79.0	100.0
253.57548820000375	79.0	100.0
253.5960008999973	79.0	100.0
253.61612289998448	79.0	100.0
253.6348999000038	79.0	100.0
253.65561129999696	79.0	100.0
253.67473410000093	79.0	100.0
253.69505419998313	79.0	100.0
253.715474800003	79.0	100.0
253.7361803999811	79.0	100.0
253.75597410000046	79.0	100.0
253.7752485999954	79.0	100.0
253.7955210999935	79.0	100.0
253.81625949998852	79.0	100.0
253.8361607999832	79.0	100.0
253.8562363999954	79.0	100.0
253.87647379998816	79.0	100.0
253.89606800000183	79.0	100.0
253.91659720000462	79.0	100.0
253.93535139999585	79.0	100.0
253.9560094999906	79.0	100.0
253.97611369998776	79.0	100.0
253.99754549999489	79.0	100.0
254.01639119998435	79.0	100.0
254.0348824999819	79.0	100.0
254.0554398999957	79.0	100.0
254.0765393000038	79.0	100.0
254.09660689998418	79.0	100.0
254.11675809998997	79.0	100.0
254.13583509999444	79.0	100.0
254.15644900000188	79.0	100.0
254.17593719999422	79.0	100.0
254.19702829999733	79.0	100.0
254.21474989998387	79.0	100.0
254.23688579999725	79.0	100.0
254.2578119999962	79.0	100.0
254.27488759998232	79.0	100.0
254.29533669998636	79.0	100.0
254.31723459999193	79.0	100.0
254.3350898999779	79.0	100.0
254.3558288999775	79.0	100.0
254.37619099998847	79.0	100.0
254.3965268000029	79.0	100.0
254.4163573999831	79.0	100.0
254.4368055999803	79.0	100.0
254.45774279997568	79.0	100.0
254.47602529998403	79.0	100.0
254.49714459999814	79.0	100.0
254.51688019998255	79.0	100.0
254.53610589998425	79.0	100.0
254.55629929999122	79.0	100.0
254.5773787999933	79.0	100.0
254.59627019998152	79.0	100.0
254.61783469998045	79.0	100.0
254.63682499999413	79.0	100.0
254.65685649999068	79.0	100.0
254.67672279998078	79.0	100.0
254.6967434999824	79.0	100.0
254.71678399998927	79.0	100.0
254.736903299985	79.0	100.0
254.75693649999448	79.0	100.0
254.77774459999637	79.0	100.0
254.79697579998174	79.0	100.0
254.81686069999705	79.0	100.0
254.83680079999613	79.0	100.0
254.85678239999106	79.0	100.0
254.87687519998872	79.0	100.0
254.89661929997965	79.0	100.0
254.9191448999918	79.0	100.0
254.9372441000014	79.0	100.0
254.95691280000028	79.0	100.0
254.97694629998296	79.0	100.0
254.99684929999057	79.0	100.0
255.01720879998174	79.0	100.0
255.03680939998594	79.0	100.0
255.05683139999746	79.0	100.0
255.07721449999372	79.0	100.0
255.09680149998167	79.0	100.0
255.11819710000418	79.0	100.0
255.13569349999307	79.0	100.0
255.1595593999955	79.0	100.0
255.17564770000172	79.0	100.0
255.19485139998142	79.0	100.0
255.21933130000252	79.0	100.0
255.23860899999272	79.0	100.0
255.25782450000406	79.0	100.0
255.2768761999905	79.0	100.0
255.29780169998412	79.0	100.0
255.31898819998605	78.0	100.0
255.33836709999014	78.0	100.0
255.35674069999368	78.0	100.0
255.3765432999935	78.0	100.0
255.39873279997846	78.0	100.0
255.41847159998724	78.0	100.0
255.43743649998214	78.0	100.0
255.4582162000006	78.0	100.0
255.47676699998556	78.0	100.0
255.4978776999924	78.0	100.0
255.51693009998417	78.0	100.0
255.53842619998613	78.0	100.0
255.5586689999909	78.0	100.0
255.57809589998215	78.0	100.0
255.5982587999897	78.0	100.0
255.61825119997957	78.0	100.0
255.63789809998707	78.0	100.0
255.65787699999055	78.0	100.0
255.67800600000191	78.0	100.0
255.6972787999839	78.0	100.0
255.71774969997932	78.0	100.0
255.7388912999886	78.0	100.0
255.75830739998491	78.0	100.0
255.7776681999967	78.0	100.0
255.7976524999831	78.0	100.0
255.81840329998522	78.0	100.0
255.83781359999557	78.0	100.0
255.85757469999953	78.0	100.0
255.87777289998485	78.0	100.0
255.89766269997926	78.0	100.0
255.91790800000308	78.0	100.0
255.93793319998076	78.0	100.0
255.95833880000282	78.0	100.0
255.9783986999828	78.0	100.0
255.998411699984	78.0	100.0
256.01919140000246	78.0	100.0
256.0387077999767	78.0	100.0
256.0585174000007	78.0	100.0
256.07870549999643	78.0	100.0
256.09790289998637	78.0	100.0
256.1186435999989	78.0	100.0
256.13880190000054	78.0	100.0
256.15881409999565	78.0	100.0
256.1789138999884	78.0	100.0
256.1984349999984	78.0	100.0
256.21804869998596	78.0	100.0
256.2375573999889	78.0	100.0
256.2591536999971	78.0	100.0
256.27786289999494	78.0	100.0
256.2990125999786	78.0	100.0
256.31865449997713	78.0	100.0
256.338657299988	78.0	100.0
256.3590672999853	78.0	100.0
256.3780035999953	78.0	100.0
256.39881669997703	78.0	100.0
256.4189761999878	78.0	100.0
256.43894459999865	78.0	100.0
256.45901140000205	78.0	100.0
256.48027559998445	78.0	100.0
256.498940999998	78.0	100.0
256.51876559999073	78.0	100.0
256.53870399997686	78.0	100.0
256.5587463999982	78.0	100.0
256.57852409998304	78.0	100.0
256.5985950999893	78.0	100.0
256.61885689999326	78.0	100.0
256.63877130000037	78.0	100.0
256.6599120000028	78.0	100.0
256.6787880999909	78.0	100.0
256.6990683999902	78.0	100.0
256.7195034000033	78.0	100.0
256.73874579998665	78.0	100.0
256.75888379997923	78.0	100.0
256.7793824999826	78.0	100.0
256.79922409998835	78.0	100.0
256.8192801999976	78.0	100.0
256.8392132000008	78.0	100.0
256.85883799998555	78.0	100.0
256.87942230000044	78.0	100.0
256.89917190000415	78.0	100.0
256.9191075999988	78.0	100.0
256.93788359998143	78.0	100.0
256.95774799998617	78.0	100.0
256.97801609997987	78.0	100.0
256.9953586999909	78.0	100.0
257.01399330000277	78.0	100.0
257.03431269997964	78.0	100.0
257.0546344000031	78.0	100.0
257.07861329999287	78.0	100.0
257.0969423999777	78.0	100.0
257.1185972999956	78.0	100.0
257.13876699999673	78.0	100.0
257.15951090000453	78.0	100.0
257.1861253999814	78.0	100.0
257.19920409997576	78.0	100.0
257.2188591999875	78.0	100.0
257.23931969999103	78.0	100.0
257.2603789999848	78.0	100.0
257.27928379998775	78.0	100.0
257.3005657999893	78.0	100.0
257.3202834999829	78.0	100.0
257.3384828999988	78.0	100.0
257.35858109997935	78.0	100.0
257.37928589998046	78.0	100.0
257.3993414999859	78.0	100.0
257.4200058999995	78.0	100.0
257.4397886999941	78.0	100.0
257.45910659999936	78.0	100.0
257.47953799998504	78.0	100.0
257.49992249999195	78.0	100.0
257.5202594999864	78.0	100.0
257.53882739998517	78.0	100.0
257.55923449998954	78.0	100.0
257.58161379999365	78.0	100.0
257.60021829998004	78.0	100.0
257.6215350999846	78.0	100.0
257.6396482999844	78.0	100.0
257.6588631999912	78.0	100.0
257.6790290999925	78.0	100.0
257.7005840999773	78.0	100.0
257.7197610999865	78.0	100.0
257.73902029998135	78.0	100.0
257.7587881999789	78.0	100.0
257.779243099998	78.0	100.0
257.79896200000076	78.0	100.0
257.8208795999817	78.0	100.0
257.839106600004	78.0	100.0
257.85914049998973	78.0	100.0
257.8789812999894	78.0	100.0
257.89911759999814	78.0	100.0
257.9201790999796	78.0	100.0
257.9388532000012	78.0	100.0
257.95880669998587	78.0	100.0
257.97881249999045	78.0	100.0
257.9990229999821	78.0	100.0
258.0205508999934	78.0	100.0
258.04028169999947	78.0	100.0
258.0608379999758	78.0	100.0
258.08036209997954	78.0	100.0
258.10001619998366	78.0	100.0
258.1207733999763	78.0	100.0
258.13946269999724	78.0	100.0
258.16070229999605	78.0	100.0
258.1802372999955	78.0	100.0
258.20163669998874	78.0	100.0
258.2194743999862	78.0	100.0
258.2408534999995	78.0	100.0
258.2596588000015	78.0	100.0
258.28088199999183	78.0	100.0
258.30137569998624	78.0	100.0
258.3206598999968	77.0	100.0
258.34047539997846	77.0	100.0
258.3595234999957	77.0	100.0
258.3806794999982	77.0	100.0
258.40089170000283	77.0	100.0
258.4207693999924	77.0	100.0
258.4404183999868	77.0	100.0
258.46052059999784	77.0	100.0
258.47983629998635	77.0	100.0
258.5014368999982	77.0	100.0
258.521545399999	77.0	100.0
258.5397624000034	77.0	100.0
258.5600929999782	77.0	100.0
258.58042799998657	77.0	100.0
258.59997379998094	77.0	100.0
258.6204901000019	77.0	100.0
258.6400652999873	77.0	100.0
258.66132679997827	77.0	100.0
258.6806845999963	77.0	100.0
258.70108119997894	77.0	100.0
258.7209274999914	77.0	100.0
258.7405207999982	77.0	100.0
258.7604902999883	77.0	100.0
258.7791553999996	77.0	100.0
258.8006569999852	77.0	100.0
258.82109399998444	77.0	100.0
258.8404868999787	77.0	100.0
258.8603531999979	77.0	100.0
258.8807322999928	77.0	100.0
258.90041949998704	77.0	100.0
258.92073359998176	77.0	100.0
258.9406964999798	77.0	100.0
258.96050089999335	77.0	100.0
258.98061639998923	77.0	100.0
259.0012413999939	77.0	100.0
259.02089719998185	77.0	100.0
259.04197299998486	77.0	100.0
259.0617139999813	77.0	100.0
259.08114289998775	77.0	100.0
259.1007386999845	77.0	100.0
259.1220575000043	77.0	100.0
259.1408135999809	77.0	100.0
259.1607277999865	77.0	100.0
259.18187149998266	77.0	100.0
259.2018146000046	77.0	100.0
259.2224173999857	77.0	100.0
259.2419546000019	77.0	100.0
259.26235069998074	77.0	100.0
259.2816632000031	77.0	100.0
259.30241259999457	77.0	100.0
259.32277749999776	77.0	100.0
259.3420741999871	77.0	100.0
259.362498100003	77.0	100.0
259.38181729998905	77.0	100.0
259.4018608999904	77.0	100.0
259.4219892999972	77.0	100.0
259.44243019999703	77.0	100.0
259.4620585999801	77.0	100.0
259.4828430999769	77.0	100.0
259.5007798000006	77.0	100.0
259.52298429998336	77.0	100.0
259.54234250000445	77.0	100.0
259.56247419997817	77.0	100.0
259.5822402999911	77.0	100.0
259.60287309999694	77.0	100.0
259.6239464999817	77.0	100.0
259.64239949997864	77.0	100.0
259.66209759999765	77.0	100.0
259.6824848999968	77.0	100.0
259.7026059999771	77.0	100.0
259.7230854999798	77.0	100.0
259.7426572999975	77.0	100.0
259.76207249998697	77.0	100.0
259.7813301999995	77.0	100.0
259.80367029999616	77.0	100.0
259.8228492999915	77.0	100.0
259.84237399999984	77.0	100.0
259.86243409998133	77.0	100.0
259.8832377999788	77.0	100.0
259.9026246999856	77.0	100.0
259.9224474999937	77.0	100.0
259.9420348999847	77.0	100.0
259.96270519998507	77.0	100.0
259.9826114999887	77.0	100.0
260.00273539999034	77.0	100.0
260.0230426999915	77.0	100.0
260.0423738999816	77.0	100.0
260.0622966999945	77.0	100.0
260.0823377999768	77.0	100.0
260.1025262999756	77.0	100.0
260.1243182999897	77.0	100.0
260.14308149999124	77.0	100.0
260.162940899987	77.0	100.0
260.1827546999848	77.0	100.0
260.2028900999867	77.0	100.0
260.22268149998854	77.0	100.0
260.2440521999961	77.0	100.0
260.2623504999792	77.0	100.0
260.2828398999991	77.0	100.0
260.3030921999889	77.0	100.0
260.32235790000414	76.0	100.0
260.3427347999823	76.0	100.0
260.36302469999646	76.0	100.0
260.3831725999771	76.0	100.0
260.4021121999831	76.0	100.0
260.42313640000066	76.0	100.0
260.44314729998587	76.0	100.0
260.46276189998025	76.0	100.0
260.48287710000295	76.0	100.0
260.5030430999759	76.0	100.0
260.5229422999837	76.0	100.0
260.5425162999891	76.0	100.0
260.56269229998	76.0	100.0
260.58283209998626	76.0	100.0
260.6017163999786	76.0	100.0
260.6235403000028	76.0	100.0
260.64327189998585	76.0	100.0
260.66332939997665	76.0	100.0
260.683189399977	76.0	100.0
260.70267369999783	76.0	100.0
260.7229384999955	76.0	100.0
260.7422484999988	76.0	100.0
260.7625355999917	76.0	100.0
260.78203740000026	76.0	100.0
260.8026492999925	76.0	100.0
260.8228562999866	76.0	100.0
260.8423538999923	76.0	100.0
260.86216059999424	76.0	100.0
260.882595699979	76.0	100.0
260.90239360000123	76.0	100.0
260.92274259999976	76.0	100.0
260.94232069997815	76.0	100.0
260.96245140000246	76.0	100.0
260.9824805999815	76.0	100.0
261.0024027999898	76.0	100.0
261.02235980000114	76.0	100.0
261.042655999976	76.0	100.0
261.06343589999597	76.0	100.0
261.0822879000043	76.0	100.0
261.1024063999939	76.0	100.0
261.1227383999794	76.0	100.0
261.1426059999794	76.0	100.0
261.1655548999843	76.0	100.0
261.18284199998016	76.0	100.0
261.2032305999892	76.0	100.0
261.22426799999084	76.0	100.0
261.243604999996	76.0	100.0
261.2679113999766	76.0	100.0
261.2829352999979	76.0	100.0
261.3047322999919	76.0	100.0
261.324415399984	74.0	100.0
261.34279309998965	74.0	100.0
261.3634470999823	74.0	100.0
261.383531999978	74.0	100.0
261.40374799998244	74.0	100.0
261.4230762999796	74.0	100.0
261.44375399997807	74.0	100.0
261.4642049999966	74.0	100.0
261.48293999998714	74.0	100.0
261.5026819999912	74.0	100.0
261.5236540999904	74.0	100.0
261.5428338999918	74.0	100.0
261.56282819999615	74.0	100.0
261.58295169999474	74.0	100.0
261.6034522999835	74.0	100.0
261.6234641999763	74.0	100.0
261.64413239998976	74.0	100.0
261.662894899986	74.0	100.0
261.68303970000125	74.0	100.0
261.7028983999917	74.0	100.0
261.7241234999965	74.0	100.0
261.7446515999909	74.0	100.0
261.7628024999867	74.0	100.0
261.782936100004	74.0	100.0
261.8041420999798	74.0	100.0
261.8248699999822	74.0	100.0
261.84579969997867	74.0	100.0
261.8636133999971	74.0	100.0
261.8844068000035	74.0	100.0
261.90413919999264	74.0	100.0
261.9247775999829	74.0	100.0
261.943518199987	74.0	100.0
261.96171689999755	74.0	100.0
261.98196509998525	74.0	100.0
262.0021869999764	74.0	100.0
262.0229950999783	74.0	100.0
262.04402519998257	74.0	100.0
262.0648266999924	74.0	100.0
262.08719839999685	74.0	100.0
262.1048077000014	74.0	100.0
262.1247200999933	74.0	100.0
262.1444167000009	74.0	100.0
262.16419229999883	74.0	100.0
262.18276699999114	74.0	100.0
262.20410849998007	74.0	100.0
262.2247518999793	74.0	100.0
262.2477257999999	74.0	100.0
262.2647910999949	74.0	100.0
262.28497109998716	74.0	100.0
262.3063698000042	74.0	100.0
262.3262302999792	73.0	100.0
262.34463209999376	73.0	100.0
262.36483449998195	73.0	100.0
262.3845078999875	73.0	100.0
262.40486779998173	73.0	100.0
262.4248497999797	73.0	100.0
262.4442746999848	73.0	100.0
262.46454970000195	73.0	100.0
262.48621049997746	73.0	100.0
262.5044732999813	73.0	100.0
262.52474500000244	73.0	100.0
262.5443839999789	73.0	100.0
262.5649718999921	73.0	100.0
262.58434519998264	73.0	100.0
262.6048779999837	73.0	100.0
262.6245808999811	73.0	100.0
262.64515209998353	73.0	100.0
262.6662901999953	73.0	100.0
262.68489609999233	73.0	100.0
262.70497989997966	73.0	100.0
262.7261847000045	73.0	100.0
262.7448143999791	73.0	100.0
262.7648088999849	73.0	100.0
262.78445499998634	73.0	100.0
262.80470419998164	73.0	100.0
262.8254205999838	73.0	100.0
262.84496739998576	73.0	100.0
262.8644462999946	73.0	100.0
262.885033700004	73.0	100.0
262.90641649998724	73.0	100.0
262.9252613999997	73.0	100.0
262.9447627000045	73.0	100.0
262.96499939999194	73.0	100.0
262.9849011999904	73.0	100.0
263.0051758000045	73.0	100.0
263.0255288000044	73.0	100.0
263.0448560999939	73.0	100.0
263.06483509999816	73.0	100.0
263.0852161999792	73.0	100.0
263.10509860000457	73.0	100.0
263.12567979999585	73.0	100.0
263.1450938999769	73.0	100.0
263.1656409999996	73.0	100.0
263.1853452999785	73.0	100.0
263.20667250000406	73.0	100.0
263.22673979998217	73.0	100.0
263.2445418999996	73.0	100.0
263.2652727999957	73.0	100.0
263.28464249998797	73.0	100.0
263.30636749998666	73.0	100.0
263.3263852999953	73.0	100.0
263.3454419999907	73.0	100.0
263.36602049999055	73.0	100.0
263.3861758999992	73.0	100.0
263.4056483999884	73.0	100.0
263.42643469999894	73.0	100.0
263.4469451000041	73.0	100.0
263.4656110999931	73.0	100.0
263.48595099998056	73.0	100.0
263.5071294999798	73.0	100.0
263.5262392000004	73.0	100.0
263.5455611999787	73.0	100.0
263.5657583999855	73.0	100.0
263.58576819999143	73.0	100.0
263.60569779999787	73.0	100.0
263.62659229998826	73.0	100.0
263.6463778000034	73.0	100.0
263.66583650000393	73.0	100.0
263.68613349998486	73.0	100.0
263.70565729998634	73.0	100.0
263.72710799999186	73.0	100.0
263.74610449999454	73.0	100.0
263.7645401999762	73.0	100.0
263.7910847000021	73.0	100.0
263.80701309998403	73.0	100.0
263.8279973999888	73.0	100.0
263.8466516000044	73.0	100.0
263.8667374999786	73.0	100.0
263.8861140999943	73.0	100.0
263.90578800000367	73.0	100.0
263.92629989999114	73.0	100.0
263.9459939999797	73.0	100.0
263.96624459998566	73.0	100.0
263.98594269997557	73.0	100.0
264.00610109997797	73.0	100.0
264.02620939997723	73.0	100.0
264.0459551999811	73.0	100.0
264.0660106999858	73.0	100.0
264.08625739999115	73.0	100.0
264.1068855999911	73.0	100.0
264.1281830999942	73.0	100.0
264.14680769998813	73.0	100.0
264.1670183999813	73.0	100.0
264.18659460000345	73.0	100.0
264.20694209999056	73.0	100.0
264.2272161000001	73.0	100.0
264.2471946000005	73.0	100.0
264.26750220000395	73.0	100.0
264.2884899999772	73.0	100.0
264.30975139999646	73.0	100.0
264.3268282999925	73.0	100.0
264.34702819999075	73.0	100.0
264.36757619999116	73.0	100.0
264.38611890000175	73.0	100.0
264.40678279998247	73.0	100.0
264.42757800000254	73.0	100.0
264.44730089997756	73.0	100.0
264.4674358999764	73.0	100.0
264.48799029999645	73.0	100.0
264.5070191999839	73.0	100.0
264.5277441999933	73.0	100.0
264.54645679998794	73.0	100.0
264.5674586999812	73.0	100.0
264.5875027999864	73.0	100.0
264.6074482999975	73.0	100.0
264.62749009998515	73.0	100.0
264.64725529999123	73.0	100.0
264.66726930000004	73.0	100.0
264.6876609000028	73.0	100.0
264.7066055999894	73.0	100.0
264.7271249000041	73.0	100.0
264.74670339998556	73.0	100.0
264.76716580000357	73.0	100.0
264.787734499987	73.0	100.0
264.80740969997714	73.0	100.0
264.8281652999867	73.0	100.0
264.8484285000013	73.0	100.0
264.8673959999869	73.0	100.0
264.8885818999843	73.0	100.0
264.9073220999853	73.0	100.0
264.9267472999927	73.0	100.0
264.9474435999873	73.0	100.0
264.96725649997825	73.0	100.0
264.98722079998697	73.0	100.0
265.00683209998533	73.0	100.0
265.02682119997917	73.0	100.0
265.0472738999815	73.0	100.0
265.0669427999819	73.0	100.0
265.0873348999885	73.0	100.0
265.1068058999954	73.0	100.0
265.12705209999694	73.0	100.0
265.1474667000002	73.0	100.0
265.16785189998336	73.0	100.0
265.1869323999854	73.0	100.0
265.206866499997	73.0	100.0
265.2269446999999	73.0	100.0
265.2495194999792	73.0	100.0
265.2681859000004	73.0	100.0
265.2866342999914	73.0	100.0
265.3084966999886	73.0	100.0
265.32789249997586	74.0	100.0
265.3470471999899	74.0	100.0
265.3689424999757	74.0	100.0
265.38854109999374	74.0	100.0
265.4086427000002	74.0	100.0
265.4288021999819	74.0	100.0
265.4489032999845	74.0	100.0
265.46857879997697	74.0	100.0
265.4910423999827	74.0	100.0
265.50833499999135	74.0	100.0
265.52884449998965	74.0	100.0
265.5487801999843	74.0	100.0
265.56912479997845	74.0	100.0
265.58782809998957	74.0	100.0
265.60827169998083	74.0	100.0
265.62766159998137	74.0	100.0
265.6488205999776	74.0	100.0
265.67099569999846	74.0	100.0
265.6889245999919	74.0	100.0
265.70864789999905	74.0	100.0
265.7279375999933	74.0	100.0
265.7485917999875	74.0	100.0
265.76859890000196	74.0	100.0
265.788584599999	74.0	100.0
265.8087484999851	74.0	100.0
265.8292242999887	74.0	100.0
265.84897069999715	74.0	100.0
265.8691297999758	74.0	100.0
265.8891551999841	74.0	100.0
265.90835309997783	74.0	100.0
265.9287860999757	74.0	100.0
265.95020769999246	74.0	100.0
265.9713462999789	74.0	100.0
265.98604829999385	74.0	100.0
266.00622199999634	74.0	100.0
266.02555969997775	74.0	100.0
266.0426771999919	74.0	100.0
266.0635221999837	74.0	100.0
266.0856741000025	74.0	100.0
266.10544739998295	74.0	100.0
266.12446169997565	74.0	100.0
266.1502679999976	74.0	100.0
266.167598	74.0	100.0
266.18744479998713	74.0	100.0
266.2096133999876	74.0	100.0
266.2284402999794	74.0	100.0
266.24920069999644	74.0	100.0
266.268557399977	74.0	100.0
266.2885582000017	74.0	100.0
266.31001069999184	74.0	100.0
266.3308822999825	74.0	100.0
266.34991819999414	74.0	100.0
266.3700145999901	74.0	100.0
266.3899400999944	74.0	100.0
266.4101533999783	74.0	100.0
266.4293376999849	74.0	100.0
266.4486331999942	74.0	100.0
266.4685199999949	74.0	100.0
266.49047069999506	74.0	100.0
266.5091202999756	74.0	100.0
266.52968399997917	74.0	100.0
266.54946079998626	74.0	100.0
266.56970689998707	74.0	100.0
266.58922239998356	74.0	100.0
266.60960309999064	74.0	100.0
266.6298303999938	74.0	100.0
266.64940989998286	74.0	100.0
266.66993159998674	74.0	100.0
266.6909037999867	74.0	100.0
266.7111682999821	74.0	100.0
266.7302940999798	74.0	100.0
266.7497303999844	74.0	100.0
266.7708075999981	74.0	100.0
266.79047809998156	74.0	100.0
266.81063059999724	74.0	100.0
266.83074399997713	74.0	100.0
266.8505273999763	74.0	100.0
266.8702134999912	74.0	100.0
266.8909493999963	74.0	100.0
266.9106793999963	74.0	100.0
266.93086199997924	74.0	100.0
266.95046829999774	74.0	100.0
266.9694673999911	74.0	100.0
266.9898588999931	74.0	100.0
267.0104416999966	74.0	100.0
267.0301056999888	74.0	100.0
267.050020900002	74.0	100.0
267.06976049998775	74.0	100.0
267.08993729998474	74.0	100.0
267.1099687999813	74.0	100.0
267.1300741999876	74.0	100.0
267.14970409998205	74.0	100.0
267.1702746999799	74.0	100.0
267.1903037999873	74.0	100.0
267.210316599987	74.0	100.0
267.2307488999795	74.0	100.0
267.2512058999855	74.0	100.0
267.2707986999885	74.0	100.0
267.2903711999825	74.0	100.0
267.31157469999744	74.0	100.0
267.3328766999766	76.0	100.0
267.35303999998723	76.0	100.0
267.3709886999859	76.0	100.0
267.3875455999805	76.0	100.0
267.40901750000194	76.0	100.0
267.42762889998266	76.0	100.0
267.4453960999963	76.0	100.0
267.46536209998885	76.0	100.0
267.4879707999935	76.0	100.0
267.50788819999434	76.0	100.0
267.52885299999616	76.0	100.0
267.54837989999214	76.0	100.0
267.5686083000037	76.0	100.0
267.5896695999836	76.0	100.0
267.6098730999802	76.0	100.0
267.63109469998744	76.0	100.0
267.65082379998057	76.0	100.0
267.67105159998755	76.0	100.0
267.69078829998034	76.0	100.0
267.7122150999785	76.0	100.0
267.7313099000021	76.0	100.0
267.75059749998036	76.0	100.0
267.7708156000008	76.0	100.0
267.7908797999844	76.0	100.0
267.8107659999805	76.0	100.0
267.83142099998076	76.0	100.0
267.8512962999812	76.0	100.0
267.87091249998775	76.0	100.0
267.8914934999775	76.0	100.0
267.91081149998354	76.0	100.0
267.93206639998243	76.0	100.0
267.95113109998056	76.0	100.0
267.9711434999772	76.0	100.0
267.9911589999974	76.0	100.0
268.011064899998	76.0	100.0
268.03083999999217	76.0	100.0
268.0508890999772	76.0	100.0
268.07051059999503	76.0	100.0
268.0907940999896	76.0	100.0
268.1100157999899	76.0	100.0
268.132117000001	76.0	100.0
268.1508448999957	76.0	100.0
268.1706169999961	76.0	100.0
268.1906083999784	76.0	100.0
268.21107140000095	76.0	100.0
268.2313848999911	76.0	100.0
268.2540783000004	76.0	100.0
268.27074739997624	76.0	100.0
268.2905250999902	76.0	100.0
268.3127428999869	76.0	100.0
268.3335600999999	78.0	100.0
268.35079189998214	78.0	100.0
268.37128510000184	78.0	100.0
268.3912241999933	78.0	100.0
268.4118140999926	78.0	100.0
268.4325090999773	78.0	100.0
268.4526064999809	78.0	100.0
268.4722944999812	78.0	100.0
268.49447449998115	78.0	100.0
268.51178929998423	78.0	100.0
268.53257879999	78.0	100.0
268.5529142000014	78.0	100.0
268.57250139999087	78.0	100.0
268.59211060000234	78.0	100.0
268.612429300003	78.0	100.0
268.63214309999603	78.0	100.0
268.66008729999885	78.0	100.0
268.67171890000463	78.0	100.0
268.6925302000018	78.0	100.0
268.7125844999973	78.0	100.0
268.732677699998	78.0	100.0
268.7525456000003	78.0	100.0
268.7727412999957	78.0	100.0
268.7921767999942	78.0	100.0
268.81257049998385	78.0	100.0
268.832468299981	78.0	100.0
268.85294909999357	78.0	100.0
268.87243149999995	78.0	100.0
268.892317299993	78.0	100.0
268.9125107	78.0	100.0
268.93279979997897	78.0	100.0
268.95156909999787	78.0	100.0
268.97200329997577	78.0	100.0
268.9920174999861	78.0	100.0
269.01226369998767	78.0	100.0
269.0322748000035	78.0	100.0
269.0528817999875	78.0	100.0
269.0723489999946	78.0	100.0
269.0927610999788	78.0	100.0
269.1117052999907	78.0	100.0
269.1325578999822	78.0	100.0
269.1527623999864	78.0	100.0
269.1695143999823	78.0	100.0
269.19225759999244	78.0	100.0
269.2101948999916	78.0	100.0
269.23335779999616	78.0	100.0
269.2522365000041	78.0	100.0
269.27212609999697	78.0	100.0
269.29054719998385	78.0	100.0
269.313327699987	78.0	100.0
269.3334606999997	79.0	100.0
269.3528147999896	79.0	100.0
269.37262129999	79.0	100.0
269.392769899976	79.0	100.0
269.41295349999564	79.0	100.0
269.433976899978	79.0	100.0
269.4547011999821	79.0	100.0
269.4756920999789	79.0	100.0
269.4929790000024	79.0	100.0
269.5126556000032	79.0	100.0
269.533210900001	79.0	100.0
269.55214509999496	79.0	100.0
269.5732314999914	79.0	100.0
269.59278399997856	79.0	100.0
269.61271399998805	79.0	100.0
269.6332947999763	79.0	100.0
269.65303909999784	79.0	100.0
269.67196849998436	79.0	100.0
269.6929600999865	79.0	100.0
269.7136445999786	79.0	100.0
269.73295139998663	79.0	100.0
269.7526702999894	79.0	100.0
269.77322319999803	79.0	100.0
269.7927420999913	79.0	100.0
269.8129966999986	79.0	100.0
269.83334109999123	79.0	100.0
269.8531256999995	79.0	100.0
269.8729226999858	79.0	100.0
269.89287969999714	79.0	100.0
269.9128242000006	79.0	100.0
269.93334829999367	79.0	100.0
269.9532023999782	79.0	100.0
269.9739655999874	79.0	100.0
269.9941309999849	79.0	100.0
270.01413669998874	79.0	100.0
270.0341947999841	79.0	100.0
270.0539937999856	79.0	100.0
270.07444219998433	79.0	100.0
270.09366339998087	79.0	100.0
270.11320319998777	79.0	100.0
270.13369099999545	79.0	100.0
270.1532432999811	79.0	100.0
270.17383449999033	79.0	100.0
270.192613399995	79.0	100.0
270.2161094999756	79.0	100.0
270.2336515999923	79.0	100.0
270.25313609998557	79.0	100.0
270.27405369997723	79.0	100.0
270.2944969999953	79.0	100.0
270.3193789999932	79.0	100.0
270.33495859999675	81.0	100.0
270.35478379999404	81.0	100.0
270.37465909999446	81.0	100.0
270.39199589999043	81.0	100.0
270.4131251999934	81.0	100.0
270.434096699988	81.0	100.0
270.45469329998014	81.0	100.0
270.4748008000024	81.0	100.0
270.49481139998534	81.0	100.0
270.51465080000344	81.0	100.0
270.5346563999774	81.0	100.0
270.55434349999996	81.0	100.0
270.57477559999097	81.0	100.0
270.59483339998405	81.0	100.0
270.6156560999807	81.0	100.0
270.63512439999613	81.0	100.0
270.6559922999877	81.0	100.0
270.67507659998955	81.0	100.0
270.6930664999818	81.0	100.0
270.71438749998924	81.0	100.0
270.7351935999759	81.0	100.0
270.75227479997557	81.0	100.0
270.7721891999827	81.0	100.0
270.79920959999436	81.0	100.0
270.8145777999889	81.0	100.0
270.8346407999925	81.0	100.0
270.85397080000257	81.0	100.0
270.8751270999783	81.0	100.0
270.8943591999996	81.0	100.0
270.91485979998833	81.0	100.0
270.9349358000036	81.0	100.0
270.9549416999798	81.0	100.0
270.97402689998853	81.0	100.0
270.995946799987	81.0	100.0
271.0146456999937	81.0	100.0
271.0348491999903	81.0	100.0
271.05476629998884	81.0	100.0
271.0746303999913	81.0	100.0
271.09147019998636	81.0	100.0
271.1137921999907	81.0	100.0
271.1354659999779	81.0	100.0
271.1585903999803	81.0	100.0
271.17479279998224	81.0	100.0
271.19510489999084	81.0	100.0
271.21484959998634	81.0	100.0
271.2349443999992	81.0	100.0
271.2553439999756	81.0	100.0
271.2761913999857	81.0	100.0
271.29637629998615	81.0	100.0
271.3159847999923	81.0	100.0
271.3360567999771	81.0	100.0
271.3549999999814	81.0	100.0
271.3758200999873	81.0	100.0
271.3946665999829	81.0	100.0
271.4154895999818	81.0	100.0
271.4351634999912	81.0	100.0
271.454723599978	81.0	100.0
271.4749966999807	81.0	100.0
271.4979725999874	81.0	100.0
271.5152645999915	81.0	100.0
271.5391767999972	81.0	100.0
271.55597689998103	81.0	100.0
271.5755099999951	81.0	100.0
271.5951100999955	81.0	100.0
271.61591520000366	81.0	100.0
271.63572900000145	81.0	100.0
271.65593660000013	81.0	100.0
271.676871499978	81.0	100.0
271.6954793999903	81.0	100.0
271.715523699997	81.0	100.0
271.7350949999818	81.0	100.0
271.7549260999949	81.0	100.0
271.77598449998186	81.0	100.0
271.79628369997954	81.0	100.0
271.8157202999864	81.0	100.0
271.83612829999765	81.0	100.0
271.85550479998346	81.0	100.0
271.8750402999867	81.0	100.0
271.8954146000033	81.0	100.0
271.91749599998	81.0	100.0
271.93677719999687	81.0	100.0
271.95643709998694	81.0	100.0
271.9761472999817	81.0	100.0
271.99645039997995	81.0	100.0
272.01722229999723	81.0	100.0
272.0373813000042	81.0	100.0
272.05617169998004	81.0	100.0
272.0767272999801	81.0	100.0
272.0965823000006	81.0	100.0
272.11653410000145	81.0	100.0
272.13690489999135	81.0	100.0
272.1568045000022	81.0	100.0
272.1766841999779	81.0	100.0
272.19636949998676	81.0	100.0
272.2178217000037	81.0	100.0
272.2376871999877	81.0	100.0
272.2548513999791	81.0	100.0
272.27694179999526	81.0	100.0
272.2950331000029	81.0	100.0
272.3173554999812	81.0	100.0
272.33845109998947	82.0	100.0
272.3566528999945	82.0	100.0
272.3759248999995	82.0	100.0
272.39671919998364	82.0	100.0
272.4167278999812	82.0	100.0
272.4370851999847	82.0	100.0
272.4567248999956	82.0	100.0
272.47695949999616	82.0	100.0
272.496336399985	82.0	100.0
272.5162733999896	82.0	100.0
272.5372653999948	82.0	100.0
272.5565228999767	82.0	100.0
272.5765582000022	82.0	100.0
272.59661549999146	82.0	100.0
272.6169147999899	82.0	100.0
272.63643630000297	82.0	100.0
272.6565045999887	82.0	100.0
272.67674619998434	82.0	100.0
272.6971789999807	82.0	100.0
272.7168183999893	82.0	100.0
272.7372725000023	82.0	100.0
272.7562663999852	82.0	100.0
272.7773219999799	82.0	100.0
272.7964923999971	82.0	100.0
272.817590199993	82.0	100.0
272.8391614999855	82.0	100.0
272.8571708999807	82.0	100.0
272.8768801999977	82.0	100.0
272.8963603999873	82.0	100.0
272.91706929999054	82.0	100.0
272.93756789999316	82.0	100.0
272.9561719999765	82.0	100.0
272.9772310999979	82.0	100.0
272.9974002999952	82.0	100.0
273.0171439999831	82.0	100.0
273.03740109998034	82.0	100.0
273.05820709999534	82.0	100.0
273.0767518999928	82.0	100.0
273.09781879998627	82.0	100.0
273.1162997999927	82.0	100.0
273.13793460000306	82.0	100.0
273.15745939998305	82.0	100.0
273.1777712999901	82.0	100.0
273.19729779998306	82.0	100.0
273.2175279999792	82.0	100.0
273.2377316999773	82.0	100.0
273.2574898999883	82.0	100.0
273.2775012999773	82.0	100.0
273.2975918999873	82.0	100.0
273.3187279999838	82.0	100.0
273.3390773999854	81.0	100.0
273.35851739998907	81.0	100.0
273.3785230999929	81.0	100.0
273.3984949000005	81.0	100.0
273.418967399979	81.0	100.0
273.43870219998644	81.0	100.0
273.4594775000005	81.0	100.0
273.4785279999778	81.0	100.0
273.4988547999819	81.0	100.0
273.5178645999986	81.0	100.0
273.53869570000097	81.0	100.0
273.55881039999076	81.0	100.0
273.5800312999927	81.0	100.0
273.598499899992	81.0	100.0
273.6182086999761	81.0	100.0
273.63884219998727	81.0	100.0
273.6585197999957	81.0	100.0
273.6790753999958	81.0	100.0
273.69870839998475	81.0	100.0
273.71880159998545	81.0	100.0
273.7381353999954	81.0	100.0
273.7607971999969	81.0	100.0
273.77895749997697	81.0	100.0
273.7987801999843	81.0	100.0
273.81872919999296	81.0	100.0
273.8386745000025	81.0	100.0
273.85888200000045	81.0	100.0
273.8789348999853	81.0	100.0
273.8992069999804	81.0	100.0
273.91846149999765	81.0	100.0
273.93865269998787	81.0	100.0
273.9604689999833	81.0	100.0
273.97893539999495	81.0	100.0
273.9990375999769	81.0	100.0
274.01898809999693	81.0	100.0
274.0395033999812	81.0	100.0
274.0589253999933	81.0	100.0
274.07951549999416	81.0	100.0
274.0984862999758	81.0	100.0
274.119108599989	81.0	100.0
274.1403691000014	81.0	100.0
274.15877629999886	81.0	100.0
274.17934529998456	81.0	100.0
274.19922089998727	81.0	100.0
274.219011499983	81.0	100.0
274.2392473999935	81.0	100.0
274.25855749999755	81.0	100.0
274.2800575000001	81.0	100.0
274.30010819999734	81.0	100.0
274.32071859997814	81.0	100.0
274.34021979998215	80.0	100.0
274.35918810000294	80.0	100.0
274.3800657999818	80.0	100.0
274.3992413999804	80.0	100.0
274.4187818999926	80.0	100.0
274.43881059999694	80.0	100.0
274.4586350999889	80.0	100.0
274.4784705999773	80.0	100.0
274.50138040000456	80.0	100.0
274.5184867999924	80.0	100.0
274.53944140000385	80.0	100.0
274.55950229999144	80.0	100.0
274.5800829999789	80.0	100.0
274.5971376999805	80.0	100.0
274.61730509999325	80.0	100.0
274.6351042999886	80.0	100.0
274.6572486999794	80.0	100.0
274.67808689997764	80.0	100.0
274.69865789997857	80.0	100.0
274.7182777999842	80.0	100.0
274.73981849997654	80.0	100.0
274.75905989998137	80.0	100.0
274.78070059997845	80.0	100.0
274.8002908999915	80.0	100.0
274.81943969998974	80.0	100.0
274.84006659997976	80.0	100.0
274.86096419999376	80.0	100.0
274.8801812999882	80.0	100.0
274.9003232999821	80.0	100.0
274.92017090000445	80.0	100.0
274.9407748999947	80.0	100.0
274.95991879998473	80.0	100.0
274.9803150999942	80.0	100.0
274.9994039000012	80.0	100.0
275.0191858999897	80.0	100.0
275.03958089998923	80.0	100.0
275.0596891999885	80.0	100.0
275.07923429997754	80.0	100.0
275.09962349999114	80.0	100.0
275.1194218999881	80.0	100.0
275.1397328999883	80.0	100.0
275.16220599997905	80.0	100.0
275.1803111000045	80.0	100.0
275.20056989998557	80.0	100.0
275.2204102999822	80.0	100.0
275.2408159999759	80.0	100.0
275.25911119999364	80.0	100.0
275.2790042999841	80.0	100.0
275.30065150000155	80.0	100.0
275.32138269999996	80.0	100.0
275.33934999999474	80.0	100.0
275.3590963000024	80.0	100.0
275.38081790000433	80.0	100.0
275.400616799976	80.0	100.0
275.42049349998706	80.0	100.0
275.44041229999857	80.0	100.0
275.4596081999771	80.0	100.0
275.4809758999909	80.0	100.0
275.5016457999882	80.0	100.0
275.5207053999766	80.0	100.0
275.54056449999916	80.0	100.0
275.5603418999817	80.0	100.0
275.5807203000004	80.0	100.0
275.6004414999916	80.0	100.0
275.6208265000023	80.0	100.0
275.6406114999845	80.0	100.0
275.6607054999913	80.0	100.0
275.6807774999761	80.0	100.0
275.70082249998813	80.0	100.0
275.72489019998466	80.0	100.0
275.74140450000414	80.0	100.0
275.7606486000004	80.0	100.0
275.7808501999825	80.0	100.0
275.8020733000012	80.0	100.0
275.8207773999893	80.0	100.0
275.8408446999965	80.0	100.0
275.8595236999972	80.0	100.0
275.8815987999842	80.0	100.0
275.9009897999931	80.0	100.0
275.9208357000025	80.0	100.0
275.94163970000227	80.0	100.0
275.9605447999784	80.0	100.0
275.98057109999354	80.0	100.0
276.0006055999838	80.0	100.0
276.02093420000165	80.0	100.0
276.0409042999963	80.0	100.0
276.06093159999	80.0	100.0
276.0803562999936	80.0	100.0
276.10074500000337	80.0	100.0
276.12274949997663	80.0	100.0
276.1412117999862	80.0	100.0
276.16051129999687	80.0	100.0
276.1813925000024	80.0	100.0
276.20056139997905	80.0	100.0
276.2210336999851	80.0	100.0
276.24099019999267	80.0	100.0
276.26110669999616	80.0	100.0
276.2812034999952	80.0	100.0
276.3013693999965	80.0	100.0
276.32185589999426	80.0	100.0
276.3420506999828	79.0	100.0
276.36168319999706	79.0	100.0
276.38177619999624	79.0	100.0
276.40095399998245	79.0	100.0
276.42323139999644	79.0	100.0
276.4432824999967	79.0	100.0
276.4614585999807	79.0	100.0
276.48124269998516	79.0	100.0
276.5011722999916	79.0	100.0
276.52276989998063	79.0	100.0
276.54329069997766	79.0	100.0
276.56132449998404	79.0	100.0
276.5814231999975	79.0	100.0
276.60127879999345	79.0	100.0
276.6215661999886	79.0	100.0
276.6419105999812	79.0	100.0
276.66147869999986	79.0	100.0
276.6812636999821	79.0	100.0
276.70125169999665	79.0	100.0
276.7213584999845	79.0	100.0
276.7420828999893	79.0	100.0
276.761257199978	79.0	100.0
276.7823290999804	79.0	100.0
276.80209419998573	79.0	100.0
276.82245359997614	79.0	100.0
276.84291649999795	79.0	100.0
276.8616345000046	79.0	100.0
276.8824514999869	79.0	100.0
276.9024428999983	79.0	100.0
276.9222700999817	79.0	100.0
276.94203589999233	79.0	100.0
276.96166879998054	79.0	100.0
276.9818697999872	79.0	100.0
277.00131500000134	79.0	100.0
277.02207259999705	79.0	100.0
277.0419682999782	79.0	100.0
277.06084920000285	79.0	100.0
277.0815347000025	79.0	100.0
277.1016680999892	79.0	100.0
277.1214711999928	79.0	100.0
277.1431808999914	79.0	100.0
277.1623439999821	79.0	100.0
277.1819432999764	79.0	100.0
277.2019047999929	79.0	100.0
277.2220010999881	79.0	100.0
277.2423879999842	79.0	100.0
277.2640812000027	79.0	100.0
277.2821246999956	79.0	100.0
277.302151699987	79.0	100.0
277.32253459998174	79.0	100.0
277.3453586999967	79.0	100.0
277.3620929000026	79.0	100.0
277.3829144999909	79.0	100.0
277.4027053999889	79.0	100.0
277.42208910000045	79.0	100.0
277.44202469999436	79.0	100.0
277.46325760000036	79.0	100.0
277.48259169998346	79.0	100.0
277.50570869998774	79.0	100.0
277.5229795999767	79.0	100.0
277.54267749999417	79.0	100.0
277.5630292999849	79.0	100.0
277.5827204999805	79.0	100.0
277.60352899998543	79.0	100.0
277.6228002999851	79.0	100.0
277.64258709998103	79.0	100.0
277.6629236000008	79.0	100.0
277.6828043999849	79.0	100.0
277.7031743999978	79.0	100.0
277.72260670000105	79.0	100.0
277.74271160000353	79.0	100.0
277.7626592000015	79.0	100.0
277.7827952999796	79.0	100.0
277.80272029998014	79.0	100.0
277.8226291000028	79.0	100.0
277.84281949998694	79.0	100.0
277.8622397999861	79.0	100.0
277.883093499986	79.0	100.0
277.9021615999809	79.0	100.0
277.922812099976	79.0	100.0
277.94315479998477	79.0	100.0
277.9628843999817	79.0	100.0
277.9825765999849	79.0	100.0
278.00474909998593	79.0	100.0
278.0225424999953	79.0	100.0
278.0428832999896	79.0	100.0
278.0631112999981	79.0	100.0
278.0819947999844	79.0	100.0
278.10250229999656	79.0	100.0
278.1220292999933	79.0	100.0
278.142377799988	79.0	100.0
278.16396099998383	79.0	100.0
278.18258279998554	79.0	100.0
278.2028124999779	79.0	100.0
278.2230251999863	79.0	100.0
278.24314959999174	79.0	100.0
278.26344919999246	79.0	100.0
278.28420559997903	79.0	100.0
278.3032602999883	79.0	100.0
278.3241640999913	79.0	100.0
278.3436337999883	79.0	100.0
278.36296269999	79.0	100.0
278.383070699987	79.0	100.0
278.40290089999326	79.0	100.0
278.4230925999873	79.0	100.0
278.4428618999955	79.0	100.0
278.464278200001	79.0	100.0
278.4822622999782	79.0	100.0
278.50331079997704	79.0	100.0
278.52252359999693	79.0	100.0
278.540909000003	79.0	100.0
278.56013669999084	79.0	100.0
278.57850699999835	79.0	100.0
278.6085997999762	79.0	100.0
278.62236859998666	79.0	100.0
278.64272809997783	79.0	100.0
278.66269759999705	79.0	100.0
278.6826891999808	79.0	100.0
278.70311529998435	79.0	100.0
278.7229387999978	79.0	100.0
278.74258399999235	79.0	100.0
278.76360369997565	79.0	100.0
278.78233190000174	79.0	100.0
278.80324519998976	79.0	100.0
278.8231302999775	79.0	100.0
278.84303039999213	79.0	100.0
278.86280350000015	79.0	100.0
278.88320919999387	79.0	100.0
278.90341009999975	79.0	100.0
278.9229077999771	79.0	100.0
278.9440379999869	79.0	100.0
278.96293159999186	79.0	100.0
278.98313429998234	79.0	100.0
279.0023424999963	79.0	100.0
279.0225554999779	79.0	100.0
279.0427572999906	79.0	100.0
279.06275759998243	79.0	100.0
279.08270800000173	79.0	100.0
279.102187099983	79.0	100.0
279.1224660000007	79.0	100.0
279.14343959998223	79.0	100.0
279.1628722999885	79.0	100.0
279.18348809998133	79.0	100.0
279.2026338999858	79.0	100.0
279.22260719997576	79.0	100.0
279.2432508999773	79.0	100.0
279.26258249999955	79.0	100.0
279.2838019999908	79.0	100.0
279.3025681999861	79.0	100.0
279.32402949998504	79.0	100.0
279.34486139999353	80.0	100.0
279.36386529999436	80.0	100.0
279.3839984999795	80.0	100.0
279.4037633999833	80.0	100.0
279.424045199994	80.0	100.0
279.4445812999911	80.0	100.0
279.46484099997906	80.0	100.0
279.48354200000176	80.0	100.0
279.50429829998757	80.0	100.0
279.5233905999921	80.0	100.0
279.5441433999804	80.0	100.0
279.5642655999982	80.0	100.0
279.5843529999838	80.0	100.0
279.6031916999782	80.0	100.0
279.62115339998854	80.0	100.0
279.6415863999864	80.0	100.0
279.66155739998794	80.0	100.0
279.68129379997845	80.0	100.0
279.70163119997596	80.0	100.0
279.7198022999801	80.0	100.0
279.7409418000025	80.0	100.0
279.76012279998395	80.0	100.0
279.78287080000155	80.0	100.0
279.80247090000194	80.0	100.0
279.82233539997833	80.0	100.0
279.84393479998107	80.0	100.0
279.8641869999992	80.0	100.0
279.88444339999114	80.0	100.0
279.90484390000347	80.0	100.0
279.9244311999937	80.0	100.0
279.9446892999986	80.0	100.0
279.964186600002	80.0	100.0
279.98709489998873	80.0	100.0
280.00765169999795	80.0	100.0
280.0248198999907	80.0	100.0
280.0447346000001	80.0	100.0
280.0646427999891	80.0	100.0
280.0846249999886	80.0	100.0
280.1047838999948	80.0	100.0
280.1248706000042	80.0	100.0
280.1456864999782	80.0	100.0
280.16457229998196	80.0	100.0
280.1852641000005	80.0	100.0
280.20514370000456	80.0	100.0
280.2249604999961	80.0	100.0
280.2443917999917	80.0	100.0
280.2704618999851	80.0	100.0
280.2847897000029	80.0	100.0
280.30471139997826	80.0	100.0
280.32679530000314	80.0	100.0
280.34576509997714	79.0	100.0
280.3642509999918	79.0	100.0
280.38465480000013	79.0	100.0
280.40469389999635	79.0	100.0
280.4259760999994	79.0	100.0
280.44627539999783	79.0	100.0
280.4766056999797	79.0	100.0
280.48473169998033	79.0	100.0
280.50689079999574	79.0	100.0
280.5250021999818	79.0	100.0
280.54430599999614	79.0	100.0
280.56485039999825	79.0	100.0
280.58503829999245	79.0	100.0
280.60424789998797	79.0	100.0
280.62535200000275	79.0	100.0
280.6461483000021	79.0	100.0
280.66535519997706	79.0	100.0
280.6847765999846	79.0	100.0
280.7046592999832	79.0	100.0
280.7251246999949	79.0	100.0
280.7448665999982	79.0	100.0
280.7652797999908	79.0	100.0
280.78425269998843	79.0	100.0
280.8059929999872	79.0	100.0
280.82650060000014	79.0	100.0
280.8459737999947	79.0	100.0
280.86607049999293	79.0	100.0
280.8857772999909	79.0	100.0
280.90574609997566	79.0	100.0
280.9270852000045	79.0	100.0
280.94624299998395	79.0	100.0
280.9656801999954	79.0	100.0
280.9889396999788	79.0	100.0
281.004807099991	79.0	100.0
281.0257356999791	79.0	100.0
281.0459949999931	79.0	100.0
281.0660292999819	79.0	100.0
281.08503339998424	79.0	100.0
281.10517209998216	79.0	100.0
281.12485989998095	79.0	100.0
281.1459191000031	79.0	100.0
281.16525249998085	79.0	100.0
281.18522539999685	79.0	100.0
281.2052519999852	79.0	100.0
281.2255712999904	79.0	100.0
281.24557309999363	79.0	100.0
281.26658219998353	79.0	100.0
281.2876630999963	79.0	100.0
281.3053635999968	79.0	100.0
281.32656679998036	79.0	100.0
281.34765379998134	78.0	100.0
281.36611259999336	78.0	100.0
281.38582470000256	78.0	100.0
281.4071689999837	78.0	100.0
281.4265835999977	78.0	100.0
281.44675869998173	78.0	100.0
281.4672324999992	78.0	100.0
281.4866281999857	78.0	100.0
281.5067693000019	78.0	100.0
281.52655479998793	78.0	100.0
281.5504940999963	78.0	100.0
281.5661596999853	78.0	100.0
281.58668539999053	78.0	100.0
281.6061317999847	78.0	100.0
281.6266762999876	78.0	100.0
281.6466113999777	78.0	100.0
281.6661702999845	78.0	100.0
281.68560309999157	78.0	100.0
281.70712579999235	78.0	100.0
281.72623430000385	78.0	100.0
281.7482180999941	78.0	100.0
281.76652239999385	78.0	100.0
281.78609429998323	78.0	100.0
281.80525579999085	78.0	100.0
281.82650909997756	78.0	100.0
281.852418399998	78.0	100.0
281.8677481999912	78.0	100.0
281.8872222999926	78.0	100.0
281.9073032999877	78.0	100.0
281.92647859998397	78.0	100.0
281.9471067999839	78.0	100.0
281.9663199999777	78.0	100.0
281.9863117999921	78.0	100.0
282.00615390000166	78.0	100.0
282.02600859999075	78.0	100.0
282.04696259999764	78.0	100.0
282.06617089998326	78.0	100.0
282.0863061999844	78.0	100.0
282.1065512999776	78.0	100.0
282.1268102999893	78.0	100.0
282.1471236999787	78.0	100.0
282.1670577999903	78.0	100.0
282.18721599999117	78.0	100.0
282.20672499999637	78.0	100.0
282.2258174000017	78.0	100.0
282.2470062999928	78.0	100.0
282.2668724999821	78.0	100.0
282.28655379998963	78.0	100.0
282.3069743999804	78.0	100.0
282.32761700000265	78.0	100.0
282.34760179999284	78.0	100.0
282.36742199998116	78.0	100.0
282.3868255999987	78.0	100.0
282.4065314999898	78.0	100.0
282.4280311999901	78.0	100.0
282.44759820000036	78.0	100.0
282.46731710000313	78.0	100.0
282.48722109998926	78.0	100.0
282.50651199999265	78.0	100.0
282.5259735999862	78.0	100.0
282.54717109998455	78.0	100.0
282.5671339999826	78.0	100.0
282.5867943999765	78.0	100.0
282.6087423999852	78.0	100.0
282.6285106999858	78.0	100.0
282.64799359999597	78.0	100.0
282.6696783999796	78.0	100.0
282.686919699976	78.0	100.0
282.70537839998724	78.0	100.0
282.7276806999871	78.0	100.0
282.74834839999676	78.0	100.0
282.76760989998	78.0	100.0
282.78842799999984	78.0	100.0
282.80733749998035	78.0	100.0
282.8282128999999	78.0	100.0
282.84827089999453	78.0	100.0
282.86931129998993	78.0	100.0
282.88887789999717	78.0	100.0
282.9084191999864	78.0	100.0
282.9278568000009	78.0	100.0
282.9483278999978	78.0	100.0
282.9697141999786	78.0	100.0
282.9887370999786	78.0	100.0
283.0082840999821	78.0	100.0
283.0267887999944	78.0	100.0
283.0492189999786	78.0	100.0
283.0647063999786	78.0	100.0
283.0858186999976	78.0	100.0
283.1075714000035	78.0	100.0
283.1273323999776	78.0	100.0
283.14893939998	78.0	100.0
283.1682217999769	78.0	100.0
283.1886711999832	78.0	100.0
283.20868949999567	78.0	100.0
283.2281896999921	78.0	100.0
283.24831689998973	78.0	100.0
283.2681754999794	78.0	100.0
283.28694439999526	78.0	100.0
283.3080087999988	78.0	100.0
283.3286657999852	78.0	100.0
283.3499982999929	78.0	100.0
283.3691320999933	78.0	100.0
283.388824499998	78.0	100.0
283.4085247000039	78.0	100.0
283.42952539998805	78.0	100.0
283.4489353999961	78.0	100.0
283.46901509998133	78.0	100.0
283.48883970000315	78.0	100.0
283.5106191999803	78.0	100.0
283.52873759999056	78.0	100.0
283.5504753999994	78.0	100.0
283.5702549999987	78.0	100.0
283.5912152999954	78.0	100.0
283.60694519997924	78.0	100.0
283.6279540999967	78.0	100.0
283.64758749998873	78.0	100.0
283.6682012999954	78.0	100.0
283.68755879998207	78.0	100.0
283.7088204000029	78.0	100.0
283.7283879999886	78.0	100.0
283.7490842999832	78.0	100.0
283.7694871999847	78.0	100.0
283.7890080999932	78.0	100.0
283.8088226999971	78.0	100.0
283.8287332000036	78.0	100.0
283.84975649998523	78.0	100.0
283.86979999998584	78.0	100.0
283.8889184999862	78.0	100.0
283.90969689999474	78.0	100.0
283.92946439998923	78.0	100.0
283.9491622999776	78.0	100.0
283.96901269999216	78.0	100.0
283.9887329999765	78.0	100.0
284.0102084999962	78.0	100.0
284.0300616000022	78.0	100.0
284.0501946999866	78.0	100.0
284.06974809998064	78.0	100.0
284.08920089999447	78.0	100.0
284.10996229999	78.0	100.0
284.12999409998883	78.0	100.0
284.1503059999959	78.0	100.0
284.16953679997823	78.0	100.0
284.19147989997873	78.0	100.0
284.2087522999791	78.0	100.0
284.2304221999948	78.0	100.0
284.25019179997616	78.0	100.0
284.27003200000036	78.0	100.0
284.29069100000197	78.0	100.0
284.30837859999156	78.0	100.0
284.33032819998334	78.0	100.0
284.3501561000012	77.0	100.0
284.36974949997966	77.0	100.0
284.3894343999855	77.0	100.0
284.4103968999989	77.0	100.0
284.4298293000029	77.0	100.0
284.4503058999835	77.0	100.0
284.47050070000114	77.0	100.0
284.4897937999922	77.0	100.0
284.50910289998865	77.0	100.0
284.5307946999965	77.0	100.0
284.5504338000028	77.0	100.0
284.5701051999931	77.0	100.0
284.5909732999862	77.0	100.0
284.6096311000001	77.0	100.0
284.6304619000002	77.0	100.0
284.6501083999756	77.0	100.0
284.66972479998367	77.0	100.0
284.69011090000276	77.0	100.0
284.7105825000035	77.0	100.0
284.73018919999595	77.0	100.0
284.75022439999157	77.0	100.0
284.77008429999114	77.0	100.0
284.79051540000364	77.0	100.0
284.81018400000175	77.0	100.0
284.83070510000107	77.0	100.0
284.85062449998804	77.0	100.0
284.8709630999947	77.0	100.0
284.89057229997707	77.0	100.0
284.9100348999782	77.0	100.0
284.93075129998033	77.0	100.0
284.9507430999947	77.0	100.0
284.9707503999816	77.0	100.0
284.99042279997957	77.0	100.0
285.0098105999932	77.0	100.0
285.0303094999981	77.0	100.0
285.0506441000034	77.0	100.0
285.07075809998787	77.0	100.0
285.09123399999226	77.0	100.0
285.11006519998773	77.0	100.0
285.13015109999105	77.0	100.0
285.1500279000029	77.0	100.0
285.17072429999826	77.0	100.0
285.1910282000026	77.0	100.0
285.2110567999771	77.0	100.0
285.23071539998637	77.0	100.0
285.25057419997756	77.0	100.0
285.2709785999905	77.0	100.0
285.29004809999606	77.0	100.0
285.31122360000154	77.0	100.0
285.331967599981	77.0	100.0
285.3512303000025	78.0	100.0
285.36867969998275	78.0	100.0
285.38976930000354	78.0	100.0
285.41001019999385	78.0	100.0
285.43033239999204	78.0	100.0
285.45057459999225	78.0	100.0
285.4704792999837	78.0	100.0
285.4902743999846	78.0	100.0
285.5116354999773	78.0	100.0
285.53132829998503	78.0	100.0
285.55083799999557	78.0	100.0
285.5708184999821	78.0	100.0
285.5905942999816	78.0	100.0
285.6101492999878	78.0	100.0
285.6299622999795	78.0	100.0
285.6530909999856	78.0	100.0
285.6728157000034	78.0	100.0
285.6912817999837	78.0	100.0
285.71097980000195	78.0	100.0
285.73033299998497	78.0	100.0
285.7510398000013	78.0	100.0
285.7705591999984	78.0	100.0
285.7922517999832	78.0	100.0
285.8108448999992	78.0	100.0
285.83106189998216	78.0	100.0
285.85118050000165	78.0	100.0
285.8705524999823	78.0	100.0
285.89002689998597	78.0	100.0
285.91012839999166	78.0	100.0
285.93000559997745	78.0	100.0
285.9508305999916	78.0	100.0
285.97111769998446	78.0	100.0
285.990009000001	78.0	100.0
286.01011549998657	78.0	100.0
286.03033339997637	78.0	100.0
286.05122769999434	78.0	100.0
286.07026579999365	78.0	100.0
286.0900350000011	78.0	100.0
286.1111927999882	78.0	100.0
286.13096609999775	78.0	100.0
286.15153329999885	78.0	100.0
286.171311699989	78.0	100.0
286.1909451999818	78.0	100.0
286.21098189998884	78.0	100.0
286.23113639999065	78.0	100.0
286.2536407999869	78.0	100.0
286.2714071999944	78.0	100.0
286.2907416999806	78.0	100.0
286.31205279999995	78.0	100.0
286.3324764999852	78.0	100.0
286.3538933999953	79.0	100.0
286.3712328999827	79.0	100.0
286.39179329999024	79.0	100.0
286.41106089999084	79.0	100.0
286.4319373999897	79.0	100.0
286.4524843999825	79.0	100.0
286.4717759999912	79.0	100.0
286.4910992999794	79.0	100.0
286.5137300999777	79.0	100.0
286.5310621999961	79.0	100.0
286.55409359998885	79.0	100.0
286.5715714999824	79.0	100.0
286.5912271999987	79.0	100.0
286.61332740000216	79.0	100.0
286.63159479998285	79.0	100.0
286.6513776999782	79.0	100.0
286.6732849999971	79.0	100.0
286.69290159997763	79.0	100.0
286.7117042999889	79.0	100.0
286.7314216999803	79.0	100.0
286.75271439997596	79.0	100.0
286.7718483999779	79.0	100.0
286.79191040000296	79.0	100.0
286.81205869998666	79.0	100.0
286.8317820999946	79.0	100.0
286.85198359997594	79.0	100.0
286.8727549999894	79.0	100.0
286.8919175999763	79.0	100.0
286.9118946999952	79.0	100.0
286.9308714999934	79.0	100.0
286.95139059997746	79.0	100.0
286.97073269999237	79.0	100.0
286.99205030000303	79.0	100.0
287.0113184999791	79.0	100.0
287.0311107999878	79.0	100.0
287.0520461999986	79.0	100.0
287.07282979998854	79.0	100.0
287.09124129998963	79.0	100.0
287.11475919999066	79.0	100.0
287.13141679999535	79.0	100.0
287.15228359997855	79.0	100.0
287.1716772999789	79.0	100.0
287.19213079998735	79.0	100.0
287.2121156999783	79.0	100.0
287.23227320000296	79.0	100.0
287.250936299999	79.0	100.0
287.2706903999788	79.0	100.0
287.29155470000114	79.0	100.0
287.3108236999833	79.0	100.0
287.33265389999724	79.0	100.0
287.35280969997984	79.0	100.0
287.3703813999891	79.0	100.0
287.39110609999625	79.0	100.0
287.4108001999848	79.0	100.0
287.43202389997896	79.0	100.0
287.4519122999918	79.0	100.0
287.4717705999792	79.0	100.0
287.4909248999902	79.0	100.0
287.5118971999909	79.0	100.0
287.53242219999083	79.0	100.0
287.55139399998006	79.0	100.0
287.5709615999949	79.0	100.0
287.59263729999657	79.0	100.0
287.61073549999855	79.0	100.0
287.6318717999966	79.0	100.0
287.6535506999935	79.0	100.0
287.67250099999364	79.0	100.0
287.6927689999866	79.0	100.0
287.7123725999845	79.0	100.0
287.73233839997556	79.0	100.0
287.75251439999556	79.0	100.0
287.7720732000016	79.0	100.0
287.79254329999094	79.0	100.0
287.81155600000056	79.0	100.0
287.83158070000354	79.0	100.0
287.85169660000247	79.0	100.0
287.87262789998204	79.0	100.0
287.89221910000197	79.0	100.0
287.91223729998455	79.0	100.0
287.93176829998265	79.0	100.0
287.9525505999918	79.0	100.0
287.97165379999205	79.0	100.0
287.99149990000296	79.0	100.0
288.01257319998695	79.0	100.0
288.031851799984	79.0	100.0
288.0499773999909	79.0	100.0
288.07068539998727	79.0	100.0
288.0907689000014	79.0	100.0
288.11202679999406	79.0	100.0
288.1324253999919	79.0	100.0
288.1514332999941	79.0	100.0
288.1729122999823	79.0	100.0
288.1926261000044	79.0	100.0
288.2123283999972	79.0	100.0
288.2316050999798	79.0	100.0
288.25239899998996	79.0	100.0
288.27139189999434	79.0	100.0
288.29461489999085	79.0	100.0
288.31331509997835	79.0	100.0
288.33407270000316	79.0	100.0
288.35369499999797	79.0	100.0
288.37265939998906	79.0	100.0
288.3924422999844	79.0	100.0
288.4126381999813	79.0	100.0
288.43270879998454	79.0	100.0
288.45223149997764	79.0	100.0
288.4724615000014	79.0	100.0
288.492596600001	79.0	100.0
288.5129083999782	79.0	100.0
288.5311141999846	79.0	100.0
288.55274049998843	79.0	100.0
288.572726399987	79.0	100.0
288.59204609997687	79.0	100.0
288.61286689998815	79.0	100.0
288.63330289997975	79.0	100.0
288.65363230000366	79.0	100.0
288.6726329999801	79.0	100.0
288.6911420999968	79.0	100.0
288.7128631999949	79.0	100.0
288.7324197999842	79.0	100.0
288.75906069998746	79.0	100.0
288.77138079999713	79.0	100.0
288.7896334999823	79.0	100.0
288.8047311999835	79.0	100.0
288.8253757999919	79.0	100.0
288.84602739999536	79.0	100.0
288.8656778000004	79.0	100.0
288.88839909998933	79.0	100.0
288.91063269998995	79.0	100.0
288.9326213999884	79.0	100.0
288.95249460000196	79.0	100.0
288.9728983999812	79.0	100.0
288.9928988000029	79.0	100.0
289.0135934999853	79.0	100.0
289.0330926000024	79.0	100.0
289.0529534999805	79.0	100.0
289.0726613999868	79.0	100.0
289.0928972999973	79.0	100.0
289.1139201000042	79.0	100.0
289.13256289999117	79.0	100.0
289.15275519998977	79.0	100.0
289.172447799996	79.0	100.0
289.19351779998397	79.0	100.0
289.2126437999832	79.0	100.0
289.2328975999844	79.0	100.0
289.25277140000253	79.0	100.0
289.27376699997694	79.0	100.0
289.29364540000097	79.0	100.0
289.3127539999841	79.0	100.0
289.33444429998053	79.0	100.0
289.3547353000031	81.0	100.0
289.37300969997887	81.0	100.0
289.39354920000187	81.0	100.0
289.4136683999968	81.0	100.0
289.43422359999386	81.0	100.0
289.45455979998223	81.0	100.0
289.4733448999759	81.0	100.0
289.49284479999915	81.0	100.0
289.51581759998226	81.0	100.0
289.53398359997664	81.0	100.0
289.554376199987	81.0	100.0
289.5728539999982	81.0	100.0
289.59410639997805	81.0	100.0
289.613821499981	81.0	100.0
289.6355648000026	81.0	100.0
289.654068999982	81.0	100.0
289.67436229999294	81.0	100.0
289.69427179999184	81.0	100.0
289.71423019998474	81.0	100.0
289.73529329997837	81.0	100.0
289.7543833999953	81.0	100.0
289.77356030000374	81.0	100.0
289.79360199999064	81.0	100.0
289.81298139999853	81.0	100.0
289.83410149998963	81.0	100.0
289.8532328000001	81.0	100.0
289.8734754000034	81.0	100.0
289.89309879997745	81.0	100.0
289.9134587000008	81.0	100.0
289.93382129998645	81.0	100.0
289.9536770999839	81.0	100.0
289.97299559999374	81.0	100.0
289.9938009000034	81.0	100.0
290.01311309999437	81.0	100.0
290.0335140999814	81.0	100.0
290.0538002999965	81.0	100.0
290.07345179998083	81.0	100.0
290.0932907999959	81.0	100.0
290.1134067999956	81.0	100.0
290.13338649997604	81.0	100.0
290.1542254999804	81.0	100.0
290.1732832999842	81.0	100.0
290.1935314000002	81.0	100.0
290.21335099998396	81.0	100.0
290.23395629998413	81.0	100.0
290.25398369997856	81.0	100.0
290.2737574999919	81.0	100.0
290.2941666999832	81.0	100.0
290.3131284999836	81.0	100.0
290.33438349998323	81.0	100.0
290.35488079997594	79.0	100.0
290.3746167999925	79.0	100.0
290.3947810999816	79.0	100.0
290.4144057999947	79.0	100.0
290.4343385999964	79.0	100.0
290.454871599999	79.0	100.0
290.47468939999817	79.0	100.0
290.49447869998403	79.0	100.0
290.51400389999617	79.0	100.0
290.53352099997574	79.0	100.0
290.55437899997924	79.0	100.0
290.5735600999906	79.0	100.0
290.59509960000287	79.0	100.0
290.61490329998196	79.0	100.0
290.63413059999584	79.0	100.0
290.657501699985	79.0	100.0
290.674620899983	79.0	100.0
290.69465550000314	79.0	100.0
290.7138866999885	79.0	100.0
290.7348662999866	79.0	100.0
290.75487319999957	79.0	100.0
290.7745345000003	79.0	100.0
290.7944377999811	79.0	100.0
290.81494459998794	79.0	100.0
290.83486029997584	79.0	100.0
290.8547872999916	79.0	100.0
290.8751168999879	79.0	100.0
290.89476679998916	79.0	100.0
290.9146790999803	79.0	100.0
290.9348761999863	79.0	100.0
290.95537319997675	79.0	100.0
290.97488399999565	79.0	100.0
290.9947467999882	79.0	100.0
291.0146162000019	79.0	100.0
291.0345059999963	79.0	100.0
291.0553228999779	79.0	100.0
291.0750592999975	79.0	100.0
291.09523749997607	79.0	100.0
291.1150787999795	79.0	100.0
291.1347171999805	79.0	100.0
291.154185899999	79.0	100.0
291.17549959997996	79.0	100.0
291.19504249998135	79.0	100.0
291.215478899976	79.0	100.0
291.2352023999847	79.0	100.0
291.25591379997786	79.0	100.0
291.2752782999887	79.0	100.0
291.29493599999114	79.0	100.0
291.31490499997744	79.0	100.0
291.3361392999941	79.0	100.0
291.35658870000043	78.0	100.0
291.37527459999546	78.0	100.0
291.39539419999346	78.0	100.0
291.4153965000005	78.0	100.0
291.4359921999858	78.0	100.0
291.4559321999841	78.0	100.0
291.47595799999544	78.0	100.0
291.49491119998856	78.0	100.0
291.5160089999845	78.0	100.0
291.5354289999814	78.0	100.0
291.5562796999875	78.0	100.0
291.57552329998	78.0	100.0
291.59515469998587	78.0	100.0
291.6160746999958	78.0	100.0
291.6363401999988	78.0	100.0
291.6559620999906	78.0	100.0
291.6766546999861	78.0	100.0
291.6958532999852	78.0	100.0
291.7161694999959	78.0	100.0
291.7357783000043	78.0	100.0
291.75555079997866	78.0	100.0
291.77491939999163	78.0	100.0
291.795106399979	78.0	100.0
291.81594639999093	78.0	100.0
291.8369989999919	78.0	100.0
291.85908219998237	78.0	100.0
291.87849549998646	78.0	100.0
291.8952398999827	78.0	100.0
291.91570299997693	78.0	100.0
291.9366886999924	78.0	100.0
291.9559699999809	78.0	100.0
291.976125199988	78.0	100.0
291.99668739998015	78.0	100.0
292.0161680000019	78.0	100.0
292.03778449998936	78.0	100.0
292.05609379999805	78.0	100.0
292.076310799981	78.0	100.0
292.09595789999	78.0	100.0
292.1158998000028	78.0	100.0
292.13563659999636	78.0	100.0
292.1533182999992	78.0	100.0
292.1757860999787	78.0	100.0
292.1949787999911	78.0	100.0
292.2161028999835	78.0	100.0
292.233608599985	78.0	100.0
292.2563983	78.0	100.0
292.27636429999257	78.0	100.0
292.2961055999913	78.0	100.0
292.3164237999881	78.0	100.0
292.33740099999704	78.0	100.0
292.3569333999767	78.0	100.0
292.37604509998346	78.0	100.0
292.39756309997756	78.0	100.0
292.4161180999945	78.0	100.0
292.4366883999901	78.0	100.0
292.4569620999973	78.0	100.0
292.476291799976	78.0	100.0
292.4965542999853	78.0	100.0
292.5188706999761	78.0	100.0
292.544945200003	78.0	100.0
292.55765729999985	78.0	100.0
292.5764949999866	78.0	100.0
292.59679839998716	78.0	100.0
292.61761809999007	78.0	100.0
292.6372304999968	78.0	100.0
292.65804129999015	78.0	100.0
292.6779206999927	78.0	100.0
292.69787449997966	78.0	100.0
292.7168324999802	78.0	100.0
292.73696909999126	78.0	100.0
292.7566810999997	78.0	100.0
292.77627139998367	78.0	100.0
292.7964961999969	78.0	100.0
292.8169409999973	78.0	100.0
292.8416040999873	78.0	100.0
292.857073399995	78.0	100.0
292.8771706999978	78.0	100.0
292.8970633999852	78.0	100.0
292.9171720999875	78.0	100.0
292.9369248999865	78.0	100.0
292.95713739999337	78.0	100.0
292.9774136999913	78.0	100.0
292.99713289999636	78.0	100.0
293.01686159998644	78.0	100.0
293.03696249998757	78.0	100.0
293.0582180999918	78.0	100.0
293.0769350999908	78.0	100.0
293.0968975999858	78.0	100.0
293.1170648999978	78.0	100.0
293.136825900001	78.0	100.0
293.1569211999886	78.0	100.0
293.1780686999846	78.0	100.0
293.19781679997686	78.0	100.0
293.2180587000039	78.0	100.0
293.23836989997653	78.0	100.0
293.2580033999984	78.0	100.0
293.277737299999	78.0	100.0
293.2964897999773	78.0	100.0
293.3191856999765	78.0	100.0
293.3386176999775	78.0	100.0
293.3582958999905	79.0	100.0
293.3775067999959	79.0	100.0
293.3969138999819	79.0	100.0
293.41754659998696	79.0	100.0
293.4385708000045	79.0	100.0
293.4580686999834	79.0	100.0
293.477482199989	79.0	100.0
293.49836159998085	79.0	100.0
293.5180277999898	79.0	100.0
293.5394927999878	79.0	100.0
293.55873689998407	79.0	100.0
293.57832229998894	79.0	100.0
293.5977374999784	79.0	100.0
293.6192308999889	79.0	100.0
293.63801819999935	79.0	100.0
293.6582444999949	79.0	100.0
293.6784582999826	79.0	100.0
293.69859299997916	79.0	100.0
293.7188158999779	79.0	100.0
293.73828059999505	79.0	100.0
293.75825189999887	79.0	100.0
293.7780131000036	79.0	100.0
293.79875190000166	79.0	100.0
293.81831629999215	79.0	100.0
293.8388072999951	79.0	100.0
293.8585477999877	79.0	100.0
293.87783139999374	79.0	100.0
293.89866399997845	79.0	100.0
293.91892409999855	79.0	100.0
293.93816379999043	79.0	100.0
293.95900370000163	79.0	100.0
293.97798539997893	79.0	100.0
293.998022099986	79.0	100.0
294.0184587999829	79.0	100.0
294.03814930000226	79.0	100.0
294.05863919999683	79.0	100.0
294.07874889997765	79.0	100.0
294.09845609997865	79.0	100.0
294.118647700001	79.0	100.0
294.1387786999985	79.0	100.0
294.1593909999938	79.0	100.0
294.1785472999909	79.0	100.0
294.19886439997936	79.0	100.0
294.21857129997807	79.0	100.0
294.2407804999966	79.0	100.0
294.2590830999834	79.0	100.0
294.27871980000054	79.0	100.0
294.29859249998117	79.0	100.0
294.3186407999892	79.0	100.0
294.340357899986	79.0	100.0
294.3594804999884	78.0	100.0
294.3790399999998	78.0	100.0
294.3987218999828	78.0	100.0
294.4181619999872	78.0	100.0
294.43881339998916	78.0	100.0
294.4587594999757	78.0	100.0
294.47879439999815	78.0	100.0
294.49863839999307	78.0	100.0
294.51851100000204	78.0	100.0
294.538822100003	78.0	100.0
294.5595049999829	78.0	100.0
294.5785840000026	78.0	100.0
294.59887809999054	78.0	100.0
294.6195025999914	78.0	100.0
294.6390431000036	78.0	100.0
294.6591666000022	78.0	100.0
294.6789404999872	78.0	100.0
294.6982344999851	78.0	100.0
294.7191626999993	78.0	100.0
294.73893309998675	78.0	100.0
294.75922290000017	78.0	100.0
294.778811199998	78.0	100.0
294.7983224999916	78.0	100.0
294.82014830000116	78.0	100.0
294.84013669998967	78.0	100.0
294.8602078999975	78.0	100.0
294.87913099999423	78.0	100.0
294.898790599982	78.0	100.0
294.918612199981	78.0	100.0
294.9390955999843	78.0	100.0
294.95924239998567	78.0	100.0
294.9791561999882	78.0	100.0
294.998855599988	78.0	100.0
295.0184036999999	78.0	100.0
295.0383222999808	78.0	100.0
295.05997309999657	78.0	100.0
295.07836990000214	78.0	100.0
295.098416199995	78.0	100.0
295.11882199998945	78.0	100.0
295.1386335999996	78.0	100.0
295.1596477999992	78.0	100.0
295.1791108000034	78.0	100.0
295.1992215999926	78.0	100.0
295.2190864000004	78.0	100.0
295.2390105999948	78.0	100.0
295.26073909999104	78.0	100.0
295.28048659997876	78.0	100.0
295.29983989999164	78.0	100.0
295.32000499998685	78.0	100.0
295.3406660000037	78.0	100.0
295.3602375999908	76.0	100.0
295.37955729998066	76.0	100.0
295.3990659999836	76.0	100.0
295.4193668999942	76.0	100.0
295.43894870000076	76.0	100.0
295.45933039998636	76.0	100.0
295.4791240999766	76.0	100.0
295.4992607999884	76.0	100.0
295.5221502999775	76.0	100.0
295.53884819999803	76.0	100.0
295.560616200004	76.0	100.0
295.5789383999945	76.0	100.0
295.60116449999623	76.0	100.0
295.6201361999847	76.0	100.0
295.6396443999838	76.0	100.0
295.6605994999991	76.0	100.0
295.6841047999915	76.0	100.0
295.7008280000009	76.0	100.0
295.7203903000045	76.0	100.0
295.7403936999908	76.0	100.0
295.76038999998127	76.0	100.0
295.78029779999633	76.0	100.0
295.7997231000045	76.0	100.0
295.8195531999809	76.0	100.0
295.839988599997	76.0	100.0
295.86253620000207	76.0	100.0
295.88062250000075	76.0	100.0
295.9004391999915	76.0	100.0
295.9203500000003	76.0	100.0
295.93947809998645	76.0	100.0
295.95974799999385	76.0	100.0
295.9815732999996	76.0	100.0
296.0003456999839	76.0	100.0
296.0204328999971	76.0	100.0
296.0403812000004	76.0	100.0
296.06095319997985	76.0	100.0
296.08103549998486	76.0	100.0
296.1001492999785	76.0	100.0
296.12021369999275	76.0	100.0
296.14008879999164	76.0	100.0
296.1607556999952	76.0	100.0
296.1806219999853	76.0	100.0
296.2008317	76.0	100.0
296.2203105999797	76.0	100.0
296.24061379997875	76.0	100.0
296.2604708999861	76.0	100.0
296.28028219999396	76.0	100.0
296.3000661999977	76.0	100.0
296.3197349999973	76.0	100.0
296.3413396999822	76.0	100.0
296.3625816999993	77.0	100.0
296.38014490000205	77.0	100.0
296.4007383999997	77.0	100.0
296.4205381999782	77.0	100.0
296.44226849998813	77.0	100.0
296.4608856999839	77.0	100.0
296.48061189998407	77.0	100.0
296.5010366999777	77.0	100.0
296.52151109999977	77.0	100.0
296.540757699986	77.0	100.0
296.5621110999782	77.0	100.0
296.58161949997884	77.0	100.0
296.6010106999893	77.0	100.0
296.62157639997895	77.0	100.0
296.6406369000033	77.0	100.0
296.6616393000004	77.0	100.0
296.6806972999766	77.0	100.0
296.70211169999675	77.0	100.0
296.7219627999875	77.0	100.0
296.74183579999954	77.0	100.0
296.76189949997934	77.0	100.0
296.7815415999794	77.0	100.0
296.8018608999846	77.0	100.0
296.82185459998436	77.0	100.0
296.84156729999813	77.0	100.0
296.86133580000023	77.0	100.0
296.8811413999938	77.0	100.0
296.9031848000013	77.0	100.0
296.92163539998	77.0	100.0
296.9389071999758	77.0	100.0
296.95754000000306	77.0	100.0
296.97788109999965	77.0	100.0
296.99926640000194	77.0	100.0
297.0193878999853	77.0	100.0
297.0405601999955	77.0	100.0
297.06081120000454	77.0	100.0
297.0792366999958	77.0	100.0
297.10090229997877	77.0	100.0
297.121776999993	77.0	100.0
297.14223209998454	77.0	100.0
297.1626091999933	77.0	100.0
297.18238899999415	77.0	100.0
297.2013811999932	77.0	100.0
297.22231119999196	77.0	100.0
297.2423737999925	77.0	100.0
297.2620136999758	77.0	100.0
297.2819761999999	77.0	100.0
297.30199949999223	77.0	100.0
297.3224027999968	77.0	100.0
297.3427568000043	77.0	100.0
297.36202989998856	77.0	100.0
297.38225659998716	77.0	100.0
297.4016580999887	77.0	100.0
297.42234079999616	77.0	100.0
297.4426525000017	77.0	100.0
297.4625371999864	77.0	100.0
297.4904803999816	77.0	100.0
297.502450400003	77.0	100.0
297.52255510000396	77.0	100.0
297.54216529999394	77.0	100.0
297.5627022999979	77.0	100.0
297.58187409999664	77.0	100.0
297.6026614999864	77.0	100.0
297.6224589999765	77.0	100.0
297.64266129999305	77.0	100.0
297.6626839999808	77.0	100.0
297.68192149998504	77.0	100.0
297.7023211999913	77.0	100.0
297.722591800004	77.0	100.0
297.74271749999025	77.0	100.0
297.76259259998915	77.0	100.0
297.78222860000096	77.0	100.0
297.8020665999793	77.0	100.0
297.82483229998616	77.0	100.0
297.8424172999803	77.0	100.0
297.86310550000053	77.0	100.0
297.88334509998094	77.0	100.0
297.9036600999825	77.0	100.0
297.9218019999971	77.0	100.0
297.9421432999952	77.0	100.0
297.96266329998616	77.0	100.0
297.9831382999837	77.0	100.0
298.00264039999456	77.0	100.0
298.02295479999157	77.0	100.0
298.0427518999786	77.0	100.0
298.0628318999952	77.0	100.0
298.0825770999945	77.0	100.0
298.10252919999766	77.0	100.0
298.1227371999994	77.0	100.0
298.14265689998865	77.0	100.0
298.1635970999778	77.0	100.0
298.18269709998276	77.0	100.0
298.202827000001	77.0	100.0
298.22187479998684	77.0	100.0
298.242834899982	77.0	100.0
298.2630425999814	77.0	100.0
298.2827624999918	77.0	100.0
298.30268199997954	77.0	100.0
298.3229287999857	77.0	100.0
298.3436415999895	77.0	100.0
298.363286399981	79.0	100.0
298.3827338999836	79.0	100.0
298.4027886999829	79.0	100.0
298.42278890000307	79.0	100.0
298.4426323999942	79.0	100.0
298.46223380000447	79.0	100.0
298.48141449998366	79.0	100.0
298.50216959998943	79.0	100.0
298.5246078999771	79.0	100.0
298.54261049997876	79.0	100.0
298.5632461999776	79.0	100.0
298.58282359997975	79.0	100.0
298.6021994999901	79.0	100.0
298.6233839999768	79.0	100.0
298.6439865999855	79.0	100.0
298.66358729999047	79.0	100.0
298.68318819999695	79.0	100.0
298.70284489999176	79.0	100.0
298.72253969998565	79.0	100.0
298.74282179999864	79.0	100.0
298.7631900999986	79.0	100.0
298.7830126999761	79.0	100.0
298.80270659999223	79.0	100.0
298.82271539999056	79.0	100.0
298.84306889999425	79.0	100.0
298.8630410999758	79.0	100.0
298.8832458999823	79.0	100.0
298.9026384000026	79.0	100.0
298.92281920000096	79.0	100.0
298.9428408999811	79.0	100.0
298.96311039998545	79.0	100.0
298.9829755999963	79.0	100.0
299.00309399998514	79.0	100.0
299.022873799986	79.0	100.0
299.04285789999994	79.0	100.0
299.0631006999756	79.0	100.0
299.08233409997774	79.0	100.0
299.1026871999784	79.0	100.0
299.1230377999891	79.0	100.0
299.142672499991	79.0	100.0
299.16307949999464	79.0	100.0
299.18310249998467	79.0	100.0
299.20278459999827	79.0	100.0
299.22308919997886	79.0	100.0
299.24226709999493	79.0	100.0
299.26235330000054	79.0	100.0
299.286323599983	79.0	100.0
299.3027960000036	79.0	100.0
299.3229618000041	79.0	100.0
299.3435887999949	79.0	100.0
299.3646351999778	80.0	100.0
299.3830600999936	80.0	100.0
299.4038808999758	80.0	100.0
299.4229698999843	80.0	100.0
299.4438188999775	80.0	100.0
299.46349899997585	80.0	100.0
299.4825028999767	80.0	100.0
299.50243110000156	80.0	100.0
299.52416749999975	80.0	100.0
299.5435365999874	80.0	100.0
299.56560229999013	80.0	100.0
299.58264069998404	80.0	100.0
299.6031073999766	80.0	100.0
299.6233309999807	80.0	100.0
299.6440913999977	80.0	100.0
299.66527659998974	80.0	100.0
299.6827134999912	80.0	100.0
299.7026268999907	80.0	100.0
299.72266830000444	80.0	100.0
299.74274180000066	80.0	100.0
299.7656471999944	80.0	100.0
299.7835057999764	80.0	100.0
299.8027576000022	80.0	100.0
299.8234539999976	80.0	100.0
299.843177200004	80.0	100.0
299.8635588999896	80.0	100.0
299.8841017999803	80.0	100.0
299.90278189998935	80.0	100.0
299.9226739000005	80.0	100.0
299.9427968999953	80.0	100.0
299.9644087999768	80.0	100.0
299.9830495999777	80.0	100.0
300.00261999998474	80.0	100.0
300.02307589998236	80.0	100.0
300.04400529997656	80.0	100.0
300.0629399000027	80.0	100.0
300.08302099999855	80.0	100.0
300.10418840000057	80.0	100.0
300.1232013999834	80.0	100.0
300.1436010999896	80.0	100.0
300.1641703999776	80.0	100.0
300.183006199979	80.0	100.0
300.203961399995	80.0	100.0
300.22356659997604	80.0	100.0
300.244023199979	80.0	100.0
300.2644187999831	80.0	100.0
300.2869395999878	80.0	100.0
300.30366309999954	80.0	100.0
300.3245429999952	80.0	100.0
300.3451212999935	80.0	100.0
300.3649008999928	81.0	100.0
300.3847221999895	81.0	100.0
300.40424969999003	81.0	100.0
300.4246593999851	81.0	100.0
300.4446258999815	81.0	100.0
300.46426459998474	81.0	100.0
300.48431299999356	81.0	100.0
300.50461039997754	81.0	100.0
300.5236559000041	81.0	100.0
300.54465090000303	81.0	100.0
300.5661762999953	81.0	100.0
300.58521659998223	81.0	100.0
300.6047137999849	81.0	100.0
300.62456749999546	81.0	100.0
300.64566479998757	81.0	100.0
300.6654812999768	81.0	100.0
300.68596279999474	81.0	100.0
300.7048302999756	81.0	100.0
300.7260941999848	81.0	100.0
300.745093799982	81.0	100.0
300.7645902999793	81.0	100.0
300.7843468999781	81.0	100.0
300.8054325999983	81.0	100.0
300.82573399998364	81.0	100.0
300.84561299998313	81.0	100.0
300.8659740999865	81.0	100.0
300.886015600001	81.0	100.0
300.9061436999764	81.0	100.0
300.9266380999761	81.0	100.0
300.94703139999183	81.0	100.0
300.9738185000024	81.0	100.0
300.9854168999882	81.0	100.0
301.00540470000124	81.0	100.0
301.0250625000044	81.0	100.0
301.04602650000015	81.0	100.0
301.0667848000012	81.0	100.0
301.0865860999911	81.0	100.0
301.1056634999986	81.0	100.0
301.1263528999989	81.0	100.0
301.14582059998065	81.0	100.0
301.1667819999857	81.0	100.0
301.18604579998646	81.0	100.0
301.20574399997713	81.0	100.0
301.2257135999971	81.0	100.0
301.2455345999915	81.0	100.0
301.2656697999919	81.0	100.0
301.2881569000019	81.0	100.0
301.30358469998464	81.0	100.0
301.32549309998285	81.0	100.0
301.34680410000146	81.0	100.0
301.36720259999856	82.0	100.0
301.3864584999974	82.0	100.0
301.40881049999734	82.0	100.0
301.42622919997666	82.0	100.0
301.44661529999576	82.0	100.0
301.46656699999585	82.0	100.0
301.48632949998137	82.0	100.0
301.5063024999981	82.0	100.0
301.5287144999893	82.0	100.0
301.54673619999085	82.0	100.0
301.56783019998693	82.0	100.0
301.5869163000025	82.0	100.0
301.60711099999025	82.0	100.0
301.6268044000026	82.0	100.0
301.6459785999905	82.0	100.0
301.6661167999846	82.0	100.0
301.6874474999786	82.0	100.0
301.70650020000176	82.0	100.0
301.7266522999853	82.0	100.0
301.74668689997634	82.0	100.0
301.76709290000144	82.0	100.0
301.78565239999443	82.0	100.0
301.8066741999937	82.0	100.0
301.82699709999724	82.0	100.0
301.84683359999326	82.0	100.0
301.86492739999085	82.0	100.0
301.8830615999759	82.0	100.0
301.90310119997594	82.0	100.0
301.92025729999295	82.0	100.0
301.9401979999966	82.0	100.0
301.96392769998056	82.0	100.0
301.9851515000046	82.0	100.0
302.0054425999988	82.0	100.0
302.0243271999934	82.0	100.0
302.0457642999827	82.0	100.0
302.0670305999811	82.0	100.0
302.08718370000133	82.0	100.0
302.10752289998345	82.0	100.0
302.12654889997793	82.0	100.0
302.14608429998043	82.0	100.0
302.1664937000023	82.0	100.0
302.1861899999785	82.0	100.0
302.2063550000021	82.0	100.0
302.2279326999851	82.0	100.0
302.24615859999903	82.0	100.0
302.26610639999853	82.0	100.0
302.28786699997727	82.0	100.0
302.3067298999813	82.0	100.0
302.32686849997845	82.0	100.0
302.3473573999945	82.0	100.0
302.3669675999845	81.0	100.0
302.3871603999869	81.0	100.0
302.40682109998306	81.0	100.0
302.42696299997624	81.0	100.0
302.44686139997793	81.0	100.0
302.46705519998795	81.0	100.0
302.4880842999846	81.0	100.0
302.5069796000025	81.0	100.0
302.5264014999848	81.0	100.0
302.5467900999938	81.0	100.0
302.5668861999875	81.0	100.0
302.58656549997977	81.0	100.0
302.60696769997594	81.0	100.0
302.6267391000001	81.0	100.0
302.64634659999865	81.0	100.0
302.6680044999812	81.0	100.0
302.6868342999951	81.0	100.0
302.7059267000004	81.0	100.0
302.7274800000014	81.0	100.0
302.74741260000155	81.0	100.0
302.76795419998234	81.0	100.0
302.78769450000254	81.0	100.0
302.80736859998433	81.0	100.0
302.8271617999999	81.0	100.0
302.8480999000021	81.0	100.0
302.86664999998175	81.0	100.0
302.887316599983	81.0	100.0
302.90870979998726	81.0	100.0
302.9278980999952	81.0	100.0
302.94671109999763	81.0	100.0
302.96695859998	81.0	100.0
302.9866718999983	81.0	100.0
303.0066077999945	81.0	100.0
303.02656559998286	81.0	100.0
303.0472271000035	81.0	100.0
303.06669310000143	81.0	100.0
303.0870006000041	81.0	100.0
303.10652420000406	81.0	100.0
303.1273615999962	81.0	100.0
303.1470388000016	81.0	100.0
303.16705639997963	81.0	100.0
303.18703619998996	81.0	100.0
303.2070130999782	81.0	100.0
303.22692539999844	81.0	100.0
303.2465591999935	81.0	100.0
303.26771329998155	81.0	100.0
303.29087759999675	81.0	100.0
303.30675150000025	81.0	100.0
303.3274756000028	81.0	100.0
303.34907389999717	81.0	100.0
303.36934589999146	80.0	100.0
303.38845729999593	80.0	100.0
303.40736389998347	80.0	100.0
303.42665849998593	80.0	100.0
303.44760419998784	80.0	100.0
303.4683296000003	80.0	100.0
303.48844180000015	80.0	100.0
303.507952999993	80.0	100.0
303.5279107999813	80.0	100.0
303.5466338999977	80.0	100.0
303.5687001000042	80.0	100.0
303.58784619998187	80.0	100.0
303.6084872999927	80.0	100.0
303.6280440999835	80.0	100.0
303.64831449999474	80.0	100.0
303.6687767999829	80.0	100.0
303.6883697999874	80.0	100.0
303.70833429999766	80.0	100.0
303.7281520999968	80.0	100.0
303.7482665999851	80.0	100.0
303.7685780999891	80.0	100.0
303.79297919999226	80.0	100.0
303.80752899998333	80.0	100.0
303.8266145999951	80.0	100.0
303.848222599976	80.0	100.0
303.86841789999744	80.0	100.0
303.88766939999186	80.0	100.0
303.90685709999525	80.0	100.0
303.92360680000274	80.0	100.0
303.9448498999991	80.0	100.0
303.96502109998255	80.0	100.0
303.9823284999875	80.0	100.0
304.00176409998676	80.0	100.0
304.02244749999954	80.0	100.0
304.0441692000022	80.0	100.0
304.0670424999844	80.0	100.0
304.08844549997593	80.0	100.0
304.1088117999898	80.0	100.0
304.12821329999133	80.0	100.0
304.14891269998043	80.0	100.0
304.17000509999343	80.0	100.0
304.1883532999782	80.0	100.0
304.20867659998476	80.0	100.0
304.2283783000021	80.0	100.0
304.2484128999931	80.0	100.0
304.2689286999812	80.0	100.0
304.29016119998414	80.0	100.0
304.30691889999434	80.0	100.0
304.3285516999895	80.0	100.0
304.34844859997975	80.0	100.0
304.3698129999975	78.0	100.0
304.38890589997754	78.0	100.0
304.40885730000446	78.0	100.0
304.4282712999848	78.0	100.0
304.44810349997715	78.0	100.0
304.4684089999937	78.0	100.0
304.48819959998946	78.0	100.0
304.50763929999084	78.0	100.0
304.5297404000012	78.0	100.0
304.54865049998625	78.0	100.0
304.5685005999985	78.0	100.0
304.58851329999743	78.0	100.0
304.6080529000028	78.0	100.0
304.6274586999789	78.0	100.0
304.6453707999899	78.0	100.0
304.6651922999881	78.0	100.0
304.685604600003	78.0	100.0
304.7062738999957	78.0	100.0
304.72584599998663	78.0	100.0
304.7460064999759	78.0	100.0
304.76853420000407	78.0	100.0
304.78905309998663	78.0	100.0
304.8084278999886	78.0	100.0
304.82860069998424	78.0	100.0
304.84859429998323	78.0	100.0
304.86855779998587	78.0	100.0
304.8904404999921	78.0	100.0
304.908199700003	78.0	100.0
304.9282955999952	78.0	100.0
304.9483716999821	78.0	100.0
304.9686769999971	78.0	100.0
304.9882217999839	78.0	100.0
305.0087017999904	78.0	100.0
305.0274872999871	78.0	100.0
305.0466051999829	78.0	100.0
305.068337899982	78.0	100.0
305.0883925999806	78.0	100.0
305.10713200000464	78.0	100.0
305.1275582999806	78.0	100.0
305.1496860999905	78.0	100.0
305.1686525999976	78.0	100.0
305.1883353999874	78.0	100.0
305.2093631000025	78.0	100.0
305.228575599991	78.0	100.0
305.2485914999852	78.0	100.0
305.26861629998893	78.0	100.0
305.28919719997793	78.0	100.0
305.30868369998643	78.0	100.0
305.32862809998915	78.0	100.0
305.349158099998	78.0	100.0
305.3686088999966	77.0	100.0
305.3886638999975	77.0	100.0
305.40876910000225	77.0	100.0
305.4285785999964	77.0	100.0
305.4486089999846	77.0	100.0
305.46853309997823	77.0	100.0
305.491391699994	77.0	100.0
305.5082870000042	77.0	100.0
305.52865719998954	77.0	100.0
305.5484981999907	77.0	100.0
305.5687414999993	77.0	100.0
305.5887857999769	77.0	100.0
305.6101187999884	77.0	100.0
305.62819069999387	77.0	100.0
305.6478669999924	77.0	100.0
305.6687366999977	77.0	100.0
305.68907860000036	77.0	100.0
305.7097542999836	77.0	100.0
305.7300226999796	77.0	100.0
305.74862159998156	77.0	100.0
305.76891299997806	77.0	100.0
305.7886096999864	77.0	100.0
305.80907769998885	77.0	100.0
305.8287076999841	77.0	100.0
305.8488277999859	77.0	100.0
305.86857669998426	77.0	100.0
305.8885973999859	77.0	100.0
305.9086636999855	77.0	100.0
305.9288047000009	77.0	100.0
305.9488389999897	77.0	100.0
305.96953069997835	77.0	100.0
305.987355499994	77.0	100.0
306.0098864999891	77.0	100.0
306.0286774999986	77.0	100.0
306.048627799988	77.0	100.0
306.0685975999804	77.0	100.0
306.08876220000093	77.0	100.0
306.10864729998866	77.0	100.0
306.12870509998174	77.0	100.0
306.14888470000005	77.0	100.0
306.1696674999839	77.0	100.0
306.1887447999907	77.0	100.0
306.20955529998173	77.0	100.0
306.22886740000104	77.0	100.0
306.24980239997967	77.0	100.0
306.2695092999784	77.0	100.0
306.2895673000021	77.0	100.0
306.3082058999862	77.0	100.0
306.3298517999938	77.0	100.0
306.3504083000007	77.0	100.0
306.37010400000145	76.0	100.0
306.38953459999175	76.0	100.0
306.40959179998026	76.0	100.0
306.428921099985	76.0	100.0
306.448859600001	76.0	100.0
306.46873900000355	76.0	100.0
306.48948759998893	76.0	100.0
306.5099326999916	76.0	100.0
306.52994069998385	76.0	100.0
306.5488298999844	76.0	100.0
306.56958719997783	76.0	100.0
306.5885572999832	76.0	100.0
306.60992600000463	76.0	100.0
306.6313478999946	76.0	100.0
306.6500138999836	76.0	100.0
306.669742899976	76.0	100.0
306.6897327999759	76.0	100.0
306.7088428999996	76.0	100.0
306.7292161999794	76.0	100.0
306.74890129998676	76.0	100.0
306.7710873000033	76.0	100.0
306.79045229998883	76.0	100.0
306.81023569998797	76.0	100.0
306.8298327999946	76.0	100.0
306.84988399999565	76.0	100.0
306.8702304000035	76.0	100.0
306.8895435000013	76.0	100.0
306.90801179999835	76.0	100.0
306.9290194999776	76.0	100.0
306.9477527999843	76.0	100.0
306.9692762999912	76.0	100.0
306.988649899984	76.0	100.0
307.00849389997893	76.0	100.0
307.02746439998737	76.0	100.0
307.0490110999963	76.0	100.0
307.0693611000024	76.0	100.0
307.090071899991	76.0	100.0
307.1098722000024	76.0	100.0
307.1296608999837	76.0	100.0
307.1487264999887	76.0	100.0
307.1705518999952	76.0	100.0
307.19076189998304	76.0	100.0
307.21039949997794	76.0	100.0
307.2303070999915	76.0	100.0
307.2502586999908	76.0	100.0
307.27058879999095	76.0	100.0
307.29038209997816	76.0	100.0
307.3104056000011	76.0	100.0
307.33011809998425	76.0	100.0
307.3501347999845	76.0	100.0
307.3704052999965	76.0	100.0
307.39049339998746	76.0	100.0
307.41047329999856	76.0	100.0
307.4302964999806	76.0	100.0
307.4507395999972	76.0	100.0
307.470633799996	76.0	100.0
307.49070120000397	76.0	100.0
307.5092869999935	76.0	100.0
307.5356266000017	76.0	100.0
307.5525793999841	76.0	100.0
307.57050069997786	76.0	100.0
307.590736299986	76.0	100.0
307.60973399999784	76.0	100.0
307.6313908000011	76.0	100.0
307.6501478999853	76.0	100.0
307.6709695000027	76.0	100.0
307.6907532000041	76.0	100.0
307.7102508999815	76.0	100.0
307.7306668999954	76.0	100.0
307.7506364999863	76.0	100.0
307.770927399979	76.0	100.0
307.7905880000035	76.0	100.0
307.8112306999974	76.0	100.0
307.83067329999176	76.0	100.0
307.8504988999921	76.0	100.0
307.8706628999789	76.0	100.0
307.8907627000008	76.0	100.0
307.910364499985	76.0	100.0
307.93110960000195	76.0	100.0
307.9506984000036	76.0	100.0
307.9702862999984	76.0	100.0
307.99056700000074	76.0	100.0
308.01075230000424	76.0	100.0
308.03073529998073	76.0	100.0
308.0507788999821	76.0	100.0
308.0708744000003	76.0	100.0
308.090558099997	76.0	100.0
308.1100147999823	76.0	100.0
308.1307581999863	76.0	100.0
308.1509706999932	76.0	100.0
308.1704133999883	76.0	100.0
308.19073370000115	76.0	100.0
308.2104008999886	76.0	100.0
308.23042409998016	76.0	100.0
308.25118150000344	76.0	100.0
308.270824599982	76.0	100.0
308.2905431999825	76.0	100.0
308.3111299999873	76.0	100.0
308.3309580999776	76.0	100.0
308.3526292000024	76.0	100.0
308.3723459999892	75.0	100.0
308.3910847999796	75.0	100.0
308.41086189998896	75.0	100.0
308.4309572999773	75.0	100.0
308.45109210000373	75.0	100.0
308.4714492999774	75.0	100.0
308.4913553999795	75.0	100.0
308.5103732999996	75.0	100.0
308.5307302000001	75.0	100.0
308.5506450999819	75.0	100.0
308.57188360000146	75.0	100.0
308.59135999999125	75.0	100.0
308.6114082999993	75.0	100.0
308.6310761999921	75.0	100.0
308.6504930999945	75.0	100.0
308.6707050999976	75.0	100.0
308.69101779998164	75.0	100.0
308.71064730000217	75.0	100.0
308.7318595999968	75.0	100.0
308.7530573999975	75.0	100.0
308.7706026999804	75.0	100.0
308.78903600000194	75.0	100.0
308.8049855999998	75.0	100.0
308.8238577999873	75.0	100.0
308.846026299987	75.0	100.0
308.8667776999937	75.0	100.0
308.88727700000163	75.0	100.0
308.9075239999802	75.0	100.0
308.93006919999607	75.0	100.0
308.949987400003	75.0	100.0
308.97061679998296	75.0	100.0
308.9903158999805	75.0	100.0
309.0102549000003	75.0	100.0
309.03026390000014	75.0	100.0
309.05025879997993	75.0	100.0
309.070481999981	75.0	100.0
309.09086379999644	75.0	100.0
309.1102670999826	75.0	100.0
309.1304336999892	75.0	100.0
309.1496539999789	75.0	100.0
309.171156299999	75.0	100.0
309.19023720000405	75.0	100.0
309.209987899987	75.0	100.0
309.2297628999804	75.0	100.0
309.2486794999859	75.0	100.0
309.2691513999889	75.0	100.0
309.29063519998454	75.0	100.0
309.32051029999275	75.0	100.0
309.33048129998497	75.0	100.0
309.3484197999933	75.0	100.0
309.3714580999804	76.0	100.0
309.39120209999965	76.0	100.0
309.4109019000025	76.0	100.0
309.43067259999225	76.0	100.0
309.4516046999779	76.0	100.0
309.4710919999925	76.0	100.0
309.491036899999	76.0	100.0
309.5110552999831	76.0	100.0
309.5308783999935	76.0	100.0
309.5512417999853	76.0	100.0
309.57153919999837	76.0	100.0
309.59105160000036	76.0	100.0
309.6110802999756	76.0	100.0
309.63146409997717	76.0	100.0
309.65125699999044	76.0	100.0
309.67147879998083	76.0	100.0
309.691305299988	76.0	100.0
309.7110776999907	76.0	100.0
309.7310232000018	76.0	100.0
309.7505634999834	76.0	100.0
309.7715878000017	76.0	100.0
309.79151739997906	76.0	100.0
309.81150889999117	76.0	100.0
309.83156359998975	76.0	100.0
309.8512775999843	76.0	100.0
309.87190599998576	76.0	100.0
309.89029969999683	76.0	100.0
309.91069089999655	76.0	100.0
309.9314644999977	76.0	100.0
309.9509829999879	76.0	100.0
309.9712961000041	76.0	100.0
309.99116619999404	76.0	100.0
310.01116209998145	76.0	100.0
310.0322556000028	76.0	100.0
310.0506250000035	76.0	100.0
310.07155989998137	76.0	100.0
310.09119879998616	76.0	100.0
310.1123446999991	76.0	100.0
310.13168540000333	76.0	100.0
310.1515726999787	76.0	100.0
310.1722307000018	76.0	100.0
310.1916118999943	76.0	100.0
310.21163649999653	76.0	100.0
310.2318767999823	76.0	100.0
310.2513166999852	76.0	100.0
310.2714594999852	76.0	100.0
310.2911524999945	76.0	100.0
310.31201890000375	76.0	100.0
310.33177729998715	76.0	100.0
310.35299210000085	76.0	100.0
310.372486999986	76.0	100.0
310.3911242999893	76.0	100.0
310.4123163999757	76.0	100.0
310.4319256999879	76.0	100.0
310.4520121999958	76.0	100.0
310.47232859997894	76.0	100.0
310.49220519998926	76.0	100.0
310.5121424999961	76.0	100.0
310.53402500000084	76.0	100.0
310.55194689999917	76.0	100.0
310.57266079998226	76.0	100.0
310.5922403000004	76.0	100.0
310.6122004999779	76.0	100.0
310.63133679999737	76.0	100.0
310.6525097999838	76.0	100.0
310.6725211000012	76.0	100.0
310.69273749997956	76.0	100.0
310.71186959999613	76.0	100.0
310.73253690000274	76.0	100.0
310.7518320999807	76.0	100.0
310.7738827999856	76.0	100.0
310.79210089999833	76.0	100.0
310.8126750999945	76.0	100.0
310.83396479999647	76.0	100.0
310.8523539000016	76.0	100.0
310.8732538999757	76.0	100.0
310.89181159998407	76.0	100.0
310.9124210999871	76.0	100.0
310.93228320000344	76.0	100.0
310.952790499985	76.0	100.0
310.9733495999826	76.0	100.0
310.99207019997993	76.0	100.0
311.01222079998115	76.0	100.0
311.0331345000013	76.0	100.0
311.0524419999856	76.0	100.0
311.07272080000257	76.0	100.0
311.0922711000021	76.0	100.0
311.1121071999951	76.0	100.0
311.1322805999953	76.0	100.0
311.152147899993	76.0	100.0
311.1725634000031	76.0	100.0
311.19219859997975	76.0	100.0
311.21303590000025	76.0	100.0
311.23235959999147	76.0	100.0
311.25307199999224	76.0	100.0
311.27315739999176	76.0	100.0
311.29228449999937	76.0	100.0
311.3129759999865	76.0	100.0
311.33235709997825	76.0	100.0
311.35342909998144	76.0	100.0
311.37386900000274	76.0	100.0
311.3922663999838	76.0	100.0
311.413381499995	76.0	100.0
311.43350260000443	76.0	100.0
311.4532750999788	76.0	100.0
311.4745048999903	76.0	100.0
311.4935281999933	76.0	100.0
311.51247200000216	76.0	100.0
311.5321987999778	76.0	100.0
311.55224550000275	76.0	100.0
311.5735638999904	76.0	100.0
311.59280939999735	76.0	100.0
311.6136398999952	76.0	100.0
311.632252099982	76.0	100.0
311.6526707999874	76.0	100.0
311.6739619	76.0	100.0
311.69371319998754	76.0	100.0
311.71274839999387	76.0	100.0
311.7337503999879	76.0	100.0
311.75355890000355	76.0	100.0
311.77391550000175	76.0	100.0
311.7935410999926	76.0	100.0
311.8135084999958	76.0	100.0
311.8333667999832	76.0	100.0
311.8535222999926	76.0	100.0
311.87229309999384	76.0	100.0
311.89357869999367	76.0	100.0
311.91396299999906	76.0	100.0
311.93387459998485	76.0	100.0
311.9547476999869	76.0	100.0
311.9742522999877	76.0	100.0
311.9936634999758	76.0	100.0
312.01349009998376	76.0	100.0
312.0332017999899	76.0	100.0
312.0530746000004	76.0	100.0
312.0734976999811	76.0	100.0
312.09369419998256	76.0	100.0
312.11375739998766	76.0	100.0
312.13348069999483	76.0	100.0
312.15327369997976	76.0	100.0
312.1740503000037	76.0	100.0
312.1937349999789	76.0	100.0
312.2141225999803	76.0	100.0
312.23417749998043	76.0	100.0
312.25400210000225	76.0	100.0
312.2740788999945	76.0	100.0
312.2936768999789	76.0	100.0
312.3139314999862	76.0	100.0
312.3340751999931	76.0	100.0
312.3540333999845	76.0	100.0
312.3744493999984	76.0	100.0
312.3940497000003	76.0	100.0
312.4139754999778	76.0	100.0
312.43303220000234	76.0	100.0
312.4542392999865	76.0	100.0
312.47429260000354	76.0	100.0
312.49409369999194	76.0	100.0
312.5143000999815	76.0	100.0
312.533654400002	76.0	100.0
312.5540219999966	76.0	100.0
312.5742210999888	76.0	100.0
312.5936806999962	76.0	100.0
312.61378019998665	76.0	100.0
312.63397299998906	76.0	100.0
312.65421029998106	76.0	100.0
312.6743057999993	76.0	100.0
312.69465180000407	76.0	100.0
312.7144401999831	76.0	100.0
312.73385219997726	76.0	100.0
312.75357780000195	76.0	100.0
312.77398919998086	76.0	100.0
312.7934641999891	76.0	100.0
312.8137697999773	76.0	100.0
312.8335334000003	76.0	100.0
312.8539866999781	76.0	100.0
312.8749613999971	76.0	100.0
312.8944591000036	76.0	100.0
312.9142190999992	76.0	100.0
312.935263899999	76.0	100.0
312.95336990000214	76.0	100.0
312.9739793999761	76.0	100.0
312.9939614000032	76.0	100.0
313.0149364999961	76.0	100.0
313.0336625999771	76.0	100.0
313.05393009999534	76.0	100.0
313.07482019998133	76.0	100.0
313.09391989998403	76.0	100.0
313.11385110000265	76.0	100.0
313.1344167999923	76.0	100.0
313.1542569999874	76.0	100.0
313.1745727999951	76.0	100.0
313.19510879999143	76.0	100.0
313.2148811999941	76.0	100.0
313.2352722999931	76.0	100.0
313.25517150000087	76.0	100.0
313.2750154999958	76.0	100.0
313.29451429998153	76.0	100.0
313.3145417999767	76.0	100.0
313.33482639997965	76.0	100.0
313.3555931999872	76.0	100.0
313.37587699998403	77.0	100.0
313.3950085999968	77.0	100.0
313.4153129000042	77.0	100.0
313.43487299999106	77.0	100.0
313.4548845999816	77.0	100.0
313.47407239998574	77.0	100.0
313.494695100002	77.0	100.0
313.51512470000307	77.0	100.0
313.5367559999868	77.0	100.0
313.5546269999759	77.0	100.0
313.57561129998066	77.0	100.0
313.5956995000015	77.0	100.0
313.6155140000046	77.0	100.0
313.63402709999355	77.0	100.0
313.65482319999137	77.0	100.0
313.67494029999943	77.0	100.0
313.696065199998	77.0	100.0
313.7153854999924	77.0	100.0
313.7357852999994	77.0	100.0
313.7552220999787	77.0	100.0
313.7757486999908	77.0	100.0
313.7949566000025	77.0	100.0
313.81578799997806	77.0	100.0
313.8350486999843	77.0	100.0
313.85504409999703	77.0	100.0
313.8754555999767	77.0	100.0
313.89573570000357	77.0	100.0
313.9153971999767	77.0	100.0
313.93494909998844	77.0	100.0
313.95513849999406	77.0	100.0
313.97515959999873	77.0	100.0
313.99471769999946	77.0	100.0
314.01537989999633	77.0	100.0
314.03505489998497	77.0	100.0
314.0552023999917	77.0	100.0
314.0752939999802	77.0	100.0
314.0952836999786	77.0	100.0
314.1148428999877	77.0	100.0
314.13506999998935	77.0	100.0
314.155007399997	77.0	100.0
314.1757322999765	77.0	100.0
314.1954175999854	77.0	100.0
314.2146939999948	77.0	100.0
314.2356735999929	77.0	100.0
314.2561359999818	77.0	100.0
314.27498759998707	77.0	100.0
314.2948550999863	77.0	100.0
314.31532850000076	77.0	100.0
314.3341245999909	77.0	100.0
314.35613219998777	77.0	100.0
314.37649139997666	77.0	100.0
314.39566039998317	77.0	100.0
314.41542869998375	77.0	100.0
314.43546519998927	77.0	100.0
314.45542209999985	77.0	100.0
314.4757591999951	77.0	100.0
314.49582819998614	77.0	100.0
314.5150391999923	77.0	100.0
314.53627799998503	77.0	100.0
314.5556304999918	77.0	100.0
314.57597459998215	77.0	100.0
314.59553609997965	77.0	100.0
314.617142699979	77.0	100.0
314.63608959998237	77.0	100.0
314.65623120000237	77.0	100.0
314.677261099976	77.0	100.0
314.6967582999787	77.0	100.0
314.71608579999884	77.0	100.0
314.73624989998643	77.0	100.0
314.7557824999967	77.0	100.0
314.7760686999827	77.0	100.0
314.79590389999794	77.0	100.0
314.8159317999962	77.0	100.0
314.8358956000011	77.0	100.0
314.8559706999804	77.0	100.0
314.87619079998694	77.0	100.0
314.89616189998924	77.0	100.0
314.91594999999506	77.0	100.0
314.9357764000015	77.0	100.0
314.95581049998873	77.0	100.0
314.97651239999686	77.0	100.0
314.995766499982	77.0	100.0
315.0161767999816	77.0	100.0
315.0358064000029	77.0	100.0
315.0565888999845	77.0	100.0
315.0816772999824	77.0	100.0
315.09654749999754	77.0	100.0
315.1162325999758	77.0	100.0
315.13637059999746	77.0	100.0
315.15662629998405	77.0	100.0
315.17639119998785	77.0	100.0
315.19583759998204	77.0	100.0
315.216411100002	77.0	100.0
315.2355370000005	77.0	100.0
315.2558122999908	77.0	100.0
315.2763036999968	77.0	100.0
315.2966449999949	77.0	100.0
315.31849740000325	77.0	100.0
315.3360313999874	77.0	100.0
315.3558265999891	77.0	100.0
315.3763968999847	77.0	100.0
315.39709250000305	77.0	100.0
315.4174056999909	77.0	100.0
315.4363827999914	77.0	100.0
315.4574867999763	77.0	100.0
315.4762165999855	77.0	100.0
315.4961803999904	77.0	100.0
315.5171160000027	77.0	100.0
315.53640319997794	77.0	100.0
315.55628709998564	77.0	100.0
315.5770338999864	77.0	100.0
315.59703029997763	77.0	100.0
315.6161592999997	77.0	100.0
315.6374416000035	77.0	100.0
315.65741899999557	77.0	100.0
315.6771697999793	77.0	100.0
315.69707949997974	77.0	100.0
315.7177233999828	77.0	100.0
315.7374498999852	77.0	100.0
315.7574903999921	77.0	100.0
315.7776384000026	77.0	100.0
315.7970704000036	77.0	100.0
315.8175696999824	77.0	100.0
315.8374403999769	77.0	100.0
315.8574903999979	77.0	100.0
315.8776758000022	77.0	100.0
315.89787129999604	77.0	100.0
315.91724569999496	77.0	100.0
315.93753870000364	77.0	100.0
315.95703550000326	77.0	100.0
315.9783475000004	77.0	100.0
315.9974302999908	77.0	100.0
316.0172251999902	77.0	100.0
316.03731029998744	77.0	100.0
316.05694579999545	77.0	100.0
316.0773167999869	77.0	100.0
316.09710739998263	77.0	100.0
316.118077799998	77.0	100.0
316.1375829000026	77.0	100.0
316.1576444999955	77.0	100.0
316.1777664999827	77.0	100.0
316.197926599998	77.0	100.0
316.2173696999962	77.0	100.0
316.2373275999853	77.0	100.0
316.25757169999997	77.0	100.0
316.27789450000273	77.0	100.0
316.29794190000393	77.0	100.0
316.31789999999455	77.0	100.0
316.33747469997616	77.0	100.0
316.35820799999055	77.0	100.0
316.3775885999785	76.0	100.0
316.3980856999988	76.0	100.0
316.41797739997855	76.0	100.0
316.4377464999852	76.0	100.0
316.458034899988	76.0	100.0
316.4774118999776	76.0	100.0
316.4973398000002	76.0	100.0
316.5173414000019	76.0	100.0
316.539351799991	76.0	100.0
316.557502199983	76.0	100.0
316.5777795999893	76.0	100.0
316.5975293999945	76.0	100.0
316.61774570000125	76.0	100.0
316.6378782999818	76.0	100.0
316.6586798999924	76.0	100.0
316.67954349998035	76.0	100.0
316.6981739999901	76.0	100.0
316.7180776000023	76.0	100.0
316.73821670000325	76.0	100.0
316.7580259999959	76.0	100.0
316.7781897999812	76.0	100.0
316.7973470999859	76.0	100.0
316.81810159998713	76.0	100.0
316.837400599994	76.0	100.0
316.85860929999035	76.0	100.0
316.8789665999939	76.0	100.0
316.898391499999	76.0	100.0
316.91854659997625	76.0	100.0
316.93822789998376	76.0	100.0
316.95860189999803	76.0	100.0
316.9786863999907	76.0	100.0
316.9982882999757	76.0	100.0
317.0184663999826	76.0	100.0
317.03800939998473	76.0	100.0
317.0576808999758	76.0	100.0
317.07810879999306	76.0	100.0
317.0977625999949	76.0	100.0
317.1179498999845	76.0	100.0
317.13769969998975	76.0	100.0
317.1579453999875	76.0	100.0
317.17810289998306	76.0	100.0
317.1978909999889	76.0	100.0
317.2179990999866	76.0	100.0
317.2379293999984	76.0	100.0
317.2585732000007	76.0	100.0
317.2779638999782	76.0	100.0
317.298128800001	76.0	100.0
317.3211703999841	76.0	100.0
317.33982009999454	76.0	100.0
317.3581368000014	76.0	100.0
317.3796119999897	76.0	100.0
317.39834580000024	76.0	100.0
317.41805680000107	76.0	100.0
317.4380711999838	76.0	100.0
317.45855859998846	76.0	100.0
317.4787957999797	76.0	100.0
317.4985425999912	76.0	100.0
317.5180347999849	76.0	100.0
317.54076370000257	76.0	100.0
317.5591649999842	76.0	100.0
317.5790379999962	76.0	100.0
317.59871349998866	76.0	100.0
317.61918290000176	76.0	100.0
317.638008799986	76.0	100.0
317.6591838999884	76.0	100.0
317.6793684999866	76.0	100.0
317.6995853999979	76.0	100.0
317.71930219998467	76.0	100.0
317.73953359998995	76.0	100.0
317.7594431999896	76.0	100.0
317.7793226999929	76.0	100.0
317.7988068999839	76.0	100.0
317.8199644999986	76.0	100.0
317.83846589998575	76.0	100.0
317.8591379999998	76.0	100.0
317.87890349997906	76.0	100.0
317.89817739999853	76.0	100.0
317.9181700999907	76.0	100.0
317.93891509997775	76.0	100.0
317.95891019998817	76.0	100.0
317.97989869999583	76.0	100.0
317.998803399998	76.0	100.0
318.0191503999813	76.0	100.0
318.03890580000007	76.0	100.0
318.0591492999811	76.0	100.0
318.07908729999326	76.0	100.0
318.09941159997834	76.0	100.0
318.11837519999244	76.0	100.0
318.1388298999809	76.0	100.0
318.1594456000021	76.0	100.0
318.17981780000264	76.0	100.0
318.2012536999828	76.0	100.0
318.21972140000435	76.0	100.0
318.23912869999185	76.0	100.0
318.2590597999806	76.0	100.0
318.28014799999073	76.0	100.0
318.2997378	76.0	100.0
318.3194120999833	76.0	100.0
318.33993239997653	76.0	100.0
318.3602041999984	76.0	100.0
318.3804368999845	77.0	100.0
318.40001379998284	77.0	100.0
318.4200040999858	77.0	100.0
318.4373149999883	77.0	100.0
318.46006859999034	77.0	100.0
318.48005079998984	77.0	100.0
318.4994308000023	77.0	100.0
318.5198369999998	77.0	100.0
318.53996299998835	77.0	100.0
318.5602106000006	77.0	100.0
318.5812479000015	77.0	100.0
318.6001508999907	77.0	100.0
318.62025899998844	77.0	100.0
318.64011779997963	77.0	100.0
318.66012659997796	77.0	100.0
318.67991759997676	77.0	100.0
318.7001144999813	77.0	100.0
318.7203198999923	77.0	100.0
318.7411872999801	77.0	100.0
318.7603044999996	77.0	100.0
318.7811733999988	77.0	100.0
318.80008249997627	77.0	100.0
318.82035069999984	77.0	100.0
318.8399314999988	77.0	100.0
318.8601512000023	77.0	100.0
318.88071949998266	77.0	100.0
318.90368689998286	77.0	100.0
318.91998949999106	77.0	100.0
318.9405312000017	77.0	100.0
318.96057979998295	77.0	100.0
318.9812567999761	77.0	100.0
319.0005363999808	77.0	100.0
319.02048449998256	77.0	100.0
319.04021889998694	77.0	100.0
319.06013559998246	77.0	100.0
319.08018769999035	77.0	100.0
319.100197199994	77.0	100.0
319.1231317999773	77.0	100.0
319.1412309999869	77.0	100.0
319.1607360999915	77.0	100.0
319.18199650000315	77.0	100.0
319.2003801999963	77.0	100.0
319.2205014999781	77.0	100.0
319.2420306999993	77.0	100.0
319.2615909999877	77.0	100.0
319.28163119999226	77.0	100.0
319.30138449999504	77.0	100.0
319.3214304999856	77.0	100.0
319.34193439999945	77.0	100.0
319.3642279999913	77.0	100.0
319.3820805999858	77.0	100.0
319.401175099978	77.0	100.0
319.42140659998404	77.0	100.0
319.44130129998666	77.0	100.0
319.46193219997804	77.0	100.0
319.4819656999898	77.0	100.0
319.50170279998565	77.0	100.0
319.52081359998556	77.0	100.0
319.5447226999968	77.0	100.0
319.56162919997587	77.0	100.0
319.5812795999809	77.0	100.0
319.601869599981	77.0	100.0
319.62213189998874	77.0	100.0
319.6414251999813	77.0	100.0
319.6625923999818	77.0	100.0
319.6819758999918	77.0	100.0
319.701768799976	77.0	100.0
319.7212234000035	77.0	100.0
319.7411936999997	77.0	100.0
319.761325200001	77.0	100.0
319.7828675999772	77.0	100.0
319.80198779999046	77.0	100.0
319.82195289997617	77.0	100.0
319.8420922999794	77.0	100.0
319.861989099998	77.0	100.0
319.88208459998714	77.0	100.0
319.9022820999962	77.0	100.0
319.92105109998374	77.0	100.0
319.94193109998014	77.0	100.0
319.9618220999837	77.0	100.0
319.9819520000019	77.0	100.0
320.00132009998197	77.0	100.0
320.0221068999963	77.0	100.0
320.0415284000046	77.0	100.0
320.06179769997834	77.0	100.0
320.08197139998083	77.0	100.0
320.1018610000028	77.0	100.0
320.121633999981	77.0	100.0
320.14203619997716	77.0	100.0
320.1616977999802	77.0	100.0
320.18199189999723	77.0	100.0
320.20174249997945	77.0	100.0
320.22173379999003	77.0	100.0
320.2414474999823	77.0	100.0
320.2628040999989	77.0	100.0
320.2817969000025	77.0	100.0
320.3021019999869	77.0	100.0
320.3230880999763	77.0	100.0
320.3422777999949	77.0	100.0
320.3632447999844	77.0	100.0
320.3841518999834	77.0	100.0
320.4030859999766	77.0	100.0
320.42322179998155	77.0	100.0
320.4434641999833	77.0	100.0
320.4631357000035	77.0	100.0
320.4832341999863	77.0	100.0
320.50358989997767	77.0	100.0
320.52314679999836	77.0	100.0
320.54215729999123	77.0	100.0
320.5629296999832	77.0	100.0
320.58317879997776	77.0	100.0
320.6023530999955	77.0	100.0
320.6229813999962	77.0	100.0
320.6430016999948	77.0	100.0
320.66358449999825	77.0	100.0
320.68379699997604	77.0	100.0
320.7036680000019	77.0	100.0
320.7236673999869	77.0	100.0
320.7437234999961	77.0	100.0
320.76372869999614	77.0	100.0
320.78394369999296	77.0	100.0
320.8042703999963	77.0	100.0
320.8243473999901	77.0	100.0
320.84345799998846	77.0	100.0
320.8643616999907	77.0	100.0
320.8835584000044	77.0	100.0
320.9042194999929	77.0	100.0
320.92292240000097	77.0	100.0
320.9438648999785	77.0	100.0
320.9673924999952	77.0	100.0
320.9841883999761	77.0	100.0
321.0034014999983	77.0	100.0
321.0241078999825	77.0	100.0
321.0440343999944	77.0	100.0
321.06419449998066	77.0	100.0
321.0843022999761	77.0	100.0
321.1040146999876	77.0	100.0
321.1229660999961	77.0	100.0
321.14345719999983	77.0	100.0
321.1644474999921	77.0	100.0
321.18447509998805	77.0	100.0
321.20332489997963	77.0	100.0
321.22416059998795	77.0	100.0
321.24329990000115	77.0	100.0
321.26400519997696	77.0	100.0
321.28437969999504	77.0	100.0
321.3040537999768	77.0	100.0
321.3239263999858	77.0	100.0
321.3432307999756	77.0	100.0
321.3642565999762	77.0	100.0
321.38450749998447	78.0	100.0
321.4040182000026	78.0	100.0
321.42482379998546	78.0	100.0
321.4440128999995	78.0	100.0
321.46503299998585	78.0	100.0
321.4845506999991	78.0	100.0
321.50418059999356	78.0	100.0
321.52423680000356	78.0	100.0
321.5452266999928	78.0	100.0
321.56420359999174	78.0	100.0
321.5855098000029	78.0	100.0
321.60421249998035	78.0	100.0
321.6254009999975	78.0	100.0
321.64444259999436	78.0	100.0
321.6650900999957	78.0	100.0
321.68492060000426	78.0	100.0
321.7052956999978	78.0	100.0
321.7241990999901	78.0	100.0
321.74488039998687	78.0	100.0
321.76502279998385	78.0	100.0
321.78526999999303	78.0	100.0
321.8045179999899	78.0	100.0
321.8256105000037	78.0	100.0
321.8446893999935	78.0	100.0
321.8653417000023	78.0	100.0
321.8859650999948	78.0	100.0
321.9033824999933	78.0	100.0
321.92450949997874	78.0	100.0
321.945547899988	78.0	100.0
321.96512609999627	78.0	100.0
321.98579969999264	78.0	100.0
322.00534719999996	78.0	100.0
322.02579849999165	78.0	100.0
322.04550290000043	78.0	100.0
322.06539629999315	78.0	100.0
322.08450479997555	78.0	100.0
322.10515399998985	78.0	100.0
322.1254522999807	78.0	100.0
322.1457780999772	78.0	100.0
322.1653894999763	78.0	100.0
322.18543779998436	78.0	100.0
322.20607559999917	78.0	100.0
322.2251980000001	78.0	100.0
322.24517929999274	78.0	100.0
322.265230399993	78.0	100.0
322.2854082999984	78.0	100.0
322.30550469999434	78.0	100.0
322.32526099999086	78.0	100.0
322.34516149997944	78.0	100.0
322.3657003999979	78.0	100.0
322.3860747999861	79.0	100.0
322.4060970999999	79.0	100.0
322.42600700000185	79.0	100.0
322.4456291999959	79.0	100.0
322.4655339999881	79.0	100.0
322.48553969999193	79.0	100.0
322.5053573999903	79.0	100.0
322.52553640000406	79.0	100.0
322.5474081999855	79.0	100.0
322.565784299979	79.0	100.0
322.5864479999873	79.0	100.0
322.6060396999819	79.0	100.0
322.6251427999814	79.0	100.0
322.64515619998565	79.0	100.0
322.665626699978	79.0	100.0
322.68694980000146	79.0	100.0
322.70675449998816	79.0	100.0
322.72556389999227	79.0	100.0
322.74600949999876	79.0	100.0
322.76534929999616	79.0	100.0
322.78620780000347	79.0	100.0
322.80602599997655	79.0	100.0
322.82604469999205	79.0	100.0
322.84534440000425	79.0	100.0
322.86533589998726	79.0	100.0
322.8853492999915	79.0	100.0
322.9054743000015	79.0	100.0
322.92516949999845	79.0	100.0
322.94582100000116	79.0	100.0
322.9659791000013	79.0	100.0
322.98550499998964	79.0	100.0
323.0053302999877	79.0	100.0
323.02553769998485	79.0	100.0
323.0453772000037	79.0	100.0
323.0659919999889	79.0	100.0
323.086077999993	79.0	100.0
323.1061307999771	79.0	100.0
323.1259141000046	79.0	100.0
323.14654479999444	79.0	100.0
323.16600589998416	79.0	100.0
323.18598320000456	79.0	100.0
323.20570819999557	79.0	100.0
323.2277211000037	79.0	100.0
323.24587139999494	79.0	100.0
323.26582849997794	79.0	100.0
323.2861198000028	79.0	100.0
323.3059978999954	79.0	100.0
323.32601749998867	79.0	100.0
323.3448927999998	79.0	100.0
323.3661157999886	79.0	100.0
323.38620999999694	80.0	100.0
323.40592799999285	80.0	100.0
323.42616459997953	80.0	100.0
323.44612169999164	80.0	100.0
323.4662646999932	80.0	100.0
323.4859862999874	80.0	100.0
323.50611689998186	80.0	100.0
323.52598449998186	80.0	100.0
323.5462980000011	80.0	100.0
323.5663306999777	80.0	100.0
323.586077999993	80.0	100.0
323.60597679999773	80.0	100.0
323.62682929998846	80.0	100.0
323.6458309000009	80.0	100.0
323.6660714999889	80.0	100.0
323.68620309999096	80.0	100.0
323.7061910999764	80.0	100.0
323.72585529999924	80.0	100.0
323.7461280999996	80.0	100.0
323.76560469999094	80.0	100.0
323.7862879000022	80.0	100.0
323.8055781000003	80.0	100.0
323.82679789999384	80.0	100.0
323.8460453999869	80.0	100.0
323.86598790000426	80.0	100.0
323.8858082999941	80.0	100.0
323.9061743999773	80.0	100.0
323.9258583999763	80.0	100.0
323.9460969999782	80.0	100.0
323.96669869998004	80.0	100.0
323.98769799998263	80.0	100.0
324.0068520999921	80.0	100.0
324.02730069999234	80.0	100.0
324.0476045999967	80.0	100.0
324.06627239999943	80.0	100.0
324.0868411999836	80.0	100.0
324.1067605999997	80.0	100.0
324.1258513999928	80.0	100.0
324.1462269999902	80.0	100.0
324.16666200000327	80.0	100.0
324.18607070000144	80.0	100.0
324.20599600000423	80.0	100.0
324.22628809997695	80.0	100.0
324.24623199997586	80.0	100.0
324.2660331999941	80.0	100.0
324.28711619999376	80.0	100.0
324.3066248999967	80.0	100.0
324.32672769998317	80.0	100.0
324.3473079999967	80.0	100.0
324.36759429998347	80.0	100.0
324.38792039998225	80.0	100.0
324.4074059999839	80.0	100.0
324.4275121999963	80.0	100.0
324.4476008999918	80.0	100.0
324.4674384999962	80.0	100.0
324.4876780999766	80.0	100.0
324.50705329998164	80.0	100.0
324.5267410999804	80.0	100.0
324.54696979999426	80.0	100.0
324.5670824999979	80.0	100.0
324.5873511999962	80.0	100.0
324.606028899987	80.0	100.0
324.62689189999946	80.0	100.0
324.6470594999846	80.0	100.0
324.6669656999875	80.0	100.0
324.68698420000146	80.0	100.0
324.7068345999869	80.0	100.0
324.72602219998953	80.0	100.0
324.74683950000326	80.0	100.0
324.76702820000355	80.0	100.0
324.78702489999705	80.0	100.0
324.8068786999793	80.0	100.0
324.8268900999974	80.0	100.0
324.8467685999931	80.0	100.0
324.86706599997706	80.0	100.0
324.88723689998733	80.0	100.0
324.9070046999841	80.0	100.0
324.9268394999963	80.0	100.0
324.9472914999933	80.0	100.0
324.96687750000274	80.0	100.0
324.98740329997963	80.0	100.0
325.0070412999776	80.0	100.0
325.027236599999	80.0	100.0
325.0461435999896	80.0	100.0
325.06726789998356	80.0	100.0
325.0872760999773	80.0	100.0
325.1062148999772	80.0	100.0
325.12695689999964	80.0	100.0
325.14687699999195	80.0	100.0
325.1671607999888	80.0	100.0
325.1876427999814	80.0	100.0
325.2069688999909	80.0	100.0
325.2285381999973	80.0	100.0
325.24777899999754	80.0	100.0
325.26742869999725	80.0	100.0
325.2873966000043	80.0	100.0
325.3079685999837	80.0	100.0
325.32721909999964	80.0	100.0
325.3481685000006	80.0	100.0
325.369177399989	80.0	100.0
325.3889971000026	79.0	100.0
325.4077966999903	79.0	100.0
325.42828459999873	79.0	100.0
325.4478073999926	79.0	100.0
325.46840650000377	79.0	100.0
325.4881208000006	79.0	100.0
325.50763149998966	79.0	100.0
325.52807139998185	79.0	100.0
325.54939820000436	79.0	100.0
325.56741819999297	79.0	100.0
325.58824289997574	79.0	100.0
325.6079865999927	79.0	100.0
325.62819329998456	79.0	100.0
325.64951960000326	79.0	100.0
325.6682354999939	79.0	100.0
325.68816530000186	79.0	100.0
325.70770219998667	79.0	100.0
325.7273862999864	79.0	100.0
325.7481979999866	79.0	100.0
325.7673489000008	79.0	100.0
325.7883343999856	79.0	100.0
325.8078370000003	79.0	100.0
325.8278097999864	79.0	100.0
325.84816969998064	79.0	100.0
325.86815269998624	79.0	100.0
325.8880519999948	79.0	100.0
325.9078468999942	79.0	100.0
325.9275454999879	79.0	100.0
325.9476241999946	79.0	100.0
325.967823199986	79.0	100.0
325.98762810000335	79.0	100.0
326.00822609997704	79.0	100.0
326.02822099998593	79.0	100.0
326.04818610000075	79.0	100.0
326.0683558000019	79.0	100.0
326.08825919998344	79.0	100.0
326.1082407999784	79.0	100.0
326.1280313000025	79.0	100.0
326.1481724999903	79.0	100.0
326.1675479999976	79.0	100.0
326.18932569999015	79.0	100.0
326.2086788000015	79.0	100.0
326.22824799999944	79.0	100.0
326.2476463999774	79.0	100.0
326.26802009998937	79.0	100.0
326.28843389998656	79.0	100.0
326.3077787999937	79.0	100.0
326.32824179998715	79.0	100.0
326.3489743999962	79.0	100.0
326.36882839998	79.0	100.0
326.3887854999921	78.0	100.0
326.4086666999792	78.0	100.0
326.4285031000036	78.0	100.0
326.4481562000001	78.0	100.0
326.4684689999849	78.0	100.0
326.4891482999956	78.0	100.0
326.5085226999945	78.0	100.0
326.52804479998304	78.0	100.0
326.5484663999814	78.0	100.0
326.568520300003	78.0	100.0
326.58808200000203	78.0	100.0
326.6073002999765	78.0	100.0
326.62804529999266	78.0	100.0
326.64869609999005	78.0	100.0
326.6683611999906	78.0	100.0
326.6885460999911	78.0	100.0
326.70854389999295	78.0	100.0
326.7363554999756	78.0	100.0
326.7492379999894	78.0	100.0
326.7681783000007	78.0	100.0
326.784238799999	78.0	100.0
326.8043580999947	78.0	100.0
326.82464419997996	78.0	100.0
326.8443356999778	78.0	100.0
326.8644923999964	78.0	100.0
326.8852809999953	78.0	100.0
326.9063688000024	78.0	100.0
326.9276988999918	78.0	100.0
326.9493120999832	78.0	100.0
326.96843499998795	78.0	100.0
326.9894229999918	78.0	100.0
327.00849879998714	78.0	100.0
327.0290101999999	78.0	100.0
327.0481944999774	78.0	100.0
327.0683169999975	78.0	100.0
327.0891167999944	78.0	100.0
327.1099252999993	78.0	100.0
327.12908799998695	78.0	100.0
327.1493623999995	78.0	100.0
327.16814769999473	78.0	100.0
327.18871669998043	78.0	100.0
327.20824119998724	78.0	100.0
327.22936539998045	78.0	100.0
327.2482839000004	78.0	100.0
327.2681728999887	78.0	100.0
327.2890699999989	78.0	100.0
327.30865309998626	78.0	100.0
327.32836139999563	78.0	100.0
327.34856169999694	78.0	100.0
327.36948719999054	78.0	100.0
327.38935139999376	77.0	100.0
327.40892329998314	77.0	100.0
327.4294277000008	77.0	100.0
327.4490128000034	77.0	100.0
327.4694405999908	77.0	100.0
327.48949249999714	77.0	100.0
327.50948999999673	77.0	100.0
327.529504599981	77.0	100.0
327.54941659999895	77.0	100.0
327.568469299993	77.0	100.0
327.58939499998814	77.0	100.0
327.6091557999898	77.0	100.0
327.6298306999961	77.0	100.0
327.6528834999772	77.0	100.0
327.6696245999774	77.0	100.0
327.68962709998596	77.0	100.0
327.70939979999093	77.0	100.0
327.7292405999906	77.0	100.0
327.7497011999949	77.0	100.0
327.7695969999768	77.0	100.0
327.78950809998787	77.0	100.0
327.8091910999792	77.0	100.0
327.8295761999907	77.0	100.0
327.8493950999982	77.0	100.0
327.8693944999832	77.0	100.0
327.88956409998355	77.0	100.0
327.9095495999791	77.0	100.0
327.92914329998894	77.0	100.0
327.94984499999555	77.0	100.0
327.96932419997756	77.0	100.0
327.9898467999883	77.0	100.0
328.0092653000029	77.0	100.0
328.0299434000044	77.0	100.0
328.0498063999985	77.0	100.0
328.0699085999804	77.0	100.0
328.0897042999859	77.0	100.0
328.1098486999981	77.0	100.0
328.1297442999785	77.0	100.0
328.1491261999763	77.0	100.0
328.17260209997767	77.0	100.0
328.18993110000156	77.0	100.0
328.20987349998904	77.0	100.0
328.2299266999762	77.0	100.0
328.24988369998755	77.0	100.0
328.27031530000386	77.0	100.0
328.2902984999819	77.0	100.0
328.30951910000294	77.0	100.0
328.3313666000031	77.0	100.0
328.35008869998273	77.0	100.0
328.3711236999952	77.0	100.0
328.39031699998304	78.0	100.0
328.4099590999831	78.0	100.0
328.4300359999761	78.0	100.0
328.4500805999851	78.0	100.0
328.46996459999355	78.0	100.0
328.49005729999044	78.0	100.0
328.5100532999786	78.0	100.0
328.5300127999799	78.0	100.0
328.5524135000014	78.0	100.0
328.5698306999984	78.0	100.0
328.59077119998983	78.0	100.0
328.6098696999834	78.0	100.0
328.63011259998893	78.0	100.0
328.65387219999684	78.0	100.0
328.66977369997767	78.0	100.0
328.69100299998536	78.0	100.0
328.7093309999909	78.0	100.0
328.72948079998605	78.0	100.0
328.7498110999877	78.0	100.0
328.76901519999956	78.0	100.0
328.7899861999904	78.0	100.0
328.80940469997586	78.0	100.0
328.82993259999785	78.0	100.0
328.85076879998087	78.0	100.0
328.87007529998664	78.0	100.0
328.89002329998766	78.0	100.0
328.90991779998876	78.0	100.0
328.929578899988	78.0	100.0
328.94969259999925	78.0	100.0
328.9703599999775	78.0	100.0
328.9900575999927	78.0	100.0
329.01013310000417	78.0	100.0
329.0304349999933	78.0	100.0
329.04956019998644	78.0	100.0
329.0698821999831	78.0	100.0
329.0901070999971	78.0	100.0
329.1100093999994	78.0	100.0
329.12995159998536	78.0	100.0
329.1504669999995	78.0	100.0
329.1704690999759	78.0	100.0
329.19158620000235	78.0	100.0
329.2109339000017	78.0	100.0
329.23094989999663	78.0	100.0
329.25051729998086	78.0	100.0
329.27129299999797	78.0	100.0
329.2913639000035	78.0	100.0
329.3110039999883	78.0	100.0
329.33111830000416	78.0	100.0
329.3505961999763	78.0	100.0
329.3713959000015	78.0	100.0
329.39202089997707	77.0	100.0
329.4109458999883	77.0	100.0
329.43101699999534	77.0	100.0
329.45051689998945	77.0	100.0
329.47127109998837	77.0	100.0
329.49140420000185	77.0	100.0
329.5112553999934	77.0	100.0
329.5310639999807	77.0	100.0
329.5500950999849	77.0	100.0
329.5717769000039	77.0	100.0
329.5918635999842	77.0	100.0
329.611405499978	77.0	100.0
329.63149229998817	77.0	100.0
329.65122179998434	77.0	100.0
329.6714432000008	77.0	100.0
329.691347999993	77.0	100.0
329.71073739998974	77.0	100.0
329.73151339998003	77.0	100.0
329.75155069999164	77.0	100.0
329.7742320999969	77.0	100.0
329.79179809999187	77.0	100.0
329.8110200999945	77.0	100.0
329.830701400002	77.0	100.0
329.8502361999999	77.0	100.0
329.8702629999898	77.0	100.0
329.89018449999276	77.0	100.0
329.91082180000376	77.0	100.0
329.93010939998203	77.0	100.0
329.9504872999969	77.0	100.0
329.97162219998427	77.0	100.0
329.99127219998627	77.0	100.0
330.0107562999765	77.0	100.0
330.03097900000284	77.0	100.0
330.05096299998695	77.0	100.0
330.0708837999846	77.0	100.0
330.09114009997575	77.0	100.0
330.1113514000026	77.0	100.0
330.13096479998785	77.0	100.0
330.1508668999886	77.0	100.0
330.1711365999945	77.0	100.0
330.1918253999902	77.0	100.0
330.21086179997656	77.0	100.0
330.2320283000008	77.0	100.0
330.251005899976	77.0	100.0
330.272607699997	77.0	100.0
330.2917097999889	77.0	100.0
330.3111618999974	77.0	100.0
330.33442539998214	77.0	100.0
330.35053499997593	77.0	100.0
330.3739435999887	77.0	100.0
330.3923446999979	77.0	100.0
330.4120050999918	77.0	100.0
330.43180500000017	77.0	100.0
330.4509684999939	77.0	100.0
330.4721897999989	77.0	100.0
330.4921401999891	77.0	100.0
330.5119823999994	77.0	100.0
330.53130809997674	77.0	100.0
330.55097539999406	77.0	100.0
330.5712467999838	77.0	100.0
330.5924063999846	77.0	100.0
330.6118557000009	77.0	100.0
330.6320541999885	77.0	100.0
330.6519411999907	77.0	100.0
330.6725207999989	77.0	100.0
330.6923433999764	77.0	100.0
330.7151792999939	77.0	100.0
330.7317395999853	77.0	100.0
330.7521528999787	77.0	100.0
330.77219779998995	77.0	100.0
330.7911596999911	77.0	100.0
330.80907119999756	77.0	100.0
330.83229039999424	77.0	100.0
330.85140479999245	77.0	100.0
330.87207759998273	77.0	100.0
330.8923770999827	77.0	100.0
330.9122122999979	77.0	100.0
330.9325284999795	77.0	100.0
330.9539300999895	77.0	100.0
330.97225920000346	77.0	100.0
330.9921312999795	77.0	100.0
331.01228129997617	77.0	100.0
331.0319847999781	77.0	100.0
331.05167759998585	77.0	100.0
331.07227609999245	77.0	100.0
331.0927815999894	77.0	100.0
331.111906599981	77.0	100.0
331.13183329999447	77.0	100.0
331.1522330000007	77.0	100.0
331.1720879999921	77.0	100.0
331.1930110999965	77.0	100.0
331.2123285999987	77.0	100.0
331.23224579999805	77.0	100.0
331.2523949999886	77.0	100.0
331.2721523999935	77.0	100.0
331.2931069000042	77.0	100.0
331.3120355999854	77.0	100.0
331.33197830000427	77.0	100.0
331.3523583999777	77.0	100.0
331.37625159998424	77.0	100.0
331.3929242999875	79.0	100.0
331.41304689997924	79.0	100.0
331.43329009998706	79.0	100.0
331.45308320000186	79.0	100.0
331.47307779997936	79.0	100.0
331.49361109998426	79.0	100.0
331.5130452000012	79.0	100.0
331.5396864999784	79.0	100.0
331.5549403000041	79.0	100.0
331.5722860999813	79.0	100.0
331.59285859999363	79.0	100.0
331.613248699985	79.0	100.0
331.6332083999878	79.0	100.0
331.65316019998863	79.0	100.0
331.6733189999941	79.0	100.0
331.69336779997684	79.0	100.0
331.7126209999842	79.0	100.0
331.73260229997686	79.0	100.0
331.7521243999945	79.0	100.0
331.7725362999772	79.0	100.0
331.79309819999617	79.0	100.0
331.81112399999984	79.0	100.0
331.8319546999992	79.0	100.0
331.85240319999866	79.0	100.0
331.8731392999762	79.0	100.0
331.89398049999727	79.0	100.0
331.91298399999505	79.0	100.0
331.9314195999759	79.0	100.0
331.95337579998886	79.0	100.0
331.9731832999969	79.0	100.0
331.9935429999896	79.0	100.0
332.0130105999997	79.0	100.0
332.0333984000026	79.0	100.0
332.0531875999877	79.0	100.0
332.0732927999925	79.0	100.0
332.0937287999841	79.0	100.0
332.11660290000145	79.0	100.0
332.1322522999835	79.0	100.0
332.1529232999892	79.0	100.0
332.17211779998615	79.0	100.0
332.19366479999735	79.0	100.0
332.21297100000083	79.0	100.0
332.23305719997734	79.0	100.0
332.25340549999964	79.0	100.0
332.2732993999962	79.0	100.0
332.29479009998613	79.0	100.0
332.3134896999982	79.0	100.0
332.33286939997924	79.0	100.0
332.3525931999902	79.0	100.0
332.3736170999764	79.0	100.0
332.3941410999978	79.0	100.0
332.4135895999789	79.0	100.0
332.4348024999781	79.0	100.0
332.45344099999056	79.0	100.0
332.47367549999035	79.0	100.0
332.49356039997656	79.0	100.0
332.51329249999253	79.0	100.0
332.53297659999225	79.0	100.0
332.5528831999982	79.0	100.0
332.57313559998875	79.0	100.0
332.59397369998624	79.0	100.0
332.6129005999828	79.0	100.0
332.6335472999781	79.0	100.0
332.65245749999303	79.0	100.0
332.674042300001	79.0	100.0
332.69401069998275	79.0	100.0
332.7141145999776	79.0	100.0
332.73331929999404	79.0	100.0
332.7541779000021	79.0	100.0
332.7735958999838	79.0	100.0
332.79396729997825	79.0	100.0
332.8188806999824	79.0	100.0
332.83429859997705	79.0	100.0
332.8538215000008	79.0	100.0
332.8739202999859	79.0	100.0
332.89321209999616	79.0	100.0
332.91358500000206	79.0	100.0
332.93331289998605	79.0	100.0
332.9533741999767	79.0	100.0
332.9731527999975	79.0	100.0
332.9935745999974	79.0	100.0
333.0133497999923	79.0	100.0
333.03346589999273	79.0	100.0
333.05339549999917	79.0	100.0
333.07342479997897	79.0	100.0
333.10030989997904	79.0	100.0
333.1134046999796	79.0	100.0
333.13346489999094	79.0	100.0
333.15339409999433	79.0	100.0
333.17332629999146	79.0	100.0
333.1938918999804	79.0	100.0
333.2133479999902	79.0	100.0
333.2339954999916	79.0	100.0
333.2540001999878	79.0	100.0
333.2734483999957	79.0	100.0
333.2941399999836	79.0	100.0
333.31442479998805	79.0	100.0
333.3356645999884	79.0	100.0
333.3547316999757	79.0	100.0
333.37512559999595	79.0	100.0
333.3951422999962	79.0	100.0
333.41438989999006	79.0	100.0
333.4344619999756	79.0	100.0
333.45439339999575	79.0	100.0
333.4749622999807	79.0	100.0
333.4949235999957	79.0	100.0
333.5144211000006	79.0	100.0
333.54137819999596	79.0	100.0
333.55901769999764	79.0	100.0
333.57467709999764	79.0	100.0
333.5954947999853	79.0	100.0
333.6144927999994	79.0	100.0
333.6349410999974	79.0	100.0
333.6540769999847	79.0	100.0
333.67462899998645	79.0	100.0
333.7024590999936	79.0	100.0
333.71104319998994	79.0	100.0
333.7301597999758	79.0	100.0
333.7503432999947	79.0	100.0
333.772012499976	79.0	100.0
333.7944661999936	79.0	100.0
333.81229760000133	79.0	100.0
333.83386189999874	79.0	100.0
333.8549077999778	79.0	100.0
333.87533489998896	79.0	100.0
333.89549669998814	79.0	100.0
333.915270700003	79.0	100.0
333.9351540999778	79.0	100.0
333.95562959997915	79.0	100.0
333.97422709999955	79.0	100.0
333.9952531000017	79.0	100.0
334.0155015999917	79.0	100.0
334.03534289999516	79.0	100.0
334.0562307999935	79.0	100.0
334.07568589999573	79.0	100.0
334.09529090000433	79.0	100.0
334.1141006999824	79.0	100.0
334.1339433999965	79.0	100.0
334.1552895999921	79.0	100.0
334.17549369999324	79.0	100.0
334.1956721000024	79.0	100.0
334.21481209999183	79.0	100.0
334.2348911000008	79.0	100.0
334.25504419999197	79.0	100.0
334.27512939998996	79.0	100.0
334.295166099997	79.0	100.0
334.31568089997745	79.0	100.0
334.334535699978	79.0	100.0
334.355192499992	79.0	100.0
334.37626349998754	79.0	100.0
334.39628369998536	80.0	100.0
334.41536579999956	80.0	100.0
334.4358358999889	80.0	100.0
334.4552979999862	80.0	100.0
334.475309499976	80.0	100.0
334.4960836999817	80.0	100.0
334.51580289998674	80.0	100.0
334.53664999999455	80.0	100.0
334.5574328999792	80.0	100.0
334.57567239998025	80.0	100.0
334.5958930999914	80.0	100.0
334.615243999986	80.0	100.0
334.6346520999796	80.0	100.0
334.65396529997815	80.0	100.0
334.6723957999784	80.0	100.0
334.6918794999947	80.0	100.0
334.71508009999525	80.0	100.0
334.73523409999325	80.0	100.0
334.75386499997694	80.0	100.0
334.7756320000044	80.0	100.0
334.7970901999797	80.0	100.0
334.81555129998014	80.0	100.0
334.836201899976	80.0	100.0
334.8562397999922	80.0	100.0
334.8768237999757	80.0	100.0
334.8969942999829	80.0	100.0
334.9175239999895	80.0	100.0
334.9361600999837	80.0	100.0
334.95659289998	80.0	100.0
334.9762118999788	80.0	100.0
334.99644629997783	80.0	100.0
335.01585359999444	80.0	100.0
335.03569429999334	80.0	100.0
335.0552820999874	80.0	100.0
335.0759876999946	80.0	100.0
335.09715679998044	80.0	100.0
335.11695889997645	80.0	100.0
335.1358399000019	80.0	100.0
335.1564313999843	80.0	100.0
335.1769583999994	80.0	100.0
335.197182599979	80.0	100.0
335.21699230000377	80.0	100.0
335.2369528999843	80.0	100.0
335.2561765999999	80.0	100.0
335.2763612999988	80.0	100.0
335.29702080000425	80.0	100.0
335.3165371999785	80.0	100.0
335.33799549998366	80.0	100.0
335.3565281999763	80.0	100.0
335.3771082999883	80.0	100.0
335.39697219998925	80.0	100.0
335.41640899999766	80.0	100.0
335.43721010000445	80.0	100.0
335.4573836999771	80.0	100.0
335.4771130000008	80.0	100.0
335.49642069998663	80.0	100.0
335.5163139999786	80.0	100.0
335.53626269998495	80.0	100.0
335.5569280999771	80.0	100.0
335.5761915999756	80.0	100.0
335.5962340999977	80.0	100.0
335.61709789998713	80.0	100.0
335.6376578999916	80.0	100.0
335.6572443000041	80.0	100.0
335.67758960000356	80.0	100.0
335.69834539998556	80.0	100.0
335.7177313999855	80.0	100.0
335.7370738000027	80.0	100.0
335.75740879998193	80.0	100.0
335.7771882999805	80.0	100.0
335.797553899989	80.0	100.0
335.8174730000028	80.0	100.0
335.8372835999762	80.0	100.0
335.85845459997654	80.0	100.0
335.87709840000025	80.0	100.0
335.89684669999406	80.0	100.0
335.91745039998204	80.0	100.0
335.9372041999886	80.0	100.0
335.9569884999946	80.0	100.0
335.9775030000019	80.0	100.0
335.9978887999896	80.0	100.0
336.01879269999336	80.0	100.0
336.03738069999963	80.0	100.0
336.05726889998186	80.0	100.0
336.07753079998656	80.0	100.0
336.0977004999877	80.0	100.0
336.1178065999993	80.0	100.0
336.1372659000044	80.0	100.0
336.15767259997665	80.0	100.0
336.1777221999946	80.0	100.0
336.1979216999898	80.0	100.0
336.2178984999773	80.0	100.0
336.2375628000009	80.0	100.0
336.25737619999563	80.0	100.0
336.2780213999795	80.0	100.0
336.2973372999986	80.0	100.0
336.3171833999804	80.0	100.0
336.338300399977	80.0	100.0
336.3580665999907	80.0	100.0
336.3779770999972	80.0	100.0
336.3980617999914	80.0	100.0
336.4175500999845	80.0	100.0
336.43846099998336	80.0	100.0
336.45820880000247	80.0	100.0
336.478638200002	80.0	100.0
336.4983317999868	80.0	100.0
336.51816759997746	80.0	100.0
336.5379765999969	80.0	100.0
336.55785939999623	80.0	100.0
336.5782363000035	80.0	100.0
336.5985118999961	80.0	100.0
336.61791099997936	80.0	100.0
336.63766059998306	80.0	100.0
336.65801699997974	80.0	100.0
336.67826389998663	80.0	100.0
336.6980551999877	80.0	100.0
336.71832610000274	80.0	100.0
336.738200199994	80.0	100.0
336.75833449998754	80.0	100.0
336.77805539997644	80.0	100.0
336.7987662999949	80.0	100.0
336.8181593999907	80.0	100.0
336.8380543999956	80.0	100.0
336.85827349999454	80.0	100.0
336.8783106000046	80.0	100.0
336.8988169999793	80.0	100.0
336.91915359999985	80.0	100.0
336.9380736000021	80.0	100.0
336.9589197000023	80.0	100.0
336.97767589997966	80.0	100.0
336.997581100004	80.0	100.0
337.01802819999284	80.0	100.0
337.03802149998955	80.0	100.0
337.05762909998884	80.0	100.0
337.0778721999959	80.0	100.0
337.0982629999926	80.0	100.0
337.1177861999895	80.0	100.0
337.1378274000017	80.0	100.0
337.15890589999617	80.0	100.0
337.1779309999838	80.0	100.0
337.1989788999781	80.0	100.0
337.21790590000455	80.0	100.0
337.2379062999971	80.0	100.0
337.25779219999094	80.0	100.0
337.2789597999945	80.0	100.0
337.29790409997804	80.0	100.0
337.31785239998135	80.0	100.0
337.33794719999423	80.0	100.0
337.3579196999781	80.0	100.0
337.3790573999868	80.0	100.0
337.3990264000022	79.0	100.0
337.4179837999982	79.0	100.0
337.4410118999949	79.0	100.0
337.45501330000116	79.0	100.0
337.47424179999507	79.0	100.0
337.4951452999958	79.0	100.0
337.51548829997773	79.0	100.0
337.5354402999801	79.0	100.0
337.5594160000037	79.0	100.0
337.576711599977	79.0	100.0
337.5988950000028	79.0	100.0
337.6190042999806	79.0	100.0
337.63976049999474	79.0	100.0
337.65919730000314	79.0	100.0
337.6789174999867	79.0	100.0
337.7009335999901	79.0	100.0
337.71949469999527	79.0	100.0
337.7396084999782	79.0	100.0
337.7595487999788	79.0	100.0
337.77921369997784	79.0	100.0
337.7998407999985	79.0	100.0
337.8192048999772	79.0	100.0
337.8388225999952	79.0	100.0
337.8588160999934	79.0	100.0
337.8799146999954	79.0	100.0
337.89902799998526	79.0	100.0
337.91881979999016	79.0	100.0
337.93896889997995	79.0	100.0
337.95804709999356	79.0	100.0
337.97895219997736	79.0	100.0
337.99929659999907	79.0	100.0
338.0180310999858	79.0	100.0
338.0390916999895	79.0	100.0
338.0589972999878	79.0	100.0
338.0790904999885	79.0	100.0
338.0994903999963	79.0	100.0
338.11910139999236	79.0	100.0
338.1392309999792	79.0	100.0
338.1592680999893	79.0	100.0
338.17911329999333	79.0	100.0
338.19969049998326	79.0	100.0
338.2191727999889	79.0	100.0
338.23914910000167	79.0	100.0
338.25908499999787	79.0	100.0
338.279742099985	79.0	100.0
338.29978709999705	79.0	100.0
338.3193690000044	79.0	100.0
338.3396734999842	79.0	100.0
338.35990549999406	79.0	100.0
338.38080459999037	79.0	100.0
338.4008873999992	79.0	100.0
338.4199602000008	79.0	100.0
338.439765099989	79.0	100.0
338.4608445999911	79.0	100.0
338.4801982999779	79.0	100.0
338.50046219999786	79.0	100.0
338.5197117999778	79.0	100.0
338.5392295999918	79.0	100.0
338.560640199983	79.0	100.0
338.57958799999324	79.0	100.0
338.59996989998035	79.0	100.0
338.6207055999839	79.0	100.0
338.64054749999195	79.0	100.0
338.660767399997	79.0	100.0
338.6811000999878	79.0	100.0
338.70040179998614	79.0	100.0
338.71981119998964	79.0	100.0
338.7396671999886	79.0	100.0
338.7599951000011	79.0	100.0
338.7791015999974	79.0	100.0
338.7999005999882	79.0	100.0
338.8192011999781	79.0	100.0
338.8398561999784	79.0	100.0
338.8600243999972	79.0	100.0
338.8794971999887	79.0	100.0
338.9001429999771	79.0	100.0
338.9201396999997	79.0	100.0
338.9397539999918	79.0	100.0
338.9612469999993	79.0	100.0
338.97943989999476	79.0	100.0
339.00093029998243	79.0	100.0
339.01988039998105	79.0	100.0
339.0404570999963	79.0	100.0
339.0600596999866	79.0	100.0
339.0801300999883	79.0	100.0
339.10019009999814	79.0	100.0
339.1203958999831	79.0	100.0
339.13927719998173	79.0	100.0
339.1593881000008	79.0	100.0
339.17999579999014	79.0	100.0
339.20028409999213	79.0	100.0
339.2200011999812	79.0	100.0
339.2399398999987	79.0	100.0
339.25951449997956	79.0	100.0
339.28018859997974	79.0	100.0
339.3007711999817	79.0	100.0
339.32017679998535	79.0	100.0
339.34176339997794	79.0	100.0
339.3601192999922	79.0	100.0
339.38145349998376	79.0	100.0
339.40146549997735	79.0	100.0
339.42087800000445	79.0	100.0
339.4411622000043	79.0	100.0
339.4610059999977	79.0	100.0
339.48019929998554	79.0	100.0
339.5029766999942	79.0	100.0
339.5208356999792	79.0	100.0
339.54105770000024	79.0	100.0
339.56144989997847	79.0	100.0
339.57771839998895	79.0	100.0
339.5969695999811	79.0	100.0
339.6160117999825	79.0	100.0
339.63653079999494	79.0	100.0
339.65624469998875	79.0	100.0
339.6762880999886	79.0	100.0
339.69644659999176	79.0	100.0
339.7163821999857	79.0	100.0
339.73556909998297	79.0	100.0
339.75753679999616	79.0	100.0
339.7773237999936	79.0	100.0
339.7966271000041	79.0	100.0
339.8170033999777	79.0	100.0
339.8373394999944	79.0	100.0
339.85684169997694	79.0	100.0
339.87791569999536	79.0	100.0
339.89948860000004	79.0	100.0
339.92026199999964	79.0	100.0
339.940064800001	79.0	100.0
339.96127089997754	79.0	100.0
339.978956499981	79.0	100.0
340.00033650000114	79.0	100.0
340.02055230000406	79.0	100.0
340.0390916999895	79.0	100.0
340.06036099998164	79.0	100.0
340.0815015999833	79.0	100.0
340.10181459999876	79.0	100.0
340.12127679999685	79.0	100.0
340.1412601999764	79.0	100.0
340.16159259999404	79.0	100.0
340.1814772999787	79.0	100.0
340.20211319997907	79.0	100.0
340.22136739999405	79.0	100.0
340.24186079998617	79.0	100.0
340.26152539998293	79.0	100.0
340.2818436999805	79.0	100.0
340.3018262999831	79.0	100.0
340.32191800000146	79.0	100.0
340.3418579999998	79.0	100.0
340.3617195999832	79.0	100.0
340.3816592999792	79.0	100.0
340.4018459999934	77.0	100.0
340.4220853000006	77.0	100.0
340.44183169997996	77.0	100.0
340.4615433999861	77.0	100.0
340.4815514999791	77.0	100.0
340.50275220000185	77.0	100.0
340.5220827999874	77.0	100.0
340.5419417999801	77.0	100.0
340.564008699992	77.0	100.0
340.5821539000026	77.0	100.0
340.6013073999784	77.0	100.0
340.62129129999084	77.0	100.0
340.64162690000376	77.0	100.0
340.6614501999866	77.0	100.0
340.681580399978	77.0	100.0
340.70137039999827	77.0	100.0
340.7213279999851	77.0	100.0
340.7415052999859	77.0	100.0
340.762616299995	77.0	100.0
340.78126979997614	77.0	100.0
340.8018570999848	77.0	100.0
340.8213605999772	77.0	100.0
340.8418190999946	77.0	100.0
340.8618957999861	77.0	100.0
340.8815993999888	77.0	100.0
340.90242849997594	77.0	100.0
340.9217055999907	77.0	100.0
340.9413963999832	77.0	100.0
340.96501200000057	77.0	100.0
340.98155239998596	77.0	100.0
341.0030805999995	77.0	100.0
341.0220217999886	77.0	100.0
341.0420761999849	77.0	100.0
341.06211820000317	77.0	100.0
341.0824394999945	77.0	100.0
341.10292609999306	77.0	100.0
341.12243299998227	77.0	100.0
341.14290609999443	77.0	100.0
341.1628761999891	77.0	100.0
341.18222779998905	77.0	100.0
341.2030343999795	77.0	100.0
341.2229990999913	77.0	100.0
341.24239149998175	77.0	100.0
341.2624333999993	77.0	100.0
341.28336649999255	77.0	100.0
341.3018597999762	77.0	100.0
341.32202099999995	77.0	100.0
341.34402540000156	77.0	100.0
341.3618983999768	77.0	100.0
341.38305789997685	77.0	100.0
341.40423459999147	75.0	100.0
341.42289220000384	75.0	100.0
341.4430356999801	75.0	100.0
341.46328969998285	75.0	100.0
341.48299399999087	75.0	100.0
341.50297989998944	75.0	100.0
341.52199209999526	75.0	100.0
341.54189619998215	75.0	100.0
341.562047799991	75.0	100.0
341.5818738999951	75.0	100.0
341.601957899984	75.0	100.0
341.6226273999782	75.0	100.0
341.6420288999798	75.0	100.0
341.6620682999783	75.0	100.0
341.68197969999164	75.0	100.0
341.7027967000031	75.0	100.0
341.723101999989	75.0	100.0
341.74197909998475	75.0	100.0
341.76236749999225	75.0	100.0
341.781997699989	75.0	100.0
341.80219560000114	75.0	100.0
341.82313089998206	75.0	100.0
341.8418902999838	75.0	100.0
341.8626750999829	75.0	100.0
341.8828969000024	75.0	100.0
341.9031747999834	75.0	100.0
341.92358819997753	75.0	100.0
341.94299260000116	75.0	100.0
341.96314789997996	75.0	100.0
341.98349909999524	75.0	100.0
342.00378859997727	75.0	100.0
342.02306089998456	75.0	100.0
342.04351999997743	75.0	100.0
342.0626839000033	75.0	100.0
342.0827284999832	75.0	100.0
342.10285649998696	75.0	100.0
342.1231524999894	75.0	100.0
342.1418688999838	75.0	100.0
342.1630736999796	75.0	100.0
342.18279489999986	75.0	100.0
342.20236629998544	75.0	100.0
342.2225297999976	75.0	100.0
342.24340389997815	75.0	100.0
342.2629360999854	75.0	100.0
342.2832072000019	75.0	100.0
342.3033953999984	75.0	100.0
342.3230901999923	75.0	100.0
342.3419898999855	75.0	100.0
342.36278070000117	75.0	100.0
342.3838672999991	75.0	100.0
342.4039547999855	74.0	100.0
342.4231424999889	74.0	100.0
342.443056899996	74.0	100.0
342.46391089999815	74.0	100.0
342.48338989997865	74.0	100.0
342.5035708999785	74.0	100.0
342.52325519997976	74.0	100.0
342.5432245999982	74.0	100.0
342.56396239998867	74.0	100.0
342.58358740000403	74.0	100.0
342.6040831999853	74.0	100.0
342.6237632999837	74.0	100.0
342.6442410000018	74.0	100.0
342.6639043999894	74.0	100.0
342.6834842999815	74.0	100.0
342.7037725999835	74.0	100.0
342.72362819997943	74.0	100.0
342.74344809999457	74.0	100.0
342.7633267999918	74.0	100.0
342.7842558999837	74.0	100.0
342.80446179999853	74.0	100.0
342.8238836999808	74.0	100.0
342.844088599988	74.0	100.0
342.86393490000046	74.0	100.0
342.884447599994	74.0	100.0
342.9040238999878	74.0	100.0
342.92399819998536	74.0	100.0
342.9435966000019	74.0	100.0
342.9640412000008	74.0	100.0
342.98411249998026	74.0	100.0
343.0043053999834	74.0	100.0
343.02425499999663	74.0	100.0
343.04394740000134	74.0	100.0
343.0665280999965	74.0	100.0
343.0843341999862	74.0	100.0
343.10407309999573	74.0	100.0
343.1237176999857	74.0	100.0
343.1438546999998	74.0	100.0
343.1639255999762	74.0	100.0
343.1839342000021	74.0	100.0
343.2054234999814	74.0	100.0
343.2241043999966	74.0	100.0
343.24414719999186	74.0	100.0
343.26392609998584	74.0	100.0
343.28527979998034	74.0	100.0
343.30420099999174	74.0	100.0
343.32437980000395	74.0	100.0
343.3451920999796	74.0	100.0
343.3642436999944	74.0	100.0
343.3852278999984	74.0	100.0
343.4054647999874	75.0	100.0
343.42418429997633	75.0	100.0
343.44501969998237	75.0	100.0
343.4624333999818	75.0	100.0
343.48434120000456	75.0	100.0
343.50595989997964	75.0	100.0
343.52612349999254	75.0	100.0
343.5496270000003	75.0	100.0
343.5662889999803	75.0	100.0
343.584979199979	75.0	100.0
343.60245700000087	75.0	100.0
343.62052389999735	75.0	100.0
343.6412561000034	75.0	100.0
343.6632249999966	75.0	100.0
343.6827347999788	75.0	100.0
343.7048552999913	75.0	100.0
343.7249055999855	75.0	100.0
343.7491289000027	75.0	100.0
343.7652928000025	75.0	100.0
343.78505289999885	75.0	100.0
343.80540969999856	75.0	100.0
343.82522529998096	75.0	100.0
343.8450464999769	75.0	100.0
343.86436129998765	75.0	100.0
343.88495159999	75.0	100.0
343.9051746999903	75.0	100.0
343.9251763999928	75.0	100.0
343.94524299999466	75.0	100.0
343.96559369997703	75.0	100.0
343.9850778999971	75.0	100.0
344.0060253999836	75.0	100.0
344.02526579998084	75.0	100.0
344.04542569999467	75.0	100.0
344.0653149999853	75.0	100.0
344.0853615999804	75.0	100.0
344.10597929998767	75.0	100.0
344.1263007999805	75.0	100.0
344.1452211999858	75.0	100.0
344.1658572999877	75.0	100.0
344.1853656999883	75.0	100.0
344.20595589998993	75.0	100.0
344.2255583999795	75.0	100.0
344.2458342000027	75.0	100.0
344.265319899976	75.0	100.0
344.28591879998567	75.0	100.0
344.30702909998945	75.0	100.0
344.32581619999837	75.0	100.0
344.3462781999842	75.0	100.0
344.3676355999778	75.0	100.0
344.38292619999265	75.0	100.0
344.40604939998593	77.0	100.0
344.42608279999695	77.0	100.0
344.4459672999801	77.0	100.0
344.466039299994	77.0	100.0
344.48584439998376	77.0	100.0
344.5057646999776	77.0	100.0
344.5257744999835	77.0	100.0
344.545676299982	77.0	100.0
344.56586149998475	77.0	100.0
344.58598370000254	77.0	100.0
344.6061934999889	77.0	100.0
344.6259184999799	77.0	100.0
344.6457489999884	77.0	100.0
344.6659488999867	77.0	100.0
344.68557209998835	77.0	100.0
344.70641069998965	77.0	100.0
344.7259461999929	77.0	100.0
344.7452921999793	77.0	100.0
344.7662178000028	77.0	100.0
344.78575869998895	77.0	100.0
344.8063435999793	77.0	100.0
344.82613809997565	77.0	100.0
344.84581859997706	77.0	100.0
344.86598039997625	77.0	100.0
344.88639859997784	77.0	100.0
344.9059358999948	77.0	100.0
344.9259117000038	77.0	100.0
344.94555689999834	77.0	100.0
344.96534139997675	77.0	100.0
344.98550699997577	77.0	100.0
345.0058727999858	77.0	100.0
345.0253237999859	77.0	100.0
345.0458982999844	77.0	100.0
345.0664119999856	77.0	100.0
345.0860645999783	77.0	100.0
345.10640910000075	77.0	100.0
345.1265447999758	77.0	100.0
345.14643789999536	77.0	100.0
345.16631050000433	77.0	100.0
345.1869675999915	77.0	100.0
345.2070953999937	77.0	100.0
345.2267054999829	77.0	100.0
345.2459330999991	77.0	100.0
345.2658906999859	77.0	100.0
345.28589689999353	77.0	100.0
345.30748259997927	77.0	100.0
345.32683899998665	77.0	100.0
345.3461307999969	77.0	100.0
345.36669159997837	77.0	100.0
345.38621879997663	77.0	100.0
345.4073710999801	78.0	100.0
345.4275174999784	78.0	100.0
345.44714699999895	78.0	100.0
345.46626819999074	78.0	100.0
345.48706149999634	78.0	100.0
345.5058614999871	78.0	100.0
345.5259854999895	78.0	100.0
345.54661359998863	78.0	100.0
345.5658939999994	78.0	100.0
345.58605659997556	78.0	100.0
345.6077473999758	78.0	100.0
345.6259833999793	78.0	100.0
345.6462863999768	78.0	100.0
345.66590759999235	78.0	100.0
345.6864463999809	78.0	100.0
345.7066397999879	78.0	100.0
345.7260731999995	78.0	100.0
345.74737689999165	78.0	100.0
345.76698839999153	78.0	100.0
345.78674439998576	78.0	100.0
345.8073669000005	78.0	100.0
345.82705429999623	78.0	100.0
345.8475679999974	78.0	100.0
345.867030399997	78.0	100.0
345.88746399999945	78.0	100.0
345.90828010000405	78.0	100.0
345.92721939997864	78.0	100.0
345.9492888999812	78.0	100.0
345.96725079999305	78.0	100.0
345.98639219999313	78.0	100.0
346.0071671999758	78.0	100.0
346.0268022999808	78.0	100.0
346.0467822999926	78.0	100.0
346.06588479998754	78.0	100.0
346.0868582999974	78.0	100.0
346.10749699998996	78.0	100.0
346.1332717000041	78.0	100.0
346.1467326999991	78.0	100.0
346.16862919999403	78.0	100.0
346.1868401999818	78.0	100.0
346.2075356999994	78.0	100.0
346.2258292999759	78.0	100.0
346.24585269999807	78.0	100.0
346.26618599999347	78.0	100.0
346.2870542999881	78.0	100.0
346.3070565999951	78.0	100.0
346.3267266000039	78.0	100.0
346.3461204999767	78.0	100.0
346.3668555999757	78.0	100.0
346.3879223999975	78.0	100.0
346.40812539999024	79.0	100.0
346.4270535999967	79.0	100.0
346.44774849998066	79.0	100.0
346.4675150999974	79.0	100.0
346.48787929999526	79.0	100.0
346.5073100999871	79.0	100.0
346.5315079999855	79.0	100.0
346.5473223000008	79.0	100.0
346.56717379999463	79.0	100.0
346.5826808999991	79.0	100.0
346.60400839999784	79.0	100.0
346.62383739999495	79.0	100.0
346.64493270000094	79.0	100.0
346.6651835999801	79.0	100.0
346.68565050000325	79.0	100.0
346.70574649999617	79.0	100.0
346.72811269998783	79.0	100.0
346.7478969999938	79.0	100.0
346.767984599981	79.0	100.0
346.78812109999126	79.0	100.0
346.80899199997657	79.0	100.0
346.8275725999847	79.0	100.0
346.84810469998047	79.0	100.0
346.8675726999936	79.0	100.0
346.8881862999988	79.0	100.0
346.90804280000157	79.0	100.0
346.9279286999954	79.0	100.0
346.9477935000032	79.0	100.0
346.9677921999828	79.0	100.0
346.9877565999923	79.0	100.0
347.00843069999246	79.0	100.0
347.0271259000001	79.0	100.0
347.0480283999932	79.0	100.0
347.0677269999869	79.0	100.0
347.0881163000013	79.0	100.0
347.1082717999816	79.0	100.0
347.12786680000136	79.0	100.0
347.14777939999476	79.0	100.0
347.1682074999844	79.0	100.0
347.18801939999685	79.0	100.0
347.2083519999869	79.0	100.0
347.22773699997924	79.0	100.0
347.2482749999908	79.0	100.0
347.26786569997785	79.0	100.0
347.2882184999762	79.0	100.0
347.30810229998315	79.0	100.0
347.32815719998325	79.0	100.0
347.350219999993	79.0	100.0
347.3673364999995	79.0	100.0
347.38734859999386	79.0	100.0
347.4084884999902	79.0	100.0
347.42823849999695	79.0	100.0
347.44839069998125	79.0	100.0
347.4683331999986	79.0	100.0
347.48843739999575	79.0	100.0
347.5086030999955	79.0	100.0
347.52871620000224	79.0	100.0
347.5482660999987	79.0	100.0
347.5679967000033	79.0	100.0
347.5886577999918	79.0	100.0
347.6085880000028	79.0	100.0
347.6284145999816	79.0	100.0
347.64957809998305	79.0	100.0
347.66848890000256	79.0	100.0
347.68918929999927	79.0	100.0
347.70925869999337	79.0	100.0
347.7282698999916	79.0	100.0
347.7479553000012	79.0	100.0
347.769489600003	79.0	100.0
347.7887387999799	79.0	100.0
347.8092739999993	79.0	100.0
347.82905139998184	79.0	100.0
347.8489953999815	79.0	100.0
347.8690422999789	79.0	100.0
347.88932550000027	79.0	100.0
347.9088397999876	79.0	100.0
347.92885789999855	79.0	100.0
347.94955599997775	79.0	100.0
347.9698515999771	79.0	100.0
347.9892627999943	79.0	100.0
348.0099089999858	79.0	100.0
348.029301499977	79.0	100.0
348.0497953000013	79.0	100.0
348.0693343000021	79.0	100.0
348.089253299986	79.0	100.0
348.10967399997753	79.0	100.0
348.1299975999864	79.0	100.0
348.14947639999446	79.0	100.0
348.1698198999802	79.0	100.0
348.1896975999989	79.0	100.0
348.2099353999947	79.0	100.0
348.2295665999991	79.0	100.0
348.2500493999978	79.0	100.0
348.269384299987	79.0	100.0
348.2899367999926	79.0	100.0
348.3100792999903	79.0	100.0
348.33056099998066	79.0	100.0
348.35010109998984	79.0	100.0
348.3699669999769	79.0	100.0
348.3911074999778	79.0	100.0
348.410376099986	78.0	100.0
348.4298054999963	78.0	100.0
348.4498678999953	78.0	100.0
348.4704120999959	78.0	100.0
348.4899484999769	78.0	100.0
348.50992539999424	78.0	100.0
348.5300447999907	78.0	100.0
348.55015959998127	78.0	100.0
348.5699158999778	78.0	100.0
348.58997430000454	78.0	100.0
348.6109210999857	78.0	100.0
348.6294060999935	78.0	100.0
348.6490739999863	78.0	100.0
348.66953049998847	78.0	100.0
348.68973449998884	78.0	100.0
348.70985250000376	78.0	100.0
348.7295466999931	78.0	100.0
348.7493738999765	78.0	100.0
348.76952459997847	78.0	100.0
348.7893336999987	78.0	100.0
348.80975839999155	78.0	100.0
348.8294513000001	78.0	100.0
348.85027959998115	78.0	100.0
348.87014230000204	78.0	100.0
348.8898360999883	78.0	100.0
348.90994939999655	78.0	100.0
348.93002060000435	78.0	100.0
348.9492280999839	78.0	100.0
348.97045669998624	78.0	100.0
348.9895751999866	78.0	100.0
349.01022399999783	78.0	100.0
349.029744200001	78.0	100.0
349.04971749999095	78.0	100.0
349.07158869999694	78.0	100.0
349.0898204999976	78.0	100.0
349.11014169998816	78.0	100.0
349.1297481999791	78.0	100.0
349.1500503999996	78.0	100.0
349.1698967999837	78.0	100.0
349.1896189999825	78.0	100.0
349.21064659999683	78.0	100.0
349.22954699999536	78.0	100.0
349.24950849998277	78.0	100.0
349.2701109999907	78.0	100.0
349.28926599997794	78.0	100.0
349.3097254000022	78.0	100.0
349.331174299994	78.0	100.0
349.34982549998676	78.0	100.0
349.36953579998226	78.0	100.0
349.3912854999944	78.0	100.0
349.41090639997856	79.0	100.0
349.43146349999006	79.0	100.0
349.4507834999822	79.0	100.0
349.4701074999757	79.0	100.0
349.49034259998007	79.0	100.0
349.5110194000008	79.0	100.0
349.5309217000031	79.0	100.0
349.55001419998007	79.0	100.0
349.57279999999446	79.0	100.0
349.59120429999894	79.0	100.0
349.61044599997695	79.0	100.0
349.63201859997935	79.0	100.0
349.6513858999824	79.0	100.0
349.67057629997726	79.0	100.0
349.6916374999855	79.0	100.0
349.7115948999999	79.0	100.0
349.73148210000363	79.0	100.0
349.7516676999803	79.0	100.0
349.77107779998914	79.0	100.0
349.79020779998973	79.0	100.0
349.81119919999037	79.0	100.0
349.8308696000022	79.0	100.0
349.85114169999724	79.0	100.0
349.87111479998566	79.0	100.0
349.89120879999246	79.0	100.0
349.911537899985	79.0	100.0
349.9313208999811	79.0	100.0
349.9514952999889	79.0	100.0
349.9708657999872	79.0	100.0
349.99156539997784	79.0	100.0
350.01174349998473	79.0	100.0
350.0311250999803	79.0	100.0
350.0516978999949	79.0	100.0
350.0716749999847	79.0	100.0
350.0916540999897	79.0	100.0
350.1120952999918	79.0	100.0
350.13155109999934	79.0	100.0
350.1519783999829	79.0	100.0
350.17194729999756	79.0	100.0
350.1919699999853	79.0	100.0
350.21247239998775	79.0	100.0
350.2320614999917	79.0	100.0
350.252342199994	79.0	100.0
350.27187229998526	79.0	100.0
350.2926789999765	79.0	100.0
350.3122145999805	79.0	100.0
350.33205359999556	79.0	100.0
350.35189900000114	79.0	100.0
350.37209509999957	79.0	100.0
350.3929850999848	79.0	100.0
350.41360909998184	79.0	100.0
350.432839599991	79.0	100.0
350.4532608999871	79.0	100.0
350.4731219999958	79.0	100.0
350.4929867000028	79.0	100.0
350.512041399983	79.0	100.0
350.5323337999871	79.0	100.0
350.5520838999946	79.0	100.0
350.57216250000056	79.0	100.0
350.5923465999949	79.0	100.0
350.612432599999	79.0	100.0
350.63203749997774	79.0	100.0
350.6532924999774	79.0	100.0
350.6726210999768	79.0	100.0
350.69233930000337	79.0	100.0
350.7129112999828	79.0	100.0
350.733957599994	79.0	100.0
350.75288409998757	79.0	100.0
350.77290149999317	79.0	100.0
350.79279759997735	79.0	100.0
350.8131041000015	79.0	100.0
350.8331481999776	79.0	100.0
350.85302569999476	79.0	100.0
350.87391369999386	79.0	100.0
350.89346279998426	79.0	100.0
350.91390899999533	79.0	100.0
350.93345829998725	79.0	100.0
350.95723219998763	79.0	100.0
350.97367859998485	79.0	100.0
350.9938670999836	79.0	100.0
351.01431239998783	79.0	100.0
351.03356469998835	79.0	100.0
351.0537907999824	79.0	100.0
351.07408669998404	79.0	100.0
351.0936081999971	79.0	100.0
351.11377889997675	79.0	100.0
351.1336274999776	79.0	100.0
351.15331850000075	79.0	100.0
351.1742299000034	79.0	100.0
351.19367489998695	79.0	100.0
351.2137703000044	79.0	100.0
351.23384319999604	79.0	100.0
351.25366629997734	79.0	100.0
351.27319749997696	79.0	100.0
351.29331499998807	79.0	100.0
351.3133139999991	79.0	100.0
351.3330210999993	79.0	100.0
351.35317399998894	79.0	100.0
351.3731898999831	79.0	100.0
351.39414969997597	79.0	100.0
351.413546900003	80.0	100.0
351.43331649998436	80.0	100.0
351.4532814999984	80.0	100.0
351.4732367999968	80.0	100.0
351.4934846999822	80.0	100.0
351.5132875999843	80.0	100.0
351.5333156999841	80.0	100.0
351.5539906999911	80.0	100.0
351.5739100999781	80.0	100.0
351.59396539998124	80.0	100.0
351.614365299989	80.0	100.0
351.63360999998986	80.0	100.0
351.65404029999627	80.0	100.0
351.6741105999972	80.0	100.0
351.69609839998884	80.0	100.0
351.7144978999859	80.0	100.0
351.73410599998897	80.0	100.0
351.7538083999825	80.0	100.0
351.7754620999913	80.0	100.0
351.7942633999919	80.0	100.0
351.81491349998396	80.0	100.0
351.83397179999156	80.0	100.0
351.8548751999915	80.0	100.0
351.87408809998306	80.0	100.0
351.89532079998753	80.0	100.0
351.9151721999806	80.0	100.0
351.9342293999798	80.0	100.0
351.9539898999792	80.0	100.0
351.9741255999834	80.0	100.0
351.99372679999215	80.0	100.0
352.0149546999892	80.0	100.0
352.03383219998796	80.0	100.0
352.0547625999898	80.0	100.0
352.0734952999919	80.0	100.0
352.09563779999735	80.0	100.0
352.1143924999924	80.0	100.0
352.13505889999215	80.0	100.0
352.1537843999977	80.0	100.0
352.17472629999975	80.0	100.0
352.195172799984	80.0	100.0
352.21526149997953	80.0	100.0
352.2339022999804	80.0	100.0
352.2537975999876	80.0	100.0
352.27375069999835	80.0	100.0
352.2942845999787	80.0	100.0
352.3150592999882	80.0	100.0
352.3381087000016	80.0	100.0
352.35420089997933	80.0	100.0
352.37492039997596	80.0	100.0
352.3964335999917	80.0	100.0
352.4158582999953	79.0	100.0
352.4350004000007	79.0	100.0
352.4550677999796	79.0	100.0
352.4750226000033	79.0	100.0
352.4955131000024	79.0	100.0
352.5157493999868	79.0	100.0
352.535341299983	79.0	100.0
352.5548931999947	79.0	100.0
352.57727239999804	79.0	100.0
352.5955569999933	79.0	100.0
352.61613670000224	79.0	100.0
352.63648600000306	79.0	100.0
352.65575209999224	79.0	100.0
352.67605069998535	79.0	100.0
352.6958312999923	79.0	100.0
352.7163758999959	79.0	100.0
352.73573970000143	79.0	100.0
352.7559006999945	79.0	100.0
352.77575479997904	79.0	100.0
352.79555929999333	79.0	100.0
352.8159079999896	79.0	100.0
352.8357056999812	79.0	100.0
352.8556117999833	79.0	100.0
352.8755187999923	79.0	100.0
352.895697400003	79.0	100.0
352.91617149999365	79.0	100.0
352.93607969998266	79.0	100.0
352.9555701999925	79.0	100.0
352.975418099988	79.0	100.0
352.9964750999934	79.0	100.0
353.0172354999813	79.0	100.0
353.03576279999106	79.0	100.0
353.055993499991	79.0	100.0
353.0755521999963	79.0	100.0
353.09610189998057	79.0	100.0
353.116938799998	79.0	100.0
353.13577500000247	79.0	100.0
353.15505770000163	79.0	100.0
353.17644290000317	79.0	100.0
353.1959610999911	79.0	100.0
353.21663559999433	79.0	100.0
353.2360354999837	79.0	100.0
353.25637879999704	79.0	100.0
353.27607269998407	79.0	100.0
353.29642060000333	79.0	100.0
353.3164576999843	79.0	100.0
353.3379019999993	79.0	100.0
353.3561784999911	79.0	100.0
353.3760086999973	79.0	100.0
353.39648349999334	79.0	100.0
353.4168706999917	79.0	100.0
353.4359183999768	79.0	100.0
353.4569535999908	79.0	100.0
353.4769557999971	79.0	100.0
353.4961102999805	79.0	100.0
353.516117399995	79.0	100.0
353.5361731000012	79.0	100.0
353.5572684999788	79.0	100.0
353.57720839997637	79.0	100.0
353.5973573999945	79.0	100.0
353.61652270000195	79.0	100.0
353.6361248999892	79.0	100.0
353.657251800003	79.0	100.0
353.67655069998	79.0	100.0
353.69661429998814	79.0	100.0
353.7169199999771	79.0	100.0
353.73682809999445	79.0	100.0
353.7563821999938	79.0	100.0
353.7767015999998	79.0	100.0
353.79693439998664	79.0	100.0
353.81729979999363	79.0	100.0
353.8371852999844	79.0	100.0
353.8570917999896	79.0	100.0
353.8771708999993	79.0	100.0
353.89725089998683	79.0	100.0
353.9174659999844	79.0	100.0
353.93708869998227	79.0	100.0
353.95711649997975	79.0	100.0
353.97769639999024	79.0	100.0
353.9974341999914	79.0	100.0
354.0178394999821	79.0	100.0
354.0377913999837	79.0	100.0
354.05780939999386	79.0	100.0
354.07752999998047	79.0	100.0
354.09765119999065	79.0	100.0
354.1175403999805	79.0	100.0
354.1378356999776	79.0	100.0
354.1578090999974	79.0	100.0
354.1774789999763	79.0	100.0
354.1975079999829	79.0	100.0
354.2177950000041	79.0	100.0
354.2376610999927	79.0	100.0
354.25756629998796	79.0	100.0
354.27919349999866	79.0	100.0
354.29758579999907	79.0	100.0
354.3173065999872	79.0	100.0
354.33819189999485	79.0	100.0
354.35690319997957	79.0	100.0
354.37723059998825	79.0	100.0
354.3976382999972	79.0	100.0
354.4175378999789	79.0	100.0
354.4372016999987	79.0	100.0
354.457505999977	79.0	100.0
354.47710879999795	79.0	100.0
354.49747829997796	79.0	100.0
354.5173229999782	79.0	100.0
354.5408593000029	79.0	100.0
354.5573148999829	79.0	100.0
354.577224299981	79.0	100.0
354.5971867000044	79.0	100.0
354.6176930999791	79.0	100.0
354.63735919998726	79.0	100.0
354.6577270999842	79.0	100.0
354.67738109998754	79.0	100.0
354.6974182999984	79.0	100.0
354.71761349998997	79.0	100.0
354.7376280000026	79.0	100.0
354.7579379999952	79.0	100.0
354.7775742999802	79.0	100.0
354.7974004999851	79.0	100.0
354.8178258999833	79.0	100.0
354.83717299997807	79.0	100.0
354.8575221999781	79.0	100.0
354.8773369999835	79.0	100.0
354.8975805999944	79.0	100.0
354.9176196999906	79.0	100.0
354.93738079999457	79.0	100.0
354.95728780000354	79.0	100.0
354.97790649998933	79.0	100.0
354.9973694999935	79.0	100.0
355.0185278999852	79.0	100.0
355.03754489999847	79.0	100.0
355.0577233999793	79.0	100.0
355.0774540999846	79.0	100.0
355.0981040999759	79.0	100.0
355.11796529998537	79.0	100.0
355.13754269998753	79.0	100.0
355.1578729999892	79.0	100.0
355.1779190999805	79.0	100.0
355.19743810000364	79.0	100.0
355.21790899999905	79.0	100.0
355.23844699998153	79.0	100.0
355.25781369998003	79.0	100.0
355.278398800001	79.0	100.0
355.297971699998	79.0	100.0
355.3179698000022	79.0	100.0
355.3377120999794	79.0	100.0
355.35796689998824	79.0	100.0
355.3778099999763	79.0	100.0
355.39916979998816	79.0	100.0
355.4188996999874	80.0	100.0
355.4378827000037	80.0	100.0
355.45799719999195	80.0	100.0
355.477902499988	80.0	100.0
355.49779759999365	80.0	100.0
355.51891529999557	80.0	100.0
355.53791600000113	80.0	100.0
355.5588770000031	80.0	100.0
355.58122469999944	80.0	100.0
355.5988541999832	80.0	100.0
355.61911879997933	80.0	100.0
355.6403031999944	80.0	100.0
355.65915659998427	80.0	100.0
355.67976369999815	80.0	100.0
355.6995470999973	80.0	100.0
355.7170943999954	80.0	100.0
355.7393533999857	80.0	100.0
355.7593988000008	80.0	100.0
355.7788357999816	80.0	100.0
355.7979454000015	80.0	100.0
355.8201690999849	80.0	100.0
355.8390486999997	80.0	100.0
355.85891249999986	80.0	100.0
355.8790052999975	80.0	100.0
355.8979844999849	80.0	100.0
355.9192405999929	80.0	100.0
355.9389334000007	80.0	100.0
355.95861969998805	80.0	100.0
355.97899569998845	80.0	100.0
355.99899520000326	80.0	100.0
356.01921440000297	80.0	100.0
356.0387276999827	80.0	100.0
356.05813259998104	80.0	100.0
356.07880200000363	80.0	100.0
356.0990859000012	80.0	100.0
356.1193861999782	80.0	100.0
356.1390979999851	80.0	100.0
356.15892899999744	80.0	100.0
356.1792749000015	80.0	100.0
356.19968949997565	80.0	100.0
356.220038200001	80.0	100.0
356.23970149998786	80.0	100.0
356.25915879997774	80.0	100.0
356.27901519997977	80.0	100.0
356.2996627999819	80.0	100.0
356.3196576999908	80.0	100.0
356.33908399997745	80.0	100.0
356.3583100999822	80.0	100.0
356.3797041999933	80.0	100.0
356.40022959999624	80.0	100.0
356.42085599998245	82.0	100.0
356.438536200003	82.0	100.0
356.45975579999504	82.0	100.0
356.4801387999905	82.0	100.0
356.50019179997616	82.0	100.0
356.5199757999799	82.0	100.0
356.5399081999785	82.0	100.0
356.55855319998227	82.0	100.0
356.5798015999899	82.0	100.0
356.60113909997744	82.0	100.0
356.6202721000009	82.0	100.0
356.63909939999576	82.0	100.0
356.66045779999695	82.0	100.0
356.67999029997736	82.0	100.0
356.70009779999964	82.0	100.0
356.72023519998766	82.0	100.0
356.7408889999788	82.0	100.0
356.76014089997625	82.0	100.0
356.7807840000023	82.0	100.0
356.79997860000003	82.0	100.0
356.82118499997887	82.0	100.0
356.8401472999831	82.0	100.0
356.8600463999901	82.0	100.0
356.8800607000012	82.0	100.0
356.9002494000015	82.0	100.0
356.92032919998746	82.0	100.0
356.94018439998035	82.0	100.0
356.9602352999791	82.0	100.0
356.9803768999991	82.0	100.0
356.9999743999797	82.0	100.0
357.020846600004	82.0	100.0
357.0400706999935	82.0	100.0
357.059844399977	82.0	100.0
357.08011319997604	82.0	100.0
357.100409799983	82.0	100.0
357.12064989999635	82.0	100.0
357.13990280000144	82.0	100.0
357.1602573999844	82.0	100.0
357.18006230000174	82.0	100.0
357.20046100000036	82.0	100.0
357.22151949998806	82.0	100.0
357.24130480000167	82.0	100.0
357.26145079999696	82.0	100.0
357.28099939998356	82.0	100.0
357.301478999987	82.0	100.0
357.321274899994	82.0	100.0
357.34139749998576	82.0	100.0
357.3601198999968	82.0	100.0
357.38070429998334	82.0	100.0
357.40138119997573	82.0	100.0
357.4212850999902	83.0	100.0
357.4412664999836	83.0	100.0
357.46138910000445	83.0	100.0
357.48143960000016	83.0	100.0
357.5016927999968	83.0	100.0
357.5227712999913	83.0	100.0
357.5407389999891	83.0	100.0
357.5612467000028	83.0	100.0
357.5812878999859	83.0	100.0
357.6015957999916	83.0	100.0
357.62240979998023	83.0	100.0
357.64166699998896	83.0	100.0
357.66159519998473	83.0	100.0
357.68104259998654	83.0	100.0
357.6999666999909	83.0	100.0
357.7214508999896	83.0	100.0
357.74173979999614	83.0	100.0
357.76143220000085	83.0	100.0
357.78097659998457	83.0	100.0
357.80544229998486	83.0	100.0
357.82234409998637	83.0	100.0
357.8418400999799	83.0	100.0
357.8613761999877	83.0	100.0
357.8814108999795	83.0	100.0
357.90125959998113	83.0	100.0
357.92159129999345	83.0	100.0
357.9414751000004	83.0	100.0
357.96152879999136	83.0	100.0
357.9817675999948	83.0	100.0
358.0014073999773	83.0	100.0
358.02152359997854	83.0	100.0
358.04124369999045	83.0	100.0
358.06121739998343	83.0	100.0
358.08133829999133	83.0	100.0
358.1009939999785	83.0	100.0
358.12197330000345	83.0	100.0
358.14189209998585	83.0	100.0
358.1616021999798	83.0	100.0
358.1808141999936	83.0	100.0
358.2012326999975	83.0	100.0
358.2220185000042	83.0	100.0
358.2418097000045	83.0	100.0
358.26175039997906	83.0	100.0
358.28111789998366	83.0	100.0
358.3011256000027	83.0	100.0
358.3211858999857	83.0	100.0
358.3420927999832	83.0	100.0
358.36054769999464	83.0	100.0
358.37768179998966	83.0	100.0
358.39791649999097	83.0	100.0
358.4184739999764	84.0	100.0
358.4394520999922	84.0	100.0
358.46063210000284	84.0	100.0
358.47900939997635	84.0	100.0
358.501763999986	84.0	100.0
358.5228142999986	84.0	100.0
358.5419568999787	84.0	100.0
358.5617452999868	84.0	100.0
358.5837288000039	84.0	100.0
358.6013003999833	84.0	100.0
358.6220131999871	84.0	100.0
358.64165149998735	84.0	100.0
358.6619344999781	84.0	100.0
358.6819808	84.0	100.0
358.7021661000035	84.0	100.0
358.721601199999	84.0	100.0
358.74136719998205	84.0	100.0
358.7621142999851	84.0	100.0
358.7814321999904	84.0	100.0
358.8015475999855	84.0	100.0
358.82237700000405	84.0	100.0
358.8426736999827	84.0	100.0
358.8599210999964	84.0	100.0
358.8776135999942	84.0	100.0
358.89825759999803	84.0	100.0
358.9192072000005	84.0	100.0
358.94174270000076	84.0	100.0
358.9618602999835	84.0	100.0
358.9814432999992	84.0	100.0
359.0018200999766	84.0	100.0
359.0220855999796	84.0	100.0
359.04140899999766	84.0	100.0
359.0621026000008	84.0	100.0
359.0818866000045	84.0	100.0
359.10188139998354	84.0	100.0
359.122349399986	84.0	100.0
359.1422520999913	84.0	100.0
359.16152609998244	84.0	100.0
359.1821852999856	84.0	100.0
359.2065767000022	84.0	100.0
359.22173999997904	84.0	100.0
359.2413355000026	84.0	100.0
359.2618801999779	84.0	100.0
359.2819526999956	84.0	100.0
359.30202999999165	84.0	100.0
359.321529799985	84.0	100.0
359.34187279999605	84.0	100.0
359.36188499999116	84.0	100.0
359.382046099985	84.0	100.0
359.40204839999205	84.0	100.0
359.42227199999616	85.0	100.0
359.44165969997994	85.0	100.0
359.46193059999496	85.0	100.0
359.481767499994	85.0	100.0
359.50180549998186	85.0	100.0
359.52186199999414	85.0	100.0
359.5419356999919	85.0	100.0
359.5614208999905	85.0	100.0
359.58245019998867	85.0	100.0
359.6026607999811	85.0	100.0
359.6230069999874	85.0	100.0
359.6423356999876	85.0	100.0
359.66361399999005	85.0	100.0
359.68401850000373	85.0	100.0
359.70297659997595	85.0	100.0
359.7235741999757	85.0	100.0
359.74278420000337	85.0	100.0
359.76228209998226	85.0	100.0
359.78258329999517	85.0	100.0
359.80102539999643	85.0	100.0
359.82093459999305	85.0	100.0
359.8496144999808	85.0	100.0
359.85804739999	85.0	100.0
359.8781142999942	85.0	100.0
359.89777579999645	85.0	100.0
359.917529999977	85.0	100.0
359.94091330000083	85.0	100.0
359.9620597999892	85.0	100.0
359.9830034999759	85.0	100.0
360.00308959998074	85.0	100.0
360.0235599000007	85.0	100.0
360.0431567999767	85.0	100.0
360.0626682000002	85.0	100.0
360.08283269999083	85.0	100.0
360.10287199998857	85.0	100.0
360.12306949999765	85.0	100.0
360.14397899998585	85.0	100.0
360.1634159999958	85.0	100.0
360.1834941999987	85.0	100.0
360.2034781999828	85.0	100.0
360.2235282000038	85.0	100.0
360.2427605999983	85.0	100.0
360.2630467999843	85.0	100.0
360.28290179997566	85.0	100.0
360.3031027999823	85.0	100.0
360.32415810000384	85.0	100.0
360.3435974000022	85.0	100.0
360.3635497999785	85.0	100.0
360.38364960000035	85.0	100.0
360.4039845999796	85.0	100.0
360.4240873999952	87.0	100.0
360.4440579999937	87.0	100.0
360.46405789998244	87.0	100.0
360.48396319997846	87.0	100.0
360.5041597999807	87.0	100.0
360.5241184999759	87.0	100.0
360.5439479999768	87.0	100.0
360.5660186999885	87.0	100.0
360.5840125999821	87.0	100.0
360.6039271999907	87.0	100.0
360.6248071999871	87.0	100.0
360.64408820000244	87.0	100.0
360.6642995000002	87.0	100.0
360.6841241999937	87.0	100.0
360.704101899988	87.0	100.0
360.7243141999934	87.0	100.0
360.74395319999894	87.0	100.0
360.7636554999917	87.0	100.0
360.7838566999999	87.0	100.0
360.8039280999801	87.0	100.0
360.82319769999594	87.0	100.0
360.84826899998006	87.0	100.0
360.8634539999766	87.0	100.0
360.88387809999404	87.0	100.0
360.90421109998715	87.0	100.0
360.9249359999958	87.0	100.0
360.94444540000404	87.0	100.0
360.96369309999864	87.0	100.0
360.9863298999844	87.0	100.0
361.0049447999918	87.0	100.0
361.02530789998127	87.0	100.0
361.0446618999995	87.0	100.0
361.0649011999776	87.0	100.0
361.08493769998313	87.0	100.0
361.1044014999934	87.0	100.0
361.124968499993	87.0	100.0
361.144891599979	87.0	100.0
361.1651816999947	87.0	100.0
361.18679409998003	87.0	100.0
361.2046315000043	87.0	100.0
361.22539109998615	87.0	100.0
361.2450761999935	87.0	100.0
361.2650821999996	87.0	100.0
361.2842480999825	87.0	100.0
361.3052572000015	87.0	100.0
361.32482660000096	87.0	100.0
361.3453030999808	87.0	100.0
361.36427019999246	87.0	100.0
361.38442789998953	87.0	100.0
361.40551019998384	87.0	100.0
361.4256468999956	87.0	100.0
361.4452255999786	87.0	100.0
361.4653740999929	87.0	100.0
361.4850815999962	87.0	100.0
361.5052414999809	87.0	100.0
361.52532319998136	87.0	100.0
361.54540499998257	87.0	100.0
361.5633567000041	87.0	100.0
361.58734719999484	87.0	100.0
361.6052581999975	87.0	100.0
361.62565649999306	87.0	100.0
361.64462239999557	87.0	100.0
361.66580980000435	87.0	100.0
361.68527039999026	87.0	100.0
361.70543579998775	87.0	100.0
361.72537479997845	87.0	100.0
361.7459381999797	87.0	100.0
361.7663113999879	87.0	100.0
361.7852692999877	87.0	100.0
361.8054806999862	87.0	100.0
361.8257677999791	87.0	100.0
361.84520179999527	87.0	100.0
361.8657188999932	87.0	100.0
361.88565319997724	87.0	100.0
361.9068031999923	87.0	100.0
361.92361119997804	87.0	100.0
361.94351709997864	87.0	100.0
361.9652247999911	87.0	100.0
361.9860854999861	87.0	100.0
362.00609469998744	87.0	100.0
362.0260782999976	87.0	100.0
362.04586559999734	87.0	100.0
362.0653519000043	87.0	100.0
362.0850853000011	87.0	100.0
362.10533199997735	87.0	100.0
362.1259846999892	87.0	100.0
362.1457449999871	87.0	100.0
362.1653735	87.0	100.0
362.18539509997936	87.0	100.0
362.20530489998055	87.0	100.0
362.22582890000194	87.0	100.0
362.2457800999982	87.0	100.0
362.2659522999893	87.0	100.0
362.28663940000115	87.0	100.0
362.306065199984	87.0	100.0
362.3259136999841	87.0	100.0
362.34535399999004	87.0	100.0
362.36608829998295	87.0	100.0
362.3856576999824	87.0	100.0
362.4067376999883	87.0	100.0
362.4269519999798	88.0	100.0
362.4460162000032	88.0	100.0
362.4661472000007	88.0	100.0
362.4861857999931	88.0	100.0
362.5056029999978	88.0	100.0
362.5257677999907	88.0	100.0
362.54585439999937	88.0	100.0
362.5653442000039	88.0	100.0
362.5854758999776	88.0	100.0
362.6053075999953	88.0	100.0
362.62597989998176	88.0	100.0
362.6452910999942	88.0	100.0
362.6671444999811	88.0	100.0
362.6852125999867	88.0	100.0
362.7058770000003	88.0	100.0
362.72591549999197	88.0	100.0
362.7460809999902	88.0	100.0
362.76577749999706	88.0	100.0
362.78592070000013	88.0	100.0
362.8053283999907	88.0	100.0
362.8258802999917	88.0	100.0
362.8458538999839	88.0	100.0
362.86629809997976	88.0	100.0
362.88562159999856	88.0	100.0
362.90531999999075	88.0	100.0
362.9266830999986	88.0	100.0
362.9460037999961	88.0	100.0
362.9659148999781	88.0	100.0
362.98620299997856	88.0	100.0
363.006593899976	88.0	100.0
363.02607219998026	88.0	100.0
363.04607589999796	88.0	100.0
363.0661831999896	88.0	100.0
363.0862795999856	88.0	100.0
363.1058769999945	88.0	100.0
363.1267629999784	88.0	100.0
363.14702859998215	88.0	100.0
363.16672489998746	88.0	100.0
363.18667500000447	88.0	100.0
363.20655819997774	88.0	100.0
363.22650729998713	88.0	100.0
363.24826299998676	88.0	100.0
363.26718809999875	88.0	100.0
363.28699459999916	88.0	100.0
363.30711679998785	88.0	100.0
363.3272033999965	88.0	100.0
363.3479606999899	88.0	100.0
363.36750019999454	88.0	100.0
363.38718170000357	88.0	100.0
363.40804359997855	88.0	100.0
363.4280523999769	88.0	100.0
363.44731749998755	88.0	100.0
363.46796409998205	88.0	100.0
363.4872276999813	88.0	100.0
363.5081542999833	88.0	100.0
363.528003799991	88.0	100.0
363.5511224999791	88.0	100.0
363.56982929998776	88.0	100.0
363.58779550000327	88.0	100.0
363.60762429999886	88.0	100.0
363.62818379999953	88.0	100.0
363.64774580000085	88.0	100.0
363.66755079998984	88.0	100.0
363.68783209999674	88.0	100.0
363.7080735999916	88.0	100.0
363.72758619999513	88.0	100.0
363.74776420000126	88.0	100.0
363.7674874999793	88.0	100.0
363.78780629998073	88.0	100.0
363.8079567999812	88.0	100.0
363.82788480000454	88.0	100.0
363.8476820999931	88.0	100.0
363.8676837999956	88.0	100.0
363.88738589998684	88.0	100.0
363.9079138999805	88.0	100.0
363.9282232999976	88.0	100.0
363.9480942999944	88.0	100.0
363.96820549998665	88.0	100.0
363.9884281999839	88.0	100.0
364.0054836999916	88.0	100.0
364.02883080000174	88.0	100.0
364.0443169999926	88.0	100.0
364.0641671999765	88.0	100.0
364.08262069997727	88.0	100.0
364.10669449999114	88.0	100.0
364.1265245999966	88.0	100.0
364.14914419999695	88.0	100.0
364.1702763999929	88.0	100.0
364.19075129998964	88.0	100.0
364.2105009999941	88.0	100.0
364.2306943000003	88.0	100.0
364.24983839999186	88.0	100.0
364.2704561999999	88.0	100.0
364.2906187999761	88.0	100.0
364.31026420000126	88.0	100.0
364.3305403999984	88.0	100.0
364.35077459999593	88.0	100.0
364.3694890999759	88.0	100.0
364.3906720999803	88.0	100.0
364.4111875999952	88.0	100.0
364.43037479999475	88.0	100.0
364.4487904999987	88.0	100.0
364.47008719999576	88.0	100.0
364.4905743999989	88.0	100.0
364.50954479997745	88.0	100.0
364.53004009998403	88.0	100.0
364.5505009999906	88.0	100.0
364.5702355999965	88.0	100.0
364.59244639999815	88.0	100.0
364.6081604999781	88.0	100.0
364.6318456000008	88.0	100.0
364.6476690999989	88.0	100.0
364.6738200999971	88.0	100.0
364.6874243999773	88.0	100.0
364.7073221000028	88.0	100.0
364.7278428999998	88.0	100.0
364.74856439998257	88.0	100.0
364.76781649998156	88.0	100.0
364.78783829999156	88.0	100.0
364.8108784999931	88.0	100.0
364.8325757999846	88.0	100.0
364.8502806999895	88.0	100.0
364.87018209998496	88.0	100.0
364.890396599978	88.0	100.0
364.91037030000007	88.0	100.0
364.9336395999999	88.0	100.0
364.9510597999906	88.0	100.0
364.9707472999871	88.0	100.0
364.9904692999844	88.0	100.0
365.0110762999975	88.0	100.0
365.0309430999914	88.0	100.0
365.05012060000445	88.0	100.0
365.0697849999997	88.0	100.0
365.0905547000002	88.0	100.0
365.1103671999881	88.0	100.0
365.1303274999955	88.0	100.0
365.1499430999975	88.0	100.0
365.1702542999992	88.0	100.0
365.1926393999893	88.0	100.0
365.2105726999871	88.0	100.0
365.23097489998327	88.0	100.0
365.2505632999819	88.0	100.0
365.2702180999913	88.0	100.0
365.29039789998205	88.0	100.0
365.3116888999939	88.0	100.0
365.3316247999901	88.0	100.0
365.35097889997996	88.0	100.0
365.37120949997916	88.0	100.0
365.3903793999925	88.0	100.0
365.4113820999919	88.0	100.0
365.43393329999526	87.0	100.0
365.4515172999818	87.0	100.0
365.47090709998156	87.0	100.0
365.4911683999817	87.0	100.0
365.5114207000006	87.0	100.0
365.5318840999971	87.0	100.0
365.5517232999846	87.0	100.0
365.5709670999786	87.0	100.0
365.59156749999966	87.0	100.0
365.61063929999364	87.0	100.0
365.63152129997616	87.0	100.0
365.6513427000027	87.0	100.0
365.67232429998694	87.0	100.0
365.69029410000076	87.0	100.0
365.7117646999832	87.0	100.0
365.7325404000003	87.0	100.0
365.75210509999306	87.0	100.0
365.7715648000012	87.0	100.0
365.79192489999696	87.0	100.0
365.81165150000015	87.0	100.0
365.830727499997	87.0	100.0
365.85062909999397	87.0	100.0
365.8702971999883	87.0	100.0
365.89117799999076	87.0	100.0
365.91207659998327	87.0	100.0
365.9323112999846	87.0	100.0
365.9523302000016	87.0	100.0
365.97223439998925	87.0	100.0
365.99213719999534	87.0	100.0
366.0111903999932	87.0	100.0
366.03273879998596	87.0	100.0
366.0516570000036	87.0	100.0
366.0720291000034	87.0	100.0
366.09228679997614	87.0	100.0
366.11201290000463	87.0	100.0
366.13136010000017	87.0	100.0
366.15132659999654	87.0	100.0
366.1717130999896	87.0	100.0
366.1916706999764	87.0	100.0
366.21071019998635	87.0	100.0
366.23217959998874	87.0	100.0
366.25147950000246	87.0	100.0
366.2717444000009	87.0	100.0
366.29054439999163	87.0	100.0
366.31197179999435	87.0	100.0
366.332187299995	87.0	100.0
366.3540625000023	87.0	100.0
366.36956579997786	87.0	100.0
366.39279889999307	87.0	100.0
366.41293349998887	87.0	100.0
366.4335248999996	87.0	100.0
366.45237559999805	87.0	100.0
366.4727746999997	87.0	100.0
366.4923566999787	87.0	100.0
366.5123350999784	87.0	100.0
366.5351926999865	87.0	100.0
366.55326719998266	87.0	100.0
366.5723062999896	87.0	100.0
366.59230719998595	87.0	100.0
366.61259779997636	87.0	100.0
366.634239099978	87.0	100.0
366.6524780000036	87.0	100.0
366.6733849000011	87.0	100.0
366.6934923999943	87.0	100.0
366.7122321999923	87.0	100.0
366.73340129997814	87.0	100.0
366.75364270000136	87.0	100.0
366.7727389999782	87.0	100.0
366.79268949999823	87.0	100.0
366.81279379999614	87.0	100.0
366.8360606999777	87.0	100.0
366.85327179997694	87.0	100.0
366.87322189999395	87.0	100.0
366.892793099978	87.0	100.0
366.9131437999895	87.0	100.0
366.93348809998133	87.0	100.0
366.952266999986	87.0	100.0
366.97293580000405	87.0	100.0
366.9933426999778	87.0	100.0
367.01292039998225	87.0	100.0
367.03426249997574	87.0	100.0
367.05331459999434	87.0	100.0
367.0729656999756	87.0	100.0
367.0929923999938	87.0	100.0
367.11322389999987	87.0	100.0
367.13364699998056	87.0	100.0
367.15402869999525	87.0	100.0
367.17392420000397	87.0	100.0
367.1939870999777	87.0	100.0
367.21331689998624	87.0	100.0
367.2335464999778	87.0	100.0
367.2530579000013	87.0	100.0
367.27338229998713	87.0	100.0
367.2934230999963	87.0	100.0
367.3132401999901	87.0	100.0
367.33323779999046	87.0	100.0
367.35490360000404	87.0	100.0
367.37240359999123	87.0	100.0
367.39344029998756	87.0	100.0
367.41514119997737	87.0	100.0
367.4345391999814	86.0	100.0
367.45453469999484	86.0	100.0
367.4743581999792	86.0	100.0
367.4939416999987	86.0	100.0
367.51436380000087	86.0	100.0
367.53426970000146	86.0	100.0
367.5545606999949	86.0	100.0
367.5736901999917	86.0	100.0
367.5962251999881	86.0	100.0
367.6145164000045	86.0	100.0
367.6339104999788	86.0	100.0
367.65672489997814	86.0	100.0
367.6744885999942	86.0	100.0
367.6945628999965	86.0	100.0
367.71436549999635	86.0	100.0
367.73407969999244	86.0	100.0
367.7547155999928	86.0	100.0
367.7743511000008	86.0	100.0
367.79405039999983	86.0	100.0
367.8137738999794	86.0	100.0
367.8342733999889	86.0	100.0
367.8544617999869	86.0	100.0
367.87480890000006	86.0	100.0
367.8991553999949	86.0	100.0
367.91619969997555	86.0	100.0
367.9316012999916	86.0	100.0
367.94980329999817	86.0	100.0
367.968807999976	86.0	100.0
367.9893049999955	86.0	100.0
368.0103195999982	86.0	100.0
368.0313567999983	86.0	100.0
368.0509788999916	86.0	100.0
368.07287919998635	86.0	100.0
368.0923523999809	86.0	100.0
368.1117671999964	86.0	100.0
368.1336672999896	86.0	100.0
368.152096899983	86.0	100.0
368.17387820000295	86.0	100.0
368.1944835000031	86.0	100.0
368.21456079999916	86.0	100.0
368.2349283999938	86.0	100.0
368.25436719998834	86.0	100.0
368.2760692999873	86.0	100.0
368.29448529999354	86.0	100.0
368.3151860999933	86.0	100.0
368.33399949999875	86.0	100.0
368.3556011999899	86.0	100.0
368.37218859998393	86.0	100.0
368.3939213999838	86.0	100.0
368.4155783999886	86.0	100.0
368.4347634000005	85.0	100.0
368.4539565999876	85.0	100.0
368.47421570000006	85.0	100.0
368.4940663999878	85.0	100.0
368.51373489998514	85.0	100.0
368.5339940999984	85.0	100.0
368.5544624000031	85.0	100.0
368.5738061000011	85.0	100.0
368.5941144999815	85.0	100.0
368.61515019999933	85.0	100.0
368.63339400000405	85.0	100.0
368.65482709999196	85.0	100.0
368.6744475000014	85.0	100.0
368.6946808999928	85.0	100.0
368.714244999981	85.0	100.0
368.7347995000018	85.0	100.0
368.7548854999768	85.0	100.0
368.77497469997616	85.0	100.0
368.79570570000215	85.0	100.0
368.8140527999785	85.0	100.0
368.8343863999762	85.0	100.0
368.8544265999808	85.0	100.0
368.8740850999893	85.0	100.0
368.89417829999	85.0	100.0
368.91442230000393	85.0	100.0
368.93431599999894	85.0	100.0
368.9547109999985	85.0	100.0
368.9745508999913	85.0	100.0
368.9952093999891	85.0	100.0
369.0147898999858	85.0	100.0
369.03605539997807	85.0	100.0
369.0553927999863	85.0	100.0
369.0760500000033	85.0	100.0
369.09612679999555	85.0	100.0
369.1154976999969	85.0	100.0
369.1348859999853	85.0	100.0
369.1564585999877	85.0	100.0
369.17515679998905	85.0	100.0
369.1952939000039	85.0	100.0
369.2147096999979	85.0	100.0
369.2361568999768	85.0	100.0
369.2547027999826	85.0	100.0
369.27543599999626	85.0	100.0
369.2956695999892	85.0	100.0
369.31608940000297	85.0	100.0
369.3359297999996	85.0	100.0
369.3565144999884	85.0	100.0
369.3764790999994	85.0	100.0
369.39643329998944	85.0	100.0
369.4164091999992	85.0	100.0
369.4365975999972	84.0	100.0
369.45613179999054	84.0	100.0
369.4762274999812	84.0	100.0
369.4966502999887	84.0	100.0
369.51647689999663	84.0	100.0
369.5364513999957	84.0	100.0
369.55588549998356	84.0	100.0
369.5764496999909	84.0	100.0
369.5962823999871	84.0	100.0
369.61611259999336	84.0	100.0
369.6390268999967	84.0	100.0
369.6566574999888	84.0	100.0
369.676526700001	84.0	100.0
369.696117399988	84.0	100.0
369.71619289999944	84.0	100.0
369.73372550000204	84.0	100.0
369.75639609998325	84.0	100.0
369.7771565000003	84.0	100.0
369.79586169999675	84.0	100.0
369.81610729999375	84.0	100.0
369.83668720000423	84.0	100.0
369.8557432999951	84.0	100.0
369.87625049997587	84.0	100.0
369.89647310000146	84.0	100.0
369.91429729998345	84.0	100.0
369.9340566000028	84.0	100.0
369.95501309999963	84.0	100.0
369.97663819999434	84.0	100.0
369.99633029999677	84.0	100.0
370.01727919999394	84.0	100.0
370.03638249999494	84.0	100.0
370.05635509997956	84.0	100.0
370.0765356999764	84.0	100.0
370.09632630000124	84.0	100.0
370.11922900000354	84.0	100.0
370.136757100001	84.0	100.0
370.15677899998263	84.0	100.0
370.1765566999966	84.0	100.0
370.1963407000003	84.0	100.0
370.2166307999869	84.0	100.0
370.23799289998715	84.0	100.0
370.2562944999954	84.0	100.0
370.27651979998336	84.0	100.0
370.2966376999975	84.0	100.0
370.3172450999846	84.0	100.0
370.3367634000024	84.0	100.0
370.358577099978	84.0	100.0
370.3784751999774	84.0	100.0
370.39645679999376	84.0	100.0
370.41939809999894	84.0	100.0
370.43848459998844	82.0	100.0
370.4578643999994	82.0	100.0
370.47803999998723	82.0	100.0
370.4977707999933	82.0	100.0
370.517652599985	82.0	100.0
370.53847299999325	82.0	100.0
370.5570928999805	82.0	100.0
370.5767594999925	82.0	100.0
370.5984098999761	82.0	100.0
370.6180146999832	82.0	100.0
370.6384579000005	82.0	100.0
370.66040530000464	82.0	100.0
370.6775917999912	82.0	100.0
370.70077019999735	82.0	100.0
370.7139275999798	82.0	100.0
370.73357819998637	82.0	100.0
370.75452889999724	82.0	100.0
370.77626889999374	82.0	100.0
370.79737159999786	82.0	100.0
370.8177463999891	82.0	100.0
370.8383425999782	82.0	100.0
370.8576944999804	82.0	100.0
370.877404400002	82.0	100.0
370.8975434000022	82.0	100.0
370.9178137999843	82.0	100.0
370.93553560000146	82.0	100.0
370.9585509999888	82.0	100.0
370.9784443999815	82.0	100.0
370.99934919999214	82.0	100.0
371.0180391999893	82.0	100.0
371.04090140000335	82.0	100.0
371.0579302999831	82.0	100.0
371.07849869999336	82.0	100.0
371.0979537999956	82.0	100.0
371.11814129998675	82.0	100.0
371.13824050000403	82.0	100.0
371.1576700999867	82.0	100.0
371.1782905999862	82.0	100.0
371.1977237999963	82.0	100.0
371.218281199981	82.0	100.0
371.23871969999163	82.0	100.0
371.2585040999984	82.0	100.0
371.277554100001	82.0	100.0
371.2977729999984	82.0	100.0
371.31791270000394	82.0	100.0
371.33832719997736	82.0	100.0
371.3593596999999	82.0	100.0
371.37815740000224	82.0	100.0
371.3987244000018	82.0	100.0
371.41825409999	82.0	100.0
371.43811099999584	81.0	100.0
371.45880679998663	81.0	100.0
371.4785961000016	81.0	100.0
371.49827290000394	81.0	100.0
371.5182858000044	81.0	100.0
371.5384161999973	81.0	100.0
371.5585288000002	81.0	100.0
371.57826229999773	81.0	100.0
371.59818420000374	81.0	100.0
371.61860309998156	81.0	100.0
371.6382711000042	81.0	100.0
371.659338700003	81.0	100.0
371.6786333999771	81.0	100.0
371.6982776999939	81.0	100.0
371.71784659998957	81.0	100.0
371.7378516999888	81.0	100.0
371.7590232999937	81.0	100.0
371.7783830999979	81.0	100.0
371.7987644999812	81.0	100.0
371.81982779997634	81.0	100.0
371.838975199993	81.0	100.0
371.8600582999934	81.0	100.0
371.8785796999873	81.0	100.0
371.89813829999184	81.0	100.0
371.91727109998465	81.0	100.0
371.9403418999864	81.0	100.0
371.95947400000296	81.0	100.0
371.97891989999334	81.0	100.0
371.9984931999934	81.0	100.0
372.01832109998213	81.0	100.0
372.0391708999814	81.0	100.0
372.0584213999973	81.0	100.0
372.0790597999876	81.0	100.0
372.0991821999778	81.0	100.0
372.11847970000235	81.0	100.0
372.13838709998527	81.0	100.0
372.1581847999769	81.0	100.0
372.1785738999897	81.0	100.0
372.1984826999833	81.0	100.0
372.2230230999994	81.0	100.0
372.23823869999615	81.0	100.0
372.25908580000396	81.0	100.0
372.2794642999943	81.0	100.0
372.2987062000029	81.0	100.0
372.3184185999853	81.0	100.0
372.3404059000022	81.0	100.0
372.3595095999772	81.0	100.0
372.37862249999307	81.0	100.0
372.39925229997607	81.0	100.0
372.42053929998656	81.0	100.0
372.4403413999826	82.0	100.0
372.45998339998187	82.0	100.0
372.4799996999791	82.0	100.0
372.49996180000016	82.0	100.0
372.51990109999315	82.0	100.0
372.53995569999097	82.0	100.0
372.5585240999935	82.0	100.0
372.57933879998745	82.0	100.0
372.599301499984	82.0	100.0
372.61845049998374	82.0	100.0
372.6408037999936	82.0	100.0
372.6592821999802	82.0	100.0
372.68002759999945	82.0	100.0
372.69948559999466	82.0	100.0
372.7202438999957	82.0	100.0
372.7397704999894	82.0	100.0
372.760072199977	82.0	100.0
372.7815911999787	82.0	100.0
372.7998357999895	82.0	100.0
372.8196884999925	82.0	100.0
372.84021699998993	82.0	100.0
372.8597361999855	82.0	100.0
372.8811601999914	82.0	100.0
372.8998014999961	82.0	100.0
372.91997809999157	82.0	100.0
372.9401713999978	82.0	100.0
372.96015629998874	82.0	100.0
372.97983909997856	82.0	100.0
373.0003637000045	82.0	100.0
373.02019529999234	82.0	100.0
373.0406900999951	82.0	100.0
373.06003140000394	82.0	100.0
373.0801727999933	82.0	100.0
373.10003279999364	82.0	100.0
373.1207571999985	82.0	100.0
373.1404513999878	82.0	100.0
373.1602570999821	82.0	100.0
373.1800744999782	82.0	100.0
373.2007964999939	82.0	100.0
373.2213315999834	82.0	100.0
373.2413333999866	82.0	100.0
373.2603443999833	82.0	100.0
373.2806546999782	82.0	100.0
373.3003807999776	82.0	100.0
373.32051729998784	82.0	100.0
373.3407501000038	82.0	100.0
373.3625613999902	82.0	100.0
373.38033349998295	82.0	100.0
373.4004079999868	82.0	100.0
373.42220289999386	82.0	100.0
373.44229300000006	83.0	100.0
373.46070559998043	83.0	100.0
373.4816651000001	83.0	100.0
373.5015512999962	83.0	100.0
373.52153440000257	83.0	100.0
373.54132099999697	83.0	100.0
373.56174669999746	83.0	100.0
373.5805391999893	83.0	100.0
373.6020576999872	83.0	100.0
373.6204230999865	83.0	100.0
373.64185949999955	83.0	100.0
373.66199309998774	83.0	100.0
373.68150489998516	83.0	100.0
373.70336240000324	83.0	100.0
373.7226629999932	83.0	100.0
373.7421170999878	83.0	100.0
373.76233359999605	83.0	100.0
373.78174330000184	83.0	100.0
373.80214509999496	83.0	100.0
373.8210390000022	83.0	100.0
373.84184949999326	83.0	100.0
373.86189800000284	83.0	100.0
373.8818742999865	83.0	100.0
373.9016172999982	83.0	100.0
373.9214439999778	83.0	100.0
373.94124359998386	83.0	100.0
373.9626514999836	83.0	100.0
373.98120359997847	83.0	100.0
374.002124599996	83.0	100.0
374.02037589999964	83.0	100.0
374.038665799977	83.0	100.0
374.05743939999957	83.0	100.0
374.0775490999804	83.0	100.0
374.0992444999865	83.0	100.0
374.1184525999997	83.0	100.0
374.13809379999293	83.0	100.0
374.159901099978	83.0	100.0
374.18017169999075	83.0	100.0
374.2001847999927	83.0	100.0
374.2191393999965	83.0	100.0
374.24185029999353	83.0	100.0
374.26262389999465	83.0	100.0
374.28233859999455	83.0	100.0
374.30237950000446	83.0	100.0
374.32258599999477	83.0	100.0
374.3422457999841	83.0	100.0
374.36179090000223	83.0	100.0
374.3818099999917	83.0	100.0
374.4024650999927	83.0	100.0
374.42306219998864	83.0	100.0
374.4433373999782	82.0	100.0
374.46230339998147	82.0	100.0
374.48256869998295	82.0	100.0
374.50248779999674	82.0	100.0
374.5226328999852	82.0	100.0
374.5426204999967	82.0	100.0
374.562229299976	82.0	100.0
374.58181719999993	82.0	100.0
374.6015929999994	82.0	100.0
374.62486789998366	82.0	100.0
374.64177639997797	82.0	100.0
374.6623466000019	82.0	100.0
374.6825204999768	82.0	100.0
374.7022519999882	82.0	100.0
374.72237639999366	82.0	100.0
374.7425670999801	82.0	100.0
374.7623571000004	82.0	100.0
374.7825353999797	82.0	100.0
374.8029263999779	82.0	100.0
374.8228626999771	82.0	100.0
374.84280579999904	82.0	100.0
374.863057199982	82.0	100.0
374.8822761999909	82.0	100.0
374.90237490000436	82.0	100.0
374.92259770000237	82.0	100.0
374.942742299987	82.0	100.0
374.9620473999821	82.0	100.0
374.98185670000385	82.0	100.0
375.00181999997585	82.0	100.0
375.0227169999853	82.0	100.0
375.0425666999945	82.0	100.0
375.06271460000426	82.0	100.0
375.08180339998216	82.0	100.0
375.10252659997786	82.0	100.0
375.1225013999792	82.0	100.0
375.1427349000005	82.0	100.0
375.16230899997754	82.0	100.0
375.1822097999975	82.0	100.0
375.2023383999767	82.0	100.0
375.2224409999908	82.0	100.0
375.2430032999837	82.0	100.0
375.2628322999808	82.0	100.0
375.28304599999683	82.0	100.0
375.30298469998525	82.0	100.0
375.32201119998354	82.0	100.0
375.3429471999989	82.0	100.0
375.3652086999791	82.0	100.0
375.3821609999868	82.0	100.0
375.40205489998334	82.0	100.0
375.4231895999983	82.0	100.0
375.4441443999822	83.0	100.0
375.46216659998754	83.0	100.0
375.48221269997885	83.0	100.0
375.5017916999932	83.0	100.0
375.522375200002	83.0	100.0
375.54358959998353	83.0	100.0
375.5622306999867	83.0	100.0
375.5820510999765	83.0	100.0
375.601915599982	83.0	100.0
375.6217403000046	83.0	100.0
375.64418179998756	83.0	100.0
375.66345569997793	83.0	100.0
375.683629999985	83.0	100.0
375.70405709999613	83.0	100.0
375.7234660999966	83.0	100.0
375.74413119998644	83.0	100.0
375.76385210000444	83.0	100.0
375.78307340000174	83.0	100.0
375.8031769999943	83.0	100.0
375.8229919000005	83.0	100.0
375.84377209999366	83.0	100.0
375.8623342999781	83.0	100.0
375.8825136999949	83.0	100.0
375.9024492999888	83.0	100.0
375.9223546999856	83.0	100.0
375.9424636999902	83.0	100.0
375.9614753999922	83.0	100.0
375.9829138999921	83.0	100.0
376.0039792000025	83.0	100.0
376.02311779998126	83.0	100.0
376.0430028999981	83.0	100.0
376.0639671999961	83.0	100.0
376.0844559999823	83.0	100.0
376.1033867999795	83.0	100.0
376.12390549998963	83.0	100.0
376.1437068999803	83.0	100.0
376.164466599992	83.0	100.0
376.1837453999906	83.0	100.0
376.20428599999286	83.0	100.0
376.22380429998157	83.0	100.0
376.2443032999872	83.0	100.0
376.2638736999943	83.0	100.0
376.28395230000024	83.0	100.0
376.30402660000254	83.0	100.0
376.32404919998953	83.0	100.0
376.3442065999843	83.0	100.0
376.3655395999958	83.0	100.0
376.38347599998815	83.0	100.0
376.4037020999822	83.0	100.0
376.4243729999871	83.0	100.0
376.4454813999764	82.0	100.0
376.46453810000094	82.0	100.0
376.4845267999917	82.0	100.0
376.5035452999873	82.0	100.0
376.5246099999931	82.0	100.0
376.54483709999477	82.0	100.0
376.5641990999866	82.0	100.0
376.5842309999862	82.0	100.0
376.6065530999913	82.0	100.0
376.6241280999966	82.0	100.0
376.64460849997704	82.0	100.0
376.6643221999984	82.0	100.0
376.6844686999975	82.0	100.0
376.70426820000284	82.0	100.0
376.7245518999989	82.0	100.0
376.7445125999802	82.0	100.0
376.7643569999782	82.0	100.0
376.78460109999287	82.0	100.0
376.8045609999972	82.0	100.0
376.82432569999946	82.0	100.0
376.8459482000035	82.0	100.0
376.86530879998463	82.0	100.0
376.8855014999863	82.0	100.0
376.90540899999905	82.0	100.0
376.92531979997875	82.0	100.0
376.9446434999991	82.0	100.0
376.96512849998544	82.0	100.0
376.9847182999947	82.0	100.0
377.00476409998373	82.0	100.0
377.0260575999855	82.0	100.0
377.04714079998666	82.0	100.0
377.06564109999454	82.0	100.0
377.08570139997755	82.0	100.0
377.1046015000029	82.0	100.0
377.12540190000436	82.0	100.0
377.14616939998814	82.0	100.0
377.166044099984	82.0	100.0
377.1858494000044	82.0	100.0
377.20571259999997	82.0	100.0
377.2253991999896	82.0	100.0
377.2455817000009	82.0	100.0
377.2651097999769	82.0	100.0
377.2872834999871	82.0	100.0
377.3051684999955	82.0	100.0
377.3267108	82.0	100.0
377.34493969997857	82.0	100.0
377.36805900000036	82.0	100.0
377.38615789997857	82.0	100.0
377.40586309999344	82.0	100.0
377.42613969999366	82.0	100.0
377.4466092999792	81.0	100.0
377.46538929999224	81.0	100.0
377.48653500000364	81.0	100.0
377.50656139999046	81.0	100.0
377.5261660999968	81.0	100.0
377.5463150999858	81.0	100.0
377.5656597999914	81.0	100.0
377.5858277999796	81.0	100.0
377.6066133999848	81.0	100.0
377.6262966999784	81.0	100.0
377.64632329999586	81.0	100.0
377.6653187999909	81.0	100.0
377.68669289999525	81.0	100.0
377.70653199998196	81.0	100.0
377.7263524000009	81.0	100.0
377.74637559999246	81.0	100.0
377.7664826999826	81.0	100.0
377.7878247000044	81.0	100.0
377.8063065999886	81.0	100.0
377.82630449999124	81.0	100.0
377.84643669999787	81.0	100.0
377.86651569997775	81.0	100.0
377.8849407999951	81.0	100.0
377.9058116999804	81.0	100.0
377.9266851999855	81.0	100.0
377.94653819999075	81.0	100.0
377.96622729999945	81.0	100.0
377.9866967999842	81.0	100.0
378.00654279999435	81.0	100.0
378.026394799992	81.0	100.0
378.04698739998275	81.0	100.0
378.06571480000275	81.0	100.0
378.0869281999767	81.0	100.0
378.1066797999956	81.0	100.0
378.1262240999786	81.0	100.0
378.14588039999944	81.0	100.0
378.16650530000334	81.0	100.0
378.1863703999843	81.0	100.0
378.2087812999962	81.0	100.0
378.226525999984	81.0	100.0
378.2474449999863	81.0	100.0
378.2668000999838	81.0	100.0
378.2910002999997	81.0	100.0
378.30706019999343	81.0	100.0
378.3274182000023	81.0	100.0
378.3477038999845	81.0	100.0
378.3666901999968	81.0	100.0
378.38969240000006	81.0	100.0
378.4075583999802	81.0	100.0
378.4284962999809	81.0	100.0
378.44835369999055	81.0	100.0
378.4679360000009	81.0	100.0
378.4873943999992	81.0	100.0
378.5089694999915	81.0	100.0
378.5281657000014	81.0	100.0
378.54764360000263	81.0	100.0
378.5680710999877	81.0	100.0
378.5874716999824	81.0	100.0
378.6072462000011	81.0	100.0
378.62956609998946	81.0	100.0
378.6485879999818	81.0	100.0
378.6678696000017	81.0	100.0
378.68807399997604	81.0	100.0
378.7077003000013	81.0	100.0
378.7277354999969	81.0	100.0
378.7465299000032	81.0	100.0
378.76805529999547	81.0	100.0
378.78781609999714	81.0	100.0
378.8076155000017	81.0	100.0
378.82775359999505	81.0	100.0
378.8501420999819	81.0	100.0
378.86825199998566	81.0	100.0
378.88820629997645	81.0	100.0
378.90863479999825	81.0	100.0
378.9283893999818	81.0	100.0
378.94861269998364	81.0	100.0
378.96831860000384	81.0	100.0
378.988368899998	81.0	100.0
379.00821469997754	81.0	100.0
379.02825949998805	81.0	100.0
379.04846859999816	81.0	100.0
379.068426599988	81.0	100.0
379.0884621999867	81.0	100.0
379.1086877999769	81.0	100.0
379.13146750000305	81.0	100.0
379.1462387999927	81.0	100.0
379.16969819998485	81.0	100.0
379.18936190000386	81.0	100.0
379.2097165999876	81.0	100.0
379.2283958999906	81.0	100.0
379.24969070000225	81.0	100.0
379.2687406000041	81.0	100.0
379.2891023999837	81.0	100.0
379.30869269999675	81.0	100.0
379.3287546999927	81.0	100.0
379.34882169999764	81.0	100.0
379.3693539999949	81.0	100.0
379.3897589999833	81.0	100.0
379.40591839997796	81.0	100.0
379.4347443000006	81.0	100.0
379.45005970000057	80.0	100.0
379.46962509999867	80.0	100.0
379.4900052000012	80.0	100.0
379.5097384999972	80.0	100.0
379.52978189999703	80.0	100.0
379.549955399998	80.0	100.0
379.5691816000035	80.0	100.0
379.58870619998197	80.0	100.0
379.6099639000022	80.0	100.0
379.6288777999871	80.0	100.0
379.6498606999812	80.0	100.0
379.66854169999715	80.0	100.0
379.68942300000344	80.0	100.0
379.7095193999994	80.0	100.0
379.72946370000136	80.0	100.0
379.74927390000084	80.0	100.0
379.76933369998005	80.0	100.0
379.789223699976	80.0	100.0
379.80929939998896	80.0	100.0
379.8290366999863	80.0	100.0
379.8497748999798	80.0	100.0
379.86903479998	80.0	100.0
379.88896620000014	80.0	100.0
379.9086483999854	80.0	100.0
379.92998049999005	80.0	100.0
379.9496844999958	80.0	100.0
379.9697356999968	80.0	100.0
379.9903999999806	80.0	100.0
380.0094035999791	80.0	100.0
380.02972229997977	80.0	100.0
380.05210059997626	80.0	100.0
380.0738792999764	80.0	100.0
380.0925952999969	80.0	100.0
380.1103428999777	80.0	100.0
380.13062219999847	80.0	100.0
380.1508805999765	80.0	100.0
380.17109329998493	80.0	100.0
380.18982379999943	80.0	100.0
380.21032600000035	80.0	100.0
380.23029419998056	80.0	100.0
380.25038789998507	80.0	100.0
380.2704851999879	80.0	100.0
380.2906010999868	80.0	100.0
380.31024399999296	80.0	100.0
380.3303758999973	80.0	100.0
380.35013059998164	80.0	100.0
380.37039609998465	80.0	100.0
380.3903811999771	80.0	100.0
380.4107517999946	80.0	100.0
380.4305133000016	80.0	100.0
380.4520139999804	79.0	100.0
380.47073040000396	79.0	100.0
380.4905196999898	79.0	100.0
380.5104419999989	79.0	100.0
380.530174399988	79.0	100.0
380.55060229997616	79.0	100.0
380.57064560000435	79.0	100.0
380.5906610999955	79.0	100.0
380.6102697000024	79.0	100.0
380.63036479998846	79.0	100.0
380.65169810000225	79.0	100.0
380.67079109998303	79.0	100.0
380.6907360999903	79.0	100.0
380.7097248999926	79.0	100.0
380.72987459998694	79.0	100.0
380.75032989998	79.0	100.0
380.7702284999832	79.0	100.0
380.7914981999784	79.0	100.0
380.81044509998173	79.0	100.0
380.8304208999907	79.0	100.0
380.8503236999968	79.0	100.0
380.8711739999999	79.0	100.0
380.8903941999888	79.0	100.0
380.9104110999906	79.0	100.0
380.9321854999871	79.0	100.0
380.9510270000028	79.0	100.0
380.97087349998765	79.0	100.0
380.9906102999812	79.0	100.0
381.00972049997654	79.0	100.0
381.030511399993	79.0	100.0
381.0513271999953	79.0	100.0
381.07017160000396	79.0	100.0
381.09055249998346	79.0	100.0
381.1103223999962	79.0	100.0
381.1305816999811	79.0	100.0
381.1509581999853	79.0	100.0
381.1715797999932	79.0	100.0
381.19042349999654	79.0	100.0
381.2104485000018	79.0	100.0
381.2310024999897	79.0	100.0
381.2511510999757	79.0	100.0
381.27043039997807	79.0	100.0
381.2910778999794	79.0	100.0
381.3108108000015	79.0	100.0
381.33125829999335	79.0	100.0
381.35125059998245	79.0	100.0
381.37052389999735	79.0	100.0
381.3927505000029	79.0	100.0
381.4099851999781	79.0	100.0
381.4324808999954	79.0	100.0
381.45231199997943	78.0	100.0
381.47168359998614	78.0	100.0
381.4921088999836	78.0	100.0
381.51297089998843	78.0	100.0
381.5318975999835	78.0	100.0
381.55211249997956	78.0	100.0
381.57166319998214	78.0	100.0
381.5921906000003	78.0	100.0
381.6111896999937	78.0	100.0
381.6301196999848	78.0	100.0
381.6525965000037	78.0	100.0
381.6723747999931	78.0	100.0
381.69256080000196	78.0	100.0
381.7120525999926	78.0	100.0
381.73241709999274	78.0	100.0
381.7522475000005	78.0	100.0
381.77157349998015	78.0	100.0
381.79285689999233	78.0	100.0
381.81254769998486	78.0	100.0
381.83171189998393	78.0	100.0
381.8596455999941	78.0	100.0
381.87174659999437	78.0	100.0
381.89228119998006	78.0	100.0
381.9108493999811	78.0	100.0
381.93260859997827	78.0	100.0
381.9539252999821	78.0	100.0
381.9726980999985	78.0	100.0
381.9934316999861	78.0	100.0
382.01349529999425	78.0	100.0
382.03187549998984	78.0	100.0
382.0525127000001	78.0	100.0
382.0725786999974	78.0	100.0
382.09334929997567	78.0	100.0
382.11244440000155	78.0	100.0
382.1323100999871	78.0	100.0
382.1525478999829	78.0	100.0
382.1726223999867	78.0	100.0
382.19189739998546	78.0	100.0
382.21210399997653	78.0	100.0
382.2329488999967	78.0	100.0
382.2526472999889	78.0	100.0
382.2719138999819	78.0	100.0
382.2925625999924	78.0	100.0
382.31227269998635	78.0	100.0
382.33205539998016	78.0	100.0
382.3525919999811	78.0	100.0
382.3726242999837	78.0	100.0
382.39346910000313	78.0	100.0
382.4120811999892	78.0	100.0
382.4336340999871	78.0	100.0
382.45411239998066	79.0	100.0
382.4729281000036	79.0	100.0
382.4931166000024	79.0	100.0
382.5133220999851	79.0	100.0
382.5337999999756	79.0	100.0
382.5537303999881	79.0	100.0
382.57336969999596	79.0	100.0
382.59257660000003	79.0	100.0
382.615000699996	79.0	100.0
382.6332628999953	79.0	100.0
382.6536469999992	79.0	100.0
382.67327589998604	79.0	100.0
382.69228319998365	79.0	100.0
382.71443429999636	79.0	100.0
382.7335195999767	79.0	100.0
382.75363449999713	79.0	100.0
382.7726703999797	79.0	100.0
382.7933897000039	79.0	100.0
382.813920399989	79.0	100.0
382.8331100999785	79.0	100.0
382.8530553999881	79.0	100.0
382.8724913999904	79.0	100.0
382.8927807	79.0	100.0
382.91306550000445	79.0	100.0
382.9329213000019	79.0	100.0
382.9528868999914	79.0	100.0
382.97301239997614	79.0	100.0
382.9927620999806	79.0	100.0
383.01282599999104	79.0	100.0
383.0326294999977	79.0	100.0
383.0535324999946	79.0	100.0
383.0727067999833	79.0	100.0
383.0929955999891	79.0	100.0
383.1140103999933	79.0	100.0
383.13446819997625	79.0	100.0
383.15394930000184	79.0	100.0
383.1751224999898	79.0	100.0
383.1940537999908	79.0	100.0
383.2140903999971	79.0	100.0
383.23315549999825	79.0	100.0
383.2534035999852	79.0	100.0
383.2730578999908	79.0	100.0
383.2934181999881	79.0	100.0
383.3136205999763	79.0	100.0
383.33410919999005	79.0	100.0
383.35344799997984	79.0	100.0
383.37262729997747	79.0	100.0
383.3935341000033	79.0	100.0
383.4134831999836	79.0	100.0
383.434460199991	79.0	100.0
383.45460759999696	81.0	100.0
383.4738655999827	81.0	100.0
383.4941537999839	81.0	100.0
383.51411989997723	81.0	100.0
383.5336902999843	81.0	100.0
383.5544944999856	81.0	100.0
383.5741917999985	81.0	100.0
383.59382539999206	81.0	100.0
383.61379909998504	81.0	100.0
383.6332012999919	81.0	100.0
383.6546027000004	81.0	100.0
383.6739654999983	81.0	100.0
383.694571	81.0	100.0
383.71401619998505	81.0	100.0
383.73485119998804	81.0	100.0
383.75476250000065	81.0	100.0
383.77403400000185	81.0	100.0
383.794396399986	81.0	100.0
383.8144240999827	81.0	100.0
383.8341206999903	81.0	100.0
383.8537906999991	81.0	100.0
383.8747622999945	81.0	100.0
383.8944932000013	81.0	100.0
383.9146204999997	81.0	100.0
383.9341833999788	81.0	100.0
383.95416860000114	81.0	100.0
383.974547299993	81.0	100.0
383.99387969999225	81.0	100.0
384.0137426999863	81.0	100.0
384.03437300000223	81.0	100.0
384.0555547999975	81.0	100.0
384.0738945999765	81.0	100.0
384.09420029999455	81.0	100.0
384.1142516999971	81.0	100.0
384.13407879997976	81.0	100.0
384.1548654999933	81.0	100.0
384.1751322999771	81.0	100.0
384.194136599981	81.0	100.0
384.2145520999911	81.0	100.0
384.2345144999854	81.0	100.0
384.2548509000044	81.0	100.0
384.2742333999777	81.0	100.0
384.29495379998116	81.0	100.0
384.314131799998	81.0	100.0
384.3342486000038	81.0	100.0
384.3547281999781	81.0	100.0
384.37461199998506	81.0	100.0
384.39511869999114	81.0	100.0
384.4146699999983	81.0	100.0
384.43504039998516	81.0	100.0
384.45575329998974	82.0	100.0
384.47487370000454	82.0	100.0
384.49546879998525	82.0	100.0
384.51451680000173	82.0	100.0
384.5353474000003	82.0	100.0
384.55753619997995	82.0	100.0
384.5748326999892	82.0	100.0
384.5955408999871	82.0	100.0
384.61487489999854	82.0	100.0
384.6347803999961	82.0	100.0
384.65650389998336	82.0	100.0
384.674961599987	82.0	100.0
384.6957326999982	82.0	100.0
384.71497819997603	82.0	100.0
384.73500329998205	82.0	100.0
384.7556227000023	82.0	100.0
384.77446759998566	82.0	100.0
384.7941834999947	82.0	100.0
384.8156339999987	82.0	100.0
384.83490689998143	82.0	100.0
384.85486759999185	82.0	100.0
384.8742931000015	82.0	100.0
384.8951559999841	82.0	100.0
384.91579529998126	82.0	100.0
384.9342811999959	82.0	100.0
384.9553023999906	82.0	100.0
384.9754212999833	82.0	100.0
384.9989821999916	82.0	100.0
385.01564349999535	82.0	100.0
385.0353541999939	82.0	100.0
385.05611529998714	82.0	100.0
385.0764118999941	82.0	100.0
385.09526760000153	82.0	100.0
385.1146161999786	82.0	100.0
385.13690979999956	82.0	100.0
385.15452389998245	82.0	100.0
385.175533200003	82.0	100.0
385.19455559999915	82.0	100.0
385.21516110000084	82.0	100.0
385.23532700000214	82.0	100.0
385.25583359997836	82.0	100.0
385.27631259997725	82.0	100.0
385.2956283999956	82.0	100.0
385.3161751999869	82.0	100.0
385.3357560999866	82.0	100.0
385.3558772999968	82.0	100.0
385.37797159998445	82.0	100.0
385.39494769999874	82.0	100.0
385.41656990000047	82.0	100.0
385.4359209999966	82.0	100.0
385.4569033999869	82.0	100.0
385.475036799995	82.0	100.0
385.49637919999077	82.0	100.0
385.5158472999756	82.0	100.0
385.53624479999417	82.0	100.0
385.5565438999911	82.0	100.0
385.57792459998745	82.0	100.0
385.595748199994	82.0	100.0
385.6183895999857	82.0	100.0
385.636766599986	82.0	100.0
385.6578542999923	82.0	100.0
385.6770561999874	82.0	100.0
385.69645669998135	82.0	100.0
385.7171562000003	82.0	100.0
385.73729819999426	82.0	100.0
385.75718549999874	82.0	100.0
385.7760759999801	82.0	100.0
385.7997944999952	82.0	100.0
385.81474659999367	82.0	100.0
385.83445329999086	82.0	100.0
385.85137709998526	82.0	100.0
385.87286489998223	82.0	100.0
385.89436889998615	82.0	100.0
385.9156795000017	82.0	100.0
385.93520259999787	82.0	100.0
385.9577558999881	82.0	100.0
385.9778848999995	82.0	100.0
385.9944112999947	82.0	100.0
386.0176755999855	82.0	100.0
386.0378785999783	82.0	100.0
386.05793519999133	82.0	100.0
386.07675779997953	82.0	100.0
386.0972222999844	82.0	100.0
386.1168671999767	82.0	100.0
386.1370157999918	82.0	100.0
386.15739710000344	82.0	100.0
386.17762609999045	82.0	100.0
386.1985408999899	82.0	100.0
386.2177290999971	82.0	100.0
386.23711059999187	82.0	100.0
386.25767399999313	82.0	100.0
386.2767696999945	82.0	100.0
386.2986386999837	82.0	100.0
386.3167459999968	82.0	100.0
386.33989849998034	82.0	100.0
386.35670069998014	82.0	100.0
386.37795689998893	82.0	100.0
386.40238580000005	82.0	100.0
386.41637869999977	82.0	100.0
386.43820799997775	82.0	100.0
386.4587136999762	84.0	100.0
386.47790229998645	84.0	100.0
386.4978224999795	84.0	100.0
386.5177330999868	84.0	100.0
386.53777929997887	84.0	100.0
386.558381299983	84.0	100.0
386.5779726000037	84.0	100.0
386.5998927000037	84.0	100.0
386.6181920999952	84.0	100.0
386.6393300999771	84.0	100.0
386.6589236999862	84.0	100.0
386.67810219997773	84.0	100.0
386.69827090000035	84.0	100.0
386.7179644999851	84.0	100.0
386.7383856999804	84.0	100.0
386.75808010000037	84.0	100.0
386.7774898999778	84.0	100.0
386.79781039999216	84.0	100.0
386.81823479998275	84.0	100.0
386.83779599997797	84.0	100.0
386.8604100999946	84.0	100.0
386.87866839999333	84.0	100.0
386.89854909997666	84.0	100.0
386.91850649999105	84.0	100.0
386.9384011999937	84.0	100.0
386.95859749999363	84.0	100.0
386.9783543999947	84.0	100.0
386.9985704999999	84.0	100.0
387.0182002999936	84.0	100.0
387.03827789999195	84.0	100.0
387.05877370000235	84.0	100.0
387.0781401999993	84.0	100.0
387.0976052999904	84.0	100.0
387.11825619998854	84.0	100.0
387.1385701999825	84.0	100.0
387.15878850000445	84.0	100.0
387.17837300000247	84.0	100.0
387.1981436999922	84.0	100.0
387.22021139998105	84.0	100.0
387.238346899976	84.0	100.0
387.25837689999025	84.0	100.0
387.27812989999074	84.0	100.0
387.2988611999899	84.0	100.0
387.3183363999997	84.0	100.0
387.33921469998313	84.0	100.0
387.3589746999787	84.0	100.0
387.3788449999993	84.0	100.0
387.4001113999984	84.0	100.0
387.41896139999153	84.0	100.0
387.4394158999785	84.0	100.0
387.4599318999972	84.0	100.0
387.4790552999766	84.0	100.0
387.4987107999914	84.0	100.0
387.5182650999923	84.0	100.0
387.53900930000236	84.0	100.0
387.55940649998956	84.0	100.0
387.57859109999845	84.0	100.0
387.5989619999891	84.0	100.0
387.6186325000017	84.0	100.0
387.63814549997915	84.0	100.0
387.65991499999654	84.0	100.0
387.67949310000404	84.0	100.0
387.6990955999936	84.0	100.0
387.718998700002	84.0	100.0
387.7391637999972	84.0	100.0
387.75949179998133	84.0	100.0
387.7794362999848	84.0	100.0
387.7987721999816	84.0	100.0
387.8197003999958	84.0	100.0
387.84035620000213	84.0	100.0
387.85832109997864	84.0	100.0
387.8781250999891	84.0	100.0
387.8983557999891	84.0	100.0
387.91807939999853	84.0	100.0
387.9382598999946	84.0	100.0
387.95919429999776	84.0	100.0
387.9784687999927	84.0	100.0
387.9981088999775	84.0	100.0
388.01830239998526	84.0	100.0
388.039322800003	84.0	100.0
388.0584617999848	84.0	100.0
388.0780207999924	84.0	100.0
388.0983475999965	84.0	100.0
388.11828389999573	84.0	100.0
388.14161269998294	84.0	100.0
388.15789949998725	84.0	100.0
388.17853549998836	84.0	100.0
388.19870559999254	84.0	100.0
388.21984579999116	84.0	100.0
388.2384310999769	84.0	100.0
388.25935949999257	84.0	100.0
388.28165969997644	84.0	100.0
388.29990459998953	84.0	100.0
388.31967249998706	84.0	100.0
388.34052019999945	84.0	100.0
388.3597910999961	84.0	100.0
388.37933090000297	84.0	100.0
388.39858119998826	84.0	100.0
388.4193479999958	84.0	100.0
388.4421471999958	84.0	100.0
