timestamp_sec	0	1
0.022562999999991007	79.0	100.0
0.04309469999998328	79.0	100.0
0.06398560000002362	79.0	100.0
0.083057700000154	79.0	100.0
0.10316330000000562	79.0	100.0
0.1243877000001703	79.0	100.0
0.14429870000003575	79.0	100.0
0.16691470000000663	79.0	100.0
0.18528020000007928	79.0	100.0
0.20421080000005531	79.0	100.0
0.22483850000003258	79.0	100.0
0.24454340000011143	79.0	100.0
0.2643117000000075	79.0	100.0
0.28456280000000334	79.0	100.0
0.3046520000000328	79.0	100.0
0.327365699999973	79.0	100.0
0.34496490000015	79.0	100.0
0.3645679999999629	79.0	100.0
0.38483980000000884	79.0	100.0
0.40456540000013774	79.0	100.0
0.4245636000000559	79.0	100.0
0.4444551000001411	79.0	100.0
0.4657959999999548	79.0	100.0
0.4870730000000094	79.0	100.0
0.5044774000000416	79.0	100.0
0.5240157000000636	79.0	100.0
0.5444875000000593	79.0	100.0
0.5642552000001615	79.0	100.0
0.5843870000001061	79.0	100.0
0.604329000000007	79.0	100.0
0.6249047000001156	79.0	100.0
0.6465387000000646	79.0	100.0
0.665096000000176	79.0	100.0
0.6829732999999578	79.0	100.0
0.7042097000000922	79.0	100.0
0.724444000000176	79.0	100.0
0.7442409000000225	79.0	100.0
0.7647422000000006	79.0	100.0
0.7857037000001128	79.0	100.0
0.8068054000000302	79.0	100.0
0.8251385000000937	79.0	100.0
0.8455800000001545	79.0	100.0
0.8660056000001077	79.0	100.0
0.8853738000000249	79.0	100.0
0.9057596000000103	79.0	100.0
0.9249767000001157	79.0	100.0
0.9460464000001139	79.0	100.0
0.9717287000000852	79.0	100.0
0.9850482000001648	79.0	100.0
1.0056687999999667	79.0	100.0
1.0254565000000184	79.0	100.0
1.0447928000000957	79.0	100.0
1.0657659000000876	79.0	100.0
1.086157200000116	79.0	100.0
1.1065353999999843	79.0	100.0
1.1274439999999686	79.0	100.0
1.1466930000001412	79.0	100.0
1.165802900000017	79.0	100.0
1.1845361000000594	79.0	100.0
1.2061785000000782	79.0	100.0
1.2260972000001402	79.0	100.0
1.2454563000001144	79.0	100.0
1.2668393000001288	79.0	100.0
1.2884310000001733	79.0	100.0
1.3073507000001428	79.0	100.0
1.3252802000001793	79.0	100.0
1.348178599999983	79.0	100.0
1.366595800000141	79.0	100.0
1.3864244999999755	79.0	100.0
1.4086264000000028	79.0	100.0
1.426704299999983	79.0	100.0
1.4477024000000256	79.0	100.0
1.4663904000001367	79.0	100.0
1.4861485000001267	79.0	100.0
1.506493399999954	79.0	100.0
1.5241843000001154	79.0	100.0
1.5454014000001735	79.0	100.0
1.5668726999999762	79.0	100.0
1.5865872000001673	79.0	100.0
1.6086695000001328	79.0	100.0
1.6266341000000466	79.0	100.0
1.6459399000000303	79.0	100.0
1.666400000000067	79.0	100.0
1.6864256999999725	79.0	100.0
1.7059002000000874	79.0	100.0
1.7257277999999587	79.0	100.0
1.7470488999999816	79.0	100.0
1.7677238999999645	79.0	100.0
1.7863497000000734	79.0	100.0
1.8063286000001426	79.0	100.0
1.8263546000000588	79.0	100.0
1.8463897000001452	79.0	100.0
1.8669051000001673	79.0	100.0
1.8860376000000088	79.0	100.0
1.9104064000000562	79.0	100.0
1.9286762000001545	79.0	100.0
1.9465056999999888	79.0	100.0
1.966369400000076	79.0	100.0
1.9867670000000999	79.0	100.0
2.0098943000000418	79.0	100.0
2.026763800000026	79.0	100.0
2.045810999999958	79.0	100.0
2.0667363000000023	79.0	100.0
2.0868233999999575	79.0	100.0
2.1073827000000165	79.0	100.0
2.1265356000001248	78.0	100.0
2.145977600000151	78.0	100.0
2.1675709000001007	78.0	100.0
2.186321300000145	78.0	100.0
2.2057776999999987	78.0	100.0
2.228071500000169	78.0	100.0
2.2485260000000835	78.0	100.0
2.266664600000013	78.0	100.0
2.286237400000118	78.0	100.0
2.305768599999965	78.0	100.0
2.326003600000149	78.0	100.0
2.344757800000025	78.0	100.0
2.3673089000001255	78.0	100.0
2.387339699999984	78.0	100.0
2.4082279000001563	78.0	100.0
2.42636860000016	78.0	100.0
2.446782600000006	78.0	100.0
2.4667045000001053	78.0	100.0
2.4866848000001482	78.0	100.0
2.5068751000001157	78.0	100.0
2.5304115999999794	78.0	100.0
2.54754620000017	78.0	100.0
2.5691609000000426	78.0	100.0
2.5862908000001426	78.0	100.0
2.606803900000159	78.0	100.0
2.631550500000003	78.0	100.0
2.6519498000000112	78.0	100.0
2.667090000000144	78.0	100.0
2.686267100000123	78.0	100.0
2.707321100000172	78.0	100.0
2.728415499999983	78.0	100.0
2.746918300000061	78.0	100.0
2.766549300000179	78.0	100.0
2.786251400000083	78.0	100.0
2.806697600000007	78.0	100.0
2.827318600000126	78.0	100.0
2.8468632000001435	78.0	100.0
2.8676216999999724	78.0	100.0
2.8899002000000564	78.0	100.0
2.9058509000001322	78.0	100.0
2.926775500000076	78.0	100.0
2.951348100000132	78.0	100.0
2.966667000000143	78.0	100.0
2.9866404000001694	78.0	100.0
3.007520900000145	78.0	100.0
3.0274027000000387	78.0	100.0
3.0520218999999997	78.0	100.0
3.0675576000001	78.0	100.0
3.087055400000054	78.0	100.0
3.108040100000153	78.0	100.0
3.1275587000000087	77.0	100.0
3.149523600000066	77.0	100.0
3.166489800000136	77.0	100.0
3.1873350000000755	77.0	100.0
3.209186300000056	77.0	100.0
3.219215700000177	77.0	100.0
3.245830999999953	77.0	100.0
3.2665461999999934	77.0	100.0
3.2867407999999614	77.0	100.0
3.307139200000165	77.0	100.0
3.327587400000084	77.0	100.0
3.347880000000032	77.0	100.0
3.369870500000161	77.0	100.0
3.38705670000013	77.0	100.0
3.4072080000000824	77.0	100.0
3.427452500000072	77.0	100.0
3.4474260000001777	77.0	100.0
3.4733863000001293	77.0	100.0
3.486910100000159	77.0	100.0
3.51125490000004	77.0	100.0
3.529754500000081	77.0	100.0
3.5473567000001367	77.0	100.0
3.5716706000000613	77.0	100.0
3.587463600000092	77.0	100.0
3.607267100000172	77.0	100.0
3.6271734000001743	77.0	100.0
3.647028900000123	77.0	100.0
3.669615100000101	77.0	100.0
3.6888000999999804	77.0	100.0
3.7060714000001553	77.0	100.0
3.726525600000059	77.0	100.0
3.7467251000000488	77.0	100.0
3.7669226000000435	77.0	100.0
3.787450499999977	77.0	100.0
3.808221400000093	77.0	100.0
3.828497700000071	77.0	100.0
3.850787900000114	77.0	100.0
3.868090200000097	77.0	100.0
3.887283000000025	77.0	100.0
3.9080043000001297	77.0	100.0
3.9273677999999563	77.0	100.0
3.94618800000012	77.0	100.0
3.96877910000012	77.0	100.0
3.987928600000032	77.0	100.0
4.009509900000012	77.0	100.0
4.02818400000001	77.0	100.0
4.047060800000054	77.0	100.0
4.066929500000015	77.0	100.0
4.0910959000000275	77.0	100.0
4.109020099999952	77.0	100.0
4.12801730000001	76.0	100.0
4.14852360000009	76.0	100.0
4.170556799999986	76.0	100.0
4.188203300000168	76.0	100.0
4.207492900000034	76.0	100.0
4.227459800000133	76.0	100.0
4.248331500000177	76.0	100.0
4.268632700000126	76.0	100.0
4.288730900000019	76.0	100.0
4.310506499999974	76.0	100.0
4.330380300000115	76.0	100.0
4.351922000000059	76.0	100.0
4.368833900000027	76.0	100.0
4.388812600000165	76.0	100.0
4.41005680000012	76.0	100.0
4.428282000000081	76.0	100.0
4.448325199999999	76.0	100.0
4.470755700000154	76.0	100.0
4.491262900000038	76.0	100.0
4.508593200000178	76.0	100.0
4.527837300000101	76.0	100.0
4.547969800000146	76.0	100.0
4.569402500000024	76.0	100.0
4.595453099999986	76.0	100.0
4.61214340000015	76.0	100.0
4.630151500000011	76.0	100.0
4.650708699999996	76.0	100.0
4.669355800000176	76.0	100.0
4.6886530000001585	76.0	100.0
4.712684699999954	76.0	100.0
4.727953500000012	76.0	100.0
4.7482936999999765	76.0	100.0
4.76870410000015	76.0	100.0
4.789293300000054	76.0	100.0
4.814775900000086	76.0	100.0
4.82842340000002	76.0	100.0
4.848550000000159	76.0	100.0
4.869474100000161	76.0	100.0
4.890401699999984	76.0	100.0
4.908761800000093	76.0	100.0
4.929106900000079	76.0	100.0
4.949247900000046	76.0	100.0
4.970031000000063	76.0	100.0
4.992465400000128	76.0	100.0
5.009278400000085	76.0	100.0
5.029736899999989	76.0	100.0
5.049540800000159	76.0	100.0
5.069742000000133	76.0	100.0
5.089805999999953	76.0	100.0
5.110943900000166	76.0	100.0
5.135628800000177	75.0	100.0
5.1499584000000596	75.0	100.0
5.170637400000032	75.0	100.0
5.190300200000138	75.0	100.0
5.2091629999999896	75.0	100.0
5.2297071000000415	75.0	100.0
5.249705200000108	75.0	100.0
5.270475799999986	75.0	100.0
5.292430299999978	75.0	100.0
5.31026380000003	75.0	100.0
5.329971800000067	75.0	100.0
5.350090200000068	75.0	100.0
5.370243200000004	75.0	100.0
5.3897795000000315	75.0	100.0
5.410487699999976	75.0	100.0
5.429828600000064	75.0	100.0
5.4518915999999535	75.0	100.0
5.470450400000118	75.0	100.0
5.4895596999999725	75.0	100.0
5.510564899999963	75.0	100.0
5.530347699999993	75.0	100.0
5.550225500000124	75.0	100.0
5.571309300000166	75.0	100.0
5.590057399999978	75.0	100.0
5.611085700000103	75.0	100.0
5.629996099999971	75.0	100.0
5.649849700000004	75.0	100.0
5.670291800000086	75.0	100.0
5.689932400000089	75.0	100.0
5.711750800000118	75.0	100.0
5.730331800000158	75.0	100.0
5.754236500000161	75.0	100.0
5.772511300000133	75.0	100.0
5.7901023000001715	75.0	100.0
5.811846100000139	75.0	100.0
5.830142700000124	75.0	100.0
5.849352100000033	75.0	100.0
5.870063000000073	75.0	100.0
5.890198199999986	75.0	100.0
5.908904500000062	75.0	100.0
5.928456100000176	75.0	100.0
5.94666159999997	75.0	100.0
5.966903200000161	75.0	100.0
5.9891251999999895	75.0	100.0
6.009630300000026	75.0	100.0
6.029666200000065	75.0	100.0
6.050203200000169	75.0	100.0
6.071369300000015	75.0	100.0
6.093363800000134	75.0	100.0
6.1120932999999695	75.0	100.0
6.1312218000000485	75.0	100.0
6.150191000000177	75.0	100.0
6.169931800000086	75.0	100.0
6.19200950000004	75.0	100.0
6.210639399999991	75.0	100.0
6.2314278000001195	75.0	100.0
6.251962100000128	75.0	100.0
6.271334900000056	75.0	100.0
6.290901100000156	75.0	100.0
6.310884400000077	75.0	100.0
6.329823700000134	75.0	100.0
6.34972700000003	75.0	100.0
6.369677200000069	75.0	100.0
6.395333400000027	75.0	100.0
6.427105800000163	75.0	100.0
6.443363800000043	75.0	100.0
6.45045980000009	75.0	100.0
6.47068030000014	75.0	100.0
6.490893800000094	75.0	100.0
6.510939100000087	75.0	100.0
6.531176599999981	75.0	100.0
6.551918099999966	75.0	100.0
6.574446999999964	75.0	100.0
6.590660600000092	75.0	100.0
6.611170700000002	75.0	100.0
6.631088399999953	75.0	100.0
6.650681400000167	75.0	100.0
6.671269200000097	75.0	100.0
6.694970799999965	75.0	100.0
6.7122461000001294	75.0	100.0
6.734593300000142	75.0	100.0
6.751107300000058	75.0	100.0
6.771360299999969	75.0	100.0
6.791021600000022	75.0	100.0
6.810937899999999	75.0	100.0
6.830775300000141	75.0	100.0
6.851385100000016	75.0	100.0
6.872555200000079	75.0	100.0
6.8925793000000795	75.0	100.0
6.912033100000144	75.0	100.0
6.931592200000068	75.0	100.0
6.951167899999973	75.0	100.0
6.970687100000077	75.0	100.0
6.990976000000046	75.0	100.0
7.013858300000038	75.0	100.0
7.033214000000044	75.0	100.0
7.054319000000078	75.0	100.0
7.072503100000176	75.0	100.0
7.090806500000099	75.0	100.0
7.110877900000105	75.0	100.0
7.130058299999973	73.0	100.0
7.148520700000063	73.0	100.0
7.167386300000089	73.0	100.0
7.191019600000118	73.0	100.0
7.217912800000022	73.0	100.0
7.232819700000164	73.0	100.0
7.2521286000001055	73.0	100.0
7.271977500000048	73.0	100.0
7.291476500000044	73.0	100.0
7.3180024000000685	73.0	100.0
7.3323007999999845	73.0	100.0
7.354133300000058	73.0	100.0
7.375309400000106	73.0	100.0
7.392616800000042	73.0	100.0
7.4125086000001374	73.0	100.0
7.432407200000171	73.0	100.0
7.452702600000066	73.0	100.0
7.472414000000072	73.0	100.0
7.4908722000000125	73.0	100.0
7.512794400000075	73.0	100.0
7.534249300000056	73.0	100.0
7.552709600000071	73.0	100.0
7.571336700000074	73.0	100.0
7.592146299999968	73.0	100.0
7.612537700000075	73.0	100.0
7.6328501000000415	73.0	100.0
7.655100000000175	73.0	100.0
7.673562299999958	73.0	100.0
7.694742000000133	73.0	100.0
7.71208630000001	73.0	100.0
7.732468200000085	73.0	100.0
7.752728700000034	73.0	100.0
7.7728678000000855	73.0	100.0
7.790956900000083	73.0	100.0
7.813441700000112	73.0	100.0
7.837439000000131	73.0	100.0
7.85498490000009	73.0	100.0
7.873909600000161	73.0	100.0
7.893395400000145	73.0	100.0
7.913517299999967	73.0	100.0
7.937829599999986	73.0	100.0
7.953750900000159	73.0	100.0
7.97430959999997	73.0	100.0
7.994172899999967	73.0	100.0
8.013570400000162	73.0	100.0
8.032285799999954	73.0	100.0
8.052388900000096	73.0	100.0
8.072106200000007	73.0	100.0
8.090434200000118	73.0	100.0
8.11428550000005	73.0	100.0
8.132928700000093	71.0	100.0
8.154286299999967	71.0	100.0
8.175637400000141	71.0	100.0
8.193528300000025	71.0	100.0
8.213648300000159	71.0	100.0
8.234368099999983	71.0	100.0
8.253840699999955	71.0	100.0
8.27447589999997	71.0	100.0
8.294474000000037	71.0	100.0
8.314481500000056	71.0	100.0
8.336820200000147	71.0	100.0
8.358210999999983	71.0	100.0
8.374165700000049	71.0	100.0
8.393494200000077	71.0	100.0
8.414421100000027	71.0	100.0
8.43410259999996	71.0	100.0
8.458061700000144	71.0	100.0
8.474886500000139	71.0	100.0
8.494471500000145	71.0	100.0
8.514903500000173	71.0	100.0
8.534454500000038	71.0	100.0
8.554587300000094	71.0	100.0
8.577042900000151	71.0	100.0
8.595197100000178	71.0	100.0
8.61451000000011	71.0	100.0
8.63426370000002	71.0	100.0
8.656759599999987	71.0	100.0
8.674988400000075	71.0	100.0
8.694444599999997	71.0	100.0
8.714635499999986	71.0	100.0
8.734302500000013	71.0	100.0
8.754691699999967	71.0	100.0
8.77477829999998	71.0	100.0
8.794999100000041	71.0	100.0
8.81641250000007	71.0	100.0
8.834639600000173	71.0	100.0
8.854528400000163	71.0	100.0
8.879038100000116	71.0	100.0
8.895231500000136	71.0	100.0
8.914341700000023	71.0	100.0
8.934598300000061	71.0	100.0
8.955388300000095	71.0	100.0
8.980722799999967	71.0	100.0
8.994469299999992	71.0	100.0
9.01423150000005	71.0	100.0
9.034803300000021	71.0	100.0
9.05470420000006	71.0	100.0
9.078770100000156	71.0	100.0
9.095217300000058	71.0	100.0
9.115353800000094	71.0	100.0
9.137919700000111	70.0	100.0
9.17002790000015	70.0	100.0
9.18485499999997	70.0	100.0
9.196083000000044	70.0	100.0
9.214541900000086	70.0	100.0
9.235015800000156	70.0	100.0
9.2548369000001	70.0	100.0
9.275957400000152	70.0	100.0
9.297699599999987	70.0	100.0
9.315494400000034	70.0	100.0
9.33478500000001	70.0	100.0
9.354978900000106	70.0	100.0
9.37534410000012	70.0	100.0
9.399139699999978	70.0	100.0
9.414275400000179	70.0	100.0
9.435443700000178	70.0	100.0
9.456141200000047	70.0	100.0
9.475451000000021	70.0	100.0
9.499131700000135	70.0	100.0
9.51534310000011	70.0	100.0
9.534836400000131	70.0	100.0
9.555582800000138	70.0	100.0
9.575330200000053	70.0	100.0
9.597240000000056	70.0	100.0
9.619082599999956	70.0	100.0
9.63537610000003	70.0	100.0
9.655125300000009	70.0	100.0
9.67629009999996	70.0	100.0
9.695652699999982	70.0	100.0
9.714733400000114	70.0	100.0
9.73581030000014	70.0	100.0
9.757018000000016	70.0	100.0
9.775767500000029	70.0	100.0
9.794184600000108	70.0	100.0
9.808842700000014	70.0	100.0
9.830046300000049	70.0	100.0
9.84931870000014	70.0	100.0
9.872068300000137	70.0	100.0
9.894572200000084	70.0	100.0
9.919911299999967	70.0	100.0
9.938437199999953	70.0	100.0
9.95593329999997	70.0	100.0
9.976552800000036	70.0	100.0
9.99551130000009	70.0	100.0
10.019637200000034	70.0	100.0
10.036579600000096	70.0	100.0
10.055809700000054	70.0	100.0
10.076515800000152	70.0	100.0
10.098265600000104	70.0	100.0
10.119474200000013	70.0	100.0
10.13725670000008	71.0	100.0
10.15654940000013	71.0	100.0
10.176713100000143	71.0	100.0
10.196493600000167	71.0	100.0
10.21697190000009	71.0	100.0
10.236879400000134	71.0	100.0
10.259482200000093	71.0	100.0
10.277352000000064	71.0	100.0
10.296325400000114	71.0	100.0
10.318377400000145	71.0	100.0
10.336580500000082	71.0	100.0
10.35650940000005	71.0	100.0
10.376450400000067	71.0	100.0
10.397762300000068	71.0	100.0
10.420187500000111	71.0	100.0
10.436512100000073	71.0	100.0
10.45646899999997	71.0	100.0
10.476474800000005	71.0	100.0
10.49647600000003	71.0	100.0
10.516694700000016	71.0	100.0
10.536635200000092	71.0	100.0
10.557614199999989	71.0	100.0
10.579398000000083	71.0	100.0
10.596543699999984	71.0	100.0
10.617137599999978	71.0	100.0
10.637535800000023	71.0	100.0
10.657478699999956	71.0	100.0
10.677426500000138	71.0	100.0
10.696453900000051	71.0	100.0
10.717783600000075	71.0	100.0
10.738903800000116	71.0	100.0
10.757520200000044	71.0	100.0
10.777334399999972	71.0	100.0
10.796907099999999	71.0	100.0
10.817421700000068	71.0	100.0
10.836997600000132	71.0	100.0
10.855489799999987	71.0	100.0
10.877503100000013	71.0	100.0
10.898106000000098	71.0	100.0
10.916931299999987	71.0	100.0
10.936580400000139	71.0	100.0
10.959117900000138	71.0	100.0
10.97712300000012	71.0	100.0
10.996849099999963	71.0	100.0
11.016921400000001	71.0	100.0
11.037600699999984	71.0	100.0
11.062560500000018	71.0	100.0
11.078179900000123	71.0	100.0
11.097694300000057	71.0	100.0
11.119272600000158	71.0	100.0
11.138281400000096	73.0	100.0
11.158048200000167	73.0	100.0
11.177974899999981	73.0	100.0
11.198589600000105	73.0	100.0
11.220014800000172	73.0	100.0
11.239490700000033	73.0	100.0
11.257643900000176	73.0	100.0
11.278353700000025	73.0	100.0
11.297870699999976	73.0	100.0
11.317780100000164	73.0	100.0
11.338471499999969	73.0	100.0
11.359098099999983	73.0	100.0
11.379292999999961	73.0	100.0
11.398110000000088	73.0	100.0
11.418329400000175	73.0	100.0
11.43730770000002	73.0	100.0
11.457255400000122	73.0	100.0
11.481582200000048	73.0	100.0
11.497787100000096	73.0	100.0
11.517970999999989	73.0	100.0
11.540468200000078	73.0	100.0
11.558332600000085	73.0	100.0
11.578093999999965	73.0	100.0
11.59806820000017	73.0	100.0
11.618087500000001	73.0	100.0
11.637851100000034	73.0	100.0
11.65840070000013	73.0	100.0
11.680125999999973	73.0	100.0
11.700216299999965	73.0	100.0
11.719089200000099	73.0	100.0
11.737660700000106	73.0	100.0
11.759140300000126	73.0	100.0
11.77925950000008	73.0	100.0
11.79833480000002	73.0	100.0
11.818790300000046	73.0	100.0
11.839021000000002	73.0	100.0
11.87502470000004	73.0	100.0
11.89248090000001	73.0	100.0
11.898121299999957	73.0	100.0
11.918268699999999	73.0	100.0
11.938102600000093	73.0	100.0
11.959076600000117	73.0	100.0
11.978821400000015	73.0	100.0
11.998719300000175	73.0	100.0
12.020560700000033	73.0	100.0
12.03881020000017	73.0	100.0
12.058863299999985	73.0	100.0
12.078362900000002	73.0	100.0
12.102762600000005	73.0	100.0
12.12027860000012	73.0	100.0
12.139180300000135	74.0	100.0
12.160909299999958	74.0	100.0
12.182429500000126	74.0	100.0
12.199411000000055	74.0	100.0
12.218751300000122	74.0	100.0
12.238991700000042	74.0	100.0
12.260084300000017	74.0	100.0
12.279171600000154	74.0	100.0
12.302076800000123	74.0	100.0
12.319691899999953	74.0	100.0
12.341480300000057	74.0	100.0
12.358411400000023	74.0	100.0
12.379455600000028	74.0	100.0
12.399474900000087	74.0	100.0
12.419810200000029	74.0	100.0
12.439759200000026	74.0	100.0
12.458928200000173	74.0	100.0
12.480160400000159	74.0	100.0
12.502656300000126	74.0	100.0
12.520115799999985	74.0	100.0
12.539181000000099	74.0	100.0
12.559899300000097	74.0	100.0
12.580052199999955	74.0	100.0
12.599955200000068	74.0	100.0
12.61984110000003	74.0	100.0
12.640577600000142	74.0	100.0
12.661524699999973	74.0	100.0
12.68310170000018	74.0	100.0
12.70247160000008	74.0	100.0
12.725928199999998	74.0	100.0
12.743026999999984	74.0	100.0
12.762026800000058	74.0	100.0
12.778886199999988	74.0	100.0
12.800842600000124	74.0	100.0
12.826037400000132	74.0	100.0
12.8397887000001	74.0	100.0
12.860473400000046	74.0	100.0
12.880258400000002	74.0	100.0
12.899223600000141	74.0	100.0
12.920351900000014	74.0	100.0
12.939154200000075	74.0	100.0
12.960311300000058	74.0	100.0
12.98222080000005	74.0	100.0
13.001001999999971	74.0	100.0
13.0201426000001	74.0	100.0
13.04118870000002	74.0	100.0
13.058998400000064	74.0	100.0
13.082555700000057	74.0	100.0
13.100588100000095	74.0	100.0
13.121674600000006	74.0	100.0
13.143001099999992	74.0	100.0
13.17632330000015	74.0	100.0
13.18578790000015	74.0	100.0
13.200323000000026	74.0	100.0
13.220419800000172	74.0	100.0
13.240886799999998	74.0	100.0
13.26008650000017	74.0	100.0
13.281542800000125	74.0	100.0
13.298994200000152	74.0	100.0
13.32057420000001	74.0	100.0
13.336246200000005	74.0	100.0
13.352763200000027	74.0	100.0
13.373348400000168	74.0	100.0
13.395320000000083	74.0	100.0
13.423038800000086	74.0	100.0
13.439139300000079	74.0	100.0
13.462922899999967	74.0	100.0
13.480840500000113	74.0	100.0
13.500291600000082	74.0	100.0
13.520513800000117	74.0	100.0
13.541930200000024	74.0	100.0
13.561729799999966	74.0	100.0
13.581834200000003	74.0	100.0
13.60216730000002	74.0	100.0
13.623688800000082	74.0	100.0
13.64158650000013	74.0	100.0
13.660784800000101	74.0	100.0
13.68111510000017	74.0	100.0
13.699333100000104	74.0	100.0
13.71645750000016	74.0	100.0
13.738385200000039	74.0	100.0
13.757567699999981	74.0	100.0
13.779760399999986	74.0	100.0
13.799218800000062	74.0	100.0
13.819122200000038	74.0	100.0
13.841496600000028	74.0	100.0
13.863495199999988	74.0	100.0
13.882854700000053	74.0	100.0
13.901908800000001	74.0	100.0
13.921886600000107	74.0	100.0
13.942208700000037	74.0	100.0
13.961991399999988	74.0	100.0
13.98125240000013	74.0	100.0
14.004167499999994	74.0	100.0
14.021211900000026	74.0	100.0
14.04175320000013	74.0	100.0
14.061706400000048	74.0	100.0
14.081954600000017	74.0	100.0
14.103228400000035	74.0	100.0
14.123328700000002	74.0	100.0
14.144215199999962	75.0	100.0
14.161645300000146	75.0	100.0
14.18262690000006	75.0	100.0
14.202406699999983	75.0	100.0
14.221924500000114	75.0	100.0
14.242953899999975	75.0	100.0
14.264696800000138	75.0	100.0
14.282789200000025	75.0	100.0
14.315847500000018	75.0	100.0
14.330923400000074	75.0	100.0
14.342415300000084	75.0	100.0
14.362194400000135	75.0	100.0
14.392242099999976	75.0	100.0
14.40865030000009	75.0	100.0
14.424219400000084	75.0	100.0
14.441877200000135	75.0	100.0
14.461280700000088	75.0	100.0
14.482321200000115	75.0	100.0
14.501535999999987	75.0	100.0
14.522207299999991	75.0	100.0
14.54169909999996	75.0	100.0
14.56225070000005	75.0	100.0
14.58287960000007	75.0	100.0
14.601739200000111	75.0	100.0
14.621804300000122	75.0	100.0
14.641905700000052	75.0	100.0
14.661970399999973	75.0	100.0
14.681945499999983	75.0	100.0
14.70307650000018	75.0	100.0
14.724420400000099	75.0	100.0
14.74323830000003	75.0	100.0
14.762339300000122	75.0	100.0
14.783113700000058	75.0	100.0
14.802701900000102	75.0	100.0
14.823148400000036	75.0	100.0
14.84291640000015	75.0	100.0
14.862602200000083	75.0	100.0
14.883343200000127	75.0	100.0
14.904835300000059	75.0	100.0
14.925707300000113	75.0	100.0
14.943040099999962	75.0	100.0
14.962780900000098	75.0	100.0
14.982517900000175	75.0	100.0
15.007274700000153	75.0	100.0
15.023208600000089	75.0	100.0
15.043648500000018	75.0	100.0
15.064439800000173	75.0	100.0
15.083015700000033	75.0	100.0
15.102835400000004	75.0	100.0
15.124755800000003	75.0	100.0
15.143870900000138	75.0	100.0
15.162864000000127	75.0	100.0
15.18210820000013	75.0	100.0
15.203932399999985	75.0	100.0
15.225212600000077	75.0	100.0
15.243211100000053	75.0	100.0
15.262769200000093	75.0	100.0
15.283109100000047	75.0	100.0
15.302432700000054	75.0	100.0
15.323523400000113	75.0	100.0
15.34326030000011	75.0	100.0
15.367427000000134	75.0	100.0
15.397098500000084	75.0	100.0
15.413108100000045	75.0	100.0
15.425171200000023	75.0	100.0
15.444603300000153	75.0	100.0
15.465620800000124	75.0	100.0
15.476504800000157	75.0	100.0
15.495121000000154	75.0	100.0
15.51610310000001	75.0	100.0
15.539579200000162	75.0	100.0
15.560069000000112	75.0	100.0
15.581059399999958	75.0	100.0
15.59903989999998	75.0	100.0
15.621806900000138	75.0	100.0
15.642969200000152	75.0	100.0
15.662419200000159	75.0	100.0
15.684006599999975	75.0	100.0
15.705723700000135	75.0	100.0
15.722839900000054	75.0	100.0
15.744986500000095	75.0	100.0
15.762725000000046	75.0	100.0
15.78281549999997	75.0	100.0
15.800500800000009	75.0	100.0
15.816009500000064	75.0	100.0
15.840024699999958	75.0	100.0
15.862961000000041	75.0	100.0
15.885605700000042	75.0	100.0
15.905006400000048	75.0	100.0
15.924441699999988	75.0	100.0
15.949738300000035	75.0	100.0
15.963609700000006	75.0	100.0
15.984354000000167	75.0	100.0
16.00587600000017	75.0	100.0
16.026587800000016	75.0	100.0
16.048251200000095	75.0	100.0
16.06478660000016	75.0	100.0
16.084325900000067	75.0	100.0
16.104256100000157	75.0	100.0
16.125091300000122	75.0	100.0
16.14452600000004	75.0	100.0
16.165572099999963	75.0	100.0
16.186215200000106	75.0	100.0
16.204508799999985	75.0	100.0
16.223102800000106	75.0	100.0
16.243084400000043	75.0	100.0
16.264535199999955	75.0	100.0
16.284584800000175	75.0	100.0
16.30290149999996	75.0	100.0
16.325657699999965	75.0	100.0
16.346842300000162	75.0	100.0
16.36339390000012	75.0	100.0
16.383383200000026	75.0	100.0
16.404318600000124	75.0	100.0
16.424014899999975	75.0	100.0
16.444870300000048	75.0	100.0
16.46826840000017	75.0	100.0
16.48586320000004	75.0	100.0
16.50610419999998	75.0	100.0
16.525693300000057	75.0	100.0
16.544493200000034	75.0	100.0
16.568439500000068	75.0	100.0
16.584473300000127	75.0	100.0
16.605650500000138	75.0	100.0
16.62451299999998	75.0	100.0
16.64598950000004	75.0	100.0
16.667510600000014	75.0	100.0
16.685514400000102	75.0	100.0
16.704864799999996	75.0	100.0
16.724864100000104	75.0	100.0
16.744501300000138	75.0	100.0
16.765087200000153	75.0	100.0
16.785213399999975	75.0	100.0
16.805645200000072	75.0	100.0
16.82866899999999	75.0	100.0
16.845264199999974	75.0	100.0
16.866129	75.0	100.0
16.88646779999999	75.0	100.0
16.905787900000178	75.0	100.0
16.925275400000146	75.0	100.0
16.945886900000005	75.0	100.0
16.96619140000007	75.0	100.0
16.992066199999954	75.0	100.0
17.00622640000006	75.0	100.0
17.026145000000042	75.0	100.0
17.045836100000088	75.0	100.0
17.0659184000001	75.0	100.0
17.090028800000027	75.0	100.0
17.10545470000011	75.0	100.0
17.127259200000026	75.0	100.0
17.147674700000152	76.0	100.0
17.165671200000133	76.0	100.0
17.186836500000027	76.0	100.0
17.206209200000103	76.0	100.0
17.226283299999977	76.0	100.0
17.24661190000006	76.0	100.0
17.266124900000023	76.0	100.0
17.286921699999994	76.0	100.0
17.308549500000026	76.0	100.0
17.326753000000053	76.0	100.0
17.346623000000136	76.0	100.0
17.366681299999982	76.0	100.0
17.385095999999976	76.0	100.0
17.406428500000175	76.0	100.0
17.42672390000007	76.0	100.0
17.446912099999963	76.0	100.0
17.467334300000175	76.0	100.0
17.479300400000056	76.0	100.0
17.49882760000014	76.0	100.0
17.51940609999997	76.0	100.0
17.541566000000103	76.0	100.0
17.56396040000004	76.0	100.0
17.584877100000085	76.0	100.0
17.607207100000096	76.0	100.0
17.627688400000125	76.0	100.0
17.64451410000015	76.0	100.0
17.66637260000016	76.0	100.0
17.687294400000155	76.0	100.0
17.707170000000133	76.0	100.0
17.726811800000178	76.0	100.0
17.74695850000012	76.0	100.0
17.76799730000016	76.0	100.0
17.789616499999966	76.0	100.0
17.807356100000106	76.0	100.0
17.826902400000108	76.0	100.0
17.84668190000002	76.0	100.0
17.867127900000014	76.0	100.0
17.888306000000057	76.0	100.0
17.90819680000004	76.0	100.0
17.928521499999988	76.0	100.0
17.949611500000174	76.0	100.0
17.968151600000056	76.0	100.0
17.9874049	76.0	100.0
18.006979900000033	76.0	100.0
18.028447800000095	76.0	100.0
18.047773500000176	76.0	100.0
18.067297499999995	76.0	100.0
18.08942950000005	76.0	100.0
18.109705500000018	76.0	100.0
18.130221699999993	76.0	100.0
18.147798899999998	77.0	100.0
18.168115500000113	77.0	100.0
18.188316600000007	77.0	100.0
18.207459700000072	77.0	100.0
18.22865190000016	77.0	100.0
18.24845049999999	77.0	100.0
18.27079640000011	77.0	100.0
18.288348700000142	77.0	100.0
18.3068674000001	77.0	100.0
18.328250799999978	77.0	100.0
18.347120900000164	77.0	100.0
18.367075999999997	77.0	100.0
18.3891172000001	77.0	100.0
18.408608200000117	77.0	100.0
18.42957300000012	77.0	100.0
18.44812520000005	77.0	100.0
18.467799600000035	77.0	100.0
18.490339000000176	77.0	100.0
18.509559699999954	77.0	100.0
18.52873620000014	77.0	100.0
18.548480200000085	77.0	100.0
18.57061970000018	77.0	100.0
18.591524500000105	77.0	100.0
18.608795699999973	77.0	100.0
18.62839470000017	77.0	100.0
18.652013099999976	77.0	100.0
18.66861259999996	77.0	100.0
18.68848240000011	77.0	100.0
18.708692400000018	77.0	100.0
18.729696500000045	77.0	100.0
18.749405499999966	77.0	100.0
18.768734300000006	77.0	100.0
18.789406699999972	77.0	100.0
18.809357600000112	77.0	100.0
18.828599300000178	77.0	100.0
18.848802400000068	77.0	100.0
18.86846000000014	77.0	100.0
18.889829899999995	77.0	100.0
18.910694899999953	77.0	100.0
18.928598500000135	77.0	100.0
18.94946270000014	77.0	100.0
18.968456800000013	77.0	100.0
18.98963730000014	77.0	100.0
19.009794700000157	77.0	100.0
19.029577000000018	77.0	100.0
19.050008599999956	77.0	100.0
19.070531200000005	77.0	100.0
19.08890650000012	77.0	100.0
19.108687900000177	77.0	100.0
19.13010929999996	77.0	100.0
19.14900690000013	80.0	100.0
19.172163400000045	80.0	100.0
19.189778500000102	80.0	100.0
19.210335600000008	80.0	100.0
19.23177950000013	80.0	100.0
19.249357600000167	80.0	100.0
19.27277049999998	80.0	100.0
19.289474300000165	80.0	100.0
19.30906189999996	80.0	100.0
19.330413900000167	80.0	100.0
19.34917059999998	80.0	100.0
19.369638900000155	80.0	100.0
19.39119340000002	80.0	100.0
19.40932880000014	80.0	100.0
19.431438900000103	80.0	100.0
19.44832530000008	80.0	100.0
19.469242699999995	80.0	100.0
19.489622600000075	80.0	100.0
19.508828500000163	80.0	100.0
19.53040340000007	80.0	100.0
19.55077540000002	80.0	100.0
19.569381900000053	80.0	100.0
19.589519800000062	80.0	100.0
19.60868370000003	80.0	100.0
19.629392800000005	80.0	100.0
19.649716300000136	80.0	100.0
19.66933740000013	80.0	100.0
19.69354670000007	80.0	100.0
19.71047160000012	80.0	100.0
19.72908570000004	80.0	100.0
19.749381600000106	80.0	100.0
19.769503200000145	80.0	100.0
19.790284100000008	80.0	100.0
19.81021480000004	80.0	100.0
19.830285100000083	80.0	100.0
19.85039710000001	80.0	100.0
19.87230139999997	80.0	100.0
19.89477490000013	80.0	100.0
19.910617700000103	80.0	100.0
19.93025140000009	80.0	100.0
19.95034110000006	80.0	100.0
19.970073299999967	80.0	100.0
19.99200689999998	80.0	100.0
20.010981700000002	80.0	100.0
20.031462300000157	80.0	100.0
20.050515300000143	80.0	100.0
20.070546800000102	80.0	100.0
20.09070029999998	80.0	100.0
20.110260300000164	80.0	100.0
20.129948900000045	80.0	100.0
20.15090750000013	81.0	100.0
20.17086560000007	81.0	100.0
20.192703200000096	81.0	100.0
20.210315300000048	81.0	100.0
20.230462100000068	81.0	100.0
20.250984700000117	81.0	100.0
20.270288500000106	81.0	100.0
20.290625399999954	81.0	100.0
20.31430290000003	81.0	100.0
20.33032060000005	81.0	100.0
20.35524720000012	81.0	100.0
20.370841000000155	81.0	100.0
20.39073480000002	81.0	100.0
20.410570100000086	81.0	100.0
20.430810800000017	81.0	100.0
20.450559600000133	81.0	100.0
20.470779600000014	81.0	100.0
20.49121490000016	81.0	100.0
20.513443900000084	81.0	100.0
20.530062400000133	81.0	100.0
20.550124600000117	81.0	100.0
20.570665899999995	81.0	100.0
20.590129800000113	81.0	100.0
20.61020129999997	81.0	100.0
20.630656199999976	81.0	100.0
20.649929200000088	81.0	100.0
20.672689300000002	81.0	100.0
20.690841399999954	81.0	100.0
20.710575700000163	81.0	100.0
20.734508900000037	81.0	100.0
20.75071600000001	81.0	100.0
20.77100519999999	81.0	100.0
20.791120300000102	81.0	100.0
20.811129300000175	81.0	100.0
20.83622400000013	81.0	100.0
20.85035710000011	81.0	100.0
20.871106100000134	81.0	100.0
20.89389640000013	81.0	100.0
20.910703300000023	81.0	100.0
20.934334300000046	81.0	100.0
20.950646500000175	81.0	100.0
20.971409600000015	81.0	100.0
20.99273190000008	81.0	100.0
21.011137700000063	81.0	100.0
21.031062799999972	81.0	100.0
21.050859200000104	81.0	100.0
21.07025560000011	81.0	100.0
21.09127280000007	81.0	100.0
21.110680300000013	81.0	100.0
21.13106730000004	81.0	100.0
21.154568500000096	83.0	100.0
21.172205200000008	83.0	100.0
21.190940899999987	83.0	100.0
21.210797200000115	83.0	100.0
21.230285300000105	83.0	100.0
21.2547955	83.0	100.0
21.271216600000116	83.0	100.0
21.291497899999968	83.0	100.0
21.312727400000085	83.0	100.0
21.331014300000106	83.0	100.0
21.354025699999966	83.0	100.0
21.37089690000016	83.0	100.0
21.39120109999999	83.0	100.0
21.410728700000163	83.0	100.0
21.43218109999998	83.0	100.0
21.451802400000133	83.0	100.0
21.47390429999996	83.0	100.0
21.491508400000157	83.0	100.0
21.51042580000012	83.0	100.0
21.53047420000007	83.0	100.0
21.550295300000016	83.0	100.0
21.57121180000013	83.0	100.0
21.593620800000053	83.0	100.0
21.612562799999978	83.0	100.0
21.633669100000134	83.0	100.0
21.65249360000007	83.0	100.0
21.671166200000016	83.0	100.0
21.691717700000027	83.0	100.0
21.711201999999957	83.0	100.0
21.730854200000067	83.0	100.0
21.761746900000162	83.0	100.0
21.775775000000067	83.0	100.0
21.79463510000005	83.0	100.0
21.812212799999998	83.0	100.0
21.831305200000088	83.0	100.0
21.855367099999967	83.0	100.0
21.87078470000006	83.0	100.0
21.891425000000027	83.0	100.0
21.91150420000008	83.0	100.0
21.93250150000017	83.0	100.0
21.954140900000084	83.0	100.0
21.975282600000128	83.0	100.0
21.9947102000001	83.0	100.0
22.02286170000002	83.0	100.0
22.03190070000005	83.0	100.0
22.05240219999996	83.0	100.0
22.07093800000007	83.0	100.0
22.093800999999985	83.0	100.0
22.11438720000001	83.0	100.0
22.13177080000014	83.0	100.0
22.15049010000007	84.0	100.0
22.171217999999953	84.0	100.0
22.19287959999997	84.0	100.0
22.21206240000015	84.0	100.0
22.23205410000014	84.0	100.0
22.252451100000144	84.0	100.0
22.27479070000004	84.0	100.0
22.291959399999996	84.0	100.0
22.311721499999976	84.0	100.0
22.33216430000016	84.0	100.0
22.352742600000056	84.0	100.0
22.372177800000145	84.0	100.0
22.39459869999996	84.0	100.0
22.41257459999997	84.0	100.0
22.435102700000016	84.0	100.0
22.451908900000035	84.0	100.0
22.471844600000168	84.0	100.0
22.491997999999967	84.0	100.0
22.512327600000162	84.0	100.0
22.530908500000123	84.0	100.0
22.551918900000146	84.0	100.0
22.57275320000008	84.0	100.0
22.59810010000001	84.0	100.0
22.613144300000158	84.0	100.0
22.63202410000008	84.0	100.0
22.652183400000013	84.0	100.0
22.671983599999976	84.0	100.0
22.692464900000004	84.0	100.0
22.712872500000003	84.0	100.0
22.73239680000006	84.0	100.0
22.754208300000073	84.0	100.0
22.772225000000162	84.0	100.0
22.792753500000117	84.0	100.0
22.81257010000013	84.0	100.0
22.83276980000005	84.0	100.0
22.852512400000023	84.0	100.0
22.86997680000013	84.0	100.0
22.891318899999987	84.0	100.0
22.912473999999975	84.0	100.0
22.92837080000004	84.0	100.0
22.951958800000057	84.0	100.0
22.969998900000064	84.0	100.0
22.985305000000153	84.0	100.0
23.005027400000017	84.0	100.0
23.02533500000004	84.0	100.0
23.050148400000126	84.0	100.0
23.073588400000062	84.0	100.0
23.0912108	84.0	100.0
23.110991100000092	84.0	100.0
23.134171200000083	84.0	100.0
23.15251380000018	0.0	100.0
23.172420300000113	0.0	100.0
23.19418470000005	0.0	100.0
23.214525900000126	0.0	100.0
23.234237800000074	0.0	100.0
23.253988400000026	0.0	100.0
23.273320799999965	0.0	100.0
23.29419440000015	0.0	100.0
23.313684700000067	0.0	100.0
23.33258980000005	0.0	100.0
23.352706099999978	0.0	100.0
23.374540700000125	0.0	100.0
23.39607920000003	0.0	100.0
23.41368310000007	0.0	100.0
23.43799839999997	0.0	100.0
23.454128000000082	0.0	100.0
23.473723000000064	0.0	100.0
23.494458300000133	0.0	100.0
23.513293900000008	0.0	100.0
23.53816340000003	0.0	100.0
23.555524399999967	0.0	100.0
23.57386500000007	0.0	100.0
23.594303800000034	0.0	100.0
23.614123000000063	0.0	100.0
23.634465500000033	0.0	100.0
23.654433000000154	0.0	100.0
23.674365699999953	0.0	100.0
23.694494000000077	0.0	100.0
23.71645220000005	0.0	100.0
23.73419120000017	0.0	100.0
23.75411650000001	0.0	100.0
23.77430160000017	0.0	100.0
23.79467120000004	0.0	100.0
23.81418440000016	0.0	100.0
23.834660299999996	0.0	100.0
23.85430610000003	0.0	100.0
23.875963899999988	0.0	100.0
23.893157700000074	0.0	100.0
23.91458190000003	0.0	100.0
23.937000399999988	0.0	100.0
23.954242000000022	0.0	100.0
23.97461199999998	0.0	100.0
23.99479960000008	0.0	100.0
24.015092100000174	0.0	100.0
24.039179699999977	0.0	100.0
24.05807290000007	0.0	100.0
24.07440130000009	0.0	100.0
24.09495220000008	0.0	100.0
24.114361700000018	0.0	100.0
24.13480040000013	0.0	100.0
24.154576600000155	86.0	100.0
24.174223700000084	86.0	100.0
24.196402199999966	86.0	100.0
24.214191100000107	86.0	100.0
24.23438030000011	86.0	100.0
24.25493890000007	86.0	100.0
24.274676200000158	86.0	100.0
24.29417680000006	86.0	100.0
24.314680400000043	86.0	100.0
24.33488310000007	86.0	100.0
24.360067600000093	86.0	100.0
24.37473850000015	86.0	100.0
24.394727000000103	86.0	100.0
24.41445520000002	86.0	100.0
24.44505939999999	86.0	100.0
24.454071699999986	86.0	100.0
24.478172200000017	86.0	100.0
24.506186200000002	86.0	100.0
24.52221069999996	86.0	100.0
24.534827899999982	86.0	100.0
24.554580200000146	86.0	100.0
24.574522800000068	86.0	100.0
24.594687700000122	86.0	100.0
24.61490200000003	86.0	100.0
24.635783500000116	86.0	100.0
24.65544530000011	86.0	100.0
24.67693230000009	86.0	100.0
24.69492869999999	86.0	100.0
24.71296210000014	86.0	100.0
24.73490620000007	86.0	100.0
24.7561647	86.0	100.0
24.775002400000176	86.0	100.0
24.79477080000015	86.0	100.0
24.815260699999953	86.0	100.0
24.836278600000014	86.0	100.0
24.856036800000084	86.0	100.0
24.874932500000114	86.0	100.0
24.894638800000166	86.0	100.0
24.914837799999987	86.0	100.0
24.934612900000047	86.0	100.0
24.954602700000123	86.0	100.0
24.9897555	86.0	100.0
25.002977399999963	86.0	100.0
25.014792400000033	86.0	100.0
25.034445100000084	86.0	100.0
25.0562053000001	86.0	100.0
25.07498520000013	86.0	100.0
25.0993469	86.0	100.0
25.11363950000009	86.0	100.0
25.13388020000002	86.0	100.0
25.1540629000001	87.0	100.0
25.17479830000002	87.0	100.0
25.198708399999987	87.0	100.0
25.214687800000092	87.0	100.0
25.234394800000018	87.0	100.0
25.254814600000145	87.0	100.0
25.27451760000008	87.0	100.0
25.296423500000174	87.0	100.0
25.317940900000167	87.0	100.0
25.334255200000143	87.0	100.0
25.35487480000006	87.0	100.0
25.374913900000138	87.0	100.0
25.395602100000133	87.0	100.0
25.414522700000134	87.0	100.0
25.434044300000096	87.0	100.0
25.45577000000003	87.0	100.0
25.477111700000023	87.0	100.0
25.494998600000145	87.0	100.0
25.518490000000156	87.0	100.0
25.534949100000176	87.0	100.0
25.55463020000002	87.0	100.0
25.574939600000107	87.0	100.0
25.594589199999973	87.0	100.0
25.616729400000168	87.0	100.0
25.63789440000005	87.0	100.0
25.654460900000004	87.0	100.0
25.674844900000153	87.0	100.0
25.694808800000146	87.0	100.0
25.71861130000002	87.0	100.0
25.734857300000158	87.0	100.0
25.754941800000097	87.0	100.0
25.775737000000163	87.0	100.0
25.798288700000057	87.0	100.0
25.814947800000027	87.0	100.0
25.835867700000108	87.0	100.0
25.856891099999984	87.0	100.0
25.875729699999965	87.0	100.0
25.89543820000017	87.0	100.0
25.915160900000046	87.0	100.0
25.936277400000108	87.0	100.0
25.958831000000146	87.0	100.0
25.975754800000004	87.0	100.0
25.996338800000103	87.0	100.0
26.016257600000017	87.0	100.0
26.039457600000105	87.0	100.0
26.054739500000096	87.0	100.0
26.076407300000028	87.0	100.0
26.097104899999977	87.0	100.0
26.118077400000175	87.0	100.0
26.138277400000106	87.0	100.0
26.15527770000017	0.0	100.0
26.176445400000148	0.0	100.0
26.19752470000003	0.0	100.0
26.216553900000008	0.0	100.0
26.237566799999968	0.0	100.0
26.256648600000062	0.0	100.0
26.27842529999998	0.0	100.0
26.296539200000097	0.0	100.0
26.31667010000001	0.0	100.0
26.33350990000008	0.0	100.0
26.356998200000135	0.0	100.0
26.377345000000105	0.0	100.0
26.397371499999963	0.0	100.0
26.416414700000132	0.0	100.0
26.437931599999956	0.0	100.0
26.45776090000004	0.0	100.0
26.476628699999992	0.0	100.0
26.502524600000015	0.0	100.0
26.51649620000012	0.0	100.0
26.536700399999972	0.0	100.0
26.55641609999998	0.0	100.0
26.57635860000005	0.0	100.0
26.5990690000001	0.0	100.0
26.617435399999977	0.0	100.0
26.636415599999964	0.0	100.0
26.656478600000128	0.0	100.0
26.67642920000003	0.0	100.0
26.696812900000168	0.0	100.0
26.716550100000177	0.0	100.0
26.737637000000177	0.0	100.0
26.762467000000015	0.0	100.0
26.777427100000068	0.0	100.0
26.79684670000006	0.0	100.0
26.81679290000011	0.0	100.0
26.83741789999999	0.0	100.0
26.856781800000135	0.0	100.0
26.87657360000003	0.0	100.0
26.90130790000012	0.0	100.0
26.919534300000123	0.0	100.0
26.937397200000078	0.0	100.0
26.95673910000005	0.0	100.0
26.977369100000033	0.0	100.0
26.998124299999972	0.0	100.0
27.017156500000056	0.0	100.0
27.03765569999996	0.0	100.0
27.057650100000046	0.0	100.0
27.08060760000012	0.0	100.0
27.097786499999984	0.0	100.0
27.116761100000076	0.0	100.0
27.137009100000114	0.0	100.0
27.157667400000037	86.0	100.0
27.17954910000003	86.0	100.0
27.198359900000014	86.0	100.0
27.218565600000147	86.0	100.0
27.240351900000178	86.0	100.0
27.257757300000094	86.0	100.0
27.27796740000008	86.0	100.0
27.29806930000018	86.0	100.0
27.317347600000176	86.0	100.0
27.336660500000107	86.0	100.0
27.36095420000015	86.0	100.0
27.37929250000002	86.0	100.0
27.39966070000014	86.0	100.0
27.41971669999998	86.0	100.0
27.437658700000156	86.0	100.0
27.458113700000013	86.0	100.0
27.477706399999988	86.0	100.0
27.498285000000124	86.0	100.0
27.520433700000012	86.0	100.0
27.53859690000013	86.0	100.0
27.56004810000013	86.0	100.0
27.577167000000145	86.0	100.0
27.598503599999958	86.0	100.0
27.618143300000156	86.0	100.0
27.638187600000037	86.0	100.0
27.658019800000147	86.0	100.0
27.678331500000013	86.0	100.0
27.70247990000007	86.0	100.0
27.719599100000096	86.0	100.0
27.73880299999996	86.0	100.0
27.75844730000017	86.0	100.0
27.77797200000009	86.0	100.0
27.798479799999996	86.0	100.0
27.818552100000034	86.0	100.0
27.838953500000116	86.0	100.0
27.858321100000012	86.0	100.0
27.88038520000009	86.0	100.0
27.902546799999982	86.0	100.0
27.917671000000155	86.0	100.0
27.93854680000004	86.0	100.0
27.95836720000011	86.0	100.0
27.97814519999997	86.0	100.0
27.998485800000026	86.0	100.0
28.01834030000009	86.0	100.0
28.040001600000096	86.0	100.0
28.058483700000124	86.0	100.0
28.07815740000001	86.0	100.0
28.098508100000117	86.0	100.0
28.122417199999973	86.0	100.0
28.13977480000017	86.0	100.0
28.158872700000074	87.0	100.0
28.178724300000113	87.0	100.0
28.20172709999997	87.0	100.0
28.21850519999998	87.0	100.0
28.238767800000005	87.0	100.0
28.258642500000178	87.0	100.0
28.278485100000125	87.0	100.0
28.298963100000037	87.0	100.0
28.322472900000093	87.0	100.0
28.33976900000016	87.0	100.0
28.360453100000086	87.0	100.0
28.378902400000015	87.0	100.0
28.398747400000047	87.0	100.0
28.42245170000001	87.0	100.0
28.43863650000003	87.0	100.0
28.45799039999997	87.0	100.0
28.477823299999955	87.0	100.0
28.500227500000165	87.0	100.0
28.521955200000093	87.0	100.0
28.538602400000173	87.0	100.0
28.558504300000095	87.0	100.0
28.57869790000018	87.0	100.0
28.598878700000114	87.0	100.0
28.618291200000158	87.0	100.0
28.638668000000052	87.0	100.0
28.659954900000002	87.0	100.0
28.680246399999987	87.0	100.0
28.698165200000176	87.0	100.0
28.71822710000015	87.0	100.0
28.742631900000106	87.0	100.0
28.75880219999999	87.0	100.0
28.778924899999993	87.0	100.0
28.800434600000017	87.0	100.0
28.819683599999962	87.0	100.0
28.845723099999987	87.0	100.0
28.8585779	87.0	100.0
28.878798599999982	87.0	100.0
28.899261900000056	87.0	100.0
28.918892600000163	87.0	100.0
28.94337940000014	87.0	100.0
28.95970209999996	87.0	100.0
28.97866900000008	87.0	100.0
29.00049899999999	87.0	100.0
29.01910450000014	87.0	100.0
29.038272000000006	87.0	100.0
29.058995000000095	87.0	100.0
29.079096200000095	87.0	100.0
29.10034100000007	87.0	100.0
29.11985709999999	87.0	100.0
29.141547200000105	87.0	100.0
29.16244830000005	87.0	100.0
29.18005190000008	87.0	100.0
29.199595700000145	87.0	100.0
29.218173100000058	87.0	100.0
29.23842250000007	87.0	100.0
29.262855000000172	87.0	100.0
29.278308300000162	87.0	100.0
29.299755400000095	87.0	100.0
29.321155699999963	87.0	100.0
29.341956299999993	87.0	100.0
29.363679000000047	87.0	100.0
29.37876490000008	87.0	100.0
29.39869980000003	87.0	100.0
29.418769600000132	87.0	100.0
29.439199800000097	87.0	100.0
29.459530300000097	87.0	100.0
29.481422100000145	87.0	100.0
29.499512600000116	87.0	100.0
29.51828670000009	87.0	100.0
29.5386132000001	87.0	100.0
29.55828120000001	87.0	100.0
29.57880050000017	87.0	100.0
29.59881590000009	87.0	100.0
29.620958200000132	87.0	100.0
29.64179009999998	87.0	100.0
29.659670799999958	87.0	100.0
29.680034100000057	87.0	100.0
29.700103200000058	87.0	100.0
29.719043499999998	87.0	100.0
29.73995100000002	87.0	100.0
29.75908830000003	87.0	100.0
29.783891799999992	87.0	100.0
29.80246360000001	87.0	100.0
29.818920800000114	87.0	100.0
29.840603699999974	87.0	100.0
29.860251600000083	87.0	100.0
29.883567699999958	87.0	100.0
29.900324899999987	87.0	100.0
29.919997400000057	87.0	100.0
29.940450300000066	87.0	100.0
29.961243200000126	87.0	100.0
29.983511800000088	87.0	100.0
29.99942770000007	87.0	100.0
30.01988570000003	87.0	100.0
30.040040399999953	87.0	100.0
30.05992110000011	87.0	100.0
30.080499600000167	87.0	100.0
30.100853200000074	87.0	100.0
30.122422400000005	87.0	100.0
30.141092500000013	87.0	100.0
30.16066190000015	86.0	100.0
30.180094199999985	86.0	100.0
30.19940040000006	86.0	100.0
30.22037850000015	86.0	100.0
30.239778600000136	86.0	100.0
30.26039230000015	86.0	100.0
30.282422200000155	86.0	100.0
30.300473499999953	86.0	100.0
30.32005920000006	86.0	100.0
30.34039860000007	86.0	100.0
30.360424299999977	86.0	100.0
30.38120150000009	86.0	100.0
30.40049850000014	86.0	100.0
30.422469600000113	86.0	100.0
30.442627700000003	86.0	100.0
30.460404000000153	86.0	100.0
30.480092600000035	86.0	100.0
30.5044683000001	86.0	100.0
30.52049430000011	86.0	100.0
30.539824599999974	86.0	100.0
30.559485300000006	86.0	100.0
30.580959399999983	86.0	100.0
30.60282140000004	86.0	100.0
30.620382300000074	86.0	100.0
30.64047800000003	86.0	100.0
30.660423400000127	86.0	100.0
30.680119000000104	86.0	100.0
30.70158390000006	86.0	100.0
30.72000090000006	86.0	100.0
30.74162010000009	86.0	100.0
30.762699800000064	86.0	100.0
30.780433900000162	86.0	100.0
30.800867000000153	86.0	100.0
30.820980899999995	86.0	100.0
30.841229399999975	86.0	100.0
30.860839299999952	86.0	100.0
30.88172640000016	86.0	100.0
30.901750400000083	86.0	100.0
30.922086900000068	86.0	100.0
30.9418862	86.0	100.0
30.960452400000122	86.0	100.0
30.980252500000006	86.0	100.0
31.002173000000084	86.0	100.0
31.023999000000003	86.0	100.0
31.040388500000063	86.0	100.0
31.06184940000003	86.0	100.0
31.083175800000163	86.0	100.0
31.101037900000165	86.0	100.0
31.121834900000067	86.0	100.0
31.141866400000026	86.0	100.0
31.161824499999966	86.0	100.0
31.18185510000012	86.0	100.0
31.201289100000167	86.0	100.0
31.22179150000011	86.0	100.0
31.242338000000018	86.0	100.0
31.260393900000054	86.0	100.0
31.28028170000016	86.0	100.0
31.300687300000163	86.0	100.0
31.32043560000011	86.0	100.0
31.340920000000096	86.0	100.0
31.36447720000001	86.0	100.0
31.382724199999984	86.0	100.0
31.40252529999998	86.0	100.0
31.421005700000023	86.0	100.0
31.444443500000034	86.0	100.0
31.461715700000013	86.0	100.0
31.481735300000082	86.0	100.0
31.501887699999997	86.0	100.0
31.522054400000115	86.0	100.0
31.542214000000058	86.0	100.0
31.562491600000158	86.0	100.0
31.581262500000093	86.0	100.0
31.601288400000158	86.0	100.0
31.620845000000145	86.0	100.0
31.640899900000022	86.0	100.0
31.660843800000066	86.0	100.0
31.684717600000113	86.0	100.0
31.701807000000144	86.0	100.0
31.72339120000015	86.0	100.0
31.741956500000015	86.0	100.0
31.761736000000155	86.0	100.0
31.78186249999999	86.0	100.0
31.80223520000004	86.0	100.0
31.822027100000014	86.0	100.0
31.84195520000003	86.0	100.0
31.86238400000002	86.0	100.0
31.882623299999977	86.0	100.0
31.902835300000106	86.0	100.0
31.92366960000004	86.0	100.0
31.942126300000155	86.0	100.0
31.965506700000105	86.0	100.0
31.982035800000176	86.0	100.0
32.00199160000011	86.0	100.0
32.023174000000154	86.0	100.0
32.044285700000046	86.0	100.0
32.06606600000009	86.0	100.0
32.082968200000096	86.0	100.0
32.10204910000016	86.0	100.0
32.122460400000136	86.0	100.0
32.14231800000016	86.0	100.0
32.16258740000012	88.0	100.0
32.18181260000006	88.0	100.0
32.2050749	88.0	100.0
32.22221630000013	88.0	100.0
32.24216650000017	88.0	100.0
32.26279060000002	88.0	100.0
32.28243710000015	88.0	100.0
32.3024676	88.0	100.0
32.32228740000005	88.0	100.0
32.34262740000008	88.0	100.0
32.36446990000013	88.0	100.0
32.3819003000001	88.0	100.0
32.40221960000008	88.0	100.0
32.421852599999966	88.0	100.0
32.44281190000015	88.0	100.0
32.46241380000015	88.0	100.0
32.48629540000002	88.0	100.0
32.50380580000001	88.0	100.0
32.524049600000126	88.0	100.0
32.542858799999976	88.0	100.0
32.56250130000012	88.0	100.0
32.58205070000008	88.0	100.0
32.601833899999974	88.0	100.0
32.62189780000017	88.0	100.0
32.64250190000007	88.0	100.0
32.66291820000015	88.0	100.0
32.68968070000005	88.0	100.0
32.7029907000001	88.0	100.0
32.72188589999996	88.0	100.0
32.74285320000013	88.0	100.0
32.7619158	88.0	100.0
32.78320870000016	88.0	100.0
32.80310860000009	88.0	100.0
32.82273710000004	88.0	100.0
32.84526000000005	88.0	100.0
32.86224030000017	88.0	100.0
32.882466900000054	88.0	100.0
32.90259680000008	88.0	100.0
32.92193700000007	88.0	100.0
32.94240100000002	88.0	100.0
32.96279079999999	88.0	100.0
32.984087600000066	88.0	100.0
33.006156000000146	88.0	100.0
33.02249619999998	88.0	100.0
33.04364690000011	88.0	100.0
33.06245880000006	88.0	100.0
33.08203860000003	88.0	100.0
33.10688210000012	88.0	100.0
33.12290430000007	88.0	100.0
33.145622300000014	88.0	100.0
33.16297570000006	88.0	100.0
33.18284349999999	88.0	100.0
33.2033186000001	88.0	100.0
33.22286559999998	88.0	100.0
33.242161200000055	88.0	100.0
33.262700400000085	88.0	100.0
33.28328239999996	88.0	100.0
33.30422270000008	88.0	100.0
33.32557029999998	88.0	100.0
33.34685669999999	88.0	100.0
33.36274160000016	88.0	100.0
33.38289940000004	88.0	100.0
33.40291060000004	88.0	100.0
33.42602190000002	88.0	100.0
33.43830580000008	88.0	100.0
33.4648909	88.0	100.0
33.48352040000009	88.0	100.0
33.50396650000016	88.0	100.0
33.5223797000001	88.0	100.0
33.543335999999954	88.0	100.0
33.56413440000006	88.0	100.0
33.58437449999997	88.0	100.0
33.60462780000012	88.0	100.0
33.62817310000014	88.0	100.0
33.646857299999965	88.0	100.0
33.664502200000015	88.0	100.0
33.682865600000014	88.0	100.0
33.70364059999997	88.0	100.0
33.72782690000008	88.0	100.0
33.74407120000001	88.0	100.0
33.76419940000005	88.0	100.0
33.78461089999996	88.0	100.0
33.80582860000004	88.0	100.0
33.82443039999998	88.0	100.0
33.84368119999999	88.0	100.0
33.86435140000003	88.0	100.0
33.88420380000002	88.0	100.0
33.90610190000007	88.0	100.0
33.92613090000009	88.0	100.0
33.94537800000012	88.0	100.0
33.96708190000004	88.0	100.0
33.98393060000012	88.0	100.0
34.004413800000066	88.0	100.0
34.02402180000013	88.0	100.0
34.04752359999998	88.0	100.0
34.064338200000066	88.0	100.0
34.08437930000014	88.0	100.0
34.10524469999996	88.0	100.0
34.12591500000008	88.0	100.0
34.147160200000144	88.0	100.0
34.16438280000011	88.0	100.0
34.185331200000064	88.0	100.0
34.20436840000002	88.0	100.0
34.22437230000014	88.0	100.0
34.244409700000006	88.0	100.0
34.26469780000002	88.0	100.0
34.286885600000005	88.0	100.0
34.30519019999997	88.0	100.0
34.36471350000011	88.0	100.0
34.36473500000011	88.0	100.0
34.36833999999999	88.0	100.0
34.38282840000011	88.0	100.0
34.502963000000136	88.0	100.0
34.50298470000007	88.0	100.0
34.50299390000009	88.0	100.0
34.50300149999998	88.0	100.0
34.50300990000005	88.0	100.0
34.50451870000006	88.0	100.0
34.52409699999998	88.0	100.0
34.5442293000001	88.0	100.0
34.5639592	88.0	100.0
34.58641080000007	88.0	100.0
34.77541970000016	88.0	100.0
34.775442099999964	88.0	100.0
34.77545310000005	88.0	100.0
34.775463200000104	88.0	100.0
34.77547300000015	88.0	100.0
34.77640600000018	88.0	100.0
34.7764251000001	88.0	100.0
34.77643560000001	88.0	100.0
34.776445200000126	88.0	100.0
34.78573500000016	88.0	100.0
34.84383610000009	88.0	100.0
34.84410930000013	88.0	100.0
34.84444789999998	88.0	100.0
34.86544300000014	88.0	100.0
34.88427220000017	88.0	100.0
34.93495759999996	88.0	100.0
34.93497750000006	88.0	100.0
34.94459230000007	88.0	100.0
34.96483580000017	88.0	100.0
34.98431070000015	88.0	100.0
35.03588190000005	88.0	100.0
35.03590180000015	88.0	100.0
35.044421100000136	88.0	100.0
35.06484710000018	88.0	100.0
35.08575070000006	88.0	100.0
35.10087199999998	88.0	100.0
35.138051800000085	88.0	100.0
35.145324500000015	88.0	100.0
35.162834200000134	86.0	100.0
35.18796540000017	86.0	100.0
35.20559520000006	86.0	100.0
35.24084000000016	86.0	100.0
35.24721670000008	86.0	100.0
35.26565440000013	86.0	100.0
35.28871090000007	86.0	100.0
35.304882600000155	86.0	100.0
35.34272050000004	86.0	100.0
35.344622999999956	86.0	100.0
35.365229	86.0	100.0
35.38645040000006	86.0	100.0
35.40672549999999	86.0	100.0
35.44582450000007	86.0	100.0
35.445842500000026	86.0	100.0
35.465162299999974	86.0	100.0
35.485521199999994	86.0	100.0
35.50981330000013	86.0	100.0
35.697374999999965	86.0	100.0
35.69740969999998	86.0	100.0
35.69742700000006	86.0	100.0
35.69744280000009	86.0	100.0
35.69745839999996	86.0	100.0
35.698208600000044	86.0	100.0
35.69822450000015	86.0	100.0
35.69823259999998	86.0	100.0
35.69823990000009	86.0	100.0
35.713180100000045	86.0	100.0
35.76508350000017	86.0	100.0
35.76511770000002	86.0	100.0
35.7661035000001	86.0	100.0
35.786570700000084	86.0	100.0
35.80962220000015	86.0	100.0
36.00420040000017	86.0	100.0
36.00423440000009	86.0	100.0
36.00425259999997	86.0	100.0
36.00427530000002	86.0	100.0
36.00429789999998	86.0	100.0
36.00431470000012	86.0	100.0
36.00433040000007	86.0	100.0
36.00434600000017	86.0	100.0
36.00436179999997	86.0	100.0
36.0055569000001	86.0	100.0
36.0262573	86.0	100.0
36.046731000000136	86.0	100.0
36.06389850000005	86.0	100.0
36.08574940000017	86.0	100.0
36.106810800000176	86.0	100.0
36.12661130000015	86.0	100.0
36.1541029	86.0	100.0
36.16667129999996	90.0	100.0
36.18680680000011	90.0	100.0
36.20904930000006	90.0	100.0
36.22665660000007	90.0	100.0
36.24517600000013	90.0	100.0
36.26530939999998	90.0	100.0
36.28688720000014	90.0	100.0
36.30649890000018	90.0	100.0
36.33000700000002	90.0	100.0
36.3500997000001	90.0	100.0
36.364102900000034	90.0	100.0
36.386494900000116	90.0	100.0
36.40656960000001	90.0	100.0
36.42978900000003	90.0	100.0
36.6179161	90.0	100.0
36.61794980000013	90.0	100.0
36.61796679999998	90.0	100.0
36.617982700000084	90.0	100.0
36.61799840000003	90.0	100.0
36.61876150000012	90.0	100.0
36.61877840000011	90.0	100.0
36.61878930000012	90.0	100.0
36.61879750000003	90.0	100.0
36.627438400000074	90.0	100.0
36.68218249999995	90.0	100.0
36.68220059999999	90.0	100.0
36.6882564	90.0	100.0
36.70692900000017	90.0	100.0
36.72643470000003	90.0	100.0
36.92615590000014	90.0	100.0
36.926190500000075	90.0	100.0
36.92620780000016	90.0	100.0
36.926223800000116	90.0	100.0
36.926239699999996	90.0	100.0
36.926255600000104	90.0	100.0
36.926271499999984	90.0	100.0
36.92628730000001	90.0	100.0
36.92630299999996	90.0	100.0
36.92710380000017	90.0	100.0
36.94730500000014	90.0	100.0
36.966892900000175	90.0	100.0
36.988621500000136	90.0	100.0
37.03791440000009	90.0	100.0
37.03793440000004	90.0	100.0
37.04945169999996	90.0	100.0
37.17079950000016	90.0	100.0
37.17082010000013	90.0	100.0
37.17082990000017	90.0	100.0
37.17083769999999	90.0	100.0
37.1708450000001	90.0	100.0
37.17085420000012	90.0	100.0
37.18631040000014	90.0	100.0
37.20656750000012	90.0	100.0
37.226703499999985	90.0	100.0
37.24916200000007	90.0	100.0
37.270133500000156	90.0	100.0
37.28681900000015	90.0	100.0
37.30746369999997	90.0	100.0
37.32870909999997	90.0	100.0
37.347285400000146	90.0	100.0
37.54069649999997	90.0	100.0
37.54073230000017	90.0	100.0
37.540749700000106	90.0	100.0
37.540766100000155	90.0	100.0
37.540781800000104	90.0	100.0
37.54079790000014	90.0	100.0
37.54081420000011	90.0	100.0
37.54083000000014	90.0	100.0
37.5408460000001	90.0	100.0
37.54659850000007	90.0	100.0
37.56617920000008	90.0	100.0
37.587166400000115	90.0	100.0
37.65005380000002	90.0	100.0
37.65007320000018	90.0	100.0
37.6500817000001	90.0	100.0
37.6669574	90.0	100.0
37.785263100000066	90.0	100.0
37.78529790000016	90.0	100.0
37.785315200000014	90.0	100.0
37.78533130000005	90.0	100.0
37.78535080000006	90.0	100.0
37.79060419999996	90.0	100.0
37.810388800000055	90.0	100.0
37.825883200000135	90.0	100.0
37.846675100000084	90.0	100.0
37.86483880000014	90.0	100.0
37.91100359999996	90.0	100.0
37.911023200000045	90.0	100.0
37.92635930000006	90.0	100.0
37.94812660000002	90.0	100.0
37.97052430000008	90.0	100.0
37.99143060000006	90.0	100.0
38.008003200000076	90.0	100.0
38.025450699999965	90.0	100.0
38.04181850000009	90.0	100.0
38.068333000000166	90.0	100.0
38.08820220000007	90.0	100.0
38.10363200000006	90.0	100.0
38.12812780000013	90.0	100.0
38.14909439999997	90.0	100.0
38.169919300000174	93.0	100.0
38.188376800000015	93.0	100.0
38.20803620000015	93.0	100.0
38.22764589999997	93.0	100.0
38.24726220000002	93.0	100.0
38.26955780000003	93.0	100.0
38.288516200000004	93.0	100.0
38.30848250000008	93.0	100.0
38.32848100000001	93.0	100.0
38.347893500000055	93.0	100.0
38.37212530000011	93.0	100.0
38.38847559999999	93.0	100.0
38.411633000000165	93.0	100.0
38.428368999999975	93.0	100.0
38.45050030000016	93.0	100.0
38.46805040000004	93.0	100.0
38.4878020000001	93.0	100.0
38.50828320000005	93.0	100.0
38.528571000000056	93.0	100.0
38.54789360000018	93.0	100.0
38.56819210000003	93.0	100.0
38.58878230000005	93.0	100.0
38.61000160000003	93.0	100.0
38.62521630000015	93.0	100.0
38.64834900000005	93.0	100.0
38.6683445000001	93.0	100.0
38.6884642	93.0	100.0
38.708495400000174	93.0	100.0
38.72827649999999	93.0	100.0
38.748559200000045	93.0	100.0
38.7706055000001	93.0	100.0
38.78737100000012	93.0	100.0
38.80864990000009	93.0	100.0
38.828655400000116	93.0	100.0
38.85071670000002	93.0	100.0
38.8697889	93.0	100.0
38.88871670000003	93.0	100.0
38.90879740000014	93.0	100.0
38.93311110000013	93.0	100.0
38.948111200000085	93.0	100.0
38.96800600000006	93.0	100.0
38.98910840000008	93.0	100.0
39.00840919999996	93.0	100.0
39.031411500000104	93.0	100.0
39.048353500000076	93.0	100.0
39.06867409999995	93.0	100.0
39.0915586000001	93.0	100.0
39.10891310000011	93.0	100.0
39.12744780000003	93.0	100.0
39.14951770000016	93.0	100.0
39.169608600000174	95.0	100.0
39.18949270000007	95.0	100.0
39.20869020000009	95.0	100.0
39.229283699999996	95.0	100.0
39.25015910000002	95.0	100.0
39.269228099999964	95.0	100.0
39.289690199999995	95.0	100.0
39.308773400000064	95.0	100.0
39.32861730000013	95.0	100.0
39.34963240000002	95.0	100.0
39.36836059999996	95.0	100.0
39.389597100000174	95.0	100.0
39.410760900000014	95.0	100.0
39.43049270000006	95.0	100.0
39.45145610000009	95.0	100.0
39.469405800000004	95.0	100.0
39.48827589999996	95.0	100.0
39.509498399999984	95.0	100.0
39.52950740000006	95.0	100.0
39.55049159999999	95.0	100.0
39.56985550000013	95.0	100.0
39.58875850000004	95.0	100.0
39.608792600000015	95.0	100.0
39.62881230000016	95.0	100.0
39.64906280000014	95.0	100.0
39.668476000000055	95.0	100.0
39.68859540000017	95.0	100.0
39.70965380000007	95.0	100.0
39.7304044	95.0	100.0
39.7483443000001	95.0	100.0
39.768796400000156	95.0	100.0
39.78854850000016	95.0	100.0
39.80875530000003	95.0	100.0
39.829382399999986	95.0	100.0
39.84852520000004	95.0	100.0
39.87047830000006	95.0	100.0
39.88589620000016	95.0	100.0
39.906787699999995	95.0	100.0
39.924063599999954	95.0	100.0
39.94545500000004	95.0	100.0
39.96640739999998	95.0	100.0
39.98605280000015	95.0	100.0
40.008251599999994	95.0	100.0
40.02966860000015	95.0	100.0
40.052204500000016	95.0	100.0
40.06359950000001	95.0	100.0
40.081536700000015	95.0	100.0
40.10202590000017	95.0	100.0
40.1226815	95.0	100.0
40.14248590000011	95.0	100.0
40.16480380000007	96.0	100.0
40.186970900000006	96.0	100.0
40.21128450000015	96.0	100.0
40.23017800000002	96.0	100.0
40.24945120000007	96.0	100.0
40.274289299999964	96.0	100.0
40.2901925000001	96.0	100.0
40.31046000000015	96.0	100.0
40.329333900000165	96.0	100.0
40.350550099999964	96.0	100.0
40.37128800000005	96.0	100.0
40.3893915000001	96.0	100.0
40.409228500000154	96.0	100.0
40.429481800000076	96.0	100.0
40.44965760000014	96.0	100.0
40.469267800000125	96.0	100.0
40.49360180000008	96.0	100.0
40.51029400000016	96.0	100.0
40.53080920000002	96.0	100.0
40.549833400000125	96.0	100.0
40.56921269999998	96.0	100.0
40.58992330000001	96.0	100.0
40.60994660000006	96.0	100.0
40.630440000000135	96.0	100.0
40.64947150000012	96.0	100.0
40.66983440000013	96.0	100.0
40.69276100000002	96.0	100.0
40.71054939999999	96.0	100.0
40.72884880000015	96.0	100.0
40.74449890000005	96.0	100.0
40.76822170000014	96.0	100.0
40.78448750000007	96.0	100.0
40.80502810000007	96.0	100.0
40.827596000000085	96.0	100.0
40.849778600000036	96.0	100.0
40.86836930000004	96.0	100.0
40.889691300000095	96.0	100.0
40.9104013000001	96.0	100.0
40.93042290000017	96.0	100.0
40.95011580000005	96.0	100.0
40.97058960000004	96.0	100.0
40.990983400000005	96.0	100.0
41.013574500000004	96.0	100.0
41.03057220000005	96.0	100.0
41.050641799999994	96.0	100.0
41.07082340000011	96.0	100.0
41.090723000000025	96.0	100.0
41.10952270000007	96.0	100.0
41.12980450000009	96.0	100.0
41.15237090000005	96.0	100.0
41.172519800000146	97.0	100.0
41.19073430000003	97.0	100.0
41.21121670000002	97.0	100.0
41.230604100000164	97.0	100.0
41.25054369999998	97.0	100.0
41.27092349999998	97.0	100.0
41.290470700000014	97.0	100.0
41.311116200000015	97.0	100.0
41.33370950000017	97.0	100.0
41.35045549999995	97.0	100.0
41.37038890000008	97.0	100.0
41.390822999999955	97.0	100.0
41.41086470000005	97.0	100.0
41.43055140000001	97.0	100.0
41.45106580000015	97.0	100.0
41.47130990000005	97.0	100.0
41.492602700000134	97.0	100.0
41.511473900000055	97.0	100.0
41.53465730000016	97.0	100.0
41.550631100000146	97.0	100.0
41.57108190000008	97.0	100.0
41.59109760000001	97.0	100.0
41.61100940000006	97.0	100.0
41.63568620000001	97.0	100.0
41.65356560000009	97.0	100.0
41.67007980000017	97.0	100.0
41.6902341	97.0	100.0
41.710604099999955	97.0	100.0
41.7343972000001	97.0	100.0
41.75114389999999	97.0	100.0
41.77027240000007	97.0	100.0
41.79086550000011	97.0	100.0
41.81408899999997	97.0	100.0
41.83088620000012	97.0	100.0
41.85632640000017	97.0	100.0
41.87180609999996	97.0	100.0
41.89131320000001	97.0	100.0
41.910634200000004	97.0	100.0
41.93092160000015	97.0	100.0
41.952898400000095	97.0	100.0
41.97334939999996	97.0	100.0
41.991900100000066	97.0	100.0
42.0117381	97.0	100.0
42.0310336	97.0	100.0
42.05076589999999	97.0	100.0
42.07083680000005	97.0	100.0
42.09108030000016	97.0	100.0
42.11229850000018	97.0	100.0
42.13283200000001	97.0	100.0
42.15490180000006	97.0	100.0
42.17261110000004	100.0	100.0
42.19171440000014	100.0	100.0
42.211213199999975	100.0	100.0
42.23118090000003	100.0	100.0
42.255644000000075	100.0	100.0
42.273722600000156	100.0	100.0
42.29497100000003	100.0	100.0
42.31230810000011	100.0	100.0
42.331790200000114	100.0	100.0
42.35136660000012	100.0	100.0
42.37529390000009	100.0	100.0
42.392458700000134	100.0	100.0
42.41239930000006	100.0	100.0
42.43388920000007	100.0	100.0
42.45365370000013	100.0	100.0
42.47250740000004	100.0	100.0
42.49084160000007	100.0	100.0
42.51184360000002	100.0	100.0
42.53192809999996	100.0	100.0
42.55159360000016	100.0	100.0
42.573192500000005	100.0	100.0
42.593135100000154	100.0	100.0
42.614266900000075	100.0	100.0
42.63208420000001	100.0	100.0
42.652243	100.0	100.0
42.675441999999975	100.0	100.0
42.691888900000095	100.0	100.0
42.71254320000003	100.0	100.0
42.7320608	100.0	100.0
42.753979999999956	100.0	100.0
42.77455770000006	100.0	100.0
42.79262840000001	100.0	100.0
42.81260259999999	100.0	100.0
42.83229600000004	100.0	100.0
42.85247490000006	100.0	100.0
42.873526600000105	100.0	100.0
42.89257399999997	100.0	100.0
42.912674400000014	100.0	100.0
42.93563919999997	100.0	100.0
42.953164600000036	100.0	100.0
42.97232740000004	100.0	100.0
42.99342380000007	100.0	100.0
43.013554099999965	100.0	100.0
43.03302910000002	100.0	100.0
43.05343420000008	100.0	100.0
43.07268330000011	100.0	100.0
43.09440949999998	100.0	100.0
43.114580899999964	100.0	100.0
43.13132830000018	100.0	100.0
43.149179400000094	100.0	100.0
43.17065170000001	101.0	100.0
43.19769570000017	101.0	100.0
43.21365630000014	101.0	100.0
43.23419600000011	101.0	100.0
43.25545180000017	101.0	100.0
43.27319350000016	101.0	100.0
43.2936079000001	101.0	100.0
43.314293500000076	101.0	100.0
43.33355610000012	101.0	100.0
43.35373350000009	101.0	100.0
43.37358280000012	101.0	100.0
43.39427240000009	101.0	100.0
43.41466070000001	101.0	100.0
43.43429409999999	101.0	100.0
43.45354590000011	101.0	100.0
43.473122300000114	101.0	100.0
43.49197150000009	101.0	100.0
43.50741570000014	101.0	100.0
43.53213230000006	101.0	100.0
43.553480100000115	101.0	100.0
43.57510060000004	101.0	100.0
43.59444440000016	101.0	100.0
43.61442710000006	101.0	100.0
43.63386370000012	101.0	100.0
43.653901800000085	101.0	100.0
43.67371830000002	101.0	100.0
43.69403020000004	101.0	100.0
43.71877840000002	101.0	100.0
43.73635950000016	101.0	100.0
43.754245999999966	101.0	100.0
43.77383440000017	101.0	100.0
43.79362900000001	101.0	100.0
43.818581600000016	101.0	100.0
43.83489420000001	101.0	100.0
43.85483350000004	101.0	100.0
43.87529000000018	101.0	100.0
43.897368900000174	101.0	100.0
43.91855550000014	101.0	100.0
43.934440500000164	101.0	100.0
43.954799200000025	101.0	100.0
43.97436730000004	101.0	100.0
43.99480119999998	101.0	100.0
44.01457530000016	101.0	100.0
44.03503939999996	101.0	100.0
44.056061	101.0	100.0
44.074320599999965	101.0	100.0
44.0937421000001	101.0	100.0
44.11438629999998	101.0	100.0
44.13391660000002	101.0	100.0
44.15507760000014	101.0	100.0
44.17468250000002	101.0	100.0
44.195159300000114	101.0	100.0
44.21776309999996	101.0	100.0
44.234394300000076	101.0	100.0
44.25457200000005	101.0	100.0
44.27449509999997	101.0	100.0
44.29468859999997	101.0	100.0
44.31418580000013	101.0	100.0
44.338560200000074	101.0	100.0
44.35545830000001	101.0	100.0
44.37635470000009	101.0	100.0
44.39474489999998	101.0	100.0
44.416431200000034	101.0	100.0
44.437906699999985	101.0	100.0
44.454435900000135	101.0	100.0
44.47453250000012	101.0	100.0
44.493780700000116	101.0	100.0
44.516158099999984	101.0	100.0
44.53729990000011	101.0	100.0
44.5548354	101.0	100.0
44.57411030000003	101.0	100.0
44.5939542000001	101.0	100.0
44.61449319999997	101.0	100.0
44.63491470000008	101.0	100.0
44.65429889999996	101.0	100.0
44.675253999999995	101.0	100.0
44.69672320000018	101.0	100.0
44.71507120000001	101.0	100.0
44.73442530000011	101.0	100.0
44.75911120000001	101.0	100.0
44.77455750000013	101.0	100.0
44.79567350000002	101.0	100.0
44.81578050000007	101.0	100.0
44.83642860000009	101.0	100.0
44.862099299999954	101.0	100.0
44.875177399999984	101.0	100.0
44.89507260000005	101.0	100.0
44.91615630000001	101.0	100.0
44.93619190000004	101.0	100.0
44.955783999999994	101.0	100.0
44.97559750000005	101.0	100.0
44.99661390000006	101.0	100.0
45.01806099999999	101.0	100.0
45.03689959999997	101.0	100.0
45.056325200000174	101.0	100.0
45.0761179000001	101.0	100.0
45.09569230000011	101.0	100.0
45.116654100000005	101.0	100.0
45.13351230000012	101.0	100.0
45.1575507	101.0	100.0
45.178058299999975	100.0	100.0
45.196365900000046	100.0	100.0
45.21630449999998	100.0	100.0
45.23634119999997	100.0	100.0
45.256180000000086	100.0	100.0
45.276350200000024	100.0	100.0
45.29629560000012	100.0	100.0
45.31671000000006	100.0	100.0
45.337915400000156	100.0	100.0
45.35643500000015	100.0	100.0
45.37464490000002	100.0	100.0
45.395904900000005	100.0	100.0
45.41644270000006	100.0	100.0
45.44011300000011	100.0	100.0
45.45578980000005	100.0	100.0
45.480918299999985	100.0	100.0
45.497700699999996	100.0	100.0
45.516162800000075	100.0	100.0
45.53645019999999	100.0	100.0
45.55628730000012	100.0	100.0
45.57612470000004	100.0	100.0
45.59663739999996	100.0	100.0
45.61633989999996	100.0	100.0
45.63673480000011	100.0	100.0
45.658836300000075	100.0	100.0
45.67566880000004	100.0	100.0
45.69620250000003	100.0	100.0
45.71689110000011	100.0	100.0
45.73651270000005	100.0	100.0
45.75676490000001	100.0	100.0
45.77487180000003	100.0	100.0
45.79753159999996	100.0	100.0
45.81876430000011	100.0	100.0
45.836885000000166	100.0	100.0
45.86049260000004	100.0	100.0
45.876776199999995	100.0	100.0
45.90061190000006	100.0	100.0
45.917380600000115	100.0	100.0
45.9366837	100.0	100.0
45.95740730000011	100.0	100.0
45.978931900000134	100.0	100.0
45.99902840000004	100.0	100.0
46.01795949999996	100.0	100.0
46.03779880000002	100.0	100.0
46.05778290000012	100.0	100.0
46.077702199999976	100.0	100.0
46.09724619999997	100.0	100.0
46.11764740000012	100.0	100.0
46.13968560000012	100.0	100.0
46.15999009999996	100.0	100.0
46.17932199999996	98.0	100.0
46.19877650000012	98.0	100.0
46.21538850000002	98.0	100.0
46.237955000000056	98.0	100.0
46.25974229999997	98.0	100.0
46.27846190000014	98.0	100.0
46.299326600000086	98.0	100.0
46.31880550000005	98.0	100.0
46.33771860000002	98.0	100.0
46.357418199999984	98.0	100.0
46.37801669999999	98.0	100.0
46.39685670000017	98.0	100.0
46.418905800000175	98.0	100.0
46.43862370000011	98.0	100.0
46.460020500000155	98.0	100.0
46.47837400000003	98.0	100.0
46.49830800000018	98.0	100.0
46.522028399999954	98.0	100.0
46.538267600000154	98.0	100.0
46.55804520000015	98.0	100.0
46.57795820000001	98.0	100.0
46.59797800000001	98.0	100.0
46.62371410000014	98.0	100.0
46.638767300000154	98.0	100.0
46.65882120000015	98.0	100.0
46.679048200000125	98.0	100.0
46.69857960000013	98.0	100.0
46.71856660000003	98.0	100.0
46.738828900000044	98.0	100.0
46.758595799999966	98.0	100.0
46.78054730000008	98.0	100.0
46.79877570000008	98.0	100.0
46.81867350000016	98.0	100.0
46.84241659999998	98.0	100.0
46.85872970000014	98.0	100.0
46.878554099999974	98.0	100.0
46.898660500000005	98.0	100.0
46.92000310000003	98.0	100.0
46.943804	98.0	100.0
46.95895350000001	98.0	100.0
46.97982980000006	98.0	100.0
46.99773660000005	98.0	100.0
47.020468300000175	98.0	100.0
47.03927160000012	98.0	100.0
47.057960800000046	98.0	100.0
47.07914819999996	98.0	100.0
47.10171520000017	98.0	100.0
47.11915859999999	98.0	100.0
47.1424078	98.0	100.0
47.1598355000001	98.0	100.0
47.18108260000008	98.0	100.0
47.19896270000004	98.0	100.0
47.21933060000015	98.0	100.0
47.23864709999998	98.0	100.0
47.260080000000016	98.0	100.0
47.279187900000125	98.0	100.0
47.29862870000011	98.0	100.0
47.31878760000018	98.0	100.0
47.33910700000001	98.0	100.0
47.362668600000006	98.0	100.0
47.37923460000002	98.0	100.0
47.399879100000135	98.0	100.0
47.42201799999998	98.0	100.0
47.43896289999998	98.0	100.0
47.45912210000006	98.0	100.0
47.478972699999986	98.0	100.0
47.49831549999999	98.0	100.0
47.51912220000008	98.0	100.0
47.53825280000001	98.0	100.0
47.56079109999996	98.0	100.0
47.58131430000003	98.0	100.0
47.59883239999999	98.0	100.0
47.61904449999997	98.0	100.0
47.638999799999965	98.0	100.0
47.662944700000025	98.0	100.0
47.67920449999997	98.0	100.0
47.69944320000013	98.0	100.0
47.7202506000001	98.0	100.0
47.74190580000004	98.0	100.0
47.75903050000011	98.0	100.0
47.77895690000014	98.0	100.0
47.79913099999999	98.0	100.0
47.81978670000012	98.0	100.0
47.839631199999985	98.0	100.0
47.85953510000013	98.0	100.0
47.88376890000018	98.0	100.0
47.90130199999999	98.0	100.0
47.92049020000013	98.0	100.0
47.940330700000004	98.0	100.0
47.95903300000009	98.0	100.0
47.983273800000006	98.0	100.0
48.00036330000012	98.0	100.0
48.02006010000014	98.0	100.0
48.040475100000094	98.0	100.0
48.062334299999975	98.0	100.0
48.08359070000006	98.0	100.0
48.100007700000106	98.0	100.0
48.120538200000055	98.0	100.0
48.139691400000174	98.0	100.0
48.16088550000018	98.0	100.0
48.18341170000008	96.0	100.0
48.202163200000086	96.0	100.0
48.22256600000014	96.0	100.0
48.24019369999996	96.0	100.0
48.259835400000156	96.0	100.0
48.27913100000001	96.0	100.0
48.30084980000015	96.0	100.0
48.32055460000015	96.0	100.0
48.340367600000036	96.0	100.0
48.36122450000016	96.0	100.0
48.382450500000004	96.0	100.0
48.40008790000002	96.0	100.0
48.420425499999965	96.0	100.0
48.44217230000004	96.0	100.0
48.459839999999986	96.0	100.0
48.48138779999999	96.0	100.0
48.50013160000003	96.0	100.0
48.522311500000114	96.0	100.0
48.54220180000016	96.0	100.0
48.560331399999995	96.0	100.0
48.58029290000013	96.0	100.0
48.60388460000013	96.0	100.0
48.62042199999996	96.0	100.0
48.63976980000007	96.0	100.0
48.660471600000164	96.0	100.0
48.681107999999995	96.0	100.0
48.7054799	96.0	100.0
48.72086409999997	96.0	100.0
48.740332999999964	96.0	100.0
48.75985000000014	96.0	100.0
48.78043220000018	96.0	100.0
48.8002484000001	96.0	100.0
48.82059060000006	96.0	100.0
48.841495800000075	96.0	100.0
48.86203550000005	96.0	100.0
48.88117370000009	96.0	100.0
48.901616399999966	96.0	100.0
48.922331299999996	96.0	100.0
48.9403741000001	96.0	100.0
48.961790500000006	96.0	100.0
48.98123320000013	96.0	100.0
49.001679200000126	96.0	100.0
49.024233000000095	96.0	100.0
49.04138130000001	96.0	100.0
49.0611586	96.0	100.0
49.08142070000008	96.0	100.0
49.100490400000126	96.0	100.0
49.126703900000166	96.0	100.0
49.141473900000165	96.0	100.0
49.16211450000014	96.0	100.0
49.18246480000016	97.0	100.0
49.20119950000003	97.0	100.0
49.22233860000006	97.0	100.0
49.24315260000003	97.0	100.0
49.26089210000009	97.0	100.0
49.28256959999999	97.0	100.0
49.30153040000005	97.0	100.0
49.326627500000086	97.0	100.0
49.3433821000001	97.0	100.0
49.36031260000004	97.0	100.0
49.38113710000016	97.0	100.0
49.40058850000014	97.0	100.0
49.421901899999966	97.0	100.0
49.44207960000017	97.0	100.0
49.46157310000012	97.0	100.0
49.48209810000003	97.0	100.0
49.50374510000006	97.0	100.0
49.522132400000146	97.0	100.0
49.5407110000001	97.0	100.0
49.562367500000164	97.0	100.0
49.58207560000005	97.0	100.0
49.601932199999965	97.0	100.0
49.6218295000001	97.0	100.0
49.64622580000014	97.0	100.0
49.666571800000156	97.0	100.0
49.682167800000116	97.0	100.0
49.70185779999997	97.0	100.0
49.72228210000003	97.0	100.0
49.74521189999996	97.0	100.0
49.762512700000116	97.0	100.0
49.78187079999998	97.0	100.0
49.937268700000004	97.0	100.0
49.937286300000096	97.0	100.0
49.937294100000145	97.0	100.0
49.937303000000156	97.0	100.0
49.937311000000136	97.0	100.0
49.937318100000084	97.0	100.0
49.93732530000011	97.0	100.0
49.94187039999997	97.0	100.0
49.96289920000004	97.0	100.0
50.07817399999999	97.0	100.0
50.078209000000015	97.0	100.0
50.07822590000001	97.0	100.0
50.078242100000125	97.0	100.0
50.07825760000014	97.0	100.0
50.08255660000009	97.0	100.0
50.102365299999974	97.0	100.0
50.12289870000018	97.0	100.0
50.14466600000014	97.0	100.0
50.25212940000006	97.0	100.0
50.2521491	101.0	100.0
50.25215750000007	101.0	100.0
50.252165300000115	101.0	100.0
50.252172599999994	101.0	100.0
50.26622500000008	101.0	100.0
50.282989199999975	101.0	100.0
50.3952455000001	101.0	100.0
50.39526620000015	101.0	100.0
50.39527629999998	101.0	100.0
50.39528880000012	101.0	100.0
50.39529790000006	101.0	100.0
50.402708100000154	101.0	100.0
50.422592099999974	101.0	100.0
50.44312220000006	101.0	100.0
50.5447137000001	101.0	100.0
50.54473380000013	101.0	100.0
50.544743600000174	101.0	100.0
50.544751600000154	101.0	100.0
50.544758799999954	101.0	100.0
50.563099800000145	101.0	100.0
50.58295429999998	101.0	100.0
50.67995470000005	101.0	100.0
50.679988500000036	101.0	100.0
50.68000619999998	101.0	100.0
50.68002680000018	101.0	100.0
50.6858443000001	101.0	100.0
50.70258950000016	101.0	100.0
50.72237740000014	101.0	100.0
50.74215210000011	101.0	100.0
50.76255290000017	101.0	100.0
50.8939335	101.0	100.0
50.893968100000166	101.0	100.0
50.89398540000002	101.0	100.0
50.89400169999999	101.0	100.0
50.89401750000002	101.0	100.0
50.89403319999997	101.0	100.0
50.902289999999994	101.0	100.0
50.92409029999999	101.0	100.0
50.94638359999999	101.0	100.0
50.96261470000013	101.0	100.0
51.05656120000003	101.0	100.0
51.05659560000004	101.0	100.0
51.05661280000004	101.0	100.0
51.0566288	101.0	100.0
51.06377300000008	101.0	100.0
51.084557500000074	101.0	100.0
51.192355500000076	101.0	100.0
51.19237429999998	101.0	100.0
51.19238270000005	101.0	100.0
51.19239010000001	101.0	100.0
51.19239730000004	104.0	100.0
51.20744750000017	104.0	100.0
51.22384720000014	104.0	100.0
51.24401220000004	104.0	100.0
51.26641480000012	104.0	100.0
51.370186300000114	104.0	100.0
51.37020500000017	104.0	100.0
51.370214499999975	104.0	100.0
51.37022220000017	104.0	100.0
51.37022999999999	104.0	100.0
51.383137900000065	104.0	100.0
51.40732700000012	104.0	100.0
51.509265400000004	104.0	100.0
51.50928450000015	104.0	100.0
51.50929259999998	104.0	100.0
51.50930010000002	104.0	100.0
51.509307300000046	104.0	100.0
51.52341730000012	104.0	100.0
51.545122900000024	104.0	100.0
51.56017429999997	104.0	100.0
51.57843610000009	104.0	100.0
51.71981320000009	104.0	100.0
51.71984770000017	104.0	100.0
51.71986500000003	104.0	100.0
51.71988099999999	104.0	100.0
51.719896800000015	104.0	100.0
51.71991270000012	104.0	100.0
51.72619129999998	104.0	100.0
51.746241700000155	104.0	100.0
51.76383580000015	104.0	100.0
51.78417490000015	104.0	100.0
51.96515539999996	104.0	100.0
51.965175600000066	104.0	100.0
51.96518450000008	104.0	100.0
51.96519280000007	104.0	100.0
51.96520099999998	104.0	100.0
51.96520920000012	104.0	100.0
51.96521900000016	104.0	100.0
51.965236500000174	104.0	100.0
51.96712040000011	104.0	100.0
51.98517119999997	104.0	100.0
52.004642800000056	104.0	100.0
52.02632860000017	104.0	100.0
52.0462258	104.0	100.0
52.066111500000034	104.0	100.0
52.08568379999997	104.0	100.0
52.23296540000001	104.0	100.0
52.2329843	104.0	100.0
52.23299250000014	104.0	100.0
52.233000200000106	104.0	100.0
52.233007600000064	105.0	100.0
52.23301490000017	105.0	100.0
52.23302200000012	105.0	100.0
52.245402499999955	105.0	100.0
52.264936400000124	105.0	100.0
52.284367500000144	105.0	100.0
52.43821879999996	105.0	100.0
52.43825290000018	105.0	100.0
52.43827239999996	105.0	100.0
52.43829660000006	105.0	100.0
52.43832250000014	105.0	100.0
52.43834620000007	105.0	100.0
52.43836269999997	105.0	100.0
52.449971200000164	105.0	100.0
52.46602230000008	105.0	100.0
52.486715900000036	105.0	100.0
52.59957269999995	105.0	100.0
52.59959270000013	105.0	100.0
52.599602000000004	105.0	100.0
52.599610299999995	105.0	100.0
52.599619000000075	105.0	100.0
52.60840989999997	105.0	100.0
52.62575770000012	105.0	100.0
52.646196000000145	105.0	100.0
52.78568150000001	105.0	100.0
52.78570239999999	105.0	100.0
52.78571060000013	105.0	100.0
52.78571810000017	105.0	100.0
52.785725200000115	105.0	100.0
52.785732499999995	105.0	100.0
52.78759070000001	105.0	100.0
52.80623119999996	105.0	100.0
52.82675210000002	105.0	100.0
52.84706100000017	105.0	100.0
52.87272500000017	105.0	100.0
52.88676090000013	105.0	100.0
52.90620970000009	105.0	100.0
53.052605400000175	105.0	100.0
53.05263990000003	105.0	100.0
53.0526612000001	105.0	100.0
53.0526847000001	105.0	100.0
53.052710700000034	105.0	100.0
53.05273639999996	105.0	100.0
53.05276309999999	105.0	100.0
53.06663270000013	105.0	100.0
53.08653509999999	105.0	100.0
53.10690280000017	105.0	100.0
53.25702460000002	105.0	100.0
53.2570439000001	105.0	100.0
53.25705220000009	105.0	100.0
53.25705940000012	104.0	100.0
53.257067500000176	104.0	100.0
53.257074800000055	104.0	100.0
53.25708180000015	104.0	100.0
53.26689380000016	104.0	100.0
53.28660680000007	104.0	100.0
53.30672070000014	104.0	100.0
53.46372270000006	104.0	100.0
53.463756200000034	104.0	100.0
53.4637745	104.0	100.0
53.46379040000011	104.0	100.0
53.46380680000016	104.0	100.0
53.463822800000116	104.0	100.0
53.463838600000145	104.0	100.0
53.46914570000013	104.0	100.0
53.48907770000005	104.0	100.0
53.509826700000076	104.0	100.0
53.67219130000012	104.0	100.0
53.67222670000001	104.0	100.0
53.67224400000009	104.0	100.0
53.672266100000115	104.0	100.0
53.67229180000004	104.0	100.0
53.67231720000018	104.0	100.0
53.67234260000009	104.0	100.0
53.672368400000096	104.0	100.0
53.68715390000011	104.0	100.0
53.70741070000008	104.0	100.0
53.72804990000009	104.0	100.0
53.872848100000056	104.0	100.0
53.872867900000074	104.0	100.0
53.872875900000054	104.0	100.0
53.87288350000017	104.0	100.0
53.87289080000005	104.0	100.0
53.87289850000002	104.0	100.0
53.87290600000006	104.0	100.0
53.887405800000124	104.0	100.0
53.90650840000012	104.0	100.0
53.92770830000018	104.0	100.0
54.07757179999999	104.0	100.0
54.07759110000006	104.0	100.0
54.077600300000086	104.0	100.0
54.077607700000044	104.0	100.0
54.07761500000015	104.0	100.0
54.07762220000018	104.0	100.0
54.07762980000007	104.0	100.0
54.088384399999995	104.0	100.0
54.108404400000154	104.0	100.0
54.13009639999996	104.0	100.0
54.335049000000026	104.0	100.0
54.335069200000135	104.0	100.0
54.335077400000046	104.0	100.0
54.33508490000008	104.0	100.0
54.33509219999996	104.0	100.0
54.33510000000001	104.0	100.0
54.33510730000012	104.0	100.0
54.3351146	104.0	100.0
54.33512259999998	104.0	100.0
54.335130400000025	104.0	100.0
54.34908780000001	104.0	100.0
54.37148150000007	104.0	100.0
54.3883472	104.0	100.0
54.408692700000074	104.0	100.0
54.42959880000012	104.0	100.0
54.589856199999986	104.0	100.0
54.58987580000007	104.0	100.0
54.58988390000013	104.0	100.0
54.58989180000003	104.0	100.0
54.58989900000006	104.0	100.0
54.58990660000018	104.0	100.0
54.58992290000015	104.0	100.0
54.58993989999999	104.0	100.0
54.60941240000011	104.0	100.0
54.63418590000015	104.0	100.0
54.64942980000001	104.0	100.0
54.79411849999997	104.0	100.0
54.79413720000002	104.0	100.0
54.79414560000009	104.0	100.0
54.79415340000014	104.0	100.0
54.79416070000002	104.0	100.0
54.79416809999998	104.0	100.0
54.794175300000006	104.0	100.0
54.80975960000001	104.0	100.0
54.8299813000001	104.0	100.0
54.893681100000094	104.0	100.0
54.89370010000016	104.0	100.0
54.89370840000015	104.0	100.0
54.90904380000006	104.0	100.0
54.929890300000125	104.0	100.0
54.94995190000009	104.0	100.0
55.05500580000012	104.0	100.0
55.05503920000001	104.0	100.0
55.0550568000001	104.0	100.0
55.05507269999998	104.0	100.0
55.05508860000009	104.0	100.0
55.069815199999994	104.0	100.0
55.089926300000116	104.0	100.0
55.15668230000006	104.0	100.0
55.156702400000086	104.0	100.0
55.15671100000009	104.0	100.0
55.170592899999974	104.0	100.0
55.18907450000006	107.0	100.0
55.210268499999984	107.0	100.0
55.22984170000018	107.0	100.0
55.25402870000016	107.0	100.0
55.27194430000009	107.0	100.0
55.29162170000018	107.0	100.0
55.31019830000014	107.0	100.0
55.33057020000001	107.0	100.0
55.350112699999954	107.0	100.0
55.37036710000007	107.0	100.0
55.39059120000002	107.0	100.0
55.41080529999999	107.0	100.0
55.43245100000013	107.0	100.0
55.45039059999999	107.0	100.0
55.46949319999999	107.0	100.0
55.48977880000007	107.0	100.0
55.51051770000004	107.0	100.0
55.53061220000018	107.0	100.0
55.5504684	107.0	100.0
55.575405000000046	107.0	100.0
55.59221279999997	107.0	100.0
55.6105857	107.0	100.0
55.630762600000025	107.0	100.0
55.65051820000008	107.0	100.0
55.67023510000013	107.0	100.0
55.69091679999997	107.0	100.0
55.71190390000015	107.0	100.0
55.73122699999999	107.0	100.0
55.75338209999995	107.0	100.0
55.77538279999999	107.0	100.0
55.78998650000017	107.0	100.0
55.810355999999956	107.0	100.0
55.83009930000003	107.0	100.0
55.8501033	107.0	100.0
55.87014850000014	107.0	100.0
55.89052409999999	107.0	100.0
55.91197860000011	107.0	100.0
55.93151850000004	107.0	100.0
55.95079410000017	107.0	100.0
55.971058200000016	107.0	100.0
55.990244000000075	107.0	100.0
56.010628	107.0	100.0
56.03062130000012	107.0	100.0
56.05116670000007	107.0	100.0
56.074260200000026	107.0	100.0
56.09076570000002	107.0	100.0
56.110477100000026	107.0	100.0
56.13090060000013	107.0	100.0
56.14997949999997	107.0	100.0
56.17226260000007	107.0	100.0
56.19543220000014	106.0	100.0
56.21225820000018	106.0	100.0
56.233588900000086	106.0	100.0
56.250738700000056	106.0	100.0
56.27072280000016	106.0	100.0
56.295307200000025	106.0	100.0
56.31080259999999	106.0	100.0
56.33190300000001	106.0	100.0
56.3512561	106.0	100.0
56.36993159999997	106.0	100.0
56.39454169999999	106.0	100.0
56.41220629999998	106.0	100.0
56.43091509999999	106.0	100.0
56.451094799999964	106.0	100.0
56.47075510000013	106.0	100.0
56.4898055000001	106.0	100.0
56.51122750000013	106.0	100.0
56.53225459999999	106.0	100.0
56.55391150000014	106.0	100.0
56.57130630000006	106.0	100.0
56.592035500000065	106.0	100.0
56.61570359999996	106.0	100.0
56.63195730000007	106.0	100.0
56.651829300000145	106.0	100.0
56.66995229999998	106.0	100.0
56.69202710000013	106.0	100.0
56.71832119999999	106.0	100.0
56.73232670000016	106.0	100.0
56.751163700000006	106.0	100.0
56.77158110000005	106.0	100.0
56.79179420000014	106.0	100.0
56.81596370000011	106.0	100.0
56.8320748000001	106.0	100.0
56.85229980000008	106.0	100.0
56.87341420000007	106.0	100.0
56.89131150000003	106.0	100.0
56.91212459999997	106.0	100.0
56.93183350000004	106.0	100.0
56.950777000000016	106.0	100.0
56.97161580000011	106.0	100.0
56.990599299999985	106.0	100.0
57.01331830000004	106.0	100.0
57.03420140000003	106.0	100.0
57.05051290000006	106.0	100.0
57.071675700000014	106.0	100.0
57.09170059999997	106.0	100.0
57.11144379999996	106.0	100.0
57.13210520000007	106.0	100.0
57.151363000000174	106.0	100.0
57.17386510000006	106.0	100.0
57.19485729999997	105.0	100.0
57.212362600000006	105.0	100.0
57.23618590000001	105.0	100.0
57.25230340000007	105.0	100.0
57.27199840000003	105.0	100.0
57.29208840000001	105.0	100.0
57.31237239999996	105.0	100.0
57.33394369999996	105.0	100.0
57.353887100000065	105.0	100.0
57.372222800000145	105.0	100.0
57.39226440000016	105.0	100.0
57.41226740000002	105.0	100.0
57.432404600000154	105.0	100.0
57.454145600000174	105.0	100.0
57.47202230000016	105.0	100.0
57.49337430000014	105.0	100.0
57.51389259999996	105.0	100.0
57.532466600000134	105.0	100.0
57.55220099999997	105.0	100.0
57.57171430000017	105.0	100.0
57.591953099999955	105.0	100.0
57.612054599999965	105.0	100.0
57.63204740000015	105.0	100.0
57.652471600000126	105.0	100.0
57.67415520000009	105.0	100.0
57.69227250000017	105.0	100.0
57.71190320000005	105.0	100.0
57.73355609999999	105.0	100.0
57.755941699999994	105.0	100.0
57.7726603000001	105.0	100.0
57.793162000000166	105.0	100.0
57.81367710000018	105.0	100.0
57.835072999999966	105.0	100.0
57.856126700000004	105.0	100.0
57.87256890000003	105.0	100.0
57.892224899999974	105.0	100.0
57.91249919999996	105.0	100.0
57.93325240000013	105.0	100.0
57.95224959999996	105.0	100.0
57.97325920000003	105.0	100.0
57.99457030000008	105.0	100.0
58.012479700000085	105.0	100.0
58.035568799999965	105.0	100.0
58.0525768	105.0	100.0
58.07192870000017	105.0	100.0
58.092203600000175	105.0	100.0
58.112349400000085	105.0	100.0
58.13340640000001	105.0	100.0
58.15500640000005	105.0	100.0
58.17320900000004	105.0	100.0
58.193463000000065	102.0	100.0
58.213375499999984	102.0	100.0
58.233281000000034	102.0	100.0
58.25239680000004	102.0	100.0
58.27630360000012	102.0	100.0
58.29348700000014	102.0	100.0
58.31489650000003	102.0	100.0
58.33261730000004	102.0	100.0
58.3526925000001	102.0	100.0
58.376274200000125	102.0	100.0
58.39380189999997	102.0	100.0
58.413211100000126	102.0	100.0
58.4330523000001	102.0	100.0
58.45583710000005	102.0	100.0
58.47648079999999	102.0	100.0
58.493204000000105	102.0	100.0
58.51436100000001	102.0	100.0
58.533538600000156	102.0	100.0
58.55240249999997	102.0	100.0
58.571881700000176	102.0	100.0
58.59229200000004	102.0	100.0
58.613539100000025	102.0	100.0
58.63607049999996	102.0	100.0
58.653381699999954	102.0	100.0
58.67274870000006	102.0	100.0
58.69414840000013	102.0	100.0
58.71323550000011	102.0	100.0
58.73348800000008	102.0	100.0
58.75356570000008	102.0	100.0
58.77304490000006	102.0	100.0
58.794060500000114	102.0	100.0
58.81312939999998	102.0	100.0
58.832889799999975	102.0	100.0
58.85476010000002	102.0	100.0
58.87416619999999	102.0	100.0
58.897504100000106	102.0	100.0
58.91341360000001	102.0	100.0
58.93575959999998	102.0	100.0
58.95723740000017	102.0	100.0
58.97390530000007	102.0	100.0
58.993615999999975	102.0	100.0
59.01320580000015	102.0	100.0
59.03390439999998	102.0	100.0
59.05234010000004	102.0	100.0
59.07233280000014	102.0	100.0
59.09408700000017	102.0	100.0
59.11502140000016	102.0	100.0
59.13379250000003	102.0	100.0
59.15494340000009	102.0	100.0
59.174096899999995	102.0	100.0
59.19416130000013	101.0	100.0
59.21394780000014	101.0	100.0
59.23403240000016	101.0	100.0
59.254045500000075	101.0	100.0
59.27580899999998	101.0	100.0
59.294047800000044	101.0	100.0
59.31641190000005	101.0	100.0
59.33426640000016	101.0	100.0
59.35439930000007	101.0	100.0
59.3737771000001	101.0	100.0
59.39385200000015	101.0	100.0
59.41356900000005	101.0	100.0
59.434799999999996	101.0	100.0
59.45396389999996	101.0	100.0
59.47329669999999	101.0	100.0
59.49314279999999	101.0	100.0
59.51335319999998	101.0	100.0
59.533614599999964	101.0	100.0
59.55276330000015	101.0	100.0
59.57394680000016	101.0	100.0
59.59432570000013	101.0	100.0
59.610612100000026	101.0	100.0
59.63425150000012	101.0	100.0
59.65363360000015	101.0	100.0
59.67464580000001	101.0	100.0
59.6932283000001	101.0	100.0
59.713240799999994	101.0	100.0
59.73436300000003	101.0	100.0
59.75560100000007	101.0	100.0
59.77681099999995	101.0	100.0
59.792265199999974	101.0	100.0
59.813662900000054	101.0	100.0
59.83388750000017	101.0	100.0
59.8539181000001	101.0	100.0
59.8739015000001	101.0	100.0
59.89451389999999	101.0	100.0
59.91595819999998	101.0	100.0
59.9378815	101.0	100.0
59.954268200000115	101.0	100.0
59.97425670000007	101.0	100.0
59.9939796000001	101.0	100.0
60.014630600000146	101.0	100.0
60.0345499	101.0	100.0
60.05430799999999	101.0	100.0
60.07631490000017	101.0	100.0
60.09464470000012	101.0	100.0
60.11399510000001	101.0	100.0
60.134503300000006	101.0	100.0
60.153689700000086	101.0	100.0
60.17534650000016	101.0	100.0
60.19424490000006	93.0	100.0
60.21454270000004	93.0	100.0
60.23716920000015	93.0	100.0
60.25435089999996	93.0	100.0
60.27409490000014	93.0	100.0
60.294550999999956	93.0	100.0
60.313901500000156	93.0	100.0
60.33437790000016	93.0	100.0
60.35363849999999	93.0	100.0
60.3747621	93.0	100.0
60.39607980000005	93.0	100.0
60.41447919999996	93.0	100.0
60.43432480000001	93.0	100.0
60.45937300000014	93.0	100.0
60.47378380000009	93.0	100.0
60.49460510000017	93.0	100.0
60.51450220000015	93.0	100.0
60.53492560000018	93.0	100.0
60.56032570000002	93.0	100.0
60.5745045000001	93.0	100.0
60.595710499999996	93.0	100.0
60.614830600000005	93.0	100.0
60.63449409999998	93.0	100.0
60.654678800000056	93.0	100.0
60.674376300000176	93.0	100.0
60.69518730000004	93.0	100.0
60.71612930000015	93.0	100.0
60.73407410000004	93.0	100.0
60.7537847000001	93.0	100.0
60.77388420000011	93.0	100.0
60.79439400000001	93.0	100.0
60.8144655000001	93.0	100.0
60.83461669999997	93.0	100.0
60.85590890000003	93.0	100.0
60.87763840000002	93.0	100.0
60.89547860000016	93.0	100.0
60.91491250000013	93.0	100.0
60.93375880000008	93.0	100.0
60.9540386000001	93.0	100.0
60.974300400000175	93.0	100.0
60.994823100000076	93.0	100.0
61.014572300000054	93.0	100.0
61.03681310000002	93.0	100.0
61.054350500000055	93.0	100.0
61.07846880000011	93.0	100.0
61.09450590000006	93.0	100.0
61.11427939999999	93.0	100.0
61.1343981	93.0	100.0
61.15385050000009	93.0	100.0
61.17637930000001	93.0	100.0
61.196761700000025	90.0	100.0
61.21461260000001	90.0	100.0
61.23443310000016	90.0	100.0
61.25419450000004	90.0	100.0
61.2737118	90.0	100.0
61.29440680000016	90.0	100.0
61.31414059999997	90.0	100.0
61.335889899999984	90.0	100.0
61.356569700000136	90.0	100.0
61.37462440000013	90.0	100.0
61.394993500000055	90.0	100.0
61.415009100000134	90.0	100.0
61.435171800000035	90.0	100.0
61.45422099999996	90.0	100.0
61.47418400000015	90.0	100.0
61.49599030000013	90.0	100.0
61.51840450000009	90.0	100.0
61.536317000000054	90.0	100.0
61.555625899999995	90.0	100.0
61.57736090000003	90.0	100.0
61.594435700000076	90.0	100.0
61.61445380000009	90.0	100.0
61.63457410000001	90.0	100.0
61.656738900000164	90.0	100.0
61.67760290000001	90.0	100.0
61.69626059999996	90.0	100.0
61.71500119999996	90.0	100.0
61.735334400000056	90.0	100.0
61.75583730000017	90.0	100.0
61.77549429999999	90.0	100.0
61.79571840000017	90.0	100.0
61.817368200000146	90.0	100.0
61.838747799999965	90.0	100.0
61.855938899999956	90.0	100.0
61.87611979999997	90.0	100.0
61.8964969000001	90.0	100.0
61.91594020000002	90.0	100.0
61.93640980000009	90.0	100.0
61.955990000000156	90.0	100.0
61.97589730000004	90.0	100.0
61.997880200000054	90.0	100.0
62.01960359999998	90.0	100.0
62.036366199999975	90.0	100.0
62.055671000000075	90.0	100.0
62.07576430000017	90.0	100.0
62.09620830000017	90.0	100.0
62.119459200000165	90.0	100.0
62.13683230000015	90.0	100.0
62.15847880000001	90.0	100.0
62.17785210000011	90.0	100.0
62.196234300000015	89.0	100.0
62.2161900000001	89.0	100.0
62.236314600000014	89.0	100.0
62.256208400000105	89.0	100.0
62.27560949999997	89.0	100.0
62.29646780000007	89.0	100.0
62.3219302	89.0	100.0
62.337048300000106	89.0	100.0
62.35623940000005	89.0	100.0
62.37622529999999	89.0	100.0
62.39732500000014	89.0	100.0
62.41649480000001	89.0	100.0
62.43881170000009	89.0	100.0
62.45639720000008	89.0	100.0
62.477773999999954	89.0	100.0
62.49563920000014	89.0	100.0
62.51591260000009	89.0	100.0
62.541157699999985	89.0	100.0
62.556279800000084	89.0	100.0
62.57567620000009	89.0	100.0
62.596221300000025	89.0	100.0
62.61621530000002	89.0	100.0
62.64365500000008	89.0	100.0
62.65719869999998	89.0	100.0
62.677089300000034	89.0	100.0
62.69655920000014	89.0	100.0
62.71652280000012	89.0	100.0
62.73850030000017	89.0	100.0
62.7563189	89.0	100.0
62.77764650000017	89.0	100.0
62.798991000000115	89.0	100.0
62.81736990000013	89.0	100.0
62.837537399999974	89.0	100.0
62.856294899999966	89.0	100.0
62.87652109999999	89.0	100.0
62.89687679999997	89.0	100.0
62.917351900000085	89.0	100.0
62.9377892	89.0	100.0
62.958797600000025	89.0	100.0
62.977456200000006	89.0	100.0
62.99643460000016	89.0	100.0
63.017286900000045	89.0	100.0
63.037303000000065	89.0	100.0
63.0611851000001	89.0	100.0
63.077823999999964	89.0	100.0
63.09800370000016	89.0	100.0
63.11891579999997	89.0	100.0
63.13751490000004	89.0	100.0
63.161223600000085	89.0	100.0
63.17816160000007	89.0	100.0
63.19806510000012	82.0	100.0
63.21751640000002	82.0	100.0
63.237442699999974	82.0	100.0
63.25891160000015	82.0	100.0
63.27839190000009	82.0	100.0
63.29721790000008	82.0	100.0
63.31742340000005	82.0	100.0
63.33741420000001	82.0	100.0
63.36032030000001	82.0	100.0
63.377708800000164	82.0	100.0
63.397402000000056	82.0	100.0
63.41755920000014	82.0	100.0
63.440323700000135	82.0	100.0
63.45931830000018	82.0	100.0
63.47973980000006	82.0	100.0
63.49817310000003	82.0	100.0
63.52019689999997	82.0	100.0
63.537662100000034	82.0	100.0
63.55814970000006	82.0	100.0
63.578258300000016	82.0	100.0
63.59968570000001	82.0	100.0
63.618028100000174	82.0	100.0
63.6385451000001	82.0	100.0
63.656080700000075	82.0	100.0
63.6775834	82.0	100.0
63.69728810000015	82.0	100.0
63.717828199999985	82.0	100.0
63.73843890000012	82.0	100.0
63.75975080000012	82.0	100.0
63.77782750000006	82.0	100.0
63.79865300000006	82.0	100.0
63.81799220000016	82.0	100.0
63.838131500000145	82.0	100.0
63.85746570000015	82.0	100.0
63.87864390000004	82.0	100.0
63.89883830000008	82.0	100.0
63.91996029999996	82.0	100.0
63.938642500000014	82.0	100.0
63.95797540000012	82.0	100.0
63.978739900000164	82.0	100.0
63.99790830000006	82.0	100.0
64.01816750000012	82.0	100.0
64.03859000000011	82.0	100.0
64.05848609999998	82.0	100.0
64.08064300000001	82.0	100.0
64.09848580000016	82.0	100.0
64.11834380000005	82.0	100.0
64.1376358	82.0	100.0
64.15850640000008	82.0	100.0
64.17990280000004	82.0	100.0
64.20215500000018	77.0	100.0
64.21897409999997	77.0	100.0
64.24021489999996	77.0	100.0
64.25839919999999	77.0	100.0
64.27915770000004	77.0	100.0
64.30225610000002	77.0	100.0
64.31788840000013	77.0	100.0
64.33886240000015	77.0	100.0
64.35841120000009	77.0	100.0
64.37843300000009	77.0	100.0
64.4013824000001	77.0	100.0
64.4186271000001	77.0	100.0
64.4385092	77.0	100.0
64.45845069999996	77.0	100.0
64.4795967	77.0	100.0
64.498288	77.0	100.0
64.5225934	77.0	100.0
64.53987690000008	77.0	100.0
64.56077270000014	77.0	100.0
64.57813669999996	77.0	100.0
64.59891379999999	77.0	100.0
64.62063239999998	77.0	100.0
64.63870980000002	77.0	100.0
64.6591449	77.0	100.0
64.67771420000008	77.0	100.0
64.69788590000007	77.0	100.0
64.72385040000017	77.0	100.0
64.73872330000017	77.0	100.0
64.75887620000003	77.0	100.0
64.77850430000012	77.0	100.0
64.79911119999997	77.0	100.0
64.82311870000012	77.0	100.0
64.83969840000009	77.0	100.0
64.86012200000005	77.0	100.0
64.88127110000005	77.0	100.0
64.8988554	77.0	100.0
64.91820500000017	77.0	100.0
64.93977600000017	77.0	100.0
64.95873060000008	77.0	100.0
64.97888950000015	77.0	100.0
64.99932209999997	77.0	100.0
65.01999190000015	77.0	100.0
65.04211950000013	77.0	100.0
65.05976550000014	77.0	100.0
65.07852260000004	77.0	100.0
65.09857890000012	77.0	100.0
65.11968109999998	77.0	100.0
65.13968150000005	77.0	100.0
65.1590857000001	77.0	100.0
65.18181849999996	77.0	100.0
65.21802490000005	73.0	100.0
65.22335010000006	73.0	100.0
65.24305230000004	73.0	100.0
65.25827460000005	73.0	100.0
65.28056700000002	73.0	100.0
65.30004800000006	73.0	100.0
65.31864949999999	73.0	100.0
65.35481649999997	73.0	100.0
65.36319830000002	73.0	100.0
65.38017360000003	73.0	100.0
65.39963350000016	73.0	100.0
65.41996870000003	73.0	100.0
65.44025110000007	73.0	100.0
65.46000720000006	73.0	100.0
65.4796808000001	73.0	100.0
65.50079740000001	73.0	100.0
65.52206010000009	73.0	100.0
65.54075940000007	73.0	100.0
65.55856640000002	73.0	100.0
65.58019090000016	73.0	100.0
65.59989380000002	73.0	100.0
65.62023240000008	73.0	100.0
65.63985679999996	73.0	100.0
65.66085569999996	73.0	100.0
65.68169420000004	73.0	100.0
65.69992769999999	73.0	100.0
65.72026819999996	73.0	100.0
65.74005899999997	73.0	100.0
65.76297330000011	73.0	100.0
65.78014350000012	73.0	100.0
65.8001134000001	73.0	100.0
65.82080110000015	73.0	100.0
65.84248760000014	73.0	100.0
65.86315120000017	73.0	100.0
65.88112690000003	73.0	100.0
65.89971600000013	73.0	100.0
65.9208188	73.0	100.0
65.94122870000001	73.0	100.0
65.95472380000001	73.0	100.0
65.97344910000015	73.0	100.0
65.99480889999995	73.0	100.0
66.01255549999996	73.0	100.0
66.0337535000001	73.0	100.0
66.05451390000007	73.0	100.0
66.07602880000013	73.0	100.0
66.09880229999999	73.0	100.0
66.11264189999997	73.0	100.0
66.13523850000001	73.0	100.0
66.1555495	73.0	100.0
66.18209079999997	73.0	100.0
66.20008789999997	74.0	100.0
66.22073339999997	74.0	100.0
66.24180790000014	74.0	100.0
66.26179620000016	74.0	100.0
66.28397459999996	74.0	100.0
66.30187730000011	74.0	100.0
66.3240796	74.0	100.0
66.34209699999997	74.0	100.0
66.36219410000012	74.0	100.0
66.38211509999996	74.0	100.0
66.4005572000001	74.0	100.0
66.41439890000015	74.0	100.0
66.44137139999998	74.0	100.0
66.45681690000015	74.0	100.0
66.47713799999997	74.0	100.0
66.49449240000013	74.0	100.0
66.51488970000014	74.0	100.0
66.53890490000003	74.0	100.0
66.55945930000007	74.0	100.0
66.57947209999998	74.0	100.0
66.60367740000015	74.0	100.0
66.62059080000017	74.0	100.0
66.6429611000001	74.0	100.0
66.66134469999997	74.0	100.0
66.6805359	74.0	100.0
66.70498090000001	74.0	100.0
66.71972730000016	74.0	100.0
66.74206150000009	74.0	100.0
66.76218210000002	74.0	100.0
66.78244710000013	74.0	100.0
66.80495080000014	74.0	100.0
66.82211430000007	74.0	100.0
66.84247040000014	74.0	100.0
66.86269930000003	74.0	100.0
66.88230560000011	74.0	100.0
66.90220109999996	74.0	100.0
66.92187050000007	74.0	100.0
66.9445283	74.0	100.0
66.96190100000013	74.0	100.0
66.9802850000001	74.0	100.0
67.00139970000009	74.0	100.0
67.02199650000011	74.0	100.0
67.04181370000015	74.0	100.0
67.0625523000001	74.0	100.0
67.08266939999999	74.0	100.0
67.10290959999998	74.0	100.0
67.12389170000006	74.0	100.0
67.14282800000001	74.0	100.0
67.16266830000018	74.0	100.0
67.18420549999996	74.0	100.0
67.20264070000007	76.0	100.0
67.22248290000016	76.0	100.0
67.24197939999999	76.0	100.0
67.26275020000003	76.0	100.0
67.28535280000006	76.0	100.0
67.30198370000016	76.0	100.0
67.32620659999998	76.0	100.0
67.34277459999998	76.0	100.0
67.36620990000006	76.0	100.0
67.38281070000016	76.0	100.0
67.40181410000014	76.0	100.0
67.42701699999998	76.0	100.0
67.44450530000017	76.0	100.0
67.46254870000007	76.0	100.0
67.48251970000001	76.0	100.0
67.50237800000014	76.0	100.0
67.52273420000006	76.0	100.0
67.54297560000009	76.0	100.0
67.56271949999996	76.0	100.0
67.58304229999999	76.0	100.0
67.60450270000001	76.0	100.0
67.62242170000013	76.0	100.0
67.64707229999999	76.0	100.0
67.66215320000015	76.0	100.0
67.68280340000001	76.0	100.0
67.70301640000002	76.0	100.0
67.72265119999997	76.0	100.0
67.74426719999997	76.0	100.0
67.7660648000001	76.0	100.0
67.78315270000007	76.0	100.0
67.80290579999996	76.0	100.0
67.82279660000017	76.0	100.0
67.84666500000003	76.0	100.0
67.86261850000005	76.0	100.0
67.8823139000001	76.0	100.0
67.90286040000001	76.0	100.0
67.92441120000012	76.0	100.0
67.94707600000015	76.0	100.0
67.96277150000014	76.0	100.0
67.98244399999999	76.0	100.0
68.00206360000016	76.0	100.0
68.02268120000008	76.0	100.0
68.04317890000016	76.0	100.0
68.06109519999995	76.0	100.0
68.08282870000016	76.0	100.0
68.10297730000002	76.0	100.0
68.12323349999997	76.0	100.0
68.14271840000015	76.0	100.0
68.16264720000004	76.0	100.0
68.18468389999998	76.0	100.0
68.20329420000007	77.0	100.0
68.22258180000017	77.0	100.0
68.24550169999998	77.0	100.0
68.26171380000005	77.0	100.0
68.28184350000015	77.0	100.0
68.30222620000018	77.0	100.0
68.32216830000016	77.0	100.0
68.34328530000016	77.0	100.0
68.3662776000001	77.0	100.0
68.38285220000012	77.0	100.0
68.40420100000006	77.0	100.0
68.42260710000005	77.0	100.0
68.44233700000018	77.0	100.0
68.46619280000004	77.0	100.0
68.48284580000018	77.0	100.0
68.50210500000003	77.0	100.0
68.52208700000006	77.0	100.0
68.54364499999997	77.0	100.0
68.56510980000007	77.0	100.0
68.58281570000008	77.0	100.0
68.60043470000005	77.0	100.0
68.61812970000005	77.0	100.0
68.63847550000014	77.0	100.0
68.66072520000012	77.0	100.0
68.68663620000007	77.0	100.0
68.70324879999998	77.0	100.0
68.72533490000001	77.0	100.0
68.74336840000001	77.0	100.0
68.76405920000002	77.0	100.0
68.78290519999996	77.0	100.0
68.80343390000007	77.0	100.0
68.82309129999999	77.0	100.0
68.84372460000009	77.0	100.0
68.8621528000001	77.0	100.0
68.89004080000018	77.0	100.0
68.90364280000017	77.0	100.0
68.92390890000001	77.0	100.0
68.94293870000001	77.0	100.0
68.96431270000016	77.0	100.0
68.98391809999998	77.0	100.0
69.00380480000013	77.0	100.0
69.0241751000001	77.0	100.0
69.04571850000002	77.0	100.0
69.0639549	77.0	100.0
69.0841875000001	77.0	100.0
69.10449340000014	77.0	100.0
69.12109940000005	77.0	100.0
69.14395450000006	77.0	100.0
69.16319680000015	77.0	100.0
69.18574960000001	77.0	100.0
69.2067912	0.0	100.0
69.22375920000013	0.0	100.0
69.24418130000004	0.0	100.0
69.26373490000014	0.0	100.0
69.2844427	0.0	100.0
69.3038411	0.0	100.0
69.32393920000004	0.0	100.0
69.34783870000001	0.0	100.0
69.36644360000014	0.0	100.0
69.38417780000009	0.0	100.0
69.40752020000014	0.0	100.0
69.42447200000015	0.0	100.0
69.44417769999995	0.0	100.0
69.4634496000001	0.0	100.0
69.48379610000006	0.0	100.0
69.50842030000013	0.0	100.0
69.5264767000001	0.0	100.0
69.54412560000014	0.0	100.0
69.56413629999997	0.0	100.0
69.58417699999995	0.0	100.0
69.60663739999995	0.0	100.0
69.62428490000002	0.0	100.0
69.64419680000015	0.0	100.0
69.66183350000006	0.0	100.0
69.68518540000014	0.0	100.0
69.70440529999996	0.0	100.0
69.72386270000015	0.0	100.0
69.74421989999996	0.0	100.0
69.76416719999997	0.0	100.0
69.78422960000012	0.0	100.0
69.80464470000015	0.0	100.0
69.82555070000012	0.0	100.0
69.84626150000008	0.0	100.0
69.86413400000015	0.0	100.0
69.88376100000005	0.0	100.0
69.90423440000018	0.0	100.0
69.92730159999996	0.0	100.0
69.94454580000001	0.0	100.0
69.96399650000012	0.0	100.0
69.98507570000015	0.0	100.0
70.00609120000013	0.0	100.0
70.0286036	0.0	100.0
70.04454099999998	0.0	100.0
70.06390220000003	0.0	100.0
70.0841213000001	0.0	100.0
70.10433570000009	0.0	100.0
70.12437670000008	0.0	100.0
70.14538760000005	0.0	100.0
70.16842940000015	0.0	100.0
70.18620890000011	0.0	100.0
70.2056004000001	76.0	100.0
70.22557500000016	76.0	100.0
70.2455175	76.0	100.0
70.26581499999998	76.0	100.0
70.28422330000012	76.0	100.0
70.3057940000001	76.0	100.0
70.32707500000015	76.0	100.0
70.34607440000013	76.0	100.0
70.36476650000009	76.0	100.0
70.38457330000006	76.0	100.0
70.40496940000003	76.0	100.0
70.42614780000008	76.0	100.0
70.44794190000016	76.0	100.0
70.46627030000013	76.0	100.0
70.48762929999998	76.0	100.0
70.50658090000002	76.0	100.0
70.52494250000018	76.0	100.0
70.54903839999997	76.0	100.0
70.5652063	76.0	100.0
70.58616589999997	76.0	100.0
70.60516200000006	76.0	100.0
70.62565510000013	76.0	100.0
70.65170650000005	76.0	100.0
70.66586530000018	76.0	100.0
70.68555650000008	76.0	100.0
70.70600790000003	76.0	100.0
70.72646250000003	76.0	100.0
70.74559360000012	76.0	100.0
70.7657905000001	76.0	100.0
70.78585360000011	76.0	100.0
70.80902630000014	76.0	100.0
70.82541270000002	76.0	100.0
70.84342290000018	76.0	100.0
70.86967849999996	76.0	100.0
70.88561550000009	76.0	100.0
70.90571910000017	76.0	100.0
70.92538330000002	76.0	100.0
70.94677390000015	76.0	100.0
70.971319	76.0	100.0
70.98611930000015	76.0	100.0
71.00557520000007	76.0	100.0
71.02525030000015	76.0	100.0
71.04597820000004	76.0	100.0
71.06969030000005	76.0	100.0
71.0859097	76.0	100.0
71.1068467	76.0	100.0
71.12660470000014	76.0	100.0
71.14667470000018	76.0	100.0
71.16614440000012	76.0	100.0
71.18704720000005	76.0	100.0
71.20644660000016	76.0	100.0
71.22616289999996	76.0	100.0
71.2464116000001	76.0	100.0
71.26666750000004	76.0	100.0
71.28682419999996	76.0	100.0
71.30626780000011	76.0	100.0
71.3259978000001	76.0	100.0
71.34985810000012	76.0	100.0
71.3671604000001	76.0	100.0
71.3859930000001	76.0	100.0
71.4061349000001	76.0	100.0
71.42653310000014	76.0	100.0
71.45002629999999	76.0	100.0
71.4660060000001	76.0	100.0
71.48982640000008	76.0	100.0
71.50654900000018	76.0	100.0
71.52535490000014	76.0	100.0
71.54625010000018	76.0	100.0
71.56550850000008	76.0	100.0
71.59082780000017	76.0	100.0
71.60818840000002	76.0	100.0
71.62648209999998	76.0	100.0
71.64755660000014	76.0	100.0
71.66582640000001	76.0	100.0
71.68583590000003	76.0	100.0
71.7057228000001	76.0	100.0
71.72577640000009	76.0	100.0
71.74698160000003	76.0	100.0
71.76865220000013	76.0	100.0
71.78653000000008	76.0	100.0
71.80602920000001	76.0	100.0
71.8258323	76.0	100.0
71.84582380000006	76.0	100.0
71.86596510000004	76.0	100.0
71.88649640000017	76.0	100.0
71.90736000000015	76.0	100.0
71.92819069999996	76.0	100.0
71.94676040000013	76.0	100.0
71.96642330000009	76.0	100.0
71.98596829999997	76.0	100.0
72.00710249999997	76.0	100.0
72.02652200000011	76.0	100.0
72.04641030000016	76.0	100.0
72.06690900000012	76.0	100.0
72.08817940000017	76.0	100.0
72.11038750000012	76.0	100.0
72.1268043	76.0	100.0
72.1470018	76.0	100.0
72.16690670000003	76.0	100.0
72.1875308000001	76.0	100.0
72.21151150000014	74.0	100.0
72.22831770000016	74.0	100.0
72.24915950000013	74.0	100.0
72.26928050000015	74.0	100.0
72.28619500000013	74.0	100.0
72.30661950000012	74.0	100.0
72.32639289999997	74.0	100.0
72.34666450000009	74.0	100.0
72.36675160000004	74.0	100.0
72.38805690000004	74.0	100.0
72.40992030000007	74.0	100.0
72.42692920000013	74.0	100.0
72.44663560000004	74.0	100.0
72.46686610000006	74.0	100.0
72.48650780000003	74.0	100.0
72.5065790000001	74.0	100.0
72.53045940000015	74.0	100.0
72.54775900000004	74.0	100.0
72.56976000000009	74.0	100.0
72.58756010000002	74.0	100.0
72.60610620000011	74.0	100.0
72.63038260000008	74.0	100.0
72.64793850000001	74.0	100.0
72.66685860000007	74.0	100.0
72.68696599999998	74.0	100.0
72.70768160000011	74.0	100.0
72.72870890000013	74.0	100.0
72.74765290000005	74.0	100.0
72.7661091	74.0	100.0
72.78656560000013	74.0	100.0
72.80639380000002	74.0	100.0
72.82684489999997	74.0	100.0
72.847532	74.0	100.0
72.86797850000016	74.0	100.0
72.88863990000004	74.0	100.0
72.90625339999997	74.0	100.0
72.9268184	74.0	100.0
72.9478047	74.0	100.0
72.96696140000017	74.0	100.0
72.98669930000005	74.0	100.0
73.00770820000002	74.0	100.0
73.02793270000006	74.0	100.0
73.05112430000008	74.0	100.0
73.06657540000015	74.0	100.0
73.08851500000014	74.0	100.0
73.10772930000007	74.0	100.0
73.12665770000012	74.0	100.0
73.14781719999996	74.0	100.0
73.16821330000016	74.0	100.0
73.19128230000001	74.0	100.0
73.21061110000005	73.0	100.0
73.22816239999997	73.0	100.0
73.2523943000001	73.0	100.0
73.26820859999998	73.0	100.0
73.28828910000016	73.0	100.0
73.30830200000014	73.0	100.0
73.32848520000016	73.0	100.0
73.34913370000004	73.0	100.0
73.37042990000009	73.0	100.0
73.38876210000012	73.0	100.0
73.40840190000017	73.0	100.0
73.42816200000016	73.0	100.0
73.44114379999996	73.0	100.0
73.46108000000004	73.0	100.0
73.48060650000002	73.0	100.0
73.50295580000011	73.0	100.0
73.52214600000002	73.0	100.0
73.54095630000006	73.0	100.0
73.56799539999997	73.0	100.0
73.58820979999996	73.0	100.0
73.60728960000006	73.0	100.0
73.62846349999995	73.0	100.0
73.64919880000002	73.0	100.0
73.67205609999996	73.0	100.0
73.69104510000011	73.0	100.0
73.70954610000013	73.0	100.0
73.72348850000003	73.0	100.0
73.74792630000002	73.0	100.0
73.77168280000001	73.0	100.0
73.78835430000004	73.0	100.0
73.80830609999998	73.0	100.0
73.83022359999995	73.0	100.0
73.85174660000007	73.0	100.0
73.87013999999999	73.0	100.0
73.88944340000012	73.0	100.0
73.91048380000007	73.0	100.0
73.92918250000002	73.0	100.0
73.94948090000003	73.0	100.0
73.9677822000001	73.0	100.0
73.99033759999998	73.0	100.0
74.0127242000001	73.0	100.0
74.03006660000005	73.0	100.0
74.04961720000006	73.0	100.0
74.0691303000001	73.0	100.0
74.08841159999997	73.0	100.0
74.10934889999999	73.0	100.0
74.12900430000013	73.0	100.0
74.14934440000002	73.0	100.0
74.16981090000013	73.0	100.0
74.19341680000002	73.0	100.0
74.20945490000008	72.0	100.0
74.22935230000007	72.0	100.0
74.24922040000001	72.0	100.0
74.2702534	72.0	100.0
74.29270780000002	72.0	100.0
74.31069560000014	72.0	100.0
74.33190609999997	72.0	100.0
74.3503525000001	72.0	100.0
74.36966900000016	72.0	100.0
74.39018269999997	72.0	100.0
74.4097928000001	72.0	100.0
74.43026830000008	72.0	100.0
74.44990870000015	72.0	100.0
74.46983670000009	72.0	100.0
74.49212420000003	72.0	100.0
74.50996280000004	72.0	100.0
74.52982380000003	72.0	100.0
74.54958570000008	72.0	100.0
74.56862939999996	72.0	100.0
74.58939260000011	72.0	100.0
74.61025029999996	72.0	100.0
74.62992220000001	72.0	100.0
74.65215409999996	72.0	100.0
74.67011750000006	72.0	100.0
74.69014960000004	72.0	100.0
74.71368210000014	72.0	100.0
74.73050490000014	72.0	100.0
74.75057579999998	72.0	100.0
74.76953249999997	72.0	100.0
74.79089390000013	72.0	100.0
74.8148619000001	72.0	100.0
74.82988660000001	72.0	100.0
74.85065170000007	72.0	100.0
74.87047389999998	72.0	100.0
74.8900665000001	72.0	100.0
74.91020330000015	72.0	100.0
74.93175640000004	72.0	100.0
74.95085840000002	72.0	100.0
74.97304499999996	72.0	100.0
74.9903475000001	72.0	100.0
75.01076580000017	72.0	100.0
75.03101430000015	72.0	100.0
75.0504585000001	72.0	100.0
75.07052429999999	72.0	100.0
75.08968270000014	72.0	100.0
75.11087229999998	72.0	100.0
75.13231670000005	72.0	100.0
75.15108650000002	72.0	100.0
75.17032390000008	72.0	100.0
75.1908469	72.0	100.0
75.21063350000009	71.0	100.0
75.23187359999997	71.0	100.0
75.25100220000013	71.0	100.0
75.2714370000001	71.0	100.0
75.29357830000004	71.0	100.0
75.31058329999996	71.0	100.0
75.33533239999997	71.0	100.0
75.35103460000005	71.0	100.0
75.37035809999998	71.0	100.0
75.39074649999998	71.0	100.0
75.41080550000015	71.0	100.0
75.43535110000016	71.0	100.0
75.45299020000016	71.0	100.0
75.47062010000013	71.0	100.0
75.49105220000001	71.0	100.0
75.51103880000005	71.0	100.0
75.53056820000006	71.0	100.0
75.55065590000004	71.0	100.0
75.57056380000017	71.0	100.0
75.59180779999997	71.0	100.0
75.61298269999998	71.0	100.0
75.63071149999996	71.0	100.0
75.65041600000018	71.0	100.0
75.67031310000016	71.0	100.0
75.6908456000001	71.0	100.0
75.7103717	71.0	100.0
75.73031700000001	71.0	100.0
75.75575890000005	71.0	100.0
75.77358600000002	71.0	100.0
75.79095270000016	71.0	100.0
75.81092100000001	71.0	100.0
75.83147090000011	71.0	100.0
75.85539990000007	71.0	100.0
75.87223790000007	71.0	100.0
75.89091610000014	71.0	100.0
75.91217520000009	71.0	100.0
75.93443860000002	71.0	100.0
75.95275540000011	71.0	100.0
75.97114460000012	71.0	100.0
75.99340570000004	71.0	100.0
76.01137300000005	71.0	100.0
76.03071650000015	71.0	100.0
76.05224540000017	71.0	100.0
76.07207340000014	71.0	100.0
76.09318550000012	71.0	100.0
76.11112600000001	71.0	100.0
76.1303296000001	71.0	100.0
76.15091770000004	71.0	100.0
76.17131760000007	71.0	100.0
76.19226890000004	71.0	100.0
76.21060990000001	72.0	100.0
76.23250670000016	72.0	100.0
76.25386350000008	72.0	100.0
76.27195060000008	72.0	100.0
76.29180730000007	72.0	100.0
76.31064880000008	72.0	100.0
76.33231690000002	72.0	100.0
76.35489810000013	72.0	100.0
76.37213599999995	72.0	100.0
76.39374240000006	72.0	100.0
76.41457720000017	72.0	100.0
76.43329860000017	72.0	100.0
76.4518266	72.0	100.0
76.4757489000001	72.0	100.0
76.49175349999996	72.0	100.0
76.51389600000016	72.0	100.0
76.53186640000013	72.0	100.0
76.55388210000001	72.0	100.0
76.57404870000005	72.0	100.0
76.5921651000001	72.0	100.0
76.61191110000004	72.0	100.0
76.632159	72.0	100.0
76.65212889999998	72.0	100.0
76.67246410000007	72.0	100.0
76.69178550000015	72.0	100.0
76.7130095	72.0	100.0
76.73334	72.0	100.0
76.7521819000001	72.0	100.0
76.77208040000005	72.0	100.0
76.79177430000004	72.0	100.0
76.81191600000011	72.0	100.0
76.83243690000018	72.0	100.0
76.85206010000002	72.0	100.0
76.87292230000003	72.0	100.0
76.89473310000017	72.0	100.0
76.91369559999998	72.0	100.0
76.93308210000009	72.0	100.0
76.95404900000017	72.0	100.0
76.97392320000017	72.0	100.0
76.99429069999996	72.0	100.0
77.01348540000004	72.0	100.0
77.03338970000004	72.0	100.0
77.05432870000004	72.0	100.0
77.07352880000008	72.0	100.0
77.0922799	72.0	100.0
77.11238240000012	72.0	100.0
77.13362900000016	72.0	100.0
77.15312830000016	72.0	100.0
77.1723515000001	72.0	100.0
77.19413660000009	72.0	100.0
77.21581200000014	71.0	100.0
77.23355460000016	71.0	100.0
77.25168640000015	71.0	100.0
77.27224720000004	71.0	100.0
77.2930718	71.0	100.0
77.31337890000009	71.0	100.0
77.33240450000017	71.0	100.0
77.35419720000004	71.0	100.0
77.37376689999996	71.0	100.0
77.39270570000008	71.0	100.0
77.41606690000003	71.0	100.0
77.43362380000008	71.0	100.0
77.45215690000009	71.0	100.0
77.47320650000006	71.0	100.0
77.4935461	71.0	100.0
77.51786519999996	71.0	100.0
77.53450870000006	71.0	100.0
77.55321830000003	71.0	100.0
77.57263920000014	71.0	100.0
77.59459979999997	71.0	100.0
77.61328230000004	71.0	100.0
77.6336576000001	71.0	100.0
77.65319950000003	71.0	100.0
77.67339330000004	71.0	100.0
77.69652229999997	71.0	100.0
77.71342410000011	71.0	100.0
77.73321540000006	71.0	100.0
77.75458170000002	71.0	100.0
77.7730441000001	71.0	100.0
77.79406480000011	71.0	100.0
77.81304	71.0	100.0
77.83356479999998	71.0	100.0
77.85582190000014	71.0	100.0
77.87346230000003	71.0	100.0
77.89423410000018	71.0	100.0
77.91321230000017	71.0	100.0
77.93737039999996	71.0	100.0
77.9539569000001	71.0	100.0
77.97335220000014	71.0	100.0
77.99433020000015	71.0	100.0
78.0145579	71.0	100.0
78.03443540000012	71.0	100.0
78.05448509999997	71.0	100.0
78.0741938000001	71.0	100.0
78.09418849999997	71.0	100.0
78.11427170000002	71.0	100.0
78.13421190000008	71.0	100.0
78.15485609999996	71.0	100.0
78.17632750000007	71.0	100.0
78.19434520000004	71.0	100.0
78.21461369999997	69.0	100.0
78.2343558	69.0	100.0
78.25377360000016	69.0	100.0
78.27438290000009	69.0	100.0
78.29421930000012	69.0	100.0
78.31438109999999	69.0	100.0
78.33677380000017	69.0	100.0
78.35425759999998	69.0	100.0
78.37366470000006	69.0	100.0
78.39479380000012	69.0	100.0
78.41449570000009	69.0	100.0
78.4336151	69.0	100.0
78.4584946	69.0	100.0
78.4754504	69.0	100.0
78.49694160000013	69.0	100.0
78.5157971000001	69.0	100.0
78.53404720000003	69.0	100.0
78.55908150000005	69.0	100.0
78.57432270000004	69.0	100.0
78.59453529999996	69.0	100.0
78.61450850000006	69.0	100.0
78.63559200000009	69.0	100.0
78.6596449000001	69.0	100.0
78.6747428000001	69.0	100.0
78.6948969	69.0	100.0
78.71438310000008	69.0	100.0
78.73379690000002	69.0	100.0
78.75494470000012	69.0	100.0
78.77470340000013	69.0	100.0
78.79541370000015	69.0	100.0
78.81782290000001	69.0	100.0
78.83458420000011	69.0	100.0
78.85478810000018	69.0	100.0
78.8742714	69.0	100.0
78.89370159999999	69.0	100.0
78.91422409999996	69.0	100.0
78.9347815000001	69.0	100.0
78.95592550000015	69.0	100.0
78.97744239999997	69.0	100.0
78.99694580000005	69.0	100.0
79.01600830000007	69.0	100.0
79.03589460000012	69.0	100.0
79.05588990000001	69.0	100.0
79.07916160000013	69.0	100.0
79.09493150000003	69.0	100.0
79.11564550000003	69.0	100.0
79.13718919999997	69.0	100.0
79.15555110000014	69.0	100.0
79.17852960000005	69.0	100.0
79.19615550000003	69.0	100.0
79.21464979999996	68.0	100.0
79.23563970000009	68.0	100.0
79.25448630000005	68.0	100.0
79.27550620000011	68.0	100.0
79.29699750000009	68.0	100.0
79.31512190000012	68.0	100.0
79.3348132000001	68.0	100.0
79.3597999000001	68.0	100.0
79.37493519999998	68.0	100.0
79.39539420000006	68.0	100.0
79.41567050000003	68.0	100.0
79.43726390000006	68.0	100.0
79.45750199999998	68.0	100.0
79.4748634	68.0	100.0
79.49566180000011	68.0	100.0
79.51809130000015	68.0	100.0
79.5346793000001	68.0	100.0
79.55492980000008	68.0	100.0
79.5751464	68.0	100.0
79.60014479999995	68.0	100.0
79.61792620000006	68.0	100.0
79.6362974000001	68.0	100.0
79.6562484000001	68.0	100.0
79.67576840000015	68.0	100.0
79.69508710000014	68.0	100.0
79.71555880000005	68.0	100.0
79.73404000000005	68.0	100.0
79.75614519999999	68.0	100.0
79.77781210000012	68.0	100.0
79.79632760000004	68.0	100.0
79.81576429999996	68.0	100.0
79.83513730000004	68.0	100.0
79.8560950000001	68.0	100.0
79.87554040000009	68.0	100.0
79.89611480000008	68.0	100.0
79.91592890000015	68.0	100.0
79.93699260000017	68.0	100.0
79.95654030000014	68.0	100.0
79.97671480000008	68.0	100.0
79.99624949999998	68.0	100.0
80.01669220000008	68.0	100.0
80.03733239999997	68.0	100.0
80.05724950000013	68.0	100.0
80.07724759999996	68.0	100.0
80.09852520000004	68.0	100.0
80.11913279999999	68.0	100.0
80.13627399999996	68.0	100.0
80.15625190000014	68.0	100.0
80.17612140000006	68.0	100.0
80.1970311	68.0	100.0
80.21976540000014	66.0	100.0
80.23720330000015	66.0	100.0
80.25896950000015	66.0	100.0
80.27643899999998	66.0	100.0
80.29609090000008	66.0	100.0
80.31692859999998	66.0	100.0
80.33633830000008	66.0	100.0
80.35877000000005	66.0	100.0
80.37647560000005	66.0	100.0
80.39669849999996	66.0	100.0
80.4179908000001	66.0	100.0
80.43630120000012	66.0	100.0
80.45649070000013	66.0	100.0
80.47632450000015	66.0	100.0
80.49639400000001	66.0	100.0
80.5166256	66.0	100.0
80.53586459999997	66.0	100.0
80.5571324	66.0	100.0
80.57774360000008	66.0	100.0
80.59641370000008	66.0	100.0
80.61632490000011	66.0	100.0
80.63920099999996	66.0	100.0
80.6563579000001	66.0	100.0
80.67716059999998	66.0	100.0
80.69633520000002	66.0	100.0
80.71667720000005	66.0	100.0
80.74255960000005	66.0	100.0
80.75678420000008	66.0	100.0
80.77645329999996	66.0	100.0
80.79641060000017	66.0	100.0
80.81643200000008	66.0	100.0
80.83672720000004	66.0	100.0
80.85696359999997	66.0	100.0
80.87742430000003	66.0	100.0
80.89866189999998	66.0	100.0
80.91747110000006	66.0	100.0
80.93735260000017	66.0	100.0
80.95734510000011	66.0	100.0
80.97728849999999	66.0	100.0
80.99754670000016	66.0	100.0
81.01757580000003	66.0	100.0
81.03834060000008	66.0	100.0
81.06014619999996	66.0	100.0
81.07739890000016	66.0	100.0
81.09765749999997	66.0	100.0
81.11718600000017	66.0	100.0
81.13724939999997	66.0	100.0
81.16144959999997	66.0	100.0
81.1780953	66.0	100.0
81.19824210000002	66.0	100.0
81.21926660000008	65.0	100.0
81.23774190000017	65.0	100.0
81.26176669999995	65.0	100.0
81.27763040000013	65.0	100.0
81.29743370000006	65.0	100.0
81.31760200000008	65.0	100.0
81.33782399999996	65.0	100.0
81.36216690000015	65.0	100.0
81.37991740000007	65.0	100.0
81.39814350000006	65.0	100.0
81.41748930000017	65.0	100.0
81.43750539999996	65.0	100.0
81.45795650000014	65.0	100.0
81.47807660000012	65.0	100.0
81.49765739999998	65.0	100.0
81.51859480000007	65.0	100.0
81.5388226	65.0	100.0
81.55796729999997	65.0	100.0
81.57713869999998	65.0	100.0
81.59796920000008	65.0	100.0
81.61726780000004	65.0	100.0
81.6380709	65.0	100.0
81.6577185000001	65.0	100.0
81.6828872000001	65.0	100.0
81.7002129	65.0	100.0
81.71714140000017	65.0	100.0
81.73686420000013	65.0	100.0
81.75823869999999	65.0	100.0
81.78162820000011	65.0	100.0
81.79802900000004	65.0	100.0
81.81815840000013	65.0	100.0
81.8389525	65.0	100.0
81.8595580000001	65.0	100.0
81.87837890000014	65.0	100.0
81.89762930000006	65.0	100.0
81.91745290000017	65.0	100.0
81.93804150000005	65.0	100.0
81.95818699999995	65.0	100.0
81.97898989999999	65.0	100.0
81.99847530000011	65.0	100.0
82.0202028000001	65.0	100.0
82.03861219999999	65.0	100.0
82.05854020000015	65.0	100.0
82.07777910000004	65.0	100.0
82.0996533	65.0	100.0
82.11858150000012	65.0	100.0
82.13828600000011	65.0	100.0
82.15883890000009	65.0	100.0
82.17989770000008	65.0	100.0
82.2023256	65.0	100.0
82.21851770000012	65.0	100.0
82.23907090000012	65.0	100.0
82.2587066000001	65.0	100.0
82.27853630000004	65.0	100.0
82.30435450000004	65.0	100.0
82.31887410000013	65.0	100.0
82.34012320000011	65.0	100.0
82.3585395	65.0	100.0
82.37901469999997	65.0	100.0
82.40261800000007	65.0	100.0
82.41845580000017	65.0	100.0
82.43833210000003	65.0	100.0
82.45771550000018	65.0	100.0
82.47939480000014	65.0	100.0
82.50008330000014	65.0	100.0
82.52004060000013	65.0	100.0
82.53848070000004	65.0	100.0
82.55832559999999	65.0	100.0
82.5782243000001	65.0	100.0
82.59838660000014	65.0	100.0
82.61749940000004	65.0	100.0
82.63894550000009	65.0	100.0
82.66143940000006	65.0	100.0
82.67818020000004	65.0	100.0
82.69768350000004	65.0	100.0
82.72275200000013	65.0	100.0
82.73875659999999	65.0	100.0
82.7586738	65.0	100.0
82.77860850000002	65.0	100.0
82.79888819999996	65.0	100.0
82.82394360000012	65.0	100.0
82.8385389	65.0	100.0
82.85859860000005	65.0	100.0
82.87587610000014	65.0	100.0
82.89757180000015	65.0	100.0
82.91591850000009	65.0	100.0
82.93477270000017	65.0	100.0
82.96177580000017	65.0	100.0
82.98178930000017	65.0	100.0
82.99793720000002	65.0	100.0
83.02134920000003	65.0	100.0
83.03783199999998	65.0	100.0
83.05948250000006	65.0	100.0
83.0807178	65.0	100.0
83.09905120000008	65.0	100.0
83.11952610000003	65.0	100.0
83.14123860000018	65.0	100.0
83.15945020000004	65.0	100.0
83.17837220000001	65.0	100.0
83.19999510000002	65.0	100.0
83.21910509999998	64.0	100.0
83.24308960000008	64.0	100.0
83.25945120000006	64.0	100.0
83.27953600000001	64.0	100.0
83.30173530000002	64.0	100.0
83.31873270000006	64.0	100.0
83.3387229	64.0	100.0
83.36372610000012	64.0	100.0
83.37971690000018	64.0	100.0
83.39936650000004	64.0	100.0
83.41894360000015	64.0	100.0
83.44368180000015	64.0	100.0
83.46185680000008	64.0	100.0
83.47935370000005	64.0	100.0
83.49898200000007	64.0	100.0
83.51886980000018	64.0	100.0
83.5391380000001	64.0	100.0
83.55983290000017	64.0	100.0
83.57827459999999	64.0	100.0
83.59970710000016	64.0	100.0
83.62210649999997	64.0	100.0
83.63946420000002	64.0	100.0
83.65957990000015	64.0	100.0
83.67997020000007	64.0	100.0
83.69946600000003	64.0	100.0
83.71935140000005	64.0	100.0
83.73946680000017	64.0	100.0
83.76438559999997	64.0	100.0
83.77903690000016	64.0	100.0
83.7978435	64.0	100.0
83.81878920000008	64.0	100.0
83.84048910000001	64.0	100.0
83.86321620000012	64.0	100.0
83.87916330000007	64.0	100.0
83.89996470000006	64.0	100.0
83.92170380000016	64.0	100.0
83.94283250000012	64.0	100.0
83.96356300000002	64.0	100.0
83.97965040000008	64.0	100.0
83.99854560000017	64.0	100.0
84.01968350000016	64.0	100.0
84.03994560000001	64.0	100.0
84.06007050000017	64.0	100.0
84.08043459999999	64.0	100.0
84.10172239999997	64.0	100.0
84.12011810000013	64.0	100.0
84.1404837	64.0	100.0
84.16127270000015	64.0	100.0
84.18005430000017	64.0	100.0
84.20140660000015	64.0	100.0
84.22043389999999	62.0	100.0
84.24014850000003	62.0	100.0
84.26300250000008	62.0	100.0
84.28357040000014	62.0	100.0
84.30021890000012	62.0	100.0
84.32010450000007	62.0	100.0
84.34010130000001	62.0	100.0
84.36022180000009	62.0	100.0
84.37893510000004	62.0	100.0
84.40120210000009	62.0	100.0
84.42175950000001	62.0	100.0
84.4401276000001	62.0	100.0
84.46023439999999	62.0	100.0
84.48359300000016	62.0	100.0
84.50005480000004	62.0	100.0
84.52030500000001	62.0	100.0
84.53971139999999	62.0	100.0
84.56044399999996	62.0	100.0
84.58561789999999	62.0	100.0
84.60001230000012	62.0	100.0
84.61987629999999	62.0	100.0
84.63998179999999	62.0	100.0
84.66023659999996	62.0	100.0
84.67870500000004	62.0	100.0
84.69979050000006	62.0	100.0
84.72043729999996	62.0	100.0
84.7413031000001	62.0	100.0
84.76219460000016	62.0	100.0
84.77968050000004	62.0	100.0
84.80022090000011	62.0	100.0
84.82044800000017	62.0	100.0
84.83994789999997	62.0	100.0
84.85992910000004	62.0	100.0
84.88082550000013	62.0	100.0
84.90560270000014	62.0	100.0
84.91989970000009	62.0	100.0
84.94041530000004	62.0	100.0
84.96042669999997	62.0	100.0
84.98000390000016	62.0	100.0
85.00001590000011	62.0	100.0
85.02036629999998	62.0	100.0
85.04074460000015	62.0	100.0
85.06228380000016	62.0	100.0
85.07991890000017	62.0	100.0
85.10085530000015	62.0	100.0
85.12009120000016	62.0	100.0
85.13995810000006	62.0	100.0
85.16038350000008	62.0	100.0
85.18009870000014	62.0	100.0
85.20307780000007	62.0	100.0
85.22313010000016	64.0	100.0
85.24192500000004	64.0	100.0
85.26105710000002	64.0	100.0
85.28025249999996	64.0	100.0
85.30046310000012	64.0	100.0
85.32313940000017	64.0	100.0
85.34295169999996	64.0	100.0
85.3620969000001	64.0	100.0
85.38278890000015	64.0	100.0
85.40107269999999	64.0	100.0
85.42464390000009	64.0	100.0
85.44012150000003	64.0	100.0
85.4612975	64.0	100.0
85.48132299999997	64.0	100.0
85.50071240000011	64.0	100.0
85.52648180000006	64.0	100.0
85.54331040000011	64.0	100.0
85.56116640000005	64.0	100.0
85.58125130000008	64.0	100.0
85.60115560000008	64.0	100.0
85.62013380000008	64.0	100.0
85.64047310000001	64.0	100.0
85.66073030000007	64.0	100.0
85.68367460000013	64.0	100.0
85.70170250000001	64.0	100.0
85.72119250000014	64.0	100.0
85.74074380000002	64.0	100.0
85.76071030000003	64.0	100.0
85.78087619999997	64.0	100.0
85.80040910000002	64.0	100.0
85.82032550000008	64.0	100.0
85.8418299	64.0	100.0
85.86347620000015	64.0	100.0
85.88154180000015	64.0	100.0
85.9009873	64.0	100.0
85.92176530000006	64.0	100.0
85.94176760000005	64.0	100.0
85.96130170000015	64.0	100.0
85.98088000000007	64.0	100.0
86.00139869999998	64.0	100.0
86.02277120000008	64.0	100.0
86.04038300000002	64.0	100.0
86.06159320000006	64.0	100.0
86.08139589999996	64.0	100.0
86.10116000000016	64.0	100.0
86.12013709999997	64.0	100.0
86.14236090000009	64.0	100.0
86.16161690000013	64.0	100.0
86.18375680000008	64.0	100.0
86.20200280000017	64.0	100.0
86.21906360000003	63.0	100.0
86.24113920000013	63.0	100.0
86.2614873	63.0	100.0
86.28045650000013	63.0	100.0
86.30179390000012	63.0	100.0
86.32209250000005	63.0	100.0
86.34257750000006	63.0	100.0
86.36188260000017	63.0	100.0
86.38142100000005	63.0	100.0
86.40254670000013	63.0	100.0
86.4223641000001	63.0	100.0
86.44250499999998	63.0	100.0
86.46138780000001	63.0	100.0
86.48211820000006	63.0	100.0
86.50372390000007	63.0	100.0
86.5215048	63.0	100.0
86.541111	63.0	100.0
86.56553480000002	63.0	100.0
86.58210350000013	63.0	100.0
86.60169029999997	63.0	100.0
86.62190800000008	63.0	100.0
86.64223830000014	63.0	100.0
86.6670908000001	63.0	100.0
86.6825639000001	63.0	100.0
86.70127670000011	63.0	100.0
86.72117109999999	63.0	100.0
86.74063420000016	63.0	100.0
86.76234799999997	63.0	100.0
86.78176099999996	63.0	100.0
86.80287250000015	63.0	100.0
86.8243817	63.0	100.0
86.84212120000007	63.0	100.0
86.86210819999997	63.0	100.0
86.88202950000004	63.0	100.0
86.90176340000016	63.0	100.0
86.92166950000001	63.0	100.0
86.94196510000006	63.0	100.0
86.96239119999996	63.0	100.0
86.98628890000009	63.0	100.0
87.00138760000004	63.0	100.0
87.02069370000004	63.0	100.0
87.04156869999997	63.0	100.0
87.06180549999999	63.0	100.0
87.08589189999998	63.0	100.0
87.10195010000007	63.0	100.0
87.12271750000014	63.0	100.0
87.14352410000015	63.0	100.0
87.16254160000017	63.0	100.0
87.18200660000002	63.0	100.0
87.20289850000017	63.0	100.0
87.22262620000015	63.0	100.0
87.24200380000002	63.0	100.0
87.26229850000004	63.0	100.0
87.28260580000006	63.0	100.0
87.3028792	63.0	100.0
87.32241810000005	63.0	100.0
87.34252570000012	63.0	100.0
87.3664447000001	63.0	100.0
87.38197790000004	63.0	100.0
87.40592160000006	63.0	100.0
87.42447700000002	63.0	100.0
87.44237659999999	63.0	100.0
87.46402380000018	63.0	100.0
87.48216040000011	63.0	100.0
87.50210680000009	63.0	100.0
87.52245190000008	63.0	100.0
87.54209779999996	63.0	100.0
87.56246400000009	63.0	100.0
87.58186750000004	63.0	100.0
87.60635920000004	63.0	100.0
87.62401590000013	63.0	100.0
87.6425898	63.0	100.0
87.6622741000001	63.0	100.0
87.68234600000005	63.0	100.0
87.70606450000014	63.0	100.0
87.72266620000005	63.0	100.0
87.74254050000013	63.0	100.0
87.76312000000007	63.0	100.0
87.78509430000008	63.0	100.0
87.8024762	63.0	100.0
87.82243570000014	63.0	100.0
87.84181980000017	63.0	100.0
87.8623897	63.0	100.0
87.88252000000011	63.0	100.0
87.90217440000015	63.0	100.0
87.92249850000007	63.0	100.0
87.94452430000001	63.0	100.0
87.96396730000015	63.0	100.0
87.98247420000007	63.0	100.0
88.00241100000017	63.0	100.0
88.02217530000007	63.0	100.0
88.04250040000011	63.0	100.0
88.06218030000014	63.0	100.0
88.0824407	63.0	100.0
88.10402040000008	63.0	100.0
88.1260526000001	63.0	100.0
88.14206830000012	63.0	100.0
88.1624498000001	63.0	100.0
88.1822032	63.0	100.0
88.20258000000013	63.0	100.0
88.22251370000004	65.0	100.0
88.24404840000011	65.0	100.0
88.26444740000011	65.0	100.0
88.28250060000005	65.0	100.0
88.30214840000008	65.0	100.0
88.32222530000013	65.0	100.0
88.34244320000016	65.0	100.0
88.36259740000014	65.0	100.0
88.3815075	65.0	100.0
88.4027787	65.0	100.0
88.42560240000012	65.0	100.0
88.44245190000015	65.0	100.0
88.46176149999997	65.0	100.0
88.48160570000005	65.0	100.0
88.50168320000012	65.0	100.0
88.52437170000007	65.0	100.0
88.5420772	65.0	100.0
88.56393400000002	65.0	100.0
88.58444520000012	65.0	100.0
88.60298890000013	65.0	100.0
88.6216101	65.0	100.0
88.64624300000014	65.0	100.0
88.66296880000004	65.0	100.0
88.6824868000001	65.0	100.0
88.7023792	65.0	100.0
88.72296000000006	65.0	100.0
88.74870650000003	65.0	100.0
88.76265540000009	65.0	100.0
88.7817215	65.0	100.0
88.80266040000015	65.0	100.0
88.82206450000012	65.0	100.0
88.84218190000001	65.0	100.0
88.86255890000007	65.0	100.0
88.88286719999996	65.0	100.0
88.90405910000004	65.0	100.0
88.92220530000009	65.0	100.0
88.94223929999998	65.0	100.0
88.9627875000001	65.0	100.0
88.98429480000004	65.0	100.0
89.00190750000002	65.0	100.0
89.02160860000004	65.0	100.0
89.04262029999995	65.0	100.0
89.06910560000006	65.0	100.0
89.08223340000018	65.0	100.0
89.10186290000001	65.0	100.0
89.12228830000004	65.0	100.0
89.14277379999999	65.0	100.0
89.16706820000013	65.0	100.0
89.18261890000008	65.0	100.0
89.20548440000016	65.0	100.0
89.22528260000013	67.0	100.0
89.24400420000006	67.0	100.0
89.26975760000005	67.0	100.0
89.28376420000018	67.0	100.0
89.30273899999997	67.0	100.0
89.32326720000015	67.0	100.0
89.34285080000018	67.0	100.0
89.36382290000006	67.0	100.0
89.38599569999997	67.0	100.0
89.4029379000001	67.0	100.0
89.42282900000009	67.0	100.0
89.44297340000003	67.0	100.0
89.46292330000006	67.0	100.0
89.48299670000006	67.0	100.0
89.50281259999997	67.0	100.0
89.52406170000017	67.0	100.0
89.5443560000001	67.0	100.0
89.56377570000018	67.0	100.0
89.58271600000012	67.0	100.0
89.60310470000013	67.0	100.0
89.6229115000001	67.0	100.0
89.64349860000016	67.0	100.0
89.66283490000001	67.0	100.0
89.68708349999997	67.0	100.0
89.7050177000001	67.0	100.0
89.72221370000011	67.0	100.0
89.7420833000001	67.0	100.0
89.76233320000006	67.0	100.0
89.78323410000007	67.0	100.0
89.80357360000016	67.0	100.0
89.82235200000014	67.0	100.0
89.84427750000009	67.0	100.0
89.8650411000001	67.0	100.0
89.88108209999996	67.0	100.0
89.89827370000012	67.0	100.0
89.91721470000016	67.0	100.0
89.93714120000004	67.0	100.0
89.95963559999996	67.0	100.0
89.98049609999998	67.0	100.0
90.00133100000016	67.0	100.0
90.02498790000004	67.0	100.0
90.04207270000006	67.0	100.0
90.06229320000011	67.0	100.0
90.08398110000007	67.0	100.0
90.10423170000013	67.0	100.0
90.12310460000003	67.0	100.0
90.14357560000008	67.0	100.0
90.16500440000004	67.0	100.0
90.18565850000005	67.0	100.0
90.2036227000001	67.0	100.0
90.22413389999997	69.0	100.0
90.24390160000007	69.0	100.0
90.26373880000006	69.0	100.0
90.28451200000018	69.0	100.0
90.30732460000013	69.0	100.0
90.3238616000001	69.0	100.0
90.3466727	69.0	100.0
90.3632090000001	69.0	100.0
90.38348459999997	69.0	100.0
90.40600740000014	69.0	100.0
90.42330190000007	69.0	100.0
90.44411910000008	69.0	100.0
90.46401130000004	69.0	100.0
90.48409330000004	69.0	100.0
90.5064989	69.0	100.0
90.52421219999997	69.0	100.0
90.5425295	69.0	100.0
90.56337030000009	69.0	100.0
90.5838576000001	69.0	100.0
90.60365180000008	69.0	100.0
90.62354479999999	69.0	100.0
90.64479419999998	69.0	100.0
90.66605770000001	69.0	100.0
90.6824865000001	69.0	100.0
90.70334070000013	69.0	100.0
90.72371270000008	69.0	100.0
90.74313720000009	69.0	100.0
90.76400160000003	69.0	100.0
90.78312960000017	69.0	100.0
90.80476790000012	69.0	100.0
90.82897170000001	69.0	100.0
90.84376710000015	69.0	100.0
90.8638453000001	69.0	100.0
90.8838687	69.0	100.0
90.90311399999996	69.0	100.0
90.92396180000014	69.0	100.0
90.94360010000014	69.0	100.0
90.96497980000004	69.0	100.0
90.98601929999995	69.0	100.0
91.00496850000013	69.0	100.0
91.02426060000016	69.0	100.0
91.04359610000006	69.0	100.0
91.0635572000001	69.0	100.0
91.08233289999998	69.0	100.0
91.10417770000004	69.0	100.0
91.12476700000002	69.0	100.0
91.14551419999998	69.0	100.0
91.16420740000012	69.0	100.0
91.18388700000014	69.0	100.0
91.2037894	69.0	100.0
91.2243598	70.0	100.0
91.24814609999999	70.0	100.0
91.26491170000008	70.0	100.0
91.28543490000015	70.0	100.0
91.30676660000017	70.0	100.0
91.32528030000003	70.0	100.0
91.34702820000007	70.0	100.0
91.36570760000018	70.0	100.0
91.3841225000001	70.0	100.0
91.40510900000004	70.0	100.0
91.42508480000015	70.0	100.0
91.44498599999997	70.0	100.0
91.46639700000014	70.0	100.0
91.48405879999996	70.0	100.0
91.50390360000006	70.0	100.0
91.52643520000015	70.0	100.0
91.54411640000012	70.0	100.0
91.56540740000014	70.0	100.0
91.58430210000006	70.0	100.0
91.60568660000013	70.0	100.0
91.62658020000003	70.0	100.0
91.64456740000014	70.0	100.0
91.66456840000001	70.0	100.0
91.68419410000001	70.0	100.0
91.7040042000001	70.0	100.0
91.7254170000001	70.0	100.0
91.7442989000001	70.0	100.0
91.76630120000004	70.0	100.0
91.78671159999999	70.0	100.0
91.80546140000001	70.0	100.0
91.82473520000008	70.0	100.0
91.84537550000005	70.0	100.0
91.8688333	70.0	100.0
91.88513160000002	70.0	100.0
91.9055327000001	70.0	100.0
91.92596100000014	70.0	100.0
91.94705680000015	70.0	100.0
91.96597270000007	70.0	100.0
91.98510250000004	70.0	100.0
92.00381070000003	70.0	100.0
92.02614340000014	70.0	100.0
92.04328020000003	70.0	100.0
92.06500830000004	70.0	100.0
92.08597090000012	70.0	100.0
92.10585620000006	70.0	100.0
92.12452640000015	70.0	100.0
92.14601160000007	70.0	100.0
92.16568110000003	70.0	100.0
92.18522789999997	70.0	100.0
92.20592880000004	70.0	100.0
92.22584129999996	70.0	100.0
92.24752699999999	70.0	100.0
92.26821500000005	70.0	100.0
92.28752350000013	70.0	100.0
92.30607780000014	70.0	100.0
92.32640160000005	70.0	100.0
92.34419939999998	70.0	100.0
92.36630430000014	70.0	100.0
92.38879900000006	70.0	100.0
92.4058771	70.0	100.0
92.42761080000014	70.0	100.0
92.44672979999996	70.0	100.0
92.46503819999998	70.0	100.0
92.48580609999999	70.0	100.0
92.50632180000002	70.0	100.0
92.52572299999997	70.0	100.0
92.54561860000013	70.0	100.0
92.56653720000008	70.0	100.0
92.58883340000011	70.0	100.0
92.60579440000015	70.0	100.0
92.62618910000015	70.0	100.0
92.64686310000002	70.0	100.0
92.6660730000001	70.0	100.0
92.68635730000005	70.0	100.0
92.70635000000016	70.0	100.0
92.72638370000004	70.0	100.0
92.74923209999997	70.0	100.0
92.76570600000014	70.0	100.0
92.78597050000008	70.0	100.0
92.80608830000006	70.0	100.0
92.82582530000013	70.0	100.0
92.84622750000017	70.0	100.0
92.86676899999998	70.0	100.0
92.88636410000004	70.0	100.0
92.91181219999999	70.0	100.0
92.9261418000001	70.0	100.0
92.94689660000017	70.0	100.0
92.96662880000008	70.0	100.0
92.98575789999995	70.0	100.0
93.00700240000015	70.0	100.0
93.02661250000006	70.0	100.0
93.04662830000007	70.0	100.0
93.06836750000002	70.0	100.0
93.08648820000008	70.0	100.0
93.10616070000015	70.0	100.0
93.13036550000015	70.0	100.0
93.14633900000013	70.0	100.0
93.16716330000008	70.0	100.0
93.18631879999998	70.0	100.0
93.20818640000016	70.0	100.0
93.23001090000002	69.0	100.0
93.24697820000006	69.0	100.0
93.26650820000009	69.0	100.0
93.28659210000001	69.0	100.0
93.30670099999998	69.0	100.0
93.33120090000011	69.0	100.0
93.34642640000015	69.0	100.0
93.36645240000007	69.0	100.0
93.38791050000009	69.0	100.0
93.40610420000007	69.0	100.0
93.42953110000008	69.0	100.0
93.44613400000003	69.0	100.0
93.46658360000015	69.0	100.0
93.48675879999996	69.0	100.0
93.50683249999997	69.0	100.0
93.52810290000002	69.0	100.0
93.54959389999999	69.0	100.0
93.56846510000014	69.0	100.0
93.58752890000005	69.0	100.0
93.60682350000002	69.0	100.0
93.62661750000007	69.0	100.0
93.64763540000013	69.0	100.0
93.66725130000009	69.0	100.0
93.68788990000007	69.0	100.0
93.70965550000005	69.0	100.0
93.72649700000011	69.0	100.0
93.7468844	69.0	100.0
93.76787579999996	69.0	100.0
93.78687940000009	69.0	100.0
93.80805690000011	69.0	100.0
93.8268743000001	69.0	100.0
93.84816790000013	69.0	100.0
93.87054970000008	69.0	100.0
93.88793039999996	69.0	100.0
93.90755760000002	69.0	100.0
93.92776440000011	69.0	100.0
93.9515073	69.0	100.0
93.96815260000017	69.0	100.0
93.98662850000005	69.0	100.0
94.00935950000007	69.0	100.0
94.02836980000006	69.0	100.0
94.05200000000013	69.0	100.0
94.06812660000014	69.0	100.0
94.08814150000012	69.0	100.0
94.10762690000001	69.0	100.0
94.12808760000007	69.0	100.0
94.14775170000007	69.0	100.0
94.16799190000006	69.0	100.0
94.18968319999999	69.0	100.0
94.20893020000017	69.0	100.0
94.22806650000007	68.0	100.0
94.24791619999996	68.0	100.0
94.26807860000008	68.0	100.0
94.28881430000001	68.0	100.0
94.30809450000015	68.0	100.0
94.32868380000014	68.0	100.0
94.35043610000002	68.0	100.0
94.3721187000001	68.0	100.0
94.38845490000017	68.0	100.0
94.40815900000007	68.0	100.0
94.42812440000012	68.0	100.0
94.47352769999998	68.0	100.0
94.47354700000005	68.0	100.0
94.49083280000013	68.0	100.0
94.61365120000005	68.0	100.0
94.61367630000018	68.0	100.0
94.61368800000014	68.0	100.0
94.613699	68.0	100.0
94.61371040000017	68.0	100.0
94.61373500000013	68.0	100.0
94.62830220000001	68.0	100.0
94.64970670000002	68.0	100.0
94.67044469999996	68.0	100.0
94.68849810000006	68.0	100.0
94.70827380000014	68.0	100.0
94.72847730000012	68.0	100.0
94.78025249999996	68.0	100.0
94.78027169999996	68.0	100.0
94.79012650000004	68.0	100.0
94.92121100000008	68.0	100.0
94.92124580000018	68.0	100.0
94.92126989999997	68.0	100.0
94.92128700000012	68.0	100.0
94.92130799999995	68.0	100.0
94.92133100000001	68.0	100.0
94.92363410000007	68.0	100.0
94.94828800000005	68.0	100.0
94.97008170000004	68.0	100.0
94.99490119999996	68.0	100.0
95.05140330000017	68.0	100.0
95.05142309999997	68.0	100.0
95.05143139999996	68.0	100.0
95.0693655	68.0	100.0
95.09334170000011	68.0	100.0
95.1084409	68.0	100.0
95.14643550000005	68.0	100.0
95.15149880000013	68.0	100.0
95.16962820000003	68.0	100.0
95.18941790000008	68.0	100.0
95.21030459999997	68.0	100.0
95.2470995000001	68.0	100.0
95.24967160000006	68.0	100.0
95.26957990000005	68.0	100.0
95.28974170000015	68.0	100.0
95.31035659999998	68.0	100.0
95.35020200000008	68.0	100.0
95.35022000000004	68.0	100.0
95.36951560000011	68.0	100.0
95.38937329999999	68.0	100.0
95.41203470000005	68.0	100.0
95.45151940000005	68.0	100.0
95.45155360000012	68.0	100.0
95.47173510000016	68.0	100.0
95.48992080000016	68.0	100.0
95.51448340000002	68.0	100.0
95.55706010000017	68.0	100.0
95.55708170000003	68.0	100.0
95.56968580000012	68.0	100.0
95.58915640000009	68.0	100.0
95.61353910000003	68.0	100.0
95.65703819999999	68.0	100.0
95.65705580000008	68.0	100.0
95.66899050000006	68.0	100.0
95.68968990000008	68.0	100.0
95.71001180000007	68.0	100.0
95.7382725	68.0	100.0
95.74989410000012	68.0	100.0
95.77026850000016	68.0	100.0
95.79018610000003	68.0	100.0
95.8093659000001	68.0	100.0
95.82965379999996	68.0	100.0
96.01025760000016	68.0	100.0
96.01029210000002	68.0	100.0
96.01030930000002	68.0	100.0
96.01032529999998	68.0	100.0
96.01034189999996	68.0	100.0
96.01036270000009	68.0	100.0
96.01038070000004	68.0	100.0
96.01039630000014	68.0	100.0
96.0104123000001	68.0	100.0
96.02811250000013	68.0	100.0
96.21687029999998	68.0	100.0
96.21690600000011	68.0	100.0
96.21692340000004	68.0	100.0
96.2169401000001	68.0	100.0
96.21695650000015	68.0	100.0
96.2169722000001	68.0	100.0
96.2169894000001	68.0	100.0
96.21700800000008	68.0	100.0
96.21705240000006	68.0	100.0
96.23446830000012	68.0	100.0
96.2522722000001	68.0	100.0
96.27235199999996	68.0	100.0
96.32060820000015	68.0	100.0
96.32062910000013	68.0	100.0
96.33050810000009	68.0	100.0
96.45614330000012	68.0	100.0
96.45616210000003	68.0	100.0
96.4561705000001	68.0	100.0
96.45617830000015	68.0	100.0
96.45618710000008	68.0	100.0
96.45620680000002	68.0	100.0
96.47075870000003	68.0	100.0
96.4906618	68.0	100.0
96.51065050000011	68.0	100.0
96.53098399999999	68.0	100.0
96.58195650000016	68.0	100.0
96.58197570000016	68.0	100.0
96.59323300000005	68.0	100.0
96.61067980000007	68.0	100.0
96.63020619999998	68.0	100.0
96.68502060000014	68.0	100.0
96.68503880000003	68.0	100.0
96.69069350000018	68.0	100.0
96.71025640000016	68.0	100.0
96.7308230000001	68.0	100.0
96.77553669999998	68.0	100.0
96.77555559999996	68.0	100.0
96.79053450000015	68.0	100.0
96.80976069999997	68.0	100.0
96.82950630000005	68.0	100.0
96.84982030000015	68.0	100.0
96.87000179999995	68.0	100.0
96.93129920000001	68.0	100.0
96.93131820000008	68.0	100.0
96.93132609999998	68.0	100.0
96.95007090000013	68.0	100.0
97.07157660000007	68.0	100.0
97.07159630000001	68.0	100.0
97.07160620000013	68.0	100.0
97.07161550000001	68.0	100.0
97.07162830000016	68.0	100.0
97.0769706000001	68.0	100.0
97.09108820000006	68.0	100.0
97.11037450000003	68.0	100.0
97.13043460000017	68.0	100.0
97.15282590000015	68.0	100.0
97.17495770000005	68.0	100.0
97.19147770000018	68.0	100.0
97.24225210000009	68.0	100.0
97.2422716000001	68.0	100.0
97.25212850000003	68.0	100.0
97.37730940000006	68.0	100.0
97.37732700000015	68.0	100.0
97.37733520000006	68.0	100.0
97.37734280000018	68.0	100.0
97.37779150000006	68.0	100.0
97.3778069	68.0	100.0
97.3937985	68.0	100.0
97.4104178	68.0	100.0
97.43038250000018	68.0	100.0
97.45083280000017	68.0	100.0
97.47067270000002	68.0	100.0
97.49153220000017	68.0	100.0
97.54489530000001	68.0	100.0
97.54491400000006	68.0	100.0
97.5530255000001	68.0	100.0
97.57036979999998	68.0	100.0
97.68412220000005	68.0	100.0
97.68461360000015	68.0	100.0
97.68462870000008	68.0	100.0
97.68463700000007	68.0	100.0
97.68464430000017	68.0	100.0
97.69503490000011	68.0	100.0
97.71381610000003	68.0	100.0
97.73112170000013	68.0	100.0
97.750675	68.0	100.0
97.77150270000016	68.0	100.0
97.81492810000009	68.0	100.0
97.81496130000005	68.0	100.0
97.83208239999999	68.0	100.0
97.85634419999997	68.0	100.0
97.87339889999998	68.0	100.0
97.91383689999998	68.0	100.0
97.91386770000008	68.0	100.0
97.93017540000005	68.0	100.0
97.9501014	68.0	100.0
97.97195480000005	68.0	100.0
97.99155689999998	68.0	100.0
98.01244580000002	68.0	100.0
98.03417730000001	68.0	100.0
98.0519385	68.0	100.0
98.07110850000004	68.0	100.0
98.08561410000016	68.0	100.0
98.11092630000007	68.0	100.0
98.13264460000005	68.0	100.0
98.14993200000004	68.0	100.0
98.1734977000001	68.0	100.0
98.19418650000011	68.0	100.0
98.21642940000015	68.0	100.0
98.23211500000002	68.0	100.0
98.25310630000013	68.0	100.0
98.27308160000007	68.0	100.0
98.29239810000013	68.0	100.0
98.31487620000007	68.0	100.0
98.33369140000013	68.0	100.0
98.35454570000002	68.0	100.0
98.37407159999998	68.0	100.0
98.39243290000013	68.0	100.0
98.41263620000018	68.0	100.0
98.43229080000015	68.0	100.0
98.45343610000009	68.0	100.0
98.47400800000014	68.0	100.0
98.49402280000004	68.0	100.0
98.51468799999998	68.0	100.0
98.53321649999998	68.0	100.0
98.55212219999999	68.0	100.0
98.57327920000012	68.0	100.0
98.59238890000006	68.0	100.0
98.6136113	68.0	100.0
98.63315439999997	68.0	100.0
98.6539679	68.0	100.0
98.6755025	68.0	100.0
98.69410400000015	68.0	100.0
98.71300429999997	68.0	100.0
98.73364400000014	68.0	100.0
98.75305019999996	68.0	100.0
98.77398070000004	68.0	100.0
98.79186560000016	68.0	100.0
98.813717	68.0	100.0
98.83858060000011	68.0	100.0
98.85371570000007	68.0	100.0
98.87411700000007	68.0	100.0
98.89303259999997	68.0	100.0
98.91271700000016	68.0	100.0
98.93292470000006	68.0	100.0
98.9521549000001	68.0	100.0
98.97366880000004	68.0	100.0
98.99551930000007	68.0	100.0
99.01250909999999	68.0	100.0
99.0327334000001	68.0	100.0
99.05311380000012	68.0	100.0
99.07307179999998	68.0	100.0
99.09283520000008	68.0	100.0
99.11323430000016	68.0	100.0
99.13344359999996	68.0	100.0
99.15439890000016	68.0	100.0
99.17343290000008	68.0	100.0
99.1936118000001	68.0	100.0
99.21412269999996	68.0	100.0
99.23433320000004	69.0	100.0
99.25698720000014	69.0	100.0
99.27338929999996	69.0	100.0
99.29388100000006	69.0	100.0
99.31240709999997	69.0	100.0
99.32941260000007	69.0	100.0
99.34818770000015	69.0	100.0
99.36962310000013	69.0	100.0
99.39379090000011	69.0	100.0
99.41390260000003	69.0	100.0
99.43377290000012	69.0	100.0
99.45750569999996	69.0	100.0
99.4751639000001	69.0	100.0
99.49333380000007	69.0	100.0
99.51228340000011	69.0	100.0
99.53321100000016	69.0	100.0
99.5529974000001	69.0	100.0
99.57338619999996	69.0	100.0
99.5930456000001	69.0	100.0
99.61369920000016	69.0	100.0
99.63552360000017	69.0	100.0
99.6530914	69.0	100.0
99.67210440000008	69.0	100.0
99.69369180000012	69.0	100.0
99.71409119999998	69.0	100.0
99.73368430000005	69.0	100.0
99.75354240000001	69.0	100.0
99.77871670000013	69.0	100.0
99.79561260000014	69.0	100.0
99.81468029999996	69.0	100.0
99.83391240000014	69.0	100.0
99.85388269999999	69.0	100.0
99.87367330000006	69.0	100.0
99.89278609999997	69.0	100.0
99.91245730000014	69.0	100.0
99.93405129999996	69.0	100.0
99.9558442	69.0	100.0
99.97718499999996	69.0	100.0
99.99314720000007	69.0	100.0
100.0136814	69.0	100.0
100.03325859999995	69.0	100.0
100.05360350000001	69.0	100.0
100.07360530000005	69.0	100.0
100.09439429999998	69.0	100.0
100.11572780000006	69.0	100.0
100.13439460000018	69.0	100.0
100.15400840000007	69.0	100.0
100.17418169999996	69.0	100.0
100.19113089999996	69.0	100.0
100.21419379999998	69.0	100.0
100.23465400000009	69.0	100.0
100.25477769999998	69.0	100.0
100.27748340000016	69.0	100.0
100.29443830000014	69.0	100.0
100.31440029999999	69.0	100.0
100.33438920000003	69.0	100.0
100.35389110000006	69.0	100.0
100.37450630000012	69.0	100.0
100.39781149999999	69.0	100.0
100.41402319999997	69.0	100.0
100.43584010000018	69.0	100.0
100.45449910000002	69.0	100.0
100.474557	69.0	100.0
100.4982328000001	69.0	100.0
100.51473490000012	69.0	100.0
100.53567210000006	69.0	100.0
100.55370280000011	69.0	100.0
100.5741531000001	69.0	100.0
100.5968593	69.0	100.0
100.61378660000014	69.0	100.0
100.63383900000008	69.0	100.0
100.65380800000003	69.0	100.0
100.67393930000003	69.0	100.0
100.69391440000004	69.0	100.0
100.71353710000017	69.0	100.0
100.73366840000017	69.0	100.0
100.75641340000016	69.0	100.0
100.77503700000011	69.0	100.0
100.79488900000001	69.0	100.0
100.81864300000007	69.0	100.0
100.83436470000015	69.0	100.0
100.85443069999997	69.0	100.0
100.87446220000015	69.0	100.0
100.89540090000014	69.0	100.0
100.92124409999997	69.0	100.0
100.93438770000012	69.0	100.0
100.95401830000014	69.0	100.0
100.97456009999996	69.0	100.0
100.9937923	69.0	100.0
101.01726320000012	69.0	100.0
101.03460470000005	69.0	100.0
101.0546412000001	69.0	100.0
101.07631130000004	69.0	100.0
101.09427690000007	69.0	100.0
101.1139184000001	69.0	100.0
101.13397400000008	69.0	100.0
101.1540966	69.0	100.0
101.17412920000015	69.0	100.0
101.1939569000001	69.0	100.0
101.21661240000003	69.0	100.0
101.2381018000001	70.0	100.0
101.25449200000003	70.0	100.0
101.27506089999997	70.0	100.0
101.29417179999996	70.0	100.0
101.31357700000012	70.0	100.0
101.33950709999999	70.0	100.0
101.35472470000013	70.0	100.0
101.37557970000012	70.0	100.0
101.39766090000012	70.0	100.0
101.41560160000017	70.0	100.0
101.43886190000012	70.0	100.0
101.45955330000015	70.0	100.0
101.47610550000013	70.0	100.0
101.4946708	70.0	100.0
101.51555740000003	70.0	100.0
101.5360948	70.0	100.0
101.55744270000014	70.0	100.0
101.5767651000001	70.0	100.0
101.59549650000008	70.0	100.0
101.61584130000006	70.0	100.0
101.63588900000013	70.0	100.0
101.6598391	70.0	100.0
101.67579169999999	70.0	100.0
101.69602150000014	70.0	100.0
101.71725609999999	70.0	100.0
101.73496450000016	70.0	100.0
101.75467219999996	70.0	100.0
101.77618619999998	70.0	100.0
101.79551850000007	70.0	100.0
101.81610250000017	70.0	100.0
101.83544940000002	70.0	100.0
101.85657390000006	70.0	100.0
101.87835380000001	70.0	100.0
101.89429740000014	70.0	100.0
101.91438110000013	70.0	100.0
101.93545489999997	70.0	100.0
101.95840080000016	70.0	100.0
101.97598640000001	70.0	100.0
101.99579530000005	70.0	100.0
102.01592879999998	70.0	100.0
102.03668770000013	70.0	100.0
102.05568519999997	70.0	100.0
102.07894450000003	70.0	100.0
102.09631530000001	70.0	100.0
102.11551150000014	70.0	100.0
102.13604770000006	70.0	100.0
102.1556134	70.0	100.0
102.17732020000017	70.0	100.0
102.1978243000001	70.0	100.0
102.21648630000004	70.0	100.0
102.23709680000002	71.0	100.0
102.25617790000001	71.0	100.0
102.27612280000017	71.0	100.0
102.29601810000008	71.0	100.0
102.3161814	71.0	100.0
102.33717960000013	71.0	100.0
102.35729650000007	71.0	100.0
102.37614380000014	71.0	100.0
102.39446840000005	71.0	100.0
102.41659849999996	71.0	100.0
102.4360557	71.0	100.0
102.45625949999999	71.0	100.0
102.47800230000007	71.0	100.0
102.49663740000005	71.0	100.0
102.51798750000012	71.0	100.0
102.53605530000004	71.0	100.0
102.55501189999995	71.0	100.0
102.57781569999997	71.0	100.0
102.59611680000012	71.0	100.0
102.61629030000017	71.0	100.0
102.63596570000004	71.0	100.0
102.65713010000013	71.0	100.0
102.67916520000017	71.0	100.0
102.69697620000011	71.0	100.0
102.71628910000004	71.0	100.0
102.73617420000005	71.0	100.0
102.7560277	71.0	100.0
102.77829810000003	71.0	100.0
102.79593450000016	71.0	100.0
102.81690170000002	71.0	100.0
102.83808160000012	71.0	100.0
102.85595490000014	71.0	100.0
102.8758527	71.0	100.0
102.89660070000014	71.0	100.0
102.91591140000014	71.0	100.0
102.93604630000004	71.0	100.0
102.95649030000004	71.0	100.0
102.97700310000005	71.0	100.0
102.9973265000001	71.0	100.0
103.01696030000016	71.0	100.0
103.03763939999999	71.0	100.0
103.05731790000004	71.0	100.0
103.07740860000013	71.0	100.0
103.09994400000005	71.0	100.0
103.11603960000002	71.0	100.0
103.13745910000011	71.0	100.0
103.15888510000013	71.0	100.0
103.17740600000002	71.0	100.0
103.19729780000011	71.0	100.0
103.21837030000006	71.0	100.0
103.23732289999998	71.0	100.0
103.25764430000004	71.0	100.0
103.27751669999998	71.0	100.0
103.29800950000003	71.0	100.0
103.31905989999996	71.0	100.0
103.33694710000009	71.0	100.0
103.36005399999999	71.0	100.0
103.37847190000002	71.0	100.0
103.3986076000001	71.0	100.0
103.41722460000005	71.0	100.0
103.43720120000012	71.0	100.0
103.45763800000009	71.0	100.0
103.47950349999996	71.0	100.0
103.49835750000011	71.0	100.0
103.52082370000016	71.0	100.0
103.538769	71.0	100.0
103.55746040000008	71.0	100.0
103.57730330000004	71.0	100.0
103.59744410000008	71.0	100.0
103.62190210000017	71.0	100.0
103.63821789999997	71.0	100.0
103.65769250000017	71.0	100.0
103.67775449999999	71.0	100.0
103.69897460000016	71.0	100.0
103.71746380000013	71.0	100.0
103.73724170000014	71.0	100.0
103.75663640000016	71.0	100.0
103.77818339999999	71.0	100.0
103.80135949999999	71.0	100.0
103.81744550000008	71.0	100.0
103.83543640000016	71.0	100.0
103.85758440000018	71.0	100.0
103.87427879999996	71.0	100.0
103.89700540000013	71.0	100.0
103.9167202000001	71.0	100.0
103.93886320000001	71.0	100.0
103.95934060000013	71.0	100.0
103.97768020000012	71.0	100.0
103.99681010000018	71.0	100.0
104.0177407000001	71.0	100.0
104.0366676000001	71.0	100.0
104.05775949999997	71.0	100.0
104.07771300000013	71.0	100.0
104.09861180000007	71.0	100.0
104.12017209999999	71.0	100.0
104.1417457	71.0	100.0
104.15774190000002	71.0	100.0
104.17805750000002	71.0	100.0
104.19815760000006	71.0	100.0
104.21974769999997	71.0	100.0
104.23863370000004	71.0	100.0
104.25831890000018	71.0	100.0
104.27998330000014	71.0	100.0
104.29840720000016	71.0	100.0
104.32023140000001	71.0	100.0
104.3371846	71.0	100.0
104.35824390000016	71.0	100.0
104.37895490000005	71.0	100.0
104.3985854	71.0	100.0
104.4187872	71.0	100.0
104.44048550000002	71.0	100.0
104.45888290000016	71.0	100.0
104.4778073	71.0	100.0
104.49748280000017	71.0	100.0
104.51851959999999	71.0	100.0
104.538141	71.0	100.0
104.55837450000013	71.0	100.0
104.58000300000003	71.0	100.0
104.60082940000007	71.0	100.0
104.61875039999995	71.0	100.0
104.63865210000017	71.0	100.0
104.66261770000006	71.0	100.0
104.6784732000001	71.0	100.0
104.69782290000012	71.0	100.0
104.71829049999997	71.0	100.0
104.73849229999996	71.0	100.0
104.76578749999999	71.0	100.0
104.77889090000008	71.0	100.0
104.79893700000002	71.0	100.0
104.81939660000012	71.0	100.0
104.83846770000014	71.0	100.0
104.85843969999996	71.0	100.0
104.87970519999999	71.0	100.0
104.89964770000006	71.0	100.0
104.91993260000004	71.0	100.0
104.9392964000001	71.0	100.0
104.95856040000012	71.0	100.0
104.97951929999999	71.0	100.0
104.99973350000005	71.0	100.0
105.01939070000003	71.0	100.0
105.03881250000018	71.0	100.0
105.06025150000005	71.0	100.0
105.08577320000018	71.0	100.0
105.09956020000004	71.0	100.0
105.11937710000007	71.0	100.0
105.13943640000002	71.0	100.0
105.15934140000013	71.0	100.0
105.18350780000014	71.0	100.0
105.19873050000001	71.0	100.0
105.22044490000007	71.0	100.0
105.24256050000008	73.0	100.0
105.25969280000004	73.0	100.0
105.2824551000001	73.0	100.0
105.2998090000001	73.0	100.0
105.32046860000014	73.0	100.0
105.34422250000011	73.0	100.0
105.35914670000011	73.0	100.0
105.3814519	73.0	100.0
105.40253280000002	73.0	100.0
105.42009740000003	73.0	100.0
105.44017900000017	73.0	100.0
105.46004100000005	73.0	100.0
105.48040450000008	73.0	100.0
105.50015430000008	73.0	100.0
105.51986510000006	73.0	100.0
105.53992330000005	73.0	100.0
105.56182820000004	73.0	100.0
105.58034620000012	73.0	100.0
105.60005060000003	73.0	100.0
105.61945179999998	73.0	100.0
105.6383472	73.0	100.0
105.66010810000012	73.0	100.0
105.68087170000013	73.0	100.0
105.70309259999999	73.0	100.0
105.72232310000004	73.0	100.0
105.73892500000011	73.0	100.0
105.7605039	73.0	100.0
105.78097150000008	73.0	100.0
105.80267679999997	73.0	100.0
105.82094230000007	73.0	100.0
105.84033539999996	73.0	100.0
105.86038880000001	73.0	100.0
105.88209400000005	73.0	100.0
105.9011101000001	73.0	100.0
105.92000010000015	73.0	100.0
105.94041700000002	73.0	100.0
105.95993780000003	73.0	100.0
105.98122179999996	73.0	100.0
106.00016840000012	73.0	100.0
106.02084620000005	73.0	100.0
106.04155409999998	73.0	100.0
106.06111210000017	73.0	100.0
106.08107259999997	73.0	100.0
106.10030710000001	73.0	100.0
106.12310969999999	73.0	100.0
106.14121050000017	73.0	100.0
106.16013139999995	73.0	100.0
106.1818475	73.0	100.0
106.20206110000004	73.0	100.0
106.22513279999998	73.0	100.0
106.24087290000011	73.0	100.0
106.26156040000001	73.0	100.0
106.28153730000008	73.0	100.0
106.30104610000012	73.0	100.0
106.32382610000013	73.0	100.0
106.3411853	73.0	100.0
106.36393650000014	73.0	100.0
106.38215020000007	73.0	100.0
106.40127200000006	73.0	100.0
106.42218040000012	73.0	100.0
106.44243930000016	73.0	100.0
106.4621631	73.0	100.0
106.48181850000014	73.0	100.0
106.50226510000016	73.0	100.0
106.52256820000002	73.0	100.0
106.54191950000018	73.0	100.0
106.56037839999999	73.0	100.0
106.58202140000003	73.0	100.0
106.60130509999999	73.0	100.0
106.62132670000005	73.0	100.0
106.64122270000007	73.0	100.0
106.6666818000001	73.0	100.0
106.68247900000006	73.0	100.0
106.70032560000004	73.0	100.0
106.72069540000007	73.0	100.0
106.74055580000004	73.0	100.0
106.76131310000005	73.0	100.0
106.78166800000008	73.0	100.0
106.80183490000013	73.0	100.0
106.82168290000004	73.0	100.0
106.84678389999999	73.0	100.0
106.8621098000001	73.0	100.0
106.88147290000006	73.0	100.0
106.90180060000012	73.0	100.0
106.92172890000006	73.0	100.0
106.94135720000008	73.0	100.0
106.9615444000001	73.0	100.0
106.9826478	73.0	100.0
107.00412180000012	73.0	100.0
107.02178070000014	73.0	100.0
107.04215650000015	73.0	100.0
107.06143960000009	73.0	100.0
107.08175490000008	73.0	100.0
107.10155220000001	73.0	100.0
107.12170140000012	73.0	100.0
107.14202490000002	73.0	100.0
107.16744000000017	73.0	100.0
107.18267650000007	73.0	100.0
107.20220930000005	73.0	100.0
107.2164924000001	73.0	100.0
107.23372840000002	73.0	100.0
107.25415360000011	73.0	100.0
107.27443420000009	73.0	100.0
107.29488170000013	73.0	100.0
107.31663730000014	73.0	100.0
107.34218610000016	73.0	100.0
107.3615440000001	73.0	100.0
107.38212850000014	73.0	100.0
107.40234729999997	73.0	100.0
107.42225120000012	73.0	100.0
107.44208509999999	73.0	100.0
107.46291850000011	73.0	100.0
107.48426459999996	73.0	100.0
107.5026448000001	73.0	100.0
107.5223453000001	73.0	100.0
107.54131840000014	73.0	100.0
107.56219740000006	73.0	100.0
107.58217390000004	73.0	100.0
107.60251319999998	73.0	100.0
107.6226822000001	73.0	100.0
107.6457746000001	73.0	100.0
107.66268480000008	73.0	100.0
107.68232050000006	73.0	100.0
107.70239149999998	73.0	100.0
107.72231310000006	73.0	100.0
107.74219440000002	73.0	100.0
107.76215249999996	73.0	100.0
107.78392000000008	73.0	100.0
107.80264510000006	73.0	100.0
107.82059660000004	73.0	100.0
107.8396110000001	73.0	100.0
107.85950170000001	73.0	100.0
107.88351130000001	73.0	100.0
107.90427350000004	73.0	100.0
107.92235990000017	73.0	100.0
107.94326850000016	73.0	100.0
107.96564130000002	73.0	100.0
107.98714680000012	73.0	100.0
108.00267710000003	73.0	100.0
108.02211869999996	73.0	100.0
108.04167350000012	73.0	100.0
108.06286350000005	73.0	100.0
108.08196610000005	73.0	100.0
108.10345989999996	73.0	100.0
108.12392410000007	73.0	100.0
108.14242540000009	73.0	100.0
108.16203440000004	73.0	100.0
108.18343790000017	73.0	100.0
108.20682550000015	73.0	100.0
108.22375740000007	73.0	100.0
108.24306070000011	76.0	100.0
108.26314300000013	76.0	100.0
108.285754	76.0	100.0
108.30278410000005	76.0	100.0
108.32256430000007	76.0	100.0
108.3427835	76.0	100.0
108.3625793000001	76.0	100.0
108.3820733	76.0	100.0
108.40604010000015	76.0	100.0
108.42363350000005	76.0	100.0
108.44463380000002	76.0	100.0
108.46236560000011	76.0	100.0
108.48214140000005	76.0	100.0
108.50219020000009	76.0	100.0
108.52216420000013	76.0	100.0
108.54248310000003	76.0	100.0
108.56234259999997	76.0	100.0
108.58394010000006	76.0	100.0
108.60591680000016	76.0	100.0
108.62307069999997	76.0	100.0
108.64254380000011	76.0	100.0
108.6628581	76.0	100.0
108.68321579999997	76.0	100.0
108.70339080000008	76.0	100.0
108.72357039999997	76.0	100.0
108.7427454000001	76.0	100.0
108.76502340000002	76.0	100.0
108.78382480000005	76.0	100.0
108.80320440000014	76.0	100.0
108.82720730000005	76.0	100.0
108.84346060000007	76.0	100.0
108.86365050000018	76.0	100.0
108.88305680000008	76.0	100.0
108.90368750000016	76.0	100.0
108.92554500000006	76.0	100.0
108.94272300000011	76.0	100.0
108.96289990000014	76.0	100.0
108.98415620000014	76.0	100.0
109.00258959999996	76.0	100.0
109.02793270000006	76.0	100.0
109.04382570000007	76.0	100.0
109.06360480000012	76.0	100.0
109.08601980000003	76.0	100.0
109.10394310000015	76.0	100.0
109.12372600000003	76.0	100.0
109.14410500000008	76.0	100.0
109.16398600000002	76.0	100.0
109.1840843	76.0	100.0
109.20394329999999	76.0	100.0
109.22505010000009	76.0	100.0
109.24579259999996	77.0	100.0
109.26261280000017	77.0	100.0
109.28396150000003	77.0	100.0
109.30364310000004	77.0	100.0
109.32384360000015	77.0	100.0
109.34681390000014	77.0	100.0
109.36404400000015	77.0	100.0
109.38554969999996	77.0	100.0
109.40520460000016	77.0	100.0
109.42367179999997	77.0	100.0
109.44747660000007	77.0	100.0
109.46417300000007	77.0	100.0
109.48398840000004	77.0	100.0
109.50398910000013	77.0	100.0
109.52397350000001	77.0	100.0
109.55014890000007	77.0	100.0
109.56629070000008	77.0	100.0
109.58418440000014	77.0	100.0
109.60399030000008	77.0	100.0
109.62410769999997	77.0	100.0
109.64509420000013	77.0	100.0
109.66370419999998	77.0	100.0
109.68417040000008	77.0	100.0
109.70413770000005	77.0	100.0
109.72532850000016	77.0	100.0
109.7447244	77.0	100.0
109.76348030000008	77.0	100.0
109.7842392	77.0	100.0
109.80411500000014	77.0	100.0
109.82391959999995	77.0	100.0
109.84360340000012	77.0	100.0
109.86483750000002	77.0	100.0
109.88588300000015	77.0	100.0
109.90399690000004	77.0	100.0
109.92390309999996	77.0	100.0
109.94384890000015	77.0	100.0
109.9677044	77.0	100.0
109.98440270000015	77.0	100.0
110.00254340000015	77.0	100.0
110.02486120000003	77.0	100.0
110.04630480000014	77.0	100.0
110.06436640000015	77.0	100.0
110.0842755000001	77.0	100.0
110.10458200000016	77.0	100.0
110.12340240000003	77.0	100.0
110.14403779999998	77.0	100.0
110.16481650000014	77.0	100.0
110.1849757	77.0	100.0
110.20578410000007	77.0	100.0
110.22586709999996	77.0	100.0
110.24472230000015	78.0	100.0
110.2642664	78.0	100.0
110.28478530000007	78.0	100.0
110.30422999999996	78.0	100.0
110.32430690000001	78.0	100.0
110.34503300000006	78.0	100.0
110.36971140000014	78.0	100.0
110.3851866	78.0	100.0
110.40474540000014	78.0	100.0
110.42469140000003	78.0	100.0
110.44532049999998	78.0	100.0
110.46485970000003	78.0	100.0
110.48879660000011	78.0	100.0
110.50515919999998	78.0	100.0
110.52630940000017	78.0	100.0
110.54506030000016	78.0	100.0
110.56663309999999	78.0	100.0
110.58882119999998	78.0	100.0
110.60469650000005	78.0	100.0
110.6247714000001	78.0	100.0
110.6455555	78.0	100.0
110.66629650000004	78.0	100.0
110.68807290000018	78.0	100.0
110.70510080000008	78.0	100.0
110.72668040000008	78.0	100.0
110.7451016	78.0	100.0
110.76556479999999	78.0	100.0
110.78563630000008	78.0	100.0
110.8058754000001	78.0	100.0
110.82611070000007	78.0	100.0
110.84674960000007	78.0	100.0
110.86691370000017	78.0	100.0
110.8865588000001	78.0	100.0
110.90572510000015	78.0	100.0
110.92477020000001	78.0	100.0
110.94573770000011	78.0	100.0
110.96572880000008	78.0	100.0
110.9862442000001	78.0	100.0
111.00776259999998	78.0	100.0
111.02705590000005	78.0	100.0
111.04530010000008	78.0	100.0
111.06559420000008	78.0	100.0
111.08620210000004	78.0	100.0
111.10953300000006	78.0	100.0
111.12617220000016	78.0	100.0
111.14581199999998	78.0	100.0
111.16800269999999	78.0	100.0
111.18616399999996	78.0	100.0
111.20436730000006	78.0	100.0
111.22665219999999	78.0	100.0
111.24681970000006	78.0	100.0
111.2664337000001	78.0	100.0
111.28570890000015	78.0	100.0
111.30633269999998	78.0	100.0
111.33084280000003	78.0	100.0
111.34598720000008	78.0	100.0
111.36605980000013	78.0	100.0
111.38627480000014	78.0	100.0
111.4060164	78.0	100.0
111.42563719999998	78.0	100.0
111.4457973000001	78.0	100.0
111.46634040000004	78.0	100.0
111.48832240000002	78.0	100.0
111.50605540000015	78.0	100.0
111.53143890000001	78.0	100.0
111.54481310000006	78.0	100.0
111.5650905	78.0	100.0
111.58473460000005	78.0	100.0
111.60581040000011	78.0	100.0
111.62138720000007	78.0	100.0
111.64165430000003	78.0	100.0
111.65797090000001	78.0	100.0
111.67809370000009	78.0	100.0
111.70020910000017	78.0	100.0
111.72568130000013	78.0	100.0
111.74519620000001	78.0	100.0
111.76580809999996	78.0	100.0
111.78524500000003	78.0	100.0
111.80636630000004	78.0	100.0
111.82627590000016	78.0	100.0
111.84571600000004	78.0	100.0
111.86596440000017	78.0	100.0
111.88643620000016	78.0	100.0
111.9057256000001	78.0	100.0
111.92621359999998	78.0	100.0
111.94617050000011	78.0	100.0
111.96810340000002	78.0	100.0
111.98638219999998	78.0	100.0
112.0061138000001	78.0	100.0
112.02657440000007	78.0	100.0
112.04639780000002	78.0	100.0
112.06578060000015	78.0	100.0
112.08698509999999	78.0	100.0
112.1065615	78.0	100.0
112.12827490000018	78.0	100.0
112.14606820000017	78.0	100.0
112.16491199999996	78.0	100.0
112.1859763	78.0	100.0
112.20572289999996	78.0	100.0
112.22801400000003	78.0	100.0
112.24606979999999	78.0	100.0
112.26643350000018	78.0	100.0
112.28819700000008	78.0	100.0
112.30759860000012	78.0	100.0
112.32554750000008	78.0	100.0
112.34667830000012	78.0	100.0
112.36632840000016	78.0	100.0
112.38663210000004	78.0	100.0
112.40641790000018	78.0	100.0
112.42711640000016	78.0	100.0
112.4496196	78.0	100.0
112.46635600000013	78.0	100.0
112.48632140000018	78.0	100.0
112.50607170000012	78.0	100.0
112.52593679999995	78.0	100.0
112.54800040000009	78.0	100.0
112.56581110000002	78.0	100.0
112.58761750000008	78.0	100.0
112.6080730000001	78.0	100.0
112.62625240000011	78.0	100.0
112.6460525	78.0	100.0
112.6661329000001	78.0	100.0
112.68613170000003	78.0	100.0
112.70617080000011	78.0	100.0
112.72630900000013	78.0	100.0
112.74588310000013	78.0	100.0
112.77309510000009	78.0	100.0
112.78650700000003	78.0	100.0
112.80656139999996	78.0	100.0
112.82614510000008	78.0	100.0
112.84243290000018	78.0	100.0
112.86688120000008	78.0	100.0
112.88669370000002	78.0	100.0
112.90761500000008	78.0	100.0
112.92958799999997	78.0	100.0
112.94629510000004	78.0	100.0
112.96662379999998	78.0	100.0
112.98786250000012	78.0	100.0
113.00657020000017	78.0	100.0
113.02658659999997	78.0	100.0
113.04634210000017	78.0	100.0
113.06765310000014	78.0	100.0
113.08921410000016	78.0	100.0
113.10687010000015	78.0	100.0
113.12662850000015	78.0	100.0
113.14601970000012	78.0	100.0
113.16628930000002	78.0	100.0
113.19139459999997	78.0	100.0
113.20677090000004	78.0	100.0
113.22957980000001	78.0	100.0
113.24934299999995	78.0	100.0
113.26734170000009	78.0	100.0
113.29106650000017	78.0	100.0
113.30667170000015	78.0	100.0
113.32764010000005	78.0	100.0
113.34788309999999	78.0	100.0
113.36616830000003	78.0	100.0
113.38798730000008	78.0	100.0
113.41029939999999	78.0	100.0
113.42748580000011	78.0	100.0
113.44721709999999	78.0	100.0
113.46749369999998	78.0	100.0
113.48794120000002	78.0	100.0
113.50668400000018	78.0	100.0
113.52757629999996	78.0	100.0
113.54804990000002	78.0	100.0
113.56985850000001	78.0	100.0
113.58696350000014	78.0	100.0
113.60632710000004	78.0	100.0
113.6268540000001	78.0	100.0
113.64795390000018	78.0	100.0
113.66766400000006	78.0	100.0
113.68750890000001	78.0	100.0
113.71254859999999	78.0	100.0
113.73139620000006	78.0	100.0
113.74671490000014	78.0	100.0
113.76641860000018	78.0	100.0
113.7857762000001	78.0	100.0
113.80955670000003	78.0	100.0
113.82559779999997	78.0	100.0
113.84682440000006	78.0	100.0
113.86770660000002	78.0	100.0
113.88979610000001	78.0	100.0
113.90214379999998	78.0	100.0
113.92544870000006	78.0	100.0
113.94750990000011	78.0	100.0
113.96799069999997	78.0	100.0
113.98802380000006	78.0	100.0
114.00741170000015	78.0	100.0
114.02799110000001	78.0	100.0
114.05002850000005	78.0	100.0
114.06748089999996	78.0	100.0
114.08794710000006	78.0	100.0
114.10826380000003	78.0	100.0
114.12816730000009	78.0	100.0
114.14816440000004	78.0	100.0
114.16624060000004	78.0	100.0
114.188578	78.0	100.0
114.20938360000014	78.0	100.0
114.23161879999998	78.0	100.0
114.24820969999996	77.0	100.0
114.26669289999995	77.0	100.0
114.28827210000009	77.0	100.0
114.30788440000015	77.0	100.0
114.33081220000008	77.0	100.0
114.34866610000017	77.0	100.0
114.37422609999999	77.0	100.0
114.38808360000007	77.0	100.0
114.40737650000005	77.0	100.0
114.42791720000014	77.0	100.0
114.44826150000017	77.0	100.0
114.4691941000001	77.0	100.0
114.48948530000007	77.0	100.0
114.50891720000004	77.0	100.0
114.53037430000018	77.0	100.0
114.54888619999997	77.0	100.0
114.56810790000009	77.0	100.0
114.58790520000002	77.0	100.0
114.60752530000013	77.0	100.0
114.62824810000006	77.0	100.0
114.64792450000004	77.0	100.0
114.67184100000009	77.0	100.0
114.69143340000005	77.0	100.0
114.70788940000011	77.0	100.0
114.7289972000001	77.0	100.0
114.74823330000004	77.0	100.0
114.76803749999999	77.0	100.0
114.78947890000018	77.0	100.0
114.80789389999995	77.0	100.0
114.8287894	77.0	100.0
114.85417100000018	77.0	100.0
114.86924270000009	77.0	100.0
114.88899820000006	77.0	100.0
114.90834880000011	77.0	100.0
114.92791230000012	77.0	100.0
114.9481353000001	77.0	100.0
114.96988299999998	77.0	100.0
114.9891791	77.0	100.0
115.0108838000001	77.0	100.0
115.02924529999996	77.0	100.0
115.04876690000015	77.0	100.0
115.06836169999997	77.0	100.0
115.08901540000011	77.0	100.0
115.1083529	77.0	100.0
115.12817160000009	77.0	100.0
115.1492475	77.0	100.0
115.1697838	77.0	100.0
115.18856040000014	77.0	100.0
115.20839060000003	77.0	100.0
115.22832710000012	77.0	100.0
115.24250150000012	76.0	100.0
115.26797750000014	76.0	100.0
115.28726419999998	76.0	100.0
115.30545170000005	76.0	100.0
115.3283487000001	76.0	100.0
115.34712809999996	76.0	100.0
115.37054420000004	76.0	100.0
115.38709870000002	76.0	100.0
115.41047860000003	76.0	100.0
115.42948880000017	76.0	100.0
115.44901140000002	76.0	100.0
115.46923749999996	76.0	100.0
115.49144590000014	76.0	100.0
115.50938360000009	76.0	100.0
115.52934540000001	76.0	100.0
115.55036610000002	76.0	100.0
115.56983090000017	76.0	100.0
115.58990949999998	76.0	100.0
115.60906880000016	76.0	100.0
115.63004960000012	76.0	100.0
115.64415550000012	76.0	100.0
115.66098080000006	76.0	100.0
115.68394980000016	76.0	100.0
115.70564260000015	76.0	100.0
115.7266039000001	76.0	100.0
115.74914790000003	76.0	100.0
115.7694411	76.0	100.0
115.79044369999997	76.0	100.0
115.81045059999997	76.0	100.0
115.82910340000012	76.0	100.0
115.84920639999996	76.0	100.0
115.86950139999999	76.0	100.0
115.89333620000002	76.0	100.0
115.90959229999999	76.0	100.0
115.92996919999996	76.0	100.0
115.95005730000003	76.0	100.0
115.97155210000005	76.0	100.0
115.99045969999997	76.0	100.0
116.00957790000007	76.0	100.0
116.02961060000007	76.0	100.0
116.04945510000016	76.0	100.0
116.0699138	76.0	100.0
116.08975480000004	76.0	100.0
116.11020200000007	76.0	100.0
116.13108290000014	76.0	100.0
116.14985150000007	76.0	100.0
116.16959650000013	76.0	100.0
116.18943379999996	76.0	100.0
116.20948790000011	76.0	100.0
116.23017679999998	76.0	100.0
116.25020070000005	76.0	100.0
116.26991350000003	76.0	100.0
116.29249230000005	76.0	100.0
116.30954259999999	76.0	100.0
116.32964430000015	76.0	100.0
116.35374920000004	76.0	100.0
116.37033040000006	76.0	100.0
116.39007650000008	76.0	100.0
116.4094778000001	76.0	100.0
116.43008370000007	76.0	100.0
116.45297389999996	76.0	100.0
116.47189309999999	76.0	100.0
116.49064930000009	76.0	100.0
116.51045590000012	76.0	100.0
116.53035820000014	76.0	100.0
116.54973530000007	76.0	100.0
116.5696011	76.0	100.0
116.59075700000017	76.0	100.0
116.61324420000005	76.0	100.0
116.63035730000001	76.0	100.0
116.65028300000017	76.0	100.0
116.66913810000005	76.0	100.0
116.6901213000001	76.0	100.0
116.71058040000003	76.0	100.0
116.72993480000014	76.0	100.0
116.75045980000004	76.0	100.0
116.77205190000018	76.0	100.0
116.79050040000016	76.0	100.0
116.81046340000012	76.0	100.0
116.83048159999998	76.0	100.0
116.84908010000004	76.0	100.0
116.86977249999995	76.0	100.0
116.88969980000002	76.0	100.0
116.91020330000015	76.0	100.0
116.93555050000009	76.0	100.0
116.9501001000001	76.0	100.0
116.96947290000003	76.0	100.0
116.99027150000006	76.0	100.0
117.01109760000008	76.0	100.0
117.03413100000012	76.0	100.0
117.05047149999996	76.0	100.0
117.07065630000011	76.0	100.0
117.09180749999996	76.0	100.0
117.1096728	76.0	100.0
117.13050910000015	76.0	100.0
117.1501889000001	76.0	100.0
117.16992120000009	76.0	100.0
117.19057190000012	76.0	100.0
117.21008740000002	76.0	100.0
117.23094319999996	76.0	100.0
117.25335919999998	76.0	100.0
117.27030330000002	76.0	100.0
117.29037440000002	76.0	100.0
117.31011209999997	76.0	100.0
117.3305511000001	76.0	100.0
117.35406380000018	76.0	100.0
117.37043719999997	76.0	100.0
117.39009010000018	76.0	100.0
117.41164470000012	76.0	100.0
117.43101909999996	76.0	100.0
117.45408399999997	76.0	100.0
117.47059560000002	76.0	100.0
117.49016760000018	76.0	100.0
117.50956990000009	76.0	100.0
117.53045680000014	76.0	100.0
117.55159260000005	76.0	100.0
117.57292100000018	76.0	100.0
117.59060690000001	76.0	100.0
117.60998719999998	76.0	100.0
117.6301168	76.0	100.0
117.65025500000002	76.0	100.0
117.67017600000008	76.0	100.0
117.69055930000013	76.0	100.0
117.71023009999999	76.0	100.0
117.73219800000015	76.0	100.0
117.7498157	76.0	100.0
117.76957579999998	76.0	100.0
117.79070569999999	76.0	100.0
117.81041140000002	76.0	100.0
117.83045590000006	76.0	100.0
117.84982349999996	76.0	100.0
117.8749342000001	76.0	100.0
117.89394990000005	76.0	100.0
117.91040090000001	76.0	100.0
117.9299026000001	76.0	100.0
117.95015400000011	76.0	100.0
117.97489429999996	76.0	100.0
117.99088770000003	76.0	100.0
118.01018980000003	76.0	100.0
118.03143030000001	76.0	100.0
118.05205150000006	76.0	100.0
118.07057320000013	76.0	100.0
118.08948550000014	76.0	100.0
118.10989240000004	76.0	100.0
118.12959120000005	76.0	100.0
118.15064710000001	76.0	100.0
118.17022029999998	76.0	100.0
118.19209100000012	76.0	100.0
118.21343969999998	76.0	100.0
118.23088800000005	76.0	100.0
118.25092250000012	74.0	100.0
118.27069870000014	74.0	100.0
118.29058420000001	74.0	100.0
118.31017310000016	74.0	100.0
118.33050909999997	74.0	100.0
118.35171409999998	74.0	100.0
118.3724393	74.0	100.0
118.39135750000014	74.0	100.0
118.41003990000013	74.0	100.0
118.43001410000011	74.0	100.0
118.45399889999999	74.0	100.0
118.47143330000017	74.0	100.0
118.49163820000012	74.0	100.0
118.51205649999997	74.0	100.0
118.53338520000011	74.0	100.0
118.55401380000012	74.0	100.0
118.57056690000013	74.0	100.0
118.59072609999998	74.0	100.0
118.61010280000005	74.0	100.0
118.6296142000001	74.0	100.0
118.64972880000005	74.0	100.0
118.67037060000007	74.0	100.0
118.69325900000013	74.0	100.0
118.71012600000017	74.0	100.0
118.72960209999997	74.0	100.0
118.7504722000001	74.0	100.0
118.77007670000012	74.0	100.0
118.79087670000013	74.0	100.0
118.81022619999999	74.0	100.0
118.83074299999998	74.0	100.0
118.85403640000004	74.0	100.0
118.87136740000005	74.0	100.0
118.89067829999999	74.0	100.0
118.91129360000014	74.0	100.0
118.93057880000015	74.0	100.0
118.95074	74.0	100.0
118.96973270000012	74.0	100.0
118.9919433	74.0	100.0
119.0156806	74.0	100.0
119.03055370000016	74.0	100.0
119.05095500000016	74.0	100.0
119.07037030000015	74.0	100.0
119.0907138	74.0	100.0
119.11496929999998	74.0	100.0
119.13150689999998	74.0	100.0
119.15174049999996	74.0	100.0
119.17405710000003	74.0	100.0
119.19181960000014	74.0	100.0
119.21046260000003	74.0	100.0
119.23308500000007	74.0	100.0
119.25195410000015	73.0	100.0
119.27170920000003	73.0	100.0
119.29204140000002	73.0	100.0
119.31212410000012	73.0	100.0
119.33699520000005	73.0	100.0
119.35008660000017	73.0	100.0
119.37043530000005	73.0	100.0
119.39054600000009	73.0	100.0
119.41072989999998	73.0	100.0
119.43169080000007	73.0	100.0
119.45032420000007	73.0	100.0
119.47153850000018	73.0	100.0
119.49043900000015	73.0	100.0
119.50862280000001	73.0	100.0
119.53012830000011	73.0	100.0
119.54917210000008	73.0	100.0
119.57081340000013	73.0	100.0
119.5913008	73.0	100.0
119.61090170000011	73.0	100.0
119.63290670000015	73.0	100.0
119.65338380000003	73.0	100.0
119.6705088000001	73.0	100.0
119.69183599999997	73.0	100.0
119.7116688000001	73.0	100.0
119.73041030000013	73.0	100.0
119.75080560000015	73.0	100.0
119.77180590000012	73.0	100.0
119.79201220000004	73.0	100.0
119.81427129999997	73.0	100.0
119.83160510000016	73.0	100.0
119.8518524000001	73.0	100.0
119.87158999999997	73.0	100.0
119.8918658	73.0	100.0
119.91125150000016	73.0	100.0
119.93120199999998	73.0	100.0
119.95287810000013	73.0	100.0
119.97395800000004	73.0	100.0
119.99702900000011	73.0	100.0
120.0119264	73.0	100.0
120.03131460000009	73.0	100.0
120.05430780000006	73.0	100.0
120.0704932000001	73.0	100.0
120.09162140000012	73.0	100.0
120.11202079999998	73.0	100.0
120.13402740000015	73.0	100.0
120.15509730000008	73.0	100.0
120.17197190000002	73.0	100.0
120.19223140000008	73.0	100.0
120.21197270000016	73.0	100.0
120.23233660000005	73.0	100.0
120.25198420000015	74.0	100.0
120.27290689999995	74.0	100.0
120.29476270000009	74.0	100.0
120.31191239999998	74.0	100.0
120.33165910000002	74.0	100.0
120.35551899999996	74.0	100.0
120.37158350000004	74.0	100.0
120.39177470000004	74.0	100.0
120.41177420000008	74.0	100.0
120.43249230000015	74.0	100.0
120.45431460000009	74.0	100.0
120.47108939999998	74.0	100.0
120.49292200000014	74.0	100.0
120.5120101	74.0	100.0
120.53132040000014	74.0	100.0
120.55195360000016	74.0	100.0
120.57227290000014	74.0	100.0
120.5921502000001	74.0	100.0
120.61346830000002	74.0	100.0
120.63193079999996	74.0	100.0
120.65178250000008	74.0	100.0
120.67258660000016	74.0	100.0
120.69187639999996	74.0	100.0
120.7129946	74.0	100.0
120.73151730000018	74.0	100.0
120.75218160000009	74.0	100.0
120.77824340000006	74.0	100.0
120.79346420000002	74.0	100.0
120.81205990000012	74.0	100.0
120.8310477	74.0	100.0
120.85047640000016	74.0	100.0
120.87207650000005	74.0	100.0
120.89193750000004	74.0	100.0
120.91220070000008	74.0	100.0
120.9330539	74.0	100.0
120.95175530000006	74.0	100.0
120.97172799999998	74.0	100.0
120.99420269999996	74.0	100.0
121.01310490000014	74.0	100.0
121.03200360000005	74.0	100.0
121.05166250000002	74.0	100.0
121.0723574000001	74.0	100.0
121.09970740000017	74.0	100.0
121.1140577000001	74.0	100.0
121.1317583	74.0	100.0
121.15215039999998	74.0	100.0
121.17160990000002	74.0	100.0
121.19601209999996	74.0	100.0
121.21203270000001	74.0	100.0
121.23357469999996	74.0	100.0
121.25380880000012	73.0	100.0
121.27167880000002	73.0	100.0
121.29188520000002	73.0	100.0
121.31201970000006	73.0	100.0
121.33214199999998	73.0	100.0
121.35195010000007	73.0	100.0
121.37176750000003	73.0	100.0
121.3932069	73.0	100.0
121.41397389999997	73.0	100.0
121.43178650000004	73.0	100.0
121.45201320000001	73.0	100.0
121.47208870000009	73.0	100.0
121.49239810000017	73.0	100.0
121.51247080000007	73.0	100.0
121.5325848	73.0	100.0
121.55391729999997	73.0	100.0
121.57376350000004	73.0	100.0
121.59242620000009	73.0	100.0
121.61488040000017	73.0	100.0
121.63218080000001	73.0	100.0
121.65225320000013	73.0	100.0
121.6721669000001	73.0	100.0
121.69247670000004	73.0	100.0
121.71312150000017	73.0	100.0
121.73386630000005	73.0	100.0
121.75245459999996	73.0	100.0
121.77209070000004	73.0	100.0
121.79240619999996	73.0	100.0
121.8119991000001	73.0	100.0
121.83255099999997	73.0	100.0
121.85559750000016	73.0	100.0
121.87359790000005	73.0	100.0
121.8953563	73.0	100.0
121.91224390000002	73.0	100.0
121.93305920000012	73.0	100.0
121.9520156000001	73.0	100.0
121.9719834	73.0	100.0
121.9927474000001	73.0	100.0
122.01249690000009	73.0	100.0
122.03519100000017	73.0	100.0
122.05461200000013	73.0	100.0
122.07181720000017	73.0	100.0
122.09291320000011	73.0	100.0
122.11283200000003	73.0	100.0
122.13807010000005	73.0	100.0
122.15210109999998	73.0	100.0
122.172325	73.0	100.0
122.19320560000006	73.0	100.0
122.21333720000007	73.0	100.0
122.23774670000012	73.0	100.0
122.25407900000005	72.0	100.0
122.2721282	72.0	100.0
122.29330360000017	72.0	100.0
122.31326360000003	72.0	100.0
122.33164480000005	72.0	100.0
122.35348620000013	72.0	100.0
122.3743366000001	72.0	100.0
122.39324250000004	72.0	100.0
122.41305639999996	72.0	100.0
122.43255210000007	72.0	100.0
122.45312200000012	72.0	100.0
122.47378449999997	72.0	100.0
122.49373750000018	72.0	100.0
122.51446050000004	72.0	100.0
122.53452400000015	72.0	100.0
122.55313250000017	72.0	100.0
122.57295980000004	72.0	100.0
122.59381890000009	72.0	100.0
122.61309740000002	72.0	100.0
122.6331232	72.0	100.0
122.65586740000003	72.0	100.0
122.67350390000001	72.0	100.0
122.69590360000007	72.0	100.0
122.71370909999996	72.0	100.0
122.73311230000013	72.0	100.0
122.75324650000016	72.0	100.0
122.77272860000016	72.0	100.0
122.79211630000009	72.0	100.0
122.81240230000003	72.0	100.0
122.83346330000018	72.0	100.0
122.85835429999997	72.0	100.0
122.87343800000008	72.0	100.0
122.89304930000003	72.0	100.0
122.91299440000012	72.0	100.0
122.93247480000014	72.0	100.0
122.95491579999998	72.0	100.0
122.97236880000014	72.0	100.0
122.99434199999996	72.0	100.0
123.01479719999998	72.0	100.0
123.03142890000004	72.0	100.0
123.0535139000001	72.0	100.0
123.0738417	72.0	100.0
123.09358020000013	72.0	100.0
123.11321250000015	72.0	100.0
123.1338588000001	72.0	100.0
123.15502400000014	72.0	100.0
123.17499139999995	72.0	100.0
123.1939913000001	72.0	100.0
123.21221660000015	72.0	100.0
123.23409430000015	72.0	100.0
123.25390340000013	70.0	100.0
123.27722870000002	70.0	100.0
123.29374870000015	70.0	100.0
123.31400610000014	70.0	100.0
123.33566240000005	70.0	100.0
123.35323640000001	70.0	100.0
123.37402199999997	70.0	100.0
123.39356620000012	70.0	100.0
123.41346180000005	70.0	100.0
123.4335989000001	70.0	100.0
123.45325980000007	70.0	100.0
123.47399050000013	70.0	100.0
123.49494700000014	70.0	100.0
123.51389080000013	70.0	100.0
123.53318390000004	70.0	100.0
123.55380250000007	70.0	100.0
123.5723673	70.0	100.0
123.5939707	70.0	100.0
123.61360390000004	70.0	100.0
123.63398819999998	70.0	100.0
123.65619430000015	70.0	100.0
123.67379159999996	70.0	100.0
123.69665929999996	70.0	100.0
123.71286180000016	70.0	100.0
123.73316010000008	70.0	100.0
123.75262940000016	70.0	100.0
123.77435270000001	70.0	100.0
123.79393470000014	70.0	100.0
123.81428789999995	70.0	100.0
123.8336167	70.0	100.0
123.85360480000008	70.0	100.0
123.87388440000018	70.0	100.0
123.89396850000003	70.0	100.0
123.91333410000016	70.0	100.0
123.93322630000011	70.0	100.0
123.9542120000001	70.0	100.0
123.9735905	70.0	100.0
123.99402870000017	70.0	100.0
124.01142019999998	70.0	100.0
124.0334613	70.0	100.0
124.05435209999996	70.0	100.0
124.0737395000001	70.0	100.0
124.09492030000001	70.0	100.0
124.11411210000006	70.0	100.0
124.13415200000009	70.0	100.0
124.15378469999996	70.0	100.0
124.17353560000015	70.0	100.0
124.19396070000016	70.0	100.0
124.21730520000006	70.0	100.0
124.23408830000017	70.0	100.0
124.25378769999998	72.0	100.0
124.27411580000012	72.0	100.0
124.29689410000015	72.0	100.0
124.31768620000003	72.0	100.0
124.33407420000003	72.0	100.0
124.35378600000013	72.0	100.0
124.37342490000015	72.0	100.0
124.39434540000002	72.0	100.0
124.41368499999999	72.0	100.0
124.43417990000012	72.0	100.0
124.45560760000012	72.0	100.0
124.47316250000017	72.0	100.0
124.49312929999996	72.0	100.0
124.51377470000011	72.0	100.0
124.53367049999997	72.0	100.0
124.55487470000003	72.0	100.0
124.57395020000013	72.0	100.0
124.59553930000015	72.0	100.0
124.6159298	72.0	100.0
124.63392820000013	72.0	100.0
124.65345180000008	72.0	100.0
124.67378759999997	72.0	100.0
124.69446489999996	72.0	100.0
124.71414909999999	72.0	100.0
124.73741760000007	72.0	100.0
124.75412849999998	72.0	100.0
124.77530640000009	72.0	100.0
124.79386040000009	72.0	100.0
124.81414749999999	72.0	100.0
124.83434030000012	72.0	100.0
124.85391649999997	72.0	100.0
124.87420550000002	72.0	100.0
124.89367450000009	72.0	100.0
124.91336120000005	72.0	100.0
124.9395598000001	72.0	100.0
124.95316320000006	72.0	100.0
124.97394000000008	72.0	100.0
124.99351460000003	72.0	100.0
125.01399340000012	72.0	100.0
125.03404280000018	72.0	100.0
125.05378020000012	72.0	100.0
125.07466190000014	72.0	100.0
125.09597670000016	72.0	100.0
125.1148541	72.0	100.0
125.13389619999998	72.0	100.0
125.15449869999998	72.0	100.0
125.17449890000012	72.0	100.0
125.19427570000016	72.0	100.0
125.21403529999998	72.0	100.0
125.2350014000001	72.0	100.0
125.25952970000003	71.0	100.0
125.27452600000015	71.0	100.0
125.29439610000009	71.0	100.0
125.31435970000007	71.0	100.0
125.3343076000001	71.0	100.0
125.35799740000016	71.0	100.0
125.3739614000001	71.0	100.0
125.39420580000001	71.0	100.0
125.41605410000011	71.0	100.0
125.43403280000007	71.0	100.0
125.45422090000011	71.0	100.0
125.47412210000016	71.0	100.0
125.49452710000014	71.0	100.0
125.51373609999996	71.0	100.0
125.53391260000012	71.0	100.0
125.55479149999996	71.0	100.0
125.57616840000014	71.0	100.0
125.59453840000015	71.0	100.0
125.61404530000004	71.0	100.0
125.6336695	71.0	100.0
125.65480460000003	71.0	100.0
125.67410440000003	71.0	100.0
125.69442640000011	71.0	100.0
125.71475529999998	71.0	100.0
125.73640410000007	71.0	100.0
125.75489549999998	71.0	100.0
125.77437680000003	71.0	100.0
125.79450010000005	71.0	100.0
125.81420370000001	71.0	100.0
125.83430020000014	71.0	100.0
125.85769200000004	71.0	100.0
125.87818970000012	71.0	100.0
125.89766099999997	71.0	100.0
125.91403409999998	71.0	100.0
125.93296380000015	71.0	100.0
125.95420220000005	71.0	100.0
125.97277440000016	71.0	100.0
125.99434480000014	71.0	100.0
126.01195170000005	71.0	100.0
126.03263060000018	71.0	100.0
126.05256550000013	71.0	100.0
126.07124980000003	71.0	100.0
126.0921992000001	71.0	100.0
126.11366799999996	71.0	100.0
126.13300570000001	71.0	100.0
126.15417769999999	71.0	100.0
126.17378240000016	71.0	100.0
126.19548729999997	71.0	100.0
126.21685090000005	71.0	100.0
126.23533500000008	71.0	100.0
126.25486850000016	69.0	100.0
126.27446780000014	69.0	100.0
126.29378780000002	69.0	100.0
126.31368390000011	69.0	100.0
126.33598370000004	69.0	100.0
126.35439650000012	69.0	100.0
126.3763457	69.0	100.0
126.39878799999997	69.0	100.0
126.41499180000005	69.0	100.0
126.43427859999997	69.0	100.0
126.45529239999996	69.0	100.0
126.47313329999997	69.0	100.0
126.49367740000002	69.0	100.0
126.51479880000011	69.0	100.0
126.53727890000005	69.0	100.0
126.55444729999999	69.0	100.0
126.57436460000008	69.0	100.0
126.59461490000012	69.0	100.0
126.61421629999995	69.0	100.0
126.63445580000007	69.0	100.0
126.65518530000008	69.0	100.0
126.67560230000004	69.0	100.0
126.69682609999995	69.0	100.0
126.71572749999996	69.0	100.0
126.73499000000015	69.0	100.0
126.75493879999999	69.0	100.0
126.7741840000001	69.0	100.0
126.79642080000008	69.0	100.0
126.81455430000005	69.0	100.0
126.83573190000016	69.0	100.0
126.85791659999995	69.0	100.0
126.87517560000015	69.0	100.0
126.89437599999997	69.0	100.0
126.91818590000003	69.0	100.0
126.93431190000001	69.0	100.0
126.95430170000009	69.0	100.0
126.97417470000005	69.0	100.0
126.99467040000013	69.0	100.0
127.01664460000006	69.0	100.0
127.03660720000016	69.0	100.0
127.05475580000007	69.0	100.0
127.07443430000012	69.0	100.0
127.09543640000015	69.0	100.0
127.11560850000001	69.0	100.0
127.13410539999995	69.0	100.0
127.15639850000002	69.0	100.0
127.17794600000002	69.0	100.0
127.19559920000006	69.0	100.0
127.21556090000013	69.0	100.0
127.23686510000016	69.0	100.0
127.25782479999998	70.0	100.0
127.27568450000012	70.0	100.0
127.29562480000004	70.0	100.0
127.31620520000001	70.0	100.0
127.33687320000013	70.0	100.0
127.36021490000007	70.0	100.0
127.37564840000005	70.0	100.0
127.39567880000004	70.0	100.0
127.41392650000012	70.0	100.0
127.43831360000013	70.0	100.0
127.45567130000018	70.0	100.0
127.47577590000014	70.0	100.0
127.49780120000014	70.0	100.0
127.51535460000014	70.0	100.0
127.5399602	70.0	100.0
127.55665490000001	70.0	100.0
127.57603740000013	70.0	100.0
127.59587290000013	70.0	100.0
127.615452	70.0	100.0
127.6371772	70.0	100.0
127.65777000000003	70.0	100.0
127.67533330000015	70.0	100.0
127.69594060000009	70.0	100.0
127.71566849999999	70.0	100.0
127.73587390000012	70.0	100.0
127.75597710000011	70.0	100.0
127.77392729999997	70.0	100.0
127.7963906	70.0	100.0
127.81778150000014	70.0	100.0
127.83540940000012	70.0	100.0
127.85450280000009	70.0	100.0
127.87544150000008	70.0	100.0
127.89600770000015	70.0	100.0
127.91531400000008	70.0	100.0
127.93535320000001	70.0	100.0
127.95886780000001	70.0	100.0
127.9774351000001	70.0	100.0
127.99606270000004	70.0	100.0
128.01464770000007	70.0	100.0
128.03562840000018	70.0	100.0
128.05853030000003	70.0	100.0
128.07429390000016	70.0	100.0
128.09391210000013	70.0	100.0
128.11018080000008	70.0	100.0
128.13877739999998	70.0	100.0
128.15409680000016	70.0	100.0
128.17532000000006	70.0	100.0
128.19775270000014	70.0	100.0
128.21547410000016	70.0	100.0
128.2369959	70.0	100.0
128.2569645000001	71.0	100.0
128.27689910000004	71.0	100.0
128.29796720000013	71.0	100.0
128.31587639999998	71.0	100.0
128.3361387	71.0	100.0
128.35619370000018	71.0	100.0
128.3759781000001	71.0	100.0
128.3962762000001	71.0	100.0
128.4159056000001	71.0	100.0
128.43693129999997	71.0	100.0
128.45741480000015	71.0	100.0
128.47979099999998	71.0	100.0
128.49716980000017	71.0	100.0
128.5161329	71.0	100.0
128.53641370000014	71.0	100.0
128.5565282	71.0	100.0
128.57469179999998	71.0	100.0
128.59821250000005	71.0	100.0
128.61806539999998	71.0	100.0
128.6358861000001	71.0	100.0
128.65612929999998	71.0	100.0
128.67582370000014	71.0	100.0
128.69572930000004	71.0	100.0
128.71581590000005	71.0	100.0
128.73635950000016	71.0	100.0
128.75637330000018	71.0	100.0
128.77804549999996	71.0	100.0
128.7973333	71.0	100.0
128.81589910000002	71.0	100.0
128.83545030000005	71.0	100.0
128.85413330000006	71.0	100.0
128.87424529999998	71.0	100.0
128.89902150000012	71.0	100.0
128.91680960000008	71.0	100.0
128.93749980000007	71.0	100.0
128.95613649999996	71.0	100.0
128.97540670000012	71.0	100.0
128.99842490000015	71.0	100.0
129.01665950000006	71.0	100.0
129.03589780000016	71.0	100.0
129.05588439999997	71.0	100.0
129.07736120000004	71.0	100.0
129.10140920000003	71.0	100.0
129.11766580000017	71.0	100.0
129.1380385	71.0	100.0
129.15585580000015	71.0	100.0
129.17605790000016	71.0	100.0
129.196418	71.0	100.0
129.21551480000016	71.0	100.0
129.2378294	71.0	100.0
129.25782390000018	73.0	100.0
129.27606230000015	73.0	100.0
129.2959575	73.0	100.0
129.31640400000015	73.0	100.0
129.33515250000005	73.0	100.0
129.3559001000001	73.0	100.0
129.37586220000003	73.0	100.0
129.39755639999998	73.0	100.0
129.41774970000006	73.0	100.0
129.43637230000013	73.0	100.0
129.45556690000012	73.0	100.0
129.47639240000012	73.0	100.0
129.49660289999997	73.0	100.0
129.51883390000012	73.0	100.0
129.5363923	73.0	100.0
129.5567056	73.0	100.0
129.57717049999997	73.0	100.0
129.59685630000013	73.0	100.0
129.61896380000007	73.0	100.0
129.6358252	73.0	100.0
129.65589080000018	73.0	100.0
129.67673530000002	73.0	100.0
129.69648800000004	73.0	100.0
129.71645469999999	73.0	100.0
129.7380846000001	73.0	100.0
129.75690570000006	73.0	100.0
129.7769578	73.0	100.0
129.7977856	73.0	100.0
129.81798290000006	73.0	100.0
129.83588050000003	73.0	100.0
129.8592834000001	73.0	100.0
129.87661790000016	73.0	100.0
129.89761599999997	73.0	100.0
129.91681749999998	73.0	100.0
129.93620490000012	73.0	100.0
129.95612570000003	73.0	100.0
129.9753151	73.0	100.0
129.9959007	73.0	100.0
130.01557810000008	73.0	100.0
130.03400980000015	73.0	100.0
130.05352930000004	73.0	100.0
130.07269429999997	73.0	100.0
130.09554939999998	73.0	100.0
130.11584319999997	73.0	100.0
130.14042940000013	73.0	100.0
130.15762210000003	73.0	100.0
130.17718910000008	73.0	100.0
130.19793070000014	73.0	100.0
130.21895919999997	73.0	100.0
130.23815850000005	73.0	100.0
130.25668229999997	74.0	100.0
130.27674750000006	74.0	100.0
130.29687990000002	74.0	100.0
130.3158324000001	74.0	100.0
130.33813099999998	74.0	100.0
130.35806950000006	74.0	100.0
130.37927660000014	74.0	100.0
130.39779139999996	74.0	100.0
130.4167407	74.0	100.0
130.43634399999996	74.0	100.0
130.45657630000005	74.0	100.0
130.4765264	74.0	100.0
130.4976845000001	74.0	100.0
130.51756920000003	74.0	100.0
130.5383409000001	74.0	100.0
130.55807660000005	74.0	100.0
130.5761629000001	74.0	100.0
130.59689460000004	74.0	100.0
130.61635680000018	74.0	100.0
130.6374155000001	74.0	100.0
130.66065430000003	74.0	100.0
130.6782415	74.0	100.0
130.6999350000001	74.0	100.0
130.7170847	74.0	100.0
130.73678990000008	74.0	100.0
130.75774730000012	74.0	100.0
130.77729350000004	74.0	100.0
130.79807100000016	74.0	100.0
130.8156011000001	74.0	100.0
130.83768880000002	74.0	100.0
130.85857970000006	74.0	100.0
130.87766880000004	74.0	100.0
130.89750700000013	74.0	100.0
130.91788310000015	74.0	100.0
130.93770489999997	74.0	100.0
130.95686309999996	74.0	100.0
130.9766333	74.0	100.0
130.99723730000005	74.0	100.0
131.0192594	74.0	100.0
131.03744180000012	74.0	100.0
131.05766630000016	74.0	100.0
131.07960920000005	74.0	100.0
131.0964229000001	74.0	100.0
131.11748290000014	74.0	100.0
131.13721220000002	74.0	100.0
131.1578078	74.0	100.0
131.18275029999995	74.0	100.0
131.19753020000007	74.0	100.0
131.21672450000005	74.0	100.0
131.23775990000013	74.0	100.0
131.25629390000017	75.0	100.0
131.27697710000007	75.0	100.0
131.2979464	75.0	100.0
131.31772640000008	75.0	100.0
131.33949840000014	75.0	100.0
131.3616922000001	75.0	100.0
131.37722000000008	75.0	100.0
131.3979048000001	75.0	100.0
131.41692030000013	75.0	100.0
131.43658170000003	75.0	100.0
131.45649460000004	75.0	100.0
131.4771184000001	75.0	100.0
131.49785100000008	75.0	100.0
131.51675440000008	75.0	100.0
131.53670920000013	75.0	100.0
131.5587998000001	75.0	100.0
131.5762251000001	75.0	100.0
131.5970483000001	75.0	100.0
131.6163994000001	75.0	100.0
131.63697939999997	75.0	100.0
131.65834500000005	75.0	100.0
131.6773184000001	75.0	100.0
131.70052720000012	75.0	100.0
131.71697240000003	75.0	100.0
131.7365436	75.0	100.0
131.7568209000001	75.0	100.0
131.77711510000017	75.0	100.0
131.79813630000012	75.0	100.0
131.81931630000008	75.0	100.0
131.83770060000006	75.0	100.0
131.85582240000008	75.0	100.0
131.87725969999997	75.0	100.0
131.8981123000001	75.0	100.0
131.9173204000001	75.0	100.0
131.93732820000014	75.0	100.0
131.95744250000007	75.0	100.0
131.97957480000014	75.0	100.0
131.99656370000002	75.0	100.0
132.01753470000017	75.0	100.0
132.03738940000017	75.0	100.0
132.0573574	75.0	100.0
132.07775820000006	75.0	100.0
132.09796100000017	75.0	100.0
132.1179314000001	75.0	100.0
132.1400489	75.0	100.0
132.15678860000003	75.0	100.0
132.17781379999997	75.0	100.0
132.1978428	75.0	100.0
132.2179768000001	75.0	100.0
132.2365777	75.0	100.0
132.25737040000013	75.0	100.0
132.27843010000015	75.0	100.0
132.30001990000005	75.0	100.0
132.31840039999997	75.0	100.0
132.33773760000008	75.0	100.0
132.35791590000008	75.0	100.0
132.3780693000001	75.0	100.0
132.39813870000012	75.0	100.0
132.41800580000017	75.0	100.0
132.43813060000002	75.0	100.0
132.45866620000015	75.0	100.0
132.48041880000005	75.0	100.0
132.49854840000012	75.0	100.0
132.51734490000013	75.0	100.0
132.53777379999997	75.0	100.0
132.55805570000007	75.0	100.0
132.57711990000007	75.0	100.0
132.59858870000016	75.0	100.0
132.62024650000012	75.0	100.0
132.63831870000013	75.0	100.0
132.65777390000017	75.0	100.0
132.67817620000005	75.0	100.0
132.6980493000001	75.0	100.0
132.71728040000016	75.0	100.0
132.740863	75.0	100.0
132.75788290000014	75.0	100.0
132.78074779999997	75.0	100.0
132.79832350000015	75.0	100.0
132.81785480000008	75.0	100.0
132.83821750000016	75.0	100.0
132.85771360000012	75.0	100.0
132.87821780000013	75.0	100.0
132.89772160000007	75.0	100.0
132.9183855000001	75.0	100.0
132.94031459999997	75.0	100.0
132.9582186	75.0	100.0
132.97796870000002	75.0	100.0
132.99699069999997	75.0	100.0
133.01714860000016	75.0	100.0
133.03754620000018	75.0	100.0
133.0582448	75.0	100.0
133.07831940000005	75.0	100.0
133.09996569999998	75.0	100.0
133.11822200000006	75.0	100.0
133.13830159999998	75.0	100.0
133.1619201000001	75.0	100.0
133.1781317	75.0	100.0
133.19807620000006	75.0	100.0
133.2183669000001	75.0	100.0
133.23849489999998	75.0	100.0
133.2644603000001	74.0	100.0
133.27823990000002	74.0	100.0
133.29961550000007	74.0	100.0
133.31790290000004	74.0	100.0
133.34201359999997	74.0	100.0
133.36171880000006	74.0	100.0
133.37822130000018	74.0	100.0
133.40190389999998	74.0	100.0
133.41989839999997	74.0	100.0
133.43828270000017	74.0	100.0
133.45852600000012	74.0	100.0
133.47831829999996	74.0	100.0
133.49808080000003	74.0	100.0
133.51854500000013	74.0	100.0
133.53808100000015	74.0	100.0
133.55326490000016	74.0	100.0
133.5730168	74.0	100.0
133.59130330000016	74.0	100.0
133.6120168	74.0	100.0
133.63405590000002	74.0	100.0
133.6533898	74.0	100.0
133.67992730000014	74.0	100.0
133.69817110000008	74.0	100.0
133.71966659999998	74.0	100.0
133.73957610000002	74.0	100.0
133.75805330000003	74.0	100.0
133.77801480000016	74.0	100.0
133.79883919999997	74.0	100.0
133.81844969999997	74.0	100.0
133.83765630000016	74.0	100.0
133.8579552000001	74.0	100.0
133.8794378	74.0	100.0
133.90091389999998	74.0	100.0
133.91768820000016	74.0	100.0
133.93760080000015	74.0	100.0
133.9572799	74.0	100.0
133.97775339999998	74.0	100.0
133.9978231	74.0	100.0
134.01826840000012	74.0	100.0
134.03883500000006	74.0	100.0
134.05872990000012	74.0	100.0
134.07917399999997	74.0	100.0
134.09887849999996	74.0	100.0
134.11891579999997	74.0	100.0
134.1380835	74.0	100.0
134.1584679	74.0	100.0
134.17839390000017	74.0	100.0
134.20323660000008	74.0	100.0
134.22129240000004	74.0	100.0
134.23946580000006	74.0	100.0
134.25786779999999	73.0	100.0
134.27818780000007	73.0	100.0
134.30220370000006	73.0	100.0
134.31801360000009	73.0	100.0
134.33766650000007	73.0	100.0
134.35932700000012	73.0	100.0
134.3794984000001	73.0	100.0
134.4023052	73.0	100.0
134.41903879999995	73.0	100.0
134.43806070000005	73.0	100.0
134.4580734000001	73.0	100.0
134.47762720000014	73.0	100.0
134.49833809999996	73.0	100.0
134.5187694000001	73.0	100.0
134.54207459999998	73.0	100.0
134.55773560000011	73.0	100.0
134.57810240000003	73.0	100.0
134.59932360000016	73.0	100.0
134.61831400000005	73.0	100.0
134.63878760000011	73.0	100.0
134.65858900000012	73.0	100.0
134.67972470000018	73.0	100.0
134.7012678000001	73.0	100.0
134.71869860000015	73.0	100.0
134.73809460000007	73.0	100.0
134.75767180000003	73.0	100.0
134.77802020000013	73.0	100.0
134.79877620000002	73.0	100.0
134.82227820000003	73.0	100.0
134.83841540000003	73.0	100.0
134.86088180000002	73.0	100.0
134.8787890000001	73.0	100.0
134.89969840000003	73.0	100.0
134.92309309999996	73.0	100.0
134.93941680000012	73.0	100.0
134.9598638	73.0	100.0
134.97869760000003	73.0	100.0
134.9993078	73.0	100.0
135.02178049999998	73.0	100.0
135.0404026000001	73.0	100.0
135.05898950000005	73.0	100.0
135.07927240000004	73.0	100.0
135.09969999999998	73.0	100.0
135.11930900000016	73.0	100.0
135.14038670000014	73.0	100.0
135.15977930000008	73.0	100.0
135.1816315000001	73.0	100.0
135.19934469999998	73.0	100.0
135.22003400000017	73.0	100.0
135.2413507000001	73.0	100.0
135.26133240000013	72.0	100.0
135.28098580000005	72.0	100.0
135.29985190000002	72.0	100.0
135.31979969999998	72.0	100.0
135.34757430000013	72.0	100.0
135.3599901	72.0	100.0
135.37980860000016	72.0	100.0
135.39976680000018	72.0	100.0
135.41935630000012	72.0	100.0
135.44355910000013	72.0	100.0
135.45976689999998	72.0	100.0
135.48020199999996	72.0	100.0
135.50241610000012	72.0	100.0
135.51981290000003	72.0	100.0
135.5393709	72.0	100.0
135.55956579999997	72.0	100.0
135.5794668000001	72.0	100.0
135.59953710000013	72.0	100.0
135.61901540000008	72.0	100.0
135.64035869999998	72.0	100.0
135.66119249999997	72.0	100.0
135.67971669999997	72.0	100.0
135.69958259999999	72.0	100.0
135.71944140000005	72.0	100.0
135.73986800000011	72.0	100.0
135.75972079999997	72.0	100.0
135.7785232000001	72.0	100.0
135.80114890000004	72.0	100.0
135.82176750000008	72.0	100.0
135.8393519000001	72.0	100.0
135.8626819000001	72.0	100.0
135.87885240000014	72.0	100.0
135.8995996000001	72.0	100.0
135.91996050000012	72.0	100.0
135.93985140000018	72.0	100.0
135.964072	72.0	100.0
135.9815106000001	72.0	100.0
136.0018854	72.0	100.0
136.0200893000001	72.0	100.0
136.03985510000007	72.0	100.0
136.05993850000004	72.0	100.0
136.0799419	72.0	100.0
136.10007040000005	72.0	100.0
136.12024689999998	72.0	100.0
136.14158229999998	72.0	100.0
136.16011190000017	72.0	100.0
136.17971940000007	72.0	100.0
136.20035150000012	72.0	100.0
136.21963770000002	72.0	100.0
136.24072390000015	72.0	100.0
136.26016030000005	70.0	100.0
136.28407920000018	70.0	100.0
136.3019448	70.0	100.0
136.32008689999998	70.0	100.0
136.33991549999996	70.0	100.0
136.36009950000016	70.0	100.0
136.38405869999997	70.0	100.0
136.40052409999998	70.0	100.0
136.4198659000001	70.0	100.0
136.44077749999997	70.0	100.0
136.46402000000012	70.0	100.0
136.48173450000013	70.0	100.0
136.50016520000008	70.0	100.0
136.5212775	70.0	100.0
136.54066030000013	70.0	100.0
136.56218439999998	70.0	100.0
136.5800197000001	70.0	100.0
136.6016548	70.0	100.0
136.6219069000001	70.0	100.0
136.64109759999997	70.0	100.0
136.65981929999998	70.0	100.0
136.68101130000014	70.0	100.0
136.70083769999997	70.0	100.0
136.72028750000004	70.0	100.0
136.7398839	70.0	100.0
136.76009150000004	70.0	100.0
136.7818568	70.0	100.0
136.80005570000003	70.0	100.0
136.82011860000011	70.0	100.0
136.83992310000008	70.0	100.0
136.85938690000012	70.0	100.0
136.88067190000015	70.0	100.0
136.9040219000001	70.0	100.0
136.92027510000003	70.0	100.0
136.94145040000012	70.0	100.0
136.95994300000007	70.0	100.0
136.98030240000003	70.0	100.0
137.00105380000014	70.0	100.0
137.01974059999998	70.0	100.0
137.03997790000017	70.0	100.0
137.06030680000003	70.0	100.0
137.08154149999996	70.0	100.0
137.10368660000017	70.0	100.0
137.12080140000012	70.0	100.0
137.13977390000014	70.0	100.0
137.1597905000001	70.0	100.0
137.1808704	70.0	100.0
137.20056169999998	70.0	100.0
137.2199521	70.0	100.0
137.24178030000007	70.0	100.0
137.26242560000014	69.0	100.0
137.28102420000005	69.0	100.0
137.30153310000014	69.0	100.0
137.32443750000016	69.0	100.0
137.34293679999996	69.0	100.0
137.36136020000004	69.0	100.0
137.38050210000006	69.0	100.0
137.40181780000012	69.0	100.0
137.42692320000015	69.0	100.0
137.44111700000008	69.0	100.0
137.46013930000004	69.0	100.0
137.4807498	69.0	100.0
137.49837960000013	69.0	100.0
137.52424370000017	69.0	100.0
137.54029579999997	69.0	100.0
137.56032430000005	69.0	100.0
137.58164780000016	69.0	100.0
137.60090690000015	69.0	100.0
137.62035570000012	69.0	100.0
137.6403421	69.0	100.0
137.65998680000007	69.0	100.0
137.67989699999998	69.0	100.0
137.70279920000007	69.0	100.0
137.7213650000001	69.0	100.0
137.7422742000001	69.0	100.0
137.7604765000001	69.0	100.0
137.78031440000018	69.0	100.0
137.8011716000001	69.0	100.0
137.82036319999997	69.0	100.0
137.84067449999998	69.0	100.0
137.86009760000002	69.0	100.0
137.88097990000006	69.0	100.0
137.90171520000013	69.0	100.0
137.92164190000017	69.0	100.0
137.94399270000008	69.0	100.0
137.96040749999997	69.0	100.0
137.98069529999998	69.0	100.0
138.0028460000001	69.0	100.0
138.0210701000001	69.0	100.0
138.0451356000001	69.0	100.0
138.0626823	69.0	100.0
138.08019780000018	69.0	100.0
138.10049270000013	69.0	100.0
138.12050399999998	69.0	100.0
138.14064800000006	69.0	100.0
138.16028600000004	69.0	100.0
138.17838170000005	69.0	100.0
138.20140549999996	69.0	100.0
138.2214417	69.0	100.0
138.24202030000015	69.0	100.0
138.26101130000006	68.0	100.0
138.28074850000007	68.0	100.0
138.29404750000003	68.0	100.0
138.3192904	68.0	100.0
138.33838400000013	68.0	100.0
138.35859200000004	68.0	100.0
138.37994649999996	68.0	100.0
138.39742130000013	68.0	100.0
138.41967360000012	68.0	100.0
138.44086470000002	68.0	100.0
138.4628037	68.0	100.0
138.4798578	68.0	100.0
138.50077150000016	68.0	100.0
138.5220021	68.0	100.0
138.5432515	68.0	100.0
138.56404570000018	68.0	100.0
138.5801120000001	68.0	100.0
138.59981970000013	68.0	100.0
138.62164660000008	68.0	100.0
138.64131910000015	68.0	100.0
138.66103999999996	68.0	100.0
138.68170320000013	68.0	100.0
138.70391430000018	68.0	100.0
138.72104690000015	68.0	100.0
138.74019320000002	68.0	100.0
138.76048220000007	68.0	100.0
138.78011570000012	68.0	100.0
138.80127519999996	68.0	100.0
138.82030400000008	68.0	100.0
138.84069999999997	68.0	100.0
138.8619189000001	68.0	100.0
138.8803236000001	68.0	100.0
138.90045350000014	68.0	100.0
138.9208383	68.0	100.0
138.94116010000016	68.0	100.0
138.96124340000006	68.0	100.0
138.98494879999998	68.0	100.0
139.0021475000001	68.0	100.0
139.024177	68.0	100.0
139.04151969999998	68.0	100.0
139.06028340000012	68.0	100.0
139.08075350000013	68.0	100.0
139.10072179999997	68.0	100.0
139.12025770000014	68.0	100.0
139.13998490000017	68.0	100.0
139.16139999999996	68.0	100.0
139.18552109999996	68.0	100.0
139.20095300000003	68.0	100.0
139.22079110000004	68.0	100.0
139.24199380000005	68.0	100.0
139.26157540000008	69.0	100.0
139.28159300000016	69.0	100.0
139.30136059999995	69.0	100.0
139.3214375	69.0	100.0
139.3439502000001	69.0	100.0
139.36117439999998	69.0	100.0
139.38149629999998	69.0	100.0
139.40532930000018	69.0	100.0
139.42101560000015	69.0	100.0
139.44353150000006	69.0	100.0
139.46103519999997	69.0	100.0
139.4817802	69.0	100.0
139.50686500000006	69.0	100.0
139.5214972000001	69.0	100.0
139.54083830000013	69.0	100.0
139.56280040000001	69.0	100.0
139.58150020000016	69.0	100.0
139.60529500000007	69.0	100.0
139.6213298	69.0	100.0
139.6423999000001	69.0	100.0
139.66422250000005	69.0	100.0
139.68089600000008	69.0	100.0
139.7020834	69.0	100.0
139.72127	69.0	100.0
139.74108100000012	69.0	100.0
139.76201809999998	69.0	100.0
139.78139080000005	69.0	100.0
139.8021407000001	69.0	100.0
139.82260710000014	69.0	100.0
139.84130070000015	69.0	100.0
139.86136970000007	69.0	100.0
139.8815277000001	69.0	100.0
139.90138460000003	69.0	100.0
139.92171470000017	69.0	100.0
139.94137960000012	69.0	100.0
139.96211259999995	69.0	100.0
139.98242060000007	69.0	100.0
140.00199410000005	69.0	100.0
140.0248696000001	69.0	100.0
140.04110020000007	69.0	100.0
140.06191250000006	69.0	100.0
140.08156010000016	69.0	100.0
140.10204220000014	69.0	100.0
140.1262091000001	69.0	100.0
140.14346539999997	69.0	100.0
140.1614912	69.0	100.0
140.18242710000004	69.0	100.0
140.20216849999997	69.0	100.0
140.22221390000004	69.0	100.0
140.24221350000016	69.0	100.0
140.26284299999998	70.0	100.0
140.28170769999997	70.0	100.0
140.30446640000014	70.0	100.0
140.3218213	70.0	100.0
140.3419156	70.0	100.0
140.36230420000015	70.0	100.0
140.38190269999996	70.0	100.0
140.40153499999997	70.0	100.0
140.4211189	70.0	100.0
140.44669280000016	70.0	100.0
140.46409600000015	70.0	100.0
140.48179770000002	70.0	100.0
140.5015452	70.0	100.0
140.52121929999998	70.0	100.0
140.5413145	70.0	100.0
140.56293400000004	70.0	100.0
140.58252149999998	70.0	100.0
140.60263370000007	70.0	100.0
140.6238707	70.0	100.0
140.64584750000017	70.0	100.0
140.66209860000004	70.0	100.0
140.6821179000001	70.0	100.0
140.70160410000017	70.0	100.0
140.72163079999996	70.0	100.0
140.74138860000016	70.0	100.0
140.7612239	70.0	100.0
140.78232279999997	70.0	100.0
140.80166810000014	70.0	100.0
140.82002910000006	70.0	100.0
140.83669220000002	70.0	100.0
140.85860950000006	70.0	100.0
140.87692820000007	70.0	100.0
140.8969979000001	70.0	100.0
140.9187515000001	70.0	100.0
140.94186650000006	70.0	100.0
140.95957750000002	70.0	100.0
140.98146140000017	70.0	100.0
141.00199570000018	70.0	100.0
141.021522	70.0	100.0
141.04149400000006	70.0	100.0
141.06552269999997	70.0	100.0
141.0831310000001	70.0	100.0
141.10386070000004	70.0	100.0
141.1222491000001	70.0	100.0
141.14230429999998	70.0	100.0
141.1657213000001	70.0	100.0
141.1844019	70.0	100.0
141.20199390000016	70.0	100.0
141.22178959999997	70.0	100.0
141.2436967000001	70.0	100.0
141.2685262	69.0	100.0
141.28245060000017	69.0	100.0
141.3023462000001	69.0	100.0
141.32266419999996	69.0	100.0
141.34097610000003	69.0	100.0
141.36146589999998	69.0	100.0
141.38050820000012	69.0	100.0
141.4011051	69.0	100.0
141.42027170000006	69.0	100.0
141.43928230000006	69.0	100.0
141.46262790000014	69.0	100.0
141.48206260000006	69.0	100.0
141.50220430000013	69.0	100.0
141.52067250000005	69.0	100.0
141.54160309999997	69.0	100.0
141.56169950000003	69.0	100.0
141.58401270000013	69.0	100.0
141.60293680000018	69.0	100.0
141.62221969999996	69.0	100.0
141.64218800000003	69.0	100.0
141.66228690000003	69.0	100.0
141.68609749999996	69.0	100.0
141.70277180000016	69.0	100.0
141.72259540000005	69.0	100.0
141.74416700000006	69.0	100.0
141.76182330000006	69.0	100.0
141.78225970000017	69.0	100.0
141.8021470000001	69.0	100.0
141.82238580000012	69.0	100.0
141.8422584	69.0	100.0
141.86209370000006	69.0	100.0
141.88254070000016	69.0	100.0
141.90548209999997	69.0	100.0
141.9225332000001	69.0	100.0
141.94243140000003	69.0	100.0
141.96236	69.0	100.0
141.98223150000013	69.0	100.0
142.00351969999997	69.0	100.0
142.02232960000015	69.0	100.0
142.04340090000005	69.0	100.0
142.0640717000001	69.0	100.0
142.08237870000016	69.0	100.0
142.10706340000002	69.0	100.0
142.12274130000014	69.0	100.0
142.14248740000016	69.0	100.0
142.1629544	69.0	100.0
142.18202310000015	69.0	100.0
142.2086362	69.0	100.0
142.2248247	69.0	100.0
142.24385540000003	69.0	100.0
142.2630348	69.0	100.0
142.28278320000004	69.0	100.0
142.30721080000012	69.0	100.0
142.32285990000014	69.0	100.0
142.34268370000018	69.0	100.0
142.36354589999996	69.0	100.0
142.38413590000005	69.0	100.0
142.40384319999998	69.0	100.0
142.42239870000003	69.0	100.0
142.4426155000001	69.0	100.0
142.46236090000002	69.0	100.0
142.4818236000001	69.0	100.0
142.50186759999997	69.0	100.0
142.52514840000003	69.0	100.0
142.54624230000013	69.0	100.0
142.56478830000015	69.0	100.0
142.5824986	69.0	100.0
142.60254400000008	69.0	100.0
142.6271124	69.0	100.0
142.64315269999997	69.0	100.0
142.66283220000014	69.0	100.0
142.68323610000016	69.0	100.0
142.7053512	69.0	100.0
142.72716839999998	69.0	100.0
142.74231670000017	69.0	100.0
142.7624049000001	69.0	100.0
142.78254130000005	69.0	100.0
142.80386150000004	69.0	100.0
142.82703720000018	69.0	100.0
142.8436134000001	69.0	100.0
142.86529730000007	69.0	100.0
142.88290230000007	69.0	100.0
142.90376830000014	69.0	100.0
142.9251577	69.0	100.0
142.9403847000001	69.0	100.0
142.96156370000017	69.0	100.0
142.98319860000015	69.0	100.0
143.0042409	69.0	100.0
143.02894600000013	69.0	100.0
143.0444599	69.0	100.0
143.06499099999996	69.0	100.0
143.08415170000012	69.0	100.0
143.10382440000012	69.0	100.0
143.12382860000002	69.0	100.0
143.14692690000015	69.0	100.0
143.1640883	69.0	100.0
143.18539150000015	69.0	100.0
143.20378790000018	69.0	100.0
143.2232871000001	69.0	100.0
143.24748520000003	69.0	100.0
143.26382750000016	70.0	100.0
143.2838366000001	70.0	100.0
143.30389190000005	70.0	100.0
143.3242855000001	70.0	100.0
143.34897030000002	70.0	100.0
143.36387660000014	70.0	100.0
143.38350730000002	70.0	100.0
143.40364480000017	70.0	100.0
143.42353260000004	70.0	100.0
143.44400410000003	70.0	100.0
143.46365290000017	70.0	100.0
143.48380380000003	70.0	100.0
143.50592370000004	70.0	100.0
143.52366260000008	70.0	100.0
143.54339840000011	70.0	100.0
143.56368829999997	70.0	100.0
143.58347200000003	70.0	100.0
143.60420510000017	70.0	100.0
143.6232030000001	70.0	100.0
143.6443432000001	70.0	100.0
143.66583360000004	70.0	100.0
143.6840810000001	70.0	100.0
143.70380620000014	70.0	100.0
143.72353340000018	70.0	100.0
143.74442350000004	70.0	100.0
143.7665042000001	70.0	100.0
143.78192120000017	70.0	100.0
143.80425990000003	70.0	100.0
143.82573500000012	70.0	100.0
143.8438675	70.0	100.0
143.8662872	70.0	100.0
143.88210879999997	70.0	100.0
143.9039170000001	70.0	100.0
143.92314370000008	70.0	100.0
143.94296020000002	70.0	100.0
143.96417510000015	70.0	100.0
143.9851794000001	70.0	100.0
144.00515600000017	70.0	100.0
144.02384270000016	70.0	100.0
144.04451930000005	70.0	100.0
144.06397110000012	70.0	100.0
144.08391500000016	70.0	100.0
144.10393980000003	70.0	100.0
144.11878920000004	70.0	100.0
144.14674750000017	70.0	100.0
144.1632833000001	70.0	100.0
144.18709839999997	70.0	100.0
144.2050260000001	70.0	100.0
144.22435029999997	70.0	100.0
144.24525010000002	70.0	100.0
144.26506229999995	69.0	100.0
144.28729880000014	69.0	100.0
144.30545770000003	69.0	100.0
144.32379090000018	69.0	100.0
144.3442202000001	69.0	100.0
144.3639045	69.0	100.0
144.38751969999998	69.0	100.0
144.40542090000008	69.0	100.0
144.42543569999998	69.0	100.0
144.44443220000016	69.0	100.0
144.46593860000007	69.0	100.0
144.483921	69.0	100.0
144.5050549	69.0	100.0
144.52491750000013	69.0	100.0
144.5438133	69.0	100.0
144.56509760000017	69.0	100.0
144.5842536	69.0	100.0
144.6053958	69.0	100.0
144.62615730000016	69.0	100.0
144.64470560000018	69.0	100.0
144.66605649999997	69.0	100.0
144.68398630000002	69.0	100.0
144.70499440000003	69.0	100.0
144.72471450000012	69.0	100.0
144.7441245	69.0	100.0
144.76552290000018	69.0	100.0
144.78676450000012	69.0	100.0
144.80543740000007	69.0	100.0
144.82364710000002	69.0	100.0
144.84402280000018	69.0	100.0
144.86386970000012	69.0	100.0
144.8850884000001	69.0	100.0
144.90843010000003	69.0	100.0
144.92582119999997	69.0	100.0
144.94617370000014	69.0	100.0
144.96602730000018	69.0	100.0
144.9849216	69.0	100.0
145.0055794	69.0	100.0
145.0249976	69.0	100.0
145.04519300000015	69.0	100.0
145.06523030000017	69.0	100.0
145.08564079999996	69.0	100.0
145.10765600000013	69.0	100.0
145.1251989	69.0	100.0
145.14515840000013	69.0	100.0
145.16516290000004	69.0	100.0
145.18393820000006	69.0	100.0
145.20572270000002	69.0	100.0
145.22522950000007	69.0	100.0
145.2464235	69.0	100.0
145.26632940000013	69.0	100.0
145.28566109999997	69.0	100.0
145.30521310000017	69.0	100.0
145.32819770000015	69.0	100.0
145.3451688	69.0	100.0
145.3650153000001	69.0	100.0
145.38430110000013	69.0	100.0
145.4061392000001	69.0	100.0
145.4308324000001	69.0	100.0
145.44508680000013	69.0	100.0
145.46520729999997	69.0	100.0
145.4852886000001	69.0	100.0
145.50574819999997	69.0	100.0
145.52551760000006	69.0	100.0
145.54490150000015	69.0	100.0
145.56712370000014	69.0	100.0
145.58757460000015	69.0	100.0
145.60509190000016	69.0	100.0
145.62508249999996	69.0	100.0
145.64548980000018	69.0	100.0
145.66495810000015	69.0	100.0
145.68534050000017	69.0	100.0
145.70600980000017	69.0	100.0
145.72565520000012	69.0	100.0
145.74720500000012	69.0	100.0
145.76528870000016	69.0	100.0
145.785478	69.0	100.0
145.80558689999998	69.0	100.0
145.82541140000012	69.0	100.0
145.84562920000008	69.0	100.0
145.86252990000003	69.0	100.0
145.88533189999998	69.0	100.0
145.90646470000002	69.0	100.0
145.92522050000002	69.0	100.0
145.94825520000018	69.0	100.0
145.96606350000002	69.0	100.0
145.98562930000003	69.0	100.0
146.00553390000005	69.0	100.0
146.02528270000016	69.0	100.0
146.0458747	69.0	100.0
146.067718	69.0	100.0
146.08514779999996	69.0	100.0
146.10513920000017	69.0	100.0
146.1258573	69.0	100.0
146.14446450000014	69.0	100.0
146.16492000000017	69.0	100.0
146.18459230000008	69.0	100.0
146.20583060000013	69.0	100.0
146.22621320000007	69.0	100.0
146.2595060000001	69.0	100.0
146.26567120000004	67.0	100.0
146.2853477000001	67.0	100.0
146.30586440000002	67.0	100.0
146.32524179999996	67.0	100.0
146.34487579999995	67.0	100.0
146.36946690000013	67.0	100.0
146.38714730000015	67.0	100.0
146.40679139999997	67.0	100.0
146.4245638	67.0	100.0
146.4455097	67.0	100.0
146.4661119	67.0	100.0
146.48554639999998	67.0	100.0
146.5056181	67.0	100.0
146.52605719999997	67.0	100.0
146.54661490000012	67.0	100.0
146.56442600000014	67.0	100.0
146.5855649	67.0	100.0
146.60615159999998	67.0	100.0
146.62548200000015	67.0	100.0
146.64517060000003	67.0	100.0
146.66584750000015	67.0	100.0
146.6861904	67.0	100.0
146.70724240000004	67.0	100.0
146.7257830000001	67.0	100.0
146.74510710000004	67.0	100.0
146.7645883	67.0	100.0
146.78444060000015	67.0	100.0
146.80409380000015	67.0	100.0
146.82490870000015	67.0	100.0
146.84535800000003	67.0	100.0
146.8655275000001	67.0	100.0
146.8884868	67.0	100.0
146.90532770000004	67.0	100.0
146.92480610000007	67.0	100.0
146.944616	67.0	100.0
146.9650220000001	67.0	100.0
146.98836920000008	67.0	100.0
147.00554490000013	67.0	100.0
147.02759850000007	67.0	100.0
147.04503250000016	67.0	100.0
147.0646944	67.0	100.0
147.0851130000001	67.0	100.0
147.10501810000005	67.0	100.0
147.12493770000015	67.0	100.0
147.14476220000006	67.0	100.0
147.16541960000018	67.0	100.0
147.18589540000016	67.0	100.0
147.20533060000002	67.0	100.0
147.2258713000001	67.0	100.0
147.24613820000013	67.0	100.0
147.26625480000007	66.0	100.0
147.28574830000002	66.0	100.0
147.3057573000001	66.0	100.0
147.3282283000001	66.0	100.0
147.34795540000005	66.0	100.0
147.36568090000014	66.0	100.0
147.38574119999998	66.0	100.0
147.4084852000001	66.0	100.0
147.4249238	66.0	100.0
147.44523049999998	66.0	100.0
147.46492380000018	66.0	100.0
147.48672890000012	66.0	100.0
147.5080554000001	66.0	100.0
147.52630360000012	66.0	100.0
147.54691720000005	66.0	100.0
147.5650273000001	66.0	100.0
147.58600550000006	66.0	100.0
147.60998830000017	66.0	100.0
147.62571960000014	66.0	100.0
147.6456700000001	66.0	100.0
147.66779100000008	66.0	100.0
147.6863654000001	66.0	100.0
147.7061738	66.0	100.0
147.72528970000008	66.0	100.0
147.74506970000016	66.0	100.0
147.76534970000012	66.0	100.0
147.78478900000005	66.0	100.0
147.8061990000001	66.0	100.0
147.8265441000001	66.0	100.0
147.84479069999998	66.0	100.0
147.8651665	66.0	100.0
147.88529710000012	66.0	100.0
147.9055029000001	66.0	100.0
147.92897940000012	66.0	100.0
147.94545530000005	66.0	100.0
147.96553760000006	66.0	100.0
147.98816120000015	66.0	100.0
148.00526710000008	66.0	100.0
148.0285851000001	66.0	100.0
148.04560319999996	66.0	100.0
148.06516550000015	66.0	100.0
148.08499430000006	66.0	100.0
148.10517630000004	66.0	100.0
148.12669960000017	66.0	100.0
148.14765250000005	66.0	100.0
148.16595350000011	66.0	100.0
148.18526380000003	66.0	100.0
148.2059197000001	66.0	100.0
148.22615280000014	66.0	100.0
148.24640169999998	66.0	100.0
148.26585480000017	66.0	100.0
148.28658210000003	66.0	100.0
148.30838489999996	66.0	100.0
148.32602960000008	66.0	100.0
148.35222700000008	66.0	100.0
148.36606389999997	66.0	100.0
148.38570140000002	66.0	100.0
148.4060591	66.0	100.0
148.42581010000004	66.0	100.0
148.4507880000001	66.0	100.0
148.4679407000001	66.0	100.0
148.48538550000012	66.0	100.0
148.50533760000008	66.0	100.0
148.52588890000015	66.0	100.0
148.54538960000014	66.0	100.0
148.56792029999997	66.0	100.0
148.5854151000001	66.0	100.0
148.60745650000013	66.0	100.0
148.6289703	66.0	100.0
148.6502994	66.0	100.0
148.66609960000005	66.0	100.0
148.68580540000016	66.0	100.0
148.70601420000003	66.0	100.0
148.7261899	66.0	100.0
148.74558560000014	66.0	100.0
148.76640070000008	66.0	100.0
148.78792040000008	66.0	100.0
148.80615310000007	66.0	100.0
148.82602930000007	66.0	100.0
148.84642050000002	66.0	100.0
148.86597640000014	66.0	100.0
148.88613269999996	66.0	100.0
148.90625380000006	66.0	100.0
148.92660079999996	66.0	100.0
148.9486991000001	66.0	100.0
148.96681020000005	66.0	100.0
148.98587620000012	66.0	100.0
149.00653380000017	66.0	100.0
149.02591260000008	66.0	100.0
149.04589290000013	66.0	100.0
149.07016970000018	66.0	100.0
149.08747530000005	66.0	100.0
149.10799050000014	66.0	100.0
149.12711149999996	66.0	100.0
149.14604069999996	66.0	100.0
149.17161490000012	66.0	100.0
149.18618809999998	66.0	100.0
149.20706530000007	66.0	100.0
149.2259200000001	66.0	100.0
149.24745810000013	66.0	100.0
149.2699388000001	67.0	100.0
149.28629850000016	67.0	100.0
149.30605300000002	67.0	100.0
149.3260014	67.0	100.0
149.34569490000013	67.0	100.0
149.36615510000001	67.0	100.0
149.38556340000014	67.0	100.0
149.40639260000012	67.0	100.0
149.42873410000016	67.0	100.0
149.44600349999996	67.0	100.0
149.46563100000003	67.0	100.0
149.49029810000002	67.0	100.0
149.50594850000016	67.0	100.0
149.52599450000002	67.0	100.0
149.54624920000015	67.0	100.0
149.5671073000001	67.0	100.0
149.59275650000018	67.0	100.0
149.60621830000014	67.0	100.0
149.62607049999997	67.0	100.0
149.6464281000001	67.0	100.0
149.66633509999997	67.0	100.0
149.690116	67.0	100.0
149.7062797000001	67.0	100.0
149.72784750000005	67.0	100.0
149.74803010000005	67.0	100.0
149.76573670000016	67.0	100.0
149.78651560000003	67.0	100.0
149.8071665	67.0	100.0
149.8258234	67.0	100.0
149.84639110000012	67.0	100.0
149.86644230000002	67.0	100.0
149.88840340000002	67.0	100.0
149.90950340000018	67.0	100.0
149.92699960000004	67.0	100.0
149.94782410000016	67.0	100.0
149.96626270000002	67.0	100.0
149.9863997	67.0	100.0
150.00768070000004	67.0	100.0
150.02721370000017	67.0	100.0
150.04734129999997	67.0	100.0
150.06846080000014	67.0	100.0
150.08739480000008	67.0	100.0
150.11027060000015	67.0	100.0
150.1262415000001	67.0	100.0
150.14605640000013	67.0	100.0
150.16626220000012	67.0	100.0
150.18603329999996	67.0	100.0
150.2117029000001	67.0	100.0
150.22995379999998	67.0	100.0
150.2484574	67.0	100.0
150.26778820000004	67.0	100.0
150.28788929999996	67.0	100.0
150.30778299999997	67.0	100.0
150.32780160000016	67.0	100.0
150.3476118000001	67.0	100.0
150.37130130000014	67.0	100.0
150.39096519999998	67.0	100.0
150.40819510000006	67.0	100.0
150.42733210000006	67.0	100.0
150.4477703	67.0	100.0
150.46731109999996	67.0	100.0
150.48613360000013	67.0	100.0
150.5077166000001	67.0	100.0
150.52777860000015	67.0	100.0
150.55187380000007	67.0	100.0
150.56675859999996	67.0	100.0
150.58773500000007	67.0	100.0
150.60855070000002	67.0	100.0
150.62641710000003	67.0	100.0
150.64676910000003	67.0	100.0
150.66662889999998	67.0	100.0
150.68859420000013	67.0	100.0
150.71032790000004	67.0	100.0
150.73129630000017	67.0	100.0
150.74775840000007	67.0	100.0
150.76763210000013	67.0	100.0
150.78803690000018	67.0	100.0
150.80996070000015	67.0	100.0
150.82800900000007	67.0	100.0
150.8480052	67.0	100.0
150.87012750000008	67.0	100.0
150.8877414000001	67.0	100.0
150.90770369999996	67.0	100.0
150.92874600000005	67.0	100.0
150.94771530000003	67.0	100.0
150.96638860000007	67.0	100.0
150.98781440000016	67.0	100.0
151.00955150000004	67.0	100.0
151.0299801000001	67.0	100.0
151.04780400000004	67.0	100.0
151.06748540000012	67.0	100.0
151.08725470000013	67.0	100.0
151.10756779999997	67.0	100.0
151.12768830000005	67.0	100.0
151.15066820000015	67.0	100.0
151.1691780000001	67.0	100.0
151.19059100000004	67.0	100.0
151.20771130000003	67.0	100.0
151.22862780000014	67.0	100.0
151.2515737000001	67.0	100.0
151.26795900000002	67.0	100.0
151.28789410000013	67.0	100.0
151.30763860000002	67.0	100.0
151.32841989999997	67.0	100.0
151.34957050000003	67.0	100.0
151.36764070000004	67.0	100.0
151.387514	67.0	100.0
151.4088839000001	67.0	100.0
151.42805320000002	67.0	100.0
151.44780809999997	67.0	100.0
151.46866250000016	67.0	100.0
151.48832460000017	67.0	100.0
151.5102296	67.0	100.0
151.52781930000015	67.0	100.0
151.54762030000006	67.0	100.0
151.56993290000014	67.0	100.0
151.58775760000003	67.0	100.0
151.60807940000018	67.0	100.0
151.6294054	67.0	100.0
151.64880000000016	67.0	100.0
151.67282369999998	67.0	100.0
151.68790439999998	67.0	100.0
151.70826810000017	67.0	100.0
151.7280413000001	67.0	100.0
151.74644160000003	67.0	100.0
151.7683062000001	67.0	100.0
151.7878141000001	67.0	100.0
151.8089735000001	67.0	100.0
151.83107340000015	67.0	100.0
151.84823210000013	67.0	100.0
151.8689905000001	67.0	100.0
151.88883680000004	67.0	100.0
151.9089699000001	67.0	100.0
151.92950610000003	67.0	100.0
151.94845940000005	67.0	100.0
151.96931519999998	67.0	100.0
151.98966340000015	67.0	100.0
152.00978140000007	67.0	100.0
152.02887680000003	67.0	100.0
152.04924630000005	67.0	100.0
152.06901860000016	67.0	100.0
152.08905649999997	67.0	100.0
152.10842780000007	67.0	100.0
152.1291913	67.0	100.0
152.15006890000018	67.0	100.0
152.16829340000004	67.0	100.0
152.1921499	67.0	100.0
152.2086683	67.0	100.0
152.22790950000012	67.0	100.0
152.24961070000018	67.0	100.0
152.26851970000007	66.0	100.0
152.29240219999997	66.0	100.0
152.31007550000004	66.0	100.0
152.32844599999999	66.0	100.0
152.35229070000014	66.0	100.0
152.36878150000007	66.0	100.0
152.38868049999996	66.0	100.0
152.40867160000016	66.0	100.0
152.4283229	66.0	100.0
152.4489681	66.0	100.0
152.47157500000003	66.0	100.0
152.4894326000001	66.0	100.0
152.5075253	66.0	100.0
152.52923899999996	66.0	100.0
152.55098829999997	66.0	100.0
152.56786180000017	66.0	100.0
152.58858570000007	66.0	100.0
152.61004350000007	66.0	100.0
152.63051259999997	66.0	100.0
152.64909460000013	66.0	100.0
152.66916890000016	66.0	100.0
152.68953970000007	66.0	100.0
152.71152040000015	66.0	100.0
152.72958740000013	66.0	100.0
152.7492893000001	66.0	100.0
152.7695510000001	66.0	100.0
152.78993690000016	66.0	100.0
152.80959470000016	66.0	100.0
152.82908150000003	66.0	100.0
152.84993810000014	66.0	100.0
152.86853380000002	66.0	100.0
152.88833339999996	66.0	100.0
152.90917809999996	66.0	100.0
152.92893860000004	66.0	100.0
152.94950660000018	66.0	100.0
152.9687328	66.0	100.0
152.9888281000001	66.0	100.0
153.0115455	66.0	100.0
153.0288395	66.0	100.0
153.0485622000001	66.0	100.0
153.06859729999996	66.0	100.0
153.0893916	66.0	100.0
153.11055420000002	66.0	100.0
153.12897180000004	66.0	100.0
153.1485990000001	66.0	100.0
153.1687300000001	66.0	100.0
153.1883560000001	66.0	100.0
153.20899740000004	66.0	100.0
153.23213310000006	66.0	100.0
153.24990120000007	66.0	100.0
153.27156190000005	66.0	100.0
153.28892029999997	66.0	100.0
153.30883560000007	66.0	100.0
153.3326465	66.0	100.0
153.34917360000009	66.0	100.0
153.37006300000007	66.0	100.0
153.388774	66.0	100.0
153.40947359999996	66.0	100.0
153.43436650000012	66.0	100.0
153.44915930000002	66.0	100.0
153.46887020000008	66.0	100.0
153.489241	66.0	100.0
153.5098892000001	66.0	100.0
153.52947730000005	66.0	100.0
153.54948080000008	66.0	100.0
153.56993080000007	66.0	100.0
153.59041100000013	66.0	100.0
153.60953430000018	66.0	100.0
153.63024100000007	66.0	100.0
153.65026230000012	66.0	100.0
153.6702851	66.0	100.0
153.6891759	66.0	100.0
153.70803060000003	66.0	100.0
153.72964509999997	66.0	100.0
153.7552522000001	66.0	100.0
153.76960980000013	66.0	100.0
153.78897510000002	66.0	100.0
153.80994450000003	66.0	100.0
153.82966410000017	66.0	100.0
153.85021419999998	66.0	100.0
153.86974550000014	66.0	100.0
153.89049910000017	66.0	100.0
153.91168340000013	66.0	100.0
153.92997680000008	66.0	100.0
153.94896040000003	66.0	100.0
153.96867220000013	66.0	100.0
153.98889329999997	66.0	100.0
154.00886830000013	66.0	100.0
154.02871430000005	66.0	100.0
154.05025090000004	66.0	100.0
154.0728497	66.0	100.0
154.0899594	66.0	100.0
154.10993380000014	66.0	100.0
154.1287245000001	66.0	100.0
154.14943080000012	66.0	100.0
154.17013650000013	66.0	100.0
154.18854940000006	66.0	100.0
154.21115080000004	66.0	100.0
154.23109399999998	66.0	100.0
154.24996550000014	66.0	100.0
154.2701356	66.0	100.0
154.29154790000007	66.0	100.0
154.31020290000015	66.0	100.0
154.3297603000001	66.0	100.0
154.37946020000004	66.0	100.0
154.3794934	66.0	100.0
154.39461189999997	66.0	100.0
154.5166878	66.0	100.0
154.51670620000004	66.0	100.0
154.5167160000001	66.0	100.0
154.51672380000014	66.0	100.0
154.51673240000014	66.0	100.0
154.5167398000001	66.0	100.0
154.52989739999998	66.0	100.0
154.55231980000008	66.0	100.0
154.57183610000016	66.0	100.0
154.59141	66.0	100.0
154.60973890000014	66.0	100.0
154.62974989999998	66.0	100.0
154.6890896	66.0	100.0
154.68910720000008	66.0	100.0
154.69017680000002	66.0	100.0
154.82423070000004	66.0	100.0
154.82425150000017	66.0	100.0
154.82425980000016	66.0	100.0
154.82426759999998	66.0	100.0
154.82427510000002	66.0	100.0
154.82428240000013	66.0	100.0
154.8302103000001	66.0	100.0
154.85035089999997	66.0	100.0
154.87147860000005	66.0	100.0
154.89407010000014	66.0	100.0
154.91047730000014	66.0	100.0
154.9544840000001	66.0	100.0
154.95451780000008	66.0	100.0
154.96980680000001	66.0	100.0
154.99035170000002	66.0	100.0
155.01113670000018	66.0	100.0
155.04869499999995	66.0	100.0
155.04950729999996	66.0	100.0
155.07003110000005	66.0	100.0
155.08927900000003	66.0	100.0
155.11154480000005	66.0	100.0
155.15050710000014	66.0	100.0
155.1505406000001	66.0	100.0
155.1694867000001	66.0	100.0
155.19173850000016	66.0	100.0
155.21029670000007	66.0	100.0
155.25333590000014	66.0	100.0
155.25335560000008	66.0	100.0
155.27051410000013	67.0	100.0
155.28998580000007	67.0	100.0
155.31599570000003	67.0	100.0
155.3558362000001	67.0	100.0
155.35585450000008	67.0	100.0
155.36995220000017	67.0	100.0
155.38986969999996	67.0	100.0
155.41444030000002	67.0	100.0
155.45883560000016	67.0	100.0
155.4588553000001	67.0	100.0
155.470186	67.0	100.0
155.4907201000001	67.0	100.0
155.51531	67.0	100.0
155.5603046000001	67.0	100.0
155.56033939999998	67.0	100.0
155.5697662	67.0	100.0
155.59017200000017	67.0	100.0
155.61055890000011	67.0	100.0
155.64213600000016	67.0	100.0
155.6499126000001	67.0	100.0
155.67259839999997	67.0	100.0
155.68995080000013	67.0	100.0
155.71031319999997	67.0	100.0
155.73008490000007	67.0	100.0
155.91600370000015	67.0	100.0
155.91603830000008	67.0	100.0
155.91605980000008	67.0	100.0
155.91607850000014	67.0	100.0
155.91609470000003	67.0	100.0
155.9161107	67.0	100.0
155.91612650000002	67.0	100.0
155.91614270000014	67.0	100.0
155.91615880000018	67.0	100.0
155.93066440000007	67.0	100.0
155.98295710000002	67.0	100.0
155.98297620000017	67.0	100.0
155.99764490000007	67.0	100.0
156.01091670000005	67.0	100.0
156.03553570000008	67.0	100.0
156.04951490000008	67.0	100.0
156.0667476000001	67.0	100.0
156.12222210000004	67.0	100.0
156.1222408000001	67.0	100.0
156.1313259000001	67.0	100.0
156.15199099999995	67.0	100.0
156.17018800000005	67.0	100.0
156.22472319999997	67.0	100.0
156.22474420000003	67.0	100.0
156.22993270000006	67.0	100.0
156.27380360000006	67.0	100.0
156.27383750000013	68.0	100.0
156.29078479999998	68.0	100.0
156.31307450000008	68.0	100.0
156.33082950000016	68.0	100.0
156.52785040000003	68.0	100.0
156.52787060000014	68.0	100.0
156.5278793	68.0	100.0
156.52788680000003	68.0	100.0
156.52789410000014	68.0	100.0
156.52875570000015	68.0	100.0
156.52877290000015	68.0	100.0
156.52878140000007	68.0	100.0
156.52878970000006	68.0	100.0
156.53058370000008	68.0	100.0
156.55279830000018	68.0	100.0
156.73353140000017	68.0	100.0
156.73356639999997	68.0	100.0
156.73358370000005	68.0	100.0
156.73360220000018	68.0	100.0
156.73362240000006	68.0	100.0
156.73364170000013	68.0	100.0
156.7336580000001	68.0	100.0
156.73367380000013	68.0	100.0
156.73387030000004	68.0	100.0
156.7490282000001	68.0	100.0
156.79772000000003	68.0	100.0
156.79775430000018	68.0	100.0
156.80392740000002	68.0	100.0
156.82273910000004	68.0	100.0
156.84863610000002	68.0	100.0
157.0420805000001	68.0	100.0
157.04211520000013	68.0	100.0
157.04213249999998	68.0	100.0
157.04215539999996	68.0	100.0
157.04217830000016	68.0	100.0
157.04219480000006	68.0	100.0
157.0422132000001	68.0	100.0
157.04223100000013	68.0	100.0
157.04225020000013	68.0	100.0
157.0535182000001	68.0	100.0
157.07171990000006	68.0	100.0
157.09254750000014	68.0	100.0
157.14993679999998	68.0	100.0
157.1499549	68.0	100.0
157.15267319999998	68.0	100.0
157.1714796000001	68.0	100.0
157.29044820000013	68.0	100.0
157.29048480000006	68.0	100.0
157.29050380000012	68.0	100.0
157.29053670000008	68.0	100.0
157.29056149999997	69.0	100.0
157.29211120000014	69.0	100.0
157.3119243000001	69.0	100.0
157.33121070000016	69.0	100.0
157.3507486000001	69.0	100.0
157.37093200000004	69.0	100.0
157.39532929999996	69.0	100.0
157.45476180000014	69.0	100.0
157.45478960000014	69.0	100.0
157.45480110000017	69.0	100.0
157.47205040000017	69.0	100.0
157.589475	69.0	100.0
157.5894949000001	69.0	100.0
157.58950330000016	69.0	100.0
157.58951079999997	69.0	100.0
157.58951860000002	69.0	100.0
157.59800790000008	69.0	100.0
157.6134078	69.0	100.0
157.63148079999996	69.0	100.0
157.65232319999996	69.0	100.0
157.67183180000006	69.0	100.0
157.69177330000002	69.0	100.0
157.71295510000004	69.0	100.0
157.75638849999996	69.0	100.0
157.75640650000014	69.0	100.0
157.77370700000006	69.0	100.0
157.89657980000015	69.0	100.0
157.8966143	69.0	100.0
157.8966316000001	69.0	100.0
157.8966673	69.0	100.0
157.8967050000001	69.0	100.0
157.89673300000004	69.0	100.0
157.91459980000013	69.0	100.0
157.93186090000017	69.0	100.0
157.95185149999998	69.0	100.0
157.97188010000013	69.0	100.0
157.99724609999998	69.0	100.0
158.0159036	69.0	100.0
158.03274450000004	69.0	100.0
158.05307540000013	69.0	100.0
158.07407350000017	69.0	100.0
158.27085220000004	69.0	100.0
158.2708708	69.0	100.0
158.2708788	69.0	100.0
158.27088649999996	69.0	100.0
158.27089420000016	69.0	100.0
158.27178649999996	69.0	100.0
158.27180199999998	69.0	100.0
158.2718099000001	69.0	100.0
158.2718172	69.0	100.0
158.27311600000007	70.0	100.0
158.2933822	70.0	100.0
158.31376090000003	70.0	100.0
158.33288070000003	70.0	100.0
158.38077440000006	70.0	100.0
158.38080960000002	70.0	100.0
158.39394579999998	70.0	100.0
158.52028710000013	70.0	100.0
158.5203073	70.0	100.0
158.5203156	70.0	100.0
158.52032320000012	70.0	100.0
158.52033070000016	70.0	100.0
158.52033800000004	70.0	100.0
158.53702450000014	70.0	100.0
158.55595200000016	70.0	100.0
158.5732911	70.0	100.0
158.59343839999997	70.0	100.0
158.64122550000002	70.0	100.0
158.64124390000006	70.0	100.0
158.65389790000017	70.0	100.0
158.6738249	70.0	100.0
158.69530299999997	70.0	100.0
158.71519039999998	70.0	100.0
158.7402621000001	70.0	100.0
158.75351030000002	70.0	100.0
158.773547	70.0	100.0
158.79363869999997	70.0	100.0
158.81432540000014	70.0	100.0
158.8338017000001	70.0	100.0
158.85459860000014	70.0	100.0
158.87571430000003	70.0	100.0
158.8932334000001	70.0	100.0
158.91404580000017	70.0	100.0
158.93390590000013	70.0	100.0
158.95419590000006	70.0	100.0
158.97364830000015	70.0	100.0
158.99326500000006	70.0	100.0
159.01450990000012	70.0	100.0
159.03619750000007	70.0	100.0
159.05394450000017	70.0	100.0
159.07347060000006	70.0	100.0
159.09338679999996	70.0	100.0
159.11433410000018	70.0	100.0
159.13442499999996	70.0	100.0
159.15770810000004	70.0	100.0
159.17455100000006	70.0	100.0
159.19739419999996	70.0	100.0
159.21443810000005	70.0	100.0
159.23401550000017	70.0	100.0
159.25741259999995	70.0	100.0
159.27434900000003	69.0	100.0
159.29398880000008	69.0	100.0
159.31433170000014	69.0	100.0
159.33450770000013	69.0	100.0
159.35574770000017	69.0	100.0
159.3744713000001	69.0	100.0
159.39439170000014	69.0	100.0
159.41360570000006	69.0	100.0
159.43362620000016	69.0	100.0
159.45376610000017	69.0	100.0
159.47381010000004	69.0	100.0
159.4940372000001	69.0	100.0
159.51684750000004	69.0	100.0
159.53331200000002	69.0	100.0
159.55407800000012	69.0	100.0
159.57377410000004	69.0	100.0
159.59347000000002	69.0	100.0
159.61628240000005	69.0	100.0
159.63377600000013	69.0	100.0
159.65526799999998	69.0	100.0
159.6761954000001	69.0	100.0
159.69434580000006	69.0	100.0
159.71459189999996	69.0	100.0
159.73391130000005	69.0	100.0
159.7545473	69.0	100.0
159.77455989999999	69.0	100.0
159.79388830000016	69.0	100.0
159.8157122	69.0	100.0
159.83753660000002	69.0	100.0
159.85529399999996	69.0	100.0
159.87444700000015	69.0	100.0
159.89400030000002	69.0	100.0
159.9144725000001	69.0	100.0
159.9352626	69.0	100.0
159.95460860000003	69.0	100.0
159.97584460000007	69.0	100.0
159.99729520000005	69.0	100.0
160.0152316000001	69.0	100.0
160.03455340000005	69.0	100.0
160.05508810000015	69.0	100.0
160.07481350000012	69.0	100.0
160.0985184000001	69.0	100.0
160.11533810000014	69.0	100.0
160.1358884000001	69.0	100.0
160.15705270000012	69.0	100.0
160.17538579999996	69.0	100.0
160.19581990000006	69.0	100.0
160.21529710000004	69.0	100.0
160.23490490000017	69.0	100.0
160.25687830000015	69.0	100.0
160.27490480000006	68.0	100.0
160.29947949999996	68.0	100.0
160.31805370000006	68.0	100.0
160.33618930000011	68.0	100.0
160.35580700000014	68.0	100.0
160.37543090000008	68.0	100.0
160.39432290000013	68.0	100.0
160.41542890000005	68.0	100.0
160.43541389999996	68.0	100.0
160.46084180000003	68.0	100.0
160.4772974	68.0	100.0
160.49441660000002	68.0	100.0
160.51548580000008	68.0	100.0
160.53530569999998	68.0	100.0
160.55486270000006	68.0	100.0
160.57741310000006	68.0	100.0
160.5945901	68.0	100.0
160.61652800000002	68.0	100.0
160.63748480000004	68.0	100.0
160.65583850000007	68.0	100.0
160.67540069999995	68.0	100.0
160.69480040000008	68.0	100.0
160.71507150000002	68.0	100.0
160.73534590000008	68.0	100.0
160.7523847	68.0	100.0
160.771702	68.0	100.0
160.79574900000011	68.0	100.0
160.81706359999998	68.0	100.0
160.83574220000014	68.0	100.0
160.85579610000013	68.0	100.0
160.87570360000018	68.0	100.0
160.89709870000002	68.0	100.0
160.91593780000017	68.0	100.0
160.9370358000001	68.0	100.0
160.95824089999996	68.0	100.0
160.97783920000006	68.0	100.0
160.9966743	68.0	100.0
161.0175941	68.0	100.0
161.0367960000001	68.0	100.0
161.0569299000001	68.0	100.0
161.07614350000017	68.0	100.0
161.0966731000001	68.0	100.0
161.1182801	68.0	100.0
161.1362798	68.0	100.0
161.15618700000005	68.0	100.0
161.17631260000007	68.0	100.0
161.1961202	68.0	100.0
161.21635490000017	68.0	100.0
161.24001420000013	68.0	100.0
161.25869890000013	68.0	100.0
161.27903030000016	68.0	100.0
161.29726560000017	68.0	100.0
161.31749090000017	68.0	100.0
161.33712910000008	68.0	100.0
161.35714170000006	68.0	100.0
161.37742939999998	68.0	100.0
161.39686300000017	68.0	100.0
161.41798360000007	68.0	100.0
161.4431509000001	68.0	100.0
161.45680100000004	68.0	100.0
161.47690420000004	68.0	100.0
161.4973824000001	68.0	100.0
161.51755249999997	68.0	100.0
161.53757689999998	68.0	100.0
161.55721860000017	68.0	100.0
161.57675360000007	68.0	100.0
161.59765349999998	68.0	100.0
161.61710310000012	68.0	100.0
161.63589180000008	68.0	100.0
161.65763119999997	68.0	100.0
161.67701039999997	68.0	100.0
161.69635749999998	68.0	100.0
161.7163547	68.0	100.0
161.73859579999998	68.0	100.0
161.75979030000008	68.0	100.0
161.77742360000002	68.0	100.0
161.79727930000013	68.0	100.0
161.81646450000017	68.0	100.0
161.83742989999996	68.0	100.0
161.86243280000008	68.0	100.0
161.87774000000013	68.0	100.0
161.8981421000001	68.0	100.0
161.9193233000001	68.0	100.0
161.93813790000013	68.0	100.0
161.95786610000005	68.0	100.0
161.9777666	68.0	100.0
161.9959834000001	68.0	100.0
162.01725840000017	68.0	100.0
162.03804960000002	68.0	100.0
162.05816160000018	68.0	100.0
162.07948940000006	68.0	100.0
162.0978897	68.0	100.0
162.11803810000015	68.0	100.0
162.13793490000012	68.0	100.0
162.15802710000003	68.0	100.0
162.17798749999997	68.0	100.0
162.1976982000001	68.0	100.0
162.21829279999997	68.0	100.0
162.23974590000012	68.0	100.0
162.25945220000017	68.0	100.0
162.2820283000001	69.0	100.0
162.29684070000008	69.0	100.0
162.31967269999996	69.0	100.0
162.33798420000016	69.0	100.0
162.3580336	69.0	100.0
162.38235180000015	69.0	100.0
162.40077020000012	69.0	100.0
162.4184282000001	69.0	100.0
162.43783120000012	69.0	100.0
162.45801110000002	69.0	100.0
162.47807460000013	69.0	100.0
162.49823720000018	69.0	100.0
162.5180322000001	69.0	100.0
162.53812489999996	69.0	100.0
162.55971810000005	69.0	100.0
162.5789761000001	69.0	100.0
162.5985184000001	69.0	100.0
162.6180538000001	69.0	100.0
162.63804340000002	69.0	100.0
162.65822090000006	69.0	100.0
162.6776225000001	69.0	100.0
162.69792410000014	69.0	100.0
162.72041260000015	69.0	100.0
162.7376137000001	69.0	100.0
162.75731990000008	69.0	100.0
162.77735150000012	69.0	100.0
162.7973915	69.0	100.0
162.8193533000001	69.0	100.0
162.83960109999998	69.0	100.0
162.85985990000017	69.0	100.0
162.88070749999997	69.0	100.0
162.90238870000007	69.0	100.0
162.91797280000014	69.0	100.0
162.93819240000016	69.0	100.0
162.95777710000016	69.0	100.0
162.97806360000004	69.0	100.0
162.99835729999995	69.0	100.0
163.01818000000003	69.0	100.0
163.0396435	69.0	100.0
163.05941300000018	69.0	100.0
163.07860140000003	69.0	100.0
163.09844250000015	69.0	100.0
163.1185657000001	69.0	100.0
163.13799089999998	69.0	100.0
163.15851970000017	69.0	100.0
163.17953580000017	69.0	100.0
163.20116329999996	69.0	100.0
163.21888320000016	69.0	100.0
163.23785770000018	69.0	100.0
163.25917070000014	69.0	100.0
163.2794699000001	70.0	100.0
163.2998480000001	70.0	100.0
163.32203249999998	70.0	100.0
163.3387600000001	70.0	100.0
163.36220550000007	70.0	100.0
163.37926900000002	70.0	100.0
163.39912990000016	70.0	100.0
163.42347229999996	70.0	100.0
163.4394863	70.0	100.0
163.45855690000008	70.0	100.0
163.47789050000006	70.0	100.0
163.49845619999996	70.0	100.0
163.5252994	70.0	100.0
163.53979560000016	70.0	100.0
163.55926060000002	70.0	100.0
163.58150410000007	70.0	100.0
163.59957320000012	70.0	100.0
163.61991810000018	70.0	100.0
163.63838340000007	70.0	100.0
163.65964740000004	70.0	100.0
163.681282	70.0	100.0
163.6979993	70.0	100.0
163.71848130000012	70.0	100.0
163.73865139999998	70.0	100.0
163.75924069999996	70.0	100.0
163.77833870000018	70.0	100.0
163.7981744000001	70.0	100.0
163.8204978000001	70.0	100.0
163.84122810000008	70.0	100.0
163.8598343000001	70.0	100.0
163.87819839999997	70.0	100.0
163.90032310000015	70.0	100.0
163.91984990000014	70.0	100.0
163.94325700000013	70.0	100.0
163.95933720000016	70.0	100.0
163.97997910000004	70.0	100.0
164.00216640000008	70.0	100.0
164.02017090000004	70.0	100.0
164.04100210000001	70.0	100.0
164.06074450000006	70.0	100.0
164.0796554000001	70.0	100.0
164.09967800000004	70.0	100.0
164.12177070000007	70.0	100.0
164.1413781000001	70.0	100.0
164.1620766000001	70.0	100.0
164.17972180000015	70.0	100.0
164.19980699999996	70.0	100.0
164.22084919999998	70.0	100.0
164.2399401	70.0	100.0
164.2567153	70.0	100.0
164.27811140000017	69.0	100.0
164.30090640000003	69.0	100.0
164.32231980000006	69.0	100.0
164.34029280000004	69.0	100.0
164.35984140000005	69.0	100.0
164.38082269999995	69.0	100.0
164.4000155000001	69.0	100.0
164.4222009	69.0	100.0
164.44076719999998	69.0	100.0
164.46503710000002	69.0	100.0
164.48190220000015	69.0	100.0
164.50094280000008	69.0	100.0
164.52097930000014	69.0	100.0
164.5398649000001	69.0	100.0
164.56465790000016	69.0	100.0
164.5808118	69.0	100.0
164.60077620000015	69.0	100.0
164.62163680000003	69.0	100.0
164.6421831	69.0	100.0
164.66012139999998	69.0	100.0
164.68082990000016	69.0	100.0
164.7006179	69.0	100.0
164.72075910000012	69.0	100.0
164.7404272000001	69.0	100.0
164.75995220000004	69.0	100.0
164.78141419999997	69.0	100.0
164.80198830000018	69.0	100.0
164.82093640000016	69.0	100.0
164.83991760000004	69.0	100.0
164.86048470000014	69.0	100.0
164.88049339999998	69.0	100.0
164.90064810000013	69.0	100.0
164.92074679999996	69.0	100.0
164.94109219999996	69.0	100.0
164.9631746	69.0	100.0
164.98059260000014	69.0	100.0
165.00133359999995	69.0	100.0
165.02072250000015	69.0	100.0
165.04079709999996	69.0	100.0
165.06042479999996	69.0	100.0
165.08420840000008	69.0	100.0
165.10045390000005	69.0	100.0
165.12198230000013	69.0	100.0
165.14079500000003	69.0	100.0
165.16096700000003	69.0	100.0
165.18079520000015	69.0	100.0
165.20059270000002	69.0	100.0
165.2215867	69.0	100.0
165.24134460000005	69.0	100.0
165.2622897000001	69.0	100.0
165.2846982000001	68.0	100.0
165.3024487	68.0	100.0
165.32154930000002	68.0	100.0
165.34550650000006	68.0	100.0
165.36145239999996	68.0	100.0
165.38131970000018	68.0	100.0
165.40514900000016	68.0	100.0
165.42182150000008	68.0	100.0
165.44296129999998	68.0	100.0
165.46207490000006	68.0	100.0
165.48151989999997	68.0	100.0
165.50135610000007	68.0	100.0
165.52114400000005	68.0	100.0
165.54090140000017	68.0	100.0
165.56116180000004	68.0	100.0
165.5823765	68.0	100.0
165.60644350000007	68.0	100.0
165.6223321	68.0	100.0
165.64174479999997	68.0	100.0
165.66176110000015	68.0	100.0
165.6814065000001	68.0	100.0
165.70623820000014	68.0	100.0
165.7221952	68.0	100.0
165.74126840000008	68.0	100.0
165.76348470000016	68.0	100.0
165.7818463000001	68.0	100.0
165.80192740000007	68.0	100.0
165.8222177	68.0	100.0
165.84204580000005	68.0	100.0
165.86274479999997	68.0	100.0
165.88257160000012	68.0	100.0
165.90361789999997	68.0	100.0
165.9252550000001	68.0	100.0
165.94216670000014	68.0	100.0
165.96160240000017	68.0	100.0
165.98203839999996	68.0	100.0
166.00405260000002	68.0	100.0
166.02220350000016	68.0	100.0
166.04214709999997	68.0	100.0
166.06270430000018	68.0	100.0
166.08396310000012	68.0	100.0
166.10212309999997	68.0	100.0
166.12601110000014	68.0	100.0
166.14136710000002	68.0	100.0
166.16281670000012	68.0	100.0
166.18204220000007	68.0	100.0
166.20189249999999	68.0	100.0
166.2268901	68.0	100.0
166.24473839999996	68.0	100.0
166.26257380000015	68.0	100.0
166.28067780000015	67.0	100.0
166.3011951000001	67.0	100.0
166.32164080000007	67.0	100.0
166.34193589999995	67.0	100.0
166.36579789999996	67.0	100.0
166.3826957000001	67.0	100.0
166.4037667	67.0	100.0
166.42282690000002	67.0	100.0
166.44211250000012	67.0	100.0
166.46157860000017	67.0	100.0
166.48233819999996	67.0	100.0
166.50345349999998	67.0	100.0
166.5194434	67.0	100.0
166.54586510000013	67.0	100.0
166.56390320000014	67.0	100.0
166.58253120000018	67.0	100.0
166.59545060000005	67.0	100.0
166.62109099999998	67.0	100.0
166.63594420000004	67.0	100.0
166.65752570000018	67.0	100.0
166.6817727	67.0	100.0
166.7007251	67.0	100.0
166.72431800000004	67.0	100.0
166.73881219999998	67.0	100.0
166.76153080000017	67.0	100.0
166.7815333000001	67.0	100.0
166.8015637000001	67.0	100.0
166.82244880000007	67.0	100.0
166.8421555	67.0	100.0
166.8624073000001	67.0	100.0
166.8867021000001	67.0	100.0
166.90238720000002	67.0	100.0
166.922194	67.0	100.0
166.9420338	67.0	100.0
166.9623372000001	67.0	100.0
166.98217510000018	67.0	100.0
167.00219700000002	67.0	100.0
167.02344770000013	67.0	100.0
167.0448076	67.0	100.0
167.06220230000008	67.0	100.0
167.0821029000001	67.0	100.0
167.1023709000001	67.0	100.0
167.1225876000001	67.0	100.0
167.14162239999996	67.0	100.0
167.16127419999998	67.0	100.0
167.18175810000002	67.0	100.0
167.20479910000017	67.0	100.0
167.2224566	67.0	100.0
167.2416181000001	67.0	100.0
167.26631110000017	67.0	100.0
167.28202720000013	66.0	100.0
167.30208790000006	66.0	100.0
167.32248000000004	66.0	100.0
167.34222969999996	66.0	100.0
167.36470380000014	66.0	100.0
167.38196230000017	66.0	100.0
167.40175580000005	66.0	100.0
167.42173909999997	66.0	100.0
167.44188329999997	66.0	100.0
167.46239119999996	66.0	100.0
167.48170890000006	66.0	100.0
167.50281889999997	66.0	100.0
167.52492310000002	66.0	100.0
167.54197910000016	66.0	100.0
167.5618939000001	66.0	100.0
167.58247430000006	66.0	100.0
167.6039012000001	66.0	100.0
167.6231233000001	66.0	100.0
167.64190280000003	66.0	100.0
167.66278480000005	66.0	100.0
167.68858550000004	66.0	100.0
167.70334530000014	66.0	100.0
167.7235889000001	66.0	100.0
167.7418838000001	66.0	100.0
167.76229060000014	66.0	100.0
167.78323520000004	66.0	100.0
167.80240019999997	66.0	100.0
167.82391830000006	66.0	100.0
167.8450653	66.0	100.0
167.86320410000008	66.0	100.0
167.88309100000015	66.0	100.0
167.90353430000005	66.0	100.0
167.9233666	66.0	100.0
167.94266860000016	66.0	100.0
167.96193749999998	66.0	100.0
167.98390310000013	66.0	100.0
168.00616130000003	66.0	100.0
168.02399100000002	66.0	100.0
168.04312290000007	66.0	100.0
168.06192060000012	66.0	100.0
168.08391030000007	66.0	100.0
168.10331040000005	66.0	100.0
168.12359770000012	66.0	100.0
168.14329540000017	66.0	100.0
168.16575360000002	66.0	100.0
168.18313090000015	66.0	100.0
168.20622590000016	66.0	100.0
168.22217820000014	66.0	100.0
168.2422179	66.0	100.0
168.26639980000004	66.0	100.0
168.27650089999997	64.0	100.0
168.3001342	64.0	100.0
168.3227961	64.0	100.0
168.34125900000004	64.0	100.0
168.3637268	64.0	100.0
168.38362159999997	64.0	100.0
168.40361240000016	64.0	100.0
168.42412839999997	64.0	100.0
168.44351200000006	64.0	100.0
168.46449989999996	64.0	100.0
168.48633280000013	64.0	100.0
168.50370810000004	64.0	100.0
168.52495799999997	64.0	100.0
168.54336669999998	64.0	100.0
168.5630804	64.0	100.0
168.58348520000004	64.0	100.0
168.60400700000014	64.0	100.0
168.6274502000001	64.0	100.0
168.6462312000001	64.0	100.0
168.6637330000001	64.0	100.0
168.68415010000012	64.0	100.0
168.70362640000008	64.0	100.0
168.72461010000006	64.0	100.0
168.7438079000001	64.0	100.0
168.76376690000006	64.0	100.0
168.7857911000001	64.0	100.0
168.80821880000008	64.0	100.0
168.82558160000008	64.0	100.0
168.8437136	64.0	100.0
168.86365709999995	64.0	100.0
168.88348140000016	64.0	100.0
168.90330960000006	64.0	100.0
168.9241869	64.0	100.0
168.94565310000007	64.0	100.0
168.96615570000017	64.0	100.0
168.98531790000015	64.0	100.0
169.00519900000018	64.0	100.0
169.02604020000012	64.0	100.0
169.04405740000016	64.0	100.0
169.06495840000002	64.0	100.0
169.08369110000012	64.0	100.0
169.10397310000008	64.0	100.0
169.12744300000008	64.0	100.0
169.14493200000015	64.0	100.0
169.16374900000005	64.0	100.0
169.18470030000003	64.0	100.0
169.20372280000015	64.0	100.0
169.22463319999997	64.0	100.0
169.24683210000012	64.0	100.0
169.26623229999996	64.0	100.0
169.28620290000003	64.0	100.0
169.3039162	64.0	100.0
169.3246663	64.0	100.0
169.3478768	64.0	100.0
169.36357220000014	64.0	100.0
169.38367940000012	64.0	100.0
169.40342680000003	64.0	100.0
169.4245969000001	64.0	100.0
169.44982210000012	64.0	100.0
169.46363680000013	64.0	100.0
169.48392940000008	64.0	100.0
169.50397420000013	64.0	100.0
169.5239262	64.0	100.0
169.5442289	64.0	100.0
169.56384920000005	64.0	100.0
169.58564390000015	64.0	100.0
169.60565169999995	64.0	100.0
169.6251224	64.0	100.0
169.64475620000007	64.0	100.0
169.6649870000001	64.0	100.0
169.68373169999995	64.0	100.0
169.70413759999997	64.0	100.0
169.72484980000013	64.0	100.0
169.7452244000001	64.0	100.0
169.76668089999998	64.0	100.0
169.7848163000001	64.0	100.0
169.80465930000014	64.0	100.0
169.82492380000008	64.0	100.0
169.84369190000007	64.0	100.0
169.86797580000007	64.0	100.0
169.88415200000009	64.0	100.0
169.90499380000006	64.0	100.0
169.92615309999996	64.0	100.0
169.9443149000001	64.0	100.0
169.96448950000013	64.0	100.0
169.9838926	64.0	100.0
170.00405420000016	64.0	100.0
170.0249275000001	64.0	100.0
170.0439973	64.0	100.0
170.06520950000004	64.0	100.0
170.0867985	64.0	100.0
170.10432409999999	64.0	100.0
170.12440650000008	64.0	100.0
170.1443948000001	64.0	100.0
170.1643626	64.0	100.0
170.18400440000005	64.0	100.0
170.20521810000014	64.0	100.0
170.22575440000014	64.0	100.0
170.24580190000006	64.0	100.0
170.26619819999996	64.0	100.0
170.28867400000013	65.0	100.0
170.30525620000003	65.0	100.0
170.32543720000012	65.0	100.0
170.34549460000017	65.0	100.0
170.3689574	65.0	100.0
170.38970860000018	65.0	100.0
170.40694840000015	65.0	100.0
170.42503510000006	65.0	100.0
170.43878659999996	65.0	100.0
170.4579771000001	65.0	100.0
170.47818329999996	65.0	100.0
170.50294350000013	65.0	100.0
170.52285930000016	65.0	100.0
170.54534510000008	65.0	100.0
170.56724430000008	65.0	100.0
170.5850299000001	65.0	100.0
170.60529770000016	65.0	100.0
170.6262448	65.0	100.0
170.64537210000003	65.0	100.0
170.66529839999998	65.0	100.0
170.68539350000015	65.0	100.0
170.70592680000004	65.0	100.0
170.72766950000005	65.0	100.0
170.74545260000014	65.0	100.0
170.76534360000005	65.0	100.0
170.78587070000003	65.0	100.0
170.80967959999998	65.0	100.0
170.82569190000004	65.0	100.0
170.8454458000001	65.0	100.0
170.86544490000006	65.0	100.0
170.88641180000013	65.0	100.0
170.9093739	65.0	100.0
170.92546400000015	65.0	100.0
170.94498880000015	65.0	100.0
170.96572190000006	65.0	100.0
170.9859348	65.0	100.0
170.99843110000006	65.0	100.0
171.01789200000007	65.0	100.0
171.0399887000001	65.0	100.0
171.0572102000001	65.0	100.0
171.0773127	65.0	100.0
171.09856630000013	65.0	100.0
171.12652070000013	65.0	100.0
171.14620349999996	65.0	100.0
171.16580980000003	65.0	100.0
171.18749690000004	65.0	100.0
171.20731360000013	65.0	100.0
171.22585120000008	65.0	100.0
171.24539019999997	65.0	100.0
171.2667054000001	65.0	100.0
171.2859916	66.0	100.0
171.30538509999997	66.0	100.0
171.3290681000001	66.0	100.0
171.3458958000001	66.0	100.0
171.3675978000001	66.0	100.0
171.38581950000003	66.0	100.0
171.40564919999997	66.0	100.0
171.42946310000002	66.0	100.0
171.44585530000018	66.0	100.0
171.46587799999998	66.0	100.0
171.48539060000007	66.0	100.0
171.5061356000001	66.0	100.0
171.5311577	66.0	100.0
171.5456504000001	66.0	100.0
171.5653221	66.0	100.0
171.58622609999998	66.0	100.0
171.60596370000007	66.0	100.0
171.62494260000017	66.0	100.0
171.6510621	66.0	100.0
171.66586500000017	66.0	100.0
171.68768060000002	66.0	100.0
171.7004769	66.0	100.0
171.72505960000012	66.0	100.0
171.73745800000006	66.0	100.0
171.75775190000013	66.0	100.0
171.77776310000013	66.0	100.0
171.80028790000006	66.0	100.0
171.8243235	66.0	100.0
171.8501533000001	66.0	100.0
171.86523540000007	66.0	100.0
171.88545410000006	66.0	100.0
171.90513090000013	66.0	100.0
171.92532670000014	66.0	100.0
171.9494916000001	66.0	100.0
171.96548340000004	66.0	100.0
171.98543330000007	66.0	100.0
172.01028330000008	66.0	100.0
172.02570920000016	66.0	100.0
172.04771019999998	66.0	100.0
172.06735079999999	66.0	100.0
172.07801600000016	66.0	100.0
172.0980915	66.0	100.0
172.11978539999996	66.0	100.0
172.1412189	66.0	100.0
172.16527900000006	66.0	100.0
172.18458600000008	66.0	100.0
172.20432560000017	66.0	100.0
172.22502340000005	66.0	100.0
172.24534010000002	66.0	100.0
172.26500640000017	66.0	100.0
172.2836903	66.0	100.0
172.30732580000017	66.0	100.0
172.32823940000003	66.0	100.0
172.34989689999998	66.0	100.0
172.36671320000005	66.0	100.0
172.38599990000012	66.0	100.0
172.40613630000007	66.0	100.0
172.42642520000004	66.0	100.0
172.44579210000006	66.0	100.0
172.47068280000008	66.0	100.0
172.4876369000001	66.0	100.0
172.50687240000002	66.0	100.0
172.5255419	66.0	100.0
172.5463112	66.0	100.0
172.56599400000005	66.0	100.0
172.58864730000005	66.0	100.0
172.60658940000008	66.0	100.0
172.62701830000015	66.0	100.0
172.64874240000017	66.0	100.0
172.6664267000001	66.0	100.0
172.68615790000013	66.0	100.0
172.70603810000011	66.0	100.0
172.72696180000003	66.0	100.0
172.74645039999996	66.0	100.0
172.76600240000016	66.0	100.0
172.78794319999997	66.0	100.0
172.80798330000016	66.0	100.0
172.8268012000001	66.0	100.0
172.84630149999998	66.0	100.0
172.8657267000001	66.0	100.0
172.89071790000003	66.0	100.0
172.90658040000017	66.0	100.0
172.9282022	66.0	100.0
172.94725200000016	66.0	100.0
172.9696034000001	66.0	100.0
172.9857965000001	66.0	100.0
173.00643609999997	66.0	100.0
173.02790660000005	66.0	100.0
173.04636849999997	66.0	100.0
173.0664094000001	66.0	100.0
173.09052010000005	66.0	100.0
173.1076289	66.0	100.0
173.12962310000012	66.0	100.0
173.14601130000005	66.0	100.0
173.1658821000001	66.0	100.0
173.18581489999997	66.0	100.0
173.20637570000008	66.0	100.0
173.22674410000013	66.0	100.0
173.24604640000007	66.0	100.0
173.26827720000006	66.0	100.0
173.2899483000001	67.0	100.0
173.30736490000004	67.0	100.0
173.32730340000012	67.0	100.0
173.34723559999998	67.0	100.0
173.36583199999995	67.0	100.0
173.38741800000003	67.0	100.0
173.41073230000006	67.0	100.0
173.42801269999995	67.0	100.0
173.4493887000001	67.0	100.0
173.46722080000018	67.0	100.0
173.48585939999998	67.0	100.0
173.51090250000016	67.0	100.0
173.5279766000001	67.0	100.0
173.5477538	67.0	100.0
173.5673382	67.0	100.0
173.58788930000014	67.0	100.0
173.61342379999996	67.0	100.0
173.62767299999996	67.0	100.0
173.64699480000013	67.0	100.0
173.66596720000007	67.0	100.0
173.68627430000015	67.0	100.0
173.70756830000005	67.0	100.0
173.727212	67.0	100.0
173.74921640000002	67.0	100.0
173.7688951	67.0	100.0
173.78653040000017	67.0	100.0
173.80851940000002	67.0	100.0
173.82810590000008	67.0	100.0
173.84719070000006	67.0	100.0
173.8672712	67.0	100.0
173.8872593000001	67.0	100.0
173.90768320000006	67.0	100.0
173.9293093000001	67.0	100.0
173.94723290000002	67.0	100.0
173.96751289999997	67.0	100.0
173.9873301	67.0	100.0
174.0070634000001	67.0	100.0
174.03062750000004	67.0	100.0
174.04769880000003	67.0	100.0
174.06826939999996	67.0	100.0
174.08891010000002	67.0	100.0
174.10772889999998	67.0	100.0
174.13108080000006	67.0	100.0
174.14746260000015	67.0	100.0
174.16803879999998	67.0	100.0
174.18778470000007	67.0	100.0
174.20729340000003	67.0	100.0
174.22837040000013	67.0	100.0
174.24940820000006	67.0	100.0
174.26908190000017	67.0	100.0
174.28832260000013	66.0	100.0
174.30831110000008	66.0	100.0
174.3285902	66.0	100.0
174.3479605	66.0	100.0
174.37058479999996	66.0	100.0
174.3890805000001	66.0	100.0
174.40999910000005	66.0	100.0
174.42904840000006	66.0	100.0
174.44766419999996	66.0	100.0
174.46778590000008	66.0	100.0
174.4886094000001	66.0	100.0
174.50845750000008	66.0	100.0
174.52900720000002	66.0	100.0
174.5529586	66.0	100.0
174.57076430000006	66.0	100.0
174.58906180000008	66.0	100.0
174.6085981000001	66.0	100.0
174.62882560000003	66.0	100.0
174.65095040000006	66.0	100.0
174.66909950000013	66.0	100.0
174.68883070000015	66.0	100.0
174.7096587000001	66.0	100.0
174.72930629999996	66.0	100.0
174.74860780000017	66.0	100.0
174.76864539999997	66.0	100.0
174.78893790000006	66.0	100.0
174.80895950000013	66.0	100.0
174.8294879	66.0	100.0
174.84889999999996	66.0	100.0
174.86995380000008	66.0	100.0
174.8915852	66.0	100.0
174.90910350000013	66.0	100.0
174.92958110000018	66.0	100.0
174.9493155	66.0	100.0
174.9695425	66.0	100.0
174.98951069999998	66.0	100.0
175.0089958000001	66.0	100.0
175.02952890000006	66.0	100.0
175.0521338000001	66.0	100.0
175.06981700000006	66.0	100.0
175.08789350000006	66.0	100.0
175.10933290000003	66.0	100.0
175.13008379999997	66.0	100.0
175.14878320000003	66.0	100.0
175.16908260000014	66.0	100.0
175.19009030000007	66.0	100.0
175.21107619999998	66.0	100.0
175.22971170000005	66.0	100.0
175.24968190000004	66.0	100.0
175.27069559999995	66.0	100.0
175.2896843000001	67.0	100.0
175.31045590000008	67.0	100.0
175.33016040000007	67.0	100.0
175.35117020000007	67.0	100.0
175.3716727000001	67.0	100.0
175.39012850000017	67.0	100.0
175.40983649999998	67.0	100.0
175.43001290000007	67.0	100.0
175.44947650000017	67.0	100.0
175.46999830000004	67.0	100.0
175.49009610000007	67.0	100.0
175.5101896000001	67.0	100.0
175.53277300000013	67.0	100.0
175.54996920000008	67.0	100.0
175.56862969999997	67.0	100.0
175.59438490000002	67.0	100.0
175.60997850000012	67.0	100.0
175.63030019999997	67.0	100.0
175.6499586	67.0	100.0
175.67058020000013	67.0	100.0
175.69468619999998	67.0	100.0
175.710151	67.0	100.0
175.73056399999996	67.0	100.0
175.75025500000015	67.0	100.0
175.76981210000008	67.0	100.0
175.79020409999998	67.0	100.0
175.80973660000018	67.0	100.0
175.83141	67.0	100.0
175.8530201000001	67.0	100.0
175.87067090000005	67.0	100.0
175.89072340000007	67.0	100.0
175.90964510000003	67.0	100.0
175.9300568000001	67.0	100.0
175.9499879	67.0	100.0
175.96960579999995	67.0	100.0
175.99047859999996	67.0	100.0
176.01161730000013	67.0	100.0
176.03107569999997	67.0	100.0
176.0494510000001	67.0	100.0
176.06970260000003	67.0	100.0
176.08992880000005	67.0	100.0
176.11410590000014	67.0	100.0
176.13083690000008	67.0	100.0
176.15138650000017	67.0	100.0
176.17307619999997	67.0	100.0
176.19101580000006	67.0	100.0
176.21488190000014	67.0	100.0
176.23087740000005	67.0	100.0
176.25050370000008	67.0	100.0
176.27258640000014	67.0	100.0
176.29127170000015	67.0	100.0
176.31534820000002	67.0	100.0
176.3339684	67.0	100.0
176.35460260000013	67.0	100.0
176.37173210000014	67.0	100.0
176.39123889999996	67.0	100.0
176.41129550000005	67.0	100.0
176.43131390000008	67.0	100.0
176.45174340000017	67.0	100.0
176.47218820000012	67.0	100.0
176.49493600000005	67.0	100.0
176.51349140000002	67.0	100.0
176.53109870000003	67.0	100.0
176.55121789999998	67.0	100.0
176.57158560000016	67.0	100.0
176.59117530000003	67.0	100.0
176.61018940000008	67.0	100.0
176.6328343	67.0	100.0
176.65330600000016	67.0	100.0
176.67170520000013	67.0	100.0
176.69168439999999	67.0	100.0
176.7115315000001	67.0	100.0
176.7352945	67.0	100.0
176.75167210000018	67.0	100.0
176.77168370000004	67.0	100.0
176.79169890000003	67.0	100.0
176.81433960000004	67.0	100.0
176.83240079999996	67.0	100.0
176.85190469999998	67.0	100.0
176.87186659999998	67.0	100.0
176.89173819999996	67.0	100.0
176.9116067	67.0	100.0
176.93278420000001	67.0	100.0
176.95247570000015	67.0	100.0
176.97289720000003	67.0	100.0
176.99169270000016	67.0	100.0
177.0118609000001	67.0	100.0
177.03340900000012	67.0	100.0
177.05168750000007	67.0	100.0
177.072044	67.0	100.0
177.09159339999997	67.0	100.0
177.11295540000015	67.0	100.0
177.1345149000001	67.0	100.0
177.15246030000003	67.0	100.0
177.17281649999995	67.0	100.0
177.19193040000005	67.0	100.0
177.21174970000015	67.0	100.0
177.23287700000014	67.0	100.0
177.2554136000001	67.0	100.0
177.2743064000001	67.0	100.0
177.29413940000018	65.0	100.0
177.31261400000017	65.0	100.0
177.33281669999997	65.0	100.0
177.35476700000004	65.0	100.0
177.3725293	65.0	100.0
177.39223590000006	65.0	100.0
177.41283670000007	65.0	100.0
177.43395899999996	65.0	100.0
177.45834460000015	65.0	100.0
177.4724311	65.0	100.0
177.49202390000005	65.0	100.0
177.51183400000014	65.0	100.0
177.53199790000008	65.0	100.0
177.5521404000001	65.0	100.0
177.57146810000017	65.0	100.0
177.59178020000013	65.0	100.0
177.61325850000003	65.0	100.0
177.63343640000016	65.0	100.0
177.65313720000017	65.0	100.0
177.67299760000014	65.0	100.0
177.69276130000003	65.0	100.0
177.71254740000018	65.0	100.0
177.732442	65.0	100.0
177.75305730000014	65.0	100.0
177.77816840000014	65.0	100.0
177.7926821000001	65.0	100.0
177.81220480000002	65.0	100.0
177.83299770000008	65.0	100.0
177.85264110000003	65.0	100.0
177.87633060000007	65.0	100.0
177.89241600000014	65.0	100.0
177.91318320000005	65.0	100.0
177.93357860000015	65.0	100.0
177.9533732	65.0	100.0
177.97289260000002	65.0	100.0
177.99304129999996	65.0	100.0
178.01239450000003	65.0	100.0
178.03263960000004	65.0	100.0
178.05236290000016	65.0	100.0
178.0733603000001	65.0	100.0
178.09386960000006	65.0	100.0
178.11277080000013	65.0	100.0
178.1333188000001	65.0	100.0
178.1542313	65.0	100.0
178.17439790000003	65.0	100.0
178.1933179	65.0	100.0
178.20548000000008	65.0	100.0
178.22798320000015	65.0	100.0
178.25028670000006	65.0	100.0
178.27106160000017	65.0	100.0
178.29005589999997	65.0	100.0
178.3125460000001	65.0	100.0
178.33088629999997	65.0	100.0
178.35523090000015	65.0	100.0
178.37252130000002	65.0	100.0
178.39692850000006	65.0	100.0
178.41580350000004	65.0	100.0
178.43424449999998	65.0	100.0
178.45441849999997	65.0	100.0
178.47412840000015	65.0	100.0
178.49738530000013	65.0	100.0
178.51409520000016	65.0	100.0
178.53385350000008	65.0	100.0
178.55349939999996	65.0	100.0
178.57408929999997	65.0	100.0
178.59571030000006	65.0	100.0
178.61421130000008	65.0	100.0
178.63439749999998	65.0	100.0
178.65333699999996	65.0	100.0
178.67387630000007	65.0	100.0
178.69300390000012	65.0	100.0
178.71421899999996	65.0	100.0
178.73751140000013	65.0	100.0
178.75376170000004	65.0	100.0
178.7734014	65.0	100.0
178.7939738	65.0	100.0
178.81388200000015	65.0	100.0
178.83408380000014	65.0	100.0
178.85406460000013	65.0	100.0
178.87308159999998	65.0	100.0
178.89733490000003	65.0	100.0
178.91481320000003	65.0	100.0
178.93432430000007	65.0	100.0
178.95380280000018	65.0	100.0
178.97346310000012	65.0	100.0
178.99343829999998	65.0	100.0
179.01789050000002	65.0	100.0
179.03589850000003	65.0	100.0
179.05699879999997	65.0	100.0
179.07433460000016	65.0	100.0
179.09327559999997	65.0	100.0
179.11358540000015	65.0	100.0
179.13367620000008	65.0	100.0
179.15355139999997	65.0	100.0
179.17466420000005	65.0	100.0
179.19597810000005	65.0	100.0
179.2161539000001	65.0	100.0
179.2342129000001	65.0	100.0
179.25338710000005	65.0	100.0
179.27698740000005	65.0	100.0
179.29436060000012	64.0	100.0
179.31395780000003	64.0	100.0
179.33814110000003	64.0	100.0
179.35822280000002	64.0	100.0
179.37935230000016	64.0	100.0
179.39539209999998	64.0	100.0
179.41458160000002	64.0	100.0
179.43879230000016	64.0	100.0
179.45450789999995	64.0	100.0
179.47500170000012	64.0	100.0
179.49396939999997	64.0	100.0
179.51505540000016	64.0	100.0
179.53997160000017	64.0	100.0
179.55505760000005	64.0	100.0
179.5751937	64.0	100.0
179.59477000000015	64.0	100.0
179.6145825000001	64.0	100.0
179.63516200000004	64.0	100.0
179.65452010000013	64.0	100.0
179.67564360000006	64.0	100.0
179.69777569999997	64.0	100.0
179.71501750000016	64.0	100.0
179.73536280000008	64.0	100.0
179.75524889999997	64.0	100.0
179.77494550000006	64.0	100.0
179.79586110000014	64.0	100.0
179.81537700000013	64.0	100.0
179.8360067000001	64.0	100.0
179.85679470000014	64.0	100.0
179.87518	64.0	100.0
179.89495699999998	64.0	100.0
179.9151571	64.0	100.0
179.93569079999997	64.0	100.0
179.95887940000011	64.0	100.0
179.97549690000005	64.0	100.0
179.99665219999997	64.0	100.0
180.01823960000002	64.0	100.0
180.03568250000012	64.0	100.0
180.0589205000001	64.0	100.0
180.0757731000001	64.0	100.0
180.09617909999997	64.0	100.0
180.1157376000001	64.0	100.0
180.1356128	64.0	100.0
180.1560131000001	64.0	100.0
180.1779229000001	64.0	100.0
180.19586390000018	64.0	100.0
180.21562860000017	64.0	100.0
180.23568780000005	64.0	100.0
180.2553997	64.0	100.0
180.2764956000001	64.0	100.0
180.2957547000001	66.0	100.0
180.31703070000003	66.0	100.0
180.33820409999998	66.0	100.0
180.35595680000006	66.0	100.0
180.3756068	66.0	100.0
180.3964092000001	66.0	100.0
180.41579320000005	66.0	100.0
180.43563010000003	66.0	100.0
180.45566910000002	66.0	100.0
180.4797784	66.0	100.0
180.49744840000017	66.0	100.0
180.51574690000007	66.0	100.0
180.5368516000001	66.0	100.0
180.55499529999997	66.0	100.0
180.57359340000016	66.0	100.0
180.59526019999998	66.0	100.0
180.61421300000006	66.0	100.0
180.6365479000001	66.0	100.0
180.65776920000008	66.0	100.0
180.67545710000013	66.0	100.0
180.69510230000014	66.0	100.0
180.71580840000001	66.0	100.0
180.73595	66.0	100.0
180.75595710000016	66.0	100.0
180.77568970000016	66.0	100.0
180.7969564	66.0	100.0
180.8177432	66.0	100.0
180.8366102	66.0	100.0
180.8558505000001	66.0	100.0
180.87549060000015	66.0	100.0
180.89594710000006	66.0	100.0
180.91553950000002	66.0	100.0
180.9363032000001	66.0	100.0
180.95629910000002	66.0	100.0
180.97754440000017	66.0	100.0
180.99596350000002	66.0	100.0
181.01775310000016	66.0	100.0
181.03694629999995	66.0	100.0
181.0558089000001	66.0	100.0
181.07561090000013	66.0	100.0
181.09918300000004	66.0	100.0
181.1168272	66.0	100.0
181.1382291	66.0	100.0
181.1558149	66.0	100.0
181.17651450000017	66.0	100.0
181.1960438000001	66.0	100.0
181.21728359999997	66.0	100.0
181.23834980000015	66.0	100.0
181.2579879	66.0	100.0
181.27880600000003	66.0	100.0
181.2985162	65.0	100.0
181.31792229999996	65.0	100.0
181.33718670000007	65.0	100.0
181.3556301000001	65.0	100.0
181.37665260000017	65.0	100.0
181.3964327000001	65.0	100.0
181.4170047	65.0	100.0
181.43772030000014	65.0	100.0
181.45735590000004	65.0	100.0
181.4767872	65.0	100.0
181.49656950000008	65.0	100.0
181.52030560000003	65.0	100.0
181.53671830000008	65.0	100.0
181.55709660000002	65.0	100.0
181.5756355000001	65.0	100.0
181.59870850000016	65.0	100.0
181.622568	65.0	100.0
181.63683300000002	65.0	100.0
181.65619060000017	65.0	100.0
181.6775301	65.0	100.0
181.6885889	65.0	100.0
181.70877140000016	65.0	100.0
181.72972520000008	65.0	100.0
181.75032090000013	65.0	100.0
181.77100240000004	65.0	100.0
181.7957570000001	65.0	100.0
181.815654	65.0	100.0
181.83788090000007	65.0	100.0
181.85690060000002	65.0	100.0
181.876804	65.0	100.0
181.8967365000001	65.0	100.0
181.9171672	65.0	100.0
181.9394827000001	65.0	100.0
181.95682940000006	65.0	100.0
181.97649690000003	65.0	100.0
181.99554120000016	65.0	100.0
182.0157991000001	65.0	100.0
182.0377896	65.0	100.0
182.05636600000003	65.0	100.0
182.07708720000005	65.0	100.0
182.09726120000005	65.0	100.0
182.1173424000001	65.0	100.0
182.13778279999997	65.0	100.0
182.15704419999997	65.0	100.0
182.17693840000015	65.0	100.0
182.19694560000016	65.0	100.0
182.21684860000005	65.0	100.0
182.2378738	65.0	100.0
182.2588005	65.0	100.0
182.2782694	65.0	100.0
182.29722260000017	64.0	100.0
182.31598910000002	64.0	100.0
182.33795069999996	64.0	100.0
182.3574470000001	64.0	100.0
182.3756327000001	64.0	100.0
182.39773430000014	64.0	100.0
182.41819280000004	64.0	100.0
182.43754150000018	64.0	100.0
182.4560285	64.0	100.0
182.47710660000007	64.0	100.0
182.49677270000007	64.0	100.0
182.5171981000001	64.0	100.0
182.53565449999996	64.0	100.0
182.55806800000005	64.0	100.0
182.5790161	64.0	100.0
182.59675420000008	64.0	100.0
182.6161572000001	64.0	100.0
182.63760190000016	64.0	100.0
182.66043680000007	64.0	100.0
182.67718209999998	64.0	100.0
182.69722650000017	64.0	100.0
182.71745810000016	64.0	100.0
182.73835800000006	64.0	100.0
182.75856710000016	64.0	100.0
182.77722830000016	64.0	100.0
182.79650170000014	64.0	100.0
182.81585050000012	64.0	100.0
182.83758220000004	64.0	100.0
182.85573440000007	64.0	100.0
182.87777260000007	64.0	100.0
182.8989431	64.0	100.0
182.91679810000005	64.0	100.0
182.93736580000018	64.0	100.0
182.95712350000008	64.0	100.0
182.9773649000001	64.0	100.0
182.99699039999996	64.0	100.0
183.01738780000005	64.0	100.0
183.03793530000007	64.0	100.0
183.05857600000013	64.0	100.0
183.08128899999997	64.0	100.0
183.09719250000012	64.0	100.0
183.11734390000015	64.0	100.0
183.13706709999997	64.0	100.0
183.15745860000015	64.0	100.0
183.1773545000001	64.0	100.0
183.19756010000015	64.0	100.0
183.21968690000017	64.0	100.0
183.23749900000007	64.0	100.0
183.25682610000013	64.0	100.0
183.27774539999996	64.0	100.0
183.2978782	64.0	100.0
183.31647240000007	64.0	100.0
183.33736750000003	64.0	100.0
183.36167360000013	64.0	100.0
183.37800630000015	64.0	100.0
183.3974611000001	64.0	100.0
183.41723030000003	64.0	100.0
183.4378345	64.0	100.0
183.45698190000007	64.0	100.0
183.47763550000013	64.0	100.0
183.49721060000002	64.0	100.0
183.51787060000015	64.0	100.0
183.53961400000003	64.0	100.0
183.55661480000003	64.0	100.0
183.5778918000001	64.0	100.0
183.60144620000005	64.0	100.0
183.61736480000013	64.0	100.0
183.63764720000017	64.0	100.0
183.65769810000006	64.0	100.0
183.68017810000015	64.0	100.0
183.7027352	64.0	100.0
183.71789850000005	64.0	100.0
183.73695650000013	64.0	100.0
183.75647370000002	64.0	100.0
183.77680980000014	64.0	100.0
183.7982810000001	64.0	100.0
183.81746870000006	64.0	100.0
183.83716040000013	64.0	100.0
183.85931819999996	64.0	100.0
183.87796279999998	64.0	100.0
183.8969551	64.0	100.0
183.9165660000001	64.0	100.0
183.93743470000004	64.0	100.0
183.95795999999996	64.0	100.0
183.97748709999996	64.0	100.0
183.99759070000005	64.0	100.0
184.01945139999998	64.0	100.0
184.03750760000003	64.0	100.0
184.05861019999998	64.0	100.0
184.0781985000001	64.0	100.0
184.09781550000002	64.0	100.0
184.12150429999997	64.0	100.0
184.13811410000017	64.0	100.0
184.1582052000001	64.0	100.0
184.18006579999997	64.0	100.0
184.1980324000001	64.0	100.0
184.22119859999998	64.0	100.0
184.23755040000015	64.0	100.0
184.25850450000007	64.0	100.0
184.278411	64.0	100.0
184.2980046	64.0	100.0
184.31833500000016	64.0	100.0
184.33997550000004	64.0	100.0
184.3578755000001	64.0	100.0
184.3779224	64.0	100.0
184.3985325000001	64.0	100.0
184.41843230000018	64.0	100.0
184.43813079999995	64.0	100.0
184.45786390000012	64.0	100.0
184.47828690000006	64.0	100.0
184.50014299999998	64.0	100.0
184.51723770000012	64.0	100.0
184.53733910000005	64.0	100.0
184.55769440000017	64.0	100.0
184.57843260000004	64.0	100.0
184.60177820000013	64.0	100.0
184.61803640000016	64.0	100.0
184.63898730000005	64.0	100.0
184.66005710000013	64.0	100.0
184.67739690000008	64.0	100.0
184.6979804	64.0	100.0
184.71788330000004	64.0	100.0
184.74225230000002	64.0	100.0
184.75821199999996	64.0	100.0
184.77741000000015	64.0	100.0
184.79977329999997	64.0	100.0
184.8210441000001	64.0	100.0
184.84274030000006	64.0	100.0
184.8582629	64.0	100.0
184.87756639999998	64.0	100.0
184.89808100000005	64.0	100.0
184.91834089999998	64.0	100.0
184.93810410000015	64.0	100.0
184.95860310000012	64.0	100.0
184.98043730000018	64.0	100.0
184.99817770000004	64.0	100.0
185.0173787000001	64.0	100.0
185.03906329999995	64.0	100.0
185.05802360000007	64.0	100.0
185.07859370000006	64.0	100.0
185.0983212000001	64.0	100.0
185.11913170000003	64.0	100.0
185.14151590000006	64.0	100.0
185.16248259999998	64.0	100.0
185.17752040000005	64.0	100.0
185.1980959	64.0	100.0
185.2184317000001	64.0	100.0
185.23855830000002	64.0	100.0
185.26243480000016	64.0	100.0
185.28015360000018	64.0	100.0
185.30136310000012	65.0	100.0
185.31910200000016	65.0	100.0
185.34254529999998	65.0	100.0
185.3620988	65.0	100.0
185.37768800000003	65.0	100.0
185.39786070000014	65.0	100.0
185.41761399999996	65.0	100.0
185.43872410000017	65.0	100.0
185.46148460000018	65.0	100.0
185.4783268000001	65.0	100.0
185.49785500000007	65.0	100.0
185.51844770000002	65.0	100.0
185.5383081	65.0	100.0
185.55777669999998	65.0	100.0
185.57779819999996	65.0	100.0
185.5978537000001	65.0	100.0
185.61966180000013	65.0	100.0
185.63905410000007	65.0	100.0
185.65736170000014	65.0	100.0
185.68281650000017	65.0	100.0
185.69841180000003	65.0	100.0
185.7175797	65.0	100.0
185.73801060000005	65.0	100.0
185.7586209000001	65.0	100.0
185.7846204	65.0	100.0
185.79844990000015	65.0	100.0
185.81792970000015	65.0	100.0
185.83856390000005	65.0	100.0
185.85800070000005	65.0	100.0
185.8820737000001	65.0	100.0
185.89763270000003	65.0	100.0
185.9178320000001	65.0	100.0
185.94019030000004	65.0	100.0
185.95794709999996	65.0	100.0
185.97776880000015	65.0	100.0
185.99775220000015	65.0	100.0
186.01840460000017	65.0	100.0
186.03743540000005	65.0	100.0
186.06197120000002	65.0	100.0
186.0750011	65.0	100.0
186.09653560000015	65.0	100.0
186.1163689	65.0	100.0
186.13787550000006	65.0	100.0
186.15719379999996	65.0	100.0
186.17806990000008	65.0	100.0
186.2017578	65.0	100.0
186.21836700000017	65.0	100.0
186.24024170000007	65.0	100.0
186.26107860000002	65.0	100.0
186.27916400000004	65.0	100.0
186.30244100000004	66.0	100.0
186.31834200000003	66.0	100.0
186.3391947	66.0	100.0
186.35957989999997	66.0	100.0
186.3776117	66.0	100.0
186.40306469999996	66.0	100.0
186.42195860000015	66.0	100.0
186.43814680000014	66.0	100.0
186.45796100000007	66.0	100.0
186.4796186000001	66.0	100.0
186.49146410000003	66.0	100.0
186.51068729999997	66.0	100.0
186.53146360000005	66.0	100.0
186.55519300000014	66.0	100.0
186.57659480000007	66.0	100.0
186.59690960000012	66.0	100.0
186.61732419999998	66.0	100.0
186.63893270000017	66.0	100.0
186.65830530000017	66.0	100.0
186.6787604000001	66.0	100.0
186.69859970000016	66.0	100.0
186.7195971000001	66.0	100.0
186.7410076000001	66.0	100.0
186.75971530000015	66.0	100.0
186.77930530000003	66.0	100.0
186.8004416000001	66.0	100.0
186.82246210000017	66.0	100.0
186.83963970000013	66.0	100.0
186.85842160000016	66.0	100.0
186.8798114000001	66.0	100.0
186.8999821	66.0	100.0
186.9227777000001	66.0	100.0
186.93903710000018	66.0	100.0
186.95959890000017	66.0	100.0
186.9794448	66.0	100.0
186.99853270000017	66.0	100.0
187.01949420000005	66.0	100.0
187.04067110000005	66.0	100.0
187.06121580000013	66.0	100.0
187.0795915000001	66.0	100.0
187.09957529999997	66.0	100.0
187.1193591000001	66.0	100.0
187.13922509999998	66.0	100.0
187.15955069999995	66.0	100.0
187.17952320000018	66.0	100.0
187.20045700000014	66.0	100.0
187.2202420000001	66.0	100.0
187.24231630000008	66.0	100.0
187.25759470000003	66.0	100.0
187.27986580000015	66.0	100.0
187.29926190000015	67.0	100.0
187.32043829999998	67.0	100.0
187.34012959999995	67.0	100.0
187.36136450000004	67.0	100.0
187.38166130000013	67.0	100.0
187.3989795	67.0	100.0
187.41920240000013	67.0	100.0
187.44040719999998	67.0	100.0
187.4592622	67.0	100.0
187.47975570000017	67.0	100.0
187.49943510000003	67.0	100.0
187.52019990000008	67.0	100.0
187.54172059999996	67.0	100.0
187.55967570000007	67.0	100.0
187.5795458	67.0	100.0
187.6015628	67.0	100.0
187.61917230000017	67.0	100.0
187.64058380000006	67.0	100.0
187.6595890000001	67.0	100.0
187.68081260000008	67.0	100.0
187.7011884000001	67.0	100.0
187.7195789	67.0	100.0
187.74012190000008	67.0	100.0
187.75963350000006	67.0	100.0
187.77969630000007	67.0	100.0
187.79886570000008	67.0	100.0
187.81931320000012	67.0	100.0
187.83959800000002	67.0	100.0
187.8611174	67.0	100.0
187.87975310000002	67.0	100.0
187.89965559999996	67.0	100.0
187.9205597	67.0	100.0
187.9406123000001	67.0	100.0
187.96263120000003	67.0	100.0
187.9810169	67.0	100.0
188.00069580000013	67.0	100.0
188.02217870000004	67.0	100.0
188.04090280000014	67.0	100.0
188.06012520000013	67.0	100.0
188.07999480000012	67.0	100.0
188.09995490000006	67.0	100.0
188.1196175	67.0	100.0
188.13806620000014	67.0	100.0
188.15384040000004	67.0	100.0
188.18156	67.0	100.0
188.20076029999996	67.0	100.0
188.21990870000013	67.0	100.0
188.24149080000007	67.0	100.0
188.25987110000005	67.0	100.0
188.28553340000008	67.0	100.0
188.30103270000018	69.0	100.0
188.32182590000002	69.0	100.0
188.34311049999997	69.0	100.0
188.36057010000013	69.0	100.0
188.38452940000002	69.0	100.0
188.40106140000012	69.0	100.0
188.42084080000018	69.0	100.0
188.4406282	69.0	100.0
188.4605524000001	69.0	100.0
188.48617590000003	69.0	100.0
188.50242890000004	69.0	100.0
188.51949620000005	69.0	100.0
188.54069170000002	69.0	100.0
188.56158060000007	69.0	100.0
188.58137310000006	69.0	100.0
188.60060799999997	69.0	100.0
188.62160300000005	69.0	100.0
188.64203510000016	69.0	100.0
188.66338650000012	69.0	100.0
188.68116580000014	69.0	100.0
188.70107740000003	69.0	100.0
188.72100939999996	69.0	100.0
188.74102310000012	69.0	100.0
188.76121940000007	69.0	100.0
188.78007090000006	69.0	100.0
188.80169880000017	69.0	100.0
188.82199660000015	69.0	100.0
188.84167509999997	69.0	100.0
188.86062630000015	69.0	100.0
188.8813639	69.0	100.0
188.90343070000017	69.0	100.0
188.92127330000017	69.0	100.0
188.9412744000001	69.0	100.0
188.96140910000008	69.0	100.0
188.98355230000016	69.0	100.0
189.00178070000015	69.0	100.0
189.02109919999998	69.0	100.0
189.04134220000014	69.0	100.0
189.06124950000003	69.0	100.0
189.08100330000002	69.0	100.0
189.10135209999999	69.0	100.0
189.12178560000007	69.0	100.0
189.14347080000016	69.0	100.0
189.16138850000016	69.0	100.0
189.18121399999995	69.0	100.0
189.20113430000015	69.0	100.0
189.22143330000017	69.0	100.0
189.24168450000002	69.0	100.0
189.26062190000016	69.0	100.0
189.28234700000007	69.0	100.0
189.30548150000004	69.0	100.0
189.32214710000017	69.0	100.0
189.34539459999996	69.0	100.0
189.36196210000003	69.0	100.0
189.38104190000013	69.0	100.0
189.40154470000016	69.0	100.0
189.425518	69.0	100.0
189.44218780000006	69.0	100.0
189.46155969999995	69.0	100.0
189.48112290000017	69.0	100.0
189.50054599999999	69.0	100.0
189.52453609999998	69.0	100.0
189.54101370000012	69.0	100.0
189.5605809000001	69.0	100.0
189.58136050000007	69.0	100.0
189.60183630000006	69.0	100.0
189.62387669999998	69.0	100.0
189.64200830000004	69.0	100.0
189.66168590000007	69.0	100.0
189.68133609999995	69.0	100.0
189.70125159999998	69.0	100.0
189.72193100000004	69.0	100.0
189.74183949999997	69.0	100.0
189.7618225000001	69.0	100.0
189.78174940000008	69.0	100.0
189.80185500000016	69.0	100.0
189.82144900000003	69.0	100.0
189.8415268000001	69.0	100.0
189.86066640000013	69.0	100.0
189.8809315000001	69.0	100.0
189.9011243	69.0	100.0
189.92175310000016	69.0	100.0
189.94680340000014	69.0	100.0
189.96113149999996	69.0	100.0
189.9815956	69.0	100.0
190.0018192	69.0	100.0
190.0219101	69.0	100.0
190.0456451	69.0	100.0
190.06189370000016	69.0	100.0
190.08200190000002	69.0	100.0
190.10301879999997	69.0	100.0
190.12178310000013	69.0	100.0
190.14591370000016	69.0	100.0
190.16183720000004	69.0	100.0
190.18203259999996	69.0	100.0
190.20247100000006	69.0	100.0
190.22116970000002	69.0	100.0
190.24306509999997	69.0	100.0
190.26479080000013	69.0	100.0
190.2825848	69.0	100.0
190.30187950000004	67.0	100.0
190.32160680000015	67.0	100.0
190.34233860000018	67.0	100.0
190.36147340000002	67.0	100.0
190.38303429999996	67.0	100.0
190.4028800000001	67.0	100.0
190.42070239999998	67.0	100.0
190.435209	67.0	100.0
190.4556778000001	67.0	100.0
190.47657070000014	67.0	100.0
190.4980425000001	67.0	100.0
190.52026690000002	67.0	100.0
190.5411183000001	67.0	100.0
190.56469790000006	67.0	100.0
190.58234500000003	67.0	100.0
190.60373270000014	67.0	100.0
190.62197660000015	67.0	100.0
190.64355369999998	67.0	100.0
190.6621368000001	67.0	100.0
190.68199760000016	67.0	100.0
190.70172509999998	67.0	100.0
190.72213680000004	67.0	100.0
190.7459384000001	67.0	100.0
190.76203720000012	67.0	100.0
190.78138020000006	67.0	100.0
190.80255069999998	67.0	100.0
190.8218531	67.0	100.0
190.84192900000016	67.0	100.0
190.86209440000016	67.0	100.0
190.88319909999996	67.0	100.0
190.90512680000006	67.0	100.0
190.92253660000006	67.0	100.0
190.94368699999995	67.0	100.0
190.96212400000013	67.0	100.0
190.98592350000013	67.0	100.0
191.0019651	67.0	100.0
191.02161079999996	67.0	100.0
191.0431205	67.0	100.0
191.064392	67.0	100.0
191.08205180000004	67.0	100.0
191.10168510000017	67.0	100.0
191.12177310000015	67.0	100.0
191.14258949999999	67.0	100.0
191.1619902	67.0	100.0
191.18168090000017	67.0	100.0
191.20326690000002	67.0	100.0
191.22463260000018	67.0	100.0
191.24246460000018	67.0	100.0
191.26182519999998	67.0	100.0
191.28371340000012	67.0	100.0
191.30212649999999	66.0	100.0
191.32238159999997	66.0	100.0
191.34254950000013	66.0	100.0
191.36373170000002	66.0	100.0
191.3847674000001	66.0	100.0
191.40337940000018	66.0	100.0
191.42188350000015	66.0	100.0
191.44136200000003	66.0	100.0
191.46274719999997	66.0	100.0
191.47990219999997	66.0	100.0
191.49751650000007	66.0	100.0
191.51874120000002	66.0	100.0
191.5444324	66.0	100.0
191.56532719999996	66.0	100.0
191.58230849999995	66.0	100.0
191.60639880000008	66.0	100.0
191.62296519999995	66.0	100.0
191.64368280000008	66.0	100.0
191.6635146000001	66.0	100.0
191.68378789999997	66.0	100.0
191.70950700000003	66.0	100.0
191.72358410000015	66.0	100.0
191.74360290000004	66.0	100.0
191.7637274000001	66.0	100.0
191.78199280000013	66.0	100.0
191.80334749999997	66.0	100.0
191.82319840000014	66.0	100.0
191.84353320000014	66.0	100.0
191.8657975000001	66.0	100.0
191.88374740000017	66.0	100.0
191.90131310000015	66.0	100.0
191.92355570000018	66.0	100.0
191.94444	66.0	100.0
191.96296080000002	66.0	100.0
191.98197330000016	66.0	100.0
192.0042668000001	66.0	100.0
192.02463620000003	66.0	100.0
192.04386320000003	66.0	100.0
192.0631889000001	66.0	100.0
192.08326680000005	66.0	100.0
192.10321380000005	66.0	100.0
192.1267117	66.0	100.0
192.14343610000014	66.0	100.0
192.16388849999998	66.0	100.0
192.18414759999996	66.0	100.0
192.19763820000003	66.0	100.0
192.21670919999997	66.0	100.0
192.24085690000015	66.0	100.0
192.26022020000005	66.0	100.0
192.2821206000001	66.0	100.0
192.30124969999997	64.0	100.0
192.3222849000001	64.0	100.0
192.34498099999996	64.0	100.0
192.36210230000006	64.0	100.0
192.3844646	64.0	100.0
192.40281030000006	64.0	100.0
192.42233370000008	64.0	100.0
192.4485231000001	64.0	100.0
192.46358440000017	64.0	100.0
192.48685920000003	64.0	100.0
192.5059523	64.0	100.0
192.5239656000001	64.0	100.0
192.5445654	64.0	100.0
192.56408520000014	64.0	100.0
192.58392630000003	64.0	100.0
192.60400470000013	64.0	100.0
192.6236076	64.0	100.0
192.64844979999998	64.0	100.0
192.6657361	64.0	100.0
192.68443679999996	64.0	100.0
192.70395180000014	64.0	100.0
192.72408719999999	64.0	100.0
192.74777360000007	64.0	100.0
192.76379859999997	64.0	100.0
192.7841237	64.0	100.0
192.80468440000004	64.0	100.0
192.82566020000013	64.0	100.0
192.8448816	64.0	100.0
192.86408670000014	64.0	100.0
192.88334099999997	64.0	100.0
192.90382320000003	64.0	100.0
192.92489390000014	64.0	100.0
192.94518230000017	64.0	100.0
192.96536680000008	64.0	100.0
192.98538270000017	64.0	100.0
193.00521960000015	64.0	100.0
193.0251386	64.0	100.0
193.04419740000003	64.0	100.0
193.0647047	64.0	100.0
193.08525470000018	64.0	100.0
193.10484770000016	64.0	100.0
193.12531860000013	64.0	100.0
193.1478446000001	64.0	100.0
193.1649741000001	64.0	100.0
193.18406000000004	64.0	100.0
193.20503780000013	64.0	100.0
193.22475110000005	64.0	100.0
193.24476630000004	64.0	100.0
193.26817300000016	64.0	100.0
193.2869201000001	64.0	100.0
193.30676960000005	63.0	100.0
193.32549340000014	63.0	100.0
193.3494055000001	63.0	100.0
193.36538330000008	63.0	100.0
193.38514830000008	63.0	100.0
193.40544290000003	63.0	100.0
193.42511609999997	63.0	100.0
193.44686120000006	63.0	100.0
193.46832960000006	63.0	100.0
193.48488270000007	63.0	100.0
193.50443029999997	63.0	100.0
193.5253871	63.0	100.0
193.5455683	63.0	100.0
193.56585340000015	63.0	100.0
193.58517610000013	63.0	100.0
193.607485	63.0	100.0
193.61902750000013	63.0	100.0
193.63760520000005	63.0	100.0
193.65956600000004	63.0	100.0
193.68023530000005	63.0	100.0
193.70188050000002	63.0	100.0
193.7217025	63.0	100.0
193.74259100000017	63.0	100.0
193.7653130000001	63.0	100.0
193.78752950000012	63.0	100.0
193.8051613	63.0	100.0
193.82502480000016	63.0	100.0
193.84593370000016	63.0	100.0
193.86555650000014	63.0	100.0
193.885986	63.0	100.0
193.90544880000016	63.0	100.0
193.92634700000008	63.0	100.0
193.94759109999995	63.0	100.0
193.96488620000014	63.0	100.0
193.9856304	63.0	100.0
194.00588700000003	63.0	100.0
194.0255380000001	63.0	100.0
194.04577940000013	63.0	100.0
194.0656309000001	63.0	100.0
194.08641009999997	63.0	100.0
194.10864860000015	63.0	100.0
194.12538500000005	63.0	100.0
194.14522140000008	63.0	100.0
194.16518300000007	63.0	100.0
194.18568750000009	63.0	100.0
194.20594830000005	63.0	100.0
194.22750659999997	63.0	100.0
194.24705719999997	63.0	100.0
194.26753789999998	63.0	100.0
194.28768160000004	63.0	100.0
194.3097639	63.0	100.0
194.32594089999998	63.0	100.0
194.34618250000017	63.0	100.0
194.36981820000005	63.0	100.0
194.38642140000002	63.0	100.0
194.41058040000007	63.0	100.0
194.43037449999997	63.0	100.0
194.44547520000015	63.0	100.0
194.46663920000015	63.0	100.0
194.4858223000001	63.0	100.0
194.50588930000004	63.0	100.0
194.52575000000002	63.0	100.0
194.54549500000007	63.0	100.0
194.56662860000006	63.0	100.0
194.58837740000013	63.0	100.0
194.6062892	63.0	100.0
194.62611900000002	63.0	100.0
194.6471266000001	63.0	100.0
194.66750309999998	63.0	100.0
194.68706599999996	63.0	100.0
194.70682140000008	63.0	100.0
194.72725460000015	63.0	100.0
194.74989630000005	63.0	100.0
194.76612380000006	63.0	100.0
194.78587530000004	63.0	100.0
194.80595949999997	63.0	100.0
194.82985500000018	63.0	100.0
194.84738949999996	63.0	100.0
194.8666740000001	63.0	100.0
194.88767030000008	63.0	100.0
194.90923880000014	63.0	100.0
194.93063329999995	63.0	100.0
194.9476952	63.0	100.0
194.96753809999996	63.0	100.0
194.98750110000015	63.0	100.0
195.00788380000017	63.0	100.0
195.02759090000018	63.0	100.0
195.04767089999996	63.0	100.0
195.07010830000013	63.0	100.0
195.0877034	63.0	100.0
195.1075138000001	63.0	100.0
195.12733679999997	63.0	100.0
195.14925470000003	63.0	100.0
195.1676265000001	63.0	100.0
195.18725400000017	63.0	100.0
195.2075976000001	63.0	100.0
195.22973430000002	63.0	100.0
195.24799989999997	63.0	100.0
195.26776859999995	63.0	100.0
195.28865540000015	63.0	100.0
195.30742320000013	63.0	100.0
195.32736510000018	63.0	100.0
195.35368719999997	63.0	100.0
195.369097	63.0	100.0
195.39028400000007	63.0	100.0
195.40755190000004	63.0	100.0
195.42747670000017	63.0	100.0
195.45172980000007	63.0	100.0
195.4678606	63.0	100.0
195.48860080000009	63.0	100.0
195.50767459999997	63.0	100.0
195.5288312	63.0	100.0
195.55170340000018	63.0	100.0
195.56793850000008	63.0	100.0
195.58818850000011	63.0	100.0
195.60778340000002	63.0	100.0
195.62778260000005	63.0	100.0
195.64775170000007	63.0	100.0
195.6681575	63.0	100.0
195.68835639999998	63.0	100.0
195.70945070000016	63.0	100.0
195.728028	63.0	100.0
195.74803659999998	63.0	100.0
195.76747910000017	63.0	100.0
195.78861389999997	63.0	100.0
195.8089136000001	63.0	100.0
195.8287484	63.0	100.0
195.84908560000008	63.0	100.0
195.8735838	63.0	100.0
195.88843900000006	63.0	100.0
195.90892350000013	63.0	100.0
195.92865170000005	63.0	100.0
195.9484268000001	63.0	100.0
195.97174100000007	63.0	100.0
195.98981920000006	63.0	100.0
196.01023069999997	63.0	100.0
196.0314691000001	63.0	100.0
196.0493074000001	63.0	100.0
196.07078290000004	63.0	100.0
196.08913900000016	63.0	100.0
196.10886460000006	63.0	100.0
196.12929129999998	63.0	100.0
196.14962920000016	63.0	100.0
196.17038750000006	63.0	100.0
196.1904214000001	63.0	100.0
196.20942250000007	63.0	100.0
196.22926329999996	63.0	100.0
196.24930710000012	63.0	100.0
196.2694133	63.0	100.0
196.29086730000017	63.0	100.0
196.30976010000018	62.0	100.0
196.32926740000016	62.0	100.0
196.3543029	62.0	100.0
196.37083600000005	62.0	100.0
196.3932870000001	62.0	100.0
196.40930679999997	62.0	100.0
196.4294202000001	62.0	100.0
196.44953069999997	62.0	100.0
196.46883040000012	62.0	100.0
196.49014469999997	62.0	100.0
196.51273990000004	62.0	100.0
196.52827220000017	62.0	100.0
196.54904020000004	62.0	100.0
196.56949699999996	62.0	100.0
196.590015	62.0	100.0
196.61154610000017	62.0	100.0
196.62911910000003	62.0	100.0
196.65181810000013	62.0	100.0
196.67283340000017	62.0	100.0
196.6903244	62.0	100.0
196.7097255000001	62.0	100.0
196.7292907000001	62.0	100.0
196.74998290000008	62.0	100.0
196.76995620000002	62.0	100.0
196.7897398	62.0	100.0
196.81205850000015	62.0	100.0
196.83291380000014	62.0	100.0
196.85023100000012	62.0	100.0
196.8701721	62.0	100.0
196.89011060000007	62.0	100.0
196.9136936	62.0	100.0
196.93037019999997	62.0	100.0
196.94960030000016	62.0	100.0
196.97029510000016	62.0	100.0
196.9931408	62.0	100.0
197.0151611000001	62.0	100.0
197.03004410000017	62.0	100.0
197.0505290000001	62.0	100.0
197.07030050000003	62.0	100.0
197.09005330000014	62.0	100.0
197.11391470000012	62.0	100.0
197.1299285	62.0	100.0
197.15276210000002	62.0	100.0
197.17042460000016	62.0	100.0
197.19052690000012	62.0	100.0
197.21000060000006	62.0	100.0
197.22931790000007	62.0	100.0
197.25115849999997	62.0	100.0
197.26977910000005	62.0	100.0
197.29272300000002	62.0	100.0
197.3115103	62.0	100.0
197.33136100000002	62.0	100.0
197.35148980000008	62.0	100.0
197.37083589999997	62.0	100.0
197.39092460000006	62.0	100.0
197.41127030000007	62.0	100.0
197.43530170000008	62.0	100.0
197.45191690000001	62.0	100.0
197.47380870000006	62.0	100.0
197.49123480000003	62.0	100.0
197.51137070000004	62.0	100.0
197.52908930000012	62.0	100.0
197.5505823000001	62.0	100.0
197.57127480000008	62.0	100.0
197.59115240000006	62.0	100.0
197.61181140000008	62.0	100.0
197.63771960000008	62.0	100.0
197.65220150000005	62.0	100.0
197.67079260000014	62.0	100.0
197.69090140000003	62.0	100.0
197.71131549999996	62.0	100.0
197.73165540000014	62.0	100.0
197.75165089999996	62.0	100.0
197.77284670000017	62.0	100.0
197.7933779	62.0	100.0
197.81214990000012	62.0	100.0
197.83159160000014	62.0	100.0
197.85181220000004	62.0	100.0
197.87150010000005	62.0	100.0
197.89154329999997	62.0	100.0
197.9137995000001	62.0	100.0
197.93213409999998	62.0	100.0
197.95431900000017	62.0	100.0
197.9714288	62.0	100.0
197.99158510000007	62.0	100.0
198.0136132	62.0	100.0
198.03181070000005	62.0	100.0
198.0555942000001	62.0	100.0
198.0717724000001	62.0	100.0
198.09303840000007	62.0	100.0
198.1137209000001	62.0	100.0
198.13197950000017	62.0	100.0
198.1557189	62.0	100.0
198.17238620000012	62.0	100.0
198.19150880000007	62.0	100.0
198.21152700000016	62.0	100.0
198.2326468000001	62.0	100.0
198.25365710000005	62.0	100.0
198.27505500000007	62.0	100.0
198.2929034000001	62.0	100.0
198.31308260000014	62.0	100.0
198.33272020000004	62.0	100.0
198.3525790000001	62.0	100.0
198.3727669	62.0	100.0
198.3924108000001	62.0	100.0
198.4128379000001	62.0	100.0
198.4340886	62.0	100.0
198.45299569999997	62.0	100.0
198.47252260000005	62.0	100.0
198.49304370000004	62.0	100.0
198.5122526	62.0	100.0
198.53268300000013	62.0	100.0
198.5530811000001	62.0	100.0
198.57303290000004	62.0	100.0
198.59553900000014	62.0	100.0
198.61198609999997	62.0	100.0
198.63292539999998	62.0	100.0
198.65325270000017	62.0	100.0
198.67218720000005	62.0	100.0
198.69193180000002	62.0	100.0
198.7128365000001	62.0	100.0
198.73370080000018	62.0	100.0
198.75509780000016	62.0	100.0
198.77361220000012	62.0	100.0
198.79233780000004	62.0	100.0
198.81319700000017	62.0	100.0
198.83554189999995	62.0	100.0
198.8538982	62.0	100.0
198.8729968	62.0	100.0
198.89360150000016	62.0	100.0
198.91540520000012	62.0	100.0
198.9331598000001	62.0	100.0
198.9533348	62.0	100.0
198.97294510000006	62.0	100.0
198.99328600000013	62.0	100.0
199.01356269999997	62.0	100.0
199.03357270000015	62.0	100.0
199.05406340000013	62.0	100.0
199.07378830000016	62.0	100.0
199.09717550000005	62.0	100.0
199.11346190000017	62.0	100.0
199.1338859	62.0	100.0
199.15316840000014	62.0	100.0
199.17350690000012	62.0	100.0
199.19704709999996	62.0	100.0
199.21445749999998	62.0	100.0
199.23552340000015	62.0	100.0
199.25420400000007	62.0	100.0
199.27359880000017	62.0	100.0
199.29408250000006	62.0	100.0
199.31371280000008	63.0	100.0
199.33383990000016	63.0	100.0
199.35761260000004	63.0	100.0
199.37390040000014	63.0	100.0
199.39565760000005	63.0	100.0
199.41388430000006	63.0	100.0
199.43352490000007	63.0	100.0
199.45437540000012	63.0	100.0
199.47366669999997	63.0	100.0
199.49394000000007	63.0	100.0
199.5136305000001	63.0	100.0
199.53419400000007	63.0	100.0
199.55731920000017	63.0	100.0
199.5734367	63.0	100.0
199.59438880000016	63.0	100.0
199.6164053	63.0	100.0
199.63467349999996	63.0	100.0
199.65481290000002	63.0	100.0
199.67402749999997	63.0	100.0
199.69515360000014	63.0	100.0
199.71895059999997	63.0	100.0
199.7338182000001	63.0	100.0
199.75434560000008	63.0	100.0
199.77365800000007	63.0	100.0
199.79373880000003	63.0	100.0
199.81849650000004	63.0	100.0
199.8337504000001	63.0	100.0
199.8560434000001	63.0	100.0
199.87726140000018	63.0	100.0
199.89392880000014	63.0	100.0
199.91421179999998	63.0	100.0
199.93486529999996	63.0	100.0
199.95498730000008	63.0	100.0
199.97402970000007	63.0	100.0
199.99446380000018	63.0	100.0
200.01436680000006	63.0	100.0
200.03560749999997	63.0	100.0
200.05503780000004	63.0	100.0
200.07346759999996	63.0	100.0
200.09353940000005	63.0	100.0
200.11330110000017	63.0	100.0
200.13757840000017	63.0	100.0
200.15459220000002	63.0	100.0
200.17567870000016	63.0	100.0
200.19727260000013	63.0	100.0
200.21376440000017	63.0	100.0
200.23861340000008	63.0	100.0
200.2551257	63.0	100.0
200.27443519999997	63.0	100.0
200.29580840000017	63.0	100.0
200.31519290000006	64.0	100.0
200.3389314000001	64.0	100.0
200.35693579999997	64.0	100.0
200.37501580000003	64.0	100.0
200.39557179999997	64.0	100.0
200.41496960000018	64.0	100.0
200.43483360000005	64.0	100.0
200.45509760000004	64.0	100.0
200.4753051	64.0	100.0
200.49552459999995	64.0	100.0
200.5166514	64.0	100.0
200.5339375000001	64.0	100.0
200.55453780000016	64.0	100.0
200.57664640000007	64.0	100.0
200.5938146000001	64.0	100.0
200.61393520000001	64.0	100.0
200.63512749999995	64.0	100.0
200.65684420000002	64.0	100.0
200.67646000000013	64.0	100.0
200.69559000000004	64.0	100.0
200.7156033000001	64.0	100.0
200.73536390000004	64.0	100.0
200.75889660000007	64.0	100.0
200.7765041	64.0	100.0
200.7954721000001	64.0	100.0
200.81569609999997	64.0	100.0
200.83765730000005	64.0	100.0
200.85633660000008	64.0	100.0
200.87636080000016	64.0	100.0
200.89565979999998	64.0	100.0
200.9157593	64.0	100.0
200.93550200000004	64.0	100.0
200.95644749999997	64.0	100.0
200.97562770000013	64.0	100.0
200.99682359999997	64.0	100.0
201.01573329999997	64.0	100.0
201.0355892	64.0	100.0
201.05683820000013	64.0	100.0
201.0752754	64.0	100.0
201.09554290000005	64.0	100.0
201.11539519999997	64.0	100.0
201.13633040000013	64.0	100.0
201.15828220000003	64.0	100.0
201.17587820000017	64.0	100.0
201.1955292	64.0	100.0
201.21663510000008	64.0	100.0
201.2360744	64.0	100.0
201.25758640000004	64.0	100.0
201.27957570000012	64.0	100.0
201.29750350000018	64.0	100.0
201.31865170000015	65.0	100.0
201.33678280000004	65.0	100.0
201.35650800000008	65.0	100.0
201.38057790000016	65.0	100.0
201.39686970000002	65.0	100.0
201.41651909999996	65.0	100.0
201.4365365000001	65.0	100.0
201.4573772000001	65.0	100.0
201.48257750000016	65.0	100.0
201.4980094	65.0	100.0
201.51636740000004	65.0	100.0
201.53696980000018	65.0	100.0
201.5570914	65.0	100.0
201.57677660000013	65.0	100.0
201.5968339000001	65.0	100.0
201.6176941000001	65.0	100.0
201.63813900000014	65.0	100.0
201.65712410000015	65.0	100.0
201.6769279	65.0	100.0
201.69713560000014	65.0	100.0
201.71683610000014	65.0	100.0
201.73757999999998	65.0	100.0
201.75718740000002	65.0	100.0
201.77753970000003	65.0	100.0
201.80519249999998	65.0	100.0
201.81749600000012	65.0	100.0
201.83711970000013	65.0	100.0
201.8576895000001	65.0	100.0
201.8770386000001	65.0	100.0
201.90104800000017	65.0	100.0
201.91702910000004	65.0	100.0
201.93778610000004	65.0	100.0
201.95922100000007	65.0	100.0
201.97745780000014	65.0	100.0
201.99716310000008	65.0	100.0
202.0184577	65.0	100.0
202.03741750000017	65.0	100.0
202.0577740000001	65.0	100.0
202.0770566000001	65.0	100.0
202.09716960000014	65.0	100.0
202.11919790000002	65.0	100.0
202.1365631000001	65.0	100.0
202.15767000000005	65.0	100.0
202.17752940000014	65.0	100.0
202.1965388000001	65.0	100.0
202.21711030000006	65.0	100.0
202.23723630000018	65.0	100.0
202.26008360000014	65.0	100.0
202.27953060000004	65.0	100.0
202.2991102000001	65.0	100.0
202.32143059999999	65.0	100.0
202.33778189999998	65.0	100.0
202.3576071	65.0	100.0
202.3771114000001	65.0	100.0
202.39754200000016	65.0	100.0
202.42161050000004	65.0	100.0
202.43959670000004	65.0	100.0
202.45760640000003	65.0	100.0
202.47703030000002	65.0	100.0
202.49680030000013	65.0	100.0
202.52208740000015	65.0	100.0
202.53710920000003	65.0	100.0
202.55753400000003	65.0	100.0
202.57796430000008	65.0	100.0
202.60062820000007	65.0	100.0
202.61984230000007	65.0	100.0
202.6387337000001	65.0	100.0
202.66092360000016	65.0	100.0
202.67799609999997	65.0	100.0
202.69813539999996	65.0	100.0
202.71729130000017	65.0	100.0
202.7411509000001	65.0	100.0
202.76146800000015	65.0	100.0
202.77847429999997	65.0	100.0
202.79797210000015	65.0	100.0
202.81815470000015	65.0	100.0
202.84324200000015	65.0	100.0
202.85840510000003	65.0	100.0
202.87715990000015	65.0	100.0
202.8981953	65.0	100.0
202.92103350000002	65.0	100.0
202.93620290000013	65.0	100.0
202.95426220000013	65.0	100.0
202.97291889999997	65.0	100.0
202.9925780000001	65.0	100.0
203.01220450000005	65.0	100.0
203.03446640000016	65.0	100.0
203.05756380000003	65.0	100.0
203.08085800000003	65.0	100.0
203.09885000000008	65.0	100.0
203.11810450000007	65.0	100.0
203.13813010000013	65.0	100.0
203.15767760000017	65.0	100.0
203.17784570000003	65.0	100.0
203.19779620000008	65.0	100.0
203.21902990000012	65.0	100.0
203.24110670000005	65.0	100.0
203.2589660000001	65.0	100.0
203.2783448	65.0	100.0
203.30024120000007	65.0	100.0
203.3189979000001	65.0	100.0
203.33867320000013	65.0	100.0
203.36277870000004	65.0	100.0
203.3795411000001	65.0	100.0
203.40168530000005	65.0	100.0
203.41936750000013	65.0	100.0
203.43866290000005	65.0	100.0
203.46292930000004	65.0	100.0
203.47906510000007	65.0	100.0
203.49776310000016	65.0	100.0
203.51908960000014	65.0	100.0
203.53965700000003	65.0	100.0
203.56425579999996	65.0	100.0
203.58048129999997	65.0	100.0
203.59955980000018	65.0	100.0
203.61909590000005	65.0	100.0
203.63909350000017	65.0	100.0
203.66016220000006	65.0	100.0
203.67873370000007	65.0	100.0
203.69923470000003	65.0	100.0
203.72190769999997	65.0	100.0
203.73909320000007	65.0	100.0
203.75973780000004	65.0	100.0
203.77957260000017	65.0	100.0
203.7992898	65.0	100.0
203.81928740000012	65.0	100.0
203.83946360000004	65.0	100.0
203.85999349999997	65.0	100.0
203.88511010000002	65.0	100.0
203.89953830000013	65.0	100.0
203.9195439	65.0	100.0
203.9393192	65.0	100.0
203.95963849999998	65.0	100.0
203.9829697	65.0	100.0
203.99957510000013	65.0	100.0
204.02078630000005	65.0	100.0
204.04192009999997	65.0	100.0
204.0598305000001	65.0	100.0
204.0820771000001	65.0	100.0
204.10066849999998	65.0	100.0
204.11950049999996	65.0	100.0
204.13952489999997	65.0	100.0
204.1604936000001	65.0	100.0
204.17989320000015	65.0	100.0
204.20142050000004	65.0	100.0
204.21979050000004	65.0	100.0
204.23950290000016	65.0	100.0
204.26288420000014	65.0	100.0
204.27966030000016	65.0	100.0
204.30031989999998	65.0	100.0
204.32118830000013	65.0	100.0
204.34082630000012	65.0	100.0
204.36257010000008	65.0	100.0
204.38013160000014	65.0	100.0
204.4003937	65.0	100.0
204.41955980000012	65.0	100.0
204.43978300000003	65.0	100.0
204.46068209999999	65.0	100.0
204.48048600000016	65.0	100.0
204.50478210000006	65.0	100.0
204.52153020000014	65.0	100.0
204.54053420000014	65.0	100.0
204.55776609999998	65.0	100.0
204.5804697000001	65.0	100.0
204.60241020000012	65.0	100.0
204.61945530000003	65.0	100.0
204.64044990000002	65.0	100.0
204.66086300000006	65.0	100.0
204.68270660000007	65.0	100.0
204.7012866	65.0	100.0
204.7204319	65.0	100.0
204.74096499999996	65.0	100.0
204.7608666000001	65.0	100.0
204.7797210000001	65.0	100.0
204.80076140000006	65.0	100.0
204.82139189999998	65.0	100.0
204.84193870000013	65.0	100.0
204.8614388000001	65.0	100.0
204.88051029999997	65.0	100.0
204.90099850000001	65.0	100.0
204.92464330000007	65.0	100.0
204.9412092	65.0	100.0
204.96128270000008	65.0	100.0
204.98161000000005	65.0	100.0
205.0031345	65.0	100.0
205.02502849999996	65.0	100.0
205.0413857000001	65.0	100.0
205.06147010000018	65.0	100.0
205.08211740000002	65.0	100.0
205.10133259999998	65.0	100.0
205.1250132	65.0	100.0
205.14189610000017	65.0	100.0
205.16348080000012	65.0	100.0
205.18144260000008	65.0	100.0
205.20102910000014	65.0	100.0
205.2213584000001	65.0	100.0
205.2412025000001	65.0	100.0
205.26158650000002	65.0	100.0
205.28114040000014	65.0	100.0
205.30240620000018	65.0	100.0
205.32354670000018	65.0	100.0
205.3409812	65.0	100.0
205.3614563000001	65.0	100.0
205.38202730000012	65.0	100.0
205.40148090000002	65.0	100.0
205.42123920000017	65.0	100.0
205.4413151000001	65.0	100.0
205.46223510000004	65.0	100.0
205.48207279999997	65.0	100.0
205.5016141000001	65.0	100.0
205.52139810000017	65.0	100.0
205.5449774000001	65.0	100.0
205.56156320000014	65.0	100.0
205.5821909000001	65.0	100.0
205.60166100000015	65.0	100.0
205.62323779999997	65.0	100.0
205.64364620000015	65.0	100.0
205.6627423	65.0	100.0
205.68141220000007	65.0	100.0
205.70187580000015	65.0	100.0
205.7209504	65.0	100.0
205.74170160000017	65.0	100.0
205.7619591	65.0	100.0
205.7820643	65.0	100.0
205.8036959000001	65.0	100.0
205.82184789999997	65.0	100.0
205.84202470000014	65.0	100.0
205.86174600000004	65.0	100.0
205.88197790000004	65.0	100.0
205.90184480000016	65.0	100.0
205.92111020000016	65.0	100.0
205.94202100000007	65.0	100.0
205.96861839999997	65.0	100.0
205.98193370000013	65.0	100.0
206.00354270000003	65.0	100.0
206.02193269999998	65.0	100.0
206.04328980000014	65.0	100.0
206.06258070000013	65.0	100.0
206.08178010000006	65.0	100.0
206.10244620000003	65.0	100.0
206.12332430000015	65.0	100.0
206.14159310000014	65.0	100.0
206.16537940000012	65.0	100.0
206.1825083000001	65.0	100.0
206.20186009999998	65.0	100.0
206.22229779999998	65.0	100.0
206.2419026	65.0	100.0
206.2636562	65.0	100.0
206.2849490000001	65.0	100.0
206.30368910000016	65.0	100.0
206.32238129999996	65.0	100.0
206.34248330000014	65.0	100.0
206.36262269999997	65.0	100.0
206.38163989999998	65.0	100.0
206.40196119999996	65.0	100.0
206.42278910000005	65.0	100.0
206.44264310000017	65.0	100.0
206.46220030000018	65.0	100.0
206.48229190000006	65.0	100.0
206.50217659999998	65.0	100.0
206.52237950000017	65.0	100.0
206.5425037	65.0	100.0
206.56216130000007	65.0	100.0
206.58296100000007	65.0	100.0
206.60507300000017	65.0	100.0
206.6220667	65.0	100.0
206.6418103000001	65.0	100.0
206.6633025000001	65.0	100.0
206.68571910000014	65.0	100.0
206.70253890000004	65.0	100.0
206.7221661000001	65.0	100.0
206.74268060000009	65.0	100.0
206.7633290000001	65.0	100.0
206.7830973	65.0	100.0
206.8025513	65.0	100.0
206.82279030000018	65.0	100.0
206.84240080000018	65.0	100.0
206.86326140000006	65.0	100.0
206.8824654	65.0	100.0
206.90352890000008	65.0	100.0
206.9251736000001	65.0	100.0
206.94233740000004	65.0	100.0
206.9627577000001	65.0	100.0
206.98216939999998	65.0	100.0
207.0024363	65.0	100.0
207.0229045000001	65.0	100.0
207.04207810000003	65.0	100.0
207.06492700000013	65.0	100.0
207.0838526	65.0	100.0
207.1032835000001	65.0	100.0
207.12304310000013	65.0	100.0
207.14321840000002	65.0	100.0
207.16353550000008	65.0	100.0
207.1825768000001	65.0	100.0
207.20654130000003	65.0	100.0
207.22321480000005	65.0	100.0
207.24581669999998	65.0	100.0
207.26301850000004	65.0	100.0
207.28224810000006	65.0	100.0
207.3067086000001	65.0	100.0
207.32369210000002	64.0	100.0
207.34342850000007	64.0	100.0
207.36398700000018	64.0	100.0
207.3835292000001	64.0	100.0
207.40477310000006	64.0	100.0
207.42334219999998	64.0	100.0
207.44312370000011	64.0	100.0
207.46333000000004	64.0	100.0
207.48270790000015	64.0	100.0
207.50267729999996	64.0	100.0
207.52284250000002	64.0	100.0
207.54365230000008	64.0	100.0
207.5656401000001	64.0	100.0
207.58303420000016	64.0	100.0
207.60264930000017	64.0	100.0
207.62692570000013	64.0	100.0
207.64320310000016	64.0	100.0
207.66314740000007	64.0	100.0
207.68172960000015	64.0	100.0
207.70377640000015	64.0	100.0
207.7285710000001	64.0	100.0
207.74447800000007	64.0	100.0
207.7629538000001	64.0	100.0
207.783318	64.0	100.0
207.80349909999995	64.0	100.0
207.8231909000001	64.0	100.0
207.84186	64.0	100.0
207.86391249999997	64.0	100.0
207.88565070000004	64.0	100.0
207.90347010000005	64.0	100.0
207.92330230000016	64.0	100.0
207.94355770000016	64.0	100.0
207.96364280000012	64.0	100.0
207.9830148000001	64.0	100.0
208.00342780000005	64.0	100.0
208.02107160000014	64.0	100.0
208.05148430000008	64.0	100.0
208.06346000000008	64.0	100.0
208.08389920000013	64.0	100.0
208.10346210000012	64.0	100.0
208.12384599999996	64.0	100.0
208.14351350000015	64.0	100.0
208.16361610000013	64.0	100.0
208.18367750000016	64.0	100.0
208.2051887	64.0	100.0
208.22348230000011	64.0	100.0
208.24633800000015	64.0	100.0
208.26407200000017	64.0	100.0
208.28347870000016	64.0	100.0
208.30652150000014	64.0	100.0
208.3238738	63.0	100.0
208.34449560000007	63.0	100.0
208.36551080000004	63.0	100.0
208.38373420000016	63.0	100.0
208.40401829999996	63.0	100.0
208.4232896000001	63.0	100.0
208.44352170000002	63.0	100.0
208.4647066	63.0	100.0
208.48417770000015	63.0	100.0
208.5048557	63.0	100.0
208.52625580000017	63.0	100.0
208.54379500000005	63.0	100.0
208.5643986	63.0	100.0
208.58488160000002	63.0	100.0
208.6037649	63.0	100.0
208.62552630000005	63.0	100.0
208.64443170000004	63.0	100.0
208.66594350000014	63.0	100.0
208.6854009000001	63.0	100.0
208.70506870000008	63.0	100.0
208.72437060000016	63.0	100.0
208.74456940000005	63.0	100.0
208.7638918	63.0	100.0
208.7844731	63.0	100.0
208.80480880000005	63.0	100.0
208.82526559999997	63.0	100.0
208.84617900000012	63.0	100.0
208.87064970000006	63.0	100.0
208.8850758000001	63.0	100.0
208.90447510000013	63.0	100.0
208.92490610000004	63.0	100.0
208.94509370000014	63.0	100.0
208.9660315000001	63.0	100.0
208.98482149999995	63.0	100.0
209.00595020000014	63.0	100.0
209.02437150000014	63.0	100.0
209.04417050000006	63.0	100.0
209.06478590000006	63.0	100.0
209.08449480000013	63.0	100.0
209.10422140000014	63.0	100.0
209.12413990000005	63.0	100.0
209.14461970000002	63.0	100.0
209.16628809999997	63.0	100.0
209.18466469999998	63.0	100.0
209.20509730000003	63.0	100.0
209.22499489999996	63.0	100.0
209.24463430000014	63.0	100.0
209.26443749999999	63.0	100.0
209.28793859999996	63.0	100.0
209.307769	63.0	100.0
209.32639990000007	62.0	100.0
209.34885510000004	62.0	100.0
209.36575110000013	62.0	100.0
209.38897180000004	62.0	100.0
209.40552120000007	62.0	100.0
209.42539950000014	62.0	100.0
209.44494020000002	62.0	100.0
209.4650987	62.0	100.0
209.49102530000005	62.0	100.0
209.50536150000016	62.0	100.0
209.52534490000016	62.0	100.0
209.54552190000004	62.0	100.0
209.56484160000014	62.0	100.0
209.58813050000003	62.0	100.0
209.606268	62.0	100.0
209.62621720000016	62.0	100.0
209.6472814000001	62.0	100.0
209.66617680000013	62.0	100.0
209.68583920000015	62.0	100.0
209.70497330000012	62.0	100.0
209.72490390000007	62.0	100.0
209.74557370000002	62.0	100.0
209.76588040000001	62.0	100.0
209.78648810000004	62.0	100.0
209.81177390000016	62.0	100.0
209.82538790000012	62.0	100.0
209.8447579000001	62.0	100.0
209.86534400000005	62.0	100.0
209.88497770000004	62.0	100.0
209.9096416	62.0	100.0
209.9260733000001	62.0	100.0
209.94628790000002	62.0	100.0
209.96830610000006	62.0	100.0
209.9858256	62.0	100.0
210.00618499999996	62.0	100.0
210.02598899999998	62.0	100.0
210.04581460000009	62.0	100.0
210.0671628	62.0	100.0
210.08593770000016	62.0	100.0
210.1070790000001	62.0	100.0
210.12900030000014	62.0	100.0
210.1459665	62.0	100.0
210.16615810000008	62.0	100.0
210.18614509999998	62.0	100.0
210.2061639000001	62.0	100.0
210.2262687	62.0	100.0
210.24573520000013	62.0	100.0
210.2677804	62.0	100.0
210.2886469	62.0	100.0
210.30710610000006	62.0	100.0
210.32710810000003	61.0	100.0
210.34623269999997	61.0	100.0
210.37046370000007	61.0	100.0
210.38653060000001	61.0	100.0
210.40674260000014	61.0	100.0
210.4306001	61.0	100.0
210.4487838	61.0	100.0
210.46613760000014	61.0	100.0
210.48540470000012	61.0	100.0
210.50632400000018	61.0	100.0
210.52998950000006	61.0	100.0
210.54690490000007	61.0	100.0
210.56690419999995	61.0	100.0
210.58716419999996	61.0	100.0
210.60821750000014	61.0	100.0
210.62765250000007	61.0	100.0
210.64649129999998	61.0	100.0
210.6665077	61.0	100.0
210.68762560000005	61.0	100.0
210.70838679999997	61.0	100.0
210.72722520000002	61.0	100.0
210.74754150000012	61.0	100.0
210.7693280000001	61.0	100.0
210.7864466000001	61.0	100.0
210.80693070000007	61.0	100.0
210.82714260000012	61.0	100.0
210.84583580000003	61.0	100.0
210.86718990000008	61.0	100.0
210.8865006000001	61.0	100.0
210.90740830000004	61.0	100.0
210.9289695	61.0	100.0
210.94583880000005	61.0	100.0
210.9675608	61.0	100.0
210.98724590000006	61.0	100.0
211.00693420000016	61.0	100.0
211.02750130000004	61.0	100.0
211.05023570000003	61.0	100.0
211.0679788	61.0	100.0
211.08895600000005	61.0	100.0
211.10703710000007	61.0	100.0
211.12612020000006	61.0	100.0
211.14722860000006	61.0	100.0
211.16743459999998	61.0	100.0
211.18713309999998	61.0	100.0
211.20701350000013	61.0	100.0
211.2280138000001	61.0	100.0
211.2489183	61.0	100.0
211.26767130000007	61.0	100.0
211.2883812	61.0	100.0
211.30796899999996	61.0	100.0
211.3284430000001	60.0	100.0
211.3476978000001	60.0	100.0
211.36740940000004	60.0	100.0
211.3884869000001	60.0	100.0
211.40917009999998	60.0	100.0
211.42786750000005	60.0	100.0
211.44719069999996	60.0	100.0
211.46773299999995	60.0	100.0
211.4874314000001	60.0	100.0
211.50770460000012	60.0	100.0
211.52768770000012	60.0	100.0
211.5479633	60.0	100.0
211.5697083	60.0	100.0
211.58741440000017	60.0	100.0
211.60744820000014	60.0	100.0
211.6293677000001	60.0	100.0
211.64745900000003	60.0	100.0
211.6681281000001	60.0	100.0
211.68730240000014	60.0	100.0
211.7082276000001	60.0	100.0
211.72921970000016	60.0	100.0
211.74773649999997	60.0	100.0
211.77014099999997	60.0	100.0
211.78901629999996	60.0	100.0
211.80880060000004	60.0	100.0
211.8280092	60.0	100.0
211.84774979999997	60.0	100.0
211.8697062000001	60.0	100.0
211.88942229999998	60.0	100.0
211.90862660000016	60.0	100.0
211.92842250000012	60.0	100.0
211.94901330000016	60.0	100.0
211.96886840000002	60.0	100.0
211.9885028000001	60.0	100.0
212.00876010000002	60.0	100.0
212.02978910000002	60.0	100.0
212.05109970000012	60.0	100.0
212.06932810000012	60.0	100.0
212.09246340000004	60.0	100.0
212.1093714000001	60.0	100.0
212.12829120000015	60.0	100.0
212.14841820000015	60.0	100.0
212.16846269999996	60.0	100.0
212.18924560000005	60.0	100.0
212.20908870000017	60.0	100.0
212.22825940000007	60.0	100.0
212.24998960000016	60.0	100.0
212.26888789999998	60.0	100.0
212.28827969999998	60.0	100.0
212.30988560000014	60.0	100.0
212.3286465000001	59.0	100.0
212.35287620000008	59.0	100.0
212.37135869999997	59.0	100.0
212.38862990000007	59.0	100.0
212.40860850000013	59.0	100.0
212.4287389000001	59.0	100.0
212.44830350000007	59.0	100.0
212.46870450000006	59.0	100.0
212.48839169999997	59.0	100.0
212.51295920000007	59.0	100.0
212.5307858000001	59.0	100.0
212.54990180000004	59.0	100.0
212.5682316	59.0	100.0
212.5889337000001	59.0	100.0
212.6122636	59.0	100.0
212.62840849999998	59.0	100.0
212.64893359999996	59.0	100.0
212.66935609999996	59.0	100.0
212.69090670000014	59.0	100.0
212.7090353000001	59.0	100.0
212.72908819999998	59.0	100.0
212.74874	59.0	100.0
212.7693531	59.0	100.0
212.7885784	59.0	100.0
212.80874160000008	59.0	100.0
212.82975510000006	59.0	100.0
212.85144850000006	59.0	100.0
212.87003909999999	59.0	100.0
212.88934140000015	59.0	100.0
212.90973910000002	59.0	100.0
212.92963099999997	59.0	100.0
212.94980780000014	59.0	100.0
212.96917600000006	59.0	100.0
212.9890365000001	59.0	100.0
213.01247990000002	59.0	100.0
213.0298848	59.0	100.0
213.04933849999998	59.0	100.0
213.07007350000003	59.0	100.0
213.0896335	59.0	100.0
213.1095166	59.0	100.0
213.13344000000006	59.0	100.0
213.15031160000012	59.0	100.0
213.17170729999998	59.0	100.0
213.1895366000001	59.0	100.0
213.20897090000017	59.0	100.0
213.22982509999997	59.0	100.0
213.24962060000007	59.0	100.0
213.26997930000016	59.0	100.0
213.2898236000001	59.0	100.0
213.3118667000001	59.0	100.0
213.33313390000012	58.0	100.0
213.35025400000018	58.0	100.0
213.37041169999998	58.0	100.0
213.3904738000001	58.0	100.0
213.40913490000003	58.0	100.0
213.42958540000018	58.0	100.0
213.4498430000001	58.0	100.0
213.47186090000014	58.0	100.0
213.4916396000001	58.0	100.0
213.51022269999999	58.0	100.0
213.53025930000013	58.0	100.0
213.5536631	58.0	100.0
213.56996449999997	58.0	100.0
213.59012890000008	58.0	100.0
213.61009080000008	58.0	100.0
213.63034600000015	58.0	100.0
213.65690919999997	58.0	100.0
213.67043150000018	58.0	100.0
213.68962370000008	58.0	100.0
213.70936840000013	58.0	100.0
213.72952490000011	58.0	100.0
213.75488480000013	58.0	100.0
213.77029000000016	58.0	100.0
213.78999980000003	58.0	100.0
213.81268680000017	58.0	100.0
213.8299019000001	58.0	100.0
213.84956009999996	58.0	100.0
213.8713924000001	58.0	100.0
213.89029389999996	58.0	100.0
213.90993290000006	58.0	100.0
213.93018400000005	58.0	100.0
213.95113700000002	58.0	100.0
213.97395740000002	58.0	100.0
213.99108620000015	58.0	100.0
214.01012920000016	58.0	100.0
214.0297058000001	58.0	100.0
214.04985669999996	58.0	100.0
214.07470160000003	58.0	100.0
214.09022690000006	58.0	100.0
214.11121070000013	58.0	100.0
214.13284110000018	58.0	100.0
214.15037660000007	58.0	100.0
214.17465760000005	58.0	100.0
214.1908152000001	58.0	100.0
214.2102675000001	58.0	100.0
214.23094590000005	58.0	100.0
214.249049	58.0	100.0
214.27249559999996	58.0	100.0
214.2934348000001	58.0	100.0
214.31156499999997	58.0	100.0
214.33136639999998	57.0	100.0
214.3511251	57.0	100.0
214.37424690000012	57.0	100.0
214.3910224000001	57.0	100.0
214.4485982000001	57.0	100.0
214.44861979999996	57.0	100.0
214.4523408	57.0	100.0
214.47151610000014	57.0	100.0
214.4904179	57.0	100.0
214.5427681000001	57.0	100.0
214.54278850000014	57.0	100.0
214.54365300000018	57.0	100.0
214.56471680000004	57.0	100.0
214.58672880000017	57.0	100.0
214.6099478000001	57.0	100.0
214.64576439999996	57.0	100.0
214.64832610000008	57.0	100.0
214.66916920000017	57.0	100.0
214.69309320000002	57.0	100.0
214.71131590000005	57.0	100.0
214.7470952000001	57.0	100.0
214.74711539999998	57.0	100.0
214.76510600000006	57.0	100.0
214.7825190000001	57.0	100.0
214.80633380000017	57.0	100.0
214.85063379999997	57.0	100.0
214.85065280000003	57.0	100.0
214.86911340000006	57.0	100.0
214.8896188000001	57.0	100.0
214.91310120000003	57.0	100.0
214.9528769000001	57.0	100.0
214.95291100000009	57.0	100.0
214.97143619999997	57.0	100.0
214.99029859999996	57.0	100.0
215.0108752000001	57.0	100.0
215.05526600000007	57.0	100.0
215.05528460000005	57.0	100.0
215.07232139999996	57.0	100.0
215.09295029999998	57.0	100.0
215.11159750000002	57.0	100.0
215.13697939999997	57.0	100.0
215.15095510000015	57.0	100.0
215.17114650000008	57.0	100.0
215.19129840000005	57.0	100.0
215.21505420000017	57.0	100.0
215.40779220000013	57.0	100.0
215.40781119999997	57.0	100.0
215.40781949999996	57.0	100.0
215.407827	57.0	100.0
215.4078343000001	57.0	100.0
215.40824510000016	57.0	100.0
215.4082621	57.0	100.0
215.40827120000017	57.0	100.0
215.40827860000013	57.0	100.0
215.41340460000015	57.0	100.0
215.4315934000001	57.0	100.0
215.45130410000002	57.0	100.0
215.5148041	57.0	100.0
215.51482350000015	57.0	100.0
215.5148319	57.0	100.0
215.529769	57.0	100.0
215.65028230000007	57.0	100.0
215.6503021000001	57.0	100.0
215.65031120000003	57.0	100.0
215.65031950000002	57.0	100.0
215.65032800000017	57.0	100.0
215.65135050000004	57.0	100.0
215.6720663000001	57.0	100.0
215.69151340000008	57.0	100.0
215.71196010000017	57.0	100.0
215.7369506	57.0	100.0
215.76752460000012	57.0	100.0
215.77189810000004	57.0	100.0
215.7912573000001	57.0	100.0
215.81091990000004	57.0	100.0
215.83464090000007	57.0	100.0
216.0239027	57.0	100.0
216.02392670000017	57.0	100.0
216.0239392000001	57.0	100.0
216.0239507000001	57.0	100.0
216.02396310000017	57.0	100.0
216.0239739000001	57.0	100.0
216.02398340000013	57.0	100.0
216.02399119999995	57.0	100.0
216.02399860000014	57.0	100.0
216.03300890000014	57.0	100.0
216.07059300000014	57.0	100.0
216.0713694000001	57.0	100.0
216.0934072	57.0	100.0
216.10361820000003	57.0	100.0
216.12392820000014	57.0	100.0
216.14532400000007	57.0	100.0
216.16521180000018	57.0	100.0
216.1868806	57.0	100.0
216.2119897	57.0	100.0
216.22899500000017	57.0	100.0
216.25108260000002	57.0	100.0
216.43423730000018	57.0	100.0
216.43427350000002	57.0	100.0
216.43429149999997	57.0	100.0
216.4343077000001	57.0	100.0
216.43432359999997	57.0	100.0
216.43433950000008	57.0	100.0
216.43435539999996	57.0	100.0
216.43437089999998	57.0	100.0
216.43438680000008	57.0	100.0
216.45253690000004	57.0	100.0
216.47346470000002	57.0	100.0
216.49235080000017	57.0	100.0
216.54190590000007	57.0	100.0
216.54193959999998	57.0	100.0
216.55460089999997	57.0	100.0
216.6824114000001	57.0	100.0
216.68243110000003	57.0	100.0
216.68243940000002	57.0	100.0
216.68244679999998	57.0	100.0
216.68245390000016	57.0	100.0
216.68246120000003	57.0	100.0
216.69377870000017	57.0	100.0
216.71331090000012	57.0	100.0
216.73308859999997	57.0	100.0
216.75616250000007	57.0	100.0
216.94652570000017	57.0	100.0
216.9465599	57.0	100.0
216.9465772000001	57.0	100.0
216.94659390000015	57.0	100.0
216.9466109	57.0	100.0
216.94663360000004	57.0	100.0
216.9466503000001	57.0	100.0
216.94666570000004	57.0	100.0
216.9466821000001	57.0	100.0
216.9538331000001	57.0	100.0
216.97386460000007	57.0	100.0
216.99323400000003	57.0	100.0
217.05664990000014	57.0	100.0
217.05666930000007	57.0	100.0
217.05667760000006	57.0	100.0
217.07327540000006	57.0	100.0
217.19528820000005	57.0	100.0
217.19530729999997	57.0	100.0
217.19531580000012	57.0	100.0
217.19532320000008	57.0	100.0
217.19533030000002	57.0	100.0
217.19533760000013	57.0	100.0
217.21290769999996	57.0	100.0
217.2321452000001	57.0	100.0
217.2528774	57.0	100.0
217.2735881000001	57.0	100.0
217.29715980000014	57.0	100.0
217.3156695	57.0	100.0
217.3346924	58.0	100.0
217.35364320000008	58.0	100.0
217.3731961000001	58.0	100.0
217.55960560000017	58.0	100.0
217.55962720000002	58.0	100.0
217.5596359000001	58.0	100.0
217.55964330000006	58.0	100.0
217.55965100000003	58.0	100.0
217.5596584	58.0	100.0
217.5596660000001	58.0	100.0
217.55967380000016	58.0	100.0
217.55968159999998	58.0	100.0
217.57557300000008	58.0	100.0
217.5940187000001	58.0	100.0
217.61389640000016	58.0	100.0
217.670212	58.0	100.0
217.6702322000001	58.0	100.0
217.67762330000005	58.0	100.0
217.69400210000003	58.0	100.0
217.80908050000016	58.0	100.0
217.80910000000017	58.0	100.0
217.80943490000004	58.0	100.0
217.80946590000008	58.0	100.0
217.80948320000016	58.0	100.0
217.81933820000017	58.0	100.0
217.83249	58.0	100.0
217.85417210000014	58.0	100.0
217.87508090000006	58.0	100.0
217.93062989999999	58.0	100.0
217.93064820000018	58.0	100.0
217.93375349999997	58.0	100.0
217.95436229999996	58.0	100.0
217.97760319999998	58.0	100.0
218.01629200000002	58.0	100.0
218.01895650000006	58.0	100.0
218.03392359999998	58.0	100.0
218.05366690000005	58.0	100.0
218.0742534000001	58.0	100.0
218.09389299999998	58.0	100.0
218.11488129999998	58.0	100.0
218.1364367000001	58.0	100.0
218.15317240000013	58.0	100.0
218.17530770000008	58.0	100.0
218.19131620000007	58.0	100.0
218.21280890000003	58.0	100.0
218.23571500000003	58.0	100.0
218.25327220000008	58.0	100.0
218.27494410000008	58.0	100.0
218.2951230000001	58.0	100.0
218.31522830000017	58.0	100.0
218.33374019999997	57.0	100.0
218.35443640000017	57.0	100.0
218.3740987000001	57.0	100.0
218.39386450000006	57.0	100.0
218.41338889999997	57.0	100.0
218.4382488000001	57.0	100.0
218.45675210000013	57.0	100.0
218.47444900000005	57.0	100.0
218.49638210000012	57.0	100.0
218.51400060000014	57.0	100.0
218.53748960000007	57.0	100.0
218.55444030000012	57.0	100.0
218.57384739999998	57.0	100.0
218.59477809999998	57.0	100.0
218.61742820000018	57.0	100.0
218.63380070000017	57.0	100.0
218.65395230000013	57.0	100.0
218.67527229999996	57.0	100.0
218.69411330000003	57.0	100.0
218.71386389999998	57.0	100.0
218.73550139999998	57.0	100.0
218.7556750000001	57.0	100.0
218.77797750000013	57.0	100.0
218.7965048000001	57.0	100.0
218.81521270000007	57.0	100.0
218.8351517000001	57.0	100.0
218.8552162000001	57.0	100.0
218.87542800000006	57.0	100.0
218.8948233000001	57.0	100.0
218.91591430000017	57.0	100.0
218.93676930000015	57.0	100.0
218.95904560000008	57.0	100.0
218.9754358	57.0	100.0
218.9954596	57.0	100.0
219.01558210000007	57.0	100.0
219.0356918	57.0	100.0
219.0586628000001	57.0	100.0
219.07657870000003	57.0	100.0
219.09810200000015	57.0	100.0
219.11547180000002	57.0	100.0
219.13552470000013	57.0	100.0
219.1561696000001	57.0	100.0
219.17508670000007	57.0	100.0
219.1941213	57.0	100.0
219.21577420000017	57.0	100.0
219.23571400000014	57.0	100.0
219.25765460000002	57.0	100.0
219.27668660000018	57.0	100.0
219.29557620000014	57.0	100.0
219.31675130000008	57.0	100.0
219.33639130000006	57.0	100.0
219.35898210000005	57.0	100.0
219.37622729999998	57.0	100.0
219.3967685	57.0	100.0
219.4178535000001	57.0	100.0
219.43541330000016	57.0	100.0
219.45567189999997	57.0	100.0
219.47949160000007	57.0	100.0
219.49544090000018	57.0	100.0
219.51638120000007	57.0	100.0
219.53555589999996	57.0	100.0
219.55655590000015	57.0	100.0
219.57711280000012	57.0	100.0
219.59658860000013	57.0	100.0
219.6158187000001	57.0	100.0
219.63669320000008	57.0	100.0
219.65541910000002	57.0	100.0
219.67698029999997	57.0	100.0
219.69604700000014	57.0	100.0
219.71787489999997	57.0	100.0
219.73816469999997	57.0	100.0
219.7568639000001	57.0	100.0
219.7763175	57.0	100.0
219.79684770000017	57.0	100.0
219.8166427000001	57.0	100.0
219.8357449	57.0	100.0
219.85629770000014	57.0	100.0
219.87753840000005	57.0	100.0
219.8983978000001	57.0	100.0
219.91650460000005	57.0	100.0
219.93680710000012	57.0	100.0
219.9566056000001	57.0	100.0
219.97747040000013	57.0	100.0
219.99701419999997	57.0	100.0
220.0165803	57.0	100.0
220.03768400000013	57.0	100.0
220.05878630000007	57.0	100.0
220.07698260000006	57.0	100.0
220.09984150000014	57.0	100.0
220.1173785000001	57.0	100.0
220.13689190000014	57.0	100.0
220.15689310000016	57.0	100.0
220.17731400000002	57.0	100.0
220.19792310000003	57.0	100.0
220.21790699999997	57.0	100.0
220.23743609999997	57.0	100.0
220.25778820000005	57.0	100.0
220.27666580000005	57.0	100.0
220.29677860000015	57.0	100.0
220.31757200000015	57.0	100.0
220.33934369999997	56.0	100.0
220.35779990000015	56.0	100.0
220.37958079999999	56.0	100.0
220.39707050000015	56.0	100.0
220.41700990000004	56.0	100.0
220.4367307	56.0	100.0
220.45656780000013	56.0	100.0
220.47709570000006	56.0	100.0
220.49645640000017	56.0	100.0
220.52151120000008	56.0	100.0
220.53828010000007	56.0	100.0
220.55680340000004	56.0	100.0
220.57622800000013	56.0	100.0
220.5970373	56.0	100.0
220.62012560000016	56.0	100.0
220.63970370000015	56.0	100.0
220.65655960000004	56.0	100.0
220.67739640000013	56.0	100.0
220.69947620000016	56.0	100.0
220.72068710000008	56.0	100.0
220.73747350000008	56.0	100.0
220.75797780000016	56.0	100.0
220.7776864	56.0	100.0
220.79728130000012	56.0	100.0
220.81758860000014	56.0	100.0
220.8381637	56.0	100.0
220.85894350000012	56.0	100.0
220.87833460000002	56.0	100.0
220.8985537000001	56.0	100.0
220.91890510000007	56.0	100.0
220.93733300000008	56.0	100.0
220.9578587000001	56.0	100.0
220.97770590000005	56.0	100.0
220.9980048	56.0	100.0
221.02073689999997	56.0	100.0
221.03763720000006	56.0	100.0
221.0575295000001	56.0	100.0
221.07790369999998	56.0	100.0
221.09713950000014	56.0	100.0
221.11809230000017	56.0	100.0
221.13852829999996	56.0	100.0
221.1585520000001	56.0	100.0
221.1802381	56.0	100.0
221.19755600000008	56.0	100.0
221.2173533	56.0	100.0
221.23736750000012	56.0	100.0
221.2576001	56.0	100.0
221.27927420000015	56.0	100.0
221.2979729000001	56.0	100.0
221.31980700000008	56.0	100.0
221.34130030000006	54.0	100.0
221.35830520000013	54.0	100.0
221.37841550000007	54.0	100.0
221.39695540000002	54.0	100.0
221.41700650000007	54.0	100.0
221.4381674000001	54.0	100.0
221.45890110000005	54.0	100.0
221.47966600000018	54.0	100.0
221.4996853	54.0	100.0
221.51802620000012	54.0	100.0
221.53781120000008	54.0	100.0
221.56252840000002	54.0	100.0
221.5785410000001	54.0	100.0
221.59810100000004	54.0	100.0
221.61877909999998	54.0	100.0
221.6394961000001	54.0	100.0
221.66144430000008	54.0	100.0
221.67978560000006	54.0	100.0
221.69824620000009	54.0	100.0
221.71866640000007	54.0	100.0
221.73848470000007	54.0	100.0
221.7628082000001	54.0	100.0
221.77971430000002	54.0	100.0
221.80027689999997	54.0	100.0
221.82110360000001	54.0	100.0
221.83870380000008	54.0	100.0
221.8588976000001	54.0	100.0
221.8794600000001	54.0	100.0
221.8982343	54.0	100.0
221.91930320000006	54.0	100.0
221.93887689999997	54.0	100.0
221.95936920000008	54.0	100.0
221.9816949000001	54.0	100.0
221.9978711000001	54.0	100.0
222.0188680000001	54.0	100.0
222.03890690000003	54.0	100.0
222.05875960000003	54.0	100.0
222.08309630000008	54.0	100.0
222.09939789999999	54.0	100.0
222.11766780000016	54.0	100.0
222.13978240000006	54.0	100.0
222.15785219999998	54.0	100.0
222.17615380000007	54.0	100.0
222.19578539999998	54.0	100.0
222.21342930000014	54.0	100.0
222.23316109999996	54.0	100.0
222.25590009999996	54.0	100.0
222.28510700000015	54.0	100.0
222.29972280000015	54.0	100.0
222.31959230000007	54.0	100.0
222.33939720000012	55.0	100.0
222.35964780000018	55.0	100.0
222.3806770000001	55.0	100.0
222.39931049999996	55.0	100.0
222.41875330000016	55.0	100.0
222.43969800000013	55.0	100.0
222.46085870000002	55.0	100.0
222.47958110000013	55.0	100.0
222.49964680000016	55.0	100.0
222.5194229000001	55.0	100.0
222.53930620000006	55.0	100.0
222.55934430000002	55.0	100.0
222.5807225000001	55.0	100.0
222.60021800000004	55.0	100.0
222.62108190000004	55.0	100.0
222.63933730000008	55.0	100.0
222.65925600000014	55.0	100.0
222.6796197000001	55.0	100.0
222.70289920000005	55.0	100.0
222.7196801	55.0	100.0
222.74019670000007	55.0	100.0
222.76045310000018	55.0	100.0
222.78125120000004	55.0	100.0
222.80265559999998	55.0	100.0
222.81996360000016	55.0	100.0
222.83950920000007	55.0	100.0
222.85929120000014	55.0	100.0
222.88032160000012	55.0	100.0
222.8994259000001	55.0	100.0
222.92042770000012	55.0	100.0
222.94158930000003	55.0	100.0
222.95950919999996	55.0	100.0
222.97973000000002	55.0	100.0
223.00184690000015	55.0	100.0
223.01989990000015	55.0	100.0
223.03965310000012	55.0	100.0
223.06082490000017	55.0	100.0
223.08050950000006	55.0	100.0
223.1041917	55.0	100.0
223.1202568000001	55.0	100.0
223.1396704000001	55.0	100.0
223.16009900000017	55.0	100.0
223.18043360000001	55.0	100.0
223.20002360000012	55.0	100.0
223.2213452000001	55.0	100.0
223.24196510000002	55.0	100.0
223.26237730000003	55.0	100.0
223.28030490000015	55.0	100.0
223.30036670000004	55.0	100.0
223.3206778000001	55.0	100.0
223.34129070000017	54.0	100.0
223.36479970000005	54.0	100.0
223.38091529999997	54.0	100.0
223.4011329	54.0	100.0
223.42584039999997	54.0	100.0
223.44089200000008	54.0	100.0
223.460826	54.0	100.0
223.4838403000001	54.0	100.0
223.50085990000002	54.0	100.0
223.52101470000002	54.0	100.0
223.54085310000005	54.0	100.0
223.56112770000004	54.0	100.0
223.58389290000014	54.0	100.0
223.60096710000016	54.0	100.0
223.62116570000012	54.0	100.0
223.64204719999998	54.0	100.0
223.6611680000001	54.0	100.0
223.681468	54.0	100.0
223.7006672	54.0	100.0
223.72150299999998	54.0	100.0
223.74655280000002	54.0	100.0
223.7619231000001	54.0	100.0
223.78144620000012	54.0	100.0
223.8013132000001	54.0	100.0
223.82173430000012	54.0	100.0
223.84502380000004	54.0	100.0
223.86068480000017	54.0	100.0
223.88177059999998	54.0	100.0
223.9033905000001	54.0	100.0
223.921474	54.0	100.0
223.94166880000012	54.0	100.0
223.9616942	54.0	100.0
223.98302490000015	54.0	100.0
224.00122490000012	54.0	100.0
224.02141970000002	54.0	100.0
224.0421569	54.0	100.0
224.06251680000014	54.0	100.0
224.0817214000001	54.0	100.0
224.1015248000001	54.0	100.0
224.1226584000001	54.0	100.0
224.14154310000004	54.0	100.0
224.16166650000014	54.0	100.0
224.18108070000017	54.0	100.0
224.20171670000013	54.0	100.0
224.22350389999997	54.0	100.0
224.24199380000005	54.0	100.0
224.26545439999995	54.0	100.0
224.2819356	54.0	100.0
224.30100420000008	54.0	100.0
224.32307930000002	54.0	100.0
224.3419874000001	54.0	100.0
224.36609799999997	54.0	100.0
224.38475790000007	54.0	100.0
224.40181200000006	54.0	100.0
224.42156240000008	54.0	100.0
224.44195409999998	54.0	100.0
224.46537940000007	54.0	100.0
224.48220860000015	54.0	100.0
224.50145040000007	54.0	100.0
224.5217497000001	54.0	100.0
224.54455670000016	54.0	100.0
224.5617082000001	54.0	100.0
224.58157810000012	54.0	100.0
224.60161940000012	54.0	100.0
224.62150889999998	54.0	100.0
224.64180869999996	54.0	100.0
224.66288940000004	54.0	100.0
224.67663930000003	54.0	100.0
224.70187210000017	54.0	100.0
224.72027720000006	54.0	100.0
224.74262790000012	54.0	100.0
224.76097800000002	54.0	100.0
224.78237630000012	54.0	100.0
224.8014865	54.0	100.0
224.8214094	54.0	100.0
224.84503519999998	54.0	100.0
224.8651758000001	54.0	100.0
224.8863897000001	54.0	100.0
224.90172340000004	54.0	100.0
224.92208189999997	54.0	100.0
224.94210210000006	54.0	100.0
224.9619851	54.0	100.0
224.98639990000015	54.0	100.0
225.00327340000013	54.0	100.0
225.02360510000017	54.0	100.0
225.0426761000001	54.0	100.0
225.06222890000004	54.0	100.0
225.08119980000015	54.0	100.0
225.10140810000007	54.0	100.0
225.1213362000001	54.0	100.0
225.14132960000006	54.0	100.0
225.16300969999998	54.0	100.0
225.18477159999998	54.0	100.0
225.20139489999997	54.0	100.0
225.2214993	54.0	100.0
225.24164029999997	54.0	100.0
225.26143390000016	54.0	100.0
225.28314109999997	54.0	100.0
225.3067969000001	54.0	100.0
225.32400410000014	54.0	100.0
225.34832170000004	56.0	100.0
225.36308270000018	56.0	100.0
225.38225039999998	56.0	100.0
225.40259170000013	56.0	100.0
225.4220514000001	56.0	100.0
225.44239800000014	56.0	100.0
225.46300829999996	56.0	100.0
225.48340700000017	56.0	100.0
225.50913090000017	56.0	100.0
225.52351120000003	56.0	100.0
225.54216070000007	56.0	100.0
225.5631264000001	56.0	100.0
225.58340810000004	56.0	100.0
225.60342250000008	56.0	100.0
225.6219615	56.0	100.0
225.6436959	56.0	100.0
225.66455810000002	56.0	100.0
225.68290420000017	56.0	100.0
225.70345410000004	56.0	100.0
225.72281900000007	56.0	100.0
225.74287930000014	56.0	100.0
225.76325540000016	56.0	100.0
225.7831920000001	56.0	100.0
225.80380690000015	56.0	100.0
225.82510760000014	56.0	100.0
225.84234230000015	56.0	100.0
225.86231139999995	56.0	100.0
225.88338620000013	56.0	100.0
225.9031321	56.0	100.0
225.92365470000004	56.0	100.0
225.94335890000002	56.0	100.0
225.9645528000001	56.0	100.0
225.98534430000018	56.0	100.0
226.0035941000001	56.0	100.0
226.02366040000015	56.0	100.0
226.0434534000001	56.0	100.0
226.0633686000001	56.0	100.0
226.08495850000008	56.0	100.0
226.10275479999996	56.0	100.0
226.12435460000006	56.0	100.0
226.1453586	56.0	100.0
226.16344219999996	56.0	100.0
226.18406930000015	56.0	100.0
226.20348850000005	56.0	100.0
226.22376959999997	56.0	100.0
226.24353810000002	56.0	100.0
226.26398970000014	56.0	100.0
226.28495050000015	56.0	100.0
226.30576900000005	56.0	100.0
226.32472470000016	56.0	100.0
226.34345040000017	56.0	100.0
226.36766510000007	56.0	100.0
226.3838005	56.0	100.0
226.40456570000015	56.0	100.0
226.42504630000008	56.0	100.0
226.44898020000005	56.0	100.0
226.46712320000006	56.0	100.0
226.48492620000002	56.0	100.0
226.50473230000011	56.0	100.0
226.52486210000006	56.0	100.0
226.54495580000003	56.0	100.0
226.56488780000018	56.0	100.0
226.5862115	56.0	100.0
226.60577660000013	56.0	100.0
226.62585120000017	56.0	100.0
226.64975100000015	56.0	100.0
226.66462909999996	56.0	100.0
226.68477940000002	56.0	100.0
226.7038262000001	56.0	100.0
226.72547170000007	56.0	100.0
226.7451883000001	56.0	100.0
226.76605240000004	56.0	100.0
226.78782290000004	56.0	100.0
226.8048897000001	56.0	100.0
226.82491679999998	56.0	100.0
226.84521180000002	56.0	100.0
226.8650728	56.0	100.0
226.88591940000015	56.0	100.0
226.90502360000005	56.0	100.0
226.92489680000017	56.0	100.0
226.9472042	56.0	100.0
226.9659861	56.0	100.0
226.98631309999996	56.0	100.0
227.00544950000017	56.0	100.0
227.02550600000018	56.0	100.0
227.04548790000013	56.0	100.0
227.0689863	56.0	100.0
227.08458450000012	56.0	100.0
227.1061420000001	56.0	100.0
227.12435030000006	56.0	100.0
227.14549420000003	56.0	100.0
227.1656746000001	56.0	100.0
227.18566540000006	56.0	100.0
227.20529729999998	56.0	100.0
227.2256827000001	56.0	100.0
227.24581609999996	56.0	100.0
227.26686200000017	56.0	100.0
227.28628530000015	56.0	100.0
227.30586119999998	56.0	100.0
227.32690100000013	56.0	100.0
227.3457949000001	57.0	100.0
227.36494930000003	57.0	100.0
227.3854920000001	57.0	100.0
227.40510630000017	57.0	100.0
227.42737820000002	57.0	100.0
227.44551160000015	57.0	100.0
227.46562940000013	57.0	100.0
227.48564380000016	57.0	100.0
227.50739999999996	57.0	100.0
227.52657020000015	57.0	100.0
227.54541010000003	57.0	100.0
227.56567770000015	57.0	100.0
227.58939720000012	57.0	100.0
227.6063630000001	57.0	100.0
227.62556280000013	57.0	100.0
227.6458543000001	57.0	100.0
227.66600689999996	57.0	100.0
227.69032370000014	57.0	100.0
227.70532449999996	57.0	100.0
227.7262756	57.0	100.0
227.74767480000014	57.0	100.0
227.76681050000002	57.0	100.0
227.78621470000007	57.0	100.0
227.80602820000013	57.0	100.0
227.82610420000015	57.0	100.0
227.84485110000014	57.0	100.0
227.86588770000003	57.0	100.0
227.8870091000001	57.0	100.0
227.90765840000017	57.0	100.0
227.9260415000001	57.0	100.0
227.94615870000007	57.0	100.0
227.9657548	57.0	100.0
227.98691410000015	57.0	100.0
228.0064218	57.0	100.0
228.02698759999998	57.0	100.0
228.04771360000018	57.0	100.0
228.06900070000006	57.0	100.0
228.0853952	57.0	100.0
228.1095239000001	57.0	100.0
228.1258312	57.0	100.0
228.14517650000016	57.0	100.0
228.16546790000007	57.0	100.0
228.1861933	57.0	100.0
228.2098066000001	57.0	100.0
228.22851320000018	57.0	100.0
228.24598560000004	57.0	100.0
228.26577250000014	57.0	100.0
228.2859433000001	57.0	100.0
228.30543230000012	57.0	100.0
228.32710530000008	57.0	100.0
228.34743670000012	56.0	100.0
228.36745180000003	56.0	100.0
228.38949049999997	56.0	100.0
228.40738480000005	56.0	100.0
228.42910330000018	56.0	100.0
228.44696240000007	56.0	100.0
228.46718320000014	56.0	100.0
228.48733390000007	56.0	100.0
228.50691870000014	56.0	100.0
228.52873739999995	56.0	100.0
228.54881960000012	56.0	100.0
228.5669719	56.0	100.0
228.58772420000014	56.0	100.0
228.6072633000001	56.0	100.0
228.62984210000013	56.0	100.0
228.64752240000007	56.0	100.0
228.66725800000017	56.0	100.0
228.68770470000004	56.0	100.0
228.710016	56.0	100.0
228.7310642	56.0	100.0
228.74743020000005	56.0	100.0
228.76735789999998	56.0	100.0
228.78828399999998	56.0	100.0
228.8075887	56.0	100.0
228.82749090000016	56.0	100.0
228.84838420000005	56.0	100.0
228.8696334000001	56.0	100.0
228.88823590000015	56.0	100.0
228.9073674000001	56.0	100.0
228.92718190000005	56.0	100.0
228.94752030000018	56.0	100.0
228.96740120000004	56.0	100.0
228.9875459	56.0	100.0
229.00844389999997	56.0	100.0
229.03032830000006	56.0	100.0
229.04755480000017	56.0	100.0
229.0673597	56.0	100.0
229.08733210000014	56.0	100.0
229.10751400000004	56.0	100.0
229.1274088	56.0	100.0
229.15106880000008	56.0	100.0
229.16848640000012	56.0	100.0
229.18975910000017	56.0	100.0
229.20737980000013	56.0	100.0
229.22737870000014	56.0	100.0
229.2517534000001	56.0	100.0
229.2674465	56.0	100.0
229.2886519000001	56.0	100.0
229.30757620000009	56.0	100.0
229.32907210000008	56.0	100.0
229.3545782000001	57.0	100.0
229.36868070000014	57.0	100.0
229.38851590000013	57.0	100.0
229.40750490000005	57.0	100.0
229.42735319999997	57.0	100.0
229.44753260000016	57.0	100.0
229.46805089999998	57.0	100.0
229.4893237000001	57.0	100.0
229.50975630000016	57.0	100.0
229.52799890000006	57.0	100.0
229.54833600000006	57.0	100.0
229.5676178000001	57.0	100.0
229.58821450000005	57.0	100.0
229.60768710000002	57.0	100.0
229.62771240000006	57.0	100.0
229.65085109999995	57.0	100.0
229.67394780000018	57.0	100.0
229.68802430000005	57.0	100.0
229.7077071000001	57.0	100.0
229.72765010000012	57.0	100.0
229.74853350000012	57.0	100.0
229.77111730000001	57.0	100.0
229.78845720000004	57.0	100.0
229.8090598000001	57.0	100.0
229.83012570000005	57.0	100.0
229.84876840000015	57.0	100.0
229.87018540000008	57.0	100.0
229.88884670000016	57.0	100.0
229.90826549999997	57.0	100.0
229.9284576	57.0	100.0
229.94868760000008	57.0	100.0
229.9697146000001	57.0	100.0
229.99085230000014	57.0	100.0
230.00894259999995	57.0	100.0
230.02906150000013	57.0	100.0
230.04884820000007	57.0	100.0
230.06949340000006	57.0	100.0
230.08975610000016	57.0	100.0
230.10851920000005	57.0	100.0
230.1290262	57.0	100.0
230.15090170000008	57.0	100.0
230.16973400000006	57.0	100.0
230.19304420000003	57.0	100.0
230.20917310000004	57.0	100.0
230.22842630000014	57.0	100.0
230.24854920000007	57.0	100.0
230.26941499999998	57.0	100.0
230.29357679999998	57.0	100.0
230.3112172000001	57.0	100.0
230.32979380000006	57.0	100.0
230.34914249999997	56.0	100.0
230.37457110000014	56.0	100.0
230.3895156000001	56.0	100.0
230.40869650000013	56.0	100.0
230.42885139999999	56.0	100.0
230.44961940000007	56.0	100.0
230.47015699999997	56.0	100.0
230.48893500000008	56.0	100.0
230.50828150000007	56.0	100.0
230.52902050000012	56.0	100.0
230.54880630000002	56.0	100.0
230.56892000000016	56.0	100.0
230.58880109999996	56.0	100.0
230.6094627	56.0	100.0
230.6312964000001	56.0	100.0
230.64823450000017	56.0	100.0
230.6689288	56.0	100.0
230.68985120000002	56.0	100.0
230.71309870000005	56.0	100.0
230.72910160000015	56.0	100.0
230.74943989999997	56.0	100.0
230.7702253	56.0	100.0
230.79109790000007	56.0	100.0
230.8127637	56.0	100.0
230.8288301	56.0	100.0
230.8493601	56.0	100.0
230.86921400000006	56.0	100.0
230.88996380000003	56.0	100.0
230.9093815000001	56.0	100.0
230.93020680000018	56.0	100.0
230.95068250000008	56.0	100.0
230.9690720000001	56.0	100.0
230.98903010000004	56.0	100.0
231.00969240000018	56.0	100.0
231.02925770000002	56.0	100.0
231.0498070000001	56.0	100.0
231.06906430000004	56.0	100.0
231.091365	56.0	100.0
231.1107571	56.0	100.0
231.12947050000002	56.0	100.0
231.14924330000008	56.0	100.0
231.16946110000004	56.0	100.0
231.1897249000001	56.0	100.0
231.20933760000003	56.0	100.0
231.22980280000002	56.0	100.0
231.24989410000012	56.0	100.0
231.27233660000002	56.0	100.0
231.28963629999998	56.0	100.0
231.30947800000013	56.0	100.0
231.33343950000017	56.0	100.0
231.34994970000002	55.0	100.0
231.36900250000008	55.0	100.0
231.38916710000012	55.0	100.0
231.41010260000007	55.0	100.0
231.4350233	55.0	100.0
231.44969880000008	55.0	100.0
231.46896220000008	55.0	100.0
231.48944530000017	55.0	100.0
231.50969220000002	55.0	100.0
231.52981380000006	55.0	100.0
231.54948839999997	55.0	100.0
231.5701378000001	55.0	100.0
231.59320620000017	55.0	100.0
231.60912070000018	55.0	100.0
231.6297062000001	55.0	100.0
231.64960020000012	55.0	100.0
231.6694622	55.0	100.0
231.6899019	55.0	100.0
231.71047520000002	55.0	100.0
231.73102930000005	55.0	100.0
231.75149710000005	55.0	100.0
231.77019570000016	55.0	100.0
231.78893489999996	55.0	100.0
231.80942660000005	55.0	100.0
231.82589380000013	55.0	100.0
231.84221100000013	55.0	100.0
231.8617124	55.0	100.0
231.88659619999999	55.0	100.0
231.90915459999997	55.0	100.0
231.92549150000013	55.0	100.0
231.9544088	55.0	100.0
231.96987490000015	55.0	100.0
231.98957310000014	55.0	100.0
232.01026390000015	55.0	100.0
232.0297141000001	55.0	100.0
232.05140610000012	55.0	100.0
232.0725956000001	55.0	100.0
232.09024720000002	55.0	100.0
232.10951799999998	55.0	100.0
232.12966400000005	55.0	100.0
232.14907089999997	55.0	100.0
232.17005949999998	55.0	100.0
232.19020790000013	55.0	100.0
232.21138459999997	55.0	100.0
232.23309240000003	55.0	100.0
232.25091980000002	55.0	100.0
232.27453880000007	55.0	100.0
232.29070290000004	55.0	100.0
232.31066970000006	55.0	100.0
232.33233730000006	55.0	100.0
232.35111180000013	55.0	100.0
232.3742545	55.0	100.0
232.39221620000012	55.0	100.0
232.41295680000007	55.0	100.0
232.4302841000001	55.0	100.0
232.44976510000015	55.0	100.0
232.47054509999998	55.0	100.0
232.49142849999998	55.0	100.0
232.5103415000001	55.0	100.0
232.53182110000012	55.0	100.0
232.55365670000015	55.0	100.0
232.57068760000016	55.0	100.0
232.58997250000016	55.0	100.0
232.61137660000009	55.0	100.0
232.63184850000016	55.0	100.0
232.65417100000013	55.0	100.0
232.6714978	55.0	100.0
232.69256020000012	55.0	100.0
232.7131485	55.0	100.0
232.73163990000012	55.0	100.0
232.75122140000008	55.0	100.0
232.7711412000001	55.0	100.0
232.79022710000004	55.0	100.0
232.8114286	55.0	100.0
232.83228630000008	55.0	100.0
232.8532146	55.0	100.0
232.87346620000017	55.0	100.0
232.89418939999996	55.0	100.0
232.91123549999998	55.0	100.0
232.9318416000001	55.0	100.0
232.9510312	55.0	100.0
232.97139340000012	55.0	100.0
232.9928506000001	55.0	100.0
233.01229179999996	55.0	100.0
233.03363160000004	55.0	100.0
233.05146130000003	55.0	100.0
233.07112010000014	55.0	100.0
233.09288519999996	55.0	100.0
233.1119724	55.0	100.0
233.1300728000001	55.0	100.0
233.15153959999998	55.0	100.0
233.16917200000012	55.0	100.0
233.19300930000009	55.0	100.0
233.21275420000006	55.0	100.0
233.23138089999998	55.0	100.0
233.25146100000006	55.0	100.0
233.2714257	55.0	100.0
233.2920501000001	55.0	100.0
233.31131830000004	55.0	100.0
233.33330539999997	55.0	100.0
233.35414600000013	55.0	100.0
233.37167250000016	55.0	100.0
233.39291909999997	55.0	100.0
233.41571980000003	55.0	100.0
233.43237780000004	55.0	100.0
233.4517753	55.0	100.0
233.47119240000006	55.0	100.0
233.49225760000013	55.0	100.0
233.51844419999998	55.0	100.0
233.53284900000017	55.0	100.0
233.55144680000012	55.0	100.0
233.5725116000001	55.0	100.0
233.59269390000009	55.0	100.0
233.61285680000015	55.0	100.0
233.6316071000001	55.0	100.0
233.6539583000001	55.0	100.0
233.67356949999999	55.0	100.0
233.6928206	55.0	100.0
233.71273800000017	55.0	100.0
233.73263440000005	55.0	100.0
233.75383030000012	55.0	100.0
233.77185900000018	55.0	100.0
233.79227820000006	55.0	100.0
233.8138252000001	55.0	100.0
233.83483360000014	55.0	100.0
233.85642900000016	55.0	100.0
233.87327860000005	55.0	100.0
233.89321330000007	55.0	100.0
233.91260180000017	55.0	100.0
233.93247399999996	55.0	100.0
233.9530059000001	55.0	100.0
233.97335250000015	55.0	100.0
233.99438499999997	55.0	100.0
234.01326860000017	55.0	100.0
234.03313430000003	55.0	100.0
234.05388489999996	55.0	100.0
234.07279689999996	55.0	100.0
234.09342760000004	55.0	100.0
234.11282210000013	55.0	100.0
234.13338280000016	55.0	100.0
234.1562738	55.0	100.0
234.174082	55.0	100.0
234.19334390000017	55.0	100.0
234.21318399999996	55.0	100.0
234.2334217	55.0	100.0
234.25305150000008	55.0	100.0
234.27301390000002	55.0	100.0
234.29432900000006	55.0	100.0
234.31399150000016	55.0	100.0
234.33362120000015	55.0	100.0
234.35380220000002	56.0	100.0
234.37331630000017	56.0	100.0
234.39329390000012	56.0	100.0
234.41385360000004	56.0	100.0
234.43251729999997	56.0	100.0
234.45293540000011	56.0	100.0
234.47299680000015	56.0	100.0
234.49310660000015	56.0	100.0
234.51307500000007	56.0	100.0
234.53294410000012	56.0	100.0
234.55616970000005	56.0	100.0
234.57337100000018	56.0	100.0
234.59305300000005	56.0	100.0
234.6134462	56.0	100.0
234.6350417000001	56.0	100.0
234.65351780000015	56.0	100.0
234.67538130000003	56.0	100.0
234.6936849000001	56.0	100.0
234.7115983000001	56.0	100.0
234.7316783000001	56.0	100.0
234.75238920000015	56.0	100.0
234.7736933000001	56.0	100.0
234.79672470000014	56.0	100.0
234.81385799999998	56.0	100.0
234.83350560000008	56.0	100.0
234.85385180000003	56.0	100.0
234.87356940000018	56.0	100.0
234.89386980000018	56.0	100.0
234.91306499999996	56.0	100.0
234.93380330000014	56.0	100.0
234.95519320000017	56.0	100.0
234.97323660000006	56.0	100.0
234.99372230000017	56.0	100.0
235.01332630000002	56.0	100.0
235.03300009999998	56.0	100.0
235.05339490000006	56.0	100.0
235.07345840000016	56.0	100.0
235.09502900000007	56.0	100.0
235.11656289999996	56.0	100.0
235.1339812000001	56.0	100.0
235.1537148	56.0	100.0
235.17755350000016	56.0	100.0
235.19359140000006	56.0	100.0
235.21362580000005	56.0	100.0
235.2330892	56.0	100.0
235.2547257000001	56.0	100.0
235.2765988000001	56.0	100.0
235.2937300000001	56.0	100.0
235.31369960000006	56.0	100.0
235.33547240000007	56.0	100.0
235.35780440000008	57.0	100.0
235.37419350000005	57.0	100.0
235.39400739999996	57.0	100.0
235.41480330000013	57.0	100.0
235.43708360000005	57.0	100.0
235.45404240000016	57.0	100.0
235.47365480000008	57.0	100.0
235.49855309999998	57.0	100.0
235.51411500000017	57.0	100.0
235.53333120000002	57.0	100.0
235.55408250000005	57.0	100.0
235.57482019999998	57.0	100.0
235.59907270000008	57.0	100.0
235.6142066	57.0	100.0
235.63393429999996	57.0	100.0
235.6563960000001	57.0	100.0
235.67415800000003	57.0	100.0
235.69937530000016	57.0	100.0
235.71420940000007	57.0	100.0
235.73485030000006	57.0	100.0
235.75643950000017	57.0	100.0
235.77399549999996	57.0	100.0
235.79531110000016	57.0	100.0
235.8145019000001	57.0	100.0
235.83343950000017	57.0	100.0
235.85476830000016	57.0	100.0
235.87424350000015	57.0	100.0
235.89551010000014	57.0	100.0
235.91673360000004	57.0	100.0
235.93403710000007	57.0	100.0
235.95436000000018	57.0	100.0
235.9741901	57.0	100.0
235.99519350000014	57.0	100.0
236.01508200000012	57.0	100.0
236.03411730000016	57.0	100.0
236.0554019000001	57.0	100.0
236.0772925000001	57.0	100.0
236.09528020000016	57.0	100.0
236.11829009999997	57.0	100.0
236.13471849999996	57.0	100.0
236.1562418000001	57.0	100.0
236.17568140000003	57.0	100.0
236.19684410000013	57.0	100.0
236.21679540000014	57.0	100.0
236.23673759999997	57.0	100.0
236.2552009000001	57.0	100.0
236.27406310000015	57.0	100.0
236.29476560000012	57.0	100.0
236.3154955	57.0	100.0
236.3360689000001	57.0	100.0
236.35536920000004	57.0	100.0
236.37529310000014	57.0	100.0
236.39746560000003	57.0	100.0
236.4162639000001	57.0	100.0
236.43482670000003	57.0	100.0
236.45515539999997	57.0	100.0
236.47838930000012	57.0	100.0
236.49561430000017	57.0	100.0
236.51611220000018	57.0	100.0
236.53595530000007	57.0	100.0
236.5574305	57.0	100.0
236.57718810000006	57.0	100.0
236.59626490000005	57.0	100.0
236.61521900000002	57.0	100.0
236.6385838000001	57.0	100.0
236.65539280000007	57.0	100.0
236.6746045	57.0	100.0
236.6965507	57.0	100.0
236.71779490000017	57.0	100.0
236.73665130000018	57.0	100.0
236.7553765	57.0	100.0
236.7739114000001	57.0	100.0
236.79509430000007	57.0	100.0
236.81569950000016	57.0	100.0
236.83519490000003	57.0	100.0
236.85525329999996	57.0	100.0
236.87677010000016	57.0	100.0
236.89537990000008	57.0	100.0
236.9151111000001	57.0	100.0
236.9358393	57.0	100.0
236.9550736000001	57.0	100.0
236.97503359999996	57.0	100.0
236.99592080000002	57.0	100.0
237.01651430000015	57.0	100.0
237.0373343000001	57.0	100.0
237.05549429999996	57.0	100.0
237.07508460000008	57.0	100.0
237.09509100000014	57.0	100.0
237.11512430000016	57.0	100.0
237.1353054000001	57.0	100.0
237.1582952000001	57.0	100.0
237.1766904000001	57.0	100.0
237.19738540000003	57.0	100.0
237.21514780000007	57.0	100.0
237.2359785000001	57.0	100.0
237.25883390000013	57.0	100.0
237.27630590000012	57.0	100.0
237.29649940000013	57.0	100.0
237.31601279999995	57.0	100.0
237.33864820000008	57.0	100.0
237.36260970000012	58.0	100.0
237.37672880000014	58.0	100.0
237.39675190000003	58.0	100.0
237.41664660000015	58.0	100.0
237.4364594000001	58.0	100.0
237.4555937	58.0	100.0
237.47584040000015	58.0	100.0
237.49727070000017	58.0	100.0
237.5176017000001	58.0	100.0
237.5368923000001	58.0	100.0
237.55578990000004	58.0	100.0
237.57560820000003	58.0	100.0
237.59626070000013	58.0	100.0
237.61681550000003	58.0	100.0
237.6365519000001	58.0	100.0
237.65704900000014	58.0	100.0
237.68244140000002	58.0	100.0
237.69701980000013	58.0	100.0
237.71593710000002	58.0	100.0
237.73569080000016	58.0	100.0
237.756666	58.0	100.0
237.78075490000015	58.0	100.0
237.7954224	58.0	100.0
237.81650760000002	58.0	100.0
237.83770590000017	58.0	100.0
237.85612749999996	58.0	100.0
237.87610900000004	58.0	100.0
237.8966594000001	58.0	100.0
237.91686750000008	58.0	100.0
237.9373524	58.0	100.0
237.95683550000012	58.0	100.0
237.9777497	58.0	100.0
237.99918260000004	58.0	100.0
238.01637920000007	58.0	100.0
238.03726410000013	58.0	100.0
238.05716140000004	58.0	100.0
238.07728610000004	58.0	100.0
238.09725190000017	58.0	100.0
238.1172451	58.0	100.0
238.13744710000014	58.0	100.0
238.1578402	58.0	100.0
238.17632219999996	58.0	100.0
238.2015004	58.0	100.0
238.21716880000008	58.0	100.0
238.23702260000005	58.0	100.0
238.2593878	58.0	100.0
238.27741960000003	58.0	100.0
238.3014035000001	58.0	100.0
238.3192143000001	58.0	100.0
238.33754250000015	58.0	100.0
238.35763440000005	58.0	100.0
238.37745410000002	58.0	100.0
238.3975031	58.0	100.0
238.41742750000003	58.0	100.0
238.43743160000008	58.0	100.0
238.45757849999995	58.0	100.0
238.47924620000003	58.0	100.0
238.49771140000007	58.0	100.0
238.51676210000005	58.0	100.0
238.5369826000001	58.0	100.0
238.55692650000015	58.0	100.0
238.5779811	58.0	100.0
238.59809400000017	58.0	100.0
238.6178314000001	58.0	100.0
238.63949900000011	58.0	100.0
238.65915790000008	58.0	100.0
238.6777386000001	58.0	100.0
238.69720940000002	58.0	100.0
238.72065910000015	58.0	100.0
238.7373715000001	58.0	100.0
238.7570333000001	58.0	100.0
238.7795304000001	58.0	100.0
238.7996481	58.0	100.0
238.82120529999997	58.0	100.0
238.83776239999997	58.0	100.0
238.8575019	58.0	100.0
238.8778026	58.0	100.0
238.8986006	58.0	100.0
238.92147950000003	58.0	100.0
238.93795680000017	58.0	100.0
238.95934160000002	58.0	100.0
238.97801290000007	58.0	100.0
238.99724300000003	58.0	100.0
239.01760960000001	58.0	100.0
239.0376566	58.0	100.0
239.0574524000001	58.0	100.0
239.07870620000017	58.0	100.0
239.09900160000007	58.0	100.0
239.1192000000001	58.0	100.0
239.13810009999997	58.0	100.0
239.15763220000008	58.0	100.0
239.17768050000018	58.0	100.0
239.1984503000001	58.0	100.0
239.2193734	58.0	100.0
239.24108	58.0	100.0
239.25255630000015	58.0	100.0
239.27370680000013	58.0	100.0
239.29254749999996	58.0	100.0
239.3131582000001	58.0	100.0
239.3365020000001	58.0	100.0
239.3558594000001	58.0	100.0
239.37604080000006	58.0	100.0
239.3981914000001	58.0	100.0
239.4179004	58.0	100.0
239.44251450000002	58.0	100.0
239.45836670000017	58.0	100.0
239.47793880000017	58.0	100.0
239.49839300000008	58.0	100.0
239.51759500000003	58.0	100.0
239.5370319000001	58.0	100.0
239.55903910000006	58.0	100.0
239.5782064	58.0	100.0
239.60168110000018	58.0	100.0
239.61826470000005	58.0	100.0
239.63818190000006	58.0	100.0
239.65769309999996	58.0	100.0
239.67812909999998	58.0	100.0
239.69922340000016	58.0	100.0
239.71770890000016	58.0	100.0
239.73905149999996	58.0	100.0
239.76437959999998	58.0	100.0
239.7783468	58.0	100.0
239.79936640000005	58.0	100.0
239.81920149999996	58.0	100.0
239.83783519999997	58.0	100.0
239.86295730000006	58.0	100.0
239.8785808	58.0	100.0
239.89945230000012	58.0	100.0
239.92099570000005	58.0	100.0
239.93787340000017	58.0	100.0
239.96165050000013	58.0	100.0
239.97804900000006	58.0	100.0
240.00078510000003	58.0	100.0
240.01912530000004	58.0	100.0
240.03880520000007	58.0	100.0
240.05928510000012	58.0	100.0
240.07956590000003	58.0	100.0
240.09882230000017	58.0	100.0
240.1197019000001	58.0	100.0
240.13876360000017	58.0	100.0
240.15877769999997	58.0	100.0
240.1790343	58.0	100.0
240.2117634000001	58.0	100.0
240.21945200000005	58.0	100.0
240.24157280000009	58.0	100.0
240.25889110000003	58.0	100.0
240.27808090000008	58.0	100.0
240.30053780000003	58.0	100.0
240.3191713000001	58.0	100.0
240.34056600000008	58.0	100.0
240.35938150000015	60.0	100.0
240.38233450000007	60.0	100.0
240.40270039999996	60.0	100.0
240.41948079999997	60.0	100.0
240.4391521	60.0	100.0
240.45891989999996	60.0	100.0
240.4825542000001	60.0	100.0
240.49880870000015	60.0	100.0
240.51902270000005	60.0	100.0
240.54037230000017	60.0	100.0
240.56174320000014	60.0	100.0
240.5786915000001	60.0	100.0
240.59883179999997	60.0	100.0
240.61947830000008	60.0	100.0
240.63918980000017	60.0	100.0
240.65887829999997	60.0	100.0
240.67919630000006	60.0	100.0
240.70047139999997	60.0	100.0
240.72078260000012	60.0	100.0
240.73884010000006	60.0	100.0
240.75941080000007	60.0	100.0
240.78021439999998	60.0	100.0
240.79956070000003	60.0	100.0
240.81977010000014	60.0	100.0
240.83934980000004	60.0	100.0
240.86033169999996	60.0	100.0
240.88191530000017	60.0	100.0
240.90386390000003	60.0	100.0
240.92165050000017	60.0	100.0
240.939388	60.0	100.0
240.95936230000007	60.0	100.0
240.97932609999998	60.0	100.0
241.0004117000001	60.0	100.0
241.0241903000001	60.0	100.0
241.04096870000012	60.0	100.0
241.0602179	60.0	100.0
241.07954719999998	60.0	100.0
241.1003972000001	60.0	100.0
241.11985660000005	60.0	100.0
241.1397015	60.0	100.0
241.1589801	60.0	100.0
241.17980320000015	60.0	100.0
241.20158949999995	60.0	100.0
241.21936370000003	60.0	100.0
241.23922240000002	60.0	100.0
241.25963820000015	60.0	100.0
241.27960630000007	60.0	100.0
241.29978159999996	60.0	100.0
241.32316600000013	60.0	100.0
241.3418388	60.0	100.0
241.3614986	61.0	100.0
241.37985660000004	61.0	100.0
241.3993726000001	61.0	100.0
241.42304910000007	61.0	100.0
241.44034310000006	61.0	100.0
241.4593751	61.0	100.0
241.47952610000016	61.0	100.0
241.50151389999996	61.0	100.0
241.52630210000007	61.0	100.0
241.54062210000006	61.0	100.0
241.56054900000004	61.0	100.0
241.58016970000017	61.0	100.0
241.6001463	61.0	100.0
241.62057049999999	61.0	100.0
241.64121990000012	61.0	100.0
241.66274480000016	61.0	100.0
241.68147109999995	61.0	100.0
241.70063649999997	61.0	100.0
241.71961060000012	61.0	100.0
241.7410003	61.0	100.0
241.7607915000001	61.0	100.0
241.78026950000003	61.0	100.0
241.80095110000002	61.0	100.0
241.8218177000001	61.0	100.0
241.84405720000018	61.0	100.0
241.86120630000005	61.0	100.0
241.8806876000001	61.0	100.0
241.9010349	61.0	100.0
241.92125920000012	61.0	100.0
241.94575299999997	61.0	100.0
241.9614355000001	61.0	100.0
241.9814206000001	61.0	100.0
242.00266570000008	61.0	100.0
242.0209979000001	61.0	100.0
242.0454655000001	61.0	100.0
242.06155580000018	61.0	100.0
242.08070980000002	61.0	100.0
242.10154250000005	61.0	100.0
242.1213315	61.0	100.0
242.14091129999997	61.0	100.0
242.16501570000014	61.0	100.0
242.1808787	61.0	100.0
242.20113519999995	61.0	100.0
242.2222316	61.0	100.0
242.24167950000015	61.0	100.0
242.2585759000001	61.0	100.0
242.27547010000012	61.0	100.0
242.29643050000004	61.0	100.0
242.31856089999997	61.0	100.0
242.33739590000005	61.0	100.0
242.35833290000005	61.0	100.0
242.37888240000007	61.0	100.0
242.3993405000001	61.0	100.0
242.4210700000001	61.0	100.0
242.44110020000016	61.0	100.0
242.46563990000004	61.0	100.0
242.48444170000016	61.0	100.0
242.50162330000012	61.0	100.0
242.52182560000006	61.0	100.0
242.54142550000006	61.0	100.0
242.5655577	61.0	100.0
242.58204690000002	61.0	100.0
242.60111040000015	61.0	100.0
242.6223030000001	61.0	100.0
242.64335159999996	61.0	100.0
242.66641990000016	61.0	100.0
242.68144630000006	61.0	100.0
242.70186430000012	61.0	100.0
242.72149750000017	61.0	100.0
242.74174110000013	61.0	100.0
242.7622169000001	61.0	100.0
242.78171120000002	61.0	100.0
242.80511720000004	61.0	100.0
242.82261530000005	61.0	100.0
242.84183500000017	61.0	100.0
242.86182810000014	61.0	100.0
242.88300070000014	61.0	100.0
242.90289310000003	61.0	100.0
242.9220838000001	61.0	100.0
242.9431611	61.0	100.0
242.96374409999999	61.0	100.0
242.98279630000002	61.0	100.0
243.0029181	61.0	100.0
243.0217321	61.0	100.0
243.04272430000015	61.0	100.0
243.06272390000004	61.0	100.0
243.08633640000016	61.0	100.0
243.1033910000001	61.0	100.0
243.12530379999998	61.0	100.0
243.1422923	61.0	100.0
243.16221170000017	61.0	100.0
243.185794	61.0	100.0
243.2029133000001	61.0	100.0
243.22277329999997	61.0	100.0
243.2425541	61.0	100.0
243.26340900000014	61.0	100.0
243.28312619999997	61.0	100.0
243.3029881	61.0	100.0
243.32004359999996	61.0	100.0
243.34506820000001	61.0	100.0
243.35898659999998	62.0	100.0
243.37470480000002	62.0	100.0
243.39502300000004	62.0	100.0
243.41645790000007	62.0	100.0
243.43975640000008	62.0	100.0
243.45770220000009	62.0	100.0
243.48180660000003	62.0	100.0
243.50514680000015	62.0	100.0
243.51953580000009	62.0	100.0
243.54389620000006	62.0	100.0
243.56148200000007	62.0	100.0
243.58417000000009	62.0	100.0
243.60960090000003	62.0	100.0
243.62333179999996	62.0	100.0
243.64328109999997	62.0	100.0
243.66322209999998	62.0	100.0
243.68386290000012	62.0	100.0
243.7071244000001	62.0	100.0
243.72297419999995	62.0	100.0
243.74480200000016	62.0	100.0
243.76470440000003	62.0	100.0
243.78218990000005	62.0	100.0
243.80371480000008	62.0	100.0
243.82319340000004	62.0	100.0
243.8433669000001	62.0	100.0
243.86338650000016	62.0	100.0
243.88332000000014	62.0	100.0
243.90464240000006	62.0	100.0
243.92534309999996	62.0	100.0
243.94309040000007	62.0	100.0
243.9620265000001	62.0	100.0
243.98331280000002	62.0	100.0
244.00381749999997	62.0	100.0
244.02374350000014	62.0	100.0
244.04317990000004	62.0	100.0
244.06408820000001	62.0	100.0
244.08546290000004	62.0	100.0
244.1042867000001	62.0	100.0
244.1241282000001	62.0	100.0
244.1449153000001	62.0	100.0
244.16432320000013	62.0	100.0
244.18407720000005	62.0	100.0
244.20444380000004	62.0	100.0
244.22888310000008	62.0	100.0
244.24518860000012	62.0	100.0
244.26478900000006	62.0	100.0
244.28429260000007	62.0	100.0
244.30457750000005	62.0	100.0
244.32477910000011	62.0	100.0
244.3459987000001	62.0	100.0
244.36500820000015	60.0	100.0
244.38565140000014	60.0	100.0
244.40656080000008	60.0	100.0
244.42472999999995	60.0	100.0
244.44499400000018	60.0	100.0
244.46509570000012	60.0	100.0
244.4844329	60.0	100.0
244.505852	60.0	100.0
244.52499150000017	60.0	100.0
244.54574220000018	60.0	100.0
244.56590140000003	60.0	100.0
244.58504000000016	60.0	100.0
244.6054180000001	60.0	100.0
244.62498760000017	60.0	100.0
244.64330770000015	60.0	100.0
244.66530970000008	60.0	100.0
244.6845776	60.0	100.0
244.70590549999997	60.0	100.0
244.72728819999998	60.0	100.0
244.74903040000004	60.0	100.0
244.76293340000007	60.0	100.0
244.78600690000007	60.0	100.0
244.80435390000002	60.0	100.0
244.8251133000001	60.0	100.0
244.84479110000007	60.0	100.0
244.86545780000006	60.0	100.0
244.88676640000017	60.0	100.0
244.9059803	60.0	100.0
244.92542509999998	60.0	100.0
244.94536760000005	60.0	100.0
244.9651566	60.0	100.0
244.98543029999996	60.0	100.0
245.00572009999996	60.0	100.0
245.02596130000006	60.0	100.0
245.04836760000012	60.0	100.0
245.06559319999997	60.0	100.0
245.0850786000001	60.0	100.0
245.10614899999996	60.0	100.0
245.1249282000001	60.0	100.0
245.14544480000018	60.0	100.0
245.1693811	60.0	100.0
245.18618620000007	60.0	100.0
245.20734600000014	60.0	100.0
245.22571489999996	60.0	100.0
245.24560440000005	60.0	100.0
245.2683852	60.0	100.0
245.28634880000004	60.0	100.0
245.30623250000008	60.0	100.0
245.3280992	60.0	100.0
245.34321490000002	60.0	100.0
245.3629558	60.0	100.0
245.38017200000013	60.0	100.0
245.3996118	60.0	100.0
245.420161	60.0	100.0
245.4412847000001	60.0	100.0
245.46400960000005	60.0	100.0
245.48429580000015	60.0	100.0
245.5043958000001	60.0	100.0
245.52968480000004	60.0	100.0
245.54597390000004	60.0	100.0
245.56555400000002	60.0	100.0
245.58611880000012	60.0	100.0
245.6060288000001	60.0	100.0
245.626039	60.0	100.0
245.64571580000006	60.0	100.0
245.66686260000006	60.0	100.0
245.69290640000008	60.0	100.0
245.70734130000005	60.0	100.0
245.72554950000017	60.0	100.0
245.7455827000001	60.0	100.0
245.76551160000008	60.0	100.0
245.78554959999997	60.0	100.0
245.80593680000015	60.0	100.0
245.82752920000007	60.0	100.0
245.8516158	60.0	100.0
245.86674740000012	60.0	100.0
245.89033590000008	60.0	100.0
245.90729680000004	60.0	100.0
245.926066	60.0	100.0
245.9458466000001	60.0	100.0
245.96679100000006	60.0	100.0
245.98817880000001	60.0	100.0
246.00963049999996	60.0	100.0
246.0267249000001	60.0	100.0
246.04516920000015	60.0	100.0
246.0683994000001	60.0	100.0
246.08498269999996	60.0	100.0
246.10522300000002	60.0	100.0
246.1254136	60.0	100.0
246.1451188000001	60.0	100.0
246.16651939999997	60.0	100.0
246.18465340000012	60.0	100.0
246.20945700000016	60.0	100.0
246.2247651	60.0	100.0
246.24703750000003	60.0	100.0
246.2674892	60.0	100.0
246.28742280000006	60.0	100.0
246.30749660000015	60.0	100.0
246.3296981000001	60.0	100.0
246.3493605000001	60.0	100.0
246.3687344	59.0	100.0
246.38733350000007	59.0	100.0
246.4073909000001	59.0	100.0
246.4269087	59.0	100.0
246.44722360000014	59.0	100.0
246.4682746000001	59.0	100.0
246.48919050000018	59.0	100.0
246.50664840000013	59.0	100.0
246.52725970000006	59.0	100.0
246.5468452	59.0	100.0
246.56585540000015	59.0	100.0
246.59470180000017	59.0	100.0
246.6064014000001	59.0	100.0
246.62769090000006	59.0	100.0
246.64988200000016	59.0	100.0
246.66747610000016	59.0	100.0
246.68696580000005	59.0	100.0
246.70756690000007	59.0	100.0
246.72728070000016	59.0	100.0
246.74724809999998	59.0	100.0
246.76742760000002	59.0	100.0
246.78928960000007	59.0	100.0
246.80975490000014	59.0	100.0
246.82789920000005	59.0	100.0
246.84809889999997	59.0	100.0
246.8677262000001	59.0	100.0
246.88729740000008	59.0	100.0
246.90863530000001	59.0	100.0
246.93130710000014	59.0	100.0
246.94883600000003	59.0	100.0
246.96984650000013	59.0	100.0
246.98759530000007	59.0	100.0
247.0091642	59.0	100.0
247.02856350000002	59.0	100.0
247.04866060000018	59.0	100.0
247.06826790000014	59.0	100.0
247.08830980000016	59.0	100.0
247.10885140000005	59.0	100.0
247.1293045	59.0	100.0
247.1487535000001	59.0	100.0
247.16818920000014	59.0	100.0
247.18830709999997	59.0	100.0
247.20855570000003	59.0	100.0
247.22755810000012	59.0	100.0
247.2483357000001	59.0	100.0
247.2705188	59.0	100.0
247.28966190000006	59.0	100.0
247.30444899999998	59.0	100.0
247.32789430000003	59.0	100.0
247.3520532	59.0	100.0
247.36884970000006	58.0	100.0
247.38852859999997	58.0	100.0
247.40823850000015	58.0	100.0
247.42865870000014	58.0	100.0
247.45410130000005	58.0	100.0
247.46852209999997	58.0	100.0
247.4889779	58.0	100.0
247.50940149999997	58.0	100.0
247.52863500000012	58.0	100.0
247.54885450000006	58.0	100.0
247.56907580000006	58.0	100.0
247.5888986	58.0	100.0
247.61124480000012	58.0	100.0
247.62903490000008	58.0	100.0
247.64882920000014	58.0	100.0
247.67063180000014	58.0	100.0
247.68946060000007	58.0	100.0
247.70929450000017	58.0	100.0
247.72909960000015	58.0	100.0
247.74955939999995	58.0	100.0
247.76933860000008	58.0	100.0
247.78859190000003	58.0	100.0
247.80904060000012	58.0	100.0
247.8283695	58.0	100.0
247.84908289999998	58.0	100.0
247.87362370000005	58.0	100.0
247.88970000000018	58.0	100.0
247.90949910000018	58.0	100.0
247.9313211000001	58.0	100.0
247.9497851000001	58.0	100.0
247.9729165000001	58.0	100.0
247.9888049000001	58.0	100.0
248.0088885	58.0	100.0
248.0287115000001	58.0	100.0
248.0497792000001	58.0	100.0
248.0736597	58.0	100.0
248.09149279999997	58.0	100.0
248.1099041	58.0	100.0
248.12905060000003	58.0	100.0
248.14903260000006	58.0	100.0
248.16967680000016	58.0	100.0
248.19223310000007	58.0	100.0
248.20197780000012	58.0	100.0
248.22891040000013	58.0	100.0
248.25196110000002	58.0	100.0
248.26937399999997	58.0	100.0
248.28983510000012	58.0	100.0
248.3096048	58.0	100.0
248.32898169999999	58.0	100.0
248.3502542000001	58.0	100.0
248.37028940000005	60.0	100.0
248.3908530000001	60.0	100.0
248.4131182000001	60.0	100.0
248.42978340000013	60.0	100.0
248.44901960000016	60.0	100.0
248.46927890000006	60.0	100.0
248.49367840000014	60.0	100.0
248.51009940000017	60.0	100.0
248.52997130000017	60.0	100.0
248.54995350000013	60.0	100.0
248.57255910000003	60.0	100.0
248.59060150000005	60.0	100.0
248.61029080000003	60.0	100.0
248.62993200000005	60.0	100.0
248.64973240000018	60.0	100.0
248.66970630000014	60.0	100.0
248.68976300000008	60.0	100.0
248.7106940000001	60.0	100.0
248.73237480000012	60.0	100.0
248.7500563000001	60.0	100.0
248.76994690000015	60.0	100.0
248.78896269999996	60.0	100.0
248.81117160000008	60.0	100.0
248.83055170000011	60.0	100.0
248.84966410000015	60.0	100.0
248.87117039999998	60.0	100.0
248.89325780000013	60.0	100.0
248.91101500000013	60.0	100.0
248.9298900000001	60.0	100.0
248.9496438000001	60.0	100.0
248.96916340000007	60.0	100.0
248.99011470000005	60.0	100.0
249.01392010000018	60.0	100.0
249.0306733	60.0	100.0
249.0517241	60.0	100.0
249.06959530000017	60.0	100.0
249.08967570000004	60.0	100.0
249.11403810000002	60.0	100.0
249.1298111000001	60.0	100.0
249.15023180000003	60.0	100.0
249.17006160000005	60.0	100.0
249.19099490000008	60.0	100.0
249.21341350000012	60.0	100.0
249.23040930000002	60.0	100.0
249.24952410000014	60.0	100.0
249.27090500000008	60.0	100.0
249.2907189	60.0	100.0
249.31017670000006	60.0	100.0
249.33131960000014	60.0	100.0
249.3533628	60.0	100.0
249.37363649999998	62.0	100.0
249.39099080000005	62.0	100.0
249.41159660000017	62.0	100.0
249.4315924	62.0	100.0
249.45089900000016	62.0	100.0
249.47139160000006	62.0	100.0
249.49130920000016	62.0	100.0
249.51201290000017	62.0	100.0
249.53737210000008	62.0	100.0
249.55106580000006	62.0	100.0
249.57083980000016	62.0	100.0
249.59101750000013	62.0	100.0
249.61235120000015	62.0	100.0
249.63175769999998	62.0	100.0
249.65125839999996	62.0	100.0
249.67275300000006	62.0	100.0
249.69309829999997	62.0	100.0
249.71218040000008	62.0	100.0
249.73141570000007	62.0	100.0
249.7523397	62.0	100.0
249.77129730000001	62.0	100.0
249.79141440000012	62.0	100.0
249.81228269999997	62.0	100.0
249.83298620000005	62.0	100.0
249.85433970000008	62.0	100.0
249.87151730000005	62.0	100.0
249.8915184	62.0	100.0
249.9125914000001	62.0	100.0
249.9330073000001	62.0	100.0
249.95294190000004	62.0	100.0
249.97262450000017	62.0	100.0
249.99275230000012	62.0	100.0
250.01412819999996	62.0	100.0
250.0354609000001	62.0	100.0
250.05655249999995	62.0	100.0
250.07270600000015	62.0	100.0
250.09245550000014	62.0	100.0
250.11242190000007	62.0	100.0
250.13324490000014	62.0	100.0
250.15727400000014	62.0	100.0
250.17467120000015	62.0	100.0
250.19270219999999	62.0	100.0
250.2124186000001	62.0	100.0
250.2315569	62.0	100.0
250.25284929999998	62.0	100.0
250.27310180000018	62.0	100.0
250.2930096	62.0	100.0
250.31367569999998	62.0	100.0
250.3340717000001	62.0	100.0
250.3544706	62.0	100.0
250.37334699999997	61.0	100.0
250.39276680000012	61.0	100.0
250.41288129999998	61.0	100.0
250.4328868	61.0	100.0
250.4534189000001	61.0	100.0
250.47356790000003	61.0	100.0
250.4949134000001	61.0	100.0
250.51338950000013	61.0	100.0
250.53317830000015	61.0	100.0
250.55301580000014	61.0	100.0
250.5722495	61.0	100.0
250.5926796000001	61.0	100.0
250.61255430000006	61.0	100.0
250.633016	61.0	100.0
250.6558632000001	61.0	100.0
250.67533430000003	61.0	100.0
250.6929285000001	61.0	100.0
250.7128722	61.0	100.0
250.73326500000007	61.0	100.0
250.75278400000002	61.0	100.0
250.77334659999997	61.0	100.0
250.79311230000008	61.0	100.0
250.81727999999998	61.0	100.0
250.83367270000008	61.0	100.0
250.85479940000005	61.0	100.0
250.87365309999996	61.0	100.0
250.89341980000017	61.0	100.0
250.91364050000016	61.0	100.0
250.93293919999996	61.0	100.0
250.95423030000006	61.0	100.0
250.97522100000015	61.0	100.0
250.99392970000008	61.0	100.0
251.01337880000005	61.0	100.0
251.0332816	61.0	100.0
251.05342070000006	61.0	100.0
251.0733742	61.0	100.0
251.09731639999995	61.0	100.0
251.1144908000001	61.0	100.0
251.13611920000017	61.0	100.0
251.1549086	61.0	100.0
251.17308279999997	61.0	100.0
251.1975887000001	61.0	100.0
251.21369000000004	61.0	100.0
251.23350330000017	61.0	100.0
251.25327370000014	61.0	100.0
251.27405220000014	61.0	100.0
251.29544980000014	61.0	100.0
251.3133017	61.0	100.0
251.33297670000002	61.0	100.0
251.35743109999999	61.0	100.0
251.3738605000001	60.0	100.0
251.39344690000007	60.0	100.0
251.41535550000003	60.0	100.0
251.43558810000013	60.0	100.0
251.45367190000002	60.0	100.0
251.47264510000014	60.0	100.0
251.49320360000002	60.0	100.0
251.5138148000001	60.0	100.0
251.5329259	60.0	100.0
251.55391240000017	60.0	100.0
251.5736935	60.0	100.0
251.5956066000001	60.0	100.0
251.6169053000001	60.0	100.0
251.63388310000005	60.0	100.0
251.65345620000016	60.0	100.0
251.6739738000001	60.0	100.0
251.69344580000006	60.0	100.0
251.71835110000006	60.0	100.0
251.73431019999998	60.0	100.0
251.75473260000012	60.0	100.0
251.7779531000001	60.0	100.0
251.7950777000001	60.0	100.0
251.81821550000018	60.0	100.0
251.8353568	60.0	100.0
251.85424780000017	60.0	100.0
251.87498890000006	60.0	100.0
251.89473750000002	60.0	100.0
251.91622460000008	60.0	100.0
251.93746680000004	60.0	100.0
251.95499210000003	60.0	100.0
251.97472700000003	60.0	100.0
251.99492180000016	60.0	100.0
252.01500710000005	60.0	100.0
252.03493240000012	60.0	100.0
252.05480660000012	60.0	100.0
252.07638310000016	60.0	100.0
252.0975254	60.0	100.0
252.11582429999999	60.0	100.0
252.13509120000003	60.0	100.0
252.15524189999996	60.0	100.0
252.17468610000014	60.0	100.0
252.1947494000001	60.0	100.0
252.2158561000001	60.0	100.0
252.2398459000001	60.0	100.0
252.2569618	60.0	100.0
252.27501180000013	60.0	100.0
252.29510589999995	60.0	100.0
252.31522489999998	60.0	100.0
252.33887430000004	60.0	100.0
252.35662100000013	60.0	100.0
252.37631370000008	60.0	100.0
252.39649780000013	60.0	100.0
252.4178048000001	60.0	100.0
252.43553550000001	60.0	100.0
252.45541460000004	60.0	100.0
252.47524970000018	60.0	100.0
252.49471730000005	60.0	100.0
252.5152911	60.0	100.0
252.53531120000002	60.0	100.0
252.5563985000001	60.0	100.0
252.5768594000001	60.0	100.0
252.59647659999996	60.0	100.0
252.61549630000013	60.0	100.0
252.63557190000006	60.0	100.0
252.6552061	60.0	100.0
252.67571820000012	60.0	100.0
252.69768360000012	60.0	100.0
252.71611559999997	60.0	100.0
252.73741259999997	60.0	100.0
252.75818030000005	60.0	100.0
252.77619649999997	60.0	100.0
252.79626440000015	60.0	100.0
252.81578590000004	60.0	100.0
252.83630510000012	60.0	100.0
252.85628070000007	60.0	100.0
252.87535430000003	60.0	100.0
252.89556030000017	60.0	100.0
252.91290019999997	60.0	100.0
252.93004399999995	60.0	100.0
252.9509243	60.0	100.0
252.97532890000002	60.0	100.0
252.9966746	60.0	100.0
253.01627320000011	60.0	100.0
253.0369647	60.0	100.0
253.05789320000008	60.0	100.0
253.0755219	60.0	100.0
253.09626509999998	60.0	100.0
253.11689490000003	60.0	100.0
253.1352756000001	60.0	100.0
253.15824570000018	60.0	100.0
253.17631110000002	60.0	100.0
253.19698489999996	60.0	100.0
253.2181485000001	60.0	100.0
253.23698450000006	60.0	100.0
253.25647200000003	60.0	100.0
253.2792935	60.0	100.0
253.29649430000018	60.0	100.0
253.31709139999998	60.0	100.0
253.33717479999996	60.0	100.0
253.35834680000016	60.0	100.0
253.37813340000002	58.0	100.0
253.39540899999997	58.0	100.0
253.4154152000001	58.0	100.0
253.43575529999998	58.0	100.0
253.45702770000003	58.0	100.0
253.47651859999996	58.0	100.0
253.49694550000004	58.0	100.0
253.51770580000016	58.0	100.0
253.53715950000014	58.0	100.0
253.55619880000017	58.0	100.0
253.5764544000001	58.0	100.0
253.59683210000003	58.0	100.0
253.6195534000001	58.0	100.0
253.63705790000017	58.0	100.0
253.65673260000017	58.0	100.0
253.67939410000008	58.0	100.0
253.70006379999995	58.0	100.0
253.72090930000013	58.0	100.0
253.7292453	58.0	100.0
253.74939080000013	58.0	100.0
253.77075520000017	58.0	100.0
253.79140210000014	58.0	100.0
253.81388979999997	58.0	100.0
253.83461280000006	58.0	100.0
253.859469	58.0	100.0
253.87472720000005	58.0	100.0
253.89534530000014	58.0	100.0
253.91709349999996	58.0	100.0
253.93686950000006	58.0	100.0
253.9566116000001	58.0	100.0
253.9764027000001	58.0	100.0
253.9966151000001	58.0	100.0
254.01927420000015	58.0	100.0
254.0373525	58.0	100.0
254.05751520000013	58.0	100.0
254.07735449999996	58.0	100.0
254.09755680000012	58.0	100.0
254.11750200000006	58.0	100.0
254.13766329999999	58.0	100.0
254.15753670000004	58.0	100.0
254.18008559999998	58.0	100.0
254.19702010000015	58.0	100.0
254.21753050000007	58.0	100.0
254.23725439999998	58.0	100.0
254.25794270000006	58.0	100.0
254.27696460000016	58.0	100.0
254.29751380000016	58.0	100.0
254.3224110000001	58.0	100.0
254.3404309	58.0	100.0
254.3591262	58.0	100.0
254.3777129	58.0	100.0
254.39748780000014	58.0	100.0
254.42173780000007	58.0	100.0
254.43884150000008	58.0	100.0
254.45867080000016	58.0	100.0
254.48041090000015	58.0	100.0
254.50005120000014	58.0	100.0
254.51825299999996	58.0	100.0
254.53820770000016	58.0	100.0
254.55757510000012	58.0	100.0
254.57698060000007	58.0	100.0
254.59780840000008	58.0	100.0
254.6178989	58.0	100.0
254.63834659999998	58.0	100.0
254.6613764000001	58.0	100.0
254.67780370000014	58.0	100.0
254.6976529000001	58.0	100.0
254.71905949999996	58.0	100.0
254.7387404000001	58.0	100.0
254.75801950000005	58.0	100.0
254.77779050000004	58.0	100.0
254.79940009999996	58.0	100.0
254.82047850000004	58.0	100.0
254.8416886	58.0	100.0
254.85735510000018	58.0	100.0
254.87880910000013	58.0	100.0
254.89768950000007	58.0	100.0
254.9188342	58.0	100.0
254.93729900000017	58.0	100.0
254.9594654	58.0	100.0
254.98102170000016	58.0	100.0
255.00103650000005	58.0	100.0
255.01957620000007	58.0	100.0
255.04230359999997	58.0	100.0
255.05878870000015	58.0	100.0
255.0793854000001	58.0	100.0
255.09907870000006	58.0	100.0
255.1195163	58.0	100.0
255.1411822	58.0	100.0
255.15954150000016	58.0	100.0
255.17902730000014	58.0	100.0
255.19933790000005	58.0	100.0
255.21892530000014	58.0	100.0
255.23925800000006	58.0	100.0
255.25914450000005	58.0	100.0
255.27904790000002	58.0	100.0
255.301193	58.0	100.0
255.31923740000002	58.0	100.0
255.33938750000016	58.0	100.0
255.36229590000016	58.0	100.0
255.38002770000003	56.0	100.0
255.3989219	56.0	100.0
255.41934990000004	56.0	100.0
255.44046679999997	56.0	100.0
255.46490110000013	56.0	100.0
255.47930510000015	56.0	100.0
255.49898310000003	56.0	100.0
255.5186976	56.0	100.0
255.5389603000001	56.0	100.0
255.57021180000015	56.0	100.0
255.57939699999997	56.0	100.0
255.60049019999997	56.0	100.0
255.62176969999996	56.0	100.0
255.6388727000001	56.0	100.0
255.66055380000012	56.0	100.0
255.67967480000016	56.0	100.0
255.6992725	56.0	100.0
255.71998700000017	56.0	100.0
255.73940470000002	56.0	100.0
255.7606820000001	56.0	100.0
255.78098380000006	56.0	100.0
255.79894690000015	56.0	100.0
255.81947830000013	56.0	100.0
255.84032180000008	56.0	100.0
255.85970810000003	56.0	100.0
255.8839888	56.0	100.0
255.90020170000003	56.0	100.0
255.92045159999998	56.0	100.0
255.9422187	56.0	100.0
255.96027649999996	56.0	100.0
255.98441860000003	56.0	100.0
256.00042600000006	56.0	100.0
256.0206187000001	56.0	100.0
256.0404811000001	56.0	100.0
256.06069160000015	56.0	100.0
256.08445389999997	56.0	100.0
256.10149690000003	56.0	100.0
256.12064640000017	56.0	100.0
256.13949279999997	56.0	100.0
256.16067310000017	56.0	100.0
256.18076629999996	56.0	100.0
256.2006567000001	56.0	100.0
256.22059820000004	56.0	100.0
256.24082280000016	56.0	100.0
256.2618434000001	56.0	100.0
256.28193350000015	56.0	100.0
256.29992630000015	56.0	100.0
256.3201421000001	56.0	100.0
256.34036990000004	56.0	100.0
256.36121530000014	56.0	100.0
256.38144310000007	56.0	100.0
256.4015951000001	56.0	100.0
256.4229285000001	56.0	100.0
256.44057250000014	56.0	100.0
256.4607025	56.0	100.0
256.4807307000001	56.0	100.0
256.500902	56.0	100.0
256.5216292	56.0	100.0
256.5407617000001	56.0	100.0
256.5600819000001	56.0	100.0
256.5848297	56.0	100.0
256.59888980000005	56.0	100.0
256.6201416000001	56.0	100.0
256.64047000000005	56.0	100.0
256.6612190000001	56.0	100.0
256.68150420000006	56.0	100.0
256.7010723000001	56.0	100.0
256.7213518000001	56.0	100.0
256.741677	56.0	100.0
256.7614139	56.0	100.0
256.7813268	56.0	100.0
256.8015454000001	56.0	100.0
256.8210789	56.0	100.0
256.8399088000001	56.0	100.0
256.8615307	56.0	100.0
256.8817031000001	56.0	100.0
256.9045840000001	56.0	100.0
256.92140500000005	56.0	100.0
256.9410005	56.0	100.0
256.96065710000016	56.0	100.0
256.9807270000001	56.0	100.0
257.00200429999995	56.0	100.0
257.02551140000014	56.0	100.0
257.04199170000015	56.0	100.0
257.0631737000001	56.0	100.0
257.08168820000014	56.0	100.0
257.1012992000001	56.0	100.0
257.1261167	56.0	100.0
257.1416585000002	56.0	100.0
257.16174720000004	56.0	100.0
257.18101060000004	56.0	100.0
257.20354480000015	56.0	100.0
257.2245512000002	56.0	100.0
257.2420657	56.0	100.0
257.26158980000014	56.0	100.0
257.28174520000016	56.0	100.0
257.3015276000001	56.0	100.0
257.322093	56.0	100.0
257.34543670000016	56.0	100.0
257.3631557000001	56.0	100.0
257.3832838000001	58.0	100.0
257.4013083	58.0	100.0
257.4213278	58.0	100.0
257.4411795000001	58.0	100.0
257.46095760000003	58.0	100.0
257.4811401000002	58.0	100.0
257.5032576000001	58.0	100.0
257.52304200000003	58.0	100.0
257.5453602	58.0	100.0
257.5609597	58.0	100.0
257.5802507000001	58.0	100.0
257.60154020000004	58.0	100.0
257.62215130000004	58.0	100.0
257.64626220000014	58.0	100.0
257.6621027000001	58.0	100.0
257.6829710000002	58.0	100.0
257.7048695000001	58.0	100.0
257.72340780000013	58.0	100.0
257.74614900000006	58.0	100.0
257.76226870000005	58.0	100.0
257.7819505	58.0	100.0
257.80259490000003	58.0	100.0
257.82287080000015	58.0	100.0
257.84327700000017	58.0	100.0
257.86498159999996	58.0	100.0
257.88251979999995	58.0	100.0
257.90206209999997	58.0	100.0
257.9229861000001	58.0	100.0
257.9426728000001	58.0	100.0
257.9631379	58.0	100.0
257.9819795000001	58.0	100.0
258.0043205000002	58.0	100.0
258.02585650000015	58.0	100.0
258.04280700000004	58.0	100.0
258.0660861000001	58.0	100.0
258.08303060000003	58.0	100.0
258.10322500000007	58.0	100.0
258.12500180000006	58.0	100.0
258.1421719	58.0	100.0
258.16700130000004	58.0	100.0
258.1854777000001	58.0	100.0
258.20324470000014	58.0	100.0
258.22466610000015	58.0	100.0
258.2428289000002	58.0	100.0
258.26330640000015	58.0	100.0
258.2821126000001	58.0	100.0
258.3023052000001	58.0	100.0
258.3243536	58.0	100.0
258.3452026	58.0	100.0
258.3652747000001	58.0	100.0
258.3835444000001	59.0	100.0
258.40317960000016	59.0	100.0
258.42322450000006	59.0	100.0
258.4432234000001	59.0	100.0
258.4619471000001	59.0	100.0
258.48351390000016	59.0	100.0
258.50500869999996	59.0	100.0
258.52301869999997	59.0	100.0
258.54337540000006	59.0	100.0
258.56339590000016	59.0	100.0
258.58344009999996	59.0	100.0
258.60318470000016	59.0	100.0
258.6234360000001	59.0	100.0
258.64377290000016	59.0	100.0
258.6645115000001	59.0	100.0
258.68438170000013	59.0	100.0
258.7033799000001	59.0	100.0
258.72281610000005	59.0	100.0
258.7431100000001	59.0	100.0
258.7634289	59.0	100.0
258.7829280000001	59.0	100.0
258.8040856	59.0	100.0
258.8271466000001	59.0	100.0
258.8428811000001	59.0	100.0
258.86353080000004	59.0	100.0
258.88320510000017	59.0	100.0
258.90309850000017	59.0	100.0
258.9239342000001	59.0	100.0
258.94428960000005	59.0	100.0
258.96400970000013	59.0	100.0
258.9849176	59.0	100.0
259.00430030000007	59.0	100.0
259.0243295	59.0	100.0
259.0467364000001	59.0	100.0
259.06346540000004	59.0	100.0
259.0835614	59.0	100.0
259.1043843	59.0	100.0
259.1253143000001	59.0	100.0
259.14620090000017	59.0	100.0
259.16483560000006	59.0	100.0
259.1841944	59.0	100.0
259.20845710000003	59.0	100.0
259.2249001	59.0	100.0
259.2447323000001	59.0	100.0
259.2639432000001	59.0	100.0
259.28446140000005	59.0	100.0
259.3053933000001	59.0	100.0
259.3242004000001	59.0	100.0
259.34415230000013	59.0	100.0
259.3650905000002	59.0	100.0
259.3850221	59.0	100.0
259.40493420000007	59.0	100.0
259.4250475000001	59.0	100.0
259.4459908000001	59.0	100.0
259.46740350000005	59.0	100.0
259.48474120000014	59.0	100.0
259.5049653000001	59.0	100.0
259.52468280000016	59.0	100.0
259.54446170000006	59.0	100.0
259.5648589	59.0	100.0
259.58531660000017	59.0	100.0
259.6056523	59.0	100.0
259.62687830000004	59.0	100.0
259.64556289999996	59.0	100.0
259.6649459	59.0	100.0
259.6863476000001	59.0	100.0
259.70529009999996	59.0	100.0
259.7292755000001	59.0	100.0
259.7450977000001	59.0	100.0
259.7655692000001	59.0	100.0
259.7894569	59.0	100.0
259.8052322000001	59.0	100.0
259.82935310000016	59.0	100.0
259.8456450000001	59.0	100.0
259.866	59.0	100.0
259.8848925	59.0	100.0
259.9051064	59.0	100.0
259.9295985000001	59.0	100.0
259.9467753000001	59.0	100.0
259.9654323	59.0	100.0
259.98498600000016	59.0	100.0
260.0056862000001	59.0	100.0
260.02487300000007	59.0	100.0
260.0454393	59.0	100.0
260.06579239999996	59.0	100.0
260.08613850000006	59.0	100.0
260.10704680000003	59.0	100.0
260.12600580000003	59.0	100.0
260.1455426	59.0	100.0
260.1661523	59.0	100.0
260.1856428000001	59.0	100.0
260.20554070000003	59.0	100.0
260.2266204	59.0	100.0
260.25021089999996	59.0	100.0
260.2682876000001	59.0	100.0
260.2854618000001	59.0	100.0
260.3058854000001	59.0	100.0
260.3256609	59.0	100.0
260.34948510000004	59.0	100.0
260.3670019000001	59.0	100.0
260.38515610000013	59.0	100.0
260.4062788000001	59.0	100.0
260.42858990000013	59.0	100.0
260.44975309999995	59.0	100.0
260.4661679000001	59.0	100.0
260.48579370000016	59.0	100.0
260.50514880000014	59.0	100.0
260.5260376000001	59.0	100.0
260.54555170000003	59.0	100.0
260.5688385000001	59.0	100.0
260.58911260000013	59.0	100.0
260.6056939	59.0	100.0
260.6269977000002	59.0	100.0
260.6459559	59.0	100.0
260.6658417000001	59.0	100.0
260.6856894	59.0	100.0
260.70547120000015	59.0	100.0
260.72724140000014	59.0	100.0
260.7489257	59.0	100.0
260.76640610000004	59.0	100.0
260.7875835	59.0	100.0
260.8060939000002	59.0	100.0
260.82663780000007	59.0	100.0
260.84705540000004	59.0	100.0
260.8701291	59.0	100.0
260.88759849999997	59.0	100.0
260.90852740000014	59.0	100.0
260.92694230000006	59.0	100.0
260.94572560000006	59.0	100.0
260.96695980000004	59.0	100.0
260.9856278	59.0	100.0
261.00676910000016	59.0	100.0
261.0263103	59.0	100.0
261.04772920000005	59.0	100.0
261.07040630000006	59.0	100.0
261.08845629999996	59.0	100.0
261.10712690000014	59.0	100.0
261.12637940000013	59.0	100.0
261.14723000000004	59.0	100.0
261.1674838000001	59.0	100.0
261.18698830000017	59.0	100.0
261.20846030000007	59.0	100.0
261.22893780000004	59.0	100.0
261.24739190000014	59.0	100.0
261.26765020000016	59.0	100.0
261.2870555000002	59.0	100.0
261.30731779999996	59.0	100.0
261.3275311	59.0	100.0
261.3473136	59.0	100.0
261.36895300000015	59.0	100.0
261.39443140000003	60.0	100.0
261.4073366	60.0	100.0
261.4272536000001	60.0	100.0
261.44773310000005	60.0	100.0
261.46721300000013	60.0	100.0
261.49071560000016	60.0	100.0
261.5076483	60.0	100.0
261.5290266000002	60.0	100.0
261.55003899999997	60.0	100.0
261.56775660000017	60.0	100.0
261.58731209999996	60.0	100.0
261.6073153	60.0	100.0
261.6284863000001	60.0	100.0
261.64726050000013	60.0	100.0
261.6679934000001	60.0	100.0
261.6874636	60.0	100.0
261.7099418	60.0	100.0
261.7285352000001	60.0	100.0
261.7485762000001	60.0	100.0
261.7680485000001	60.0	100.0
261.78865700000006	60.0	100.0
261.80813950000015	60.0	100.0
261.8283900000001	60.0	100.0
261.8526568	60.0	100.0
261.8696221	60.0	100.0
261.8882857000001	60.0	100.0
261.91110019999996	60.0	100.0
261.92858360000014	60.0	100.0
261.9485903	60.0	100.0
261.96883909999997	60.0	100.0
261.98865620000015	60.0	100.0
262.0093731000002	60.0	100.0
262.03130090000013	60.0	100.0
262.04883659999996	60.0	100.0
262.06875880000007	60.0	100.0
262.08814200000006	60.0	100.0
262.1081262	60.0	100.0
262.12846160000004	60.0	100.0
262.14778739999997	60.0	100.0
262.16840850000017	60.0	100.0
262.1890145	60.0	100.0
262.2084588	60.0	100.0
262.2284253	60.0	100.0
262.24798910000004	60.0	100.0
262.26879570000006	60.0	100.0
262.2889037	60.0	100.0
262.3088206	60.0	100.0
262.3299118	60.0	100.0
262.35150810000005	60.0	100.0
262.36926930000004	60.0	100.0
262.3892803000001	59.0	100.0
262.4093428000001	59.0	100.0
262.4331059000001	59.0	100.0
262.4494754	59.0	100.0
262.46881340000004	59.0	100.0
262.48972030000004	59.0	100.0
262.51004060000014	59.0	100.0
262.53387540000017	59.0	100.0
262.54883600000016	59.0	100.0
262.5702231	59.0	100.0
262.5897176000001	59.0	100.0
262.6091477	59.0	100.0
262.63117839999995	59.0	100.0
262.64951740000015	59.0	100.0
262.67113889999996	59.0	100.0
262.6908482000001	59.0	100.0
262.70941949999997	59.0	100.0
262.72959060000017	59.0	100.0
262.7491979000001	59.0	100.0
262.7695476000001	59.0	100.0
262.7893624000001	59.0	100.0
262.80957280000007	59.0	100.0
262.83262690000015	59.0	100.0
262.849655	59.0	100.0
262.86899960000005	59.0	100.0
262.88898100000006	59.0	100.0
262.90908320000017	59.0	100.0
262.9303294000001	59.0	100.0
262.9483759	59.0	100.0
262.9673978000001	59.0	100.0
262.98991750000005	59.0	100.0
263.0107296000001	59.0	100.0
263.0291808000002	59.0	100.0
263.0534688	59.0	100.0
263.0697546000001	59.0	100.0
263.0896355	59.0	100.0
263.10974540000007	59.0	100.0
263.1304762	59.0	100.0
263.1508603	59.0	100.0
263.1697386000001	59.0	100.0
263.1893788	59.0	100.0
263.20940770000016	59.0	100.0
263.22956139999997	59.0	100.0
263.24967260000017	59.0	100.0
263.2687846000001	59.0	100.0
263.28882999999996	59.0	100.0
263.31188050000014	59.0	100.0
263.3294905	59.0	100.0
263.3493529	59.0	100.0
263.3711128	59.0	100.0
263.3892922	58.0	100.0
263.4092554000001	58.0	100.0
263.42952430000014	58.0	100.0
263.45048480000014	58.0	100.0
263.4753054	58.0	100.0
263.4908209	58.0	100.0
263.5089812000001	58.0	100.0
263.5296693	58.0	100.0
263.55260080000016	58.0	100.0
263.570923	58.0	100.0
263.59016940000015	58.0	100.0
263.61071730000003	58.0	100.0
263.63356910000016	58.0	100.0
263.6504004000001	58.0	100.0
263.6695722000002	58.0	100.0
263.6904142000001	58.0	100.0
263.70971150000014	58.0	100.0
263.7311612000001	58.0	100.0
263.74963720000005	58.0	100.0
263.7702064	58.0	100.0
263.7926539	58.0	100.0
263.81070590000013	58.0	100.0
263.83042720000003	58.0	100.0
263.85049130000016	58.0	100.0
263.8698453000002	58.0	100.0
263.89072770000007	58.0	100.0
263.9105509000001	58.0	100.0
263.9311669000001	58.0	100.0
263.9530171000001	58.0	100.0
263.97042350000015	58.0	100.0
263.9942897000001	58.0	100.0
264.01052890000005	58.0	100.0
264.0309849	58.0	100.0
264.0499711	58.0	100.0
264.0700859000001	58.0	100.0
264.09288200000015	58.0	100.0
264.11247090000006	58.0	100.0
264.13118640000016	58.0	100.0
264.1511981000001	58.0	100.0
264.17300790000013	58.0	100.0
264.1909627	58.0	100.0
264.20984799999997	58.0	100.0
264.2299905	58.0	100.0
264.2498994	58.0	100.0
264.2733350000001	58.0	100.0
264.2912911000001	58.0	100.0
264.3110007	58.0	100.0
264.33117140000013	58.0	100.0
264.35449489999996	58.0	100.0
264.37223670000003	58.0	100.0
264.39144450000003	57.0	100.0
264.41137000000003	57.0	100.0
264.4327880000001	57.0	100.0
264.4510789000001	57.0	100.0
264.4716109000001	57.0	100.0
264.4909778000001	57.0	100.0
264.5142671000001	57.0	100.0
264.5312374	57.0	100.0
264.55006760000015	57.0	100.0
264.5716761000001	57.0	100.0
264.59322169999996	57.0	100.0
264.6147006000001	57.0	100.0
264.6312395	57.0	100.0
264.65016420000006	57.0	100.0
264.6712886	57.0	100.0
264.6913264	57.0	100.0
264.7146685	57.0	100.0
264.7316978000001	57.0	100.0
264.7522063000001	57.0	100.0
264.7707713	57.0	100.0
264.7900053000001	57.0	100.0
264.81162510000013	57.0	100.0
264.8310236	57.0	100.0
264.85074540000005	57.0	100.0
264.8710658	57.0	100.0
264.89276510000013	57.0	100.0
264.91363380000007	57.0	100.0
264.92970920000016	57.0	100.0
264.95088050000004	57.0	100.0
264.97247530000004	57.0	100.0
264.9914851000001	57.0	100.0
265.0115141000001	57.0	100.0
265.0316571000001	57.0	100.0
265.0526288000001	57.0	100.0
265.07317090000015	57.0	100.0
265.09124599999996	57.0	100.0
265.112396	57.0	100.0
265.1361380000001	57.0	100.0
265.15115749999995	57.0	100.0
265.17203700000005	57.0	100.0
265.1913382	57.0	100.0
265.21240720000014	57.0	100.0
265.2345379000001	57.0	100.0
265.2516432	57.0	100.0
265.27091140000016	57.0	100.0
265.29361130000007	57.0	100.0
265.31125050000014	57.0	100.0
265.33191980000015	57.0	100.0
265.35123380000005	57.0	100.0
265.375491	57.0	100.0
265.39590280000016	56.0	100.0
265.41260020000004	56.0	100.0
265.4322631	56.0	100.0
265.45126159999995	56.0	100.0
265.4725976	56.0	100.0
265.4914947	56.0	100.0
265.5113129000001	56.0	100.0
265.5334292	56.0	100.0
265.5540466	56.0	100.0
265.57131920000006	56.0	100.0
265.5929665000001	56.0	100.0
265.6116423000001	56.0	100.0
265.63243350000016	56.0	100.0
265.65519670000003	56.0	100.0
265.6715034000001	56.0	100.0
265.69415070000014	56.0	100.0
265.71300540000016	56.0	100.0
265.73218410000004	56.0	100.0
265.7548739000001	56.0	100.0
265.7727075	56.0	100.0
265.79254920000017	56.0	100.0
265.8117586000001	56.0	100.0
265.83206080000014	56.0	100.0
265.852488	56.0	100.0
265.8728019	56.0	100.0
265.89198740000006	56.0	100.0
265.9114981	56.0	100.0
265.9321801000001	56.0	100.0
265.9517051	56.0	100.0
265.9714752	56.0	100.0
265.99159050000003	56.0	100.0
266.01333480000017	56.0	100.0
266.0341625000001	56.0	100.0
266.0523253000001	56.0	100.0
266.0732795000001	56.0	100.0
266.0922174	56.0	100.0
266.11330670000007	56.0	100.0
266.1336117000001	56.0	100.0
266.1514989	56.0	100.0
266.17713660000004	56.0	100.0
266.19493020000004	56.0	100.0
266.21495300000015	56.0	100.0
266.2323235000001	56.0	100.0
266.25286030000007	56.0	100.0
266.27277160000017	56.0	100.0
266.2928055	56.0	100.0
266.312901	56.0	100.0
266.3330056	56.0	100.0
266.3538389	56.0	100.0
266.3732357000001	56.0	100.0
266.39334959999996	54.0	100.0
266.4131212	54.0	100.0
266.4327595	54.0	100.0
266.45306270000015	54.0	100.0
266.4731684000001	54.0	100.0
266.4930452000001	54.0	100.0
266.5147737	54.0	100.0
266.53339930000016	54.0	100.0
266.5524636	54.0	100.0
266.5715004000001	54.0	100.0
266.5940544	54.0	100.0
266.6137853	54.0	100.0
266.6337968	54.0	100.0
266.6537346	54.0	100.0
266.67559170000004	54.0	100.0
266.69403450000004	54.0	100.0
266.71223510000004	54.0	100.0
266.73292890000016	54.0	100.0
266.75314219999996	54.0	100.0
266.7728389000001	54.0	100.0
266.7926870000001	54.0	100.0
266.81367180000007	54.0	100.0
266.8355527000001	54.0	100.0
266.8534429000001	54.0	100.0
266.8727546	54.0	100.0
266.8932704000001	54.0	100.0
266.91313260000015	54.0	100.0
266.93336190000014	54.0	100.0
266.95253	54.0	100.0
266.97334820000015	54.0	100.0
266.99429770000006	54.0	100.0
267.01332049999996	54.0	100.0
267.03422880000016	54.0	100.0
267.0531489	54.0	100.0
267.0731566000002	54.0	100.0
267.0926127	54.0	100.0
267.1126269000001	54.0	100.0
267.1334363000001	54.0	100.0
267.15568740000003	54.0	100.0
267.1733663	54.0	100.0
267.1935771000001	54.0	100.0
267.216901	54.0	100.0
267.2335991	54.0	100.0
267.25343569999995	54.0	100.0
267.27307770000016	54.0	100.0
267.2933702	54.0	100.0
267.31840409999995	54.0	100.0
267.3343565	54.0	100.0
267.3536780000002	54.0	100.0
267.37495680000006	54.0	100.0
267.3938562000001	54.0	100.0
267.4171937000001	54.0	100.0
267.43362320000006	54.0	100.0
267.45422959999996	54.0	100.0
267.4762631000001	54.0	100.0
267.4929869	54.0	100.0
267.51359590000015	54.0	100.0
267.5317298	54.0	100.0
267.54769669999996	54.0	100.0
267.56960990000016	54.0	100.0
267.58836210000004	54.0	100.0
267.6095918000001	54.0	100.0
267.6306111000001	54.0	100.0
267.65359920000014	54.0	100.0
267.6729983	54.0	100.0
267.6931681000001	54.0	100.0
267.7135677000001	54.0	100.0
267.7332187000002	54.0	100.0
267.7537939000001	54.0	100.0
267.7736360000001	54.0	100.0
267.79098020000015	54.0	100.0
267.8105581	54.0	100.0
267.8334861000001	54.0	100.0
267.85184760000016	54.0	100.0
267.87260190000006	54.0	100.0
267.89368950000016	54.0	100.0
267.91280989999996	54.0	100.0
267.9388242	54.0	100.0
267.95654360000003	54.0	100.0
267.9742527000001	54.0	100.0
267.9936323000002	54.0	100.0
268.0134484	54.0	100.0
268.03347540000004	54.0	100.0
268.05357700000013	54.0	100.0
268.0739539000001	54.0	100.0
268.09467080000013	54.0	100.0
268.11530100000004	54.0	100.0
268.1333389000001	54.0	100.0
268.15338270000007	54.0	100.0
268.17355510000016	54.0	100.0
268.1935023000001	54.0	100.0
268.21345180000003	54.0	100.0
268.2336712000001	54.0	100.0
268.25811050000016	54.0	100.0
268.2753534000001	54.0	100.0
268.2946323000001	54.0	100.0
268.31401010000013	54.0	100.0
268.3342147000001	54.0	100.0
268.35826470000006	54.0	100.0
268.3753472000001	54.0	100.0
268.39338380000004	53.0	100.0
268.41461730000015	53.0	100.0
268.4364214	53.0	100.0
268.45729640000013	53.0	100.0
268.47368800000004	53.0	100.0
268.4934225000002	53.0	100.0
268.51328980000017	53.0	100.0
268.5345348000001	53.0	100.0
268.55404999999996	53.0	100.0
268.57529999999997	53.0	100.0
268.59814700000015	53.0	100.0
268.61404070000003	53.0	100.0
268.6347869000001	53.0	100.0
268.65453479999996	53.0	100.0
268.67414870000016	53.0	100.0
268.6965983	53.0	100.0
268.71437860000015	53.0	100.0
268.73563460000014	53.0	100.0
268.7562799	53.0	100.0
268.7766199	53.0	100.0
268.80673509999997	53.0	100.0
268.8226479	53.0	100.0
268.83565610000005	53.0	100.0
268.8547444000001	53.0	100.0
268.8774882	53.0	100.0
268.89535939999996	53.0	100.0
268.91651049999996	53.0	100.0
268.9351345	53.0	100.0
268.9548979000001	53.0	100.0
268.97533999999996	53.0	100.0
268.99426560000006	53.0	100.0
269.0148802000001	53.0	100.0
269.03493760000015	53.0	100.0
269.05523270000003	53.0	100.0
269.0768541	53.0	100.0
269.09422800000016	53.0	100.0
269.11377960000004	53.0	100.0
269.13496540000006	53.0	100.0
269.1542641000001	53.0	100.0
269.17372020000016	53.0	100.0
269.19499859999996	53.0	100.0
269.2148744000001	53.0	100.0
269.2371948	53.0	100.0
269.2550979	53.0	100.0
269.27425360000007	53.0	100.0
269.2944162000001	53.0	100.0
269.3140841000002	53.0	100.0
269.33491260000005	53.0	100.0
269.3548419000001	53.0	100.0
269.37691940000013	53.0	100.0
269.4015866	55.0	100.0
269.41544850000014	55.0	100.0
269.4363025	55.0	100.0
269.4550085000001	55.0	100.0
269.4746387	55.0	100.0
269.4987205	55.0	100.0
269.51536410000017	55.0	100.0
269.53632890000017	55.0	100.0
269.55728710000017	55.0	100.0
269.57525210000017	55.0	100.0
269.59496390000004	55.0	100.0
269.6155722000001	55.0	100.0
269.63522850000004	55.0	100.0
269.6551889	55.0	100.0
269.67513840000015	55.0	100.0
269.69656770000006	55.0	100.0
269.718572	55.0	100.0
269.7369963000001	55.0	100.0
269.75583159999996	55.0	100.0
269.77733260000014	55.0	100.0
269.7958514000002	55.0	100.0
269.81523960000004	55.0	100.0
269.83644160000017	55.0	100.0
269.86088870000003	55.0	100.0
269.87715430000003	55.0	100.0
269.8969105000001	55.0	100.0
269.91658789999997	55.0	100.0
269.9364167000001	55.0	100.0
269.9552166000001	55.0	100.0
269.97633229999997	55.0	100.0
269.9959359000002	55.0	100.0
270.01688480000007	55.0	100.0
270.0391253	55.0	100.0
270.05645530000015	55.0	100.0
270.0762358000002	55.0	100.0
270.0961606000001	55.0	100.0
270.1169024000001	55.0	100.0
270.13666680000006	55.0	100.0
270.1567119000001	55.0	100.0
270.17687279999996	55.0	100.0
270.19900240000015	55.0	100.0
270.21653190000006	55.0	100.0
270.2369327000001	55.0	100.0
270.2563526000001	55.0	100.0
270.27678290000017	55.0	100.0
270.2967188	55.0	100.0
270.3168025	55.0	100.0
270.33863570000017	55.0	100.0
270.35894630000007	55.0	100.0
270.3771557	55.0	100.0
270.39701790000004	56.0	100.0
270.4156435	56.0	100.0
270.440881	56.0	100.0
270.45694090000006	56.0	100.0
270.47669910000013	56.0	100.0
270.4970559000001	56.0	100.0
270.5194315000001	56.0	100.0
270.54124490000004	56.0	100.0
270.5569981000001	56.0	100.0
270.5764858	56.0	100.0
270.5970934000002	56.0	100.0
270.6184283	56.0	100.0
270.6413858000001	56.0	100.0
270.6578366000001	56.0	100.0
270.6792254000002	56.0	100.0
270.69748619999996	56.0	100.0
270.7174420000001	56.0	100.0
270.73721350000005	56.0	100.0
270.75728990000016	56.0	100.0
270.77649250000013	56.0	100.0
270.79756110000017	56.0	100.0
270.81758460000015	56.0	100.0
270.83905500000014	56.0	100.0
270.85721409999996	56.0	100.0
270.87673040000004	56.0	100.0
270.89691430000016	56.0	100.0
270.91765469999996	56.0	100.0
270.93765180000014	56.0	100.0
270.95712750000007	56.0	100.0
270.9775019000001	56.0	100.0
271.000538	56.0	100.0
271.02019210000003	56.0	100.0
271.03759890000015	56.0	100.0
271.0614472	56.0	100.0
271.07747400000017	56.0	100.0
271.0982205	56.0	100.0
271.1176937	56.0	100.0
271.1376495000002	56.0	100.0
271.16230010000004	56.0	100.0
271.1785033000001	56.0	100.0
271.19731390000015	56.0	100.0
271.2173536	56.0	100.0
271.2374642	56.0	100.0
271.25804530000005	56.0	100.0
271.2773257000001	56.0	100.0
271.2992432000001	56.0	100.0
271.3206473	56.0	100.0
271.33840810000015	56.0	100.0
271.3621181000001	56.0	100.0
271.3782258000001	56.0	100.0
271.3980736000001	57.0	100.0
271.4183038000001	57.0	100.0
271.4380105	57.0	100.0
271.4586385	57.0	100.0
271.48337949999996	57.0	100.0
271.4978665000001	57.0	100.0
271.51698750000014	57.0	100.0
271.53988430000004	57.0	100.0
271.5573263000001	57.0	100.0
271.5792259	57.0	100.0
271.5989006	57.0	100.0
271.61911140000007	57.0	100.0
271.6425041	57.0	100.0
271.6577406000001	57.0	100.0
271.6815773000001	57.0	100.0
271.6999760000001	57.0	100.0
271.7106559000001	57.0	100.0
271.73185060000014	57.0	100.0
271.7523516000001	57.0	100.0
271.7738366000001	57.0	100.0
271.7923135000001	57.0	100.0
271.81225800000016	57.0	100.0
271.8318577	57.0	100.0
271.85350770000014	57.0	100.0
271.8750585	57.0	100.0
271.89698680000015	57.0	100.0
271.9180927	57.0	100.0
271.9390747	57.0	100.0
271.9610832000001	57.0	100.0
271.9783610000002	57.0	100.0
271.99789069999997	57.0	100.0
272.01894749999997	57.0	100.0
272.03806010000017	57.0	100.0
272.05934980000006	57.0	100.0
272.0791477	57.0	100.0
272.1028755	57.0	100.0
272.1209659000001	57.0	100.0
272.13999480000007	57.0	100.0
272.1575276000001	57.0	100.0
272.17904710000016	57.0	100.0
272.2028537000001	57.0	100.0
272.21933750000017	57.0	100.0
272.2391387	57.0	100.0
272.25962760000016	57.0	100.0
272.28139039999996	57.0	100.0
272.2991915	57.0	100.0
272.31938450000007	57.0	100.0
272.3408048000001	57.0	100.0
272.3593270000001	57.0	100.0
272.38061830000015	57.0	100.0
272.4004095	58.0	100.0
272.4206140000001	58.0	100.0
272.4414148000001	58.0	100.0
272.4615212000001	58.0	100.0
272.4803042000001	58.0	100.0
272.49989630000005	58.0	100.0
272.52231660000007	58.0	100.0
272.54099310000015	58.0	100.0
272.5594860000001	58.0	100.0
272.5779248000001	58.0	100.0
272.60132910000016	58.0	100.0
272.6240173000001	58.0	100.0
272.63925240000003	58.0	100.0
272.6603086	58.0	100.0
272.68026010000017	58.0	100.0
272.6993549000001	58.0	100.0
272.72230030000014	58.0	100.0
272.74110640000004	58.0	100.0
272.76268990000017	58.0	100.0
272.7816318	58.0	100.0
272.8021132000001	58.0	100.0
272.82157640000014	58.0	100.0
272.83520480000016	58.0	100.0
272.85894299999995	58.0	100.0
272.87810920000015	58.0	100.0
272.90086710000014	58.0	100.0
272.92319250000014	58.0	100.0
272.94131719999996	58.0	100.0
272.9604723	58.0	100.0
272.9810196000001	58.0	100.0
273.00070830000004	58.0	100.0
273.0206759	58.0	100.0
273.0406061000001	58.0	100.0
273.0599039000001	58.0	100.0
273.08159650000016	58.0	100.0
273.1003631000001	58.0	100.0
273.11973250000005	58.0	100.0
273.14410180000004	58.0	100.0
273.16081280000003	58.0	100.0
273.18028060000006	58.0	100.0
273.20012829999996	58.0	100.0
273.22084870000003	58.0	100.0
273.24628370000005	58.0	100.0
273.2611181	58.0	100.0
273.28106950000006	58.0	100.0
273.30085640000016	58.0	100.0
273.3209044	58.0	100.0
273.3411115000001	58.0	100.0
273.3606013000001	58.0	100.0
273.38334299999997	58.0	100.0
273.40301109999996	59.0	100.0
273.42150260000017	59.0	100.0
273.4416104000002	59.0	100.0
273.4609267000001	59.0	100.0
273.4803383000001	59.0	100.0
273.50051610000014	59.0	100.0
273.52087589999996	59.0	100.0
273.5410544000001	59.0	100.0
273.5659587	59.0	100.0
273.5810954000001	59.0	100.0
273.60095120000005	59.0	100.0
273.6205831	59.0	100.0
273.64134750000017	59.0	100.0
273.66490769999996	59.0	100.0
273.6814164	59.0	100.0
273.7013621000001	59.0	100.0
273.72213880000004	59.0	100.0
273.7407475	59.0	100.0
273.7643310000001	59.0	100.0
273.78123100000016	59.0	100.0
273.8006888	59.0	100.0
273.82148640000014	59.0	100.0
273.8422756	59.0	100.0
273.8654534	59.0	100.0
273.8843038	59.0	100.0
273.9016773000001	59.0	100.0
273.9207924	59.0	100.0
273.9413505	59.0	100.0
273.9608856	59.0	100.0
273.9810609000001	59.0	100.0
274.0017018000001	59.0	100.0
274.02180580000004	59.0	100.0
274.0432542000001	59.0	100.0
274.06189730000006	59.0	100.0
274.0812353000001	59.0	100.0
274.1013663000001	59.0	100.0
274.1213445000001	59.0	100.0
274.1416196	59.0	100.0
274.1616156	59.0	100.0
274.18629580000015	59.0	100.0
274.2044436000001	59.0	100.0
274.2214098000002	59.0	100.0
274.24176650000004	59.0	100.0
274.26216390000013	59.0	100.0
274.28554580000014	59.0	100.0
274.3013985	59.0	100.0
274.3218836000001	59.0	100.0
274.34320660000003	59.0	100.0
274.3674343	59.0	100.0
274.3818764	59.0	100.0
274.40203199999996	57.0	100.0
274.4218175000001	57.0	100.0
274.4411776000002	57.0	100.0
274.49287649999997	57.0	100.0
274.4929115	57.0	100.0
274.5051462000001	57.0	100.0
274.6329587	57.0	100.0
274.63297710000006	57.0	100.0
274.63298550000013	57.0	100.0
274.6329931	57.0	100.0
274.6330008	57.0	100.0
274.633008	57.0	100.0
274.6420929000001	57.0	100.0
274.66294700000003	57.0	100.0
274.6834094000001	57.0	100.0
274.70406320000006	57.0	100.0
274.7216277	57.0	100.0
274.741628	57.0	100.0
274.80012110000007	57.0	100.0
274.8001406000001	57.0	100.0
274.80554730000017	57.0	100.0
274.82322150000005	57.0	100.0
274.9401971	57.0	100.0
274.94023170000014	57.0	100.0
274.940249	57.0	100.0
274.94026499999995	57.0	100.0
274.9402811	57.0	100.0
274.94315100000017	57.0	100.0
274.9612724000001	57.0	100.0
274.9846616	57.0	100.0
275.00217650000013	57.0	100.0
275.0222848000001	57.0	100.0
275.07159720000004	57.0	100.0
275.0716317000001	57.0	100.0
275.08221100000014	57.0	100.0
275.10352510000007	57.0	100.0
275.12447910000014	57.0	100.0
275.1664886000001	57.0	100.0
275.1665078000001	57.0	100.0
275.1829665	57.0	100.0
275.2034771000001	57.0	100.0
275.22305789999996	57.0	100.0
275.2663818000001	57.0	100.0
275.2663999000001	57.0	100.0
275.2829302	57.0	100.0
275.3044281	57.0	100.0
275.32935599999996	57.0	100.0
275.3682645000001	57.0	100.0
275.36829710000006	57.0	100.0
275.3854916	57.0	100.0
275.4039917	57.0	100.0
275.42674439999996	57.0	100.0
275.47124970000004	57.0	100.0
275.4712683	57.0	100.0
275.4855507	57.0	100.0
275.50368890000004	57.0	100.0
275.5232403	57.0	100.0
275.57536100000016	57.0	100.0
275.57539500000007	57.0	100.0
275.58202370000004	57.0	100.0
275.6020559000001	57.0	100.0
275.62433669999996	57.0	100.0
275.6756919000002	57.0	100.0
275.67571150000003	57.0	100.0
275.6848579	57.0	100.0
275.7029606000001	57.0	100.0
275.7234674000001	57.0	100.0
275.74425870000005	57.0	100.0
275.76316410000004	57.0	100.0
275.78434660000016	57.0	100.0
275.80583509999997	57.0	100.0
275.8238688000001	57.0	100.0
275.84360260000017	57.0	100.0
276.0304404000001	57.0	100.0
276.03046040000004	57.0	100.0
276.03046930000005	57.0	100.0
276.0304772000002	57.0	100.0
276.03048460000014	57.0	100.0
276.0311412000001	57.0	100.0
276.03117700000007	57.0	100.0
276.0311945000001	57.0	100.0
276.03120420000005	57.0	100.0
276.04573930000015	57.0	100.0
276.0975433000001	57.0	100.0
276.09756230000016	57.0	100.0
276.105493	57.0	100.0
276.1254609	57.0	100.0
276.14250960000004	57.0	100.0
276.3356510000001	57.0	100.0
276.33568690000016	57.0	100.0
276.33570740000005	57.0	100.0
276.33572720000006	57.0	100.0
276.33574369999997	57.0	100.0
276.3364716000001	57.0	100.0
276.33650680000005	57.0	100.0
276.33652700000016	57.0	100.0
276.3365503	57.0	100.0
276.3457450000001	57.0	100.0
276.37274590000015	57.0	100.0
276.38556970000013	57.0	100.0
276.40476420000005	56.0	100.0
276.42527900000005	56.0	100.0
276.44755540000006	56.0	100.0
276.4991252	56.0	100.0
276.4991582	56.0	100.0
276.50407110000015	56.0	100.0
276.52397700000006	56.0	100.0
276.5442653	56.0	100.0
276.5634271000001	56.0	100.0
276.58495930000004	56.0	100.0
276.64747239999997	56.0	100.0
276.6474911	56.0	100.0
276.6478419	56.0	100.0
276.66437659999997	56.0	100.0
276.7825673	56.0	100.0
276.7826028000002	56.0	100.0
276.78262080000013	56.0	100.0
276.78263730000003	56.0	100.0
276.78265290000013	56.0	100.0
276.78428350000013	56.0	100.0
276.80473240000015	56.0	100.0
276.82448650000015	56.0	100.0
276.8446034000001	56.0	100.0
276.86505439999996	56.0	100.0
276.9088409000001	56.0	100.0
276.90885930000013	56.0	100.0
276.92553450000014	56.0	100.0
276.94524990000014	56.0	100.0
276.96699460000013	56.0	100.0
277.15924240000004	56.0	100.0
277.15927669999996	56.0	100.0
277.15929389999997	56.0	100.0
277.15931	56.0	100.0
277.1593262000001	56.0	100.0
277.1593431000001	56.0	100.0
277.1593591000001	56.0	100.0
277.15937410000015	56.0	100.0
277.15938930000016	56.0	100.0
277.1646052000001	56.0	100.0
277.18532619999996	56.0	100.0
277.2045266	56.0	100.0
277.266259	56.0	100.0
277.2662795000001	56.0	100.0
277.2666507000001	56.0	100.0
277.2846938	56.0	100.0
277.4061382	56.0	100.0
277.406158	56.0	100.0
277.4061670000001	56.0	100.0
277.40617510000015	56.0	100.0
277.40618259999997	56.0	100.0
277.40746920000015	55.0	100.0
277.4250694	55.0	100.0
277.4491286	55.0	100.0
277.46508310000013	55.0	100.0
277.48494240000014	55.0	100.0
277.50895990000004	55.0	100.0
277.5252803000001	55.0	100.0
277.56895699999995	55.0	100.0
277.56897560000016	55.0	100.0
277.5850438	55.0	100.0
277.7036588000001	55.0	100.0
277.7036809000001	55.0	100.0
277.7036895000001	55.0	100.0
277.70369700000015	55.0	100.0
277.7037041000001	55.0	100.0
277.7083709000001	55.0	100.0
277.72737970000003	55.0	100.0
277.74576290000005	55.0	100.0
277.7651078000001	55.0	100.0
277.78649800000017	55.0	100.0
277.83466010000006	55.0	100.0
277.83467940000014	55.0	100.0
277.8457369	55.0	100.0
277.8655020000001	55.0	100.0
277.8890073	55.0	100.0
277.92059960000006	55.0	100.0
277.9293910000001	55.0	100.0
277.94498380000005	55.0	100.0
277.9649068000001	55.0	100.0
277.98575589999996	55.0	100.0
278.00598130000003	55.0	100.0
278.03002620000007	55.0	100.0
278.0491241	55.0	100.0
278.0654663	55.0	100.0
278.0860375	55.0	100.0
278.1052403000001	55.0	100.0
278.1293813	55.0	100.0
278.1462325	55.0	100.0
278.16505670000015	55.0	100.0
278.1858913000001	55.0	100.0
278.20655209999995	55.0	100.0
278.22357950000014	55.0	100.0
278.2415337	55.0	100.0
278.2608993000001	55.0	100.0
278.2822337	55.0	100.0
278.3019819000001	55.0	100.0
278.32325790000004	55.0	100.0
278.3438271	55.0	100.0
278.36557300000004	55.0	100.0
278.38439540000013	55.0	100.0
278.4039644000002	55.0	100.0
278.4244788000001	55.0	100.0
278.4439212	55.0	100.0
278.46387649999997	55.0	100.0
278.4843134	55.0	100.0
278.5019950000001	55.0	100.0
278.5247684000001	55.0	100.0
278.54473840000014	55.0	100.0
278.56605420000005	55.0	100.0
278.5866377	55.0	100.0
278.60691040000006	55.0	100.0
278.6269006	55.0	100.0
278.6511217	55.0	100.0
278.66593750000015	55.0	100.0
278.6888877000001	55.0	100.0
278.70735430000013	55.0	100.0
278.7270153000002	55.0	100.0
278.7484114000001	55.0	100.0
278.76699240000016	55.0	100.0
278.7871219000001	55.0	100.0
278.80700350000006	55.0	100.0
278.8272900000002	55.0	100.0
278.84875490000013	55.0	100.0
278.86751260000005	55.0	100.0
278.88845749999996	55.0	100.0
278.90822750000007	55.0	100.0
278.9275050000001	55.0	100.0
278.9459524000001	55.0	100.0
278.96717050000007	55.0	100.0
278.98918500000013	55.0	100.0
279.0097178000001	55.0	100.0
279.02724520000015	55.0	100.0
279.0473790000001	55.0	100.0
279.06856830000015	55.0	100.0
279.0873649	55.0	100.0
279.10830899999996	55.0	100.0
279.1273225	55.0	100.0
279.14821840000013	55.0	100.0
279.1724891000001	55.0	100.0
279.1874108000002	55.0	100.0
279.20732940000016	55.0	100.0
279.22816150000017	55.0	100.0
279.2475650000001	55.0	100.0
279.26718430000005	55.0	100.0
279.28772860000004	55.0	100.0
279.30790960000013	55.0	100.0
279.3294435	55.0	100.0
279.3474711000001	55.0	100.0
279.36794899999995	55.0	100.0
279.38857570000005	55.0	100.0
279.40888859999995	57.0	100.0
279.4275659	57.0	100.0
279.44734730000005	57.0	100.0
279.4696781	57.0	100.0
279.4894402	57.0	100.0
279.50896920000014	57.0	100.0
279.5285080000001	57.0	100.0
279.5489983	57.0	100.0
279.56773650000014	57.0	100.0
279.59268110000016	57.0	100.0
279.6080878	57.0	100.0
279.6294204000001	57.0	100.0
279.6511994	57.0	100.0
279.6693786000001	57.0	100.0
279.6925596000001	57.0	100.0
279.70903510000016	57.0	100.0
279.72804050000013	57.0	100.0
279.74892880000016	57.0	100.0
279.76904230000014	57.0	100.0
279.7898170000001	57.0	100.0
279.80949580000015	57.0	100.0
279.8289394000001	57.0	100.0
279.8489809	57.0	100.0
279.8687764000001	57.0	100.0
279.88914380000006	57.0	100.0
279.90861730000006	57.0	100.0
279.9293143	57.0	100.0
279.94908140000007	57.0	100.0
279.97101	57.0	100.0
279.9886143000001	57.0	100.0
280.0087738	57.0	100.0
280.02872460000003	57.0	100.0
280.0487800000001	57.0	100.0
280.06933560000016	57.0	100.0
280.0890922000001	57.0	100.0
280.1130746000001	57.0	100.0
280.13107520000017	57.0	100.0
280.14958550000006	57.0	100.0
280.16880749999996	57.0	100.0
280.18904799999996	57.0	100.0
280.21228570000017	57.0	100.0
280.22893980000003	57.0	100.0
280.24901450000016	57.0	100.0
280.26900520000004	57.0	100.0
280.29205120000006	57.0	100.0
280.30985710000004	57.0	100.0
280.32988520000004	57.0	100.0
280.3499719000001	57.0	100.0
280.3695785	57.0	100.0
280.3900059	57.0	100.0
280.4103596	60.0	100.0
280.43061839999996	60.0	100.0
280.45131119999996	60.0	100.0
280.46966450000014	60.0	100.0
280.48966730000006	60.0	100.0
280.5095255000001	60.0	100.0
280.52967620000004	60.0	100.0
280.5505425000001	60.0	100.0
280.5698140000002	60.0	100.0
280.59012830000006	60.0	100.0
280.6123245000001	60.0	100.0
280.6300595	60.0	100.0
280.6495767000001	60.0	100.0
280.6696690000001	60.0	100.0
280.6891042	60.0	100.0
280.7113512000001	60.0	100.0
280.7332887	60.0	100.0
280.7512965000001	60.0	100.0
280.7716266	60.0	100.0
280.7905899	60.0	100.0
280.8091107	60.0	100.0
280.8305564	60.0	100.0
280.8509444000001	60.0	100.0
280.87024740000015	60.0	100.0
280.88975490000007	60.0	100.0
280.91111079999996	60.0	100.0
280.9329855000001	60.0	100.0
280.9507370000001	60.0	100.0
280.9708409	60.0	100.0
280.9905308	60.0	100.0
281.01020540000013	60.0	100.0
281.0307554000001	60.0	100.0
281.0495181000001	60.0	100.0
281.07080140000016	60.0	100.0
281.09185019999995	60.0	100.0
281.10931670000014	60.0	100.0
281.12953430000016	60.0	100.0
281.15112139999997	60.0	100.0
281.1708536000001	60.0	100.0
281.1905710000001	60.0	100.0
281.21107930000016	60.0	100.0
281.23108260000004	60.0	100.0
281.25727500000016	60.0	100.0
281.2710420000001	60.0	100.0
281.28949320000015	60.0	100.0
281.31031370000005	60.0	100.0
281.33115380000004	60.0	100.0
281.35197719999996	60.0	100.0
281.370901	60.0	100.0
281.3924786	60.0	100.0
281.41303400000015	64.0	100.0
281.4311002000002	64.0	100.0
281.4520557000001	64.0	100.0
281.4722131000001	64.0	100.0
281.4907946000001	64.0	100.0
281.5111022000001	64.0	100.0
281.5310885000001	64.0	100.0
281.5528183000001	64.0	100.0
281.57471770000006	64.0	100.0
281.59088670000006	64.0	100.0
281.6101466	64.0	100.0
281.63087859999996	64.0	100.0
281.65137660000005	64.0	100.0
281.67110790000015	64.0	100.0
281.69148370000016	64.0	100.0
281.7126092000001	64.0	100.0
281.7323119	64.0	100.0
281.7515111	64.0	100.0
281.7738666	64.0	100.0
281.7895456000001	64.0	100.0
281.81090830000016	64.0	100.0
281.8306384	64.0	100.0
281.8544065000001	64.0	100.0
281.87543470000014	64.0	100.0
281.89334830000007	64.0	100.0
281.9106879000001	64.0	100.0
281.9312268000001	64.0	100.0
281.9517407000001	64.0	100.0
281.9729685	64.0	100.0
281.9924529	64.0	100.0
282.0112531	64.0	100.0
282.03214060000005	64.0	100.0
282.0538104	64.0	100.0
282.0711203000001	64.0	100.0
282.09130690000006	64.0	100.0
282.1111724	64.0	100.0
282.13110840000013	64.0	100.0
282.1520051	64.0	100.0
282.17236390000016	64.0	100.0
282.19337540000015	64.0	100.0
282.2140299	64.0	100.0
282.23225290000005	64.0	100.0
282.2520588	64.0	100.0
282.27147430000014	64.0	100.0
282.2949774000001	64.0	100.0
282.3120309000001	64.0	100.0
282.3322800000001	64.0	100.0
282.35393420000014	64.0	100.0
282.37314490000017	64.0	100.0
282.3960849	64.0	100.0
282.41289989999996	66.0	100.0
282.4325314	66.0	100.0
282.45265400000017	66.0	100.0
282.47299650000014	66.0	100.0
282.49280650000014	66.0	100.0
282.5129455000001	66.0	100.0
282.5350162	66.0	100.0
282.55273740000007	66.0	100.0
282.5720530000001	66.0	100.0
282.5928338000001	66.0	100.0
282.61266969999997	66.0	100.0
282.63292130000013	66.0	100.0
282.652296	66.0	100.0
282.6729580000001	66.0	100.0
282.6940635000001	66.0	100.0
282.71247489999996	66.0	100.0
282.73219470000004	66.0	100.0
282.75313700000015	66.0	100.0
282.7729462	66.0	100.0
282.7926623000001	66.0	100.0
282.81695630000013	66.0	100.0
282.83362920000013	66.0	100.0
282.85508920000007	66.0	100.0
282.8728086000001	66.0	100.0
282.8938445000001	66.0	100.0
282.9136834000001	66.0	100.0
282.93306840000014	66.0	100.0
282.9535336000001	66.0	100.0
282.9730241	66.0	100.0
282.99263229999997	66.0	100.0
283.01899219999996	66.0	100.0
283.0325296000001	66.0	100.0
283.0531025	66.0	100.0
283.0731201000001	66.0	100.0
283.0930406	66.0	100.0
283.11354600000004	66.0	100.0
283.1331041000001	66.0	100.0
283.15339600000016	66.0	100.0
283.1751277000001	66.0	100.0
283.19266030000017	66.0	100.0
283.21342630000004	66.0	100.0
283.2327255	66.0	100.0
283.25342580000006	66.0	100.0
283.2735342000001	66.0	100.0
283.2929550000001	66.0	100.0
283.3159042	66.0	100.0
283.33515439999996	66.0	100.0
283.35473890000003	66.0	100.0
283.37353900000016	66.0	100.0
283.39379740000004	66.0	100.0
283.41368520000015	67.0	100.0
283.43753000000015	67.0	100.0
283.4537262000001	67.0	100.0
283.47360490000005	67.0	100.0
283.4899170000001	67.0	100.0
283.51092530000005	67.0	100.0
283.53752240000017	67.0	100.0
283.55389450000007	67.0	100.0
283.5728517	67.0	100.0
283.59244590000003	67.0	100.0
283.6127405	67.0	100.0
283.6308735	67.0	100.0
283.6492445000001	67.0	100.0
283.67062110000006	67.0	100.0
283.6924690000001	67.0	100.0
283.7148906	67.0	100.0
283.73357410000017	67.0	100.0
283.75341990000015	67.0	100.0
283.7757240000001	67.0	100.0
283.7944436	67.0	100.0
283.8171241	67.0	100.0
283.83347560000016	67.0	100.0
283.8553306000001	67.0	100.0
283.87219530000016	67.0	100.0
283.8891272000001	67.0	100.0
283.90888740000014	67.0	100.0
283.9288875	67.0	100.0
283.9472865	67.0	100.0
283.96859760000007	67.0	100.0
283.9870228	67.0	100.0
284.0094875	67.0	100.0
284.02947130000007	67.0	100.0
284.0492686	67.0	100.0
284.07228120000013	67.0	100.0
284.09164050000004	67.0	100.0
284.1139026000001	67.0	100.0
284.13679460000003	67.0	100.0
284.15363879999995	67.0	100.0
284.17376030000014	67.0	100.0
284.19516799999997	67.0	100.0
284.214872	67.0	100.0
284.2341904	67.0	100.0
284.2552895000001	67.0	100.0
284.2751644	67.0	100.0
284.2960438	67.0	100.0
284.3130856	67.0	100.0
284.3351305000001	67.0	100.0
284.35505550000016	67.0	100.0
284.37424950000013	67.0	100.0
284.39569830000005	67.0	100.0
284.41432010000017	68.0	100.0
284.435023	68.0	100.0
284.4573127000001	68.0	100.0
284.4780492	68.0	100.0
284.49392290000014	68.0	100.0
284.51392950000013	68.0	100.0
284.5341267000001	68.0	100.0
284.554754	68.0	100.0
284.5751534000001	68.0	100.0
284.5948470000001	68.0	100.0
284.61652000000004	68.0	100.0
284.63465470000006	68.0	100.0
284.6550896000001	68.0	100.0
284.6739076000001	68.0	100.0
284.6952781	68.0	100.0
284.71463730000005	68.0	100.0
284.73393250000004	68.0	100.0
284.75551040000005	68.0	100.0
284.77735170000005	68.0	100.0
284.79510600000003	68.0	100.0
284.8149356000001	68.0	100.0
284.834844	68.0	100.0
284.85493770000016	68.0	100.0
284.87475830000017	68.0	100.0
284.8948256000001	68.0	100.0
284.91605990000016	68.0	100.0
284.93672430000015	68.0	100.0
284.9550111000001	68.0	100.0
284.97476340000003	68.0	100.0
284.9946721000001	68.0	100.0
285.01616809999996	68.0	100.0
285.03590340000005	68.0	100.0
285.0557202	68.0	100.0
285.0756001	68.0	100.0
285.1003992000001	68.0	100.0
285.1130759	68.0	100.0
285.1346552	68.0	100.0
285.1557814	68.0	100.0
285.17490369999996	68.0	100.0
285.1953923000001	68.0	100.0
285.21505750000006	68.0	100.0
285.23607130000005	68.0	100.0
285.2570266	68.0	100.0
285.2755522	68.0	100.0
285.29457	68.0	100.0
285.3146411	68.0	100.0
285.33508640000014	68.0	100.0
285.35659710000004	68.0	100.0
285.3760027000001	68.0	100.0
285.3966124000001	68.0	100.0
285.4186036000001	68.0	100.0
285.43532530000016	68.0	100.0
285.4553519000001	68.0	100.0
285.4753498	68.0	100.0
285.4954653	68.0	100.0
285.51834810000014	68.0	100.0
285.5360773	68.0	100.0
285.55660650000004	68.0	100.0
285.5768762	68.0	100.0
285.5963906000002	68.0	100.0
285.6181611000002	68.0	100.0
285.63626320000003	68.0	100.0
285.6567113000001	68.0	100.0
285.67559460000007	68.0	100.0
285.69540010000014	68.0	100.0
285.71658780000007	68.0	100.0
285.7376905000001	68.0	100.0
285.75639150000006	68.0	100.0
285.77608680000003	68.0	100.0
285.797139	68.0	100.0
285.8155289000001	68.0	100.0
285.8364699000001	68.0	100.0
285.8591034000001	68.0	100.0
285.8771574	68.0	100.0
285.89850360000014	68.0	100.0
285.91587530000015	68.0	100.0
285.93635140000015	68.0	100.0
285.9564134	68.0	100.0
285.9777503	68.0	100.0
285.9961887000002	68.0	100.0
286.0177867	68.0	100.0
286.04089969999995	68.0	100.0
286.05836210000007	68.0	100.0
286.0767885	68.0	100.0
286.09588729999996	68.0	100.0
286.11580100000015	68.0	100.0
286.13947299999995	68.0	100.0
286.15613740000003	68.0	100.0
286.1759746	68.0	100.0
286.1976466000001	68.0	100.0
286.21738760000017	68.0	100.0
286.23654510000006	68.0	100.0
286.2564632000001	68.0	100.0
286.27541910000014	68.0	100.0
286.2963942000001	68.0	100.0
286.31708419999995	68.0	100.0
286.3366474000002	68.0	100.0
286.3574727	68.0	100.0
286.3789941	68.0	100.0
286.39809349999996	68.0	100.0
286.4169598000001	67.0	100.0
286.4373806000001	67.0	100.0
286.45689919999995	67.0	100.0
286.4763250000001	67.0	100.0
286.49639620000016	67.0	100.0
286.51718960000017	67.0	100.0
286.5384279	67.0	100.0
286.5609657	67.0	100.0
286.57516680000003	67.0	100.0
286.5965096	67.0	100.0
286.6184822	67.0	100.0
286.6375760000001	67.0	100.0
286.6570457	67.0	100.0
286.6774571000001	67.0	100.0
286.69924530000003	67.0	100.0
286.7188514000002	67.0	100.0
286.73682540000004	67.0	100.0
286.7616889000001	67.0	100.0
286.77724880000005	67.0	100.0
286.79779540000004	67.0	100.0
286.8172042000001	67.0	100.0
286.8380056000001	67.0	100.0
286.85906520000003	67.0	100.0
286.87712009999996	67.0	100.0
286.8966289	67.0	100.0
286.9172752000002	67.0	100.0
286.9371033	67.0	100.0
286.9575626000001	67.0	100.0
286.9773622	67.0	100.0
286.99730810000005	67.0	100.0
287.01920960000007	67.0	100.0
287.0374041	67.0	100.0
287.05750550000016	67.0	100.0
287.0781571	67.0	100.0
287.0976804000002	67.0	100.0
287.11691199999996	67.0	100.0
287.1377180000002	67.0	100.0
287.15799230000016	67.0	100.0
287.1825751000001	67.0	100.0
287.19775930000014	67.0	100.0
287.21732510000015	67.0	100.0
287.23695399999997	67.0	100.0
287.25708910000003	67.0	100.0
287.2815299000001	67.0	100.0
287.2973836000001	67.0	100.0
287.31795650000004	67.0	100.0
287.3400091000001	67.0	100.0
287.3576508000001	67.0	100.0
287.37725380000006	67.0	100.0
287.3980236	67.0	100.0
287.41791890000013	66.0	100.0
287.43775189999997	66.0	100.0
287.4574361	66.0	100.0
287.4776667000001	66.0	100.0
287.49912310000013	66.0	100.0
287.51747880000016	66.0	100.0
287.5372053000001	66.0	100.0
287.5574521000001	66.0	100.0
287.5776839	66.0	100.0
287.5976740000001	66.0	100.0
287.61788750000005	66.0	100.0
287.6393957	66.0	100.0
287.66008039999997	66.0	100.0
287.67670220000014	66.0	100.0
287.7017250000001	66.0	100.0
287.71857650000015	66.0	100.0
287.7373013000001	66.0	100.0
287.75764090000007	66.0	100.0
287.77673030000005	66.0	100.0
287.8016159000001	66.0	100.0
287.8211682000001	66.0	100.0
287.83782480000013	66.0	100.0
287.85836300000005	66.0	100.0
287.8786874	66.0	100.0
287.8970175000002	66.0	100.0
287.91702810000015	66.0	100.0
287.93759969999996	66.0	100.0
287.9591144000001	66.0	100.0
287.98077750000016	66.0	100.0
287.99855709999997	66.0	100.0
288.0191225000001	66.0	100.0
288.0389606000001	66.0	100.0
288.0585827	66.0	100.0
288.07778240000016	66.0	100.0
288.09012840000014	66.0	100.0
288.11725309999997	66.0	100.0
288.13926860000015	66.0	100.0
288.1578564000001	66.0	100.0
288.1778021	66.0	100.0
288.19873840000014	66.0	100.0
288.22172020000016	66.0	100.0
288.23900249999997	66.0	100.0
288.2593799000001	66.0	100.0
288.27898619999996	66.0	100.0
288.30043109999997	66.0	100.0
288.32220440000015	66.0	100.0
288.3386356000001	66.0	100.0
288.35906120000004	66.0	100.0
288.37804819999997	66.0	100.0
288.40013150000004	66.0	100.0
288.4191152000001	66.0	100.0
288.4391956000002	66.0	100.0
288.4611327	66.0	100.0
288.4790617000001	66.0	100.0
288.49738330000014	66.0	100.0
288.5186833	66.0	100.0
288.5388826000001	66.0	100.0
288.55907330000014	66.0	100.0
288.5790638000001	66.0	100.0
288.600097	66.0	100.0
288.62133200000017	66.0	100.0
288.6402210000001	66.0	100.0
288.6592013000002	66.0	100.0
288.67878640000004	66.0	100.0
288.69864140000004	66.0	100.0
288.71888030000014	66.0	100.0
288.73870490000013	66.0	100.0
288.7597112000001	66.0	100.0
288.7802861	66.0	100.0
288.7989537000001	66.0	100.0
288.81866950000017	66.0	100.0
288.83892149999997	66.0	100.0
288.8590825000001	66.0	100.0
288.8791218000001	66.0	100.0
288.89953130000004	66.0	100.0
288.91910810000013	66.0	100.0
288.9415139	66.0	100.0
288.95981410000013	66.0	100.0
288.97880699999996	66.0	100.0
288.9987112000001	66.0	100.0
289.0180759	66.0	100.0
289.03801440000007	66.0	100.0
289.05921910000006	66.0	100.0
289.07999760000007	66.0	100.0
289.10073720000014	66.0	100.0
289.1190722000001	66.0	100.0
289.13895530000013	66.0	100.0
289.1634819000001	66.0	100.0
289.17923930000006	66.0	100.0
289.1990862	66.0	100.0
289.21900470000014	66.0	100.0
289.2395248	66.0	100.0
289.26564600000006	66.0	100.0
289.2790415000002	66.0	100.0
289.2989837	66.0	100.0
289.31911200000013	66.0	100.0
289.3435086000002	66.0	100.0
289.36039370000003	66.0	100.0
289.3800840000001	66.0	100.0
289.40122910000014	66.0	100.0
289.4213472000001	67.0	100.0
289.4402298	67.0	100.0
289.46145	67.0	100.0
289.4811406000001	67.0	100.0
289.5010784000001	67.0	100.0
289.5192713000001	67.0	100.0
289.54014000000006	67.0	100.0
289.5616153000001	67.0	100.0
289.58278540000015	67.0	100.0
289.60020180000015	67.0	100.0
289.6198729	67.0	100.0
289.6400385000002	67.0	100.0
289.66085220000014	67.0	100.0
289.67920890000005	67.0	100.0
289.69944050000004	67.0	100.0
289.7217829000001	67.0	100.0
289.7408087000001	67.0	100.0
289.7612414	67.0	100.0
289.7839719000001	67.0	100.0
289.80039650000003	67.0	100.0
289.82054070000004	67.0	100.0
289.83948570000007	67.0	100.0
289.86039630000005	67.0	100.0
289.8847972000001	67.0	100.0
289.90260290000015	67.0	100.0
289.9204254000001	67.0	100.0
289.9400226	67.0	100.0
289.9607553000001	67.0	100.0
289.9807144000001	67.0	100.0
290.0001622	67.0	100.0
290.02021920000016	67.0	100.0
290.0408567000002	67.0	100.0
290.06146490000015	67.0	100.0
290.08068070000013	67.0	100.0
290.1002353000001	67.0	100.0
290.12008960000003	67.0	100.0
290.1400169000001	67.0	100.0
290.16010890000007	67.0	100.0
290.17930279999996	67.0	100.0
290.20465590000003	67.0	100.0
290.22258009999996	67.0	100.0
290.23965840000005	67.0	100.0
290.25990320000005	67.0	100.0
290.27980190000017	67.0	100.0
290.30345239999997	67.0	100.0
290.3199545	67.0	100.0
290.3398645	67.0	100.0
290.3615849	67.0	100.0
290.3816547000001	67.0	100.0
290.40492889999996	67.0	100.0
290.42099740000003	65.0	100.0
290.44043180000017	65.0	100.0
290.4606844	65.0	100.0
290.4806173000002	65.0	100.0
290.5004907	65.0	100.0
290.52078730000017	65.0	100.0
290.5424455	65.0	100.0
290.5606275	65.0	100.0
290.5808099000001	65.0	100.0
290.60043770000016	65.0	100.0
290.61946320000015	65.0	100.0
290.64007430000015	65.0	100.0
290.65994109999997	65.0	100.0
290.6815484000001	65.0	100.0
290.70090849999997	65.0	100.0
290.7200372	65.0	100.0
290.7395462000002	65.0	100.0
290.76005640000017	65.0	100.0
290.77942040000016	65.0	100.0
290.80021750000014	65.0	100.0
290.82382970000003	65.0	100.0
290.84006910000016	65.0	100.0
290.86186900000007	65.0	100.0
290.8802934	65.0	100.0
290.8999854000001	65.0	100.0
290.92045240000016	65.0	100.0
290.94016710000005	65.0	100.0
290.9602810000001	65.0	100.0
290.98031630000014	65.0	100.0
291.00156300000003	65.0	100.0
291.02601219999997	65.0	100.0
291.04078100000015	65.0	100.0
291.0607304	65.0	100.0
291.0801222	65.0	100.0
291.1007251000001	65.0	100.0
291.1208481000001	65.0	100.0
291.1399933	65.0	100.0
291.1614555000001	65.0	100.0
291.18247470000006	65.0	100.0
291.20096409999996	65.0	100.0
291.22043580000013	65.0	100.0
291.2440249000001	65.0	100.0
291.2611039000001	65.0	100.0
291.28046489999997	65.0	100.0
291.30264780000016	65.0	100.0
291.3207288000001	65.0	100.0
291.3420043000001	65.0	100.0
291.3643581000001	65.0	100.0
291.3803345000001	65.0	100.0
291.40112220000015	65.0	100.0
291.42105990000005	65.0	100.0
291.4446232	65.0	100.0
291.4607883000001	65.0	100.0
291.4800944000001	65.0	100.0
291.5032041000002	65.0	100.0
291.52053279999996	65.0	100.0
291.54108440000005	65.0	100.0
291.5602914000001	65.0	100.0
291.57999470000004	65.0	100.0
291.6006854	65.0	100.0
291.6200206000001	65.0	100.0
291.64055670000016	65.0	100.0
291.66288529999997	65.0	100.0
291.6816615	65.0	100.0
291.70055890000003	65.0	100.0
291.7207988	65.0	100.0
291.7404365	65.0	100.0
291.7609738000001	65.0	100.0
291.78071180000006	65.0	100.0
291.8010872	65.0	100.0
291.82289850000006	65.0	100.0
291.84106110000016	65.0	100.0
291.8647540000002	65.0	100.0
291.88065210000013	65.0	100.0
291.9014953000001	65.0	100.0
291.9177592000001	65.0	100.0
291.9334102	65.0	100.0
291.9537445000001	65.0	100.0
291.9758005000001	65.0	100.0
291.99999090000006	65.0	100.0
292.02058490000013	65.0	100.0
292.04097980000006	65.0	100.0
292.0607755000001	65.0	100.0
292.08073590000004	65.0	100.0
292.10114350000003	65.0	100.0
292.12173830000006	65.0	100.0
292.14316610000014	65.0	100.0
292.16145600000004	65.0	100.0
292.18091470000013	65.0	100.0
292.20136300000013	65.0	100.0
292.2214048000001	65.0	100.0
292.2405018000002	65.0	100.0
292.2613544000001	65.0	100.0
292.28083000000015	65.0	100.0
292.3025769000001	65.0	100.0
292.32040860000006	65.0	100.0
292.3406517000001	65.0	100.0
292.36079530000006	65.0	100.0
292.38416500000017	65.0	100.0
292.40207340000006	65.0	100.0
292.42637320000017	65.0	100.0
292.44162240000014	65.0	100.0
292.4636898000001	65.0	100.0
292.48450100000014	65.0	100.0
292.50100050000015	65.0	100.0
292.5206491000001	65.0	100.0
292.5410231000001	65.0	100.0
292.56132490000005	65.0	100.0
292.5814401	65.0	100.0
292.6012992000001	65.0	100.0
292.6235626	65.0	100.0
292.6414077000002	65.0	100.0
292.66092100000014	65.0	100.0
292.68128479999996	65.0	100.0
292.701331	65.0	100.0
292.72272380000004	65.0	100.0
292.74139020000007	65.0	100.0
292.76170909999996	65.0	100.0
292.78400320000014	65.0	100.0
292.80150360000016	65.0	100.0
292.82110720000014	65.0	100.0
292.8413025	65.0	100.0
292.8616663	65.0	100.0
292.8815510000002	65.0	100.0
292.9014658000001	65.0	100.0
292.9216272000001	65.0	100.0
292.9430169	65.0	100.0
292.961851	65.0	100.0
292.9813156	65.0	100.0
293.0012300000001	65.0	100.0
293.0213973	65.0	100.0
293.04336480000006	65.0	100.0
293.06118560000004	65.0	100.0
293.0816188000001	65.0	100.0
293.10768170000006	65.0	100.0
293.1216571	65.0	100.0
293.14095799999996	65.0	100.0
293.1614029	65.0	100.0
293.18091219999997	65.0	100.0
293.20137250000016	65.0	100.0
293.221462	65.0	100.0
293.2416168	65.0	100.0
293.2632115000001	65.0	100.0
293.28122380000013	65.0	100.0
293.3013262000002	65.0	100.0
293.3214593	65.0	100.0
293.34533090000014	65.0	100.0
293.3623301	65.0	100.0
293.3806612000001	65.0	100.0
293.40336990000014	65.0	100.0
293.4243994000001	68.0	100.0
293.4415977000001	68.0	100.0
293.46138700000006	68.0	100.0
293.48169329999996	68.0	100.0
293.49935870000013	68.0	100.0
293.51573740000003	68.0	100.0
293.5378522000001	68.0	100.0
293.55507439999997	68.0	100.0
293.57915290000005	68.0	100.0
293.5990045000001	68.0	100.0
293.61946409999996	68.0	100.0
293.6387668	68.0	100.0
293.6603110000001	68.0	100.0
293.68083650000017	68.0	100.0
293.70113779999997	68.0	100.0
293.7211744000001	68.0	100.0
293.7442662000001	68.0	100.0
293.7614096	68.0	100.0
293.78038400000014	68.0	100.0
293.8016245000001	68.0	100.0
293.82142980000003	68.0	100.0
293.84206760000006	68.0	100.0
293.86263400000007	68.0	100.0
293.88231280000014	68.0	100.0
293.90326930000015	68.0	100.0
293.9211295	68.0	100.0
293.94097050000005	68.0	100.0
293.9606318000001	68.0	100.0
293.98155670000006	68.0	100.0
294.0015538	68.0	100.0
294.02162050000015	68.0	100.0
294.04574990000015	68.0	100.0
294.0674114000001	68.0	100.0
294.08236780000016	68.0	100.0
294.1013439000001	68.0	100.0
294.12250340000014	68.0	100.0
294.1450913000001	68.0	100.0
294.16308100000015	68.0	100.0
294.18274180000003	68.0	100.0
294.2025324000001	68.0	100.0
294.22382059999995	68.0	100.0
294.241035	68.0	100.0
294.26125620000016	68.0	100.0
294.2821979	68.0	100.0
294.30128450000007	68.0	100.0
294.32138039999995	68.0	100.0
294.3413676	68.0	100.0
294.3624304	68.0	100.0
294.385223	68.0	100.0
294.40318279999997	68.0	100.0
294.42288800000006	71.0	100.0
294.44267860000014	71.0	100.0
294.4656913000001	71.0	100.0
294.4826184000001	71.0	100.0
294.501213	71.0	100.0
294.5219639000002	71.0	100.0
294.5444539	71.0	100.0
294.5663727000001	71.0	100.0
294.5825205000001	71.0	100.0
294.60313680000013	71.0	100.0
294.6225369000001	71.0	100.0
294.64151549999997	71.0	100.0
294.6656674000001	71.0	100.0
294.6830487	71.0	100.0
294.7045174	71.0	100.0
294.7212178	71.0	100.0
294.74130190000005	71.0	100.0
294.7630709	71.0	100.0
294.78427710000005	71.0	100.0
294.80243970000015	71.0	100.0
294.82134070000006	71.0	100.0
294.8430156000002	71.0	100.0
294.8645076	71.0	100.0
294.88177940000014	71.0	100.0
294.90274309999995	71.0	100.0
294.9235083000001	71.0	100.0
294.941556	71.0	100.0
294.9633665000001	71.0	100.0
294.9826204000001	71.0	100.0
295.0032857000001	71.0	100.0
295.02545250000003	71.0	100.0
295.04289310000013	71.0	100.0
295.0626403000001	71.0	100.0
295.08639089999997	71.0	100.0
295.1032312	71.0	100.0
295.12467949999996	71.0	100.0
295.14207910000005	71.0	100.0
295.16467250000005	71.0	100.0
295.1881085	71.0	100.0
295.2031836000001	71.0	100.0
295.22305930000016	71.0	100.0
295.24315260000003	71.0	100.0
295.2638832	71.0	100.0
295.2830461000001	71.0	100.0
295.30404190000013	71.0	100.0
295.32388990000004	71.0	100.0
295.3447424000001	71.0	100.0
295.3636781	71.0	100.0
295.38348940000014	71.0	100.0
295.4048266	71.0	100.0
295.4236211	74.0	100.0
295.44330890000015	74.0	100.0
295.46380820000013	74.0	100.0
295.4838916000001	74.0	100.0
295.5054295	74.0	100.0
295.52458650000017	74.0	100.0
295.54304760000014	74.0	100.0
295.5645020000002	74.0	100.0
295.58391570000003	74.0	100.0
295.6083209000001	74.0	100.0
295.6233472000001	74.0	100.0
295.6448684000002	74.0	100.0
295.6659343000001	74.0	100.0
295.68455100000006	74.0	100.0
295.70785560000013	74.0	100.0
295.7253194	74.0	100.0
295.7442760000001	74.0	100.0
295.76388180000004	74.0	100.0
295.7833134	74.0	100.0
295.80478530000005	74.0	100.0
295.8254455000001	74.0	100.0
295.8443172	74.0	100.0
295.86461440000016	74.0	100.0
295.87965280000003	74.0	100.0
295.90129980000006	74.0	100.0
295.9253679000001	74.0	100.0
295.9442888000001	74.0	100.0
295.96463800000015	74.0	100.0
295.9867858	74.0	100.0
296.0061065	74.0	100.0
296.02498560000004	74.0	100.0
296.04486380000003	74.0	100.0
296.06463170000006	74.0	100.0
296.08417069999996	74.0	100.0
296.10399610000013	74.0	100.0
296.12427390000016	74.0	100.0
296.1459126	74.0	100.0
296.16512950000015	74.0	100.0
296.1845254	74.0	100.0
296.20500749999997	74.0	100.0
296.22866769999996	74.0	100.0
296.24479540000016	74.0	100.0
296.26479029999996	74.0	100.0
296.28527540000005	74.0	100.0
296.3060706000001	74.0	100.0
296.32546720000005	74.0	100.0
296.3452575000001	74.0	100.0
296.3649704000002	74.0	100.0
296.3855452	74.0	100.0
296.40633090000006	74.0	100.0
296.42555030000017	76.0	100.0
296.44536560000006	76.0	100.0
296.4669262	76.0	100.0
296.48531760000014	76.0	100.0
296.5050421000001	76.0	100.0
296.52521420000016	76.0	100.0
296.5449576000001	76.0	100.0
296.5651547	76.0	100.0
296.58534110000005	76.0	100.0
296.60507870000015	76.0	100.0
296.6291191	76.0	100.0
296.6464188	76.0	100.0
296.66491010000004	76.0	100.0
296.68456620000006	76.0	100.0
296.70528520000016	76.0	100.0
296.7254212	76.0	100.0
296.74515640000004	76.0	100.0
296.76558650000015	76.0	100.0
296.7878925	76.0	100.0
296.80538360000014	76.0	100.0
296.8255031000001	76.0	100.0
296.84526690000007	76.0	100.0
296.86527810000007	76.0	100.0
296.88544990000014	76.0	100.0
296.9052461000001	76.0	100.0
296.927682	76.0	100.0
296.94914100000005	76.0	100.0
296.96593140000004	76.0	100.0
296.9854399000001	76.0	100.0
297.00512690000005	76.0	100.0
297.0258739000001	76.0	100.0
297.0460057	76.0	100.0
297.0659800000001	76.0	100.0
297.0860196000001	76.0	100.0
297.1070422	76.0	100.0
297.1255417	76.0	100.0
297.14593160000004	76.0	100.0
297.1659101	76.0	100.0
297.18548770000007	76.0	100.0
297.2057754	76.0	100.0
297.2275017000002	76.0	100.0
297.24726480000004	76.0	100.0
297.2696972000001	76.0	100.0
297.2869283	76.0	100.0
297.30550930000004	76.0	100.0
297.3260014	76.0	100.0
297.3496190000001	76.0	100.0
297.37048290000007	76.0	100.0
297.38567350000017	76.0	100.0
297.4076196000001	76.0	100.0
297.4290456000001	76.0	100.0
297.4467918	76.0	100.0
297.46710959999996	76.0	100.0
297.4861926000001	76.0	100.0
297.50654269999995	76.0	100.0
297.526691	76.0	100.0
297.5462215	76.0	100.0
297.567589	76.0	100.0
297.58921910000004	76.0	100.0
297.60670619999996	76.0	100.0
297.62628300000006	76.0	100.0
297.6453722000001	76.0	100.0
297.6657229	76.0	100.0
297.69014590000006	76.0	100.0
297.7052448000002	76.0	100.0
297.7266811000002	76.0	100.0
297.74838739999996	76.0	100.0
297.7670822	76.0	100.0
297.7869565000001	76.0	100.0
297.80699100000015	76.0	100.0
297.8264964	76.0	100.0
297.8468044000001	76.0	100.0
297.86689580000007	76.0	100.0
297.8907246000001	76.0	100.0
297.9091803000001	76.0	100.0
297.92674239999997	76.0	100.0
297.94740820000015	76.0	100.0
297.96729760000017	76.0	100.0
297.98590480000007	76.0	100.0
298.00703710000016	76.0	100.0
298.02699789999997	76.0	100.0
298.0472591	76.0	100.0
298.06835309999997	76.0	100.0
298.0869318	76.0	100.0
298.1056046000001	76.0	100.0
298.1261157000001	76.0	100.0
298.14532640000016	76.0	100.0
298.1669587000001	76.0	100.0
298.1867396	76.0	100.0
298.20800870000016	76.0	100.0
298.22843220000004	76.0	100.0
298.24586850000014	76.0	100.0
298.2663579	76.0	100.0
298.28689570000006	76.0	100.0
298.3106150000001	76.0	100.0
298.3273034000001	76.0	100.0
298.34702730000004	76.0	100.0
298.37166160000015	76.0	100.0
298.3883658	76.0	100.0
298.41073570000003	76.0	100.0
298.4269796000001	77.0	100.0
298.44710150000014	77.0	100.0
298.46712990000015	77.0	100.0
298.4869496000001	77.0	100.0
298.50720279999996	77.0	100.0
298.5279733	77.0	100.0
298.5485315000001	77.0	100.0
298.5673382	77.0	100.0
298.58714350000014	77.0	100.0
298.60717450000016	77.0	100.0
298.6272973	77.0	100.0
298.6470519000002	77.0	100.0
298.6674312	77.0	100.0
298.68901300000016	77.0	100.0
298.7095541000001	77.0	100.0
298.73000709999997	77.0	100.0
298.7475878	77.0	100.0
298.76789759999997	77.0	100.0
298.7871686000001	77.0	100.0
298.80810480000014	77.0	100.0
298.8306453	77.0	100.0
298.84890510000014	77.0	100.0
298.8704841000001	77.0	100.0
298.8880213	77.0	100.0
298.9071642000001	77.0	100.0
298.9271215000001	77.0	100.0
298.9492809000001	77.0	100.0
298.9686628000002	77.0	100.0
298.98767180000004	77.0	100.0
299.0090941000001	77.0	100.0
299.0296036	77.0	100.0
299.0478375	77.0	100.0
299.06612070000006	77.0	100.0
299.0874275000001	77.0	100.0
299.1081789	77.0	100.0
299.12752380000006	77.0	100.0
299.1473224000001	77.0	100.0
299.16827209999997	77.0	100.0
299.18895210000005	77.0	100.0
299.2074283000002	77.0	100.0
299.2281209	77.0	100.0
299.24830480000014	77.0	100.0
299.268239	77.0	100.0
299.29009540000015	77.0	100.0
299.3073152000002	77.0	100.0
299.3280936000001	77.0	100.0
299.35378260000016	77.0	100.0
299.36886960000015	77.0	100.0
299.3884873000002	77.0	100.0
299.4096832	77.0	100.0
299.42863940000007	80.0	100.0
299.45111870000005	80.0	100.0
299.4673299000001	80.0	100.0
299.4889736	80.0	100.0
299.51067520000015	80.0	100.0
299.52848930000005	80.0	100.0
299.54841899999997	80.0	100.0
299.56784800000014	80.0	100.0
299.58855760000006	80.0	100.0
299.60834190000014	80.0	100.0
299.6281447000001	80.0	100.0
299.6492929000001	80.0	100.0
299.66930550000006	80.0	100.0
299.6878515000001	80.0	100.0
299.70763869999996	80.0	100.0
299.72792019999997	80.0	100.0
299.74811569999997	80.0	100.0
299.76820680000014	80.0	100.0
299.7875576000001	80.0	100.0
299.80847889999995	80.0	100.0
299.8292831000001	80.0	100.0
299.84787630000005	80.0	100.0
299.8719645000001	80.0	100.0
299.8879293	80.0	100.0
299.9077222000001	80.0	100.0
299.9278339	80.0	100.0
299.94810240000015	80.0	100.0
299.968703	80.0	100.0
299.98991079999996	80.0	100.0
300.0091673000002	80.0	100.0
300.02896350000015	80.0	100.0
300.04889820000017	80.0	100.0
300.0692785000001	80.0	100.0
300.0884423	80.0	100.0
300.1091572	80.0	100.0
300.1290861	80.0	100.0
300.1508410000001	80.0	100.0
300.1693868	80.0	100.0
300.189028	80.0	100.0
300.2112918	80.0	100.0
300.2287852000002	80.0	100.0
300.2495246000001	80.0	100.0
300.26973020000014	80.0	100.0
300.28982210000004	80.0	100.0
300.30949950000013	80.0	100.0
300.3297367	80.0	100.0
300.35262950000015	80.0	100.0
300.3693796	80.0	100.0
300.3892516000001	80.0	100.0
300.4094884000001	80.0	100.0
300.42962710000006	82.0	100.0
300.4499313000001	82.0	100.0
300.4720175	82.0	100.0
300.4928373	82.0	100.0
300.5083589000001	82.0	100.0
300.5293409000001	82.0	100.0
300.54912850000005	82.0	100.0
300.56950000000006	82.0	100.0
300.58933679999996	82.0	100.0
300.60977330000014	82.0	100.0
300.63122350000003	82.0	100.0
300.64916270000003	82.0	100.0
300.6695870000001	82.0	100.0
300.6894052	82.0	100.0
300.70944080000004	82.0	100.0
300.7296917000001	82.0	100.0
300.7495014000001	82.0	100.0
300.7702356	82.0	100.0
300.7925361	82.0	100.0
300.80971180000006	82.0	100.0
300.8290833000001	82.0	100.0
300.8490094000001	82.0	100.0
300.86887920000004	82.0	100.0
300.88898970000014	82.0	100.0
300.9132432000001	82.0	100.0
300.93046760000016	82.0	100.0
300.9511001000001	82.0	100.0
300.9697595	82.0	100.0
300.9896148	82.0	100.0
301.0142823000001	82.0	100.0
301.030534	82.0	100.0
301.0495413000001	82.0	100.0
301.0694751000001	82.0	100.0
301.0893115000001	82.0	100.0
301.1159620000001	82.0	100.0
301.1289683	82.0	100.0
301.1497987	82.0	100.0
301.1698659000001	82.0	100.0
301.1900088	82.0	100.0
301.20975250000015	82.0	100.0
301.2292239000001	82.0	100.0
301.25065270000005	82.0	100.0
301.272238	82.0	100.0
301.2898789000001	82.0	100.0
301.309573	82.0	100.0
301.3309141	82.0	100.0
301.349833	82.0	100.0
301.36999779999996	82.0	100.0
301.3894305000001	82.0	100.0
301.4111577000001	82.0	100.0
301.43333400000006	83.0	100.0
301.45002280000017	83.0	100.0
301.4700342000001	83.0	100.0
301.4894862000001	83.0	100.0
301.5096714000001	83.0	100.0
301.53393700000015	83.0	100.0
301.54899	83.0	100.0
301.5711074000001	83.0	100.0
301.5910402000002	83.0	100.0
301.6098622000002	83.0	100.0
301.62950939999996	83.0	100.0
301.64908290000017	83.0	100.0
301.67054329999996	83.0	100.0
301.68966320000004	83.0	100.0
301.7088926000001	83.0	100.0
301.7320505	83.0	100.0
301.7526962000002	83.0	100.0
301.77044060000003	83.0	100.0
301.78929330000005	83.0	100.0
301.8103470000001	83.0	100.0
301.82989080000016	83.0	100.0
301.84989730000007	83.0	100.0
301.8701324000001	83.0	100.0
301.89051570000015	83.0	100.0
301.9121189	83.0	100.0
301.93006579999997	83.0	100.0
301.95221949999996	83.0	100.0
301.97039070000005	83.0	100.0
301.99046210000006	83.0	100.0
302.00903960000005	83.0	100.0
302.02993200000014	83.0	100.0
302.0546247	83.0	100.0
302.07350970000016	83.0	100.0
302.0908234000001	83.0	100.0
302.1110486	83.0	100.0
302.12928680000005	83.0	100.0
302.15433740000003	83.0	100.0
302.17118670000013	83.0	100.0
302.1899062	83.0	100.0
302.21082509999997	83.0	100.0
302.2323007	83.0	100.0
302.25056570000015	83.0	100.0
302.2711713000001	83.0	100.0
302.29083060000016	83.0	100.0
302.3094321000001	83.0	100.0
302.3311589	83.0	100.0
302.3503919	83.0	100.0
302.37067100000013	83.0	100.0
302.3929721000002	83.0	100.0
302.41277620000005	83.0	100.0
302.4310103	82.0	100.0
302.4508588000001	82.0	100.0
302.47118650000016	82.0	100.0
302.4910341	82.0	100.0
302.51075790000004	82.0	100.0
302.53136370000016	82.0	100.0
302.55190960000004	82.0	100.0
302.571874	82.0	100.0
302.5908356	82.0	100.0
302.6104576	82.0	100.0
302.6306233	82.0	100.0
302.65076350000004	82.0	100.0
302.6699939	82.0	100.0
302.6912634	82.0	100.0
302.7128332	82.0	100.0
302.7307743000001	82.0	100.0
302.74955550000004	82.0	100.0
302.7715104000001	82.0	100.0
302.7911345	82.0	100.0
302.8110385	82.0	100.0
302.83155869999996	82.0	100.0
302.8526319	82.0	100.0
302.8737558	82.0	100.0
302.89131270000007	82.0	100.0
302.91106230000014	82.0	100.0
302.9310246	82.0	100.0
302.95115280000005	82.0	100.0
302.97281510000016	82.0	100.0
302.99223789999996	82.0	100.0
303.0128529000001	82.0	100.0
303.0339223000001	82.0	100.0
303.05132930000013	82.0	100.0
303.0739556000001	82.0	100.0
303.0914104000001	82.0	100.0
303.1097042000001	82.0	100.0
303.13120649999996	82.0	100.0
303.15102130000014	82.0	100.0
303.172288	82.0	100.0
303.19687139999996	82.0	100.0
303.2115096	82.0	100.0
303.2314054000001	82.0	100.0
303.2513998000002	82.0	100.0
303.27132640000013	82.0	100.0
303.2918194000001	82.0	100.0
303.3119809	82.0	100.0
303.3332398	82.0	100.0
303.35510139999997	82.0	100.0
303.3726375000001	82.0	100.0
303.3916457	82.0	100.0
303.41345550000005	82.0	100.0
303.4327177	81.0	100.0
303.45234800000003	81.0	100.0
303.4722432000001	81.0	100.0
303.4927030000001	81.0	100.0
303.51360980000004	81.0	100.0
303.5321243000001	81.0	100.0
303.5512874000001	81.0	100.0
303.5726201	81.0	100.0
303.59138540000004	81.0	100.0
303.61294599999997	81.0	100.0
303.6322225000001	81.0	100.0
303.6529028	81.0	100.0
303.67419100000006	81.0	100.0
303.69299020000017	81.0	100.0
303.71240839999996	81.0	100.0
303.7327918000001	81.0	100.0
303.7521789	81.0	100.0
303.7715012000001	81.0	100.0
303.79131900000016	81.0	100.0
303.81263880000006	81.0	100.0
303.8329620000002	81.0	100.0
303.8521611000001	81.0	100.0
303.8719052000001	81.0	100.0
303.8929099000002	81.0	100.0
303.9124018	81.0	100.0
303.9318667	81.0	100.0
303.951918	81.0	100.0
303.9730982000001	81.0	100.0
303.9937248000001	81.0	100.0
304.01312340000004	81.0	100.0
304.03255660000013	81.0	100.0
304.05131670000014	81.0	100.0
304.0672549000001	81.0	100.0
304.0916442	81.0	100.0
304.1099829	81.0	100.0
304.1325869	81.0	100.0
304.15230610000003	81.0	100.0
304.1731066	81.0	100.0
304.19240000000013	81.0	100.0
304.21226920000004	81.0	100.0
304.23352450000016	81.0	100.0
304.25277530000017	81.0	100.0
304.2727036000001	81.0	100.0
304.2933380000002	81.0	100.0
304.31514830000015	81.0	100.0
304.33323500000006	81.0	100.0
304.3563746	81.0	100.0
304.37312610000004	81.0	100.0
304.3924462	81.0	100.0
304.4140818000001	81.0	100.0
304.4333345	80.0	100.0
304.4532022000001	80.0	100.0
304.47500690000015	80.0	100.0
304.49305830000003	80.0	100.0
304.51291620000006	80.0	100.0
304.5330239	80.0	100.0
304.5530977000001	80.0	100.0
304.57323399999996	80.0	100.0
304.59270790000005	80.0	100.0
304.6145311	80.0	100.0
304.6354136	80.0	100.0
304.65308419999997	80.0	100.0
304.67285620000007	80.0	100.0
304.69326079999996	80.0	100.0
304.712976	80.0	100.0
304.7349064	80.0	100.0
304.75713300000007	80.0	100.0
304.77348070000016	80.0	100.0
304.79371760000004	80.0	100.0
304.81271400000014	80.0	100.0
304.8324870000001	80.0	100.0
304.85634060000007	80.0	100.0
304.8731984000001	80.0	100.0
304.892462	80.0	100.0
304.91289200000006	80.0	100.0
304.9342051000001	80.0	100.0
304.9552275000001	80.0	100.0
304.97348850000003	80.0	100.0
304.9933724	80.0	100.0
305.01317970000014	80.0	100.0
305.0329570000001	80.0	100.0
305.0530473000001	80.0	100.0
305.0734901000001	80.0	100.0
305.0933828	80.0	100.0
305.11633400000005	80.0	100.0
305.13346950000005	80.0	100.0
305.1531884000001	80.0	100.0
305.1773865	80.0	100.0
305.19258490000016	80.0	100.0
305.2125711000001	80.0	100.0
305.2318295	80.0	100.0
305.25389870000004	80.0	100.0
305.2802174000001	80.0	100.0
305.2934504	80.0	100.0
305.31336970000007	80.0	100.0
305.3338232000001	80.0	100.0
305.35317580000014	80.0	100.0
305.37753020000014	80.0	100.0
305.39367030000017	80.0	100.0
305.4151631	80.0	100.0
305.4354165	79.0	100.0
305.4535006000001	79.0	100.0
305.47362150000004	79.0	100.0
305.4932027	79.0	100.0
305.5133367000001	79.0	100.0
305.5333879	79.0	100.0
305.5533379000001	79.0	100.0
305.573715	79.0	100.0
305.5967558	79.0	100.0
305.61377400000015	79.0	100.0
305.63336890000005	79.0	100.0
305.6537204000001	79.0	100.0
305.67355110000017	79.0	100.0
305.69768980000003	79.0	100.0
305.71366680000006	79.0	100.0
305.7343254	79.0	100.0
305.75542859999996	79.0	100.0
305.7752746000001	79.0	100.0
305.79332810000005	79.0	100.0
305.8134437000001	79.0	100.0
305.83330320000005	79.0	100.0
305.8539137	79.0	100.0
305.8738367000001	79.0	100.0
305.89814090000004	79.0	100.0
305.9164023000001	79.0	100.0
305.93301010000005	79.0	100.0
305.9532005000001	79.0	100.0
305.9733493000001	79.0	100.0
305.9929118	79.0	100.0
306.01450610000006	79.0	100.0
306.0328383000001	79.0	100.0
306.05338860000006	79.0	100.0
306.07535000000007	79.0	100.0
306.09301300000016	79.0	100.0
306.11373260000005	79.0	100.0
306.13282160000017	79.0	100.0
306.15348990000007	79.0	100.0
306.1731824000001	79.0	100.0
306.1926367000001	79.0	100.0
306.2130209000002	79.0	100.0
306.2345236000001	79.0	100.0
306.25365940000006	79.0	100.0
306.2741443	79.0	100.0
306.2942079000002	79.0	100.0
306.3182911000001	79.0	100.0
306.33338160000017	79.0	100.0
306.35536560000014	79.0	100.0
306.3761654	79.0	100.0
306.3972162	79.0	100.0
306.4151643	79.0	100.0
306.43290160000015	81.0	100.0
306.4549872	81.0	100.0
306.47458830000005	81.0	100.0
306.4947602	81.0	100.0
306.51464020000003	81.0	100.0
306.53504020000014	81.0	100.0
306.5573975	81.0	100.0
306.574971	81.0	100.0
306.59503570000015	81.0	100.0
306.6152617	81.0	100.0
306.6378767000001	81.0	100.0
306.6557186	81.0	100.0
306.67608280000013	81.0	100.0
306.69636290000017	81.0	100.0
306.7164084000001	81.0	100.0
306.7352945	81.0	100.0
306.75410869999996	81.0	100.0
306.7751326	81.0	100.0
306.7950473000001	81.0	100.0
306.8150691000001	81.0	100.0
306.8387385000001	81.0	100.0
306.8560169	81.0	100.0
306.8775793	81.0	100.0
306.89501229999996	81.0	100.0
306.91502720000017	81.0	100.0
306.9349837	81.0	100.0
306.95522230000006	81.0	100.0
306.9752968	81.0	100.0
306.9941020000001	81.0	100.0
307.0161528000001	81.0	100.0
307.03997330000016	81.0	100.0
307.05559430000017	81.0	100.0
307.0754194000001	81.0	100.0
307.0953341000002	81.0	100.0
307.1150284	81.0	100.0
307.13560010000015	81.0	100.0
307.15569030000006	81.0	100.0
307.1767463000001	81.0	100.0
307.1978925000001	81.0	100.0
307.2153478	81.0	100.0
307.2349793000001	81.0	100.0
307.2558471	81.0	100.0
307.27720750000003	81.0	100.0
307.2953771	81.0	100.0
307.31502309999996	81.0	100.0
307.3368001000001	81.0	100.0
307.36088229999996	81.0	100.0
307.37602460000016	81.0	100.0
307.39695559999996	81.0	100.0
307.41615950000005	81.0	100.0
307.43596320000006	82.0	100.0
307.4595654	82.0	100.0
307.4767339	82.0	100.0
307.49647530000016	82.0	100.0
307.51754359999995	82.0	100.0
307.53625550000015	82.0	100.0
307.5560716	82.0	100.0
307.574967	82.0	100.0
307.59574399999997	82.0	100.0
307.6162111000001	82.0	100.0
307.63603780000017	82.0	100.0
307.65663040000004	82.0	100.0
307.6779186000001	82.0	100.0
307.6965947000001	82.0	100.0
307.71601640000017	82.0	100.0
307.73712539999997	82.0	100.0
307.7557081	82.0	100.0
307.7760700000001	82.0	100.0
307.7965567000001	82.0	100.0
307.81694230000016	82.0	100.0
307.83823770000004	82.0	100.0
307.8552539	82.0	100.0
307.88044809999997	82.0	100.0
307.8961590000001	82.0	100.0
307.91628920000016	82.0	100.0
307.93579620000014	82.0	100.0
307.95532590000016	82.0	100.0
307.9807869000001	82.0	100.0
307.9968083000001	82.0	100.0
308.0162528000001	82.0	100.0
308.0361885	82.0	100.0
308.05675280000014	82.0	100.0
308.0766552	82.0	100.0
308.09680879999996	82.0	100.0
308.11656330000005	82.0	100.0
308.1371451	82.0	100.0
308.1585691	82.0	100.0
308.1771837000001	82.0	100.0
308.19834230000015	82.0	100.0
308.2160015000002	82.0	100.0
308.2335733	82.0	100.0
308.2520737	82.0	100.0
308.27500310000005	82.0	100.0
308.29676960000006	82.0	100.0
308.31704320000017	82.0	100.0
308.3353889	82.0	100.0
308.3559355	82.0	100.0
308.37678359999995	82.0	100.0
308.3950427	82.0	100.0
308.41716040000006	82.0	100.0
308.4371761	80.0	100.0
308.45700520000014	80.0	100.0
308.47842979999996	80.0	100.0
308.4969407000001	80.0	100.0
308.5166753000001	80.0	100.0
308.5364548	80.0	100.0
308.55649430000017	80.0	100.0
308.5759780000001	80.0	100.0
308.5976289	80.0	100.0
308.61735650000014	80.0	100.0
308.6375509000002	80.0	100.0
308.6567344	80.0	100.0
308.67687620000015	80.0	100.0
308.6966341	80.0	100.0
308.71626960000003	80.0	100.0
308.7362706000001	80.0	100.0
308.7560698	80.0	100.0
308.77658570000017	80.0	100.0
308.7990206000002	80.0	100.0
308.81649630000015	80.0	100.0
308.836266	80.0	100.0
308.85579500000017	80.0	100.0
308.8764844	80.0	100.0
308.89625550000005	80.0	100.0
308.91989720000015	80.0	100.0
308.93697970000017	80.0	100.0
308.959388	80.0	100.0
308.97681580000017	80.0	100.0
308.99608850000004	80.0	100.0
309.0202994000001	80.0	100.0
309.0365359	80.0	100.0
309.0567619000001	80.0	100.0
309.0765960000001	80.0	100.0
309.09729570000013	80.0	100.0
309.12270409999996	80.0	100.0
309.1372411	80.0	100.0
309.15721329999997	80.0	100.0
309.17736860000014	80.0	100.0
309.19737110000005	80.0	100.0
309.2175919000001	80.0	100.0
309.2372008	80.0	100.0
309.25756380000007	80.0	100.0
309.2790189	80.0	100.0
309.29721800000016	80.0	100.0
309.31780000000003	80.0	100.0
309.34116740000013	80.0	100.0
309.35765170000013	80.0	100.0
309.37781930000006	80.0	100.0
309.3966838000001	80.0	100.0
309.41735289999997	80.0	100.0
309.4411378	76.0	100.0
309.45737510000004	76.0	100.0
309.4774204	76.0	100.0
309.49680490000014	76.0	100.0
309.5227285000001	76.0	100.0
309.5415190000001	76.0	100.0
309.55782910000016	76.0	100.0
309.57771550000007	76.0	100.0
309.59912099999997	76.0	100.0
309.61757260000013	76.0	100.0
309.64113210000005	76.0	100.0
309.6565353000001	76.0	100.0
309.678353	76.0	100.0
309.69812530000013	76.0	100.0
309.71734130000004	76.0	100.0
309.7388959	76.0	100.0
309.7603288	76.0	100.0
309.7775706	76.0	100.0
309.79679880000003	76.0	100.0
309.81752140000003	76.0	100.0
309.83765089999997	76.0	100.0
309.85791200000017	76.0	100.0
309.87743120000005	76.0	100.0
309.8985626000001	76.0	100.0
309.9198593000001	76.0	100.0
309.93952090000016	76.0	100.0
309.96167030000015	76.0	100.0
309.97882560000016	76.0	100.0
309.99701900000014	76.0	100.0
310.0176864	76.0	100.0
310.03790500000014	76.0	100.0
310.06220310000003	76.0	100.0
310.08111830000007	76.0	100.0
310.09826450000014	76.0	100.0
310.1173378000001	76.0	100.0
310.1378344	76.0	100.0
310.16221429999996	76.0	100.0
310.17847340000003	76.0	100.0
310.19755320000013	76.0	100.0
310.2198043000001	76.0	100.0
310.240149	76.0	100.0
310.25780069999996	76.0	100.0
310.278088	76.0	100.0
310.2972652000001	76.0	100.0
310.31754160000014	76.0	100.0
310.3380894000002	76.0	100.0
310.35801560000004	76.0	100.0
310.3791086000001	76.0	100.0
310.400944	76.0	100.0
310.4176586000001	76.0	100.0
310.43785460000004	74.0	100.0
310.457752	74.0	100.0
310.4819536	74.0	100.0
310.49851720000015	74.0	100.0
310.5187413000001	74.0	100.0
310.5387115000001	74.0	100.0
310.56007769999997	74.0	100.0
310.57896270000015	74.0	100.0
310.5972342	74.0	100.0
310.61781870000004	74.0	100.0
310.63840070000015	74.0	100.0
310.6586340000001	74.0	100.0
310.6779276	74.0	100.0
310.69905600000016	74.0	100.0
310.7210549000001	74.0	100.0
310.74053849999996	74.0	100.0
310.75867540000013	74.0	100.0
310.779084	74.0	100.0
310.79840460000014	74.0	100.0
310.8183213	74.0	100.0
310.8389073000001	74.0	100.0
310.8610625000001	74.0	100.0
310.8805857	74.0	100.0
310.8988273	74.0	100.0
310.91895980000004	74.0	100.0
310.93896270000005	74.0	100.0
310.9590848	74.0	100.0
310.9795839000001	74.0	100.0
310.9988267000001	74.0	100.0
311.0199047000001	74.0	100.0
311.04120280000006	74.0	100.0
311.05918940000015	74.0	100.0
311.07906950000006	74.0	100.0
311.10236499999996	74.0	100.0
311.11894159999997	74.0	100.0
311.1389332000001	74.0	100.0
311.1584660000001	74.0	100.0
311.1796861	74.0	100.0
311.2048294000001	74.0	100.0
311.21983079999995	74.0	100.0
311.23896809999997	74.0	100.0
311.2589874	74.0	100.0
311.2790625	74.0	100.0
311.2999522	74.0	100.0
311.31877529999997	74.0	100.0
311.33894710000004	74.0	100.0
311.36618339999995	74.0	100.0
311.3794316000001	74.0	100.0
311.39916790000007	74.0	100.0
311.4199734000001	74.0	100.0
311.43985369999996	74.0	100.0
311.4589578	74.0	100.0
311.48016040000016	74.0	100.0
311.4997156000002	74.0	100.0
311.52316140000016	74.0	100.0
311.5402904	74.0	100.0
311.55895940000005	74.0	100.0
311.58036400000015	74.0	100.0
311.59982200000013	74.0	100.0
311.6231213000001	74.0	100.0
311.63863319999996	74.0	100.0
311.6597561000001	74.0	100.0
311.6812807000001	74.0	100.0
311.69900870000015	74.0	100.0
311.7229972	74.0	100.0
311.74026930000014	74.0	100.0
311.75939140000014	74.0	100.0
311.78011830000014	74.0	100.0
311.8003943000001	74.0	100.0
311.82139210000014	74.0	100.0
311.84133440000005	74.0	100.0
311.8598045000001	74.0	100.0
311.8802654000001	74.0	100.0
311.9001955000001	74.0	100.0
311.9201187000001	74.0	100.0
311.9395422	74.0	100.0
311.95965220000016	74.0	100.0
311.98059290000015	74.0	100.0
312.00274880000006	74.0	100.0
312.0198067000001	74.0	100.0
312.0437594	74.0	100.0
312.06015790000015	74.0	100.0
312.08060420000015	74.0	100.0
312.1007574	74.0	100.0
312.12031350000007	74.0	100.0
312.1449096000001	74.0	100.0
312.16283010000006	74.0	100.0
312.1804055	74.0	100.0
312.2007065	74.0	100.0
312.22046450000016	74.0	100.0
312.24374750000015	74.0	100.0
312.2610988000001	74.0	100.0
312.28092230000016	74.0	100.0
312.30106450000017	74.0	100.0
312.3228798	74.0	100.0
312.34077049999996	74.0	100.0
312.3606374000001	74.0	100.0
312.3808649	74.0	100.0
312.39930890000005	74.0	100.0
312.4210269	74.0	100.0
312.4413773000001	74.0	100.0
312.46065380000005	74.0	100.0
312.4837440000001	74.0	100.0
312.50188060000005	74.0	100.0
312.5199923	74.0	100.0
312.5407851	74.0	100.0
312.56046319999996	74.0	100.0
312.5812032000001	74.0	100.0
312.60190439999997	74.0	100.0
312.62118210000017	74.0	100.0
312.64322860000016	74.0	100.0
312.6611491000001	74.0	100.0
312.68060330000003	74.0	100.0
312.70040500000005	74.0	100.0
312.72036660000003	74.0	100.0
312.74103430000014	74.0	100.0
312.7603772	74.0	100.0
312.78147520000016	74.0	100.0
312.8032312	74.0	100.0
312.82102370000007	74.0	100.0
312.8408486000001	74.0	100.0
312.86504779999996	74.0	100.0
312.88133370000014	74.0	100.0
312.90194610000003	74.0	100.0
312.92073800000003	74.0	100.0
312.9413273	74.0	100.0
312.962546	74.0	100.0
312.9815443	74.0	100.0
313.0009729000001	74.0	100.0
313.0212331	74.0	100.0
313.0408189	74.0	100.0
313.0609578000001	74.0	100.0
313.08038950000014	74.0	100.0
313.10152990000006	74.0	100.0
313.12221190000014	74.0	100.0
313.1411679	74.0	100.0
313.160521	74.0	100.0
313.18506879999995	74.0	100.0
313.20121270000004	74.0	100.0
313.2214884	74.0	100.0
313.2410777	74.0	100.0
313.2615387000001	74.0	100.0
313.28842410000016	74.0	100.0
313.3006739	74.0	100.0
313.3214024000001	74.0	100.0
313.34554460000004	74.0	100.0
313.3611174	74.0	100.0
313.3856799	74.0	100.0
313.4017732	74.0	100.0
313.42299049999997	74.0	100.0
313.44339720000016	72.0	100.0
313.4613924	72.0	100.0
313.48106870000015	72.0	100.0
313.50105770000005	72.0	100.0
313.5206118000001	72.0	100.0
313.5406335	72.0	100.0
313.56114760000014	72.0	100.0
313.58266879999996	72.0	100.0
313.60441319999995	72.0	100.0
313.62161690000016	72.0	100.0
313.64154370000006	72.0	100.0
313.6612238	72.0	100.0
313.6810146	72.0	100.0
313.7053241000001	72.0	100.0
313.7213236	72.0	100.0
313.74397580000004	72.0	100.0
313.76300420000007	72.0	100.0
313.77732920000017	72.0	100.0
313.7944943	72.0	100.0
313.81418670000016	72.0	100.0
313.8336739000001	72.0	100.0
313.8577524	72.0	100.0
313.8789346000001	72.0	100.0
313.90007920000016	72.0	100.0
313.9242849	72.0	100.0
313.9431767000001	72.0	100.0
313.96171200000003	72.0	100.0
313.9829635000001	72.0	100.0
314.0020168000001	72.0	100.0
314.0225399000001	72.0	100.0
314.03655249999997	72.0	100.0
314.0628921	72.0	100.0
314.0841517000001	72.0	100.0
314.10158509999997	72.0	100.0
314.1264487000001	72.0	100.0
314.14200240000014	72.0	100.0
314.1614608	72.0	100.0
314.18235419999996	72.0	100.0
314.201644	72.0	100.0
314.22632880000015	72.0	100.0
314.2458219	72.0	100.0
314.26281740000013	72.0	100.0
314.2821305	72.0	100.0
314.30104819999997	72.0	100.0
314.32135100000005	72.0	100.0
314.33978060000004	72.0	100.0
314.3598063000002	72.0	100.0
314.3783278000001	72.0	100.0
314.4035074000001	72.0	100.0
314.42177430000015	72.0	100.0
314.4415654000002	71.0	100.0
314.4625787	71.0	100.0
314.4829356	71.0	100.0
314.50226280000015	71.0	100.0
314.52294400000005	71.0	100.0
314.5431046000001	71.0	100.0
314.5654187	71.0	100.0
314.5827216	71.0	100.0
314.6024523000001	71.0	100.0
314.6224592000001	71.0	100.0
314.64296620000005	71.0	100.0
314.66304809999997	71.0	100.0
314.68260280000004	71.0	100.0
314.7029928000002	71.0	100.0
314.72439380000014	71.0	100.0
314.74117479999995	71.0	100.0
314.7617425000001	71.0	100.0
314.7829927	71.0	100.0
314.80244140000013	71.0	100.0
314.82257490000006	71.0	100.0
314.84181650000005	71.0	100.0
314.8631904000001	71.0	100.0
314.8852293	71.0	100.0
314.90255530000013	71.0	100.0
314.92292470000007	71.0	100.0
314.94654330000003	71.0	100.0
314.9633513000001	71.0	100.0
314.9830253	71.0	100.0
315.00361670000007	71.0	100.0
315.02459510000017	71.0	100.0
315.04511709999997	71.0	100.0
315.0642355	71.0	100.0
315.08419019999997	71.0	100.0
315.1029760000001	71.0	100.0
315.12324320000016	71.0	100.0
315.14424499999996	71.0	100.0
315.16311670000005	71.0	100.0
315.1836009000001	71.0	100.0
315.20516280000015	71.0	100.0
315.22405449999997	71.0	100.0
315.2433424000001	71.0	100.0
315.26443459999996	71.0	100.0
315.2832763000001	71.0	100.0
315.3034804000001	71.0	100.0
315.32428189999996	71.0	100.0
315.3439111	71.0	100.0
315.3687884000001	71.0	100.0
315.3844133	71.0	100.0
315.40454339999997	71.0	100.0
315.42539380000017	71.0	100.0
315.4445515	72.0	100.0
315.46921	72.0	100.0
315.4844163	72.0	100.0
315.50512230000004	72.0	100.0
315.52647820000016	72.0	100.0
315.54374430000007	72.0	100.0
315.56469230000016	72.0	100.0
315.58436730000017	72.0	100.0
315.6034273	72.0	100.0
315.62534170000004	72.0	100.0
315.64450350000016	72.0	100.0
315.66527240000005	72.0	100.0
315.6859746	72.0	100.0
315.7040463000001	72.0	100.0
315.72400400000015	72.0	100.0
315.7447976000001	72.0	100.0
315.76421730000015	72.0	100.0
315.7845459	72.0	100.0
315.8032018000001	72.0	100.0
315.82501090000005	72.0	100.0
315.84678440000016	72.0	100.0
315.8646583	72.0	100.0
315.8885617000001	72.0	100.0
315.8991936	72.0	100.0
315.91667770000004	72.0	100.0
315.9416109000001	72.0	100.0
315.96186280000006	72.0	100.0
315.98625160000006	72.0	100.0
316.01102119999996	72.0	100.0
316.0255098	72.0	100.0
316.0444556	72.0	100.0
316.06457580000006	72.0	100.0
316.0856918000002	72.0	100.0
316.1051950000001	72.0	100.0
316.1250672000001	72.0	100.0
316.14518569999996	72.0	100.0
316.1669548	72.0	100.0
316.18602310000006	72.0	100.0
316.20560610000007	72.0	100.0
316.2245441	72.0	100.0
316.2446662	72.0	100.0
316.26479400000017	72.0	100.0
316.2854070000001	72.0	100.0
316.30548510000017	72.0	100.0
316.3262331000001	72.0	100.0
316.34825560000013	72.0	100.0
316.3655989000001	72.0	100.0
316.3854027	72.0	100.0
316.4088795	72.0	100.0
316.42676370000004	72.0	100.0
316.4452596000001	73.0	100.0
316.46534740000016	73.0	100.0
316.4883298	73.0	100.0
316.5090924000001	73.0	100.0
316.5251078000001	73.0	100.0
316.54524119999996	73.0	100.0
316.5651292	73.0	100.0
316.58552440000017	73.0	100.0
316.60863489999997	73.0	100.0
316.62520530000006	73.0	100.0
316.64876830000003	73.0	100.0
316.66545510000014	73.0	100.0
316.6853893	73.0	100.0
316.7056049	73.0	100.0
316.7253585000001	73.0	100.0
316.7469513000001	73.0	100.0
316.7654434000001	73.0	100.0
316.78526220000003	73.0	100.0
316.80836220000015	73.0	100.0
316.82598329999996	73.0	100.0
316.84530830000017	73.0	100.0
316.86512660000017	73.0	100.0
316.8855212000001	73.0	100.0
316.90581310000016	73.0	100.0
316.92554270000005	73.0	100.0
316.9462603000002	73.0	100.0
316.96681750000016	73.0	100.0
316.98572480000007	73.0	100.0
317.0058222	73.0	100.0
317.02955280000015	73.0	100.0
317.0454982000001	73.0	100.0
317.0659793	73.0	100.0
317.0854875	73.0	100.0
317.1089594	73.0	100.0
317.1228966000001	73.0	100.0
317.13775770000007	73.0	100.0
317.161574	73.0	100.0
317.1824819000001	73.0	100.0
317.20270890000006	73.0	100.0
317.2231156	73.0	100.0
317.24533710000014	73.0	100.0
317.2656243000001	73.0	100.0
317.28725410000015	73.0	100.0
317.3055889	73.0	100.0
317.3248486	73.0	100.0
317.3495137	73.0	100.0
317.36592629999996	73.0	100.0
317.3865951	73.0	100.0
317.4045530000001	73.0	100.0
317.4291184000001	73.0	100.0
317.4492626000001	75.0	100.0
317.46560780000004	75.0	100.0
317.4862581	75.0	100.0
317.50523080000016	75.0	100.0
317.52577340000016	75.0	100.0
317.53833540000005	75.0	100.0
317.55799479999996	75.0	100.0
317.5793629	75.0	100.0
317.6000202	75.0	100.0
317.6187305000001	75.0	100.0
317.6458815000001	75.0	100.0
317.6670181000002	75.0	100.0
317.68653370000015	75.0	100.0
317.70553670000004	75.0	100.0
317.72545000000014	75.0	100.0
317.7466177000001	75.0	100.0
317.76909120000005	75.0	100.0
317.7879166	75.0	100.0
317.8064326000001	75.0	100.0
317.82711659999995	75.0	100.0
317.8456083000001	75.0	100.0
317.86677099999997	75.0	100.0
317.88660920000007	75.0	100.0
317.9070114000001	75.0	100.0
317.9292796	75.0	100.0
317.94661410000003	75.0	100.0
317.9666830000001	75.0	100.0
317.9871568000001	75.0	100.0
318.0070028	75.0	100.0
318.0290051000002	75.0	100.0
318.04678690000014	75.0	100.0
318.0712963000001	75.0	100.0
318.0898444000002	75.0	100.0
318.10699410000007	75.0	100.0
318.1271709	75.0	100.0
318.1470942000001	75.0	100.0
318.16694789999997	75.0	100.0
318.18697970000017	75.0	100.0
318.20693430000006	75.0	100.0
318.2273471000001	75.0	100.0
318.24922030000016	75.0	100.0
318.26706020000006	75.0	100.0
318.28725099999997	75.0	100.0
318.30637990000014	75.0	100.0
318.32691160000013	75.0	100.0
318.34696140000005	75.0	100.0
318.36972549999996	75.0	100.0
318.3879419	75.0	100.0
318.4093593	75.0	100.0
318.4259992	75.0	100.0
318.44726220000007	75.0	100.0
318.4674734	75.0	100.0
318.4874877	75.0	100.0
318.5079333000001	75.0	100.0
318.52698250000003	75.0	100.0
318.5477407000001	75.0	100.0
318.5695617000001	75.0	100.0
318.5885559000001	75.0	100.0
318.6084082	75.0	100.0
318.6282979	75.0	100.0
318.6482727	75.0	100.0
318.6678071000001	75.0	100.0
318.68857120000007	75.0	100.0
318.70646550000015	75.0	100.0
318.7264828	75.0	100.0
318.7453694000001	75.0	100.0
318.7610598000001	75.0	100.0
318.7834356000001	75.0	100.0
318.80477640000004	75.0	100.0
318.8254723	75.0	100.0
318.84537980000005	75.0	100.0
318.8685295	75.0	100.0
318.88950220000015	75.0	100.0
318.9092741000002	75.0	100.0
318.92873099999997	75.0	100.0
318.95071570000005	75.0	100.0
318.96757230000003	75.0	100.0
318.98803480000015	75.0	100.0
319.0075932	75.0	100.0
319.0280107000001	75.0	100.0
319.0531032000001	75.0	100.0
319.06857220000006	75.0	100.0
319.0896705	75.0	100.0
319.1070598000001	75.0	100.0
319.1274472	75.0	100.0
319.1487060000002	75.0	100.0
319.1682136000002	75.0	100.0
319.18847189999997	75.0	100.0
319.21271820000015	75.0	100.0
319.22845830000006	75.0	100.0
319.24771340000007	75.0	100.0
319.26807499999995	75.0	100.0
319.28812160000007	75.0	100.0
319.3082786	75.0	100.0
319.3275490000001	75.0	100.0
319.3483469	75.0	100.0
319.36961180000003	75.0	100.0
319.388291	75.0	100.0
319.4081073	75.0	100.0
319.42775700000016	75.0	100.0
319.4482680000001	75.0	100.0
319.4686280000001	75.0	100.0
319.4886769	75.0	100.0
319.50905120000016	75.0	100.0
319.53022150000015	75.0	100.0
319.54862990000015	75.0	100.0
319.56751010000016	75.0	100.0
319.58975970000006	75.0	100.0
319.6086170000001	75.0	100.0
319.63263989999996	75.0	100.0
319.64892269999996	75.0	100.0
319.6696105000001	75.0	100.0
319.6915179	75.0	100.0
319.7090976000002	75.0	100.0
319.73263829999996	75.0	100.0
319.7507336000001	75.0	100.0
319.7700955	75.0	100.0
319.7893482000002	75.0	100.0
319.80837710000014	75.0	100.0
319.83279370000014	75.0	100.0
319.85048870000014	75.0	100.0
319.8680575000001	75.0	100.0
319.88863549999996	75.0	100.0
319.90805550000005	75.0	100.0
319.92820640000014	75.0	100.0
319.94923700000004	75.0	100.0
319.9688248	75.0	100.0
319.98906239999997	75.0	100.0
320.01356110000006	75.0	100.0
320.02963309999996	75.0	100.0
320.04939450000006	75.0	100.0
320.0686253000001	75.0	100.0
320.08943539999996	75.0	100.0
320.10938970000007	75.0	100.0
320.1290749	75.0	100.0
320.1538072000001	75.0	100.0
320.171016	75.0	100.0
320.18947120000007	75.0	100.0
320.2089212000001	75.0	100.0
320.2289931	75.0	100.0
320.2528334000001	75.0	100.0
320.2699433	75.0	100.0
320.28958120000016	75.0	100.0
320.30998640000007	75.0	100.0
320.3311206000001	75.0	100.0
320.35325680000005	75.0	100.0
320.3693426	75.0	100.0
320.3893025	75.0	100.0
320.4090738	75.0	100.0
320.4303992	75.0	100.0
320.44899310000005	75.0	100.0
320.470051	75.0	100.0
320.4919497000001	75.0	100.0
320.5097022	75.0	100.0
320.5299028000002	75.0	100.0
320.5495793	75.0	100.0
320.56924530000015	75.0	100.0
320.5891359	75.0	100.0
320.6099180000001	75.0	100.0
320.6289926000002	75.0	100.0
320.6515044	75.0	100.0
320.6689603	75.0	100.0
320.68860800000016	75.0	100.0
320.70875	75.0	100.0
320.7289049000001	75.0	100.0
320.74909490000005	75.0	100.0
320.77290600000015	75.0	100.0
320.7916217000002	75.0	100.0
320.81096790000015	75.0	100.0
320.82977430000005	75.0	100.0
320.84928460000015	75.0	100.0
320.87397540000006	75.0	100.0
320.88992759999996	75.0	100.0
320.9099847	75.0	100.0
320.92858709999996	75.0	100.0
320.9504065000001	75.0	100.0
320.9720669000001	75.0	100.0
320.9898958000001	75.0	100.0
321.00927909999996	75.0	100.0
321.0299003	75.0	100.0
321.04898300000013	75.0	100.0
321.0695478	75.0	100.0
321.08912970000006	75.0	100.0
321.10948970000004	75.0	100.0
321.13152520000017	75.0	100.0
321.14986050000016	75.0	100.0
321.1692008	75.0	100.0
321.19317450000017	75.0	100.0
321.20997940000007	75.0	100.0
321.22944129999996	75.0	100.0
321.24975970000014	75.0	100.0
321.270176	75.0	100.0
321.29693910000015	75.0	100.0
321.3107648	75.0	100.0
321.3304158000001	75.0	100.0
321.35031030000005	75.0	100.0
321.36994419999996	75.0	100.0
321.3911719	75.0	100.0
321.40998250000007	75.0	100.0
321.43111769999996	75.0	100.0
321.4529529000001	74.0	100.0
321.47093689999997	74.0	100.0
321.49095220000004	74.0	100.0
321.510992	74.0	100.0
321.5307235	74.0	100.0
321.54949810000016	74.0	100.0
321.5700336	74.0	100.0
321.591776	74.0	100.0
321.61317580000014	74.0	100.0
321.63006600000017	74.0	100.0
321.6500463	74.0	100.0
321.6710647	74.0	100.0
321.69226360000016	74.0	100.0
321.71067700000003	74.0	100.0
321.7306216000002	74.0	100.0
321.75117450000016	74.0	100.0
321.77221299999997	74.0	100.0
321.79147009999997	74.0	100.0
321.8111639000001	74.0	100.0
321.8309226000001	74.0	100.0
321.85444840000014	74.0	100.0
321.8706426000001	74.0	100.0
321.89071090000016	74.0	100.0
321.91468699999996	74.0	100.0
321.9335174	74.0	100.0
321.9507284000001	74.0	100.0
321.9693049	74.0	100.0
321.99045150000006	74.0	100.0
322.0109287	74.0	100.0
322.03132500000015	74.0	100.0
322.05090429999996	74.0	100.0
322.07175600000005	74.0	100.0
322.0931955000001	74.0	100.0
322.11093730000016	74.0	100.0
322.1310662000001	74.0	100.0
322.1511825	74.0	100.0
322.1718247000001	74.0	100.0
322.19185860000016	74.0	100.0
322.2114439000002	74.0	100.0
322.2326848	74.0	100.0
322.25263689999997	74.0	100.0
322.27093890000015	74.0	100.0
322.2916424	74.0	100.0
322.3118235000002	74.0	100.0
322.33390600000007	74.0	100.0
322.3512502000001	74.0	100.0
322.37178960000006	74.0	100.0
322.3925465	74.0	100.0
322.4132826	74.0	100.0
322.43235290000007	74.0	100.0
322.45031570000015	75.0	100.0
322.47124069999995	75.0	100.0
322.4917435	75.0	100.0
322.51095540000006	75.0	100.0
322.53196479999997	75.0	100.0
322.55239789999996	75.0	100.0
322.57291970000006	75.0	100.0
322.5917876000001	75.0	100.0
322.61129930000016	75.0	100.0
322.63148720000004	75.0	100.0
322.65124590000005	75.0	100.0
322.67086600000016	75.0	100.0
322.69146980000005	75.0	100.0
322.71209420000014	75.0	100.0
322.7355807000001	75.0	100.0
322.75333390000014	75.0	100.0
322.7724412	75.0	100.0
322.79157140000007	75.0	100.0
322.8103381000001	75.0	100.0
322.83176879999996	75.0	100.0
322.8553018	75.0	100.0
322.8716389000001	75.0	100.0
322.89340460000017	75.0	100.0
322.90714890000004	75.0	100.0
322.92660550000005	75.0	100.0
322.94696880000015	75.0	100.0
322.9660596000001	75.0	100.0
322.9935395	75.0	100.0
323.01119400000016	75.0	100.0
323.03307010000003	75.0	100.0
323.05367850000016	75.0	100.0
323.07224080000015	75.0	100.0
323.0928164000002	75.0	100.0
323.11267480000015	75.0	100.0
323.13235299999997	75.0	100.0
323.1521378	75.0	100.0
323.1719287000001	75.0	100.0
323.1932865000001	75.0	100.0
323.2146574000001	75.0	100.0
323.2325029000001	75.0	100.0
323.2528500000001	75.0	100.0
323.2717405000001	75.0	100.0
323.29224280000017	75.0	100.0
323.31223509999995	75.0	100.0
323.3318418000001	75.0	100.0
323.3561363000001	75.0	100.0
323.37364390000016	75.0	100.0
323.3926001	75.0	100.0
323.41220569999996	75.0	100.0
323.4329818000001	75.0	100.0
323.4535002	75.0	100.0
323.4734019	75.0	100.0
323.4932511000002	75.0	100.0
323.5132212000001	75.0	100.0
323.53490970000007	75.0	100.0
323.5530609	75.0	100.0
323.5726764000001	75.0	100.0
323.59318559999997	75.0	100.0
323.61261290000016	75.0	100.0
323.6326835	75.0	100.0
323.6541023	75.0	100.0
323.6734246000001	75.0	100.0
323.6951663	75.0	100.0
323.71331840000016	75.0	100.0
323.732757	75.0	100.0
323.7516187000001	75.0	100.0
323.7726404	75.0	100.0
323.7932539000001	75.0	100.0
323.81302460000006	75.0	100.0
323.83339450000017	75.0	100.0
323.85600350000004	75.0	100.0
323.8736249000001	75.0	100.0
323.8971912000002	75.0	100.0
323.9135487000001	75.0	100.0
323.93318769999996	75.0	100.0
323.9531631	75.0	100.0
323.9726442000001	75.0	100.0
323.99386960000015	75.0	100.0
324.0150957000001	75.0	100.0
324.0335239000001	75.0	100.0
324.05322720000004	75.0	100.0
324.07338860000004	75.0	100.0
324.0935174000001	75.0	100.0
324.11329509999996	75.0	100.0
324.1330312	75.0	100.0
324.1535232000001	75.0	100.0
324.17616940000016	75.0	100.0
324.1935122	75.0	100.0
324.21317710000017	75.0	100.0
324.23307160000013	75.0	100.0
324.2543359000001	75.0	100.0
324.27560489999996	75.0	100.0
324.2938995000002	75.0	100.0
324.31443250000007	75.0	100.0
324.3355610000001	75.0	100.0
324.3534852	75.0	100.0
324.3736401000001	75.0	100.0
324.3943425	75.0	100.0
324.4127682000001	75.0	100.0
324.43288830000006	75.0	100.0
324.45351400000004	74.0	100.0
324.47451709999996	74.0	100.0
324.49690269999996	74.0	100.0
324.51790030000006	74.0	100.0
324.536693	74.0	100.0
324.55407660000014	74.0	100.0
324.57337900000016	74.0	100.0
324.5933070000001	74.0	100.0
324.617976	74.0	100.0
324.6356128	74.0	100.0
324.6554109000001	74.0	100.0
324.67432740000004	74.0	100.0
324.69551330000013	74.0	100.0
324.71679560000007	74.0	100.0
324.73453340000015	74.0	100.0
324.754183	74.0	100.0
324.77442640000004	74.0	100.0
324.7961825	74.0	100.0
324.81735249999997	74.0	100.0
324.8345789	74.0	100.0
324.8543336	74.0	100.0
324.8743979000001	74.0	100.0
324.89334210000015	74.0	100.0
324.9131982000001	74.0	100.0
324.93805540000017	74.0	100.0
324.9557963	74.0	100.0
324.97620570000004	74.0	100.0
324.996042	74.0	100.0
325.014322	74.0	100.0
325.03845079999996	74.0	100.0
325.05487570000014	74.0	100.0
325.07488020000005	74.0	100.0
325.0947470000001	74.0	100.0
325.11527	74.0	100.0
325.14021260000004	74.0	100.0
325.1545609	74.0	100.0
325.17439360000003	74.0	100.0
325.19706440000004	74.0	100.0
325.2149258000002	74.0	100.0
325.2350586	74.0	100.0
325.2549004	74.0	100.0
325.2759000000001	74.0	100.0
325.29661750000014	74.0	100.0
325.31439120000005	74.0	100.0
325.3368067000001	74.0	100.0
325.35371699999996	74.0	100.0
325.3752773000001	74.0	100.0
325.39511400000015	74.0	100.0
325.41487730000017	74.0	100.0
325.43658300000016	74.0	100.0
325.45726720000016	72.0	100.0
325.4755218	72.0	100.0
325.49470040000006	72.0	100.0
325.5150334	72.0	100.0
325.53491340000005	72.0	100.0
325.55798990000017	72.0	100.0
325.57478400000014	72.0	100.0
325.5968461	72.0	100.0
325.6173454	72.0	100.0
325.6357660000001	72.0	100.0
325.65645670000004	72.0	100.0
325.6758218	72.0	100.0
325.6952903000001	72.0	100.0
325.7152900000001	72.0	100.0
325.73490730000003	72.0	100.0
325.7617825	72.0	100.0
325.7785517	72.0	100.0
325.7966399000002	72.0	100.0
325.81576730000006	72.0	100.0
325.83706540000003	72.0	100.0
325.85616700000014	72.0	100.0
325.87653339999997	72.0	100.0
325.89645510000014	72.0	100.0
325.91693970000006	72.0	100.0
325.9373600000001	72.0	100.0
325.95635289999996	72.0	100.0
325.9760636000001	72.0	100.0
325.99603920000004	72.0	100.0
326.01639840000007	72.0	100.0
326.036527	72.0	100.0
326.05633220000004	72.0	100.0
326.07587620000004	72.0	100.0
326.0983262	72.0	100.0
326.1189019000001	72.0	100.0
326.13742909999996	72.0	100.0
326.1559995	72.0	100.0
326.17932470000005	72.0	100.0
326.19657470000016	72.0	100.0
326.2166225000001	72.0	100.0
326.2376991000001	72.0	100.0
326.25772210000014	72.0	100.0
326.27678890000016	72.0	100.0
326.2966321000001	72.0	100.0
326.31699660000004	72.0	100.0
326.33689660000005	72.0	100.0
326.35729200000014	72.0	100.0
326.37699610000004	72.0	100.0
326.39672440000004	72.0	100.0
326.41870800000015	72.0	100.0
326.43693770000004	72.0	100.0
326.45711359999996	72.0	100.0
326.47771490000014	72.0	100.0
326.49683990000017	72.0	100.0
326.5168853	72.0	100.0
326.53722330000005	72.0	100.0
326.557266	72.0	100.0
326.5777964000001	72.0	100.0
326.60078350000003	72.0	100.0
326.6171961	72.0	100.0
326.63660030000005	72.0	100.0
326.6573634000001	72.0	100.0
326.6780556000001	72.0	100.0
326.697543	72.0	100.0
326.7177240000001	72.0	100.0
326.73980630000005	72.0	100.0
326.7568597000002	72.0	100.0
326.7770461	72.0	100.0
326.79737390000014	72.0	100.0
326.81725210000013	72.0	100.0
326.8370115	72.0	100.0
326.85848090000013	72.0	100.0
326.8773205	72.0	100.0
326.8989945000001	72.0	100.0
326.9171162	72.0	100.0
326.93805110000017	72.0	100.0
326.95653030000017	72.0	100.0
326.9764405000001	72.0	100.0
326.9989213000001	72.0	100.0
327.0173049	72.0	100.0
327.0402242	72.0	100.0
327.0600713000001	72.0	100.0
327.0773650000001	72.0	100.0
327.0974084000002	72.0	100.0
327.1174664	72.0	100.0
327.1371081	72.0	100.0
327.15689810000003	72.0	100.0
327.17700000000013	72.0	100.0
327.1987541000001	72.0	100.0
327.2225949000001	72.0	100.0
327.2382216000001	72.0	100.0
327.2582454000001	72.0	100.0
327.27805280000007	72.0	100.0
327.2978008	72.0	100.0
327.3222218000001	72.0	100.0
327.3377405000001	72.0	100.0
327.36247300000014	72.0	100.0
327.38073870000017	72.0	100.0
327.39842940000017	72.0	100.0
327.41779740000015	72.0	100.0
327.43878010000003	72.0	100.0
327.45911520000004	70.0	100.0
327.47814330000006	70.0	100.0
327.4983508	70.0	100.0
327.5193947	70.0	100.0
327.54004380000015	70.0	100.0
327.5574068000001	70.0	100.0
327.5772708000002	70.0	100.0
327.5984423	70.0	100.0
327.6171276	70.0	100.0
327.6416309000001	70.0	100.0
327.65704470000014	70.0	100.0
327.67913569999996	70.0	100.0
327.7008628000001	70.0	100.0
327.7188275000001	70.0	100.0
327.7381872000001	70.0	100.0
327.75947080000014	70.0	100.0
327.7791550000002	70.0	100.0
327.8008847000001	70.0	100.0
327.8192855	70.0	100.0
327.84295629999997	70.0	100.0
327.8609944	70.0	100.0
327.87887090000004	70.0	100.0
327.89886720000004	70.0	100.0
327.9188862000001	70.0	100.0
327.93891150000013	70.0	100.0
327.95901019999997	70.0	100.0
327.9784959000001	70.0	100.0
327.9998678000002	70.0	100.0
328.0208533	70.0	100.0
328.0379944000001	70.0	100.0
328.0590179000001	70.0	100.0
328.0790717	70.0	100.0
328.09879880000017	70.0	100.0
328.1189160000001	70.0	100.0
328.13887309999996	70.0	100.0
328.15976320000004	70.0	100.0
328.18082230000005	70.0	100.0
328.19961820000003	70.0	100.0
328.2189393000001	70.0	100.0
328.2392288000001	70.0	100.0
328.26285329999996	70.0	100.0
328.279135	70.0	100.0
328.300434	70.0	100.0
328.32087990000014	70.0	100.0
328.34181480000007	70.0	100.0
328.3644237000001	70.0	100.0
328.3803759	70.0	100.0
328.40052400000013	70.0	100.0
328.4202623000001	70.0	100.0
328.44120470000007	70.0	100.0
328.45986660000017	72.0	100.0
328.4809851	72.0	100.0
328.50117190000014	72.0	100.0
328.5201035	72.0	100.0
328.5402534	72.0	100.0
328.5600674	72.0	100.0
328.58051780000005	72.0	100.0
328.6008403000001	72.0	100.0
328.61937290000014	72.0	100.0
328.6448693	72.0	100.0
328.66294340000013	72.0	100.0
328.6809088	72.0	100.0
328.70030610000003	72.0	100.0
328.72080900000014	72.0	100.0
328.7403703	72.0	100.0
328.76165170000013	72.0	100.0
328.78453720000016	72.0	100.0
328.80099510000014	72.0	100.0
328.82083190000003	72.0	100.0
328.84046450000005	72.0	100.0
328.8603485000001	72.0	100.0
328.8845837000001	72.0	100.0
328.90070650000007	72.0	100.0
328.92069519999995	72.0	100.0
328.94030569999995	72.0	100.0
328.9602547000002	72.0	100.0
328.98596480000015	72.0	100.0
329.0006199000002	72.0	100.0
329.0203550000001	72.0	100.0
329.03993290000017	72.0	100.0
329.05966420000004	72.0	100.0
329.08141820000014	72.0	100.0
329.10094530000015	72.0	100.0
329.12056470000016	72.0	100.0
329.1416140000001	72.0	100.0
329.1609341000001	72.0	100.0
329.1809822	72.0	100.0
329.20078910000007	72.0	100.0
329.22010150000006	72.0	100.0
329.2404672	72.0	100.0
329.26157490000014	72.0	100.0
329.2811041	72.0	100.0
329.3062592000001	72.0	100.0
329.32151810000005	72.0	100.0
329.3446164000002	72.0	100.0
329.36120630000005	72.0	100.0
329.38056030000007	72.0	100.0
329.4051078	72.0	100.0
329.4208087000002	72.0	100.0
329.4422611	72.0	100.0
329.46285520000015	73.0	100.0
329.48065440000005	73.0	100.0
329.50518250000005	73.0	100.0
329.5352745	73.0	100.0
329.54127170000015	73.0	100.0
329.56134740000016	73.0	100.0
329.58191280000005	73.0	100.0
329.6019077000001	73.0	100.0
329.6245742000001	73.0	100.0
329.64425400000005	73.0	100.0
329.6772310000001	73.0	100.0
329.6814474	73.0	100.0
329.70268269999997	73.0	100.0
329.72058630000015	73.0	100.0
329.74051959999997	73.0	100.0
329.76172050000014	73.0	100.0
329.7828909	73.0	100.0
329.8029371	73.0	100.0
329.82192810000015	73.0	100.0
329.8418479000002	73.0	100.0
329.8610570000001	73.0	100.0
329.8810678	73.0	100.0
329.9011981000001	73.0	100.0
329.92638009999996	73.0	100.0
329.94440280000003	73.0	100.0
329.96112140000014	73.0	100.0
329.98113220000005	73.0	100.0
330.00146170000016	73.0	100.0
330.0247918	73.0	100.0
330.04184210000017	73.0	100.0
330.06064460000016	73.0	100.0
330.0809627000001	73.0	100.0
330.1036365	73.0	100.0
330.12107430000015	73.0	100.0
330.1411571000001	73.0	100.0
330.1613176000001	73.0	100.0
330.18052510000007	73.0	100.0
330.20156480000014	73.0	100.0
330.221503	73.0	100.0
330.24251660000004	73.0	100.0
330.26422	73.0	100.0
330.2816230000001	73.0	100.0
330.30053369999996	73.0	100.0
330.32151220000014	73.0	100.0
330.34077390000016	73.0	100.0
330.3651565	73.0	100.0
330.3807132000002	73.0	100.0
330.4024302	73.0	100.0
330.42237610000006	73.0	100.0
330.4452142	73.0	100.0
330.4617485000001	74.0	100.0
330.48102670000003	74.0	100.0
330.50185540000007	74.0	100.0
330.52247490000013	74.0	100.0
330.54548520000003	74.0	100.0
330.5614057	74.0	100.0
330.58494280000014	74.0	100.0
330.60239190000016	74.0	100.0
330.6216088000001	74.0	100.0
330.6431991000002	74.0	100.0
330.66111980000005	74.0	100.0
330.6816758	74.0	100.0
330.7013823	74.0	100.0
330.7220622	74.0	100.0
330.74365490000014	74.0	100.0
330.76240270000017	74.0	100.0
330.7810611	74.0	100.0
330.80306940000014	74.0	100.0
330.82257790000017	74.0	100.0
330.84339820000014	74.0	100.0
330.86374650000016	74.0	100.0
330.88120920000006	74.0	100.0
330.9017735	74.0	100.0
330.9213742000002	74.0	100.0
330.94328199999995	74.0	100.0
330.9634701	74.0	100.0
330.9827951	74.0	100.0
331.0013677000002	74.0	100.0
331.0225862	74.0	100.0
331.0442644	74.0	100.0
331.065075	74.0	100.0
331.0828997000001	74.0	100.0
331.1029165	74.0	100.0
331.1228403	74.0	100.0
331.1425899000001	74.0	100.0
331.1637890000002	74.0	100.0
331.1829745	74.0	100.0
331.2042299	74.0	100.0
331.22542710000016	74.0	100.0
331.2431675	74.0	100.0
331.26289629999997	74.0	100.0
331.2831572	74.0	100.0
331.30387440000004	74.0	100.0
331.3228166000001	74.0	100.0
331.34334920000015	74.0	100.0
331.36515210000016	74.0	100.0
331.38523699999996	74.0	100.0
331.4044401000001	74.0	100.0
331.42418410000005	74.0	100.0
331.44436470000005	74.0	100.0
331.46423270000014	75.0	100.0
331.4879800000001	75.0	100.0
331.50419869999996	75.0	100.0
331.5246167	75.0	100.0
331.54595689999996	75.0	100.0
331.56373370000006	75.0	100.0
331.58724870000015	75.0	100.0
331.6047173000002	75.0	100.0
331.62424310000006	75.0	100.0
331.6437771000001	75.0	100.0
331.6637081000001	75.0	100.0
331.6844711000001	75.0	100.0
331.70500170000014	75.0	100.0
331.72389080000016	75.0	100.0
331.7434968	75.0	100.0
331.7650586	75.0	100.0
331.7844930000001	75.0	100.0
331.8045839000001	75.0	100.0
331.8242534000001	75.0	100.0
331.84592580000003	75.0	100.0
331.86544449999997	75.0	100.0
331.884192	75.0	100.0
331.90526020000016	75.0	100.0
331.9247725	75.0	100.0
331.9445383	75.0	100.0
331.9648909	75.0	100.0
331.9846663000001	75.0	100.0
332.00522380000007	75.0	100.0
332.0263112	75.0	100.0
332.0447902000001	75.0	100.0
332.06365660000006	75.0	100.0
332.0849680000001	75.0	100.0
332.10869490000005	75.0	100.0
332.1255621	75.0	100.0
332.1446497000002	75.0	100.0
332.1652889000002	75.0	100.0
332.1869607000001	75.0	100.0
332.2089271	75.0	100.0
332.22480140000016	75.0	100.0
332.244817	75.0	100.0
332.26513	75.0	100.0
332.28473400000007	75.0	100.0
332.3050886000001	75.0	100.0
332.3251782	75.0	100.0
332.34988169999997	75.0	100.0
332.36535960000015	75.0	100.0
332.3844909000002	75.0	100.0
332.4054559000001	75.0	100.0
332.4241939000001	75.0	100.0
332.44424630000003	75.0	100.0
332.4629873000001	76.0	100.0
332.48570800000016	76.0	100.0
332.5083409000001	76.0	100.0
332.52508650000004	76.0	100.0
332.544977	76.0	100.0
332.5649943000001	76.0	100.0
332.5852367	76.0	100.0
332.6050961000001	76.0	100.0
332.62899170000014	76.0	100.0
332.6458464	76.0	100.0
332.6670167	76.0	100.0
332.6860792	76.0	100.0
332.7051612	76.0	100.0
332.72897009999997	76.0	100.0
332.7453369	76.0	100.0
332.7645150000001	76.0	100.0
332.7854105000001	76.0	100.0
332.80696209999996	76.0	100.0
332.8285112000001	76.0	100.0
332.8449273000001	76.0	100.0
332.8651714	76.0	100.0
332.88513750000016	76.0	100.0
332.905207	76.0	100.0
332.92553110000017	76.0	100.0
332.94549630000006	76.0	100.0
332.96637680000003	76.0	100.0
332.9872067000001	76.0	100.0
333.0062799	76.0	100.0
333.0277616000001	76.0	100.0
333.04641860000015	76.0	100.0
333.06533160000004	76.0	100.0
333.08666170000015	76.0	100.0
333.1063249000001	76.0	100.0
333.1249871	76.0	100.0
333.15155419999996	76.0	100.0
333.1651260000001	76.0	100.0
333.1848787000001	76.0	100.0
333.2051677000002	76.0	100.0
333.22510669999997	76.0	100.0
333.2491648	76.0	100.0
333.2648746	76.0	100.0
333.2867423	76.0	100.0
333.3079923	76.0	100.0
333.3252437000001	76.0	100.0
333.34526890000006	76.0	100.0
333.3655039	76.0	100.0
333.38512220000007	76.0	100.0
333.40643820000014	76.0	100.0
333.4254793	76.0	100.0
333.44639170000005	76.0	100.0
333.4696931000001	78.0	100.0
333.4865959000001	78.0	100.0
333.50659730000007	78.0	100.0
333.52665620000016	78.0	100.0
333.5462721000001	78.0	100.0
333.5698135	78.0	100.0
333.58689430000004	78.0	100.0
333.60803480000004	78.0	100.0
333.62834169999996	78.0	100.0
333.6466769000001	78.0	100.0
333.6699854000001	78.0	100.0
333.6865881000001	78.0	100.0
333.7071763000001	78.0	100.0
333.72666890000005	78.0	100.0
333.7467068000001	78.0	100.0
333.77054010000006	78.0	100.0
333.7891496	78.0	100.0
333.80711040000006	78.0	100.0
333.8270765	78.0	100.0
333.8454825000001	78.0	100.0
333.8677645	78.0	100.0
333.88808270000004	78.0	100.0
333.9080563	78.0	100.0
333.9272238000001	78.0	100.0
333.9483316000001	78.0	100.0
333.96698850000007	78.0	100.0
333.9872018000001	78.0	100.0
334.00785710000014	78.0	100.0
334.02591640000014	78.0	100.0
334.0468439000001	78.0	100.0
334.0665650000001	78.0	100.0
334.087681	78.0	100.0
334.10951769999997	78.0	100.0
334.126851	78.0	100.0
334.14686559999996	78.0	100.0
334.1664945	78.0	100.0
334.18996790000006	78.0	100.0
334.2053694000001	78.0	100.0
334.22661700000003	78.0	100.0
334.24738850000017	78.0	100.0
334.26837160000014	78.0	100.0
334.2897024000001	78.0	100.0
334.3071160000002	78.0	100.0
334.32680159999995	78.0	100.0
334.3467678000002	78.0	100.0
334.3977479	78.0	100.0
334.3977811	78.0	100.0
334.4089159	78.0	100.0
334.53666380000004	78.0	100.0
334.5366869000002	78.0	100.0
334.5366977000001	78.0	100.0
334.53670650000004	78.0	100.0
334.5367152000001	78.0	100.0
334.53672440000014	78.0	100.0
334.5483554	78.0	100.0
334.56807760000015	78.0	100.0
334.5896656	78.0	100.0
334.60841760000017	78.0	100.0
334.62808029999997	78.0	100.0
334.64699080000014	78.0	100.0
334.7036594000001	78.0	100.0
334.7036936000002	78.0	100.0
334.7134364000001	78.0	100.0
334.72882530000015	78.0	100.0
334.8436918	78.0	100.0
334.8437100000001	78.0	100.0
334.8437179	78.0	100.0
334.84372559999997	78.0	100.0
334.8437331	78.0	100.0
334.84797790000016	78.0	100.0
334.8671860000002	78.0	100.0
334.8887446000001	78.0	100.0
334.90971750000017	78.0	100.0
334.92815040000005	78.0	100.0
334.9767160000001	78.0	100.0
334.97673610000015	78.0	100.0
334.9884710000001	78.0	100.0
335.0078625000001	78.0	100.0
335.02838670000006	78.0	100.0
335.0681297000001	78.0	100.0
335.0706305000001	78.0	100.0
335.08771750000005	78.0	100.0
335.10704380000016	78.0	100.0
335.13059710000016	78.0	100.0
335.1700971	78.0	100.0
335.17013080000015	78.0	100.0
335.1881614000001	78.0	100.0
335.2094122000001	78.0	100.0
335.23337530000003	78.0	100.0
335.272011	78.0	100.0
335.27204660000007	78.0	100.0
335.2880367	78.0	100.0
335.30819700000006	78.0	100.0
335.33519920000003	78.0	100.0
335.37514869999995	78.0	100.0
335.3751661000001	78.0	100.0
335.39087040000004	78.0	100.0
335.40953490000015	78.0	100.0
335.42712010000014	78.0	100.0
335.4839531	78.0	100.0
335.483972	77.0	100.0
335.48823749999997	77.0	100.0
335.50872690000006	77.0	100.0
335.5292794000002	77.0	100.0
335.579297	77.0	100.0
335.5793171	77.0	100.0
335.5892235000001	77.0	100.0
335.6090868000001	77.0	100.0
335.6289562000002	77.0	100.0
335.66169200000013	77.0	100.0
335.6684253000001	77.0	100.0
335.68916850000005	77.0	100.0
335.71192910000013	77.0	100.0
335.7292112	77.0	100.0
335.75269530000014	77.0	100.0
335.9338322000001	77.0	100.0
335.93385320000016	77.0	100.0
335.93386150000015	77.0	100.0
335.9338692000001	77.0	100.0
335.93387640000014	77.0	100.0
335.9344082	77.0	100.0
335.9344255000001	77.0	100.0
335.93443360000015	77.0	100.0
335.93444109999996	77.0	100.0
335.94967859999997	77.0	100.0
336.13808500000005	77.0	100.0
336.1381156	77.0	100.0
336.1381243000001	77.0	100.0
336.1381334	77.0	100.0
336.1381421000001	77.0	100.0
336.13815380000005	77.0	100.0
336.1381616000001	77.0	100.0
336.1381689	77.0	100.0
336.1381762000001	77.0	100.0
336.15463450000016	77.0	100.0
336.1734619000001	77.0	100.0
336.1887058	77.0	100.0
336.2081227000001	77.0	100.0
336.22446430000014	77.0	100.0
336.2443437000002	77.0	100.0
336.30013499999995	77.0	100.0
336.3001538000001	77.0	100.0
336.3092726	77.0	100.0
336.3290842000001	77.0	100.0
336.3558283	77.0	100.0
336.4034158000002	77.0	100.0
336.40344830000004	77.0	100.0
336.41058999999996	77.0	100.0
336.4290258000001	77.0	100.0
336.450294	77.0	100.0
336.48081760000014	76.0	100.0
336.4904762000001	76.0	100.0
336.5111074000001	76.0	100.0
336.52957030000016	76.0	100.0
336.5488531000001	76.0	100.0
336.5699194000001	76.0	100.0
336.75316510000016	76.0	100.0
336.75320280000005	76.0	100.0
336.7532398000001	76.0	100.0
336.75328430000013	76.0	100.0
336.75331010000014	76.0	100.0
336.75332790000016	76.0	100.0
336.7533475	76.0	100.0
336.75338380000017	76.0	100.0
336.75342	76.0	100.0
336.76754690000007	76.0	100.0
336.78765510000017	76.0	100.0
336.81053629999997	76.0	100.0
336.86213450000014	76.0	100.0
336.8621544	76.0	100.0
336.8711052000001	76.0	100.0
337.00098980000007	76.0	100.0
337.0010143000002	76.0	100.0
337.0010228000001	76.0	100.0
337.0010308000001	76.0	100.0
337.0010378000002	76.0	100.0
337.00114380000014	76.0	100.0
337.01124000000004	76.0	100.0
337.0301307	76.0	100.0
337.05171960000007	76.0	100.0
337.0700279	76.0	100.0
337.12462030000006	76.0	100.0
337.12465380000003	76.0	100.0
337.1309960000001	76.0	100.0
337.1519571000001	76.0	100.0
337.17104570000015	76.0	100.0
337.2104861	76.0	100.0
337.21189990000016	76.0	100.0
337.2300922000002	76.0	100.0
337.2517464	76.0	100.0
337.2706968	76.0	100.0
337.29123860000004	76.0	100.0
337.31373810000014	76.0	100.0
337.3309365	76.0	100.0
337.35102430000006	76.0	100.0
337.3709123000001	76.0	100.0
337.39098890000014	76.0	100.0
337.41448000000014	76.0	100.0
337.43075139999996	76.0	100.0
337.4524017000001	76.0	100.0
337.4731468	75.0	100.0
337.4914096	75.0	100.0
337.51444800000013	75.0	100.0
337.53183450000006	75.0	100.0
337.55195930000014	75.0	100.0
337.5708677	75.0	100.0
337.5911062	75.0	100.0
337.6130567	75.0	100.0
337.63425070000017	75.0	100.0
337.6511207000001	75.0	100.0
337.67192969999996	75.0	100.0
337.69098729999996	75.0	100.0
337.7111972	75.0	100.0
337.73209310000016	75.0	100.0
337.75085220000005	75.0	100.0
337.7734074	75.0	100.0
337.79352270000004	75.0	100.0
337.81249190000017	75.0	100.0
337.8317706	75.0	100.0
337.85628880000013	75.0	100.0
337.8717799000001	75.0	100.0
337.8918956	75.0	100.0
337.9125698	75.0	100.0
337.9351187	75.0	100.0
337.95313009999995	75.0	100.0
337.9711439	75.0	100.0
337.9921876000001	75.0	100.0
338.0125614000001	75.0	100.0
338.0323082	75.0	100.0
338.0516857	75.0	100.0
338.0727038	75.0	100.0
338.09303780000005	75.0	100.0
338.11319890000004	75.0	100.0
338.13238320000005	75.0	100.0
338.1525822000001	75.0	100.0
338.17246320000004	75.0	100.0
338.19110390000014	75.0	100.0
338.2126356000001	75.0	100.0
338.231759	75.0	100.0
338.2513670000001	75.0	100.0
338.26841490000015	75.0	100.0
338.2902306000001	75.0	100.0
338.31214620000014	75.0	100.0
338.33228840000015	75.0	100.0
338.3514252	75.0	100.0
338.3720889000001	75.0	100.0
338.39255100000014	75.0	100.0
338.41312200000016	75.0	100.0
338.43425720000005	75.0	100.0
338.45650420000015	75.0	100.0
338.47302260000015	73.0	100.0
338.4929675000001	73.0	100.0
338.5131182	73.0	100.0
338.5325793000002	73.0	100.0
338.5563565	73.0	100.0
338.57340210000007	73.0	100.0
338.59492680000017	73.0	100.0
338.6132672000001	73.0	100.0
338.6325213	73.0	100.0
338.6526573000001	73.0	100.0
338.6724578000001	73.0	100.0
338.69338700000003	73.0	100.0
338.71369330000016	73.0	100.0
338.7331187	73.0	100.0
338.7546718000001	73.0	100.0
338.77223760000015	73.0	100.0
338.79294600000003	73.0	100.0
338.8127575000001	73.0	100.0
338.8326174000001	73.0	100.0
338.8531283	73.0	100.0
338.8732264	73.0	100.0
338.89315350000015	73.0	100.0
338.91552079999997	73.0	100.0
338.933393	73.0	100.0
338.9526450000001	73.0	100.0
338.972667	73.0	100.0
338.9930686	73.0	100.0
339.0141451000002	73.0	100.0
339.0337902000001	73.0	100.0
339.05387870000004	73.0	100.0
339.0758367000001	73.0	100.0
339.0931365000001	73.0	100.0
339.11293509999996	73.0	100.0
339.13323360000004	73.0	100.0
339.1528799	73.0	100.0
339.17731590000017	73.0	100.0
339.19309640000006	73.0	100.0
339.21429850000004	73.0	100.0
339.23647070000015	73.0	100.0
339.25272770000015	73.0	100.0
339.27280210000004	73.0	100.0
339.29303700000014	73.0	100.0
339.3129035000002	73.0	100.0
339.3328808000001	73.0	100.0
339.35714270000017	73.0	100.0
339.3733123000002	73.0	100.0
339.39516890000004	73.0	100.0
339.4133071000001	73.0	100.0
339.43384620000006	73.0	100.0
339.4528429000002	73.0	100.0
339.47352580000006	71.0	100.0
339.49695710000015	71.0	100.0
339.51339870000015	71.0	100.0
339.53487140000016	71.0	100.0
339.5565394	71.0	100.0
339.5735208000001	71.0	100.0
339.5930135000001	71.0	100.0
339.61381100000017	71.0	100.0
339.6327658	71.0	100.0
339.65358949999995	71.0	100.0
339.6733226000001	71.0	100.0
339.6972759	71.0	100.0
339.71632850000015	71.0	100.0
339.73327659999995	71.0	100.0
339.75300749999997	71.0	100.0
339.7732579000001	71.0	100.0
339.79331720000005	71.0	100.0
339.8143281	71.0	100.0
339.8338405000002	71.0	100.0
339.8549498	71.0	100.0
339.8768513	71.0	100.0
339.89391850000015	71.0	100.0
339.9136049000001	71.0	100.0
339.93308679999996	71.0	100.0
339.95442690000004	71.0	100.0
339.97586560000013	71.0	100.0
339.99470900000006	71.0	100.0
340.0170911	71.0	100.0
340.0359884000002	71.0	100.0
340.05433600000015	71.0	100.0
340.07437660000005	71.0	100.0
340.09504760000004	71.0	100.0
340.1179553000002	71.0	100.0
340.1357173000001	71.0	100.0
340.1546760000001	71.0	100.0
340.174614	71.0	100.0
340.19654779999996	71.0	100.0
340.21761400000014	71.0	100.0
340.2346791	71.0	100.0
340.25543600000015	71.0	100.0
340.2753848	71.0	100.0
340.29441940000015	71.0	100.0
340.31445170000006	71.0	100.0
340.33561800000007	71.0	100.0
340.35658720000015	71.0	100.0
340.37546870000006	71.0	100.0
340.39612510000006	71.0	100.0
340.413534	71.0	100.0
340.43656899999996	71.0	100.0
340.4558512000001	71.0	100.0
340.4749101	73.0	100.0
340.4951088	73.0	100.0
340.5174513000002	73.0	100.0
340.5348682000001	73.0	100.0
340.5568545000001	73.0	100.0
340.57415560000004	73.0	100.0
340.5948492	73.0	100.0
340.61573740000017	73.0	100.0
340.6375184000001	73.0	100.0
340.656573	73.0	100.0
340.67710850000003	73.0	100.0
340.694892	73.0	100.0
340.7148466000001	73.0	100.0
340.73799400000007	73.0	100.0
340.75579500000003	73.0	100.0
340.77723600000013	73.0	100.0
340.79649459999996	73.0	100.0
340.8160951	73.0	100.0
340.8412496000001	73.0	100.0
340.8573871000001	73.0	100.0
340.8758233000001	73.0	100.0
340.89505499999996	73.0	100.0
340.9161785000001	73.0	100.0
340.9348671	73.0	100.0
340.95574510000006	73.0	100.0
340.97692470000015	73.0	100.0
340.9972636	73.0	100.0
341.01582630000007	73.0	100.0
341.03696650000006	73.0	100.0
341.0561667000002	73.0	100.0
341.0759975000001	73.0	100.0
341.09595790000003	73.0	100.0
341.1158061000001	73.0	100.0
341.1365539000001	73.0	100.0
341.1623918	73.0	100.0
341.1755601	73.0	100.0
341.19592940000007	73.0	100.0
341.2168844	73.0	100.0
341.2362488000001	73.0	100.0
341.26026290000004	73.0	100.0
341.27662120000014	73.0	100.0
341.29614330000004	73.0	100.0
341.3170837	73.0	100.0
341.3360814	73.0	100.0
341.3561902000001	73.0	100.0
341.37667080000006	73.0	100.0
341.39591199999995	73.0	100.0
341.41611680000005	73.0	100.0
341.4364647	73.0	100.0
341.45782640000016	73.0	100.0
341.47904100000005	75.0	100.0
341.4966703	75.0	100.0
341.5169794000001	75.0	100.0
341.5366117000001	75.0	100.0
341.5562351000001	75.0	100.0
341.576227	75.0	100.0
341.5968813000002	75.0	100.0
341.61712480000006	75.0	100.0
341.6383622000001	75.0	100.0
341.65663040000004	75.0	100.0
341.67992189999995	75.0	100.0
341.6970752	75.0	100.0
341.7170592	75.0	100.0
341.73357340000007	75.0	100.0
341.75708050000003	75.0	100.0
341.77693999999997	75.0	100.0
341.7989652000001	75.0	100.0
341.8173111000001	75.0	100.0
341.8366106000001	75.0	100.0
341.8561817	75.0	100.0
341.8769234000001	75.0	100.0
341.8972262	75.0	100.0
341.91703700000016	75.0	100.0
341.9375516	75.0	100.0
341.9573720000001	75.0	100.0
341.97675360000017	75.0	100.0
341.99617209999997	75.0	100.0
342.01722960000006	75.0	100.0
342.03718490000006	75.0	100.0
342.0572443000001	75.0	100.0
342.0763515000001	75.0	100.0
342.0967343	75.0	100.0
342.11896320000005	75.0	100.0
342.1367553	75.0	100.0
342.1567	75.0	100.0
342.1772578	75.0	100.0
342.1971258000001	75.0	100.0
342.2169057000001	75.0	100.0
342.2374034000002	75.0	100.0
342.2573288000001	75.0	100.0
342.2788270000001	75.0	100.0
342.3011097000001	75.0	100.0
342.3169252	75.0	100.0
342.3373009000002	75.0	100.0
342.3572601000001	75.0	100.0
342.37718940000013	75.0	100.0
342.4011660000001	75.0	100.0
342.4179841	75.0	100.0
342.4392838000001	75.0	100.0
342.4579552	75.0	100.0
342.4777243000001	76.0	100.0
342.49743320000016	76.0	100.0
342.5172229	76.0	100.0
342.5369664	76.0	100.0
342.55735700000014	76.0	100.0
342.57747070000005	76.0	100.0
342.5989522	76.0	100.0
342.61720830000013	76.0	100.0
342.6371551	76.0	100.0
342.65730740000004	76.0	100.0
342.67643880000014	76.0	100.0
342.69633350000004	76.0	100.0
342.71931500000005	76.0	100.0
342.7376623	76.0	100.0
342.7598594000001	76.0	100.0
342.7770974	76.0	100.0
342.7970712000001	76.0	100.0
342.82169109999995	76.0	100.0
342.8372180000001	76.0	100.0
342.85682540000016	76.0	100.0
342.8773109000001	76.0	100.0
342.89806580000004	76.0	100.0
342.9229967000001	76.0	100.0
342.93770800000016	76.0	100.0
342.95706659999996	76.0	100.0
342.9766615000001	76.0	100.0
342.99739150000005	76.0	100.0
343.01913860000013	76.0	100.0
343.03768360000004	76.0	100.0
343.05921980000016	76.0	100.0
343.0813327000001	76.0	100.0
343.0971522	76.0	100.0
343.1169246000002	76.0	100.0
343.1367894	76.0	100.0
343.1570035	76.0	100.0
343.1770381000001	76.0	100.0
343.19696799999997	76.0	100.0
343.21934650000003	76.0	100.0
343.2427997	76.0	100.0
343.25758140000016	76.0	100.0
343.277196	76.0	100.0
343.2973608	76.0	100.0
343.31780990000016	76.0	100.0
343.3415286000002	76.0	100.0
343.3608693000001	76.0	100.0
343.3780739000001	76.0	100.0
343.39992640000014	76.0	100.0
343.4186899000001	76.0	100.0
343.4405813000001	76.0	100.0
343.459437	76.0	100.0
343.47734830000013	77.0	100.0
343.49705110000014	77.0	100.0
343.5169161000001	77.0	100.0
343.5374812	77.0	100.0
343.5591786	77.0	100.0
343.5777289	77.0	100.0
343.59766690000015	77.0	100.0
343.6192076	77.0	100.0
343.6374423	77.0	100.0
343.65788540000017	77.0	100.0
343.67771860000016	77.0	100.0
343.69871390000003	77.0	100.0
343.72080530000017	77.0	100.0
343.73825550000015	77.0	100.0
343.7591533	77.0	100.0
343.7733010000002	77.0	100.0
343.7966501000001	77.0	100.0
343.81170440000005	77.0	100.0
343.83496660000014	77.0	100.0
343.8556741	77.0	100.0
343.87772229999996	77.0	100.0
343.8968999000001	77.0	100.0
343.9177869	77.0	100.0
343.9381651000001	77.0	100.0
343.9619126	77.0	100.0
343.97791300000017	77.0	100.0
343.9982951000002	77.0	100.0
344.01890990000015	77.0	100.0
344.0410582000002	77.0	100.0
344.0576327000001	77.0	100.0
344.0785807	77.0	100.0
344.0985972000001	77.0	100.0
344.1186030000001	77.0	100.0
344.14089120000017	77.0	100.0
344.1586575000001	77.0	100.0
344.17882069999996	77.0	100.0
344.20009860000005	77.0	100.0
344.21872580000013	77.0	100.0
344.23722050000015	77.0	100.0
344.2578754000001	77.0	100.0
344.2823301000001	77.0	100.0
344.30018670000004	77.0	100.0
344.31892630000016	77.0	100.0
344.33993970000006	77.0	100.0
344.36079859999995	77.0	100.0
344.38224379999997	77.0	100.0
344.3989656000001	77.0	100.0
344.41998420000004	77.0	100.0
344.4378477	77.0	100.0
344.459969	77.0	100.0
344.4793108000001	76.0	100.0
344.49911180000004	76.0	100.0
344.52123830000005	76.0	100.0
344.5379842	76.0	100.0
344.5589989	76.0	100.0
344.5791372000001	76.0	100.0
344.59846660000017	76.0	100.0
344.61879780000004	76.0	100.0
344.63845430000015	76.0	100.0
344.6587635000001	76.0	100.0
344.68120339999996	76.0	100.0
344.6988586	76.0	100.0
344.71878660000016	76.0	100.0
344.73883560000013	76.0	100.0
344.7596151	76.0	100.0
344.78056130000004	76.0	100.0
344.79934219999996	76.0	100.0
344.82105980000006	76.0	100.0
344.8407636000002	76.0	100.0
344.8589965000001	76.0	100.0
344.8788834000002	76.0	100.0
344.9024614	76.0	100.0
344.91882350000014	76.0	100.0
344.93881910000005	76.0	100.0
344.9602317000001	76.0	100.0
344.9789840000001	76.0	100.0
345.00140480000005	76.0	100.0
345.01913090000016	76.0	100.0
345.03700590000017	76.0	100.0
345.05704390000005	76.0	100.0
345.0742735000001	76.0	100.0
345.09339840000007	76.0	100.0
345.11889270000006	76.0	100.0
345.13973180000016	76.0	100.0
345.1609651000001	76.0	100.0
345.17899350000016	76.0	100.0
345.19984610000006	76.0	100.0
345.2201284	76.0	100.0
345.2391212	76.0	100.0
345.2588496000001	76.0	100.0
345.2789061000001	76.0	100.0
345.30074420000005	76.0	100.0
345.3214872000001	76.0	100.0
345.3425939000001	76.0	100.0
345.3599284000002	76.0	100.0
345.37984500000016	76.0	100.0
345.39857300000017	76.0	100.0
345.42314220000003	76.0	100.0
345.43884120000007	76.0	100.0
345.45964160000017	76.0	100.0
345.48093330000006	75.0	100.0
345.49985360000005	75.0	100.0
345.52364320000015	75.0	100.0
345.53909139999996	75.0	100.0
345.5587613	75.0	100.0
345.5800042000001	75.0	100.0
345.59986530000015	75.0	100.0
345.62103030000003	75.0	100.0
345.6417928000001	75.0	100.0
345.66039509999996	75.0	100.0
345.67894550000005	75.0	100.0
345.6991251000002	75.0	100.0
345.71918330000017	75.0	100.0
345.73985600000015	75.0	100.0
345.7597982	75.0	100.0
345.78040480000004	75.0	100.0
345.80162889999997	75.0	100.0
345.82060060000003	75.0	100.0
345.8399082000001	75.0	100.0
345.8588828000002	75.0	100.0
345.88178170000015	75.0	100.0
345.89939290000007	75.0	100.0
345.91912360000015	75.0	100.0
345.9441840000002	75.0	100.0
345.96249080000007	75.0	100.0
345.97753639999996	75.0	100.0
346.00001110000017	75.0	100.0
346.0206436000001	75.0	100.0
346.04254200000014	75.0	100.0
346.0590145000001	75.0	100.0
346.0808373	75.0	100.0
346.10100720000014	75.0	100.0
346.12254640000015	75.0	100.0
346.1403408000001	75.0	100.0
346.15877790000013	75.0	100.0
346.1805332000001	75.0	100.0
346.19893120000006	75.0	100.0
346.22018679999996	75.0	100.0
346.2401175	75.0	100.0
346.26017620000016	75.0	100.0
346.28160060000005	75.0	100.0
346.30026599999997	75.0	100.0
346.3200025000001	75.0	100.0
346.3391859000001	75.0	100.0
346.36002400000007	75.0	100.0
346.3801879	75.0	100.0
346.3992277	75.0	100.0
346.42015530000003	75.0	100.0
346.44111210000005	75.0	100.0
346.46067230000017	75.0	100.0
346.4803833000001	74.0	100.0
346.5009285000001	74.0	100.0
346.51991569999996	74.0	100.0
346.5400104	74.0	100.0
346.5621619000001	74.0	100.0
346.57998940000016	74.0	100.0
346.6026343000001	74.0	100.0
346.6207258000002	74.0	100.0
346.6397642000002	74.0	100.0
346.66003	74.0	100.0
346.6807963000001	74.0	100.0
346.69822769999996	74.0	100.0
346.7192646000001	74.0	100.0
346.74088789999996	74.0	100.0
346.76237960000003	74.0	100.0
346.78172110000014	74.0	100.0
346.8035361	74.0	100.0
346.8201712	74.0	100.0
346.8392543	74.0	100.0
346.8595852000001	74.0	100.0
346.8794148000002	74.0	100.0
346.90005470000006	74.0	100.0
346.9215710000001	74.0	100.0
346.93953110000007	74.0	100.0
346.96004600000015	74.0	100.0
346.98394630000007	74.0	100.0
346.9995051000001	74.0	100.0
347.0201217000001	74.0	100.0
347.0408231000001	74.0	100.0
347.0601100000001	74.0	100.0
347.08517000000006	74.0	100.0
347.1006889	74.0	100.0
347.1204838000001	74.0	100.0
347.13997070000005	74.0	100.0
347.1597074000001	74.0	100.0
347.17997579999997	74.0	100.0
347.19882610000013	74.0	100.0
347.22098860000006	74.0	100.0
347.24160860000006	74.0	100.0
347.25999060000004	74.0	100.0
347.27968150000015	74.0	100.0
347.2996827000002	74.0	100.0
347.3198864000001	74.0	100.0
347.3403648000001	74.0	100.0
347.3619585000001	74.0	100.0
347.3812574000001	74.0	100.0
347.40608910000014	74.0	100.0
347.4207635	74.0	100.0
347.4403506000001	74.0	100.0
347.4609951	74.0	100.0
347.48070930000017	73.0	100.0
347.50422260000005	73.0	100.0
347.52075379999997	73.0	100.0
347.54113770000004	73.0	100.0
347.56268450000016	73.0	100.0
347.58118430000013	73.0	100.0
347.6041579	73.0	100.0
347.62258070000007	73.0	100.0
347.64061620000007	73.0	100.0
347.6602322000001	73.0	100.0
347.68015400000013	73.0	100.0
347.7040876000001	73.0	100.0
347.7209894	73.0	100.0
347.7401351000001	73.0	100.0
347.7599127000001	73.0	100.0
347.77980620000017	73.0	100.0
347.80013740000004	73.0	100.0
347.82090560000006	73.0	100.0
347.8408743	73.0	100.0
347.86052310000014	73.0	100.0
347.8824311000001	73.0	100.0
347.89991120000013	73.0	100.0
347.9203562	73.0	100.0
347.9402841000001	73.0	100.0
347.9601703000001	73.0	100.0
347.9799388000001	73.0	100.0
348.0005284000001	73.0	100.0
348.02694540000016	73.0	100.0
348.0427902000001	73.0	100.0
348.06124339999997	73.0	100.0
348.0803965	73.0	100.0
348.10068990000013	73.0	100.0
348.1248836	73.0	100.0
348.1409813	73.0	100.0
348.16041510000014	73.0	100.0
348.1810236000001	73.0	100.0
348.20280660000003	73.0	100.0
348.22178800000006	73.0	100.0
348.24097040000015	73.0	100.0
348.2607346	73.0	100.0
348.2801068000001	73.0	100.0
348.29979920000005	73.0	100.0
348.3202272000001	73.0	100.0
348.34119310000005	73.0	100.0
348.36203220000016	73.0	100.0
348.3802452	73.0	100.0
348.40054499999997	73.0	100.0
348.42108299999995	73.0	100.0
348.44186880000007	73.0	100.0
348.46175560000006	73.0	100.0
348.48101240000005	75.0	100.0
348.5013864	75.0	100.0
348.5244034	75.0	100.0
348.54073110000013	75.0	100.0
348.5611122	75.0	100.0
348.5795782	75.0	100.0
348.6013571000001	75.0	100.0
348.6209081000002	75.0	100.0
348.64658740000004	75.0	100.0
348.66231700000003	75.0	100.0
348.6827661	75.0	100.0
348.70114750000016	75.0	100.0
348.72154450000016	75.0	100.0
348.74495120000006	75.0	100.0
348.7617272	75.0	100.0
348.7809317000001	75.0	100.0
348.8000164	75.0	100.0
348.8224074	75.0	100.0
348.8445425	75.0	100.0
348.8615612000001	75.0	100.0
348.88094650000016	75.0	100.0
348.9009708000001	75.0	100.0
348.92027830000006	75.0	100.0
348.94038079999996	75.0	100.0
348.96045500000014	75.0	100.0
348.9815444000001	75.0	100.0
349.0027837	75.0	100.0
349.0215515	75.0	100.0
349.04137200000014	75.0	100.0
349.06169420000015	75.0	100.0
349.0811225	75.0	100.0
349.1017689	75.0	100.0
349.1207622000002	75.0	100.0
349.14295749999997	75.0	100.0
349.1638891	75.0	100.0
349.1829924000001	75.0	100.0
349.2012843	75.0	100.0
349.2212895	75.0	100.0
349.24151240000015	75.0	100.0
349.2659285	75.0	100.0
349.2810446000001	75.0	100.0
349.30241490000003	75.0	100.0
349.3235566000001	75.0	100.0
349.3453121	75.0	100.0
349.3633178	75.0	100.0
349.3819897000001	75.0	100.0
349.40150000000017	75.0	100.0
349.4217139	75.0	100.0
349.44133320000014	75.0	100.0
349.4656970000001	75.0	100.0
349.48650540000017	75.0	100.0
349.501755	75.0	100.0
349.52150129999995	75.0	100.0
349.5415229	75.0	100.0
349.56181190000007	75.0	100.0
349.5815258	75.0	100.0
349.6011512	75.0	100.0
349.62384710000015	75.0	100.0
349.6441727000001	75.0	100.0
349.6637088	75.0	100.0
349.6861633000001	75.0	100.0
349.7025815000002	75.0	100.0
349.7216879	75.0	100.0
349.7425919	75.0	100.0
349.7618281	75.0	100.0
349.7845672000001	75.0	100.0
349.80437359999996	75.0	100.0
349.8229446	75.0	100.0
349.84250540000016	75.0	100.0
349.86208740000006	75.0	100.0
349.8829684	75.0	100.0
349.90239829999996	75.0	100.0
349.92278540000007	75.0	100.0
349.9427934	75.0	100.0
349.96445740000013	75.0	100.0
349.9832156	75.0	100.0
350.00262880000014	75.0	100.0
350.0227794	75.0	100.0
350.0427787000001	75.0	100.0
350.0623421	75.0	100.0
350.0824474000001	75.0	100.0
350.1032298	75.0	100.0
350.12509480000017	75.0	100.0
350.1439488000001	75.0	100.0
350.16276000000016	75.0	100.0
350.1826079	75.0	100.0
350.20634960000007	75.0	100.0
350.22352560000013	75.0	100.0
350.24301030000015	75.0	100.0
350.2636989	75.0	100.0
350.2851680000001	75.0	100.0
350.30647680000015	75.0	100.0
350.32315560000006	75.0	100.0
350.3427746	75.0	100.0
350.3664566	75.0	100.0
350.3828946000001	75.0	100.0
350.40294600000016	75.0	100.0
350.42387099999996	75.0	100.0
350.4474945000002	75.0	100.0
350.46373790000007	75.0	100.0
350.4830035	75.0	100.0
350.5029830000001	75.0	100.0
350.5239821	75.0	100.0
350.5430592	75.0	100.0
350.5629742000001	75.0	100.0
350.5854180000001	75.0	100.0
350.60520910000014	75.0	100.0
350.62439370000016	75.0	100.0
350.64391350000005	75.0	100.0
350.66363020000017	75.0	100.0
350.6827809000001	75.0	100.0
350.7041630000001	75.0	100.0
350.72780090000015	75.0	100.0
350.74367440000015	75.0	100.0
350.7654996000001	75.0	100.0
350.78330860000005	75.0	100.0
350.80356830000005	75.0	100.0
350.8273355000001	75.0	100.0
350.8421993000002	75.0	100.0
350.86363010000014	75.0	100.0
350.88328550000006	75.0	100.0
350.9038944000001	75.0	100.0
350.92851910000013	75.0	100.0
350.9437921000001	75.0	100.0
350.96291070000007	75.0	100.0
350.9831393000002	75.0	100.0
351.00392639999995	75.0	100.0
351.0236825000002	75.0	100.0
351.04341820000013	75.0	100.0
351.06504370000016	75.0	100.0
351.0870467	75.0	100.0
351.1047847	75.0	100.0
351.12350630000014	75.0	100.0
351.14472180000007	75.0	100.0
351.16458650000004	75.0	100.0
351.1847222000001	75.0	100.0
351.20646150000016	75.0	100.0
351.2251745000001	75.0	100.0
351.24953470000014	75.0	100.0
351.2647794000002	75.0	100.0
351.2842435	75.0	100.0
351.3044629000001	75.0	100.0
351.32435940000005	75.0	100.0
351.34864860000016	75.0	100.0
351.364814	75.0	100.0
351.3847152000001	75.0	100.0
351.4069499	75.0	100.0
351.4244903000001	75.0	100.0
351.44433920000006	75.0	100.0
351.4652580000002	75.0	100.0
351.48443020000013	74.0	100.0
351.5043458	74.0	100.0
351.5245738000001	74.0	100.0
351.545742	74.0	100.0
351.56587779999995	74.0	100.0
351.58813140000007	74.0	100.0
351.6050467	74.0	100.0
351.62516440000013	74.0	100.0
351.64472020000017	74.0	100.0
351.6644731000001	74.0	100.0
351.68463169999995	74.0	100.0
351.7047650000002	74.0	100.0
351.7269324000001	74.0	100.0
351.7447555000001	74.0	100.0
351.7685249000001	74.0	100.0
351.78578600000014	74.0	100.0
351.80414900000005	74.0	100.0
351.8251645	74.0	100.0
351.8450901000001	74.0	100.0
351.8696387	74.0	100.0
351.88674349999997	74.0	100.0
351.90554310000016	74.0	100.0
351.9250084	74.0	100.0
351.94420190000005	74.0	100.0
351.9687759000001	74.0	100.0
351.9801159000001	74.0	100.0
352.00385660000006	74.0	100.0
352.0182245000001	74.0	100.0
352.03960359999996	74.0	100.0
352.0573524000001	74.0	100.0
352.0832620000001	74.0	100.0
352.10420820000013	74.0	100.0
352.1254844	74.0	100.0
352.1449566000001	74.0	100.0
352.16451789999996	74.0	100.0
352.1809846000001	74.0	100.0
352.1999627	74.0	100.0
352.2188397	74.0	100.0
352.2411803	74.0	100.0
352.26267759999996	74.0	100.0
352.28349520000006	74.0	100.0
352.30454010000017	74.0	100.0
352.32619569999997	74.0	100.0
352.34919820000005	74.0	100.0
352.3668047000001	74.0	100.0
352.3896651	74.0	100.0
352.40537510000013	74.0	100.0
352.42539080000006	74.0	100.0
352.4453803000001	74.0	100.0
352.47111330000007	74.0	100.0
352.489055	73.0	100.0
352.50541610000005	73.0	100.0
352.5268704	73.0	100.0
352.54575390000014	73.0	100.0
352.5650928	73.0	100.0
352.58542439999997	73.0	100.0
352.60486420000007	73.0	100.0
352.62628940000013	73.0	100.0
352.64494660000014	73.0	100.0
352.6658503000001	73.0	100.0
352.68760599999996	73.0	100.0
352.70477359999995	73.0	100.0
352.7249312000001	73.0	100.0
352.74506500000007	73.0	100.0
352.7656713000001	73.0	100.0
352.7880077	73.0	100.0
352.80495910000013	73.0	100.0
352.82653330000016	73.0	100.0
352.8474735	73.0	100.0
352.86616430000004	73.0	100.0
352.88795630000004	73.0	100.0
352.9064922	73.0	100.0
352.92685870000014	73.0	100.0
352.94731980000006	73.0	100.0
352.9654339000001	73.0	100.0
352.98622380000006	73.0	100.0
353.012207	73.0	100.0
353.0263648	73.0	100.0
353.0464905000001	73.0	100.0
353.0657532	73.0	100.0
353.08586400000013	73.0	100.0
353.10584540000013	73.0	100.0
353.1265988	73.0	100.0
353.1467732000001	73.0	100.0
353.16865329999996	73.0	100.0
353.18642910000017	73.0	100.0
353.2054313000001	73.0	100.0
353.2265049	73.0	100.0
353.2456555000001	73.0	100.0
353.2659384000001	73.0	100.0
353.28631859999996	73.0	100.0
353.30708330000016	73.0	100.0
353.32941830000004	73.0	100.0
353.34662890000004	73.0	100.0
353.36653060000003	73.0	100.0
353.38609840000004	73.0	100.0
353.40663010000003	73.0	100.0
353.4300994	73.0	100.0
353.4466352000002	73.0	100.0
353.46856909999997	73.0	100.0
353.48822170000017	73.0	100.0
353.50635580000016	73.0	100.0
353.5303551000002	73.0	100.0
353.5464756000001	73.0	100.0
353.56584440000006	73.0	100.0
353.58675110000013	73.0	100.0
353.60673880000013	73.0	100.0
353.62808280000013	73.0	100.0
353.64927120000016	73.0	100.0
353.66694970000003	73.0	100.0
353.68682609999996	73.0	100.0
353.70682750000014	73.0	100.0
353.7265846	73.0	100.0
353.7466267	73.0	100.0
353.7665178	73.0	100.0
353.7877654000001	73.0	100.0
353.80859320000013	73.0	100.0
353.82707670000013	73.0	100.0
353.8468336000001	73.0	100.0
353.86892839999996	73.0	100.0
353.8876444	73.0	100.0
353.9068645	73.0	100.0
353.9276441000002	73.0	100.0
353.9519414000001	73.0	100.0
353.97139330000005	73.0	100.0
353.98704180000004	73.0	100.0
354.0047297000001	73.0	100.0
354.02692360000015	73.0	100.0
354.05082460000017	73.0	100.0
354.06812860000014	73.0	100.0
354.08673620000013	73.0	100.0
354.10774260000017	73.0	100.0
354.1283169000001	73.0	100.0
354.14707050000015	73.0	100.0
354.1666993000001	73.0	100.0
354.1893027000001	73.0	100.0
354.20761460000017	73.0	100.0
354.2257618000001	73.0	100.0
354.24578470000006	73.0	100.0
354.26869980000015	73.0	100.0
354.28974140000014	73.0	100.0
354.3079961000001	73.0	100.0
354.3267459000001	73.0	100.0
354.3475171	73.0	100.0
354.3708157000001	73.0	100.0
354.387917	73.0	100.0
354.4076493	73.0	100.0
354.42907430000014	73.0	100.0
354.4482468000001	73.0	100.0
354.47256570000013	73.0	100.0
354.48909260000005	72.0	100.0
354.50846509999997	72.0	100.0
354.52780010000015	72.0	100.0
354.54865889999996	72.0	100.0
354.56795290000014	72.0	100.0
354.58823860000007	72.0	100.0
354.60950060000005	72.0	100.0
354.6288499	72.0	100.0
354.64813730000014	72.0	100.0
354.6688438000001	72.0	100.0
354.6882742	72.0	100.0
354.7082168000002	72.0	100.0
354.7287761	72.0	100.0
354.74915450000003	72.0	100.0
354.76960510000004	72.0	100.0
354.7906830000002	72.0	100.0
354.8076748000001	72.0	100.0
354.82800440000005	72.0	100.0
354.847943	72.0	100.0
354.8678804000001	72.0	100.0
354.8879141	72.0	100.0
354.90841550000005	72.0	100.0
354.93032730000004	72.0	100.0
354.9474974	72.0	100.0
354.96811090000006	72.0	100.0
354.99201270000003	72.0	100.0
355.00838610000005	72.0	100.0
355.0297972000001	72.0	100.0
355.0488702	72.0	100.0
355.06990050000013	72.0	100.0
355.09434380000016	72.0	100.0
355.1091935000002	72.0	100.0
355.12868219999996	72.0	100.0
355.1483203	72.0	100.0
355.16841580000005	72.0	100.0
355.19343530000015	72.0	100.0
355.20930220000014	72.0	100.0
355.2303515000001	72.0	100.0
355.2526498	72.0	100.0
355.2692941	72.0	100.0
355.2882108000001	72.0	100.0
355.30875390000006	72.0	100.0
355.32934680000017	72.0	100.0
355.3484079	72.0	100.0
355.369064	72.0	100.0
355.38961059999997	72.0	100.0
355.4106902000001	72.0	100.0
355.4292039000002	72.0	100.0
355.44829890000005	72.0	100.0
355.47114320000014	72.0	100.0
355.48919810000007	71.0	100.0
355.5134952000001	71.0	100.0
355.5290223000002	71.0	100.0
355.5480613	71.0	100.0
355.5714150000001	71.0	100.0
355.58949970000003	71.0	100.0
355.6128962	71.0	100.0
355.6293852000001	71.0	100.0
355.6489475000001	71.0	100.0
355.66895020000015	71.0	100.0
355.6884424	71.0	100.0
355.71238800000015	71.0	100.0
355.7310520000001	71.0	100.0
355.7496322000002	71.0	100.0
355.76851669999996	71.0	100.0
355.7916765	71.0	100.0
355.8095062	71.0	100.0
355.82890240000006	71.0	100.0
355.8492648000001	71.0	100.0
355.8705278	71.0	100.0
355.89243940000006	71.0	100.0
355.91088250000007	71.0	100.0
355.9305846	71.0	100.0
355.9492872000001	71.0	100.0
355.9693102000001	71.0	100.0
355.9890646000001	71.0	100.0
356.0094087	71.0	100.0
356.034318	71.0	100.0
356.0518697	71.0	100.0
356.0698520000001	71.0	100.0
356.08961969999996	71.0	100.0
356.1096775000001	71.0	100.0
356.133924	71.0	100.0
356.15019240000015	71.0	100.0
356.1703944000001	71.0	100.0
356.1905838	71.0	100.0
356.2123153	71.0	100.0
356.23434910000014	71.0	100.0
356.24922000000015	71.0	100.0
356.2709073000001	71.0	100.0
356.2899285000001	71.0	100.0
356.3092022000001	71.0	100.0
356.33091590000004	71.0	100.0
356.35439910000014	71.0	100.0
356.37241330000006	71.0	100.0
356.39073830000007	71.0	100.0
356.41073170000004	71.0	100.0
356.43114760000003	71.0	100.0
356.4489466	71.0	100.0
356.4711122000001	71.0	100.0
356.48961340000005	72.0	100.0
356.5105532	72.0	100.0
356.5331404000001	72.0	100.0
356.55021080000006	72.0	100.0
356.5703800000001	72.0	100.0
356.5910338000001	72.0	100.0
356.6103462000001	72.0	100.0
356.6311175000001	72.0	100.0
356.65433240000016	72.0	100.0
356.6712626000001	72.0	100.0
356.69219610000005	72.0	100.0
356.7112703	72.0	100.0
356.7307415	72.0	100.0
356.75122310000006	72.0	100.0
356.7712004	72.0	100.0
356.79053050000016	72.0	100.0
356.8107894	72.0	100.0
356.8327838	72.0	100.0
356.85750670000016	72.0	100.0
356.87077610000006	72.0	100.0
356.89052400000014	72.0	100.0
356.910357	72.0	100.0
356.9312745	72.0	100.0
356.95090890000006	72.0	100.0
356.97092010000006	72.0	100.0
356.99223210000014	72.0	100.0
357.0134807000002	72.0	100.0
357.0317478000002	72.0	100.0
357.0514866000001	72.0	100.0
357.07250480000016	72.0	100.0
357.09073060000014	72.0	100.0
357.1118745000001	72.0	100.0
357.13199120000013	72.0	100.0
357.1524666	72.0	100.0
357.17780930000004	72.0	100.0
357.1916016	72.0	100.0
357.21127709999996	72.0	100.0
357.2310196000001	72.0	100.0
357.25198420000015	72.0	100.0
357.2757133	72.0	100.0
357.2918144	72.0	100.0
357.31228899999996	72.0	100.0
357.33410030000005	72.0	100.0
357.3521429	72.0	100.0
357.3721972000001	72.0	100.0
357.3907107	72.0	100.0
357.41096489999995	72.0	100.0
357.4319306	72.0	100.0
357.4529946	72.0	100.0
357.4734776	72.0	100.0
357.49479870000005	70.0	100.0
357.51238290000015	70.0	100.0
357.53246809999996	70.0	100.0
357.5527357000001	70.0	100.0
357.57130230000007	70.0	100.0
357.5924585	70.0	100.0
357.6123956000001	70.0	100.0
357.63260490000016	70.0	100.0
357.65515100000016	70.0	100.0
357.6720524	70.0	100.0
357.6961805000001	70.0	100.0
357.71293860000014	70.0	100.0
357.7327765	70.0	100.0
357.75328390000004	70.0	100.0
357.7726606000001	70.0	100.0
357.79299349999997	70.0	100.0
357.81512150000003	70.0	100.0
357.83248460000004	70.0	100.0
357.85272810000015	70.0	100.0
357.8728957000001	70.0	100.0
357.89282860000003	70.0	100.0
357.91308930000014	70.0	100.0
357.93265399999996	70.0	100.0
357.9529067000001	70.0	100.0
357.9745212	70.0	100.0
357.9929443000001	70.0	100.0
358.012747	70.0	100.0
358.03317549999997	70.0	100.0
358.05267690000005	70.0	100.0
358.0732658000002	70.0	100.0
358.09303350000005	70.0	100.0
358.11386860000016	70.0	100.0
358.1358513	70.0	100.0
358.15297069999997	70.0	100.0
358.1725865000001	70.0	100.0
358.19317060000003	70.0	100.0
358.2169094000001	70.0	100.0
358.23331140000005	70.0	100.0
358.2527017	70.0	100.0
358.2746268000001	70.0	100.0
358.29510260000006	70.0	100.0
358.31197599999996	70.0	100.0
358.33297130000005	70.0	100.0
358.35368270000004	70.0	100.0
358.3745368	70.0	100.0
358.3933049	70.0	100.0
358.4162947	70.0	100.0
358.4342819000001	70.0	100.0
358.45563319999997	70.0	100.0
358.4724126000001	70.0	100.0
358.4934374000002	69.0	100.0
358.51366410000014	69.0	100.0
358.5333314000002	69.0	100.0
358.55301140000006	69.0	100.0
358.57317409999996	69.0	100.0
358.59486319999996	69.0	100.0
358.61665560000006	69.0	100.0
358.6344226000001	69.0	100.0
358.65328769999996	69.0	100.0
358.67350580000016	69.0	100.0
358.69385910000005	69.0	100.0
358.71267850000004	69.0	100.0
358.7372391000001	69.0	100.0
358.75448070000016	69.0	100.0
358.7749814000001	69.0	100.0
358.7961269	69.0	100.0
358.8137183000001	69.0	100.0
358.83756900000003	69.0	100.0
358.8533843	69.0	100.0
358.8734810000001	69.0	100.0
358.89323660000014	69.0	100.0
358.9143286000001	69.0	100.0
358.94003380000004	69.0	100.0
358.95415950000006	69.0	100.0
358.97323370000004	69.0	100.0
358.99345500000004	69.0	100.0
359.0136685	69.0	100.0
359.03547890000004	69.0	100.0
359.0539665000001	69.0	100.0
359.07449629999996	69.0	100.0
359.09726850000015	69.0	100.0
359.1140723000001	69.0	100.0
359.13430140000014	69.0	100.0
359.1537165	69.0	100.0
359.17406159999996	69.0	100.0
359.1937150000001	69.0	100.0
359.21403280000004	69.0	100.0
359.23507740000014	69.0	100.0
359.2560462000001	69.0	100.0
359.27428080000004	69.0	100.0
359.2935808	69.0	100.0
359.314527	69.0	100.0
359.3344038	69.0	100.0
359.3582682000001	69.0	100.0
359.3744879000001	69.0	100.0
359.3952554	69.0	100.0
359.4168072	69.0	100.0
359.4342594	69.0	100.0
359.4582266	69.0	100.0
359.47555810000017	69.0	100.0
359.4949038	68.0	100.0
359.5149424000001	68.0	100.0
359.5351432	68.0	100.0
359.55476480000016	68.0	100.0
359.5762135	68.0	100.0
359.5917943000002	68.0	100.0
359.61288349999995	68.0	100.0
359.6337364000001	68.0	100.0
359.65436650000015	68.0	100.0
359.6747881000001	68.0	100.0
359.6942563	68.0	100.0
359.7152321000001	68.0	100.0
359.7372176000001	68.0	100.0
359.75503000000003	68.0	100.0
359.77479730000005	68.0	100.0
359.79505110000014	68.0	100.0
359.8149062	68.0	100.0
359.83480870000017	68.0	100.0
359.85499430000004	68.0	100.0
359.8771925000001	68.0	100.0
359.89705990000016	68.0	100.0
359.9150874000002	68.0	100.0
359.9360244000002	68.0	100.0
359.9548238	68.0	100.0
359.9784098	68.0	100.0
359.99477	68.0	100.0
360.0152759	68.0	100.0
360.0365703	68.0	100.0
360.0573664000001	68.0	100.0
360.07558140000015	68.0	100.0
360.09476500000005	68.0	100.0
360.1159903	68.0	100.0
360.1359701000001	68.0	100.0
360.1547726000001	68.0	100.0
360.17483200000015	68.0	100.0
360.19627590000005	68.0	100.0
360.217717	68.0	100.0
360.2346229	68.0	100.0
360.25514210000006	68.0	100.0
360.2749255000001	68.0	100.0
360.2945356	68.0	100.0
360.31531340000015	68.0	100.0
360.3356023000001	68.0	100.0
360.3555868000001	68.0	100.0
360.3768774	68.0	100.0
360.39997930000004	68.0	100.0
360.4160031000001	68.0	100.0
360.43622189999996	68.0	100.0
360.45582149999996	68.0	100.0
360.47614169999997	68.0	100.0
360.49938180000004	68.0	100.0
360.5160966000001	68.0	100.0
360.5375861	68.0	100.0
360.5564567000001	68.0	100.0
360.57582449999995	68.0	100.0
360.5961711	68.0	100.0
360.61668970000005	68.0	100.0
360.63699070000007	68.0	100.0
360.6561465	68.0	100.0
360.6768833000001	68.0	100.0
360.7021565	68.0	100.0
360.71595130000014	68.0	100.0
360.7365622	68.0	100.0
360.7561105	68.0	100.0
360.77556900000013	68.0	100.0
360.79682620000017	68.0	100.0
360.81615090000014	68.0	100.0
360.83722680000005	68.0	100.0
360.85756850000007	68.0	100.0
360.8766008	68.0	100.0
360.8961474	68.0	100.0
360.9202384	68.0	100.0
360.9367479	68.0	100.0
360.9570315000001	68.0	100.0
360.9767729	68.0	100.0
360.99590390000003	68.0	100.0
361.021939	68.0	100.0
361.03752340000005	68.0	100.0
361.05656940000017	68.0	100.0
361.07670440000015	68.0	100.0
361.09653249999997	68.0	100.0
361.1170889	68.0	100.0
361.13680880000015	68.0	100.0
361.15719220000005	68.0	100.0
361.17785070000014	68.0	100.0
361.1968194000001	68.0	100.0
361.21683200000007	68.0	100.0
361.2365781000001	68.0	100.0
361.2568625000001	68.0	100.0
361.27718619999996	68.0	100.0
361.29651190000004	68.0	100.0
361.3175721	68.0	100.0
361.34076030000006	68.0	100.0
361.3567398	68.0	100.0
361.37713870000016	68.0	100.0
361.39679810000007	68.0	100.0
361.4162590000001	68.0	100.0
361.4407572	68.0	100.0
361.4572849000001	68.0	100.0
361.47853110000005	68.0	100.0
361.49971830000004	70.0	100.0
361.51655630000005	70.0	100.0
361.54189970000016	70.0	100.0
361.5569279000001	70.0	100.0
361.57617060000007	70.0	100.0
361.59684830000015	70.0	100.0
361.61662390000015	70.0	100.0
361.64190180000014	70.0	100.0
361.65917320000017	70.0	100.0
361.6769548	70.0	100.0
361.69683980000013	70.0	100.0
361.7166850000001	70.0	100.0
361.73663750000014	70.0	100.0
361.7570671000001	70.0	100.0
361.7763669000001	70.0	100.0
361.80043969999997	70.0	100.0
361.81880880000017	70.0	100.0
361.83742400000006	70.0	100.0
361.85681980000004	70.0	100.0
361.8767458	70.0	100.0
361.89663570000016	70.0	100.0
361.91683910000006	70.0	100.0
361.9371021000002	70.0	100.0
361.9618349	70.0	100.0
361.9803488	70.0	100.0
361.9966466000001	70.0	100.0
362.0163742	70.0	100.0
362.03755509999996	70.0	100.0
362.0617132	70.0	100.0
362.07718880000016	70.0	100.0
362.09747360000006	70.0	100.0
362.11856950000015	70.0	100.0
362.1387237000001	70.0	100.0
362.16331579999996	70.0	100.0
362.1777854000002	70.0	100.0
362.1971811000001	70.0	100.0
362.2175328000001	70.0	100.0
362.23740850000013	70.0	100.0
362.25692520000007	70.0	100.0
362.2783657	70.0	100.0
362.30053840000005	70.0	100.0
362.3190419	70.0	100.0
362.33808780000004	70.0	100.0
362.3574509	70.0	100.0
362.37790940000014	70.0	100.0
362.3973353000001	70.0	100.0
362.4172506	70.0	100.0
362.43766700000015	70.0	100.0
362.45841170000017	70.0	100.0
362.48172120000004	70.0	100.0
362.49814850000007	71.0	100.0
362.5178129000001	71.0	100.0
362.5371536	71.0	100.0
362.5574374	71.0	100.0
362.57719050000014	71.0	100.0
362.5984237	71.0	100.0
362.62026030000015	71.0	100.0
362.6383907000002	71.0	100.0
362.65769450000016	71.0	100.0
362.68170800000007	71.0	100.0
362.6969993	71.0	100.0
362.71725600000013	71.0	100.0
362.7370541	71.0	100.0
362.75755690000005	71.0	100.0
362.78078900000014	71.0	100.0
362.7985413000001	71.0	100.0
362.8175391	71.0	100.0
362.83778159999997	71.0	100.0
362.8575862	71.0	100.0
362.87757520000014	71.0	100.0
362.89832780000006	71.0	100.0
362.9184484	71.0	100.0
362.9410680000001	71.0	100.0
362.95861450000007	71.0	100.0
362.9781015000001	71.0	100.0
362.9977099	71.0	100.0
363.01860650000003	71.0	100.0
363.0387799	71.0	100.0
363.05852360000017	71.0	100.0
363.07872910000015	71.0	100.0
363.09991990000003	71.0	100.0
363.11758380000015	71.0	100.0
363.13871270000004	71.0	100.0
363.15843889999996	71.0	100.0
363.17722730000014	71.0	100.0
363.2028047000001	71.0	100.0
363.2170857000001	71.0	100.0
363.23889870000016	71.0	100.0
363.2606227000001	71.0	100.0
363.27871670000013	71.0	100.0
363.2970878000001	71.0	100.0
363.3175549	71.0	100.0
363.3389767000001	71.0	100.0
363.3624618000001	71.0	100.0
363.3784092000001	71.0	100.0
363.39895690000003	71.0	100.0
363.42096200000015	71.0	100.0
363.4390707	71.0	100.0
363.4588262	71.0	100.0
363.479881	71.0	100.0
363.4992019000001	72.0	100.0
363.5196086000001	72.0	100.0
363.5391225000001	72.0	100.0
363.55876209999997	72.0	100.0
363.5808147	72.0	100.0
363.59898350000003	72.0	100.0
363.62234480000006	72.0	100.0
363.63920099999996	72.0	100.0
363.658958	72.0	100.0
363.6784633	72.0	100.0
363.6993608	72.0	100.0
363.72245010000006	72.0	100.0
363.74102130000006	72.0	100.0
363.75874780000004	72.0	100.0
363.7787919	72.0	100.0
363.79895150000016	72.0	100.0
363.8187785	72.0	100.0
363.83963200000017	72.0	100.0
363.85862010000005	72.0	100.0
363.87885170000004	72.0	100.0
363.9007138000002	72.0	100.0
363.919813	72.0	100.0
363.9396782000001	72.0	100.0
363.95875420000016	72.0	100.0
363.97987420000004	72.0	100.0
364.0000368000001	72.0	100.0
364.0200036000001	72.0	100.0
364.0442445000001	72.0	100.0
364.06094840000014	72.0	100.0
364.0798889	72.0	100.0
364.0998447000002	72.0	100.0
364.1188753000001	72.0	100.0
364.1430481	72.0	100.0
364.16013940000016	72.0	100.0
364.1795809	72.0	100.0
364.2003621000001	72.0	100.0
364.221	72.0	100.0
364.2429316	72.0	100.0
364.25962330000016	72.0	100.0
364.28035840000007	72.0	100.0
364.2996611000001	72.0	100.0
364.32053240000005	72.0	100.0
364.34083980000014	72.0	100.0
364.3616423000001	72.0	100.0
364.38225120000016	72.0	100.0
364.40041840000004	72.0	100.0
364.41942730000005	72.0	100.0
364.4397321000001	72.0	100.0
364.4602589000001	72.0	100.0
364.48065280000014	72.0	100.0
364.5003752	72.0	100.0
364.52066220000006	72.0	100.0
364.5426051000002	72.0	100.0
364.55997060000004	72.0	100.0
364.5806728	72.0	100.0
364.6005848	72.0	100.0
364.6211337	72.0	100.0
364.6411816	72.0	100.0
364.66368650000004	72.0	100.0
364.6809010000002	72.0	100.0
364.70248319999996	72.0	100.0
364.7200343000002	72.0	100.0
364.74055420000013	72.0	100.0
364.7643244000001	72.0	100.0
364.77988490000007	72.0	100.0
364.8024302000001	72.0	100.0
364.82007769999996	72.0	100.0
364.8404208000002	72.0	100.0
364.8654518000001	72.0	100.0
364.8803210000001	72.0	100.0
364.8997191000001	72.0	100.0
364.92119030000003	72.0	100.0
364.94064090000006	72.0	100.0
364.9600749000001	72.0	100.0
364.9811747000001	72.0	100.0
365.0006806000001	72.0	100.0
365.02177589999997	72.0	100.0
365.0409711	72.0	100.0
365.0602543	72.0	100.0
365.08048970000004	72.0	100.0
365.1002274	72.0	100.0
365.12106960000006	72.0	100.0
365.1411613	72.0	100.0
365.1609794000001	72.0	100.0
365.18379530000016	72.0	100.0
365.2002626000001	72.0	100.0
365.2201970000001	72.0	100.0
365.24138230000017	72.0	100.0
365.2606780000001	72.0	100.0
365.2849351	72.0	100.0
365.3009479	72.0	100.0
365.32127760000003	72.0	100.0
365.34654380000006	72.0	100.0
365.3612420000002	72.0	100.0
365.38459680000005	72.0	100.0
365.40091000000007	72.0	100.0
365.4201485000001	72.0	100.0
365.44099389999997	72.0	100.0
365.4612886	72.0	100.0
365.48326440000005	72.0	100.0
365.50413320000007	74.0	100.0
365.5218748	74.0	100.0
365.5426153000001	74.0	100.0
365.56097450000016	74.0	100.0
365.58159969999997	74.0	100.0
365.60220530000015	74.0	100.0
365.61937890000013	74.0	100.0
365.64499079999996	74.0	100.0
365.66260120000015	74.0	100.0
365.68124920000014	74.0	100.0
365.70483620000005	74.0	100.0
365.7215192000001	74.0	100.0
365.7411463000001	74.0	100.0
365.7610115	74.0	100.0
365.7803748000001	74.0	100.0
365.8056689	74.0	100.0
365.82442749999996	74.0	100.0
365.8427941	74.0	100.0
365.8612594000001	74.0	100.0
365.8814460000001	74.0	100.0
365.90583800000013	74.0	100.0
365.9214021	74.0	100.0
365.94154530000014	74.0	100.0
365.9624939	74.0	100.0
365.98280139999997	74.0	100.0
366.0016604	74.0	100.0
366.0217536	74.0	100.0
366.0421873	74.0	100.0
366.0614759	74.0	100.0
366.08230419999995	74.0	100.0
366.10149690000003	74.0	100.0
366.1221385000001	74.0	100.0
366.1443594	74.0	100.0
366.16023859999996	74.0	100.0
366.18169179999995	74.0	100.0
366.2017393000001	74.0	100.0
366.2207390000001	74.0	100.0
366.2412849	74.0	100.0
366.2598015000001	74.0	100.0
366.28032040000016	74.0	100.0
366.30179139999996	74.0	100.0
366.32518230000005	74.0	100.0
366.34145720000015	74.0	100.0
366.36582710000016	74.0	100.0
366.38100610000015	74.0	100.0
366.4022986	74.0	100.0
366.42575050000005	74.0	100.0
366.44332069999996	74.0	100.0
366.46505030000003	74.0	100.0
366.48344910000014	74.0	100.0
366.50254760000007	75.0	100.0
366.52231210000014	75.0	100.0
366.542277	75.0	100.0
366.5624874	75.0	100.0
366.5823702	75.0	100.0
366.60245039999995	75.0	100.0
366.6239945	75.0	100.0
366.6421206	75.0	100.0
366.66215550000015	75.0	100.0
366.6825705000001	75.0	100.0
366.70484039999997	75.0	100.0
366.72143660000006	75.0	100.0
366.74021170000015	75.0	100.0
366.7627337000001	75.0	100.0
366.78379930000006	75.0	100.0
366.80278369999996	75.0	100.0
366.82130840000013	75.0	100.0
366.8459614000001	75.0	100.0
366.86245600000007	75.0	100.0
366.8815769	75.0	100.0
366.9011788	75.0	100.0
366.9228835000001	75.0	100.0
366.9440356	75.0	100.0
366.9621439	75.0	100.0
366.98285340000007	75.0	100.0
367.00287720000006	75.0	100.0
367.0227245000001	75.0	100.0
367.0427399	75.0	100.0
367.06222300000013	75.0	100.0
367.0868640000001	75.0	100.0
367.10582450000015	75.0	100.0
367.12341690000017	75.0	100.0
367.1414665	75.0	100.0
367.1622735000001	75.0	100.0
367.18146090000005	75.0	100.0
367.20274170000016	75.0	100.0
367.2224804	75.0	100.0
367.24303699999996	75.0	100.0
367.26432910000017	75.0	100.0
367.28335570000013	75.0	100.0
367.30259380000007	75.0	100.0
367.3224874	75.0	100.0
367.343081	75.0	100.0
367.3664394	75.0	100.0
367.3830445000001	75.0	100.0
367.40360940000005	75.0	100.0
367.42505189999997	75.0	100.0
367.4441409000001	75.0	100.0
367.4632861	75.0	100.0
367.4841609	75.0	100.0
367.5028642	76.0	100.0
367.52274220000004	76.0	100.0
367.54267419999996	76.0	100.0
367.56448980000005	76.0	100.0
367.58470910000005	76.0	100.0
367.6042930000001	76.0	100.0
367.62311780000005	76.0	100.0
367.64422430000013	76.0	100.0
367.66247510000017	76.0	100.0
367.6827187000001	76.0	100.0
367.7031142000001	76.0	100.0
367.72370850000016	76.0	100.0
367.7454110000001	76.0	100.0
367.76343410000004	76.0	100.0
367.78279840000005	76.0	100.0
367.80466420000016	76.0	100.0
367.8241421	76.0	100.0
367.844065	76.0	100.0
367.8628288	76.0	100.0
367.8882576000001	76.0	100.0
367.9055508000001	76.0	100.0
367.92376620000005	76.0	100.0
367.9443387000001	76.0	100.0
367.96249009999997	76.0	100.0
367.9857611	76.0	100.0
368.00361210000005	76.0	100.0
368.02299489999996	76.0	100.0
368.0445774	76.0	100.0
368.0657946000001	76.0	100.0
368.08441140000014	76.0	100.0
368.1043602	76.0	100.0
368.12432160000003	76.0	100.0
368.14388600000007	76.0	100.0
368.1642661000001	76.0	100.0
368.1839669000001	76.0	100.0
368.20489150000003	76.0	100.0
368.2249719000001	76.0	100.0
368.2441496000001	76.0	100.0
368.2627544000002	76.0	100.0
368.2829183000001	76.0	100.0
368.3021126000001	76.0	100.0
368.32187840000006	76.0	100.0
368.3437321000001	76.0	100.0
368.36379910000005	76.0	100.0
368.38597660000005	76.0	100.0
368.4097108000001	76.0	100.0
368.4246459000001	76.0	100.0
368.44451849999996	76.0	100.0
368.46413959999995	76.0	100.0
368.48505410000007	76.0	100.0
368.5065175	77.0	100.0
368.5251138000001	77.0	100.0
368.5464963000002	77.0	100.0
368.56416850000005	77.0	100.0
368.58458029999997	77.0	100.0
368.6055417	77.0	100.0
368.62480460000006	77.0	100.0
368.64449690000015	77.0	100.0
368.663014	77.0	100.0
368.68438660000015	77.0	100.0
368.70518000000015	77.0	100.0
368.71860630000015	77.0	100.0
368.7369424000001	77.0	100.0
368.756854	77.0	100.0
368.7767431	77.0	100.0
368.8021927	77.0	100.0
368.82180730000005	77.0	100.0
368.84455019999996	77.0	100.0
368.8650387	77.0	100.0
368.88421800000015	77.0	100.0
368.9046003000001	77.0	100.0
368.9284150000001	77.0	100.0
368.9449247	77.0	100.0
368.9645686000001	77.0	100.0
368.9838516	77.0	100.0
369.00473450000004	77.0	100.0
369.0299622	77.0	100.0
369.0451785	77.0	100.0
369.0647021	77.0	100.0
369.08422670000004	77.0	100.0
369.10427690000006	77.0	100.0
369.12669890000006	77.0	100.0
369.144311	77.0	100.0
369.1644387000001	77.0	100.0
369.1847626000001	77.0	100.0
369.2043163000001	77.0	100.0
369.2247357000001	77.0	100.0
369.24508030000015	77.0	100.0
369.26440160000016	77.0	100.0
369.2850965	77.0	100.0
369.30478760000005	77.0	100.0
369.32514979999996	77.0	100.0
369.35087410000006	77.0	100.0
369.3651916000001	77.0	100.0
369.3850407	77.0	100.0
369.40509110000016	77.0	100.0
369.4243507000001	77.0	100.0
369.44924220000007	77.0	100.0
369.4649244	77.0	100.0
369.4861459000001	77.0	100.0
369.50671580000017	78.0	100.0
369.5254662	78.0	100.0
369.5489844000001	78.0	100.0
369.56506179999997	78.0	100.0
369.5846983000001	78.0	100.0
369.60491479999996	78.0	100.0
369.6249037	78.0	100.0
369.6499602000001	78.0	100.0
369.6684275	78.0	100.0
369.68519760000004	78.0	100.0
369.7045167000001	78.0	100.0
369.725044	78.0	100.0
369.7452069000001	78.0	100.0
369.7647809	78.0	100.0
369.785584	78.0	100.0
369.80658470000003	78.0	100.0
369.82667690000017	78.0	100.0
369.84540930000003	78.0	100.0
369.8652353	78.0	100.0
369.885227	78.0	100.0
369.9050943	78.0	100.0
369.92518280000013	78.0	100.0
369.94604290000007	78.0	100.0
369.9691770000002	78.0	100.0
369.9886784	78.0	100.0
370.00529170000004	78.0	100.0
370.0253921000001	78.0	100.0
370.0456346000001	78.0	100.0
370.0690181	78.0	100.0
370.08446560000016	78.0	100.0
370.10510820000013	78.0	100.0
370.1249806000001	78.0	100.0
370.1471412000001	78.0	100.0
370.16979760000004	78.0	100.0
370.1852861	78.0	100.0
370.20520350000015	78.0	100.0
370.2257485	78.0	100.0
370.2468852000002	78.0	100.0
370.2651346	78.0	100.0
370.28663500000016	78.0	100.0
370.30865330000006	78.0	100.0
370.3258115000001	78.0	100.0
370.34664150000003	78.0	100.0
370.3699518000001	78.0	100.0
370.38485190000006	78.0	100.0
370.4059634	78.0	100.0
370.4255883000001	78.0	100.0
370.44676500000014	78.0	100.0
370.4690574000001	78.0	100.0
370.48781610000015	78.0	100.0
370.5066496000002	78.0	100.0
370.5270733	78.0	100.0
370.54646330000014	78.0	100.0
370.5663340000001	78.0	100.0
370.58979580000005	78.0	100.0
370.606728	78.0	100.0
370.62856350000015	78.0	100.0
370.64651449999997	78.0	100.0
370.66620450000005	78.0	100.0
370.6866451000001	78.0	100.0
370.70587020000016	78.0	100.0
370.7263130000001	78.0	100.0
370.74635620000004	78.0	100.0
370.7668328	78.0	100.0
370.7885421000001	78.0	100.0
370.80774280000014	78.0	100.0
370.8263595000001	78.0	100.0
370.8463878	78.0	100.0
370.86746770000013	78.0	100.0
370.88590810000005	78.0	100.0
370.90595040000017	78.0	100.0
370.92717489999995	78.0	100.0
370.94887560000006	78.0	100.0
370.96714970000016	78.0	100.0
370.98631109999997	78.0	100.0
371.0067869000002	78.0	100.0
371.0265908000001	78.0	100.0
371.04637750000006	78.0	100.0
371.0658327000001	78.0	100.0
371.08723269999996	78.0	100.0
371.1094677000001	78.0	100.0
371.12684720000016	78.0	100.0
371.1472139	78.0	100.0
371.16626710000014	78.0	100.0
371.1866010000001	78.0	100.0
371.2096326000001	78.0	100.0
371.22687500000006	78.0	100.0
371.24860320000016	78.0	100.0
371.2682473	78.0	100.0
371.28666010000006	78.0	100.0
371.30684080000015	78.0	100.0
371.32646590000013	78.0	100.0
371.34671690000005	78.0	100.0
371.3667720000001	78.0	100.0
371.38652079999997	78.0	100.0
371.40742309999996	78.0	100.0
371.42847340000003	78.0	100.0
371.44757690000006	78.0	100.0
371.4668393000002	78.0	100.0
371.4884870000001	78.0	100.0
371.5070183	77.0	100.0
371.52784740000016	77.0	100.0
371.5471029	77.0	100.0
371.5673085000001	77.0	100.0
371.58911190000003	77.0	100.0
371.6067028	77.0	100.0
371.6307445	77.0	100.0
371.6476854	77.0	100.0
371.66719190000003	77.0	100.0
371.68814010000006	77.0	100.0
371.7067713000001	77.0	100.0
371.73319000000015	77.0	100.0
371.74920740000016	77.0	100.0
371.7669432	77.0	100.0
371.7892664000001	77.0	100.0
371.8076757000001	77.0	100.0
371.8269382000001	77.0	100.0
371.8484396000001	77.0	100.0
371.86758440000017	77.0	100.0
371.88859049999996	77.0	100.0
371.90923510000016	77.0	100.0
371.92831590000014	77.0	100.0
371.9481801000002	77.0	100.0
371.96829120000007	77.0	100.0
371.98802820000014	77.0	100.0
372.0080597000001	77.0	100.0
372.0279882	77.0	100.0
372.0487111	77.0	100.0
372.06881850000013	77.0	100.0
372.08926210000004	77.0	100.0
372.10835770000017	77.0	100.0
372.12839840000015	77.0	100.0
372.15222600000016	77.0	100.0
372.16846680000003	77.0	100.0
372.1875636	77.0	100.0
372.2084054000002	77.0	100.0
372.23059780000017	77.0	100.0
372.2522368	77.0	100.0
372.2684958	77.0	100.0
372.28877710000006	77.0	100.0
372.3082428	77.0	100.0
372.3288126	77.0	100.0
372.3489558000001	77.0	100.0
372.36832260000006	77.0	100.0
372.38954420000005	77.0	100.0
372.4079362	77.0	100.0
372.4280487000001	77.0	100.0
372.44835060000014	77.0	100.0
372.46793960000014	77.0	100.0
372.4888949000001	77.0	100.0
372.50827019999997	76.0	100.0
372.5292979000001	76.0	100.0
372.5493983000001	76.0	100.0
372.5686711000001	76.0	100.0
372.58854770000016	76.0	100.0
372.6086931	76.0	100.0
372.6289319	76.0	100.0
372.6488353	76.0	100.0
372.67231400000014	76.0	100.0
372.68891010000016	76.0	100.0
372.7107682000001	76.0	100.0
372.7287410000001	76.0	100.0
372.74898099999996	76.0	100.0
372.77197190000015	76.0	100.0
372.7891882000001	76.0	100.0
372.80887770000004	76.0	100.0
372.8290316	76.0	100.0
372.8497364	76.0	100.0
372.874779	76.0	100.0
372.8884029000001	76.0	100.0
372.90954580000016	76.0	100.0
372.92900510000004	76.0	100.0
372.9486817000002	76.0	100.0
372.96892890000004	76.0	100.0
372.9883849	76.0	100.0
373.0092440000001	76.0	100.0
373.0304833	76.0	100.0
373.04938760000005	76.0	100.0
373.06928760000005	76.0	100.0
373.0890617	76.0	100.0
373.109743	76.0	100.0
373.1294504	76.0	100.0
373.14915080000014	76.0	100.0
373.1701978000001	76.0	100.0
373.1923048000001	76.0	100.0
373.2088722000001	76.0	100.0
373.2284594	76.0	100.0
373.2492929	76.0	100.0
373.2692313	76.0	100.0
373.2937865000001	76.0	100.0
373.3095085	76.0	100.0
373.3304792000001	76.0	100.0
373.35075140000004	76.0	100.0
373.3696678000001	76.0	100.0
373.3895930000001	76.0	100.0
373.4092177	76.0	100.0
373.42959540000015	76.0	100.0
373.44949210000004	76.0	100.0
373.4692421	76.0	100.0
373.4910665	76.0	100.0
373.51368720000005	76.0	100.0
373.53166899999997	76.0	100.0
373.5503507000001	76.0	100.0
373.5699422	76.0	100.0
373.58986189999996	76.0	100.0
373.60936460000016	76.0	100.0
373.6294169	76.0	100.0
373.6508354	76.0	100.0
373.67070809999996	76.0	100.0
373.68994	76.0	100.0
373.7095512000001	76.0	100.0
373.72876640000004	76.0	100.0
373.7488046000001	76.0	100.0
373.77010700000005	76.0	100.0
373.7886387000001	76.0	100.0
373.81626789999996	76.0	100.0
373.8323375	76.0	100.0
373.84231950000003	76.0	100.0
373.86219870000014	76.0	100.0
373.88275680000015	76.0	100.0
373.9020342000001	76.0	100.0
373.922278	76.0	100.0
373.94491140000014	76.0	100.0
373.9677713000001	76.0	100.0
373.9889286	76.0	100.0
374.0094044	76.0	100.0
374.02952030000006	76.0	100.0
374.0499606000001	76.0	100.0
374.06947290000016	76.0	100.0
374.09036000000015	76.0	100.0
374.1107744000001	76.0	100.0
374.13071820000005	76.0	100.0
374.1523503000001	76.0	100.0
374.17043480000007	76.0	100.0
374.19085970000015	76.0	100.0
374.2102489000001	76.0	100.0
374.2304944	76.0	100.0
374.2508293000001	76.0	100.0
374.2704834000001	76.0	100.0
374.2906283	76.0	100.0
374.3126833000001	76.0	100.0
374.3343678000001	76.0	100.0
374.3511956	76.0	100.0
374.37128440000015	76.0	100.0
374.3901839	76.0	100.0
374.4109923000001	76.0	100.0
374.4313505	76.0	100.0
374.45147480000014	76.0	100.0
374.47273740000014	76.0	100.0
374.4970350000001	76.0	100.0
374.50852699999996	78.0	100.0
374.5307236000001	78.0	100.0
374.55099940000014	78.0	100.0
374.57070010000007	78.0	100.0
374.5915521000002	78.0	100.0
374.6118356000002	78.0	100.0
374.63280910000003	78.0	100.0
374.65189540000006	78.0	100.0
374.67085540000016	78.0	100.0
374.69054800000004	78.0	100.0
374.71073939999997	78.0	100.0
374.7309825	78.0	100.0
374.75148320000017	78.0	100.0
374.7720471	78.0	100.0
374.7933849000001	78.0	100.0
374.8106659	78.0	100.0
374.8306582	78.0	100.0
374.85605210000017	78.0	100.0
374.8718384000001	78.0	100.0
374.8916644000001	78.0	100.0
374.91191630000003	78.0	100.0
374.9320176000001	78.0	100.0
374.95729370000004	78.0	100.0
374.97251170000004	78.0	100.0
374.99129100000005	78.0	100.0
375.01303670000016	78.0	100.0
375.0315193000001	78.0	100.0
375.0519018	78.0	100.0
375.07196339999996	78.0	100.0
375.0923769000001	78.0	100.0
375.1151301	78.0	100.0
375.1328368000002	78.0	100.0
375.15250760000004	78.0	100.0
375.17195749999996	78.0	100.0
375.1906894000001	78.0	100.0
375.21213490000014	78.0	100.0
375.2316786000001	78.0	100.0
375.2525547	78.0	100.0
375.27315169999997	78.0	100.0
375.2921888000001	78.0	100.0
375.31186620000017	78.0	100.0
375.3322052000001	78.0	100.0
375.35318470000016	78.0	100.0
375.3760605	78.0	100.0
375.3922407	78.0	100.0
375.4123936000001	78.0	100.0
375.4345532	78.0	100.0
375.4528381	78.0	100.0
375.47260359999996	78.0	100.0
375.4928689000001	78.0	100.0
375.5127463000001	77.0	100.0
375.5325054	77.0	100.0
375.5522800000001	77.0	100.0
375.5733977	77.0	100.0
375.5941156000001	77.0	100.0
375.6126081	77.0	100.0
375.63234320000015	77.0	100.0
375.65303770000014	77.0	100.0
375.6717878000002	77.0	100.0
375.68809810000016	77.0	100.0
375.71141439999997	77.0	100.0
375.7319797	77.0	100.0
375.7539786	77.0	100.0
375.7714026000001	77.0	100.0
375.7895171	77.0	100.0
375.8076738	77.0	100.0
375.82774940000013	77.0	100.0
375.85115510000014	77.0	100.0
375.8727097000001	77.0	100.0
375.8971984	77.0	100.0
375.9142535000001	77.0	100.0
375.93158830000016	77.0	100.0
375.95233570000005	77.0	100.0
375.972538	77.0	100.0
375.99291259999995	77.0	100.0
376.01271810000003	77.0	100.0
376.0331616000001	77.0	100.0
376.0543511000001	77.0	100.0
376.0755521000001	77.0	100.0
376.09718470000007	77.0	100.0
376.11324149999996	77.0	100.0
376.13305490000016	77.0	100.0
376.15273290000005	77.0	100.0
376.17280819999996	77.0	100.0
376.19319029999997	77.0	100.0
376.21365760000003	77.0	100.0
376.2347433	77.0	100.0
376.2536609000001	77.0	100.0
376.2728703	77.0	100.0
376.29470400000014	77.0	100.0
376.31344880000006	77.0	100.0
376.33304220000014	77.0	100.0
376.35769819999996	77.0	100.0
376.3743799000001	77.0	100.0
376.3971792	77.0	100.0
376.4138762	77.0	100.0
376.43234800000005	77.0	100.0
376.4535928	77.0	100.0
376.473612	77.0	100.0
376.4946989	77.0	100.0
376.517302	76.0	100.0
376.5348076	76.0	100.0
376.5560001000001	76.0	100.0
376.5724574000001	76.0	100.0
376.59275449999996	76.0	100.0
376.61272959999997	76.0	100.0
376.6336188	76.0	100.0
376.6541058	76.0	100.0
376.67279740000004	76.0	100.0
376.6954994	76.0	100.0
376.7168137000001	76.0	100.0
376.7351443	76.0	100.0
376.75466470000015	76.0	100.0
376.77316800000017	76.0	100.0
376.7941681	76.0	100.0
376.81632520000016	76.0	100.0
376.83441489999996	76.0	100.0
376.854742	76.0	100.0
376.8764205	76.0	100.0
376.8949989	76.0	100.0
376.9142961	76.0	100.0
376.93799460000014	76.0	100.0
376.95497	76.0	100.0
376.9738226000002	76.0	100.0
376.9932847	76.0	100.0
377.01479400000017	76.0	100.0
377.0408744000001	76.0	100.0
377.0547290000002	76.0	100.0
377.0747248	76.0	100.0
377.0938555	76.0	100.0
377.11497310000004	76.0	100.0
377.13475990000006	76.0	100.0
377.15481610000006	76.0	100.0
377.1758459	76.0	100.0
377.19669650000014	76.0	100.0
377.2169149000001	76.0	100.0
377.23416110000016	76.0	100.0
377.2546264	76.0	100.0
377.2747064	76.0	100.0
377.2946929	76.0	100.0
377.31518830000005	76.0	100.0
377.3362018	76.0	100.0
377.35676650000005	76.0	100.0
377.3746361000001	76.0	100.0
377.3947019	76.0	100.0
377.4145784	76.0	100.0
377.4354128	76.0	100.0
377.4552199	76.0	100.0
377.4755553	76.0	100.0
377.49744069999997	76.0	100.0
377.5165770000001	76.0	100.0
377.53481680000004	76.0	100.0
377.5582866	76.0	100.0
377.574525	76.0	100.0
377.5949511000001	76.0	100.0
377.6146156	76.0	100.0
377.6348229	76.0	100.0
377.6601377000002	76.0	100.0
377.67814339999995	76.0	100.0
377.69471580000004	76.0	100.0
377.7157095	76.0	100.0
377.7348686	76.0	100.0
377.7562426000002	76.0	100.0
377.7752722	76.0	100.0
377.7959356000001	76.0	100.0
377.81574380000006	76.0	100.0
377.83731680000005	76.0	100.0
377.85669600000006	76.0	100.0
377.8756779	76.0	100.0
377.8958828	76.0	100.0
377.9160994000001	76.0	100.0
377.93618060000017	76.0	100.0
377.9562367000001	76.0	100.0
377.97660800000017	76.0	100.0
377.9977199	76.0	100.0
378.01658169999996	76.0	100.0
378.03908909999996	76.0	100.0
378.05649110000013	76.0	100.0
378.0797990000001	76.0	100.0
378.09563120000007	76.0	100.0
378.11483420000013	76.0	100.0
378.1379885000001	76.0	100.0
378.15833470000007	76.0	100.0
378.1797431	76.0	100.0
378.1962965	76.0	100.0
378.21572830000014	76.0	100.0
378.2367273	76.0	100.0
378.2568917000001	76.0	100.0
378.27657320000003	76.0	100.0
378.29599440000015	76.0	100.0
378.3173951000001	76.0	100.0
378.3362615000001	76.0	100.0
378.3566704	76.0	100.0
378.3764714000001	76.0	100.0
378.39661190000015	76.0	100.0
378.41633330000013	76.0	100.0
378.43656750000014	76.0	100.0
378.4571301000001	76.0	100.0
378.4780822	76.0	100.0
378.49699610000016	76.0	100.0
378.5166848000001	76.0	100.0
378.536523	76.0	100.0
378.55647410000006	76.0	100.0
378.5767615	76.0	100.0
378.60035330000005	76.0	100.0
378.6176146	76.0	100.0
378.63876860000005	76.0	100.0
378.65687049999997	76.0	100.0
378.6767195	76.0	100.0
378.70082590000015	76.0	100.0
378.7161295000001	76.0	100.0
378.7361564	76.0	100.0
378.7572768	76.0	100.0
378.77683909999996	76.0	100.0
378.8021665000001	76.0	100.0
378.8171247	76.0	100.0
378.83711930000004	76.0	100.0
378.85746070000005	76.0	100.0
378.8770791000002	76.0	100.0
378.89710020000007	76.0	100.0
378.91666750000013	76.0	100.0
378.93750650000015	76.0	100.0
378.9597656000001	76.0	100.0
378.97698690000016	76.0	100.0
378.9969017000001	76.0	100.0
379.0167762000001	76.0	100.0
379.03738310000017	76.0	100.0
379.0599152	76.0	100.0
379.0766573000001	76.0	100.0
379.0968156000001	76.0	100.0
379.11867970000003	76.0	100.0
379.1367731	76.0	100.0
379.15640310000003	76.0	100.0
379.1764528000001	76.0	100.0
379.19666989999996	76.0	100.0
379.22060610000017	76.0	100.0
379.2370469	76.0	100.0
379.25837049999996	76.0	100.0
379.2787942	76.0	100.0
379.29744070000015	76.0	100.0
379.3210104	76.0	100.0
379.33730149999997	76.0	100.0
379.3611430000001	76.0	100.0
379.3767856000002	76.0	100.0
379.39702740000007	76.0	100.0
379.4175624000002	76.0	100.0
379.43854380000016	76.0	100.0
379.4571776	76.0	100.0
379.4769014000001	76.0	100.0
379.4987744	76.0	100.0
379.5181606000001	75.0	100.0
379.53955670000005	75.0	100.0
379.55814840000016	75.0	100.0
379.5784148	75.0	100.0
379.6000525000002	75.0	100.0
379.61816120000003	75.0	100.0
379.6390157000001	75.0	100.0
379.65886520000004	75.0	100.0
379.6770566	75.0	100.0
379.6976503000001	75.0	100.0
379.7178599000001	75.0	100.0
379.74125849999996	75.0	100.0
379.7586864	75.0	100.0
379.77855350000004	75.0	100.0
379.7974778	75.0	100.0
379.82007880000015	75.0	100.0
379.8414491000001	75.0	100.0
379.8586792000001	75.0	100.0
379.87873379999996	75.0	100.0
379.89900020000005	75.0	100.0
379.92073060000007	75.0	100.0
379.9374144000001	75.0	100.0
379.9581740000001	75.0	100.0
379.9768819000001	75.0	100.0
379.9976772	75.0	100.0
380.0184974000001	75.0	100.0
380.0373276	75.0	100.0
380.05992630000014	75.0	100.0
380.07997120000005	75.0	100.0
380.0976868	75.0	100.0
380.118076	75.0	100.0
380.13902010000015	75.0	100.0
380.15840890000004	75.0	100.0
380.1789421000001	75.0	100.0
380.1989026000001	75.0	100.0
380.2184347	75.0	100.0
380.2408481	75.0	100.0
380.2621445	75.0	100.0
380.27871630000004	75.0	100.0
380.29882880000014	75.0	100.0
380.3185803000001	75.0	100.0
380.3381148000001	75.0	100.0
380.3599927	75.0	100.0
380.3795453	75.0	100.0
380.40045570000007	75.0	100.0
380.41798430000017	75.0	100.0
380.43795420000015	75.0	100.0
380.4589453000001	75.0	100.0
380.4784895	75.0	100.0
380.50032770000007	75.0	100.0
380.51872790000016	76.0	100.0
380.54022940000004	76.0	100.0
380.5617595000001	76.0	100.0
380.5795518	76.0	100.0
380.59881770000015	76.0	100.0
380.6186867000001	76.0	100.0
380.6386718000001	76.0	100.0
380.65859309999996	76.0	100.0
380.6815259	76.0	100.0
380.69786410000006	76.0	100.0
380.72069980000015	76.0	100.0
380.7384369000001	76.0	100.0
380.75863430000004	76.0	100.0
380.7821815	76.0	100.0
380.8004119	76.0	100.0
380.8185115000001	76.0	100.0
380.8387404	76.0	100.0
380.8590127	76.0	100.0
380.8810000000001	76.0	100.0
380.8987657	76.0	100.0
380.91989910000007	76.0	100.0
380.93855830000007	76.0	100.0
380.9586111000001	76.0	100.0
380.9797046000001	76.0	100.0
380.9985002000001	76.0	100.0
381.0198619	76.0	100.0
381.0401858	76.0	100.0
381.0595943000001	76.0	100.0
381.0797497000001	76.0	100.0
381.1003148	76.0	100.0
381.1203868	76.0	100.0
381.13994690000004	76.0	100.0
381.1600755000002	76.0	100.0
381.17901300000017	76.0	100.0
381.203045	76.0	100.0
381.2200544	76.0	100.0
381.2385261000002	76.0	100.0
381.2590133000001	76.0	100.0
381.2791592000001	76.0	100.0
381.3030080000001	76.0	100.0
381.31887430000006	76.0	100.0
381.3437993	76.0	100.0
381.3609908000001	76.0	100.0
381.380576	76.0	100.0
381.40372520000005	76.0	100.0
381.41999880000003	76.0	100.0
381.4388312000001	76.0	100.0
381.45978390000005	76.0	100.0
381.4797734000001	76.0	100.0
381.50133270000015	76.0	100.0
381.522876	76.0	100.0
381.53991870000004	76.0	100.0
381.5601223000001	76.0	100.0
381.5803313000001	76.0	100.0
381.60082910000006	76.0	100.0
381.62013620000016	76.0	100.0
381.64015770000015	76.0	100.0
381.66085870000006	76.0	100.0
381.6811073000001	76.0	100.0
381.7003198	76.0	100.0
381.7240262	76.0	100.0
381.73990330000015	76.0	100.0
381.7601581000001	76.0	100.0
381.7809032	76.0	100.0
381.80011220000006	76.0	100.0
381.82141330000013	76.0	100.0
381.8433765	76.0	100.0
381.86075260000007	76.0	100.0
381.87994990000016	76.0	100.0
381.90022339999996	76.0	100.0
381.9238858000001	76.0	100.0
381.9404256	76.0	100.0
381.96038	76.0	100.0
381.98016210000014	76.0	100.0
382.0026660000001	76.0	100.0
382.0206111	76.0	100.0
382.0418059000001	76.0	100.0
382.0611183000001	76.0	100.0
382.0805319000001	76.0	100.0
382.10117549999995	76.0	100.0
382.1201582000001	76.0	100.0
382.14065900000014	76.0	100.0
382.1629919000002	76.0	100.0
382.18090930000017	76.0	100.0
382.2005690000001	76.0	100.0
382.2208799	76.0	100.0
382.24072020000017	76.0	100.0
382.260906	76.0	100.0
382.2804291	76.0	100.0
382.3025066	76.0	100.0
382.32216540000013	76.0	100.0
382.3430778000002	76.0	100.0
382.36483569999996	76.0	100.0
382.3807148000001	76.0	100.0
382.40020300000015	76.0	100.0
382.4202468000001	76.0	100.0
382.4443957000001	76.0	100.0
382.4614147	76.0	100.0
382.48297720000005	76.0	100.0
382.50101530000006	76.0	100.0
382.52142500000014	74.0	100.0
382.5450949000001	74.0	100.0
382.56118600000013	74.0	100.0
382.5806672000001	74.0	100.0
382.6013071	74.0	100.0
382.62128359999997	74.0	100.0
382.6440586000001	74.0	100.0
382.6615822000001	74.0	100.0
382.6816725000001	74.0	100.0
382.7010798000001	74.0	100.0
382.7215315000001	74.0	100.0
382.7408676	74.0	100.0
382.7602621000001	74.0	100.0
382.7805724	74.0	100.0
382.8036730000001	74.0	100.0
382.82240950000005	74.0	100.0
382.84174329999996	74.0	100.0
382.86497570000006	74.0	100.0
382.88072880000004	74.0	100.0
382.9011103	74.0	100.0
382.91865140000004	74.0	100.0
382.9402142000001	74.0	100.0
382.95891359999996	74.0	100.0
382.97878420000006	74.0	100.0
382.99951770000007	74.0	100.0
383.0208077	74.0	100.0
383.0394417	74.0	100.0
383.06033160000015	74.0	100.0
383.0808108000001	74.0	100.0
383.10014509999996	74.0	100.0
383.1246236000002	74.0	100.0
383.14130309999996	74.0	100.0
383.16156980000005	74.0	100.0
383.18099610000013	74.0	100.0
383.20100960000013	74.0	100.0
383.220587	74.0	100.0
383.2404864	74.0	100.0
383.26225999999997	74.0	100.0
383.2826761000001	74.0	100.0
383.30110290000016	74.0	100.0
383.3211073	74.0	100.0
383.3412968	74.0	100.0
383.36506069999996	74.0	100.0
383.38138419999996	74.0	100.0
383.40086310000015	74.0	100.0
383.4214208000001	74.0	100.0
383.4439374000001	74.0	100.0
383.46267409999996	74.0	100.0
383.48415420000015	74.0	100.0
383.5029849	74.0	100.0
383.52143360000014	74.0	100.0
383.5418734	74.0	100.0
383.5623764000002	74.0	100.0
383.5907300000001	74.0	100.0
383.6027779000001	74.0	100.0
383.62185680000016	74.0	100.0
383.6413757	74.0	100.0
383.6615869	74.0	100.0
383.68132230000015	74.0	100.0
383.70144100000016	74.0	100.0
383.721174	74.0	100.0
383.7423503	74.0	100.0
383.76461990000007	74.0	100.0
383.7813456000001	74.0	100.0
383.8025398	74.0	100.0
383.8221995000001	74.0	100.0
383.8414778000001	74.0	100.0
383.86254810000014	74.0	100.0
383.8820234	74.0	100.0
383.906567	74.0	100.0
383.924395	74.0	100.0
383.9409865	74.0	100.0
383.96221820000005	74.0	100.0
383.9818199000001	74.0	100.0
384.00159830000007	74.0	100.0
384.0212245	74.0	100.0
384.04206210000007	74.0	100.0
384.0626522	74.0	100.0
384.0843139000001	74.0	100.0
384.1054097000001	74.0	100.0
384.1223281	74.0	100.0
384.14195700000005	74.0	100.0
384.1623062000001	74.0	100.0
384.1825063000001	74.0	100.0
384.20219970000016	74.0	100.0
384.2235528000001	74.0	100.0
384.24362840000003	74.0	100.0
384.2629961	74.0	100.0
384.2823079	74.0	100.0
384.3025044000001	74.0	100.0
384.32217430000014	74.0	100.0
384.3439607	74.0	100.0
384.3651583000001	74.0	100.0
384.38450090000015	74.0	100.0
384.4055536000001	74.0	100.0
384.42273120000004	74.0	100.0
384.44259680000005	74.0	100.0
384.4641696000001	74.0	100.0
384.48314760000017	74.0	100.0
384.5045675000001	74.0	100.0
384.524142	74.0	100.0
384.5444894	74.0	100.0
384.56588250000004	74.0	100.0
384.5830588000001	74.0	100.0
384.60282210000014	74.0	100.0
384.62670909999997	74.0	100.0
384.6439292	74.0	100.0
384.66310339999995	74.0	100.0
384.6825931000001	74.0	100.0
384.70475650000003	74.0	100.0
384.7295120000001	74.0	100.0
384.7435656	74.0	100.0
384.76423610000006	74.0	100.0
384.7831820000001	74.0	100.0
384.8030468000002	74.0	100.0
384.82313680000016	74.0	100.0
384.84404830000017	74.0	100.0
384.8645193	74.0	100.0
384.8849305000001	74.0	100.0
384.9040572000001	74.0	100.0
384.9233899000001	74.0	100.0
384.9432752	74.0	100.0
384.9634132000001	74.0	100.0
384.98329090000016	74.0	100.0
385.00329290000013	74.0	100.0
385.0239037000001	74.0	100.0
385.04935160000014	74.0	100.0
385.0637409000001	74.0	100.0
385.08326209999996	74.0	100.0
385.1038131	74.0	100.0
385.12357180000004	74.0	100.0
385.1445526	74.0	100.0
385.16374429999996	74.0	100.0
385.18499040000006	74.0	100.0
385.2060513000001	74.0	100.0
385.22466110000005	74.0	100.0
385.24476900000013	74.0	100.0
385.26452400000016	74.0	100.0
385.28405880000014	74.0	100.0
385.30616970000005	74.0	100.0
385.32430850000014	74.0	100.0
385.34825160000014	74.0	100.0
385.36677210000016	74.0	100.0
385.3838370000001	74.0	100.0
385.40352740000003	74.0	100.0
385.42385290000016	74.0	100.0
385.44324129999995	74.0	100.0
385.46466140000007	74.0	100.0
385.48462870000003	74.0	100.0
385.5055439	74.0	100.0
385.526259	72.0	100.0
385.54487040000004	72.0	100.0
385.56811160000007	72.0	100.0
385.5849849000001	72.0	100.0
385.6059789000001	72.0	100.0
385.62445249999996	72.0	100.0
385.6440901000001	72.0	100.0
385.6696581000001	72.0	100.0
385.6865223	72.0	100.0
385.70562400000017	72.0	100.0
385.7243042	72.0	100.0
385.74389910000014	72.0	100.0
385.76488200000017	72.0	100.0
385.7847412000001	72.0	100.0
385.80482640000014	72.0	100.0
385.82495830000016	72.0	100.0
385.8456979	72.0	100.0
385.8651513	72.0	100.0
385.8842343000001	72.0	100.0
385.90481120000004	72.0	100.0
385.9250035	72.0	100.0
385.94489339999996	72.0	100.0
385.96489169999995	72.0	100.0
385.98471059999997	72.0	100.0
386.006623	72.0	100.0
386.0253473	72.0	100.0
386.0447914000001	72.0	100.0
386.0648691000001	72.0	100.0
386.08887100000015	72.0	100.0
386.1053786	72.0	100.0
386.1251638000001	72.0	100.0
386.14587860000006	72.0	100.0
386.16885760000014	72.0	100.0
386.1862566	72.0	100.0
386.20473360000005	72.0	100.0
386.22465520000014	72.0	100.0
386.2477245	72.0	100.0
386.2675429000001	72.0	100.0
386.2852494000001	72.0	100.0
386.30492189999995	72.0	100.0
386.32980740000016	72.0	100.0
386.3451132	72.0	100.0
386.36888840000006	72.0	100.0
386.3856214	72.0	100.0
386.40544550000004	72.0	100.0
386.42552580000006	72.0	100.0
386.4468731000002	72.0	100.0
386.4667597	72.0	100.0
386.4871905	72.0	100.0
386.5064436	72.0	100.0
386.52596540000013	71.0	100.0
386.5446359	71.0	100.0
386.565511	71.0	100.0
386.5856254	71.0	100.0
386.6097201	71.0	100.0
386.6266399000001	71.0	100.0
386.64828639999996	71.0	100.0
386.66543360000014	71.0	100.0
386.68615539999996	71.0	100.0
386.7091594000001	71.0	100.0
386.7277805000001	71.0	100.0
386.74699940000005	71.0	100.0
386.76529690000007	71.0	100.0
386.7884805000001	71.0	100.0
386.80662700000016	71.0	100.0
386.8259765	71.0	100.0
386.8448955000001	71.0	100.0
386.86538229999996	71.0	100.0
386.8862799000001	71.0	100.0
386.90672029999996	71.0	100.0
386.92585959999997	71.0	100.0
386.94619290000014	71.0	100.0
386.9691282000001	71.0	100.0
386.986034	71.0	100.0
387.0059324000001	71.0	100.0
387.02491469999995	71.0	100.0
387.0466954000001	71.0	100.0
387.0668843000001	71.0	100.0
387.0862440000001	71.0	100.0
387.10727840000004	71.0	100.0
387.1274713	71.0	100.0
387.1461836000001	71.0	100.0
387.16700490000017	71.0	100.0
387.1862853	71.0	100.0
387.205921	71.0	100.0
387.22667509999997	71.0	100.0
387.2465472000001	71.0	100.0
387.2672096000001	71.0	100.0
387.28839230000017	71.0	100.0
387.305382	71.0	100.0
387.3296467	71.0	100.0
387.34711100000004	71.0	100.0
387.36673429999996	71.0	100.0
387.3871217000001	71.0	100.0
387.4066292	71.0	100.0
387.4276804000001	71.0	100.0
387.44941070000004	71.0	100.0
387.4677647000001	71.0	100.0
387.48656100000017	71.0	100.0
387.50612309999997	71.0	100.0
387.52752039999996	72.0	100.0
387.54692520000003	72.0	100.0
387.5669163	72.0	100.0
387.58786610000016	72.0	100.0
387.60836760000007	72.0	100.0
387.6263454	72.0	100.0
387.6490747	72.0	100.0
387.6677895	72.0	100.0
387.6869006000002	72.0	100.0
387.7076522	72.0	100.0
387.7263421	72.0	100.0
387.7503327000002	72.0	100.0
387.76929870000004	72.0	100.0
387.78702050000015	72.0	100.0
387.80657199999996	72.0	100.0
387.8274243000001	72.0	100.0
387.85028750000015	72.0	100.0
387.8678718000001	72.0	100.0
387.88688960000013	72.0	100.0
387.9086360000001	72.0	100.0
387.9293238	72.0	100.0
387.9478695	72.0	100.0
387.9682993000001	72.0	100.0
387.98689720000016	72.0	100.0
388.00701060000006	72.0	100.0
388.02704340000014	72.0	100.0
388.0469244000001	72.0	100.0
388.06801900000005	72.0	100.0
388.0881306000001	72.0	100.0
388.10713340000007	72.0	100.0
388.12714159999996	72.0	100.0
388.14700130000006	72.0	100.0
388.16743250000013	72.0	100.0
388.18742650000013	72.0	100.0
388.20659939999996	72.0	100.0
388.2277468	72.0	100.0
388.24883750000004	72.0	100.0
388.2725967000001	72.0	100.0
388.2881003	72.0	100.0
388.3084463	72.0	100.0
388.32799550000004	72.0	100.0
388.3484627	72.0	100.0
388.3722602	72.0	100.0
388.38853300000005	72.0	100.0
388.40990639999995	72.0	100.0
388.428498	72.0	100.0
388.44730619999996	72.0	100.0
388.46841110000014	72.0	100.0
388.48815220000006	72.0	100.0
388.50916110000003	72.0	100.0
388.5287942	73.0	100.0
388.5489153000001	73.0	100.0
388.57165050000003	73.0	100.0
388.5886779	73.0	100.0
388.6084129000001	73.0	100.0
388.62834210000005	73.0	100.0
388.64832509999997	73.0	100.0
388.6689140000001	73.0	100.0
388.68828099999996	73.0	100.0
388.70893309999997	73.0	100.0
388.7301123	73.0	100.0
388.74850749999996	73.0	100.0
388.76881950000006	73.0	100.0
388.78974270000003	73.0	100.0
388.8086179000002	73.0	100.0
388.8302663000002	73.0	100.0
388.84850010000014	73.0	100.0
388.8681154000001	73.0	100.0
388.89114140000015	73.0	100.0
388.9089448	73.0	100.0
388.9282522000001	73.0	100.0
388.94869730000005	73.0	100.0
388.9688949000001	73.0	100.0
388.9893594	73.0	100.0
389.0086699000001	73.0	100.0
389.0291397000001	73.0	100.0
389.05098350000003	73.0	100.0
389.06876869999996	73.0	100.0
389.08950460000005	73.0	100.0
389.1085263	73.0	100.0
389.1283576000001	73.0	100.0
389.1497747000001	73.0	100.0
389.1693222000001	73.0	100.0
389.1902327	73.0	100.0
389.21211089999997	73.0	100.0
389.22887420000006	73.0	100.0
389.24834880000003	73.0	100.0
389.2688256000001	73.0	100.0
389.2894556000001	73.0	100.0
389.3128805000001	73.0	100.0
389.32944900000007	73.0	100.0
389.3494478	73.0	100.0
389.3703415	73.0	100.0
389.3890610000001	73.0	100.0
389.4128349	73.0	100.0
389.42884690000005	73.0	100.0
389.4484615000001	73.0	100.0
389.46919820000016	73.0	100.0
389.4891265000001	73.0	100.0
389.51362960000006	73.0	100.0
389.5327592000001	72.0	100.0
389.55021350000015	72.0	100.0
389.56943130000013	72.0	100.0
389.589121	72.0	100.0
389.6091477	72.0	100.0
389.62920210000016	72.0	100.0
389.6488817000002	72.0	100.0
389.6701584	72.0	100.0
389.69153030000007	72.0	100.0
389.7092898000001	72.0	100.0
389.7290266	72.0	100.0
389.74936720000005	72.0	100.0
389.76878639999995	72.0	100.0
389.78888470000015	72.0	100.0
389.8085900000001	72.0	100.0
389.8331065	72.0	100.0
389.8554481000001	72.0	100.0
389.8689544000001	72.0	100.0
389.8892177	72.0	100.0
389.9096075	72.0	100.0
389.93377069999997	72.0	100.0
389.9485122000001	72.0	100.0
389.9690783000001	72.0	100.0
389.98995579999996	72.0	100.0
390.01335170000016	72.0	100.0
390.0299503000001	72.0	100.0
390.0491786	72.0	100.0
390.07008840000003	72.0	100.0
390.08952750000003	72.0	100.0
390.1100291	72.0	100.0
390.13013590000014	72.0	100.0
390.15038260000006	72.0	100.0
390.17286260000014	72.0	100.0
390.18964300000016	72.0	100.0
390.21002640000006	72.0	100.0
390.2305569	72.0	100.0
390.24925210000015	72.0	100.0
390.2694543	72.0	100.0
390.2901396	72.0	100.0
390.31048239999996	72.0	100.0
390.33271020000007	72.0	100.0
390.3509564000001	72.0	100.0
390.3701275000001	72.0	100.0
390.3897971000001	72.0	100.0
390.4092971	72.0	100.0
390.4307873	72.0	100.0
390.4535089000001	72.0	100.0
390.4706448000002	72.0	100.0
390.4926759	72.0	100.0
390.5106019	72.0	100.0
390.5307411000001	71.0	100.0
390.55380560000003	71.0	100.0
390.57102770000006	71.0	100.0
390.5899508	71.0	100.0
390.6092271	71.0	100.0
390.6316892	71.0	100.0
390.6523265000001	71.0	100.0
390.669854	71.0	100.0
390.6911219000001	71.0	100.0
390.7106364000001	71.0	100.0
390.73045909999996	71.0	100.0
390.7495636000001	71.0	100.0
390.77186830000005	71.0	100.0
390.7915888	71.0	100.0
390.81309450000003	71.0	100.0
390.8304158000001	71.0	100.0
390.8505262000001	71.0	100.0
390.87059539999996	71.0	100.0
390.89058380000006	71.0	100.0
390.9105929	71.0	100.0
390.9310467	71.0	100.0
390.95184200000017	71.0	100.0
390.97642340000016	71.0	100.0
390.99025589999997	71.0	100.0
391.0108766000001	71.0	100.0
391.03038590000006	71.0	100.0
391.05079450000017	71.0	100.0
391.0718498000001	71.0	100.0
391.090416	71.0	100.0
391.1106231000001	71.0	100.0
391.1321806000001	71.0	100.0
391.1524012	71.0	100.0
391.17098120000014	71.0	100.0
391.1909104000001	71.0	100.0
391.21138629999996	71.0	100.0
391.23030400000016	71.0	100.0
391.25041540000007	71.0	100.0
391.2708926	71.0	100.0
391.29224640000007	71.0	100.0
391.3109445	71.0	100.0
391.3306318	71.0	100.0
391.3500673000001	71.0	100.0
391.37120330000016	71.0	100.0
391.39054269999997	71.0	100.0
391.4103259000001	71.0	100.0
391.43173130000014	71.0	100.0
391.4530959000001	71.0	100.0
391.4710440000001	71.0	100.0
391.4936821000001	71.0	100.0
391.5117533	71.0	100.0
391.531571	71.0	100.0
391.55234540000015	71.0	100.0
391.5716665	71.0	100.0
391.5949306	71.0	100.0
391.61229690000005	71.0	100.0
391.63061530000004	71.0	100.0
391.65177800000015	71.0	100.0
391.67184900000007	71.0	100.0
391.691503	71.0	100.0
391.7109679	71.0	100.0
391.7325129000001	71.0	100.0
391.7524952000001	71.0	100.0
391.77459580000004	71.0	100.0
391.7920389000001	71.0	100.0
391.8116169	71.0	100.0
391.83271420000005	71.0	100.0
391.85269000000017	71.0	100.0
391.8718689	71.0	100.0
391.8923042000001	71.0	100.0
391.91233940000006	71.0	100.0
391.93264569999997	71.0	100.0
391.95231020000006	71.0	100.0
391.9724977000001	71.0	100.0
391.99202160000004	71.0	100.0
392.01471370000013	71.0	100.0
392.0319426000001	71.0	100.0
392.05211970000005	71.0	100.0
392.07305700000006	71.0	100.0
392.09450370000013	71.0	100.0
392.1124936000001	71.0	100.0
392.1312699	71.0	100.0
392.15154989999996	71.0	100.0
392.1719608000001	71.0	100.0
392.1915676000001	71.0	100.0
392.21139600000015	71.0	100.0
392.2332328	71.0	100.0
392.2536199000001	71.0	100.0
392.27315769999996	71.0	100.0
392.2920719000001	71.0	100.0
392.31288510000013	71.0	100.0
392.33221660000004	71.0	100.0
392.35621560000004	71.0	100.0
392.37386170000013	71.0	100.0
392.39289970000004	71.0	100.0
392.41468440000017	71.0	100.0
392.4326383	71.0	100.0
392.4524216	71.0	100.0
392.47385299999996	71.0	100.0
392.4923789000002	71.0	100.0
392.5146871000002	71.0	100.0
392.53239170000006	72.0	100.0
392.5529005000001	72.0	100.0
392.5770643000001	72.0	100.0
392.5932257000002	72.0	100.0
392.61221820000014	72.0	100.0
392.6367004000001	72.0	100.0
392.6528399000001	72.0	100.0
392.6728799	72.0	100.0
392.6924047	72.0	100.0
392.71292470000003	72.0	100.0
392.73773640000013	72.0	100.0
392.7530409000001	72.0	100.0
392.77223660000004	72.0	100.0
392.79315050000014	72.0	100.0
392.8127767000001	72.0	100.0
392.8330383	72.0	100.0
392.8528956	72.0	100.0
392.8736467000001	72.0	100.0
392.89505740000004	72.0	100.0
392.9128002	72.0	100.0
392.93277409999996	72.0	100.0
392.9527544	72.0	100.0
392.97295570000006	72.0	100.0
392.99371710000014	72.0	100.0
393.01280040000006	72.0	100.0
393.0335751	72.0	100.0
393.05564700000014	72.0	100.0
393.0725255	72.0	100.0
393.0929894000001	72.0	100.0
393.1130776	72.0	100.0
393.13304340000013	72.0	100.0
393.1524622000002	72.0	100.0
393.17364599999996	72.0	100.0
393.19410070000004	72.0	100.0
393.2145964000001	72.0	100.0
393.23278760000017	72.0	100.0
393.2570786000001	72.0	100.0
393.273635	72.0	100.0
393.29315180000003	72.0	100.0
393.31318150000016	72.0	100.0
393.33308209999996	72.0	100.0
393.3544810000001	72.0	100.0
393.3760532000001	72.0	100.0
393.39550380000014	72.0	100.0
393.4130699	72.0	100.0
393.4328796	72.0	100.0
393.4531005000001	72.0	100.0
393.4743323	72.0	100.0
393.49316610000005	72.0	100.0
393.51494890000004	72.0	100.0
393.5365342	73.0	100.0
393.55448739999997	73.0	100.0
393.57369630000017	73.0	100.0
393.5933027000001	73.0	100.0
393.6115939000001	73.0	100.0
393.6279595000001	73.0	100.0
393.6511174	73.0	100.0
393.6685059000001	73.0	100.0
393.69191980000005	73.0	100.0
393.7105156	73.0	100.0
393.73075259999996	73.0	100.0
393.75062590000016	73.0	100.0
393.7753081000001	73.0	100.0
393.79311900000016	73.0	100.0
393.8132395	73.0	100.0
393.8335717	73.0	100.0
393.8524603000001	73.0	100.0
393.87352410000017	73.0	100.0
393.89304170000014	73.0	100.0
393.9135907	73.0	100.0
393.93364629999996	73.0	100.0
393.9541051000001	73.0	100.0
393.97388850000016	73.0	100.0
393.9942158000001	73.0	100.0
394.01637189999997	73.0	100.0
394.0335112	73.0	100.0
394.05328180000015	73.0	100.0
394.07440570000017	73.0	100.0
394.0932596	73.0	100.0
394.1133701000001	73.0	100.0
394.1335471	73.0	100.0
394.15426130000014	73.0	100.0
394.17581229999996	73.0	100.0
394.19428830000015	73.0	100.0
394.2146554000001	73.0	100.0
394.2334079	73.0	100.0
394.2545166	73.0	100.0
394.27316859999996	73.0	100.0
394.29703740000014	73.0	100.0
394.3143905000002	73.0	100.0
394.33601799999997	73.0	100.0
394.35317899999995	73.0	100.0
394.37321080000015	73.0	100.0
394.3942256	73.0	100.0
394.41272490000006	73.0	100.0
394.60735020000016	73.0	100.0
394.60738620000006	73.0	100.0
394.6074060000001	73.0	100.0
394.60742200000004	73.0	100.0
394.607438	73.0	100.0
394.6078537000001	73.0	100.0
394.6078966	73.0	100.0
394.6079245000001	73.0	100.0
394.60795630000007	73.0	100.0
394.6133165000001	73.0	100.0
394.6343766	73.0	100.0
394.6563093	73.0	100.0
394.67477340000005	73.0	100.0
394.72242530000017	73.0	100.0
394.7224457	73.0	100.0
394.7346949	73.0	100.0
394.85786840000014	73.0	100.0
394.8579010000001	73.0	100.0
394.8579178	73.0	100.0
394.85793550000017	73.0	100.0
394.85795870000015	73.0	100.0
394.8579764000001	73.0	100.0
394.87473550000004	73.0	100.0
394.89423180000017	73.0	100.0
394.915389	73.0	100.0
394.93611899999996	73.0	100.0
394.9799075000001	73.0	100.0
394.97992710000017	73.0	100.0
394.99406180000005	73.0	100.0
395.01400620000004	73.0	100.0
395.0346079000001	73.0	100.0
395.07374890000006	73.0	100.0
395.07572960000016	73.0	100.0
395.0946071000001	73.0	100.0
395.1153012	73.0	100.0
395.1371202	73.0	100.0
395.1761392000001	73.0	100.0
395.17615939999996	73.0	100.0
395.19592120000016	73.0	100.0
395.21470020000015	73.0	100.0
395.23970729999996	73.0	100.0
395.27849620000006	73.0	100.0
395.2785163000001	73.0	100.0
395.29745219999995	73.0	100.0
395.3147266000001	73.0	100.0
395.3415854	73.0	100.0
395.3814010000001	73.0	100.0
395.3814393	73.0	100.0
395.39605640000013	73.0	100.0
395.4156465000001	73.0	100.0
395.43661080000015	73.0	100.0
395.48380240000006	73.0	100.0
395.4838380000001	73.0	100.0
395.494467	73.0	100.0
395.5174492000001	73.0	100.0
395.53592649999996	71.0	100.0
395.5860096000001	71.0	100.0
395.5860318	71.0	100.0
395.5963564000001	71.0	100.0
395.6171085000001	71.0	100.0
395.6372738	71.0	100.0
395.68004500000006	71.0	100.0
395.68006400000013	71.0	100.0
395.69577040000013	71.0	100.0
395.7164293000001	71.0	100.0
395.7356202000001	71.0	100.0
395.76061700000014	71.0	100.0
395.7779697000001	71.0	100.0
395.7957229000001	71.0	100.0
395.84081790000005	71.0	100.0
395.84083580000015	71.0	100.0
395.85881100000006	71.0	100.0
395.97665329999995	71.0	100.0
395.9766876000001	71.0	100.0
395.9767051000001	71.0	100.0
395.9767253	71.0	100.0
395.9767497	71.0	100.0
395.9768778	71.0	100.0
395.9965555000001	71.0	100.0
396.01621950000003	71.0	100.0
396.03619590000017	71.0	100.0
396.0583644000001	71.0	100.0
396.07614480000007	71.0	100.0
396.0978726000001	71.0	100.0
396.1438355	71.0	100.0
396.14385570000013	71.0	100.0
396.1567863	71.0	100.0
396.28343010000003	71.0	100.0
396.2834507	71.0	100.0
396.28345880000006	71.0	100.0
396.28346650000003	71.0	100.0
396.28347380000014	71.0	100.0
396.2834812000001	71.0	100.0
396.28804290000016	71.0	100.0
396.31084039999996	71.0	100.0
396.33085460000007	71.0	100.0
396.3532170000001	71.0	100.0
396.3762057000001	71.0	100.0
396.39472680000017	71.0	100.0
396.45434739999996	71.0	100.0
396.45436689999997	71.0	100.0
396.4561039	71.0	100.0
396.4952909000001	71.0	100.0
396.4961485000001	71.0	100.0
396.5168020000001	71.0	100.0
396.53689929999996	71.0	100.0
396.5571509000001	71.0	100.0
396.5799922000001	71.0	100.0
396.7590269	71.0	100.0
396.75906499999996	71.0	100.0
396.7590824000001	71.0	100.0
396.7590984000001	71.0	100.0
396.75911440000004	71.0	100.0
396.75913030000015	71.0	100.0
396.75914710000006	71.0	100.0
396.75916340000003	71.0	100.0
396.7591867000001	71.0	100.0
396.7758742000001	71.0	100.0
396.96555609999996	71.0	100.0
396.96557670000016	71.0	100.0
396.96558500000015	71.0	100.0
396.96559290000005	71.0	100.0
396.9656006	71.0	100.0
396.9656087000001	71.0	100.0
396.96562110000013	71.0	100.0
396.9656391000001	71.0	100.0
396.96565039999996	71.0	100.0
396.97976400000016	71.0	100.0
397.02885779999997	71.0	100.0
397.02890350000007	71.0	100.0
397.0382396	71.0	100.0
397.0586938000001	71.0	100.0
397.077444	71.0	100.0
397.27184150000016	71.0	100.0
397.27186010000014	71.0	100.0
397.27187100000015	71.0	100.0
397.2718790000001	71.0	100.0
397.2718868000002	71.0	100.0
397.271894	71.0	100.0
397.27190229999997	71.0	100.0
397.2719132	71.0	100.0
397.2719251000001	71.0	100.0
397.27615130000004	71.0	100.0
397.2976807	71.0	100.0
397.3216939000001	71.0	100.0
397.33751670000015	71.0	100.0
397.38030430000003	71.0	100.0
397.38239450000015	71.0	100.0
397.39700730000004	71.0	100.0
397.52134350000006	71.0	100.0
397.5213887	71.0	100.0
397.52141530000017	71.0	100.0
397.52144080000016	71.0	100.0
397.5214667	71.0	100.0
397.5225904000001	71.0	100.0
397.5408694	72.0	100.0
397.5586245000002	72.0	100.0
397.57866480000007	72.0	100.0
397.59819830000015	72.0	100.0
397.6187407	72.0	100.0
397.6375502000001	72.0	100.0
397.68391010000005	72.0	100.0
397.68392830000016	72.0	100.0
397.69998699999996	72.0	100.0
397.8189325000001	72.0	100.0
397.81896600000005	72.0	100.0
397.8189837	72.0	100.0
397.81900040000005	72.0	100.0
397.81901630000016	72.0	100.0
397.8191799000001	72.0	100.0
397.8406734	72.0	100.0
397.86108609999997	72.0	100.0
397.87856780000016	72.0	100.0
397.89908149999997	72.0	100.0
397.92033420000007	72.0	100.0
397.9421039000001	72.0	100.0
397.958349	72.0	100.0
397.9798309	72.0	100.0
398.0006105	72.0	100.0
398.0136282000001	72.0	100.0
398.1941203000001	72.0	100.0
398.1941561000001	72.0	100.0
398.19417369999996	72.0	100.0
398.1941903000002	72.0	100.0
398.1942091000001	72.0	100.0
398.19422940000004	72.0	100.0
398.19425020000017	72.0	100.0
398.19427300000007	72.0	100.0
398.1985582	72.0	100.0
398.2187715	72.0	100.0
398.2382785	72.0	100.0
398.2585672	72.0	100.0
398.30168449999996	72.0	100.0
398.3017046	72.0	100.0
398.31671389999997	72.0	100.0
398.44164939999996	72.0	100.0
398.4416691000001	72.0	100.0
398.4416777000001	72.0	100.0
398.44168609999997	72.0	100.0
398.44169350000016	72.0	100.0
398.4417005	72.0	100.0
398.45970520000014	72.0	100.0
398.47995749999995	72.0	100.0
398.50086680000004	72.0	100.0
398.52061090000007	72.0	100.0
398.56406949999996	73.0	100.0
398.56467829999997	73.0	100.0
398.58031189999997	73.0	100.0
398.60008059999996	73.0	100.0
398.6198016000001	73.0	100.0
398.6408888000001	73.0	100.0
398.6600161000001	73.0	100.0
398.68065260000003	73.0	100.0
398.7000509000002	73.0	100.0
398.72096150000016	73.0	100.0
398.73884280000016	73.0	100.0
398.76025730000015	73.0	100.0
398.7803868000001	73.0	100.0
398.8008211000001	73.0	100.0
398.82281650000004	73.0	100.0
398.83990340000014	73.0	100.0
398.8602115000001	73.0	100.0
398.8804881000001	73.0	100.0
398.9002482000001	73.0	100.0
398.92062380000016	73.0	100.0
398.94029390000014	73.0	100.0
398.9608548000001	73.0	100.0
398.98562319999996	73.0	100.0
399.0006700000001	73.0	100.0
399.0203798	73.0	100.0
399.04055059999996	73.0	100.0
399.0605380000002	73.0	100.0
399.08434750000015	73.0	100.0
399.1014604000002	73.0	100.0
399.1211066000001	73.0	100.0
399.14231730000006	73.0	100.0
399.15998820000004	73.0	100.0
399.1815457	73.0	100.0
399.2010021000001	73.0	100.0
399.22089430000005	73.0	100.0
399.24128310000015	73.0	100.0
399.2601381000002	73.0	100.0
399.2813149000001	73.0	100.0
399.3025798000001	73.0	100.0
399.3208181	73.0	100.0
399.340651	73.0	100.0
399.3647346	73.0	100.0
399.38134720000016	73.0	100.0
399.4053613000001	73.0	100.0
399.4209704	73.0	100.0
399.44110550000005	73.0	100.0
399.46257760000003	73.0	100.0
399.4809573	73.0	100.0
399.5046396	73.0	100.0
399.5228581000001	73.0	100.0
399.5415654000001	73.0	100.0
399.5607926	73.0	100.0
399.58170300000006	73.0	100.0
399.6061903	73.0	100.0
399.6226134000001	73.0	100.0
399.6417196	73.0	100.0
399.6608655	73.0	100.0
399.68062610000015	73.0	100.0
399.70461650000016	73.0	100.0
399.72146569999995	73.0	100.0
399.7413740000002	73.0	100.0
399.76149210000017	73.0	100.0
399.7839963000001	73.0	100.0
399.8010753000001	73.0	100.0
399.82081059999996	73.0	100.0
399.8408984	73.0	100.0
399.86107530000004	73.0	100.0
399.88116820000005	73.0	100.0
399.9014161	73.0	100.0
399.92177400000014	73.0	100.0
399.94259350000016	73.0	100.0
399.9614181000002	73.0	100.0
399.98049630000014	73.0	100.0
400.00162720000003	73.0	100.0
400.020499	73.0	100.0
400.0402382	73.0	100.0
400.0609373	73.0	100.0
400.0841435	73.0	100.0
400.10408610000013	73.0	100.0
400.1248891	73.0	100.0
400.1409695	73.0	100.0
400.1613651	73.0	100.0
400.18096160000005	73.0	100.0
400.20086030000016	73.0	100.0
400.22494559999996	73.0	100.0
400.2423348	73.0	100.0
400.2636036000001	73.0	100.0
400.28066020000006	73.0	100.0
400.3003165	73.0	100.0
400.321054	73.0	100.0
400.3409451	73.0	100.0
400.36111470000014	73.0	100.0
400.38206590000004	73.0	100.0
400.40240730000005	73.0	100.0
400.4242176	73.0	100.0
400.44220100000007	73.0	100.0
400.4613408	73.0	100.0
400.48215860000005	73.0	100.0
400.5016796	73.0	100.0
400.5224816	73.0	100.0
400.5419306000001	74.0	100.0
400.5633438	74.0	100.0
400.5835115	74.0	100.0
400.60236110000005	74.0	100.0
400.62167910000016	74.0	100.0
400.6456621	74.0	100.0
400.66206120000015	74.0	100.0
400.68202399999996	74.0	100.0
400.7013836000001	74.0	100.0
400.7220661000001	74.0	100.0
400.7478361000001	74.0	100.0
400.7621405	74.0	100.0
400.7825054	74.0	100.0
400.8025682	74.0	100.0
400.82235360000004	74.0	100.0
400.84421510000016	74.0	100.0
400.863419	74.0	100.0
400.8830207000001	74.0	100.0
400.9031737	74.0	100.0
400.9219848	74.0	100.0
400.94204790000003	74.0	100.0
400.96205540000005	74.0	100.0
400.9824033	74.0	100.0
401.00239810000016	74.0	100.0
401.02214130000016	74.0	100.0
401.0448676000001	74.0	100.0
401.06664680000017	74.0	100.0
401.08376810000004	74.0	100.0
401.1025617	74.0	100.0
401.12249280000015	74.0	100.0
401.1422298	74.0	100.0
401.16641060000006	74.0	100.0
401.18278469999996	74.0	100.0
401.20266119999997	74.0	100.0
401.22460720000004	74.0	100.0
401.2425492	74.0	100.0
401.26531610000006	74.0	100.0
401.28399320000017	74.0	100.0
401.3026098	74.0	100.0
401.32256860000007	74.0	100.0
401.34260170000016	74.0	100.0
401.3636020000001	74.0	100.0
401.3847383	74.0	100.0
401.4025676000001	74.0	100.0
401.4233806	74.0	100.0
401.4425381000001	74.0	100.0
401.4628045000002	74.0	100.0
401.48491890000014	74.0	100.0
401.5023476000001	74.0	100.0
401.52521150000007	74.0	100.0
401.5446564000001	76.0	100.0
401.56350080000016	76.0	100.0
401.5857138000001	76.0	100.0
401.6029368000002	76.0	100.0
401.62344010000015	76.0	100.0
401.64364969999997	76.0	100.0
401.6625838	76.0	100.0
401.6898513000001	76.0	100.0
401.70525710000015	76.0	100.0
401.7229979000001	76.0	100.0
401.7421759000001	76.0	100.0
401.7631183000001	76.0	100.0
401.7835659	76.0	100.0
401.8033114	76.0	100.0
401.8231164000001	76.0	100.0
401.8443143000002	76.0	100.0
401.86465240000007	76.0	100.0
401.88430430000017	76.0	100.0
401.90379010000015	76.0	100.0
401.92368280000005	76.0	100.0
401.94376280000006	76.0	100.0
401.96356890000015	76.0	100.0
401.98350930000015	76.0	100.0
402.00494460000004	76.0	100.0
402.0259601	76.0	100.0
402.0439387000001	76.0	100.0
402.06382840000015	76.0	100.0
402.0839413000001	76.0	100.0
402.1030971	76.0	100.0
402.1232499	76.0	100.0
402.1433409000001	76.0	100.0
402.1639797	76.0	100.0
402.1847622	76.0	100.0
402.2073775000001	76.0	100.0
402.22331670000017	76.0	100.0
402.2435021000001	76.0	100.0
402.2633516000001	76.0	100.0
402.2835659	76.0	100.0
402.3049492	76.0	100.0
402.3253336	76.0	100.0
402.34668980000015	76.0	100.0
402.36355090000006	76.0	100.0
402.3832394000001	76.0	100.0
402.4065826000001	76.0	100.0
402.4242727000001	76.0	100.0
402.4444231	76.0	100.0
402.46415509999997	76.0	100.0
402.48478450000016	76.0	100.0
402.50561000000016	76.0	100.0
402.524938	76.0	100.0
402.5445480000001	76.0	100.0
402.56389650000006	76.0	100.0
402.5842457000001	76.0	100.0
402.6047944000002	76.0	100.0
402.62482939999995	76.0	100.0
402.64459540000007	76.0	100.0
402.6661762000001	76.0	100.0
402.68484450000005	76.0	100.0
402.7043982	76.0	100.0
402.7285518000001	76.0	100.0
402.74470910000014	76.0	100.0
402.7655057000002	76.0	100.0
402.78468670000007	76.0	100.0
402.8043640000001	76.0	100.0
402.82911590000003	76.0	100.0
402.8441408000001	76.0	100.0
402.86450809999997	76.0	100.0
402.8843107	76.0	100.0
402.9045737000001	76.0	100.0
402.92783380000014	76.0	100.0
402.94454270000006	76.0	100.0
402.9655894	76.0	100.0
402.9869811000001	76.0	100.0
403.0046419	76.0	100.0
403.0246917000002	76.0	100.0
403.04439279999997	76.0	100.0
403.06478549999997	76.0	100.0
403.0850485000001	76.0	100.0
403.10502540000016	76.0	100.0
403.1258057	76.0	100.0
403.14660879999997	76.0	100.0
403.1649133000001	76.0	100.0
403.1853341000001	76.0	100.0
403.20525870000006	76.0	100.0
403.2257253	76.0	100.0
403.24906090000013	76.0	100.0
403.26485320000006	76.0	100.0
403.2858963000001	76.0	100.0
403.30794330000003	76.0	100.0
403.3253347	76.0	100.0
403.3488218	76.0	100.0
403.36481290000006	76.0	100.0
403.3857744000002	76.0	100.0
403.40527640000005	76.0	100.0
403.42509659999996	76.0	100.0
403.4497379000002	76.0	100.0
403.4674347	76.0	100.0
403.48622150000006	76.0	100.0
403.50521690000005	76.0	100.0
403.52616250000005	76.0	100.0
403.54493890000003	76.0	100.0
403.56540760000007	76.0	100.0
403.58555150000007	76.0	100.0
403.6060668	76.0	100.0
403.62817510000013	76.0	100.0
403.6453501000001	76.0	100.0
403.6653225	76.0	100.0
403.6847644000002	76.0	100.0
403.7051591000002	76.0	100.0
403.72516659999997	76.0	100.0
403.74534430000017	76.0	100.0
403.76993719999996	76.0	100.0
403.78785990000006	76.0	100.0
403.80504410000003	76.0	100.0
403.8253293	76.0	100.0
403.8470798000001	76.0	100.0
403.8696413	76.0	100.0
403.8877381	76.0	100.0
403.9053786000002	76.0	100.0
403.92677219999996	76.0	100.0
403.9487448	76.0	100.0
403.96962729999996	76.0	100.0
403.9871006000001	76.0	100.0
404.0063159000001	76.0	100.0
404.0255831000002	76.0	100.0
404.04552390000003	76.0	100.0
404.06546950000006	76.0	100.0
404.08827429999997	76.0	100.0
404.1086431000001	76.0	100.0
404.1261138	76.0	100.0
404.14734080000017	76.0	100.0
404.1655962	76.0	100.0
404.18648810000013	76.0	100.0
404.2062290000001	76.0	100.0
404.2253958000001	76.0	100.0
404.2463172	76.0	100.0
404.2688402000001	76.0	100.0
404.2865180000001	76.0	100.0
404.30602999999996	76.0	100.0
404.326333	76.0	100.0
404.3521644	76.0	100.0
404.3688617	76.0	100.0
404.38507030000005	76.0	100.0
404.4070977000001	76.0	100.0
404.43018789999996	76.0	100.0
404.4473799	76.0	100.0
404.46677750000003	76.0	100.0
404.48999230000004	76.0	100.0
404.507603	76.0	100.0
404.5274514	76.0	100.0
404.5465151000001	76.0	100.0
404.56782350000003	76.0	100.0
404.58955660000015	76.0	100.0
404.60642370000005	76.0	100.0
404.6261236	76.0	100.0
404.64568010000016	76.0	100.0
404.66697390000013	76.0	100.0
404.68658800000003	76.0	100.0
404.7066176000001	76.0	100.0
404.7274169	76.0	100.0
404.7476800000002	76.0	100.0
404.76621250000017	76.0	100.0
404.7868939	76.0	100.0
404.8065577	76.0	100.0
404.8264922000001	76.0	100.0
404.8465447000001	76.0	100.0
404.86681710000016	76.0	100.0
404.88804130000017	76.0	100.0
404.9130394000001	76.0	100.0
404.9268850000001	76.0	100.0
404.9466467	76.0	100.0
404.96761330000004	76.0	100.0
404.98671620000005	76.0	100.0
405.0119598000001	76.0	100.0
405.0265081	76.0	100.0
405.0481434000001	76.0	100.0
405.06889950000004	76.0	100.0
405.08760010000015	76.0	100.0
405.10700020000013	76.0	100.0
405.12758770000005	76.0	100.0
405.14781570000014	76.0	100.0
405.1666253000001	76.0	100.0
405.1874108000002	76.0	100.0
405.20788059999995	76.0	100.0
405.229239	76.0	100.0
405.24751630000014	76.0	100.0
405.2668807	76.0	100.0
405.2896859	76.0	100.0
405.3072473	76.0	100.0
405.32694860000015	76.0	100.0
405.34698290000006	76.0	100.0
405.36747630000013	76.0	100.0
405.3884151	76.0	100.0
405.40688750000004	76.0	100.0
405.42734629999995	76.0	100.0
405.44688770000016	76.0	100.0
405.46692970000004	76.0	100.0
405.4875975	76.0	100.0
405.50700640000014	76.0	100.0
405.52776070000004	76.0	100.0
405.5502412000001	76.0	100.0
405.56737850000013	76.0	100.0
405.5874981000002	76.0	100.0
405.6069815000001	76.0	100.0
405.62781960000007	76.0	100.0
405.6474896	76.0	100.0
405.6674011	76.0	100.0
405.6883379000001	76.0	100.0
405.70845440000016	76.0	100.0
405.7289088	76.0	100.0
405.74709370000005	76.0	100.0
405.76761039999997	76.0	100.0
405.7887842	76.0	100.0
405.8080179000001	76.0	100.0
405.8278571000001	76.0	100.0
405.8486802	76.0	100.0
405.8621809000001	76.0	100.0
405.88929670000016	76.0	100.0
405.90838600000006	76.0	100.0
405.9287097000001	76.0	100.0
405.9482329	76.0	100.0
405.9682665	76.0	100.0
405.9904726	76.0	100.0
406.0083340000001	76.0	100.0
406.0329378000001	76.0	100.0
406.05219680000005	76.0	100.0
406.0686158000001	76.0	100.0
406.08852120000006	76.0	100.0
406.1079208000001	76.0	100.0
406.1284440000002	76.0	100.0
406.1487016000001	76.0	100.0
406.16878610000003	76.0	100.0
406.19084650000013	76.0	100.0
406.2081128	76.0	100.0
406.22703150000007	76.0	100.0
406.24893380000003	76.0	100.0
406.2690647000002	76.0	100.0
406.28885490000016	76.0	100.0
406.30845120000004	76.0	100.0
406.3292094000001	76.0	100.0
406.34907999999996	76.0	100.0
406.3682421000001	76.0	100.0
406.3892323	76.0	100.0
406.40841680000017	76.0	100.0
406.4303467	76.0	100.0
406.4479417	76.0	100.0
406.4674158	76.0	100.0
406.4882477000001	76.0	100.0
406.5084988000001	76.0	100.0
406.5242731000001	76.0	100.0
406.5464806	75.0	100.0
406.56694820000007	75.0	100.0
406.58883960000003	75.0	100.0
406.6087112	75.0	100.0
406.62878980000005	75.0	100.0
406.6486658000001	75.0	100.0
406.66963750000014	75.0	100.0
406.6894794	75.0	100.0
406.70895670000004	75.0	100.0
406.72877360000007	75.0	100.0
406.7498193000001	75.0	100.0
406.77117510000016	75.0	100.0
406.7892039000001	75.0	100.0
406.81021680000003	75.0	100.0
406.8317538000001	75.0	100.0
406.8509609	75.0	100.0
406.86929250000003	75.0	100.0
406.88921990000017	75.0	100.0
406.9098107	75.0	100.0
406.92908120000016	75.0	100.0
406.9489020000001	75.0	100.0
406.96894110000017	75.0	100.0
406.99455290000014	75.0	100.0
407.00969610000016	75.0	100.0
407.0283124	75.0	100.0
407.04900220000013	75.0	100.0
407.0683378000001	75.0	100.0
407.09280520000016	75.0	100.0
407.10813310000003	75.0	100.0
407.1290603	75.0	100.0
407.15320380000003	75.0	100.0
407.1695247	75.0	100.0
407.1893162000001	75.0	100.0
407.208218	75.0	100.0
407.22905400000013	75.0	100.0
407.24877190000007	75.0	100.0
407.26891109999997	75.0	100.0
407.2899969	75.0	100.0
407.31161680000014	75.0	100.0
407.3301974000001	75.0	100.0
407.34949559999995	75.0	100.0
407.3694145000002	75.0	100.0
407.3904989	75.0	100.0
407.4101214	75.0	100.0
407.4294282000001	75.0	100.0
407.4502268000001	75.0	100.0
407.4723987	75.0	100.0
407.49002570000016	75.0	100.0
407.5109996000001	75.0	100.0
407.532598	75.0	100.0
407.5485542000001	75.0	100.0
407.56895269999995	75.0	100.0
407.5880085000001	75.0	100.0
407.61082080000006	75.0	100.0
407.6315902000001	75.0	100.0
407.65040769999996	75.0	100.0
407.6687822000001	75.0	100.0
407.69012540000017	75.0	100.0
407.71011050000016	75.0	100.0
407.7313457	75.0	100.0
407.7499146	75.0	100.0
407.77067290000014	75.0	100.0
407.7926866	75.0	100.0
407.80985410000017	75.0	100.0
407.8303760000001	75.0	100.0
407.8502161000001	75.0	100.0
407.8695682	75.0	100.0
407.8905464000002	75.0	100.0
407.9093963	75.0	100.0
407.9307976	75.0	100.0
407.9518737000001	75.0	100.0
407.9702826	75.0	100.0
407.9903944	75.0	100.0
408.0102836000001	75.0	100.0
408.03024060000007	75.0	100.0
408.05077430000006	75.0	100.0
408.07052220000014	75.0	100.0
408.09198860000015	75.0	100.0
408.11334680000004	75.0	100.0
408.1352360000001	75.0	100.0
408.1511034	75.0	100.0
408.1711921000001	75.0	100.0
408.19193110000015	75.0	100.0
408.2106289000001	75.0	100.0
408.23418730000003	75.0	100.0
408.25282590000006	75.0	100.0
408.2731116	75.0	100.0
408.29192220000004	75.0	100.0
408.31153070000005	75.0	100.0
408.3305768	75.0	100.0
408.35474850000014	75.0	100.0
408.37081650000005	75.0	100.0
408.39080809999996	75.0	100.0
408.4119558	75.0	100.0
408.43375060000017	75.0	100.0
408.4506917000001	75.0	100.0
408.47091390000014	75.0	100.0
408.49231610000015	75.0	100.0
408.5109284	75.0	100.0
408.5328221	75.0	100.0
408.5513105	75.0	100.0
408.57200550000016	75.0	100.0
408.59284330000014	75.0	100.0
408.61108430000013	75.0	100.0
408.63149180000005	75.0	100.0
408.6529143	75.0	100.0
408.67185029999996	75.0	100.0
408.6920202000001	75.0	100.0
408.7113557	75.0	100.0
408.73309489999997	75.0	100.0
408.7552965	75.0	100.0
408.7722254	75.0	100.0
408.79208900000003	75.0	100.0
408.8115528000001	75.0	100.0
408.8321069000001	75.0	100.0
408.8518588000002	75.0	100.0
408.8715358000002	75.0	100.0
408.89229610000007	75.0	100.0
408.91246590000014	75.0	100.0
408.93243440000015	75.0	100.0
408.9532978	75.0	100.0
408.9724127000002	75.0	100.0
408.9920062000001	75.0	100.0
409.0121283000001	75.0	100.0
409.15633	75.0	100.0
409.1563664	75.0	100.0
409.1563864	75.0	100.0
409.15640470000017	75.0	100.0
409.156426	75.0	100.0
409.1564455	75.0	100.0
409.1564681	75.0	100.0
409.1734590000001	75.0	100.0
409.1928997	75.0	100.0
409.3004261000001	75.0	100.0
409.30044599999997	75.0	100.0
409.30045470000005	75.0	100.0
409.3004631000001	75.0	100.0
409.3004712000002	75.0	100.0
409.31219710000005	75.0	100.0
409.3328338000001	75.0	100.0
409.35267210000006	75.0	100.0
409.4625709000002	75.0	100.0
409.46259800000007	75.0	100.0
409.4626096000002	75.0	100.0
409.4626217	75.0	100.0
409.4626324000001	75.0	100.0
409.47222639999995	75.0	100.0
409.49263500000006	75.0	100.0
409.61568050000005	75.0	100.0
409.6157035000001	75.0	100.0
409.61571230000004	74.0	100.0
409.61572020000017	74.0	100.0
409.61572720000004	74.0	100.0
409.61573480000015	74.0	100.0
409.63290159999997	74.0	100.0
409.65307010000015	74.0	100.0
409.6731588	74.0	100.0
409.7705876	74.0	100.0
409.7706204000001	74.0	100.0
409.7706330000001	74.0	100.0
409.77064429999996	74.0	100.0
409.77290000000016	74.0	100.0
409.7937654	74.0	100.0
409.8131115000001	74.0	100.0
409.92111420000015	74.0	100.0
409.9211343000002	74.0	100.0
409.9211425000001	74.0	100.0
409.92115250000006	74.0	100.0
409.9211599	74.0	100.0
409.93325819999995	74.0	100.0
409.9525221000001	74.0	100.0
409.9727170000001	74.0	100.0
410.07892979999997	74.0	100.0
410.0789582	74.0	100.0
410.0789724000001	74.0	100.0
410.07898550000004	74.0	100.0
410.0789989	74.0	100.0
410.09327580000013	74.0	100.0
410.1143061	74.0	100.0
410.2218235	74.0	100.0
410.2218469000002	74.0	100.0
410.2218556	74.0	100.0
410.2218642	74.0	100.0
410.2218720000001	74.0	100.0
410.2349653000001	74.0	100.0
410.2535055000001	74.0	100.0
410.272954	74.0	100.0
410.38035579999996	74.0	100.0
410.38038230000006	74.0	100.0
410.38039490000006	74.0	100.0
410.38040739999997	74.0	100.0
410.3804192	74.0	100.0
410.39436420000015	74.0	100.0
410.4181847	74.0	100.0
410.53046600000016	74.0	100.0
410.53050170000006	74.0	100.0
410.53052230000003	74.0	100.0
410.53054599999996	74.0	100.0
410.5305704	74.0	100.0
410.5360425000001	74.0	100.0
410.5550281000001	72.0	100.0
410.5742531000001	72.0	100.0
410.5944654	72.0	100.0
410.7751724	72.0	100.0
410.77519359999997	72.0	100.0
410.77520219999997	72.0	100.0
410.7752101000001	72.0	100.0
410.7752177	72.0	100.0
410.7752250000001	72.0	100.0
410.77523250000013	72.0	100.0
410.7752408000001	72.0	100.0
410.7752488000001	72.0	100.0
410.7949745000001	72.0	100.0
410.8151722	72.0	100.0
410.83658430000014	72.0	100.0
410.85454270000014	72.0	100.0
410.87510480000014	72.0	100.0
410.89505380000014	72.0	100.0
411.04264490000014	72.0	100.0
411.04267270000014	72.0	100.0
411.04268590000015	72.0	100.0
411.04269780000004	72.0	100.0
411.04270970000016	72.0	100.0
411.04272200000014	72.0	100.0
411.04273409999996	72.0	100.0
411.05401159999997	72.0	100.0
411.0754608	72.0	100.0
411.0956848000001	72.0	100.0
411.24773170000003	72.0	100.0
411.24777029999996	72.0	100.0
411.2477880000001	72.0	100.0
411.2478046000001	72.0	100.0
411.2478205	72.0	100.0
411.2478401000001	72.0	100.0
411.2478593000001	72.0	100.0
411.2559741	72.0	100.0
411.27542140000014	72.0	100.0
411.29662240000016	72.0	100.0
411.38803099999996	72.0	100.0
411.3880517	72.0	100.0
411.38805990000014	72.0	100.0
411.38806769999997	72.0	100.0
411.39607490000003	72.0	100.0
411.41558080000004	72.0	100.0
411.43582800000013	72.0	100.0
411.574433	72.0	100.0
411.5744708	72.0	100.0
411.5745019000001	72.0	100.0
411.57455260000006	72.0	100.0
411.57460420000007	72.0	100.0
411.5746594	72.0	100.0
411.57667760000004	72.0	100.0
411.5974464000001	72.0	100.0
411.616405	72.0	100.0
411.7602396	72.0	100.0
411.7602664000001	72.0	100.0
411.7602786	72.0	100.0
411.7602899000001	72.0	100.0
411.7603007	72.0	100.0
411.7603114000001	72.0	100.0
411.76032299999997	72.0	100.0
411.7768023000001	72.0	100.0
411.7986371000002	72.0	100.0
411.8167492	72.0	100.0
411.9641964	72.0	100.0
411.9642186000001	72.0	100.0
411.9642271	72.0	100.0
411.96423530000015	72.0	100.0
411.9642430000001	72.0	100.0
411.96425020000015	72.0	100.0
411.9642576000001	72.0	100.0
411.98032780000017	72.0	100.0
411.99656930000015	72.0	100.0
412.0161816	72.0	100.0
412.1621841000001	72.0	100.0
412.16220670000007	72.0	100.0
412.1622156000001	72.0	100.0
412.16222370000014	72.0	100.0
412.1622314000001	72.0	100.0
412.1622387	72.0	100.0
412.1622489000001	72.0	100.0
412.17181470000014	72.0	100.0
412.1929944000001	72.0	100.0
412.21404270000016	72.0	100.0
412.37341990000004	72.0	100.0
412.3734430000002	72.0	100.0
412.37345260000006	72.0	100.0
412.37346030000003	72.0	100.0
412.3734683	72.0	100.0
412.37347810000006	72.0	100.0
412.3734889	72.0	100.0
412.37683749999997	72.0	100.0
412.3971931000001	72.0	100.0
412.4222614	72.0	100.0
412.4385149	72.0	100.0
412.5789049	72.0	100.0
412.5789277000001	72.0	100.0
412.57893660000013	72.0	100.0
412.578945	72.0	100.0
412.5789526000001	72.0	100.0
412.5789598000001	71.0	100.0
412.57896930000015	71.0	100.0
412.60006999999996	71.0	100.0
412.6169481000002	71.0	100.0
412.63829090000013	71.0	100.0
412.78317519999996	71.0	100.0
412.7831966000001	71.0	100.0
412.78320540000004	71.0	100.0
412.78321330000017	71.0	100.0
412.7832208	71.0	100.0
412.7832281000001	71.0	100.0
412.783236	71.0	100.0
412.7970533	71.0	100.0
412.81950370000004	71.0	100.0
412.8369961000001	71.0	100.0
412.9276138	71.0	100.0
412.9276460000001	71.0	100.0
412.92765729999996	71.0	100.0
412.92766800000004	71.0	100.0
412.93803960000014	71.0	100.0
412.9571447000001	71.0	100.0
413.15462300000013	71.0	100.0
413.1546475	71.0	100.0
413.15465700000004	71.0	100.0
413.154665	71.0	100.0
413.15467290000015	71.0	100.0
413.154681	71.0	100.0
413.15468840000017	71.0	100.0
413.15469800000005	71.0	100.0
413.1547075000001	71.0	100.0
413.15940450000016	71.0	100.0
413.17766240000014	71.0	100.0
413.19750139999996	71.0	100.0
413.21907080000005	71.0	100.0
413.2410850000001	71.0	100.0
413.27590910000004	71.0	100.0
413.2801369000001	71.0	100.0
413.29825700000015	71.0	100.0
413.31937930000004	71.0	100.0
413.3420638	71.0	100.0
413.3578357000001	71.0	100.0
413.378426	71.0	100.0
413.4906675	71.0	100.0
413.4906962	71.0	100.0
413.4907045	71.0	100.0
413.4907128	71.0	100.0
413.4907205000002	71.0	100.0
413.4985613000001	71.0	100.0
413.51825670000017	71.0	100.0
413.54289289999997	71.0	100.0
413.56083230000013	73.0	100.0
413.66081440000016	73.0	100.0
413.66084020000017	73.0	100.0
413.66085220000014	73.0	100.0
413.6608635	73.0	100.0
413.66087460000017	73.0	100.0
413.67959280000014	73.0	100.0
413.69888620000006	73.0	100.0
413.7193636000002	73.0	100.0
413.73852350000016	73.0	100.0
413.758464	73.0	100.0
413.77897570000005	73.0	100.0
413.7995926000001	73.0	100.0
413.8188473	73.0	100.0
413.8395405000001	73.0	100.0
413.85945800000013	73.0	100.0
413.8808183000001	73.0	100.0
413.90150070000004	73.0	100.0
413.9184739	73.0	100.0
413.9388745000001	73.0	100.0
413.9635888	73.0	100.0
413.97895560000006	73.0	100.0
413.99940200000015	73.0	100.0
414.02000020000014	73.0	100.0
414.0404483	73.0	100.0
414.0625870000001	73.0	100.0
414.0803071	73.0	100.0
414.0995474000001	73.0	100.0
414.12058950000005	73.0	100.0
414.13940690000004	73.0	100.0
414.16284410000003	73.0	100.0
414.1827022	73.0	100.0
414.2026498	73.0	100.0
414.2191864000001	73.0	100.0
414.2391804000001	73.0	100.0
414.2596076	73.0	100.0
414.27981309999996	73.0	100.0
414.3003169000001	73.0	100.0
414.3200137000001	73.0	100.0
414.3404548000001	73.0	100.0
414.3608776000001	73.0	100.0
414.380351	73.0	100.0
414.40017839999996	73.0	100.0
414.42013770000017	73.0	100.0
414.43897289999995	73.0	100.0
414.4597104000002	73.0	100.0
414.47968790000004	73.0	100.0
414.5007719	73.0	100.0
414.52197590000014	73.0	100.0
414.5403539000001	73.0	100.0
414.5606699	74.0	100.0
414.57982030000016	74.0	100.0
414.5999429000001	74.0	100.0
414.62006540000016	74.0	100.0
414.64001640000015	74.0	100.0
414.66077110000015	74.0	100.0
414.68573089999995	74.0	100.0
414.70109879999995	74.0	100.0
414.72023839999997	74.0	100.0
414.7398793	74.0	100.0
414.7602316	74.0	100.0
414.77997230000005	74.0	100.0
414.8011004	74.0	100.0
414.82091779999996	74.0	100.0
414.8420757000001	74.0	100.0
414.86061510000013	74.0	100.0
414.88058350000006	74.0	100.0
414.90083830000003	74.0	100.0
414.9205129000002	74.0	100.0
414.93992390000017	74.0	100.0
414.96049059999996	74.0	100.0
414.9806522000001	74.0	100.0
415.00256460000014	74.0	100.0
415.020544	74.0	100.0
415.04081310000015	74.0	100.0
415.0598123	74.0	100.0
415.08058189999997	74.0	100.0
415.1059359000001	74.0	100.0
415.1208133	74.0	100.0
415.1412818000001	74.0	100.0
415.163581	74.0	100.0
415.1810164000001	74.0	100.0
415.20092309999995	74.0	100.0
415.2217054	74.0	100.0
415.24120330000005	74.0	100.0
415.2610399	74.0	100.0
415.28090110000016	74.0	100.0
415.3054849	74.0	100.0
415.32661640000015	74.0	100.0
415.3401865000001	74.0	100.0
415.36453860000006	74.0	100.0
415.380946	74.0	100.0
415.40113429999997	74.0	100.0
415.42124250000006	74.0	100.0
415.44078660000014	74.0	100.0
415.46187840000016	74.0	100.0
415.48357910000004	74.0	100.0
415.5010149	74.0	100.0
415.52086959999997	74.0	100.0
415.54238480000004	74.0	100.0
415.5615031	75.0	100.0
415.58152240000004	75.0	100.0
415.60100480000006	75.0	100.0
415.6261857000002	75.0	100.0
415.6424935	75.0	100.0
415.6610233000001	75.0	100.0
415.68101980000006	75.0	100.0
415.70169050000004	75.0	100.0
415.7244465000001	75.0	100.0
415.7408944000001	75.0	100.0
415.76078830000006	75.0	100.0
415.78099010000005	75.0	100.0
415.8049777000001	75.0	100.0
415.8222433000001	75.0	100.0
415.84203790000015	75.0	100.0
415.8636732	75.0	100.0
415.8812964000001	75.0	100.0
415.9000430000001	75.0	100.0
415.91995770000017	75.0	100.0
415.9427366	75.0	100.0
415.96394640000017	75.0	100.0
415.9820714	75.0	100.0
416.00229579999996	75.0	100.0
416.02243710000016	75.0	100.0
416.0415753	75.0	100.0
416.06191120000017	75.0	100.0
416.08117160000006	75.0	100.0
416.1024654	75.0	100.0
416.12469740000006	75.0	100.0
416.1416306000001	75.0	100.0
416.16081740000004	75.0	100.0
416.1824627000001	75.0	100.0
416.20305150000013	75.0	100.0
416.2232713000001	75.0	100.0
416.245576	75.0	100.0
416.2625792000001	75.0	100.0
416.2838355000001	75.0	100.0
416.3028124	75.0	100.0
416.3212411000002	75.0	100.0
416.3411424000001	75.0	100.0
416.36132220000013	75.0	100.0
416.38207740000007	75.0	100.0
416.4022135	75.0	100.0
416.42251350000015	75.0	100.0
416.4449690000001	75.0	100.0
416.4645095000001	75.0	100.0
416.4825073000002	75.0	100.0
416.50228570000013	75.0	100.0
416.5222589	75.0	100.0
416.5433306	75.0	100.0
416.5627231000001	74.0	100.0
416.58345740000004	74.0	100.0
416.6048214	74.0	100.0
416.6225118	74.0	100.0
416.6429154	74.0	100.0
416.66246120000005	74.0	100.0
416.68250550000016	74.0	100.0
416.70208590000016	74.0	100.0
416.72257820000004	74.0	100.0
416.74352840000006	74.0	100.0
416.76609580000013	74.0	100.0
416.78379330000007	74.0	100.0
416.8027013000001	74.0	100.0
416.82243930000004	74.0	100.0
416.8450315	74.0	100.0
416.86623550000013	74.0	100.0
416.88304700000003	74.0	100.0
416.90435990000014	74.0	100.0
416.9244831000001	74.0	100.0
416.9428795000001	74.0	100.0
416.9634748000001	74.0	100.0
416.98195069999997	74.0	100.0
417.00266280000005	74.0	100.0
417.0227311000001	74.0	100.0
417.04244330000006	74.0	100.0
417.0632273000001	74.0	100.0
417.0856034000001	74.0	100.0
417.1028900000001	74.0	100.0
417.1227636000001	74.0	100.0
417.1430091	74.0	100.0
417.16253640000014	74.0	100.0
417.1825652	74.0	100.0
417.2033557	74.0	100.0
417.2233817000001	74.0	100.0
417.2447488	74.0	100.0
417.26365880000003	74.0	100.0
417.2871925000002	74.0	100.0
417.30394709999996	74.0	100.0
417.3238295000001	74.0	100.0
417.3471063000002	74.0	100.0
417.36442220000004	74.0	100.0
417.38826889999996	74.0	100.0
417.4076970000001	74.0	100.0
417.4238441	74.0	100.0
417.44407720000004	74.0	100.0
417.46539310000003	74.0	100.0
417.4837914	74.0	100.0
417.50404849999995	74.0	100.0
417.52383210000016	74.0	100.0
417.5447557	74.0	100.0
417.5656947	73.0	100.0
417.58412350000003	73.0	100.0
417.6040146	73.0	100.0
417.62410380000006	73.0	100.0
417.64406180000015	73.0	100.0
417.6643262	73.0	100.0
417.6835684	73.0	100.0
417.70461360000013	73.0	100.0
417.7260794000001	73.0	100.0
417.7443065	73.0	100.0
417.76310809999995	73.0	100.0
417.78356810000014	73.0	100.0
417.8062118	73.0	100.0
417.82374900000013	73.0	100.0
417.84332940000013	73.0	100.0
417.8641838000001	73.0	100.0
417.8850775000001	73.0	100.0
417.90816940000013	73.0	100.0
417.9239285000001	73.0	100.0
417.9437835000001	73.0	100.0
417.96415780000007	73.0	100.0
417.9839479	73.0	100.0
418.0039809	73.0	100.0
418.0239537	73.0	100.0
418.04630010000005	73.0	100.0
418.0636925000001	73.0	100.0
418.08359540000015	73.0	100.0
418.1039006000001	73.0	100.0
418.12454130000015	73.0	100.0
418.1443606	73.0	100.0
418.16418799999997	73.0	100.0
418.18481280000015	73.0	100.0
418.2066998	73.0	100.0
418.2243092000001	73.0	100.0
418.24309519999997	73.0	100.0
418.2637731	73.0	100.0
418.2846809	73.0	100.0
418.30477910000013	73.0	100.0
418.3281869	73.0	100.0
418.3468897	73.0	100.0
418.3702134	73.0	100.0
418.38447570000017	73.0	100.0
418.4047501	73.0	100.0
418.42392740000014	73.0	100.0
418.4438819000002	73.0	100.0
418.46456680000006	73.0	100.0
418.4846298	73.0	100.0
418.5055122000001	73.0	100.0
418.5302710000001	73.0	100.0
418.54584220000015	73.0	100.0
418.5650607	73.0	100.0
418.58583980000003	73.0	100.0
418.6066392	73.0	100.0
418.6283836	73.0	100.0
418.64490950000004	73.0	100.0
418.6648968000002	73.0	100.0
418.68829230000006	73.0	100.0
418.70568449999996	73.0	100.0
418.7243777000001	73.0	100.0
418.744496	73.0	100.0
418.7652459000001	73.0	100.0
418.78358019999996	73.0	100.0
418.7999393	73.0	100.0
418.8249794000001	73.0	100.0
418.84172220000005	73.0	100.0
418.8616208000001	73.0	100.0
418.88324190000003	73.0	100.0
418.9030262000001	73.0	100.0
418.9248278	73.0	100.0
418.9491925	73.0	100.0
418.9651172000001	73.0	100.0
418.98822710000013	73.0	100.0
419.00861699999996	73.0	100.0
419.0253580000001	73.0	100.0
419.0495582000001	73.0	100.0
419.06555560000015	73.0	100.0
419.08511769999996	73.0	100.0
419.1064351	73.0	100.0
419.1259334000001	73.0	100.0
419.14652950000004	73.0	100.0
419.16761250000013	73.0	100.0
419.18650160000016	73.0	100.0
419.2062797000001	73.0	100.0
419.2260410000001	73.0	100.0
419.24703420000014	73.0	100.0
419.26604040000007	73.0	100.0
419.28616520000014	73.0	100.0
419.3076343	73.0	100.0
419.3283314	73.0	100.0
419.3482262	73.0	100.0
419.3684261000001	73.0	100.0
419.3866385000001	73.0	100.0
419.40637370000013	73.0	100.0
419.4253917000001	73.0	100.0
419.4459810000001	73.0	100.0
419.4702655000001	73.0	100.0
419.48759300000006	73.0	100.0
419.50744350000014	73.0	100.0
419.52648420000014	73.0	100.0
419.5473697	73.0	100.0
419.56824010000014	75.0	100.0
419.5867366	75.0	100.0
419.60984170000006	75.0	100.0
419.6275375	75.0	100.0
419.6489014000001	75.0	100.0
419.66638720000014	75.0	100.0
419.6864290000001	75.0	100.0
419.70668969999997	75.0	100.0
419.72640739999997	75.0	100.0
419.74687310000013	75.0	100.0
419.76633430000015	75.0	100.0
419.7870290000001	75.0	100.0
419.80845120000004	75.0	100.0
419.82754160000013	75.0	100.0
419.8466684	75.0	100.0
419.86660270000016	75.0	100.0
419.8879623	75.0	100.0
419.90698670000006	75.0	100.0
419.92661880000014	75.0	100.0
419.9473074	75.0	100.0
419.96903470000007	75.0	100.0
419.9871525000001	75.0	100.0
420.00689690000013	75.0	100.0
420.02752469999996	75.0	100.0
420.0468783000001	75.0	100.0
420.06699920000005	75.0	100.0
420.0908382	75.0	100.0
420.1083268	75.0	100.0
420.12806220000016	75.0	100.0
420.14729980000016	75.0	100.0
420.16692780000017	75.0	100.0
420.18759180000006	75.0	100.0
420.20737770000005	75.0	100.0
420.2271304000001	75.0	100.0
420.24716250000006	75.0	100.0
420.2682665	75.0	100.0
420.28950810000015	75.0	100.0
420.3075228	75.0	100.0
420.32746940000015	75.0	100.0
420.35143990000006	75.0	100.0
420.3681288	75.0	100.0
420.38824810000006	75.0	100.0
420.4075521	75.0	100.0
420.4290732000002	75.0	100.0
420.44863550000014	75.0	100.0
420.4700954	75.0	100.0
420.4874787000001	75.0	100.0
420.51235399999996	75.0	100.0
420.53154600000016	75.0	100.0
420.54864799999996	75.0	100.0
420.56890850000013	76.0	100.0
420.58880390000013	76.0	100.0
420.6141113000001	76.0	100.0
420.6282202	76.0	100.0
420.6483554000001	76.0	100.0
420.6686502	76.0	100.0
420.68897860000015	76.0	100.0
420.71270500000014	76.0	100.0
420.72987710000007	76.0	100.0
420.7492340000001	76.0	100.0
420.76991569999996	76.0	100.0
420.78825129999996	76.0	100.0
420.8090582	76.0	100.0
420.82920980000017	76.0	100.0
420.8492059	76.0	100.0
420.86891000000014	76.0	100.0
420.8875009000001	76.0	100.0
420.90397329999996	76.0	100.0
420.9300925	76.0	100.0
420.9444626000002	76.0	100.0
420.9654659	76.0	100.0
420.9871504	76.0	100.0
421.0088399000001	76.0	100.0
421.0346697	76.0	100.0
421.0484720000002	76.0	100.0
421.06881210000006	76.0	100.0
421.0902752000002	76.0	100.0
421.1092658	76.0	100.0
421.13295330000005	76.0	100.0
421.1489041	76.0	100.0
421.16869510000015	76.0	100.0
421.1885844000001	76.0	100.0
421.21051409999995	76.0	100.0
421.23043010000015	76.0	100.0
421.2521643	76.0	100.0
421.2692803	76.0	100.0
421.28888660000007	76.0	100.0
421.3093596000001	76.0	100.0
421.3315284	76.0	100.0
421.35067790000016	76.0	100.0
421.36905939999997	76.0	100.0
421.38983900000017	76.0	100.0
421.41199040000015	76.0	100.0
421.4292521	76.0	100.0
421.44855970000003	76.0	100.0
421.4688718	76.0	100.0
421.4884333	76.0	100.0
421.5087917000001	76.0	100.0
421.52957830000014	76.0	100.0
421.55556939999997	76.0	100.0
421.5724253000001	76.0	100.0
421.59094270000014	76.0	100.0
421.61049950000006	76.0	100.0
421.6297233	76.0	100.0
421.65384059999997	76.0	100.0
421.67118960000016	76.0	100.0
421.68987190000007	76.0	100.0
421.7104352000001	76.0	100.0
421.73200480000014	76.0	100.0
421.75011070000005	76.0	100.0
421.7700631	76.0	100.0
421.7895076	76.0	100.0
421.8097703000001	76.0	100.0
421.82928560000005	76.0	100.0
421.84989629999995	76.0	100.0
421.87289480000004	76.0	100.0
421.8924068000001	76.0	100.0
421.91020100000014	76.0	100.0
421.9304456	76.0	100.0
421.9504479	76.0	100.0
421.9696087	76.0	100.0
421.98997370000006	76.0	100.0
422.01048979999996	76.0	100.0
422.03023299999995	76.0	100.0
422.05133160000014	76.0	100.0
422.0711106000001	76.0	100.0
422.0897996000001	76.0	100.0
422.1103418	76.0	100.0
422.12996480000015	76.0	100.0
422.15016620000006	76.0	100.0
422.1737137	76.0	100.0
422.19155020000017	76.0	100.0
422.21200080000017	76.0	100.0
422.23081720000005	76.0	100.0
422.2504235000001	76.0	100.0
422.2722633000001	76.0	100.0
422.2904258000001	76.0	100.0
422.3106619	76.0	100.0
422.3267908	76.0	100.0
422.35113309999997	76.0	100.0
422.3720118000001	76.0	100.0
422.3892122	76.0	100.0
422.40863850000005	76.0	100.0
422.4323333	76.0	100.0
422.4486213	76.0	100.0
422.46774200000004	76.0	100.0
422.49066800000014	76.0	100.0
422.5121167	76.0	100.0
422.53281860000016	76.0	100.0
422.55261629999995	76.0	100.0
422.5721039	76.0	100.0
422.59173899999996	76.0	100.0
422.610805	76.0	100.0
422.6318348	76.0	100.0
422.6510780000001	76.0	100.0
422.6719071	76.0	100.0
422.69650320000005	76.0	100.0
422.71200710000016	76.0	100.0
422.7304279	76.0	100.0
422.75052100000016	76.0	100.0
422.77096140000003	76.0	100.0
422.79078849999996	76.0	100.0
422.809311	76.0	100.0
422.83277050000015	76.0	100.0
422.85407550000014	76.0	100.0
422.87396980000017	76.0	100.0
422.8906684000001	76.0	100.0
422.9112957	76.0	100.0
422.9309697000001	76.0	100.0
422.9507436000001	76.0	100.0
422.97125930000016	76.0	100.0
422.9920363000001	76.0	100.0
423.0120509000001	76.0	100.0
423.03112770000007	76.0	100.0
423.0513793	76.0	100.0
423.0709673000001	76.0	100.0
423.0917036000001	76.0	100.0
423.11140309999996	76.0	100.0
423.13095139999996	76.0	100.0
423.153949	76.0	100.0
423.1732340000001	76.0	100.0
423.1911754	76.0	100.0
423.21503700000017	76.0	100.0
423.2314467000001	76.0	100.0
423.25135450000016	76.0	100.0
423.27138349999996	76.0	100.0
423.2919813000001	76.0	100.0
423.3134765	76.0	100.0
423.3331051	76.0	100.0
423.35187570000016	76.0	100.0
423.37150480000014	76.0	100.0
423.3917140000001	76.0	100.0
423.4117595	76.0	100.0
423.43163720000007	76.0	100.0
423.4521463000001	76.0	100.0
423.47195639999995	76.0	100.0
423.4939624000001	76.0	100.0
423.51253070000007	76.0	100.0
423.53129230000013	76.0	100.0
423.55235700000003	76.0	100.0
423.5721277	75.0	100.0
423.5924989	75.0	100.0
423.6124784000001	75.0	100.0
423.6327210000002	75.0	100.0
423.65653180000004	75.0	100.0
423.67440009999996	75.0	100.0
423.6925023000001	75.0	100.0
423.8450702	75.0	100.0
423.84509390000017	75.0	100.0
423.84510309999996	75.0	100.0
423.8451109	75.0	100.0
423.8451213000001	75.0	100.0
423.84513200000015	75.0	100.0
423.8451444	75.0	100.0
423.8529565000001	75.0	100.0
423.8717762000001	75.0	100.0
423.89297090000014	75.0	100.0
423.9133173	75.0	100.0
423.93672979999997	75.0	100.0
423.9531873000001	75.0	100.0
423.9742023000001	75.0	100.0
423.9933694000001	75.0	100.0
424.01309820000006	75.0	100.0
424.03260320000004	75.0	100.0
424.0527647000001	75.0	100.0
424.0726637	75.0	100.0
424.0927461000001	75.0	100.0
424.1154584000001	75.0	100.0
424.1363079	75.0	100.0
424.1525081	75.0	100.0
424.1724336	75.0	100.0
424.19249520000017	75.0	100.0
424.2127309	75.0	100.0
424.2329015	75.0	100.0
424.25795230000017	75.0	100.0
424.27397970000015	75.0	100.0
424.29469540000014	75.0	100.0
424.31354899999997	75.0	100.0
424.3332014	75.0	100.0
424.35736450000013	75.0	100.0
424.3743541000001	75.0	100.0
424.3921024000001	75.0	100.0
424.4152686	75.0	100.0
424.4364481	75.0	100.0
424.4572111	75.0	100.0
424.4739999000001	75.0	100.0
424.49333260000003	75.0	100.0
424.5138422	75.0	100.0
424.53331500000013	75.0	100.0
424.55416490000016	75.0	100.0
424.573484	75.0	100.0
424.5944508	75.0	100.0
424.6149782	75.0	100.0
424.63432850000004	75.0	100.0
424.6531208000001	75.0	100.0
424.6725524000001	75.0	100.0
424.6926403	75.0	100.0
424.7140406000001	75.0	100.0
424.7325389	75.0	100.0
424.7541357	75.0	100.0
424.77580520000015	75.0	100.0
424.79269109999996	75.0	100.0
424.81302870000013	75.0	100.0
424.83392960000015	75.0	100.0
424.85261360000004	75.0	100.0
424.87928280000006	75.0	100.0
424.89393040000004	75.0	100.0
424.9144884	75.0	100.0
424.9363844000002	75.0	100.0
424.9544201000001	75.0	100.0
424.97756100000015	75.0	100.0
424.9939935	75.0	100.0
425.01450380000006	75.0	100.0
425.0327192	75.0	100.0
425.05421220000017	75.0	100.0
425.07557110000016	75.0	100.0
425.0967309	75.0	100.0
425.1146896	75.0	100.0
425.13471730000015	75.0	100.0
425.15541380000013	75.0	100.0
425.17441940000003	75.0	100.0
425.1942346000001	75.0	100.0
425.21402620000003	75.0	100.0
425.23499549999997	75.0	100.0
425.2569443	75.0	100.0
425.27470330000006	75.0	100.0
425.2948146000001	75.0	100.0
425.3150319000001	75.0	100.0
425.3344969	75.0	100.0
425.3542811	75.0	100.0
425.37446880000016	75.0	100.0
425.3995076000001	75.0	100.0
425.4167688	75.0	100.0
425.43565980000017	75.0	100.0
425.45631560000015	75.0	100.0
425.47589270000003	75.0	100.0
425.4953663000001	75.0	100.0
425.5153762	75.0	100.0
425.53551160000006	75.0	100.0
425.5572628	75.0	100.0
425.5771022000001	76.0	100.0
425.59634460000007	76.0	100.0
425.61618780000003	76.0	100.0
425.63437420000014	76.0	100.0
425.6548150000001	76.0	100.0
425.6763856	76.0	100.0
425.6954317	76.0	100.0
425.71681450000005	76.0	100.0
425.7382751	76.0	100.0
425.7560947000002	76.0	100.0
425.7757759000001	76.0	100.0
425.79648440000005	76.0	100.0
425.81651180000017	76.0	100.0
425.8358331000002	76.0	100.0
425.860175	76.0	100.0
425.87589960000014	76.0	100.0
425.8968281	76.0	100.0
425.9204601000001	76.0	100.0
425.93584669999996	76.0	100.0
425.9586323000001	76.0	100.0
425.97267020000004	76.0	100.0
425.99504690000003	76.0	100.0
426.01619870000013	76.0	100.0
426.03683120000005	76.0	100.0
426.05811930000004	76.0	100.0
426.0765993	76.0	100.0
426.09588400000007	76.0	100.0
426.1164771000001	76.0	100.0
426.13623270000016	76.0	100.0
426.15983960000017	76.0	100.0
426.1761325	76.0	100.0
426.19536340000013	76.0	100.0
426.2174030000001	76.0	100.0
426.2357892	76.0	100.0
426.2552334000002	76.0	100.0
426.27489690000016	76.0	100.0
426.29325760000006	76.0	100.0
426.3150151	76.0	100.0
426.3362251000001	76.0	100.0
426.3553879000001	76.0	100.0
426.37855390000004	76.0	100.0
426.39668210000013	76.0	100.0
426.4163267000001	76.0	100.0
426.4350872	76.0	100.0
426.45681000000013	76.0	100.0
426.4770886000001	76.0	100.0
426.4966254000001	76.0	100.0
426.51811710000015	76.0	100.0
426.5422321000001	76.0	100.0
426.55719320000003	76.0	100.0
426.57731590000003	77.0	100.0
426.5962059000001	77.0	100.0
426.6170910000001	77.0	100.0
426.6407229000001	77.0	100.0
426.6566488000001	77.0	100.0
426.6781469	77.0	100.0
426.7000624	77.0	100.0
426.71722950000003	77.0	100.0
426.7372983	77.0	100.0
426.75895920000016	77.0	100.0
426.77794960000006	77.0	100.0
426.79645700000015	77.0	100.0
426.8174676000001	77.0	100.0
426.8385539000001	77.0	100.0
426.8594443000002	77.0	100.0
426.88040880000017	77.0	100.0
426.89759230000004	77.0	100.0
426.9176999000001	77.0	100.0
426.9373335	77.0	100.0
426.9616232000001	77.0	100.0
426.97736120000013	77.0	100.0
426.9986467000001	77.0	100.0
427.0206856	77.0	100.0
427.03797440000017	77.0	100.0
427.0637045000001	77.0	100.0
427.0785045	77.0	100.0
427.09734930000013	77.0	100.0
427.11844629999996	77.0	100.0
427.13706390000016	77.0	100.0
427.16176600000017	77.0	100.0
427.1805038	77.0	100.0
427.19828180000013	77.0	100.0
427.2186414	77.0	100.0
427.2385495000001	77.0	100.0
427.25719300000014	77.0	100.0
427.2777467000001	77.0	100.0
427.2985342000002	77.0	100.0
427.31963110000015	77.0	100.0
427.34000190000006	77.0	100.0
427.3613481	77.0	100.0
427.37843310000017	77.0	100.0
427.39860280000016	77.0	100.0
427.41897770000014	77.0	100.0
427.43806900000004	77.0	100.0
427.45868429999996	77.0	100.0
427.48392220000005	77.0	100.0
427.50065770000015	77.0	100.0
427.5184167	77.0	100.0
427.5393200000001	77.0	100.0
427.55903750000016	77.0	100.0
427.57953210000005	75.0	100.0
427.59957870000017	75.0	100.0
427.61838910000006	75.0	100.0
427.64003320000006	75.0	100.0
427.6606363000001	75.0	100.0
427.68205609999995	75.0	100.0
427.7004274000001	75.0	100.0
427.72060380000016	75.0	100.0
427.73925870000016	75.0	100.0
427.7581696	75.0	100.0
427.7781200000002	75.0	100.0
427.80174950000014	75.0	100.0
427.82108730000004	75.0	100.0
427.8397437000001	75.0	100.0
427.8583609	75.0	100.0
427.87996850000013	75.0	100.0
427.89955039999995	75.0	100.0
427.9197504000001	75.0	100.0
427.93992100000014	75.0	100.0
427.95995660000017	75.0	100.0
427.9803223000001	75.0	100.0
427.9996343	75.0	100.0
428.0190557000001	75.0	100.0
428.03874370000017	75.0	100.0
428.05861630000004	75.0	100.0
428.07877529999996	75.0	100.0
428.10241870000004	75.0	100.0
428.11974269999996	75.0	100.0
428.14056730000016	75.0	100.0
428.1592763000001	75.0	100.0
428.17878940000014	75.0	100.0
428.20398840000007	75.0	100.0
428.21980759999997	75.0	100.0
428.23934210000016	75.0	100.0
428.2600688	75.0	100.0
428.2803881	75.0	100.0
428.30626860000007	75.0	100.0
428.31760150000014	75.0	100.0
428.3355253	75.0	100.0
428.35802890000014	75.0	100.0
428.3794223	75.0	100.0
428.39945710000006	75.0	100.0
428.4199556000001	75.0	100.0
428.44032460000017	75.0	100.0
428.46020580000004	75.0	100.0
428.4799157	75.0	100.0
428.4998439000001	75.0	100.0
428.52105200000005	75.0	100.0
428.53887940000004	75.0	100.0
428.5607112	75.0	100.0
428.5787027000001	74.0	100.0
428.6005362000001	74.0	100.0
428.62565540000014	74.0	100.0
428.63965440000015	74.0	100.0
428.66031169999997	74.0	100.0
428.6793025000002	74.0	100.0
428.6999029000001	74.0	100.0
428.72364200000015	74.0	100.0
428.7404176	74.0	100.0
428.76017279999996	74.0	100.0
428.78229080000006	74.0	100.0
428.8006892000001	74.0	100.0
428.8208554	74.0	100.0
428.8399376	74.0	100.0
428.8604861000001	74.0	100.0
428.8803614000001	74.0	100.0
428.9000920000001	74.0	100.0
428.920662	74.0	100.0
428.94220029999997	74.0	100.0
428.96005200000013	74.0	100.0
428.9799722	74.0	100.0
428.99969669999996	74.0	100.0
429.0193630000001	74.0	100.0
429.04029579999997	74.0	100.0
429.0604066000001	74.0	100.0
429.07984950000014	74.0	100.0
429.10200570000006	74.0	100.0
429.1211853	74.0	100.0
429.1443734000002	74.0	100.0
429.16106560000003	74.0	100.0
429.1804079000001	74.0	100.0
429.20043239999995	74.0	100.0
429.22108920000005	74.0	100.0
429.2421512000001	74.0	100.0
429.26292290000015	74.0	100.0
429.28114189999997	74.0	100.0
429.30112499999996	74.0	100.0
429.32067800000004	74.0	100.0
429.34507040000017	74.0	100.0
429.36108680000007	74.0	100.0
429.38079070000003	74.0	100.0
429.40229380000005	74.0	100.0
429.4237326	74.0	100.0
429.4409823000001	74.0	100.0
429.46097699999996	74.0	100.0
429.4810818000001	74.0	100.0
429.5006704	74.0	100.0
429.52211050000005	74.0	100.0
429.54282550000016	74.0	100.0
429.5630064000002	74.0	100.0
429.5845329000001	76.0	100.0
429.6013352	76.0	100.0
429.62187919999997	76.0	100.0
429.6421402000001	76.0	100.0
429.6654522000001	76.0	100.0
429.6818066000001	76.0	100.0
429.701961	76.0	100.0
429.7219334000001	76.0	100.0
429.74263930000006	76.0	100.0
429.7654196000001	76.0	100.0
429.78046070000005	76.0	100.0
429.8007881000001	76.0	100.0
429.8225212	76.0	100.0
429.84256300000015	76.0	100.0
429.86495690000015	76.0	100.0
429.8813054	76.0	100.0
429.90384470000004	76.0	100.0
429.9214522	76.0	100.0
429.94096690000015	76.0	100.0
429.96113020000007	76.0	100.0
429.9814888000001	76.0	100.0
430.0011819000001	76.0	100.0
430.0217467	76.0	100.0
430.042514	76.0	100.0
430.06363480000005	76.0	100.0
430.0810263000001	76.0	100.0
430.1020099	76.0	100.0
430.1221491000001	76.0	100.0
430.1411660000001	76.0	100.0
430.1621645	76.0	100.0
430.1821321	76.0	100.0
430.20206770000004	76.0	100.0
430.22421170000007	76.0	100.0
430.24245440000004	76.0	100.0
430.26217700000007	76.0	100.0
430.28533960000004	76.0	100.0
430.3023005	76.0	100.0
430.323263	76.0	100.0
430.34239049999996	76.0	100.0
430.3667700000001	76.0	100.0
430.38736470000003	76.0	100.0
430.40276889999996	76.0	100.0
430.4230500000001	76.0	100.0
430.44239460000017	76.0	100.0
430.4643040000001	76.0	100.0
430.48250440000015	76.0	100.0
430.5023878000002	76.0	100.0
430.5236282000001	76.0	100.0
430.54437529999996	76.0	100.0
430.56313509999995	76.0	100.0
430.5827941	76.0	100.0
430.60314059999996	76.0	100.0
430.62304070000005	76.0	100.0
430.6426763000002	76.0	100.0
430.6630640000001	76.0	100.0
430.68334830000003	76.0	100.0
430.7046845	76.0	100.0
430.72342300000014	76.0	100.0
430.74311650000004	76.0	100.0
430.76387050000017	76.0	100.0
430.78334970000014	76.0	100.0
430.80644500000017	76.0	100.0
430.82442820000006	76.0	100.0
430.8448756	76.0	100.0
430.86647360000006	76.0	100.0
430.8849794	76.0	100.0
430.9075636	76.0	100.0
430.92431439999996	76.0	100.0
430.94398490000003	76.0	100.0
430.9634446	76.0	100.0
430.98430900000017	76.0	100.0
431.00495490000003	76.0	100.0
431.0257981	76.0	100.0
431.0434001000001	76.0	100.0
431.06349220000016	76.0	100.0
431.08353450000004	76.0	100.0
431.1031306	76.0	100.0
431.12363690000006	76.0	100.0
431.14327290000006	76.0	100.0
431.1640861000001	76.0	100.0
431.1861612	76.0	100.0
431.20377770000005	76.0	100.0
431.2243217	76.0	100.0
431.2444580000001	76.0	100.0
431.26459969999996	76.0	100.0
431.28471000000013	76.0	100.0
431.30418380000015	76.0	100.0
431.3251302000001	76.0	100.0
431.34730860000013	76.0	100.0
431.36477809999997	76.0	100.0
431.38583540000013	76.0	100.0
431.40412620000006	76.0	100.0
431.42810570000006	76.0	100.0
431.4448228000001	76.0	100.0
431.46433350000007	76.0	100.0
431.4862655000002	76.0	100.0
431.5073353	76.0	100.0
431.52453720000017	76.0	100.0
431.544844	76.0	100.0
431.56466820000014	76.0	100.0
431.58540270000003	78.0	100.0
431.60441330000003	78.0	100.0
431.62532380000016	78.0	100.0
431.6448497000001	78.0	100.0
431.6657854	78.0	100.0
431.6856951	78.0	100.0
431.7050762000001	78.0	100.0
431.7249669	78.0	100.0
431.74446409999996	78.0	100.0
431.76440920000005	78.0	100.0
431.78435809999996	78.0	100.0
431.8054379	78.0	100.0
431.82800810000003	78.0	100.0
431.8450084000001	78.0	100.0
431.8640618000002	78.0	100.0
431.88413690000016	78.0	100.0
431.90505870000015	78.0	100.0
431.9257107000001	78.0	100.0
431.9492151000002	78.0	100.0
431.96564120000016	78.0	100.0
431.9867336	78.0	100.0
432.0054010000001	78.0	100.0
432.02507990000004	78.0	100.0
432.04872360000013	78.0	100.0
432.0642937	78.0	100.0
432.0843473	78.0	100.0
432.10396760000003	78.0	100.0
432.1262607000001	78.0	100.0
432.14775570000006	78.0	100.0
432.16559800000005	78.0	100.0
432.18409050000014	78.0	100.0
432.20545990000005	78.0	100.0
432.2243033	78.0	100.0
432.2443462000001	78.0	100.0
432.264363	78.0	100.0
432.28544650000003	78.0	100.0
432.30743270000016	78.0	100.0
432.32495200000017	78.0	100.0
432.34485470000004	78.0	100.0
432.3644869	78.0	100.0
432.38358500000004	78.0	100.0
432.40646749999996	78.0	100.0
432.4249486000001	78.0	100.0
432.4450340000001	78.0	100.0
432.4715299000002	78.0	100.0
432.48550109999996	78.0	100.0
432.5055502	78.0	100.0
432.5266878	78.0	100.0
432.54600870000013	78.0	100.0
432.5664779000001	78.0	100.0
432.58728710000014	79.0	100.0
432.6072551	79.0	100.0
432.62881800000014	79.0	100.0
432.64653380000004	79.0	100.0
432.66643109999995	79.0	100.0
432.68633810000006	79.0	100.0
432.7063898000001	79.0	100.0
432.7264218	79.0	100.0
432.7462558	79.0	100.0
432.7673493	79.0	100.0
432.78846640000006	79.0	100.0
432.80625929999997	79.0	100.0
432.8265805000001	79.0	100.0
432.84637380000004	79.0	100.0
432.8668742	79.0	100.0
432.8862816000001	79.0	100.0
432.9063365000002	79.0	100.0
432.9277069	79.0	100.0
432.94847490000006	79.0	100.0
432.9667966000002	79.0	100.0
432.98992150000004	79.0	100.0
433.00735980000013	79.0	100.0
433.0265108000001	79.0	100.0
433.0466649	79.0	100.0
433.06634710000003	79.0	100.0
433.0915278	79.0	100.0
433.1091103000001	79.0	100.0
433.1274177	79.0	100.0
433.1461756000001	79.0	100.0
433.16680870000005	79.0	100.0
433.1865772000001	79.0	100.0
433.20612800000004	79.0	100.0
433.22902910000016	79.0	100.0
433.246938	79.0	100.0
433.2684405	79.0	100.0
433.2867529	79.0	100.0
433.30705780000017	79.0	100.0
433.3278864000001	79.0	100.0
433.34688930000016	79.0	100.0
433.36737059999996	79.0	100.0
433.38629220000007	79.0	100.0
433.4085066	79.0	100.0
433.43090930000017	79.0	100.0
433.44771630000014	79.0	100.0
433.46768829999996	79.0	100.0
433.48789469999997	79.0	100.0
433.5115492	79.0	100.0
433.52884889999996	79.0	100.0
433.54800309999996	79.0	100.0
433.56933930000014	79.0	100.0
433.58901590000005	78.0	100.0
433.6119813	78.0	100.0
433.62835540000015	78.0	100.0
433.6481285	78.0	100.0
433.66788770000016	78.0	100.0
433.6882757000001	78.0	100.0
433.7081435	78.0	100.0
433.72889350000014	78.0	100.0
433.750176	78.0	100.0
433.76831570000013	78.0	100.0
433.78826130000016	78.0	100.0
433.80815040000016	78.0	100.0
433.8281038	78.0	100.0
433.85232440000004	78.0	100.0
433.8687436	78.0	100.0
433.8906753000001	78.0	100.0
433.9089391	78.0	100.0
433.9281840000001	78.0	100.0
433.9429467	78.0	100.0
433.96039730000007	78.0	100.0
433.98023390000003	78.0	100.0
434.0004183000001	78.0	100.0
434.0264549000001	78.0	100.0
434.0482790000001	78.0	100.0
434.07027930000004	78.0	100.0
434.0882299	78.0	100.0
434.1077083	78.0	100.0
434.13262069999996	78.0	100.0
434.150715	78.0	100.0
434.16866930000015	78.0	100.0
434.18810740000004	78.0	100.0
434.20835090000014	78.0	100.0
434.2303508	78.0	100.0
434.24852320000014	78.0	100.0
434.2684865000001	78.0	100.0
434.28860540000005	78.0	100.0
434.308483	78.0	100.0
434.3286422000001	78.0	100.0
434.3490356	78.0	100.0
434.36887090000005	78.0	100.0
434.3913444	78.0	100.0
434.40853130000005	78.0	100.0
434.4285728	78.0	100.0
434.4490218000001	78.0	100.0
434.4687610000001	78.0	100.0
434.4885157000001	78.0	100.0
434.5086554000002	78.0	100.0
434.52965740000013	78.0	100.0
434.5529176	78.0	100.0
434.5692249000001	78.0	100.0
434.5890297000001	78.0	100.0
434.6101758	78.0	100.0
434.630189	78.0	100.0
434.64902359999996	78.0	100.0
434.66860599999995	78.0	100.0
434.6904621000001	78.0	100.0
434.7119272	78.0	100.0
434.7291366000002	78.0	100.0
434.74864449999995	78.0	100.0
434.76856480000015	78.0	100.0
434.78822560000003	78.0	100.0
434.8085052000001	78.0	100.0
434.82909800000016	78.0	100.0
434.8500610000001	78.0	100.0
434.8711217	78.0	100.0
434.8888399	78.0	100.0
434.9084084000001	78.0	100.0
434.9294225000001	78.0	100.0
434.9487213	78.0	100.0
434.9697962	78.0	100.0
434.99035290000006	78.0	100.0
435.01039160000005	78.0	100.0
435.032062	78.0	100.0
435.05002920000015	78.0	100.0
435.0735531	78.0	100.0
435.0897795000001	78.0	100.0
435.1096904000001	78.0	100.0
435.1302912000001	78.0	100.0
435.1487617	78.0	100.0
435.1746607	78.0	100.0
435.1916298000001	78.0	100.0
435.20994110000015	78.0	100.0
435.22969609999996	78.0	100.0
435.2487939	78.0	100.0
435.27108380000004	78.0	100.0
435.2905339000001	78.0	100.0
435.31045570000015	78.0	100.0
435.33152510000014	78.0	100.0
435.3566873	78.0	100.0
435.3705748	78.0	100.0
435.39051270000004	78.0	100.0
435.4106363000001	78.0	100.0
435.43041960000005	78.0	100.0
435.4503523000001	78.0	100.0
435.4706824	78.0	100.0
435.4918077	78.0	100.0
435.51221140000007	78.0	100.0
435.5312308	78.0	100.0
435.55060390000017	78.0	100.0
435.5721516000001	78.0	100.0
435.5918511	78.0	100.0
435.6106165000001	78.0	100.0
435.6315850000001	78.0	100.0
435.65189250000003	78.0	100.0
435.67275870000003	78.0	100.0
435.69515079999996	78.0	100.0
435.7113104	78.0	100.0
435.73137240000005	78.0	100.0
435.75044320000006	78.0	100.0
435.7718407	78.0	100.0
435.79020660000015	78.0	100.0
435.8121729000002	78.0	100.0
435.83342560000006	78.0	100.0
435.8515149	78.0	100.0
435.8707215000002	78.0	100.0
435.8917507000001	78.0	100.0
435.9116434	78.0	100.0
435.9319740000001	78.0	100.0
435.95078910000007	78.0	100.0
435.97169499999995	78.0	100.0
435.99464950000015	78.0	100.0
436.0115759	78.0	100.0
436.0323543000002	78.0	100.0
436.04443119999996	78.0	100.0
436.0710798	78.0	100.0
436.09101110000006	78.0	100.0
436.1119582000001	78.0	100.0
436.13241160000007	78.0	100.0
436.15194280000014	78.0	100.0
436.17110679999996	78.0	100.0
436.19151720000013	78.0	100.0
436.21555209999997	78.0	100.0
436.23144320000006	78.0	100.0
436.2514149000001	78.0	100.0
436.27088000000003	78.0	100.0
436.2918125000001	78.0	100.0
436.3172443000001	78.0	100.0
436.33216890000017	78.0	100.0
436.35489000000007	78.0	100.0
436.3718695	78.0	100.0
436.39127970000004	78.0	100.0
436.41200690000005	78.0	100.0
436.4319011	78.0	100.0
436.45218680000016	78.0	100.0
436.4734148	78.0	100.0
436.4925845	78.0	100.0
436.51245960000006	78.0	100.0
436.53208500000005	78.0	100.0
436.5527639000002	78.0	100.0
436.57297700000004	78.0	100.0
436.5928335000001	77.0	100.0
436.6133877	77.0	100.0
436.6353123000001	77.0	100.0
436.6526712	77.0	100.0
436.6720814	77.0	100.0
436.6928941000001	77.0	100.0
436.7127275	77.0	100.0
436.7332332000001	77.0	100.0
436.7528009	77.0	100.0
436.7729299	77.0	100.0
436.7957372000001	77.0	100.0
436.8143966	77.0	100.0
436.83685590000005	77.0	100.0
436.8526164	77.0	100.0
436.87295919999997	77.0	100.0
436.8943822000001	77.0	100.0
436.9126129000001	77.0	100.0
436.9374536	77.0	100.0
436.9557142000001	77.0	100.0
436.9728976000001	77.0	100.0
436.9930535000001	77.0	100.0
437.01282860000015	77.0	100.0
437.03234220000013	77.0	100.0
437.05289100000005	77.0	100.0
437.07271119999996	77.0	100.0
437.09327970000004	77.0	100.0
437.11486630000013	77.0	100.0
437.1330776	77.0	100.0
437.15278020000005	77.0	100.0
437.1723667000001	77.0	100.0
437.19099640000013	77.0	100.0
437.21143170000005	77.0	100.0
437.2295573000001	77.0	100.0
437.2483248000001	77.0	100.0
437.27655290000007	77.0	100.0
437.2937823	77.0	100.0
437.3135648	77.0	100.0
437.33451630000013	77.0	100.0
437.3573963000001	77.0	100.0
437.37446650000015	77.0	100.0
437.3938306	77.0	100.0
437.4143672	77.0	100.0
437.43540900000016	77.0	100.0
437.4544141000001	77.0	100.0
437.47442709999996	77.0	100.0
437.49406680000016	77.0	100.0
437.51331860000005	77.0	100.0
437.53433459999997	77.0	100.0
437.55253919999996	77.0	100.0
437.5767403	77.0	100.0
437.59708750000004	76.0	100.0
437.614339	76.0	100.0
437.6349002000002	76.0	100.0
437.6557375	76.0	100.0
437.6748838000001	76.0	100.0
437.69296340000005	76.0	100.0
437.71427459999995	76.0	100.0
437.73535400000014	76.0	100.0
437.7560248	76.0	100.0
437.7758215000001	76.0	100.0
437.79530539999996	76.0	100.0
437.8152067000001	76.0	100.0
437.83695650000004	76.0	100.0
437.8587736000002	76.0	100.0
437.8752088000001	76.0	100.0
437.89557650000006	76.0	100.0
437.916794	76.0	100.0
437.93594129999997	76.0	100.0
437.9545244000001	76.0	100.0
437.9780469	76.0	100.0
437.99642289999997	76.0	100.0
438.0143615000002	76.0	100.0
438.03586870000004	76.0	100.0
438.0560189	76.0	100.0
438.08073690000015	76.0	100.0
438.0955298000001	76.0	100.0
438.1157141000001	76.0	100.0
438.1366882	76.0	100.0
438.15568200000007	76.0	100.0
438.17583020000006	76.0	100.0
438.1946319000001	76.0	100.0
438.21585060000007	76.0	100.0
438.2394816000001	76.0	100.0
438.2558639000001	76.0	100.0
438.27466690000006	76.0	100.0
438.2959508000001	76.0	100.0
438.31551149999996	76.0	100.0
438.33571040000015	76.0	100.0
438.3559206	76.0	100.0
438.37633730000016	76.0	100.0
438.4011438	76.0	100.0
438.4162981000002	76.0	100.0
438.4366272	76.0	100.0
438.45586360000016	76.0	100.0
438.47542650000014	76.0	100.0
438.49989400000004	76.0	100.0
438.5160346	76.0	100.0
438.53673700000013	76.0	100.0
438.55829140000014	76.0	100.0
438.5759830000002	76.0	100.0
438.59690650000016	77.0	100.0
438.61620919999996	77.0	100.0
438.63613039999996	77.0	100.0
438.65658140000005	77.0	100.0
438.6761162	77.0	100.0
438.69693210000014	77.0	100.0
438.71720230000005	77.0	100.0
438.7366002000001	77.0	100.0
438.75862589999997	77.0	100.0
438.7769245000002	77.0	100.0
438.7977713	77.0	100.0
438.81642120000015	77.0	100.0
438.8367155000001	77.0	100.0
438.8568183	77.0	100.0
438.8784624	77.0	100.0
438.8964654000001	77.0	100.0
438.92013050000014	77.0	100.0
438.9367437000001	77.0	100.0
438.95604750000007	77.0	100.0
438.9761357	77.0	100.0
438.99642560000007	77.0	100.0
439.0207806000001	77.0	100.0
439.0383557	77.0	100.0
439.05670970000006	77.0	100.0
439.07692169999996	77.0	100.0
439.0966112000001	77.0	100.0
439.1203636	77.0	100.0
439.13702250000006	77.0	100.0
439.1562891000001	77.0	100.0
439.1773985	77.0	100.0
439.19859680000013	77.0	100.0
439.21666240000013	77.0	100.0
439.2366529000001	77.0	100.0
439.2566176	77.0	100.0
439.2770826000001	77.0	100.0
439.2967275000001	77.0	100.0
439.3175275000001	77.0	100.0
439.33783830000016	77.0	100.0
439.36174830000004	77.0	100.0
439.3770873000001	77.0	100.0
439.3959979000001	77.0	100.0
439.41654430000017	77.0	100.0
439.44088039999997	77.0	100.0
439.4572148	77.0	100.0
439.47675720000007	77.0	100.0
439.4973744000001	77.0	100.0
439.5198190000001	77.0	100.0
439.5405164000001	77.0	100.0
439.5570961000001	77.0	100.0
439.57807879999996	77.0	100.0
439.59702430000016	76.0	100.0
439.6180577	76.0	100.0
439.64153239999996	76.0	100.0
439.6572491000002	76.0	100.0
439.6803129	76.0	100.0
439.69667730000015	76.0	100.0
439.7166873000001	76.0	100.0
439.73783130000015	76.0	100.0
439.756934	76.0	100.0
439.777106	76.0	100.0
439.79670340000007	76.0	100.0
439.81745980000005	76.0	100.0
439.8396626000001	76.0	100.0
439.8565344000001	76.0	100.0
439.87770350000005	76.0	100.0
439.89867720000007	76.0	100.0
439.9165315	76.0	100.0
439.93657830000006	76.0	100.0
439.96055950000004	76.0	100.0
439.97805370000015	76.0	100.0
439.99885229999995	76.0	100.0
440.01649240000006	76.0	100.0
440.03722130000006	76.0	100.0
440.0605726000001	76.0	100.0
440.0767801000002	76.0	100.0
440.0973785000001	76.0	100.0
440.11728949999997	76.0	100.0
440.13878840000007	76.0	100.0
440.1644874000001	76.0	100.0
440.1779318000001	76.0	100.0
440.196596	76.0	100.0
440.2168342	76.0	100.0
440.23820780000005	76.0	100.0
440.25783690000003	76.0	100.0
440.2781047000001	76.0	100.0
440.2989585	76.0	100.0
440.31907090000004	76.0	100.0
440.33732810000015	76.0	100.0
440.35698750000006	76.0	100.0
440.37661730000013	76.0	100.0
440.3978135	76.0	100.0
440.41657929999997	76.0	100.0
440.4381263	76.0	100.0
440.45857120000005	76.0	100.0
440.48053400000003	76.0	100.0
440.49942710000005	76.0	100.0
440.51794689999997	76.0	100.0
440.5383176	76.0	100.0
440.55800180000006	76.0	100.0
440.57945080000013	76.0	100.0
440.601754	76.0	100.0
440.61925399999996	76.0	100.0
440.6403193000001	76.0	100.0
440.65852870000003	76.0	100.0
440.68216770000004	76.0	100.0
440.69983090000005	76.0	100.0
440.71937490000005	76.0	100.0
440.7398691000001	76.0	100.0
440.75939719999997	76.0	100.0
440.77934070000015	76.0	100.0
440.8008294000001	76.0	100.0
440.8181982000001	76.0	100.0
440.83842960000015	76.0	100.0
440.85864089999995	76.0	100.0
440.8785720000001	76.0	100.0
440.89841939999997	76.0	100.0
440.91843830000016	76.0	100.0
440.93993180000007	76.0	100.0
440.96021429999996	76.0	100.0
440.97863700000016	76.0	100.0
440.99833280000007	76.0	100.0
441.01970300000016	76.0	100.0
441.0385804	76.0	100.0
441.05842110000003	76.0	100.0
441.0783572	76.0	100.0
441.10264630000006	76.0	100.0
441.12134920000017	76.0	100.0
441.1394772000001	76.0	100.0
441.1586397000001	76.0	100.0
441.1787107	76.0	100.0
441.2021462	76.0	100.0
441.2196700000002	76.0	100.0
441.2394641000001	76.0	100.0
441.25999	76.0	100.0
441.28014740000003	76.0	100.0
441.3001944	76.0	100.0
441.31860030000007	76.0	100.0
441.3397822000002	76.0	100.0
441.35901390000004	76.0	100.0
441.37867789999996	76.0	100.0
441.39838810000015	76.0	100.0
441.42102820000014	76.0	100.0
441.4418677000001	76.0	100.0
441.4591743000001	76.0	100.0
441.47858270000006	76.0	100.0
441.49957990000007	76.0	100.0
441.5254301	76.0	100.0
441.53550459999997	76.0	100.0
441.5515699	76.0	100.0
441.57315560000006	76.0	100.0
441.5968014	76.0	100.0
441.6180813000001	76.0	100.0
441.6371972000002	76.0	100.0
441.6571798	76.0	100.0
441.6788308	76.0	100.0
441.6996468	76.0	100.0
441.71894169999996	76.0	100.0
441.7398117	76.0	100.0
441.76178660000005	76.0	100.0
441.77915570000005	76.0	100.0
441.80002000000013	76.0	100.0
441.82003180000015	76.0	100.0
441.83993180000016	76.0	100.0
441.8597890000001	76.0	100.0
441.8798574	76.0	100.0
441.9005009	76.0	100.0
441.9206793000001	76.0	100.0
441.94031429999995	76.0	100.0
441.9593416	76.0	100.0
441.9799461	76.0	100.0
441.99983910000014	76.0	100.0
442.02142219999996	76.0	100.0
442.04073059999996	76.0	100.0
442.0604244000001	76.0	100.0
442.08113320000007	76.0	100.0
442.1001199	76.0	100.0
442.11996410000006	76.0	100.0
442.14420259999997	76.0	100.0
442.16028159999996	76.0	100.0
442.1800754000001	76.0	100.0
442.200337	76.0	100.0
442.2199994	76.0	100.0
442.24273540000013	76.0	100.0
442.26037680000013	76.0	100.0
442.2799992	76.0	100.0
442.29965300000003	76.0	100.0
442.32111740000005	76.0	100.0
442.3445585000002	76.0	100.0
442.3602638	76.0	100.0
442.38037580000014	76.0	100.0
442.4023966	76.0	100.0
442.4201181000001	76.0	100.0
442.44079950000014	76.0	100.0
442.4602932	76.0	100.0
442.4802679000002	76.0	100.0
442.5007002	76.0	100.0
442.52007930000013	76.0	100.0
442.54090250000013	76.0	100.0
442.56217030000016	76.0	100.0
442.58035259999997	76.0	100.0
442.60056510000004	75.0	100.0
442.62096040000006	75.0	100.0
442.64043370000013	75.0	100.0
442.6642332000001	75.0	100.0
442.68155330000013	75.0	100.0
442.70137850000015	75.0	100.0
442.7223543	75.0	100.0
442.7409279000001	75.0	100.0
442.7641423	75.0	100.0
442.7808729000001	75.0	100.0
442.8008414000001	75.0	100.0
442.820373	75.0	100.0
442.8407184	75.0	100.0
442.86479580000014	75.0	100.0
442.882484	75.0	100.0
442.90214690000016	75.0	100.0
442.9214852	75.0	100.0
442.9404038	75.0	100.0
442.95868070000006	75.0	100.0
442.97738649999997	75.0	100.0
442.99424870000007	75.0	100.0
443.0154520000001	75.0	100.0
443.0373912	75.0	100.0
443.0565471	75.0	100.0
443.0768994	75.0	100.0
443.09850730000016	75.0	100.0
443.1178874	75.0	100.0
443.14023799999995	75.0	100.0
443.1618391000002	75.0	100.0
443.1850816000001	75.0	100.0
443.20260380000013	75.0	100.0
443.2207998000001	75.0	100.0
443.24064169999997	75.0	100.0
443.26088860000004	75.0	100.0
443.2807934	75.0	100.0
443.30100000000016	75.0	100.0
443.3206233000001	75.0	100.0
443.3422484	75.0	100.0
443.36672180000005	75.0	100.0
443.38469140000007	75.0	100.0
443.40069400000016	75.0	100.0
443.42058540000016	75.0	100.0
443.4405336	75.0	100.0
443.4614822000001	75.0	100.0
443.4809001000001	75.0	100.0
443.5012350000002	75.0	100.0
443.52353270000003	75.0	100.0
443.5413228	75.0	100.0
443.5610997000001	75.0	100.0
443.5805709000001	75.0	100.0
443.6008797000002	76.0	100.0
443.62152850000007	76.0	100.0
443.6415577	76.0	100.0
443.6621127000001	76.0	100.0
443.68437259999996	76.0	100.0
443.7016317	76.0	100.0
443.72081720000006	76.0	100.0
443.7415602000001	76.0	100.0
443.76107790000015	76.0	100.0
443.7808232	76.0	100.0
443.8014058000001	76.0	100.0
443.82215900000006	76.0	100.0
443.84259870000005	76.0	100.0
443.8606694	76.0	100.0
443.8816279	76.0	100.0
443.90524300000016	76.0	100.0
443.9212781000001	76.0	100.0
443.9420620000001	76.0	100.0
443.9608673	76.0	100.0
443.9815836	76.0	100.0
444.0025243	76.0	100.0
444.01646070000015	76.0	100.0
444.03540799999996	76.0	100.0
444.0543367	76.0	100.0
444.0775678	76.0	100.0
444.0985868	76.0	100.0
444.1242421000002	76.0	100.0
444.1423201	76.0	100.0
444.1626113	76.0	100.0
444.18067870000004	76.0	100.0
444.2010642	76.0	100.0
444.2213206000001	76.0	100.0
444.2412279	76.0	100.0
444.26117480000016	76.0	100.0
444.28178649999995	76.0	100.0
444.3024677000001	76.0	100.0
444.3251997	76.0	100.0
444.34281580000015	76.0	100.0
444.3621488000001	76.0	100.0
444.3837357	76.0	100.0
444.40243080000005	76.0	100.0
444.42575899999997	76.0	100.0
444.44236060000003	76.0	100.0
444.46395610000013	76.0	100.0
444.4841696000001	76.0	100.0
444.50182760000007	76.0	100.0
444.5223353000001	76.0	100.0
444.54327020000005	76.0	100.0
444.5622625000001	76.0	100.0
444.5836991000001	76.0	100.0
444.60345840000014	79.0	100.0
444.6235844	79.0	100.0
444.6446972000001	79.0	100.0
444.66338570000016	79.0	100.0
444.6823524000001	79.0	100.0
444.7024286000001	79.0	100.0
444.7226985	79.0	100.0
444.7426593	79.0	100.0
444.7620726	79.0	100.0
444.7831741	79.0	100.0
444.8040036	79.0	100.0
444.8224710000002	79.0	100.0
444.84716100000014	79.0	100.0
444.8635623	79.0	100.0
444.88257580000004	79.0	100.0
444.90351880000003	79.0	100.0
444.9223597	79.0	100.0
444.9436667	79.0	100.0
444.96583350000014	79.0	100.0
444.98325539999996	79.0	100.0
445.00496420000013	79.0	100.0
445.02260420000016	79.0	100.0
445.0432208	79.0	100.0
445.0623309	79.0	100.0
445.0829186000001	79.0	100.0
445.10335680000003	79.0	100.0
445.12428380000006	79.0	100.0
445.14342050000005	79.0	100.0
445.16277379999997	79.0	100.0
445.18276220000007	79.0	100.0
445.202906	79.0	100.0
445.2224923000001	79.0	100.0
445.2436646000001	79.0	100.0
445.26424380000003	79.0	100.0
445.2863027000001	79.0	100.0
445.30455870000014	79.0	100.0
445.3235459	79.0	100.0
445.3466889000001	79.0	100.0
445.36399730000016	79.0	100.0
445.38416610000013	79.0	100.0
445.40329570000017	79.0	100.0
445.4238524	79.0	100.0
445.44588450000015	79.0	100.0
445.4644177	79.0	100.0
445.48311480000007	79.0	100.0
445.5030581000001	79.0	100.0
445.52286960000015	79.0	100.0
445.5433623000001	79.0	100.0
445.5632154	79.0	100.0
445.5860063	79.0	100.0
445.60633340000004	79.0	100.0
445.62449690000017	79.0	100.0
445.6436023000001	79.0	100.0
445.66371290000006	79.0	100.0
445.6839881000001	79.0	100.0
445.7038553	79.0	100.0
445.7241742000001	79.0	100.0
445.7444002	79.0	100.0
445.76433629999997	79.0	100.0
445.784132	79.0	100.0
445.8040404000001	79.0	100.0
445.82422340000016	79.0	100.0
445.8438598	79.0	100.0
445.8641794	79.0	100.0
445.88338680000015	79.0	100.0
445.9059383000001	79.0	100.0
445.9267684000001	79.0	100.0
445.94394320000015	79.0	100.0
445.9632805000001	79.0	100.0
445.98776310000017	79.0	100.0
446.0036672000001	79.0	100.0
446.0239225	79.0	100.0
446.04418520000013	79.0	100.0
446.0639625000001	79.0	100.0
446.08885320000013	79.0	100.0
446.10422470000003	79.0	100.0
446.1202395	79.0	100.0
446.1435457	79.0	100.0
446.16352159999997	79.0	100.0
446.18449840000017	79.0	100.0
446.2044234	79.0	100.0
446.2264732000001	79.0	100.0
446.2476002000001	79.0	100.0
446.26417560000004	79.0	100.0
446.28511660000004	79.0	100.0
446.3041675000002	79.0	100.0
446.32368480000014	79.0	100.0
446.3446358000001	79.0	100.0
446.3681202	79.0	100.0
446.3847460000002	79.0	100.0
446.4091175000001	79.0	100.0
446.4237074	79.0	100.0
446.4451487000001	79.0	100.0
446.4644816	79.0	100.0
446.4829790000001	79.0	100.0
446.5084223000001	79.0	100.0
446.52462560000004	79.0	100.0
446.5445251000001	79.0	100.0
446.5660948	79.0	100.0
446.58327540000005	79.0	100.0
446.60483420000014	83.0	100.0
446.6240993000001	83.0	100.0
446.64478840000015	83.0	100.0
446.6647229	83.0	100.0
446.68503780000015	83.0	100.0
446.7050286000001	83.0	100.0
446.7262660000001	83.0	100.0
446.74579770000014	83.0	100.0
446.76453370000013	83.0	100.0
446.7844070000001	83.0	100.0
446.80419440000014	83.0	100.0
446.8250058000001	83.0	100.0
446.8482672	83.0	100.0
446.8650792000001	83.0	100.0
446.88723040000013	83.0	100.0
446.9042428	83.0	100.0
446.92397330000017	83.0	100.0
446.945504	83.0	100.0
446.9648367	83.0	100.0
446.98448400000007	83.0	100.0
447.00455920000013	83.0	100.0
447.0291515000001	83.0	100.0
447.04741920000015	83.0	100.0
447.0650128	83.0	100.0
447.08400159999997	83.0	100.0
447.10482249999995	83.0	100.0
447.1248786000001	83.0	100.0
447.14524210000013	83.0	100.0
447.1647283	83.0	100.0
447.1851710000001	83.0	100.0
447.20680660000016	83.0	100.0
447.22481790000006	83.0	100.0
447.24516970000013	83.0	100.0
447.2646462	83.0	100.0
447.28466820000017	83.0	100.0
447.3058745000001	83.0	100.0
447.3249164000001	83.0	100.0
447.3463067	83.0	100.0
447.36769890000005	83.0	100.0
447.3849127000001	83.0	100.0
447.4045863000001	83.0	100.0
447.42571139999995	83.0	100.0
447.44947030000003	83.0	100.0
447.4651137000001	83.0	100.0
447.48520080000003	83.0	100.0
447.50571650000006	83.0	100.0
447.5279858000001	83.0	100.0
447.5493897000001	83.0	100.0
447.5650015000001	83.0	100.0
447.58655020000015	83.0	100.0
447.6054402	83.0	100.0
447.6268050000001	83.0	100.0
447.64877350000006	83.0	100.0
447.66741130000014	83.0	100.0
447.6864722	83.0	100.0
447.7046302000001	83.0	100.0
447.72508919999996	83.0	100.0
447.7457114000001	83.0	100.0
447.76462160000005	83.0	100.0
447.7852252	83.0	100.0
447.80509630000006	83.0	100.0
447.82575629999997	83.0	100.0
447.8479439	83.0	100.0
447.86487639999996	83.0	100.0
447.8853193	83.0	100.0
447.9053172000001	83.0	100.0
447.92420760000005	83.0	100.0
447.9454072000001	83.0	100.0
447.9672914	83.0	100.0
447.9859173	83.0	100.0
448.00770580000017	83.0	100.0
448.02479370000015	83.0	100.0
448.04444409999996	83.0	100.0
448.06614090000016	83.0	100.0
448.0853085000001	83.0	100.0
448.10461929999997	83.0	100.0
448.1295262000001	83.0	100.0
448.14641100000017	83.0	100.0
448.17183780000005	83.0	100.0
448.1860144	83.0	100.0
448.20500300000003	83.0	100.0
448.2253617000001	83.0	100.0
448.24581650000005	83.0	100.0
448.26624630000015	83.0	100.0
448.28460440000003	83.0	100.0
448.3061554000001	83.0	100.0
448.32779000000005	83.0	100.0
448.3499518000001	83.0	100.0
448.3664106000001	83.0	100.0
448.38645680000013	83.0	100.0
448.4058913000001	83.0	100.0
448.42624980000005	83.0	100.0
448.44638280000004	83.0	100.0
448.4668243000001	83.0	100.0
448.48914450000007	83.0	100.0
448.50627210000016	83.0	100.0
448.5259234	83.0	100.0
448.5460545000001	83.0	100.0
448.5660994	83.0	100.0
448.59104130000014	83.0	100.0
448.6073205	82.0	100.0
448.6271838	82.0	100.0
448.64788610000005	82.0	100.0
448.66661850000014	82.0	100.0
448.69136950000006	82.0	100.0
448.70633010000006	82.0	100.0
448.7259669	82.0	100.0
448.7465929	82.0	100.0
448.7662811	82.0	100.0
448.7878167000001	82.0	100.0
448.8087656	82.0	100.0
448.8263677	82.0	100.0
448.8465833	82.0	100.0
448.8670929	82.0	100.0
448.88534930000014	82.0	100.0
448.9083228000002	82.0	100.0
448.92614390000017	82.0	100.0
448.9470966000001	82.0	100.0
448.9685964	82.0	100.0
448.98631250000017	82.0	100.0
449.00731940000014	82.0	100.0
449.02639980000004	82.0	100.0
449.0463191000001	82.0	100.0
449.06671159999996	82.0	100.0
449.08620859999996	82.0	100.0
449.1108554	82.0	100.0
449.1287191000001	82.0	100.0
449.1467883	82.0	100.0
449.1665418	82.0	100.0
449.18681430000015	82.0	100.0
449.20766660000004	82.0	100.0
449.2274936000001	82.0	100.0
449.2473632000001	82.0	100.0
449.2681110000001	82.0	100.0
449.28833299999997	82.0	100.0
449.30833270000016	82.0	100.0
449.32673850000015	82.0	100.0
449.3477319000001	82.0	100.0
449.36731710000004	82.0	100.0
449.3874837000001	82.0	100.0
449.4085189	82.0	100.0
449.4281542000001	82.0	100.0
449.45034640000017	82.0	100.0
449.4678657000002	82.0	100.0
449.4874013000001	82.0	100.0
449.5070915000001	82.0	100.0
449.5270891	82.0	100.0
449.54705910000007	82.0	100.0
449.56659220000006	82.0	100.0
449.58857090000015	82.0	100.0
449.6084899	80.0	100.0
449.62820810000017	80.0	100.0
449.64746880000007	80.0	100.0
449.6679011000001	80.0	100.0
449.6875	80.0	100.0
449.7081668000001	80.0	100.0
449.7314759000001	80.0	100.0
449.7484912	80.0	100.0
449.7701495000001	80.0	100.0
449.787319	80.0	100.0
449.8068797000001	80.0	100.0
449.82768320000014	80.0	100.0
449.84866150000016	80.0	100.0
449.8690471	80.0	100.0
449.8891272000001	80.0	100.0
449.9089997000001	80.0	100.0
449.9306812	80.0	100.0
449.94786650000015	80.0	100.0
449.9682965000002	80.0	100.0
449.98764189999997	80.0	100.0
450.0083003	80.0	100.0
450.0280382000001	80.0	100.0
450.0483409000001	80.0	100.0
450.0684807	80.0	100.0
450.0902902	80.0	100.0
450.1081312000001	80.0	100.0
450.12806810000006	80.0	100.0
450.1519379000001	80.0	100.0
450.16856630000007	80.0	100.0
450.18784430000005	80.0	100.0
450.20797960000004	80.0	100.0
450.2290087000001	80.0	100.0
450.25122550000015	80.0	100.0
450.268466	80.0	100.0
450.2881823	80.0	100.0
450.3079927000001	80.0	100.0
450.3298995	80.0	100.0
450.34862	80.0	100.0
450.3720161000001	80.0	100.0
450.3879772	80.0	100.0
450.4102617000001	80.0	100.0
450.4286678000001	80.0	100.0
450.44872910000004	80.0	100.0
450.4683861000001	80.0	100.0
450.4880531000001	80.0	100.0
450.5085073	80.0	100.0
450.52858060000017	80.0	100.0
450.54920949999996	80.0	100.0
450.5704495	80.0	100.0
450.58890840000004	80.0	100.0
450.60860520000006	79.0	100.0
450.6294127000001	79.0	100.0
450.6488696000001	79.0	100.0
450.6684715000001	79.0	100.0
450.6889132000001	79.0	100.0
450.7089578	79.0	100.0
450.73203980000017	79.0	100.0
450.74811	79.0	100.0
450.77227089999997	79.0	100.0
450.7888322000001	79.0	100.0
450.80838560000007	79.0	100.0
450.82816550000007	79.0	100.0
450.84866650000004	79.0	100.0
450.8693998000001	79.0	100.0
450.89011800000003	79.0	100.0
450.90880430000016	79.0	100.0
450.9289318000001	79.0	100.0
450.94814610000003	79.0	100.0
450.9685641000001	79.0	100.0
450.9884088000001	79.0	100.0
451.0086443	79.0	100.0
451.0305079	79.0	100.0
451.0515928	79.0	100.0
451.06898709999996	79.0	100.0
451.0890919000001	79.0	100.0
451.1088376	79.0	100.0
451.12851150000006	79.0	100.0
451.14933410000003	79.0	100.0
451.168686	79.0	100.0
451.1936883000001	79.0	100.0
451.21057910000013	79.0	100.0
451.2294474	79.0	100.0
451.25142690000007	79.0	100.0
451.2678846000001	79.0	100.0
451.2917883	79.0	100.0
451.30958210000017	79.0	100.0
451.32848490000015	79.0	100.0
451.3488314000001	79.0	100.0
451.3714322000001	79.0	100.0
451.3892403	79.0	100.0
451.4079221000002	79.0	100.0
451.4279933	79.0	100.0
451.44865730000015	79.0	100.0
451.46840940000016	79.0	100.0
451.48824790000003	79.0	100.0
451.5094093	79.0	100.0
451.5305585000001	79.0	100.0
451.5485828000001	79.0	100.0
451.568945	79.0	100.0
451.5894111	79.0	100.0
451.6087014	76.0	100.0
451.6286801000001	76.0	100.0
451.6487075	76.0	100.0
451.6698738	76.0	100.0
451.6917027000002	76.0	100.0
451.70842030000017	76.0	100.0
451.7284790000001	76.0	100.0
451.75015140000005	76.0	100.0
451.76856569999995	76.0	100.0
451.7886446	76.0	100.0
451.80868940000005	76.0	100.0
451.8298218	76.0	100.0
451.8514358	76.0	100.0
451.871811	76.0	100.0
451.8885970000001	76.0	100.0
451.9148066	76.0	100.0
451.9287362	76.0	100.0
451.94981540000003	76.0	100.0
451.96853680000004	76.0	100.0
451.99052240000015	76.0	100.0
452.01180220000015	76.0	100.0
452.0287430000001	76.0	100.0
452.0498824000001	76.0	100.0
452.0706493	76.0	100.0
452.0902953	76.0	100.0
452.11072480000007	76.0	100.0
452.1303057	76.0	100.0
452.15148420000014	76.0	100.0
452.1735569	76.0	100.0
452.1897848000001	76.0	100.0
452.2086657	76.0	100.0
452.23324950000006	76.0	100.0
452.24926830000004	76.0	100.0
452.2700622	76.0	100.0
452.29024300000015	76.0	100.0
452.3112523	76.0	100.0
452.33569580000017	76.0	100.0
452.3503499000001	76.0	100.0
452.3705017	76.0	100.0
452.39057730000013	76.0	100.0
452.4099208	76.0	100.0
452.4302875000001	76.0	100.0
452.4504036000001	76.0	100.0
452.47081120000007	76.0	100.0
452.49181620000013	76.0	100.0
452.51006900000016	76.0	100.0
452.53067770000007	76.0	100.0
452.5502457	76.0	100.0
452.5699554	76.0	100.0
452.59263899999996	76.0	100.0
452.61117160000003	75.0	100.0
452.6316733000001	75.0	100.0
452.65363909999996	75.0	100.0
452.6706047	75.0	100.0
452.6904492000001	75.0	100.0
452.7101947000001	75.0	100.0
452.73058630000014	75.0	100.0
452.7653938000001	75.0	100.0
452.77957850000007	75.0	100.0
452.7904397	75.0	100.0
452.8123706000001	75.0	100.0
452.8314845	75.0	100.0
452.85338320000005	75.0	100.0
452.8705423000001	75.0	100.0
452.8907637	75.0	100.0
452.9116553000001	75.0	100.0
452.93114650000007	75.0	100.0
452.9533613000001	75.0	100.0
452.97384650000004	75.0	100.0
452.99235999999996	75.0	100.0
453.01112710000007	75.0	100.0
453.0312626	75.0	100.0
453.05213290000006	75.0	100.0
453.07139300000017	75.0	100.0
453.0917849	75.0	100.0
453.1124479	75.0	100.0
453.1332092	75.0	100.0
453.1520464	75.0	100.0
453.17137590000016	75.0	100.0
453.1916218000001	75.0	100.0
453.2114104	75.0	100.0
453.2308862	75.0	100.0
453.2511422	75.0	100.0
453.2711962000001	75.0	100.0
453.2930679000001	75.0	100.0
453.31102269999997	75.0	100.0
453.3312615	75.0	100.0
453.35134140000014	75.0	100.0
453.3713044000001	75.0	100.0
453.39103320000004	75.0	100.0
453.4108593000001	75.0	100.0
453.4316673000001	75.0	100.0
453.45199520000006	75.0	100.0
453.4718305000001	75.0	100.0
453.491213	75.0	100.0
453.5110975	75.0	100.0
453.5314760000001	75.0	100.0
453.5524011	75.0	100.0
453.5720188	75.0	100.0
453.5923696	75.0	100.0
453.6146411	74.0	100.0
453.6323278	74.0	100.0
453.65188350000017	74.0	100.0
453.6723952	74.0	100.0
453.6902776000002	74.0	100.0
453.71191620000013	74.0	100.0
453.73203390000003	74.0	100.0
453.7526621000002	74.0	100.0
453.7736072	74.0	100.0
453.79244970000013	74.0	100.0
453.8114567	74.0	100.0
453.8321390000001	74.0	100.0
453.85645180000006	74.0	100.0
453.87225720000015	74.0	100.0
453.89596010000014	74.0	100.0
453.914084	74.0	100.0
453.93436250000013	74.0	100.0
453.9526148	74.0	100.0
453.9723467000001	74.0	100.0
453.9924585000001	74.0	100.0
454.0123535	74.0	100.0
454.03218000000015	74.0	100.0
454.0538801	74.0	100.0
454.0723217	74.0	100.0
454.09720530000004	74.0	100.0
454.1125389000001	74.0	100.0
454.1321352	74.0	100.0
454.1526744	74.0	100.0
454.17228880000016	74.0	100.0
454.1925764	74.0	100.0
454.2121138	74.0	100.0
454.2324616000001	74.0	100.0
454.25526579999996	74.0	100.0
454.2723301000001	74.0	100.0
454.2921216	74.0	100.0
454.31233040000006	74.0	100.0
454.33209540000007	74.0	100.0
454.51340860000005	74.0	100.0
454.5134326	74.0	100.0
454.51344540000014	74.0	100.0
454.51345660000015	74.0	100.0
454.51346820000003	74.0	100.0
454.51348110000004	74.0	100.0
454.5134951	74.0	100.0
454.5135083	74.0	100.0
454.51687289999995	74.0	100.0
454.533148	74.0	100.0
454.7230741000001	74.0	100.0
454.7231117000001	74.0	100.0
454.7231389000001	74.0	100.0
454.72315679999997	75.0	100.0
454.7231876000001	75.0	100.0
454.7232286000001	75.0	100.0
454.7232567000001	75.0	100.0
454.72328360000006	75.0	100.0
454.7233106000001	75.0	100.0
454.73425540000017	75.0	100.0
454.7897618000002	75.0	100.0
454.78980909999996	75.0	100.0
454.7925061000001	75.0	100.0
454.8128051000001	75.0	100.0
454.83634660000007	75.0	100.0
454.8761303000001	75.0	100.0
454.8761654	75.0	100.0
454.89599769999995	75.0	100.0
454.9149870000001	75.0	100.0
454.9320861000001	75.0	100.0
454.9779235000001	75.0	100.0
454.97795700000006	75.0	100.0
454.9925688000001	75.0	100.0
455.01203480000004	75.0	100.0
455.037728	75.0	100.0
455.0801348	75.0	100.0
455.08015380000006	75.0	100.0
455.09276109999996	75.0	100.0
455.1132772000001	75.0	100.0
455.1366352	75.0	100.0
455.18266400000016	75.0	100.0
455.18268390000003	75.0	100.0
455.19308360000014	75.0	100.0
455.21597080000015	75.0	100.0
455.2329320000001	75.0	100.0
455.29516030000013	75.0	100.0
455.29517970000006	75.0	100.0
455.2951879	75.0	100.0
455.31376339999997	75.0	100.0
455.33271360000003	75.0	100.0
455.3870363000001	75.0	100.0
455.38705500000015	75.0	100.0
455.39382709999995	75.0	100.0
455.4133482	75.0	100.0
455.4329004000001	75.0	100.0
455.4531643	75.0	100.0
455.4733785000001	75.0	100.0
455.4928479	75.0	100.0
455.51379610000004	75.0	100.0
455.53629990000013	75.0	100.0
455.5537732	75.0	100.0
455.7422033	75.0	100.0
455.7422236	75.0	100.0
455.74223200000006	76.0	100.0
455.74223989999996	76.0	100.0
455.74224720000007	76.0	100.0
455.7422547000001	76.0	100.0
455.74226250000015	76.0	100.0
455.74227040000005	76.0	100.0
455.74227800000017	76.0	100.0
455.75298850000013	76.0	100.0
455.9465034	76.0	100.0
455.94653689999996	76.0	100.0
455.94656039999995	76.0	100.0
455.9465773000002	76.0	100.0
455.9465931	76.0	100.0
455.9466126	76.0	100.0
455.9466289000002	76.0	100.0
455.9466457000001	76.0	100.0
455.9466629000001	76.0	100.0
455.95292489999997	76.0	100.0
455.97507229999997	76.0	100.0
455.9945659	76.0	100.0
456.04784900000004	76.0	100.0
456.0478829000001	76.0	100.0
456.05463699999996	76.0	100.0
456.1881711000001	76.0	100.0
456.18820600000004	76.0	100.0
456.188224	76.0	100.0
456.1882479000001	76.0	100.0
456.18827410000017	76.0	100.0
456.18830019999996	76.0	100.0
456.1943510000001	76.0	100.0
456.21376929999997	76.0	100.0
456.2335914	76.0	100.0
456.25380640000003	76.0	100.0
456.27443860000017	76.0	100.0
456.3006746000001	76.0	100.0
456.3149922	76.0	100.0
456.33477340000013	76.0	100.0
456.35312380000005	76.0	100.0
456.37283320000006	76.0	100.0
456.3943495000001	76.0	100.0
456.4131889	76.0	100.0
456.4336548000001	76.0	100.0
456.45429850000005	76.0	100.0
456.4747251000001	76.0	100.0
456.5056571	76.0	100.0
456.5138353	76.0	100.0
456.5338759000001	76.0	100.0
456.5542375	76.0	100.0
456.57673840000007	76.0	100.0
456.59547480000015	76.0	100.0
456.6151254000001	77.0	100.0
456.66573540000013	77.0	100.0
456.6657536	77.0	100.0
456.67438430000016	77.0	100.0
456.8024583000001	77.0	100.0
456.80247870000017	77.0	100.0
456.8024871	77.0	100.0
456.80249460000005	77.0	100.0
456.8025017	77.0	100.0
456.80250939999996	77.0	100.0
456.8163714	77.0	100.0
456.8359057	77.0	100.0
456.8542724000001	77.0	100.0
456.8738694000001	77.0	100.0
456.89444920000005	77.0	100.0
456.91429919999996	77.0	100.0
456.9693847000001	77.0	100.0
456.96940540000014	77.0	100.0
456.97601110000005	77.0	100.0
456.994682	77.0	100.0
457.1084241000001	77.0	100.0
457.1084555	77.0	100.0
457.1084735000002	77.0	100.0
457.10849040000016	77.0	100.0
457.10850900000014	77.0	100.0
457.11583500000006	77.0	100.0
457.13664960000006	77.0	100.0
457.1560495000001	77.0	100.0
457.17448860000013	77.0	100.0
457.1943821	77.0	100.0
457.2396040000001	77.0	100.0
457.239638	77.0	100.0
457.2544401	77.0	100.0
457.27601040000013	77.0	100.0
457.2964343000001	77.0	100.0
457.3369990000001	77.0	100.0
457.3370337000001	77.0	100.0
457.353257	77.0	100.0
457.3728793	77.0	100.0
457.39149970000017	77.0	100.0
457.4110455	77.0	100.0
457.43165569999996	77.0	100.0
457.4555868	77.0	100.0
457.4752191	77.0	100.0
457.49495939999997	77.0	100.0
457.5151199000002	77.0	100.0
457.5344057	77.0	100.0
457.55537900000013	77.0	100.0
457.5742964000001	77.0	100.0
457.5966882	77.0	100.0
457.61669270000016	76.0	100.0
457.6356714000001	76.0	100.0
457.65563770000017	76.0	100.0
457.6756055000001	76.0	100.0
457.6954972000001	76.0	100.0
457.71437430000015	76.0	100.0
457.738959	76.0	100.0
457.7572021000001	76.0	100.0
457.7775636000001	76.0	100.0
457.7960636	76.0	100.0
457.8137991000001	76.0	100.0
457.8326429000001	76.0	100.0
457.8532791	76.0	100.0
457.8761379	76.0	100.0
457.8954026000001	76.0	100.0
457.91794240000013	76.0	100.0
457.93671960000006	76.0	100.0
457.95546720000016	76.0	100.0
457.9745640000001	76.0	100.0
457.9959374	76.0	100.0
458.01590669999996	76.0	100.0
458.0349764	76.0	100.0
458.0559915000001	76.0	100.0
458.07597140000007	76.0	100.0
458.0975883000001	76.0	100.0
458.1159685	76.0	100.0
458.1354337	76.0	100.0
458.1560228000001	76.0	100.0
458.17571	76.0	100.0
458.1952162	76.0	100.0
458.2149360000001	76.0	100.0
458.23589530000004	76.0	100.0
458.2567467000001	76.0	100.0
458.2753305000001	76.0	100.0
458.2953229	76.0	100.0
458.3169067000001	76.0	100.0
458.3329726000002	76.0	100.0
458.3488959000001	76.0	100.0
458.3744994000001	76.0	100.0
458.39498160000016	76.0	100.0
458.41920470000014	76.0	100.0
458.43530380000016	76.0	100.0
458.4554468000001	76.0	100.0
458.4759398000001	76.0	100.0
458.49589430000015	76.0	100.0
458.515897	76.0	100.0
458.53569289999996	76.0	100.0
458.5562688	76.0	100.0
458.57661570000005	76.0	100.0
458.59757020000006	76.0	100.0
458.61657290000016	75.0	100.0
458.63555829999996	75.0	100.0
458.6567182000001	75.0	100.0
458.6802107000001	75.0	100.0
458.6960240000001	75.0	100.0
458.71622049999996	75.0	100.0
458.7368858	75.0	100.0
458.7559982	75.0	100.0
458.77470600000015	75.0	100.0
458.79575420000015	75.0	100.0
458.8153754	75.0	100.0
458.83683910000013	75.0	100.0
458.85619859999997	75.0	100.0
458.8802977	75.0	100.0
458.8983114	75.0	100.0
458.9159976000001	75.0	100.0
458.9358747000001	75.0	100.0
458.9558905000001	75.0	100.0
458.9752185	75.0	100.0
458.995193	75.0	100.0
459.0162748	75.0	100.0
459.0371640000001	75.0	100.0
459.05943290000005	75.0	100.0
459.07570910000004	75.0	100.0
459.0964534	75.0	100.0
459.11618710000016	75.0	100.0
459.13653390000013	75.0	100.0
459.15654570000015	75.0	100.0
459.17613660000006	75.0	100.0
459.1997490000001	75.0	100.0
459.2167326000001	75.0	100.0
459.23838850000016	75.0	100.0
459.2560294	75.0	100.0
459.27568429999997	75.0	100.0
459.3000029	75.0	100.0
459.31654060000005	75.0	100.0
459.33720530000005	75.0	100.0
459.3580986000002	75.0	100.0
459.3793694000001	75.0	100.0
459.4005016000001	75.0	100.0
459.4169666	75.0	100.0
459.43684299999995	75.0	100.0
459.45673720000013	75.0	100.0
459.4767919000001	75.0	100.0
459.4967197000001	75.0	100.0
459.51698580000016	75.0	100.0
459.5384590000001	75.0	100.0
459.55697210000017	75.0	100.0
459.57596350000017	75.0	100.0
459.5973283000001	75.0	100.0
459.61594660000014	73.0	100.0
459.6369218	73.0	100.0
459.65707310000016	73.0	100.0
459.67712589999996	73.0	100.0
459.69854469999996	73.0	100.0
459.7207154	73.0	100.0
459.736537	73.0	100.0
459.7568476000001	73.0	100.0
459.7765697	73.0	100.0
459.7966298000001	73.0	100.0
459.8204019	73.0	100.0
459.8373202	73.0	100.0
459.8587678000001	73.0	100.0
459.8770674	73.0	100.0
459.8965849000001	73.0	100.0
459.92041229999995	73.0	100.0
459.93673160000003	73.0	100.0
459.9567313	73.0	100.0
459.9766655000001	73.0	100.0
459.9960533000001	73.0	100.0
460.0193621000001	73.0	100.0
460.03611350000006	73.0	100.0
460.05764190000014	73.0	100.0
460.0766171	73.0	100.0
460.09659310000006	73.0	100.0
460.11692130000006	73.0	100.0
460.13657980000016	73.0	100.0
460.15994590000014	73.0	100.0
460.1790235000001	73.0	100.0
460.1961423	73.0	100.0
460.2161874000001	73.0	100.0
460.23941850000006	73.0	100.0
460.256674	73.0	100.0
460.2766543	73.0	100.0
460.29590759999996	73.0	100.0
460.3167075000001	73.0	100.0
460.3432172	73.0	100.0
460.3576726000001	73.0	100.0
460.37686110000004	73.0	100.0
460.3977357000001	73.0	100.0
460.41708289999997	73.0	100.0
460.44111310000017	73.0	100.0
460.4578510000001	73.0	100.0
460.4770264000001	73.0	100.0
460.49856550000004	73.0	100.0
460.51645410000015	73.0	100.0
460.53594670000007	73.0	100.0
460.55691249999995	73.0	100.0
460.5765822000001	73.0	100.0
460.59665900000005	73.0	100.0
460.6168708	73.0	100.0
460.63892350000015	73.0	100.0
460.65973350000013	73.0	100.0
460.67659960000015	73.0	100.0
460.69640490000006	73.0	100.0
460.71686780000005	73.0	100.0
460.73618290000013	73.0	100.0
460.75839659999997	73.0	100.0
460.7765842000001	73.0	100.0
460.79823450000004	73.0	100.0
460.8201265	73.0	100.0
460.83722580000017	73.0	100.0
460.86151740000014	73.0	100.0
460.8786963	73.0	100.0
460.8982432	73.0	100.0
460.91950070000007	73.0	100.0
460.9380695	73.0	100.0
460.96190220000017	73.0	100.0
460.97985029999995	73.0	100.0
460.9980094	73.0	100.0
461.0180321	73.0	100.0
461.03754090000007	73.0	100.0
461.05823410000016	73.0	100.0
461.0782479000002	73.0	100.0
461.09850570000003	73.0	100.0
461.11936549999996	73.0	100.0
461.1396426000001	73.0	100.0
461.1582618	73.0	100.0
461.1778575000001	73.0	100.0
461.1973123	73.0	100.0
461.2164222000001	73.0	100.0
461.2367214000001	73.0	100.0
461.25771340000006	73.0	100.0
461.27917909999996	73.0	100.0
461.3001216	73.0	100.0
461.31754950000004	73.0	100.0
461.33717260000003	73.0	100.0
461.3578116000001	73.0	100.0
461.3818246000001	73.0	100.0
461.39806190000013	73.0	100.0
461.4181794000001	73.0	100.0
461.4396411	73.0	100.0
461.45975610000005	73.0	100.0
461.4812905000001	73.0	100.0
461.49837660000003	73.0	100.0
461.51827660000004	73.0	100.0
461.5384587000001	73.0	100.0
461.5583108000001	73.0	100.0
461.57799520000003	73.0	100.0
461.59984110000005	73.0	100.0
461.6207779000001	74.0	100.0
461.6380025000001	74.0	100.0
461.65935320000017	74.0	100.0
461.67826820000005	74.0	100.0
461.69833140000014	74.0	100.0
461.71934280000005	74.0	100.0
461.7384961	74.0	100.0
461.76041740000005	74.0	100.0
461.78082689999997	74.0	100.0
461.79919330000007	74.0	100.0
461.8182002000001	74.0	100.0
461.8387789000001	74.0	100.0
461.8587933000001	74.0	100.0
461.8779169000002	74.0	100.0
461.90133560000004	74.0	100.0
461.9187005000001	74.0	100.0
461.94036189999997	74.0	100.0
461.9589661	74.0	100.0
461.97783649999997	74.0	100.0
461.9988796	74.0	100.0
462.01881860000003	74.0	100.0
462.03796780000016	74.0	100.0
462.0595134	74.0	100.0
462.0801484000001	74.0	100.0
462.1013183	74.0	100.0
462.1164186000001	74.0	100.0
462.1372973	74.0	100.0
462.1570034000001	74.0	100.0
462.17742850000013	74.0	100.0
462.19681190000006	74.0	100.0
462.21819170000003	74.0	100.0
462.2394087	74.0	100.0
462.26130260000014	74.0	100.0
462.2782136000001	74.0	100.0
462.29897630000005	74.0	100.0
462.3199102000001	74.0	100.0
462.3392567000001	74.0	100.0
462.3599088000001	74.0	100.0
462.37919310000007	74.0	100.0
462.4001015000001	74.0	100.0
462.42442690000007	74.0	100.0
462.4399495	74.0	100.0
462.4600618000002	74.0	100.0
462.4797085	74.0	100.0
462.49973020000016	74.0	100.0
462.52241660000004	74.0	100.0
462.53969440000014	74.0	100.0
462.5608579	74.0	100.0
462.5816748	74.0	100.0
462.6000275000001	74.0	100.0
462.620584	74.0	100.0
462.6400492	74.0	100.0
462.65996900000005	74.0	100.0
462.6799522000001	74.0	100.0
462.69966339999996	74.0	100.0
462.7205113	74.0	100.0
462.74186380000015	74.0	100.0
462.7599037	74.0	100.0
462.7796708000001	74.0	100.0
462.80056460000014	74.0	100.0
462.81984409999995	74.0	100.0
462.84391270000015	74.0	100.0
462.8600728000001	74.0	100.0
462.8799894000001	74.0	100.0
462.9018983000001	74.0	100.0
462.92011390000016	74.0	100.0
462.94351010000014	74.0	100.0
462.96097350000014	74.0	100.0
462.9803598000001	74.0	100.0
463.00031230000013	74.0	100.0
463.0200763	74.0	100.0
463.04340920000004	74.0	100.0
463.06072960000006	74.0	100.0
463.08164320000014	74.0	100.0
463.09935730000007	74.0	100.0
463.1221819	74.0	100.0
463.1391724	74.0	100.0
463.1604771	74.0	100.0
463.18026499999996	74.0	100.0
463.2002972	74.0	100.0
463.22202390000007	74.0	100.0
463.24005320000015	74.0	100.0
463.2605988	74.0	100.0
463.2805998000001	74.0	100.0
463.2995536000001	74.0	100.0
463.31942760000015	74.0	100.0
463.3406288000001	74.0	100.0
463.36051610000004	74.0	100.0
463.3818703000002	74.0	100.0
463.40001230000007	74.0	100.0
463.4196023000002	74.0	100.0
463.4403783	74.0	100.0
463.4637428000001	74.0	100.0
463.4805934000001	74.0	100.0
463.500456	74.0	100.0
463.52040120000015	74.0	100.0
463.54236170000013	74.0	100.0
463.5639020000001	74.0	100.0
463.58029469999997	74.0	100.0
463.6012175000001	74.0	100.0
463.6236818	74.0	100.0
463.64170809999996	74.0	100.0
463.66023280000013	74.0	100.0
463.6822813000001	74.0	100.0
463.70223950000013	74.0	100.0
463.7203439	74.0	100.0
463.74042540000005	74.0	100.0
463.76017960000013	74.0	100.0
463.7797482000001	74.0	100.0
463.80051360000016	74.0	100.0
463.81991370000014	74.0	100.0
463.84027360000005	74.0	100.0
463.8633066	74.0	100.0
463.8801047000002	74.0	100.0
463.90014910000014	74.0	100.0
463.9218864000002	74.0	100.0
463.9415248	74.0	100.0
463.9607924000002	74.0	100.0
463.9804522000002	74.0	100.0
464.00223170000004	74.0	100.0
464.02293280000004	74.0	100.0
464.0407636	74.0	100.0
464.0622197	74.0	100.0
464.08505430000014	74.0	100.0
464.1005069	74.0	100.0
464.1208458000001	74.0	100.0
464.14075679999996	74.0	100.0
464.16203659999996	74.0	100.0
464.18777550000004	74.0	100.0
464.2009031	74.0	100.0
464.2204259	74.0	100.0
464.24051140000006	74.0	100.0
464.26025360000017	74.0	100.0
464.2801796000001	74.0	100.0
464.3005264000001	74.0	100.0
464.3204998000001	74.0	100.0
464.34257019999995	74.0	100.0
464.36173759999997	74.0	100.0
464.380901	74.0	100.0
464.4002372	74.0	100.0
464.42031169999996	74.0	100.0
464.440822	74.0	100.0
464.4608929000001	74.0	100.0
464.4819861000001	74.0	100.0
464.50423350000005	74.0	100.0
464.5221537	74.0	100.0
464.54180700000006	74.0	100.0
464.56336220000003	74.0	100.0
464.58051509999996	74.0	100.0
464.60512560000006	74.0	100.0
464.61935130000006	75.0	100.0
464.6420399000001	75.0	100.0
464.66558699999996	75.0	100.0
464.6812628	75.0	100.0
464.7045065	75.0	100.0
464.7207664	75.0	100.0
464.7406711000001	75.0	100.0
464.76089090000005	75.0	100.0
464.7808799000002	75.0	100.0
464.80242680000015	75.0	100.0
464.8236737	75.0	100.0
464.84119770000007	75.0	100.0
464.86315320000017	75.0	100.0
464.8818450000001	75.0	100.0
464.9008685000001	75.0	100.0
464.9207999	75.0	100.0
464.9403274000001	75.0	100.0
464.9627878000001	75.0	100.0
464.9830770000001	75.0	100.0
465.0017640000001	75.0	100.0
465.02337880000005	75.0	100.0
465.0425911	75.0	100.0
465.0622776	75.0	100.0
465.08226809999996	75.0	100.0
465.10171020000007	75.0	100.0
465.1232635000001	75.0	100.0
465.1450674	75.0	100.0
465.1636546	75.0	100.0
465.18385609999996	75.0	100.0
465.2022561000001	75.0	100.0
465.2258279	75.0	100.0
465.2431610000001	75.0	100.0
465.26309920000017	75.0	100.0
465.28342810000004	75.0	100.0
465.3037019000001	75.0	100.0
465.3234612000001	75.0	100.0
465.34126830000014	75.0	100.0
465.3621115000001	75.0	100.0
465.382439	75.0	100.0
465.40224950000015	75.0	100.0
465.4224906000002	75.0	100.0
465.4434996	75.0	100.0
465.4653959	75.0	100.0
465.4824464000001	75.0	100.0
465.5023023000001	75.0	100.0
465.5224899	75.0	100.0
465.54223390000016	75.0	100.0
465.5639423	75.0	100.0
465.5828709	75.0	100.0
465.6036017000001	75.0	100.0
465.62450950000016	75.0	100.0
465.64588060000005	75.0	100.0
465.66317590000017	75.0	100.0
465.6836475	75.0	100.0
465.7023024	75.0	100.0
465.72267250000004	75.0	100.0
465.7462498	75.0	100.0
465.76416990000007	75.0	100.0
465.78462030000014	75.0	100.0
465.8036218	75.0	100.0
465.8223885	75.0	100.0
465.84251770000014	75.0	100.0
465.8626577	75.0	100.0
465.8821398	75.0	100.0
465.90265020000015	75.0	100.0
465.9233739000001	75.0	100.0
465.9436813	75.0	100.0
465.96303690000013	75.0	100.0
465.9822312000001	75.0	100.0
466.00273570000013	75.0	100.0
466.0222314	75.0	100.0
466.0432672000002	75.0	100.0
466.0635996000001	75.0	100.0
466.0831612000002	75.0	100.0
466.1045957000001	75.0	100.0
466.1226497	75.0	100.0
466.14221610000004	75.0	100.0
466.16708100000005	75.0	100.0
466.18297400000006	75.0	100.0
466.20294409999997	75.0	100.0
466.22118020000016	75.0	100.0
466.24466359999997	75.0	100.0
466.26780740000004	75.0	100.0
466.28368420000015	75.0	100.0
466.3039993	75.0	100.0
466.32241539999995	75.0	100.0
466.34322270000007	75.0	100.0
466.36238679999997	75.0	100.0
466.38235910000003	75.0	100.0
466.40372279999997	75.0	100.0
466.4251716000001	75.0	100.0
466.4427819	75.0	100.0
466.4632742000001	75.0	100.0
466.48315590000016	75.0	100.0
466.50287460000004	75.0	100.0
466.52316770000016	75.0	100.0
466.5426987000001	75.0	100.0
466.5638140000001	75.0	100.0
466.5844978	75.0	100.0
466.60439050000014	75.0	100.0
466.6239663000001	75.0	100.0
466.6433615000001	75.0	100.0
466.66364369999997	75.0	100.0
466.6869628000002	75.0	100.0
466.70362980000004	75.0	100.0
466.72378100000014	75.0	100.0
466.74452140000017	75.0	100.0
466.76401540000006	75.0	100.0
466.7833377000002	75.0	100.0
466.80351859999996	75.0	100.0
466.8253079000001	75.0	100.0
466.8457913	75.0	100.0
466.8646695	75.0	100.0
466.88825250000014	75.0	100.0
466.9050462	75.0	100.0
466.92579560000013	75.0	100.0
466.9439016000001	75.0	100.0
466.9641200000001	75.0	100.0
466.9834618	75.0	100.0
467.00469480000015	75.0	100.0
467.02464069999996	75.0	100.0
467.04487489999997	75.0	100.0
467.06712390000007	75.0	100.0
467.08375590000014	75.0	100.0
467.1039627	75.0	100.0
467.12443729999995	75.0	100.0
467.14412949999996	75.0	100.0
467.16426980000006	75.0	100.0
467.1839705	75.0	100.0
467.2083776000002	75.0	100.0
467.2261185	75.0	100.0
467.24374020000005	75.0	100.0
467.26383770000007	75.0	100.0
467.2835507	75.0	100.0
467.30742280000004	75.0	100.0
467.3239900000001	75.0	100.0
467.3442546000001	75.0	100.0
467.36468260000015	75.0	100.0
467.38695800000005	75.0	100.0
467.4085560000001	75.0	100.0
467.4237425000001	75.0	100.0
467.444569	75.0	100.0
467.464526	75.0	100.0
467.48445170000014	75.0	100.0
467.50450220000016	75.0	100.0
467.5255574	75.0	100.0
467.54634120000014	75.0	100.0
467.5638971000001	75.0	100.0
467.5841143	75.0	100.0
467.6063256	75.0	100.0
467.62402880000013	77.0	100.0
467.6443690000001	77.0	100.0
467.66451930000017	77.0	100.0
467.68455970000014	77.0	100.0
467.70659420000015	77.0	100.0
467.724105	77.0	100.0
467.7447655000001	77.0	100.0
467.76478880000013	77.0	100.0
467.78492530000017	77.0	100.0
467.80386620000013	77.0	100.0
467.82826390000014	77.0	100.0
467.8455322	77.0	100.0
467.866221	77.0	100.0
467.88429500000007	77.0	100.0
467.9041440000001	77.0	100.0
467.9241657	77.0	100.0
467.94236980000005	77.0	100.0
467.9614788000001	77.0	100.0
467.9796051000001	77.0	100.0
468.00458460000004	77.0	100.0
468.0278346	77.0	100.0
468.0448063000001	77.0	100.0
468.06322750000004	77.0	100.0
468.08476659999997	77.0	100.0
468.10459560000004	77.0	100.0
468.123834	77.0	100.0
468.1444761	77.0	100.0
468.1653446	77.0	100.0
468.1837495	77.0	100.0
468.20468900000014	77.0	100.0
468.22562719999996	77.0	100.0
468.2496046000001	77.0	100.0
468.2647297000001	77.0	100.0
468.2845294000001	77.0	100.0
468.30408580000017	77.0	100.0
468.32549990000007	77.0	100.0
468.35208950000015	77.0	100.0
468.36463230000004	77.0	100.0
468.38437650000014	77.0	100.0
468.4036229000001	77.0	100.0
468.4235513000001	77.0	100.0
468.4485092	77.0	100.0
468.46476329999996	77.0	100.0
468.48453600000016	77.0	100.0
468.50717570000006	77.0	100.0
468.52426149999997	77.0	100.0
468.5441343	77.0	100.0
468.5649156000002	77.0	100.0
468.5843334000001	77.0	100.0
468.6060629000001	77.0	100.0
468.6261790000001	78.0	100.0
468.64584230000014	78.0	100.0
468.6675715000001	78.0	100.0
468.68465490000017	78.0	100.0
468.7042528000002	78.0	100.0
468.7243387000001	78.0	100.0
468.7457236	78.0	100.0
468.7691034000002	78.0	100.0
468.78405870000006	78.0	100.0
468.8062117000002	78.0	100.0
468.82658000000015	78.0	100.0
468.8449395	78.0	100.0
468.8686712000001	78.0	100.0
468.88502489999996	78.0	100.0
468.90498249999996	78.0	100.0
468.9256395	78.0	100.0
468.9448	78.0	100.0
468.96944370000006	78.0	100.0
468.9881186	78.0	100.0
469.00643690000015	78.0	100.0
469.0244817	78.0	100.0
469.0456507000001	78.0	100.0
469.0662284	78.0	100.0
469.0857307000001	78.0	100.0
469.10446079999997	78.0	100.0
469.1259099000001	78.0	100.0
469.148015	78.0	100.0
469.1687419	78.0	100.0
469.18815040000004	78.0	100.0
469.20776509999996	78.0	100.0
469.22632410000006	78.0	100.0
469.2462514000001	78.0	100.0
469.2667705000001	78.0	100.0
469.28527959999997	78.0	100.0
469.3028498000001	78.0	100.0
469.3248208	78.0	100.0
469.34111830000006	78.0	100.0
469.36325920000013	78.0	100.0
469.3834987	78.0	100.0
469.40381590000015	78.0	100.0
469.42506249999997	78.0	100.0
469.44645130000004	78.0	100.0
469.468206	78.0	100.0
469.48982950000004	78.0	100.0
469.50576130000013	78.0	100.0
469.5262312	78.0	100.0
469.54584539999996	78.0	100.0
469.56646739999996	78.0	100.0
469.58646880000015	78.0	100.0
469.6074960000001	78.0	100.0
469.6286606000001	78.0	100.0
469.64702639999996	78.0	100.0
469.6672768000001	78.0	100.0
469.68638110000006	78.0	100.0
469.70625110000015	78.0	100.0
469.72614180000005	78.0	100.0
469.74615140000014	78.0	100.0
469.7674941	78.0	100.0
469.78863150000006	78.0	100.0
469.80720340000016	78.0	100.0
469.82630130000007	78.0	100.0
469.84915720000004	78.0	100.0
469.86639460000015	78.0	100.0
469.888056	78.0	100.0
469.9100591000001	78.0	100.0
469.92899720000014	78.0	100.0
469.9492472000002	78.0	100.0
469.96779420000007	78.0	100.0
469.9866221	78.0	100.0
470.0104367000001	78.0	100.0
470.0264595000001	78.0	100.0
470.0475779000001	78.0	100.0
470.0675665000001	78.0	100.0
470.0876926000001	78.0	100.0
470.10876470000017	78.0	100.0
470.12681670000006	78.0	100.0
470.14683880000007	78.0	100.0
470.1667757	78.0	100.0
470.18809520000013	78.0	100.0
470.20742640000003	78.0	100.0
470.22706160000007	78.0	100.0
470.24804900000004	78.0	100.0
470.27006870000014	78.0	100.0
470.2874003000002	78.0	100.0
470.3066318000001	78.0	100.0
470.32626040000014	78.0	100.0
470.34718310000017	78.0	100.0
470.3718723000002	78.0	100.0
470.3873065	78.0	100.0
470.4083461	78.0	100.0
470.43316030000005	78.0	100.0
470.44732139999996	78.0	100.0
470.46659339999997	78.0	100.0
470.4874910000001	78.0	100.0
470.5067263000001	78.0	100.0
470.53095529999996	78.0	100.0
470.5473518000001	78.0	100.0
470.5681145000001	78.0	100.0
470.5884298000001	78.0	100.0
470.60830699999997	78.0	100.0
470.62850690000005	76.0	100.0
470.6481188	76.0	100.0
470.6685483000001	76.0	100.0
470.68798330000004	76.0	100.0
470.70828660000006	76.0	100.0
470.7285462	76.0	100.0
470.74891320000006	76.0	100.0
470.7684819000001	76.0	100.0
470.78798630000006	76.0	100.0
470.80969230000005	76.0	100.0
470.8279305000001	76.0	100.0
470.84785280000006	76.0	100.0
470.86732770000003	76.0	100.0
470.88762840000004	76.0	100.0
470.9120134	76.0	100.0
470.92761740000014	76.0	100.0
470.9508043000001	76.0	100.0
470.96844320000014	76.0	100.0
470.9874529000001	76.0	100.0
471.0085667000001	76.0	100.0
471.02847140000017	76.0	100.0
471.05242350000003	76.0	100.0
471.07017410000003	76.0	100.0
471.08180800000014	76.0	100.0
471.0998933000001	76.0	100.0
471.1205649000001	76.0	100.0
471.14024310000013	76.0	100.0
471.1605148000001	76.0	100.0
471.1815267000002	76.0	100.0
471.2063766000001	76.0	100.0
471.23174259999996	76.0	100.0
471.2487492	76.0	100.0
471.2665240000001	76.0	100.0
471.2889192	76.0	100.0
471.30812590000005	76.0	100.0
471.32819900000004	76.0	100.0
471.34916380000004	76.0	100.0
471.36894600000005	76.0	100.0
471.39019129999997	76.0	100.0
471.40873110000007	76.0	100.0
471.4284732000001	76.0	100.0
471.44827069999997	76.0	100.0
471.4727941000001	76.0	100.0
471.4890319000001	76.0	100.0
471.50857500000006	76.0	100.0
471.5290367	76.0	100.0
471.5513046000001	76.0	100.0
471.5696104000001	76.0	100.0
471.5887387	76.0	100.0
471.60914330000014	76.0	100.0
471.6289538000001	75.0	100.0
471.64901410000016	75.0	100.0
471.67270830000007	75.0	100.0
471.689803	75.0	100.0
471.7109739	75.0	100.0
471.7310906	75.0	100.0
471.7484360000001	75.0	100.0
471.7681874	75.0	100.0
471.7878734000001	75.0	100.0
471.80918700000007	75.0	100.0
471.82818940000016	75.0	100.0
471.84847220000006	75.0	100.0
471.8716344000002	75.0	100.0
471.8879942000001	75.0	100.0
471.9079585000002	75.0	100.0
471.9286690000001	75.0	100.0
471.9483821000001	75.0	100.0
471.96841100000006	75.0	100.0
471.98879239999997	75.0	100.0
472.00853970000003	75.0	100.0
472.0312798	75.0	100.0
472.0513740000001	75.0	100.0
472.06850499999996	75.0	100.0
472.089029	75.0	100.0
472.10890900000004	75.0	100.0
472.1283002	75.0	100.0
472.14840660000004	75.0	100.0
472.1671752	75.0	100.0
472.18338070000004	75.0	100.0
472.2010520000001	75.0	100.0
472.2218042000002	75.0	100.0
472.24526149999997	75.0	100.0
472.2690991000002	75.0	100.0
472.2905422000001	75.0	100.0
472.3083213	75.0	100.0
472.33140490000005	75.0	100.0
472.35568020000005	75.0	100.0
472.3700504000001	75.0	100.0
472.38889340000014	75.0	100.0
472.41006760000005	75.0	100.0
472.4289077000001	75.0	100.0
472.44997290000015	75.0	100.0
472.47023609999997	75.0	100.0
472.4899064000001	75.0	100.0
472.5112153	75.0	100.0
472.5296030000002	75.0	100.0
472.550434	75.0	100.0
472.56887370000004	75.0	100.0
472.58979120000004	75.0	100.0
472.6081498000001	75.0	100.0
472.63030960000015	74.0	100.0
472.65314390000003	74.0	100.0
472.67184940000016	74.0	100.0
472.69017299999996	74.0	100.0
472.71098170000005	74.0	100.0
472.7302545	74.0	100.0
472.7490163	74.0	100.0
472.77058310000007	74.0	100.0
472.7885642000001	74.0	100.0
472.8101236	74.0	100.0
472.8323971	74.0	100.0
472.8504918000001	74.0	100.0
472.86921989999996	74.0	100.0
472.89027880000003	74.0	100.0
472.90979820000007	74.0	100.0
472.9370759000001	74.0	100.0
472.9501547	74.0	100.0
472.97130330000005	74.0	100.0
472.9924863000001	74.0	100.0
473.0100137000002	74.0	100.0
473.03018399999996	74.0	100.0
473.04993250000007	74.0	100.0
473.07023260000005	74.0	100.0
473.0895681000002	74.0	100.0
473.1097353	74.0	100.0
473.1349557000001	74.0	100.0
473.1527056	74.0	100.0
473.1703969	74.0	100.0
473.1901809000001	74.0	100.0
473.21012740000015	74.0	100.0
473.23021689999996	74.0	100.0
473.24997140000005	74.0	100.0
473.27016920000005	74.0	100.0
473.2904302000002	74.0	100.0
473.31200520000016	74.0	100.0
473.3291594	74.0	100.0
473.35080000000016	74.0	100.0
473.37074129999996	74.0	100.0
473.39012790000015	74.0	100.0
473.40996859999996	74.0	100.0
473.4302	74.0	100.0
473.4505894000001	74.0	100.0
473.47209080000016	74.0	100.0
473.4898680000001	74.0	100.0
473.50990720000004	74.0	100.0
473.5303822000001	74.0	100.0
473.55013299999996	74.0	100.0
473.5710134000001	74.0	100.0
473.59001450000005	74.0	100.0
473.61248739999996	74.0	100.0
473.6323662	73.0	100.0
473.65412430000015	73.0	100.0
473.6715006000002	73.0	100.0
473.69026370000006	73.0	100.0
473.7102926	73.0	100.0
473.7304305	73.0	100.0
473.75304600000004	73.0	100.0
473.77205560000016	73.0	100.0
473.7934468000001	73.0	100.0
473.8105733	73.0	100.0
473.8305146	73.0	100.0
473.85119380000015	73.0	100.0
473.8711366	73.0	100.0
473.8905231000001	73.0	100.0
473.9112569000001	73.0	100.0
473.9312497000001	73.0	100.0
473.9517982	73.0	100.0
473.97101900000007	73.0	100.0
473.990278	73.0	100.0
474.01074970000013	73.0	100.0
474.03040970000006	73.0	100.0
474.05004770000005	73.0	100.0
474.0707267	73.0	100.0
474.0914047000001	73.0	100.0
474.1121119000002	73.0	100.0
474.1299272000001	73.0	100.0
474.1506084	73.0	100.0
474.1753805000001	73.0	100.0
474.1909094	73.0	100.0
474.21190709999996	73.0	100.0
474.23140050000006	73.0	100.0
474.2516531000001	73.0	100.0
474.2745626000001	73.0	100.0
474.2922714000001	73.0	100.0
474.31245460000014	73.0	100.0
474.3305001000001	73.0	100.0
474.3514726000001	73.0	100.0
474.37208610000016	73.0	100.0
474.3936089000001	73.0	100.0
474.4121447	73.0	100.0
474.43349680000006	73.0	100.0
474.4518769000001	73.0	100.0
474.4717828	73.0	100.0
474.4907505000001	73.0	100.0
474.51104970000006	73.0	100.0
474.5313225	73.0	100.0
474.5511209000001	73.0	100.0
474.572218	73.0	100.0
474.5926412000001	73.0	100.0
474.6124242000001	73.0	100.0
474.631897	72.0	100.0
474.65159070000004	72.0	100.0
474.67186660000016	72.0	100.0
474.69586090000007	72.0	100.0
474.71195250000005	72.0	100.0
474.73268959999996	72.0	100.0
474.75399460000017	72.0	100.0
474.7719194000001	72.0	100.0
474.79040740000005	72.0	100.0
474.81213230000003	72.0	100.0
474.83184070000016	72.0	100.0
474.85111359999996	72.0	100.0
474.87145269999996	72.0	100.0
474.8960833000001	72.0	100.0
474.91339140000014	72.0	100.0
474.9316572	72.0	100.0
474.95127390000016	72.0	100.0
474.9714656000001	72.0	100.0
474.9921978	72.0	100.0
475.01223900000014	72.0	100.0
475.03191230000016	72.0	100.0
475.0522214	72.0	100.0
475.07413110000016	72.0	100.0
475.09236899999996	72.0	100.0
475.1120204000001	72.0	100.0
475.13193220000016	72.0	100.0
475.1518675	72.0	100.0
475.1725020000001	72.0	100.0
475.1923175000002	72.0	100.0
475.2164386000002	72.0	100.0
475.2338744000001	72.0	100.0
475.25227340000015	72.0	100.0
475.27235050000013	72.0	100.0
475.2922182	72.0	100.0
475.3127106000002	72.0	100.0
475.33213180000007	72.0	100.0
475.35288850000006	72.0	100.0
475.3728397	72.0	100.0
475.39465900000005	72.0	100.0
475.4126285	72.0	100.0
475.43233469999996	72.0	100.0
475.4528255	72.0	100.0
475.4721333	72.0	100.0
475.4923162	72.0	100.0
475.51288850000014	72.0	100.0
475.53311800000006	72.0	100.0
475.55397630000016	72.0	100.0
475.57261790000007	72.0	100.0
475.592275	72.0	100.0
475.6137491000002	72.0	100.0
475.632656	71.0	100.0
475.65244900000016	71.0	100.0
475.6724154000001	71.0	100.0
475.6926884000002	71.0	100.0
475.71495400000003	71.0	100.0
475.73268610000014	71.0	100.0
475.7523473000001	71.0	100.0
475.7728404000002	71.0	100.0
475.7926391000001	71.0	100.0
475.812363	71.0	100.0
475.83703160000005	71.0	100.0
475.85374390000015	71.0	100.0
475.87395119999996	71.0	100.0
475.89201879999996	71.0	100.0
475.9119747	71.0	100.0
475.9373597000001	71.0	100.0
475.9530135	71.0	100.0
475.97296600000004	71.0	100.0
475.99298440000007	71.0	100.0
476.0136496	71.0	100.0
476.0358529	71.0	100.0
476.05206150000004	71.0	100.0
476.0730499000001	71.0	100.0
476.09254780000015	71.0	100.0
476.11250700000005	71.0	100.0
476.1322984000001	71.0	100.0
476.1525181000002	71.0	100.0
476.17377080000006	71.0	100.0
476.19470850000016	71.0	100.0
476.2121238	71.0	100.0
476.23214180000014	71.0	100.0
476.25656490000006	71.0	100.0
476.27247090000014	71.0	100.0
476.2929713000001	71.0	100.0
476.3122631000001	71.0	100.0
476.33352890000015	71.0	100.0
476.35933739999996	71.0	100.0
476.3736126000001	71.0	100.0
476.3928277	71.0	100.0
476.4134702000001	71.0	100.0
476.4342769	71.0	100.0
476.4577303000001	71.0	100.0
476.47338860000013	71.0	100.0
476.49500150000017	71.0	100.0
476.51509869999995	71.0	100.0
476.5322213000002	71.0	100.0
476.5533527	71.0	100.0
476.5736581000001	71.0	100.0
476.5925661000001	71.0	100.0
476.6142735000001	71.0	100.0
476.63395149999997	72.0	100.0
476.65450970000006	72.0	100.0
476.67669709999996	72.0	100.0
476.69404299999997	72.0	100.0
476.7137195	72.0	100.0
476.73342360000015	72.0	100.0
476.75292820000004	72.0	100.0
476.7776701	72.0	100.0
476.79422220000015	72.0	100.0
476.8143913000001	72.0	100.0
476.8374595	72.0	100.0
476.8561930000001	72.0	100.0
476.8742976000001	72.0	100.0
476.8941119000001	72.0	100.0
476.9141926	72.0	100.0
476.9341379	72.0	100.0
476.95395580000013	72.0	100.0
476.97960950000015	72.0	100.0
476.9966154000001	72.0	100.0
477.0141225	72.0	100.0
477.03409439999996	72.0	100.0
477.0560916000002	72.0	100.0
477.07446960000016	72.0	100.0
477.09444410000015	72.0	100.0
477.1142861000001	72.0	100.0
477.1345817000001	72.0	100.0
477.15848270000015	72.0	100.0
477.17323669999996	72.0	100.0
477.1936888	72.0	100.0
477.21396849999996	72.0	100.0
477.2336508000001	72.0	100.0
477.25400000000013	72.0	100.0
477.2743596	72.0	100.0
477.294228	72.0	100.0
477.31694749999997	72.0	100.0
477.3350103	72.0	100.0
477.354329	72.0	100.0
477.37500620000014	72.0	100.0
477.3921855000001	72.0	100.0
477.41445339999996	72.0	100.0
477.43396010000015	72.0	100.0
477.45559760000015	72.0	100.0
477.4771326	72.0	100.0
477.4950666	72.0	100.0
477.51507749999996	72.0	100.0
477.5341628000001	72.0	100.0
477.5541076000002	72.0	100.0
477.57578050000006	72.0	100.0
477.59448450000014	72.0	100.0
477.6158292	72.0	100.0
477.6383505000001	74.0	100.0
477.6545901000002	74.0	100.0
477.6749559	74.0	100.0
477.6945161000001	74.0	100.0
477.71526990000007	74.0	100.0
477.7341986000001	74.0	100.0
477.7551989000001	74.0	100.0
477.77613280000014	74.0	100.0
477.79706090000013	74.0	100.0
477.81573290000006	74.0	100.0
477.8350134	74.0	100.0
477.85872200000017	74.0	100.0
477.87533729999996	74.0	100.0
477.8944329000001	74.0	100.0
477.9175437000001	74.0	100.0
477.9349890000001	74.0	100.0
477.95764529999997	74.0	100.0
477.9742788000001	74.0	100.0
477.9943135000001	74.0	100.0
478.01834840000015	74.0	100.0
478.0344691	74.0	100.0
478.05504440000004	74.0	100.0
478.0754812	74.0	100.0
478.0962568	74.0	100.0
478.1208696000001	74.0	100.0
478.1356879	74.0	100.0
478.1553242	74.0	100.0
478.1763899	74.0	100.0
478.19509689999995	74.0	100.0
478.2149512000001	74.0	100.0
478.2347731	74.0	100.0
478.25525500000003	74.0	100.0
478.27735810000013	74.0	100.0
478.2952672000001	74.0	100.0
478.31459330000007	74.0	100.0
478.33484580000004	74.0	100.0
478.3550602	74.0	100.0
478.37481879999996	74.0	100.0
478.3942703	74.0	100.0
478.41586930000017	74.0	100.0
478.4395929	74.0	100.0
478.4552639000001	74.0	100.0
478.47530359999996	74.0	100.0
478.4951451000002	74.0	100.0
478.51468339999997	74.0	100.0
478.53962950000005	74.0	100.0
478.5559177	74.0	100.0
478.5756630000001	74.0	100.0
478.5980088000001	74.0	100.0
478.6162107	74.0	100.0
478.63635390000013	75.0	100.0
478.6561081	75.0	100.0
478.67513529999997	75.0	100.0
478.69485940000004	75.0	100.0
478.7153304000001	75.0	100.0
478.73555669999996	75.0	100.0
478.7562574000001	75.0	100.0
478.7755277000001	75.0	100.0
478.7968261000001	75.0	100.0
478.81536500000016	75.0	100.0
478.83526470000015	75.0	100.0
478.85507040000016	75.0	100.0
478.875235	75.0	100.0
478.8966531000001	75.0	100.0
478.9182309	75.0	100.0
478.93758360000015	75.0	100.0
478.9589303	75.0	100.0
478.97557559999996	75.0	100.0
478.99510980000014	75.0	100.0
479.0158847	75.0	100.0
479.0350545000001	75.0	100.0
479.06012570000007	75.0	100.0
479.07796740000003	75.0	100.0
479.09637040000007	75.0	100.0
479.1152998	75.0	100.0
479.13553330000013	75.0	100.0
479.1551389000001	75.0	100.0
479.1759319	75.0	100.0
479.1954135000001	75.0	100.0
479.21578550000004	75.0	100.0
479.23821940000016	75.0	100.0
479.2559136	75.0	100.0
479.2755046	75.0	100.0
479.29555330000017	75.0	100.0
479.31585259999997	75.0	100.0
479.33560910000006	75.0	100.0
479.35553219999997	75.0	100.0
479.3779111000001	75.0	100.0
479.3978496	75.0	100.0
479.41642820000015	75.0	100.0
479.4357602	75.0	100.0
479.4562667	75.0	100.0
479.4804021	75.0	100.0
479.4966651	75.0	100.0
479.5165671	75.0	100.0
479.5367553000001	75.0	100.0
479.5587115000001	75.0	100.0
479.57614809999995	75.0	100.0
479.59572290000006	75.0	100.0
479.6262927	75.0	100.0
479.6366875000001	75.0	100.0
479.65583300000003	75.0	100.0
479.6808659000001	75.0	100.0
479.6969765000001	75.0	100.0
479.71839339999997	75.0	100.0
479.7369261000001	75.0	100.0
479.75640740000017	75.0	100.0
479.77683120000006	75.0	100.0
479.79636389999996	75.0	100.0
479.8166575	75.0	100.0
479.8365853	75.0	100.0
479.8580538000001	75.0	100.0
479.8801506	75.0	100.0
479.8959066	75.0	100.0
479.9162017000001	75.0	100.0
479.9360345	75.0	100.0
479.9559249000001	75.0	100.0
479.97675430000004	75.0	100.0
479.99658780000004	75.0	100.0
480.0191012	75.0	100.0
480.0395995000001	75.0	100.0
480.0570070000001	75.0	100.0
480.07718180000006	75.0	100.0
480.1010546	75.0	100.0
480.1166542000001	75.0	100.0
480.1368774	75.0	100.0
480.1570237000001	75.0	100.0
480.17731000000003	75.0	100.0
480.20382530000006	75.0	100.0
480.21749350000005	75.0	100.0
480.23736600000007	75.0	100.0
480.25693160000014	75.0	100.0
480.27694680000013	75.0	100.0
480.297047	75.0	100.0
480.3169259000001	75.0	100.0
480.33817080000017	75.0	100.0
480.35814920000007	75.0	100.0
480.37780740000017	75.0	100.0
480.39817140000014	75.0	100.0
480.4178924	75.0	100.0
480.4376903	75.0	100.0
480.4581174	75.0	100.0
480.47758550000003	75.0	100.0
480.4984086000002	75.0	100.0
480.523997	75.0	100.0
480.53778510000006	75.0	100.0
480.55709690000003	75.0	100.0
480.57810459999996	75.0	100.0
480.5966906000001	75.0	100.0
480.62081390000003	75.0	100.0
480.6400026000001	75.0	100.0
480.6582055000001	75.0	100.0
480.67973430000006	75.0	100.0
480.6968022000001	75.0	100.0
480.72065940000016	75.0	100.0
480.7371412	75.0	100.0
480.7564744000001	75.0	100.0
480.77672559999996	75.0	100.0
480.797004	75.0	100.0
480.81847059999996	75.0	100.0
480.83938120000016	75.0	100.0
480.85728370000015	75.0	100.0
480.8772137000001	75.0	100.0
480.8969204	75.0	100.0
480.91682430000014	75.0	100.0
480.93752740000014	75.0	100.0
480.95696420000013	75.0	100.0
480.97815290000017	75.0	100.0
480.9992009	75.0	100.0
481.01765150000006	75.0	100.0
481.03697810000017	75.0	100.0
481.0568438	75.0	100.0
481.0776242000002	75.0	100.0
481.09634159999996	75.0	100.0
481.11659840000016	75.0	100.0
481.1384134	75.0	100.0
481.1598686	75.0	100.0
481.17802400000005	75.0	100.0
481.1964270000001	75.0	100.0
481.2174494000001	75.0	100.0
481.2379496000001	75.0	100.0
481.2566475000001	75.0	100.0
481.27722800000015	75.0	100.0
481.29911289999995	75.0	100.0
481.3194066000001	75.0	100.0
481.3380562	75.0	100.0
481.3578737	75.0	100.0
481.3784727	75.0	100.0
481.3977122000001	75.0	100.0
481.4183323	75.0	100.0
481.43819670000016	75.0	100.0
481.4592136000001	75.0	100.0
481.4800642	75.0	100.0
481.49758399999996	75.0	100.0
481.51768660000016	75.0	100.0
481.53768000000014	75.0	100.0
481.5616646000001	75.0	100.0
481.5782696000001	75.0	100.0
481.59810170000014	75.0	100.0
481.6196467	75.0	100.0
481.6399269000001	76.0	100.0
481.6585182000001	76.0	100.0
481.67822130000013	76.0	100.0
481.69829430000004	76.0	100.0
481.7181223	76.0	100.0
481.7380727	76.0	100.0
481.7591932	76.0	100.0
481.7797084000001	76.0	100.0
481.8004986000001	76.0	100.0
481.8184489	76.0	100.0
481.8383305	76.0	100.0
481.8581401000001	76.0	100.0
481.87823890000004	76.0	100.0
481.89823	76.0	100.0
481.91752700000006	76.0	100.0
481.9397881	76.0	100.0
481.9597146000001	76.0	100.0
481.9785342	76.0	100.0
481.99796960000003	76.0	100.0
482.0188205000002	76.0	100.0
482.03815350000013	76.0	100.0
482.05765570000017	76.0	100.0
482.07807909999997	76.0	100.0
482.0987116000001	76.0	100.0
482.12035400000013	76.0	100.0
482.1381001	76.0	100.0
482.1582631000001	76.0	100.0
482.17969689999995	76.0	100.0
482.1981306	76.0	100.0
482.2181886000001	76.0	100.0
482.24146080000014	76.0	100.0
482.25995850000004	76.0	100.0
482.27996830000006	76.0	100.0
482.2981592000001	76.0	100.0
482.31851800000004	76.0	100.0
482.34050060000004	76.0	100.0
482.35927749999996	76.0	100.0
482.3808283000001	76.0	100.0
482.39901910000003	76.0	100.0
482.4196072	76.0	100.0
482.44117070000016	76.0	100.0
482.45839560000013	76.0	100.0
482.4798283	76.0	100.0
482.49866250000014	76.0	100.0
482.51816959999996	76.0	100.0
482.5379828	76.0	100.0
482.5585522000001	76.0	100.0
482.57902379999996	76.0	100.0
482.6037748000001	76.0	100.0
482.6200282	76.0	100.0
482.63908130000004	73.0	100.0
482.65841360000013	73.0	100.0
482.67871779999996	73.0	100.0
482.7028243	73.0	100.0
482.7190038000001	73.0	100.0
482.7402101	73.0	100.0
482.76064940000015	73.0	100.0
482.77994920000015	73.0	100.0
482.8020220000001	73.0	100.0
482.8192871000001	73.0	100.0
482.8389930000001	73.0	100.0
482.85947780000015	73.0	100.0
482.8782430000001	73.0	100.0
482.89987070000006	73.0	100.0
482.92023500000005	73.0	100.0
482.9394335000002	73.0	100.0
482.9597893	73.0	100.0
482.9803862000001	73.0	100.0
482.99952800000005	73.0	100.0
483.02055270000005	73.0	100.0
483.04016939999997	73.0	100.0
483.06005230000005	73.0	100.0
483.0820943000001	73.0	100.0
483.09965850000003	73.0	100.0
483.11982750000016	73.0	100.0
483.1395927000001	73.0	100.0
483.1595708	73.0	100.0
483.17969860000017	73.0	100.0
483.1999500000002	73.0	100.0
483.22417700000005	73.0	100.0
483.24141480000003	73.0	100.0
483.2596635	73.0	100.0
483.2801615000001	73.0	100.0
483.2999417000001	73.0	100.0
483.3236044	73.0	100.0
483.33971870000005	73.0	100.0
483.3629602000001	73.0	100.0
483.3803908	73.0	100.0
483.4022913000001	73.0	100.0
483.4205753000001	73.0	100.0
483.44053499999995	73.0	100.0
483.4588570000001	73.0	100.0
483.4801567000002	73.0	100.0
483.5005271	73.0	100.0
483.51975660000016	73.0	100.0
483.54058350000014	73.0	100.0
483.56079320000003	73.0	100.0
483.58002540000007	73.0	100.0
483.59982890000015	73.0	100.0
483.62004650000017	73.0	100.0
483.64050340000017	71.0	100.0
483.6600731000001	71.0	100.0
483.6799529	71.0	100.0
483.7003545	71.0	100.0
483.72257579999996	71.0	100.0
483.7399154	71.0	100.0
483.7597042	71.0	100.0
483.77965400000016	71.0	100.0
483.80011790000003	71.0	100.0
483.8203474000002	71.0	100.0
483.84354759999997	71.0	100.0
483.8603909000001	71.0	100.0
483.88211420000016	71.0	100.0
483.9000182	71.0	100.0
483.92031740000016	71.0	100.0
483.9440796000001	71.0	100.0
483.9600925	71.0	100.0
483.98061810000013	71.0	100.0
484.00037810000003	71.0	100.0
484.0205955000001	71.0	100.0
484.04217200000016	71.0	100.0
484.0598358	71.0	100.0
484.08054100000004	71.0	100.0
484.10047269999995	71.0	100.0
484.121613	71.0	100.0
484.1396953000001	71.0	100.0
484.1603182000001	71.0	100.0
484.1809781000002	71.0	100.0
484.2014429000001	71.0	100.0
484.2205998000002	71.0	100.0
484.2404074000001	71.0	100.0
484.26394040000014	71.0	100.0
484.28027670000006	71.0	100.0
484.30067540000005	71.0	100.0
484.3202536000001	71.0	100.0
484.3409018	71.0	100.0
484.3664636000001	71.0	100.0
484.37981880000007	71.0	100.0
484.4003848	71.0	100.0
484.4213611	71.0	100.0
484.4406428	71.0	100.0
484.46351260000006	71.0	100.0
484.4811311000001	71.0	100.0
484.5009414000001	71.0	100.0
484.5240457	71.0	100.0
484.54118540000013	71.0	100.0
484.56035399999996	71.0	100.0
484.5805676	71.0	100.0
484.6003753	71.0	100.0
484.6209391	71.0	100.0
484.64058539999996	69.0	100.0
484.6616355000001	69.0	100.0
484.6832016000001	69.0	100.0
484.69973030000006	69.0	100.0
484.72018320000006	69.0	100.0
484.74039770000013	69.0	100.0
484.7605215000001	69.0	100.0
484.7845199000001	69.0	100.0
484.8009369000001	69.0	100.0
484.8211513000001	69.0	100.0
484.8422335	69.0	100.0
484.8607663	69.0	100.0
484.8832966	69.0	100.0
484.9010148	69.0	100.0
484.9205129000002	69.0	100.0
484.94223039999997	69.0	100.0
484.96091120000006	69.0	100.0
484.98517620000007	69.0	100.0
485.00344540000015	69.0	100.0
485.0206472	69.0	100.0
485.04058180000015	69.0	100.0
485.06048550000014	69.0	100.0
485.08104820000017	69.0	100.0
485.10058000000004	69.0	100.0
485.12017560000004	69.0	100.0
485.1416800000002	69.0	100.0
485.1622787000001	69.0	100.0
485.18161350000014	69.0	100.0
485.1998145	69.0	100.0
485.22038380000004	69.0	100.0
485.2405231	69.0	100.0
485.26055080000015	69.0	100.0
485.2811300000001	69.0	100.0
485.30524549999996	69.0	100.0
485.3232680000001	69.0	100.0
485.34445300000016	69.0	100.0
485.36042680000014	69.0	100.0
485.3802727	69.0	100.0
485.3998845000001	69.0	100.0
485.41995110000016	69.0	100.0
485.4400716	69.0	100.0
485.4606285	69.0	100.0
485.48214370000005	69.0	100.0
485.5042453000001	69.0	100.0
485.5200801000001	69.0	100.0
485.5398918000001	69.0	100.0
485.56034850000015	69.0	100.0
485.58033610000007	69.0	100.0
485.6003674000001	69.0	100.0
485.6231617000001	69.0	100.0
485.64394160000006	69.0	100.0
485.6611348000001	69.0	100.0
485.6805238000002	69.0	100.0
485.7005166000001	69.0	100.0
485.72480540000015	69.0	100.0
485.7417084000001	69.0	100.0
485.7606887000002	69.0	100.0
485.7817486000001	69.0	100.0
485.8034754	69.0	100.0
485.82177290000004	69.0	100.0
485.84053970000014	69.0	100.0
485.8626763	69.0	100.0
485.88146440000014	69.0	100.0
485.9008719000001	69.0	100.0
485.92451670000014	69.0	100.0
485.9401871	69.0	100.0
485.9648657	69.0	100.0
485.98154020000015	69.0	100.0
485.9999442000001	69.0	100.0
486.0246695000001	69.0	100.0
486.0416047000001	69.0	100.0
486.06114019999995	69.0	100.0
486.0817832	69.0	100.0
486.1020784	69.0	100.0
486.1231841000001	69.0	100.0
486.14068680000014	69.0	100.0
486.1604975	69.0	100.0
486.1810762	69.0	100.0
486.20009040000014	69.0	100.0
486.22060510000006	69.0	100.0
486.2403661000001	69.0	100.0
486.2617199000001	69.0	100.0
486.2836589000001	69.0	100.0
486.2996263	69.0	100.0
486.32701840000004	69.0	100.0
486.3424474000001	69.0	100.0
486.35963620000007	69.0	100.0
486.3813539	69.0	100.0
486.40054840000016	69.0	100.0
486.4209803000001	69.0	100.0
486.44701150000014	69.0	100.0
486.4616939	69.0	100.0
486.4835058000001	69.0	100.0
486.5029489000001	69.0	100.0
486.5211704000001	69.0	100.0
486.5435275	69.0	100.0
486.5609114000001	69.0	100.0
486.58148010000014	69.0	100.0
486.6044773000001	69.0	100.0
486.6222402000001	69.0	100.0
486.64210720000005	70.0	100.0
486.6621132	70.0	100.0
486.6819703000001	70.0	100.0
486.70206400000006	70.0	100.0
486.72186090000014	70.0	100.0
486.74221190000003	70.0	100.0
486.763962	70.0	100.0
486.784032	70.0	100.0
486.80109919999995	70.0	100.0
486.82308409999996	70.0	100.0
486.83547569999996	70.0	100.0
486.85391619999996	70.0	100.0
486.87503800000013	70.0	100.0
486.89576150000016	70.0	100.0
486.92128230000003	70.0	100.0
486.93954610000014	70.0	100.0
486.9647867000001	70.0	100.0
486.98207780000007	70.0	100.0
487.00199680000014	70.0	100.0
487.0219174000001	70.0	100.0
487.04305180000006	70.0	100.0
487.06351830000017	70.0	100.0
487.084349	70.0	100.0
487.10230920000004	70.0	100.0
487.1220942	70.0	100.0
487.14205519999996	70.0	100.0
487.1621096000001	70.0	100.0
487.1820453	70.0	100.0
487.20329660000016	70.0	100.0
487.2220817	70.0	100.0
487.2442301000001	70.0	100.0
487.2613537	70.0	100.0
487.28207880000014	70.0	100.0
487.30297960000007	70.0	100.0
487.3223295	70.0	100.0
487.3425374000001	70.0	100.0
487.3627136	70.0	100.0
487.3834188000001	70.0	100.0
487.4046614000001	70.0	100.0
487.4223469000001	70.0	100.0
487.442092	70.0	100.0
487.46230590000005	70.0	100.0
487.4861478	70.0	100.0
487.50240570000005	70.0	100.0
487.52233850000016	70.0	100.0
487.5430716000001	70.0	100.0
487.5640197	70.0	100.0
487.5861282000001	70.0	100.0
487.6032868	70.0	100.0
487.6238575	70.0	100.0
487.64222229999996	70.0	100.0
487.6620659	70.0	100.0
487.68333370000005	70.0	100.0
487.7023815	70.0	100.0
487.72442650000016	70.0	100.0
487.74293060000014	70.0	100.0
487.76207109999996	70.0	100.0
487.78252440000006	70.0	100.0
487.80254390000005	70.0	100.0
487.82305700000006	70.0	100.0
487.84216430000015	70.0	100.0
487.86297030000014	70.0	100.0
487.88464190000013	70.0	100.0
487.9045248	70.0	100.0
487.9222516	70.0	100.0
487.9437577000001	70.0	100.0
487.96289249999995	70.0	100.0
487.9834631000001	70.0	100.0
488.0026313000001	70.0	100.0
488.02346239999997	70.0	100.0
488.0438022000001	70.0	100.0
488.06235749999996	70.0	100.0
488.0836885000001	70.0	100.0
488.10618969999996	70.0	100.0
488.12352750000014	70.0	100.0
488.1432969	70.0	100.0
488.16301250000015	70.0	100.0
488.1834841	70.0	100.0
488.210382	70.0	100.0
488.2232329000001	70.0	100.0
488.24212880000005	70.0	100.0
488.2630567000001	70.0	100.0
488.28387799999996	70.0	100.0
488.30274240000017	70.0	100.0
488.32334820000005	70.0	100.0
488.34385080000015	70.0	100.0
488.3625459	70.0	100.0
488.38020159999996	70.0	100.0
488.39910729999997	70.0	100.0
488.42249890000016	70.0	100.0
488.443675	70.0	100.0
488.4623303000001	70.0	100.0
488.4836947000001	70.0	100.0
488.5039733000001	70.0	100.0
488.5299314000001	70.0	100.0
488.54369340000017	70.0	100.0
488.56326020000006	70.0	100.0
488.58344650000004	70.0	100.0
488.6029917000001	70.0	100.0
488.62737860000016	70.0	100.0
488.6431729000001	69.0	100.0
488.66397870000014	69.0	100.0
488.68523670000013	69.0	100.0
488.70350610000014	69.0	100.0
488.72344580000004	69.0	100.0
488.74387780000006	69.0	100.0
488.7641001000002	69.0	100.0
488.78391610000017	69.0	100.0
488.8021321000001	69.0	100.0
488.8248060000001	69.0	100.0
488.8458889000001	69.0	100.0
488.8636697000002	69.0	100.0
488.88362170000005	69.0	100.0
488.90344389999996	69.0	100.0
488.92369900000017	69.0	100.0
488.9442944	69.0	100.0
488.9636917	69.0	100.0
488.9842371	69.0	100.0
489.0041493000001	69.0	100.0
489.0231252000001	69.0	100.0
489.04740800000013	69.0	100.0
489.06276049999997	69.0	100.0
489.0829487000001	69.0	100.0
489.1035055	69.0	100.0
489.1229498	69.0	100.0
489.14752139999996	69.0	100.0
489.1655763000001	69.0	100.0
489.18374259999996	69.0	100.0
489.20279660000006	69.0	100.0
489.2233285	69.0	100.0
489.24325680000015	69.0	100.0
489.26341090000005	69.0	100.0
489.28335860000016	69.0	100.0
489.3035032	69.0	100.0
489.32364529999995	69.0	100.0
489.34740380000017	69.0	100.0
489.3628155000001	69.0	100.0
489.38335329999995	69.0	100.0
489.40418020000016	69.0	100.0
489.42475090000016	69.0	100.0
489.4442960000001	69.0	100.0
489.4645567	69.0	100.0
489.48613109999997	69.0	100.0
489.5039366000001	69.0	100.0
489.52337920000014	69.0	100.0
489.5438134000001	69.0	100.0
489.5637759000001	69.0	100.0
489.5838106000001	69.0	100.0
489.6034347	69.0	100.0
489.6262366000001	69.0	100.0
489.6462941	71.0	100.0
489.6678244	71.0	100.0
489.6839331000001	71.0	100.0
489.70362050000017	71.0	100.0
489.7239812	71.0	100.0
489.74397180000005	71.0	100.0
489.7642457000002	71.0	100.0
489.7844623000001	71.0	100.0
489.80617010000014	71.0	100.0
489.8241442000001	71.0	100.0
489.8437275000001	71.0	100.0
489.86442710000006	71.0	100.0
489.88379480000003	71.0	100.0
489.90394830000014	71.0	100.0
489.92368970000007	71.0	100.0
489.9439927000001	71.0	100.0
489.9657707000001	71.0	100.0
489.9845878000001	71.0	100.0
490.00417289999996	71.0	100.0
490.024042	71.0	100.0
490.0439073	71.0	100.0
490.0639672	71.0	100.0
490.08702719999997	71.0	100.0
490.10434039999996	71.0	100.0
490.1260678000001	71.0	100.0
490.1444093	71.0	100.0
490.1644126000001	71.0	100.0
490.18839360000015	71.0	100.0
490.20432000000005	71.0	100.0
490.2243455	71.0	100.0
490.2441255000001	71.0	100.0
490.26581610000017	71.0	100.0
490.28953820000015	71.0	100.0
490.30377710000016	71.0	100.0
490.3246957000001	71.0	100.0
490.3437646	71.0	100.0
490.36466310000014	71.0	100.0
490.3847826000001	71.0	100.0
490.40423550000014	71.0	100.0
490.42459099999996	71.0	100.0
490.44640470000013	71.0	100.0
490.4650792	71.0	100.0
490.4847771	71.0	100.0
490.50389859999996	71.0	100.0
490.5234317000002	71.0	100.0
490.5445337000001	71.0	100.0
490.5653798000001	71.0	100.0
490.5848043000001	71.0	100.0
490.60955190000004	71.0	100.0
490.6255648000001	71.0	100.0
490.64451329999997	72.0	100.0
490.6647485000001	72.0	100.0
490.68435350000004	72.0	100.0
490.7081119000002	72.0	100.0
490.7237408000001	72.0	100.0
490.7448075	72.0	100.0
490.766355	72.0	100.0
490.7849606	72.0	100.0
490.80831450000005	72.0	100.0
490.82410600000003	72.0	100.0
490.8442758000001	72.0	100.0
490.86420870000006	72.0	100.0
490.8842723	72.0	100.0
490.9053960000001	72.0	100.0
490.92616880000014	72.0	100.0
490.9461317	72.0	100.0
490.9641557	72.0	100.0
490.98460980000004	72.0	100.0
491.00512879999997	72.0	100.0
491.0248541000001	72.0	100.0
491.04418750000013	72.0	100.0
491.0649641	72.0	100.0
491.0878557000001	72.0	100.0
491.1042803	72.0	100.0
491.12828650000006	72.0	100.0
491.1444755	72.0	100.0
491.16412400000013	72.0	100.0
491.1844691000001	72.0	100.0
491.20470360000013	72.0	100.0
491.2291603000001	72.0	100.0
491.2460866000001	72.0	100.0
491.26474200000007	72.0	100.0
491.28425820000007	72.0	100.0
491.3044615000001	72.0	100.0
491.3287259000001	72.0	100.0
491.34568650000006	72.0	100.0
491.36426670000014	72.0	100.0
491.3846304000001	72.0	100.0
491.40841720000003	72.0	100.0
491.42518689999997	72.0	100.0
491.44438880000007	72.0	100.0
491.4640837000002	72.0	100.0
491.4842878000002	72.0	100.0
491.50478220000014	72.0	100.0
491.5245652000001	72.0	100.0
491.5448599000001	72.0	100.0
491.56703730000004	72.0	100.0
491.5850137	72.0	100.0
491.60433030000013	72.0	100.0
491.6265059	72.0	100.0
491.64509139999996	72.0	100.0
491.663861	72.0	100.0
491.6846295	72.0	100.0
491.7062449	72.0	100.0
491.7279689000002	72.0	100.0
491.74463630000014	72.0	100.0
491.76427690000014	72.0	100.0
491.78441210000005	72.0	100.0
491.80448060000003	72.0	100.0
491.8243110000001	72.0	100.0
491.84830639999996	72.0	100.0
491.86583040000005	72.0	100.0
491.8857230000001	72.0	100.0
491.9041688	72.0	100.0
491.92354309999996	72.0	100.0
491.9437852000001	72.0	100.0
491.95786240000007	72.0	100.0
491.9783523000001	72.0	100.0
491.9974913000001	72.0	100.0
492.0197958000001	72.0	100.0
492.04411600000003	72.0	100.0
492.06473370000003	72.0	100.0
492.0844832	72.0	100.0
492.1046368	72.0	100.0
492.1245805000001	72.0	100.0
492.14436820000014	72.0	100.0
492.16433630000006	72.0	100.0
492.18517310000016	72.0	100.0
492.20618490000015	72.0	100.0
492.22564480000005	72.0	100.0
492.2445888	72.0	100.0
492.26903360000006	72.0	100.0
492.2860415	72.0	100.0
492.30496689999995	72.0	100.0
492.32480150000015	72.0	100.0
492.34912240000017	72.0	100.0
492.3718365	72.0	100.0
492.3856938000001	72.0	100.0
492.4048587	72.0	100.0
492.4252333000002	72.0	100.0
492.4450211000001	72.0	100.0
492.46589170000016	72.0	100.0
492.485236	72.0	100.0
492.5058319	72.0	100.0
492.5268365000002	72.0	100.0
492.5459243	72.0	100.0
492.5647133	72.0	100.0
492.58640630000014	72.0	100.0
492.6055407000001	72.0	100.0
492.6276854	72.0	100.0
492.6463999	70.0	100.0
492.6667459	70.0	100.0
492.68794990000015	70.0	100.0
492.70540730000016	70.0	100.0
492.72487780000006	70.0	100.0
492.74511129999996	70.0	100.0
492.7655591	70.0	100.0
492.78609159999996	70.0	100.0
492.8049929000001	70.0	100.0
492.8258893	70.0	100.0
492.8478001000001	70.0	100.0
492.8658230000001	70.0	100.0
492.88547800000015	70.0	100.0
492.90493600000013	70.0	100.0
492.92532500000016	70.0	100.0
492.9456488000001	70.0	100.0
492.96502740000005	70.0	100.0
492.9860957000001	70.0	100.0
493.00863419999996	70.0	100.0
493.02586829999996	70.0	100.0
493.0456001	70.0	100.0
493.065515	70.0	100.0
493.0846161000002	70.0	100.0
493.1056314	70.0	100.0
493.1256525000001	70.0	100.0
493.1455827	70.0	100.0
493.16608710000014	70.0	100.0
493.1850713000001	70.0	100.0
493.20909040000015	70.0	100.0
493.2258687000001	70.0	100.0
493.2457779000001	70.0	100.0
493.26592030000006	70.0	100.0
493.28578590000006	70.0	100.0
493.3098374000001	70.0	100.0
493.32842240000014	70.0	100.0
493.34524220000003	70.0	100.0
493.3645012000002	70.0	100.0
493.38557290000017	70.0	100.0
493.40542419999997	70.0	100.0
493.42559640000013	70.0	100.0
493.44542780000006	70.0	100.0
493.46593410000014	70.0	100.0
493.4875191000001	70.0	100.0
493.50607650000006	70.0	100.0
493.52575580000007	70.0	100.0
493.54627530000016	70.0	100.0
493.56613590000006	70.0	100.0
493.5869563000001	70.0	100.0
493.60536420000017	70.0	100.0
493.62795890000007	70.0	100.0
493.64898059999996	71.0	100.0
493.6660151000001	71.0	100.0
493.68571440000005	71.0	100.0
493.705236	71.0	100.0
493.72938320000003	71.0	100.0
493.7474959000001	71.0	100.0
493.76538230000006	71.0	100.0
493.78807370000004	71.0	100.0
493.8074676000001	71.0	100.0
493.82952420000015	71.0	100.0
493.84995500000014	71.0	100.0
493.8660864000001	71.0	100.0
493.88569430000007	71.0	100.0
493.9060591	71.0	100.0
493.9296038	71.0	100.0
493.9486074000001	71.0	100.0
493.96838260000004	71.0	100.0
493.98608680000007	71.0	100.0
494.0058335000001	71.0	100.0
494.02611550000006	71.0	100.0
494.04510260000006	71.0	100.0
494.05862120000006	71.0	100.0
494.0785149000001	71.0	100.0
494.10036290000016	71.0	100.0
494.1228417	71.0	100.0
494.1425819000001	71.0	100.0
494.1627737000001	71.0	100.0
494.18379830000003	71.0	100.0
494.2056073000001	71.0	100.0
494.22549660000004	71.0	100.0
494.2490015000001	71.0	100.0
494.26628860000005	71.0	100.0
494.2884077000001	71.0	100.0
494.30606650000004	71.0	100.0
494.3258116000002	71.0	100.0
494.34944070000006	71.0	100.0
494.36975900000016	71.0	100.0
494.3860750000001	71.0	100.0
494.40548550000017	71.0	100.0
494.42717390000007	71.0	100.0
494.45163350000007	71.0	100.0
494.4664794	71.0	100.0
494.4860828000001	71.0	100.0
494.5062772000001	71.0	100.0
494.52624490000017	71.0	100.0
494.5461070000001	71.0	100.0
494.5665884	71.0	100.0
494.5875102	71.0	100.0
494.60823270000014	71.0	100.0
494.62775239999996	71.0	100.0
494.64698599999997	72.0	100.0
494.6661944	72.0	100.0
494.68679110000016	72.0	100.0
494.7063734000001	72.0	100.0
494.72570229999997	72.0	100.0
494.7473162000001	72.0	100.0
494.76845950000006	72.0	100.0
494.7874634	72.0	100.0
494.80603770000016	72.0	100.0
494.8261897	72.0	100.0
494.8461312000002	72.0	100.0
494.8702105	72.0	100.0
494.8870952	72.0	100.0
494.9063318000001	72.0	100.0
494.9282406	72.0	100.0
494.94711559999996	72.0	100.0
494.9682381	72.0	100.0
494.98135279999997	72.0	100.0
494.99889299999995	72.0	100.0
495.02053020000017	72.0	100.0
495.04087230000005	72.0	100.0
495.06316390000006	72.0	100.0
495.08562670000015	72.0	100.0
495.10445900000013	72.0	100.0
495.12920210000016	72.0	100.0
495.14687200000003	72.0	100.0
495.1669502	72.0	100.0
495.1861963000001	72.0	100.0
495.20558240000014	72.0	100.0
495.2273795000001	72.0	100.0
495.2481315	72.0	100.0
495.2663318	72.0	100.0
495.28728880000017	72.0	100.0
495.30622289999997	72.0	100.0
495.3260735000001	72.0	100.0
495.34611689999997	72.0	100.0
495.36570860000006	72.0	100.0
495.3911206	72.0	100.0
495.4082410000001	72.0	100.0
495.4261140000001	72.0	100.0
495.44584410000016	72.0	100.0
495.46662400000014	72.0	100.0
495.4902465	72.0	100.0
495.5072192	72.0	100.0
495.52603440000007	72.0	100.0
495.54609560000017	72.0	100.0
495.568614	72.0	100.0
495.58773900000006	72.0	100.0
495.60651830000006	72.0	100.0
495.6302554000001	72.0	100.0
495.6470084	71.0	100.0
495.6682048	71.0	100.0
495.68708330000004	71.0	100.0
495.70956980000005	71.0	100.0
495.7273199000001	71.0	100.0
495.74623240000005	71.0	100.0
495.76606530000004	71.0	100.0
495.78637520000007	71.0	100.0
495.8061938000001	71.0	100.0
495.8271582	71.0	100.0
495.8460521000002	71.0	100.0
495.86733490000006	71.0	100.0
495.8902309	71.0	100.0
495.9070683	71.0	100.0
495.9260981	71.0	100.0
495.9469166000001	71.0	100.0
495.9660007	71.0	100.0
495.9871886000001	71.0	100.0
496.0099173000001	71.0	100.0
496.0274515000001	71.0	100.0
496.0487784000002	71.0	100.0
496.0671843	71.0	100.0
496.0871082000001	71.0	100.0
496.1070551	71.0	100.0
496.12646510000013	71.0	100.0
496.1462263000001	71.0	100.0
496.16605400000003	71.0	100.0
496.18795020000016	71.0	100.0
496.2084105000001	71.0	100.0
496.2260804	71.0	100.0
496.2471676	71.0	100.0
496.26603910000017	71.0	100.0
496.28701550000005	71.0	100.0
496.307456	71.0	100.0
496.32589610000014	71.0	100.0
496.35097070000006	71.0	100.0
496.3683556000001	71.0	100.0
496.38745110000013	71.0	100.0
496.4068801000001	71.0	100.0
496.4283948	71.0	100.0
496.4403719000002	71.0	100.0
496.46490330000006	71.0	100.0
496.48706890000017	71.0	100.0
496.5075817000002	71.0	100.0
496.5290996000001	71.0	100.0
496.5460464	71.0	100.0
496.56712089999996	71.0	100.0
496.58734470000013	71.0	100.0
496.6076101000001	71.0	100.0
496.6276576	71.0	100.0
496.6472877000001	70.0	100.0
496.6679174000001	70.0	100.0
496.6888196	70.0	100.0
496.70736940000006	70.0	100.0
496.7277961	70.0	100.0
496.7460573000001	70.0	100.0
496.7669763000001	70.0	100.0
496.7877301000001	70.0	100.0
496.80603080000014	70.0	100.0
496.83007880000014	70.0	100.0
496.84989629999995	70.0	100.0
496.86708780000004	70.0	100.0
496.88689680000016	70.0	100.0
496.90723120000007	70.0	100.0
496.92644710000013	70.0	100.0
496.9522767000001	70.0	100.0
496.9662806000001	70.0	100.0
496.9852988	70.0	100.0
497.0036367	70.0	100.0
497.0227682	70.0	100.0
497.0425295	70.0	100.0
497.06558700000005	70.0	100.0
497.08585270000003	70.0	100.0
497.10746300000005	70.0	100.0
497.1271621000001	70.0	100.0
497.14821000000006	70.0	100.0
497.16947900000014	70.0	100.0
497.1876066	70.0	100.0
497.2077388	70.0	100.0
497.2289503000002	70.0	100.0
497.24713429999997	70.0	100.0
497.2676292000001	70.0	100.0
497.28751950000014	70.0	100.0
497.3083223000001	70.0	100.0
497.3285099	70.0	100.0
497.34644070000013	70.0	100.0
497.36734939999997	70.0	100.0
497.3878704000001	70.0	100.0
497.40719480000007	70.0	100.0
497.4277866	70.0	100.0
497.44734970000013	70.0	100.0
497.4717376000001	70.0	100.0
497.4900655000001	70.0	100.0
497.50775050000016	70.0	100.0
497.52708359999997	70.0	100.0
497.54710220000015	70.0	100.0
497.5671934000002	70.0	100.0
497.5880251000001	70.0	100.0
497.6074492	70.0	100.0
497.6281868000001	70.0	100.0
497.64879970000015	70.0	100.0
497.66759960000013	70.0	100.0
497.6863386	70.0	100.0
497.7063621	70.0	100.0
497.7277778	70.0	100.0
497.74715920000017	70.0	100.0
497.76609800000006	70.0	100.0
497.78828180000005	70.0	100.0
497.8100747000001	70.0	100.0
497.82630200000017	70.0	100.0
497.84748890000014	70.0	100.0
497.8674731000001	70.0	100.0
497.885714	70.0	100.0
497.90775510000003	70.0	100.0
497.9273210000001	70.0	100.0
497.9478057000001	70.0	100.0
497.9689125	70.0	100.0
497.99224730000014	70.0	100.0
498.00777930000004	70.0	100.0
498.02756610000006	70.0	100.0
498.0481529000001	70.0	100.0
498.06640140000013	70.0	100.0
498.0912372	70.0	100.0
498.10855130000004	70.0	100.0
498.12948630000005	70.0	100.0
498.14772430000016	70.0	100.0
498.16723550000006	70.0	100.0
498.1882600000001	70.0	100.0
498.20728970000005	70.0	100.0
498.22763310000005	70.0	100.0
498.2463812000001	70.0	100.0
498.2682331000001	70.0	100.0
498.2890652000001	70.0	100.0
498.3074197000001	70.0	100.0
498.32698830000004	70.0	100.0
498.3478838000001	70.0	100.0
498.3677901000001	70.0	100.0
498.3875209	70.0	100.0
498.40779010000006	70.0	100.0
498.42814050000015	70.0	100.0
498.45045060000007	70.0	100.0
498.46784560000015	70.0	100.0
498.48757850000015	70.0	100.0
498.5114345000002	70.0	100.0
498.52765569999997	70.0	100.0
498.5476142	70.0	100.0
498.56724350000013	70.0	100.0
498.58861520000005	70.0	100.0
498.6114521000002	70.0	100.0
498.62788820000014	70.0	100.0
498.6467461	69.0	100.0
498.6662735	69.0	100.0
498.6844251	69.0	100.0
498.7037246	69.0	100.0
498.7262512	69.0	100.0
498.7456231000001	69.0	100.0
498.7688436000001	69.0	100.0
498.7850727	69.0	100.0
498.80740820000005	69.0	100.0
498.82823670000016	69.0	100.0
498.84767550000015	69.0	100.0
498.8677481	69.0	100.0
498.88810639999997	69.0	100.0
498.9077794	69.0	100.0
498.9330494000001	69.0	100.0
498.9477524000001	69.0	100.0
498.96974420000015	69.0	100.0
498.98697990000005	69.0	100.0
499.0077678	69.0	100.0
499.02760609999996	69.0	100.0
499.0475424000001	69.0	100.0
499.06879419999996	69.0	100.0
499.0902374	69.0	100.0
499.1071783	69.0	100.0
499.1308643	69.0	100.0
499.1474091	69.0	100.0
499.1672444000001	69.0	100.0
499.18775200000005	69.0	100.0
499.2069778	69.0	100.0
499.22777110000015	69.0	100.0
499.2502300000001	69.0	100.0
499.2673277000001	69.0	100.0
499.28831030000015	69.0	100.0
499.3080420000001	69.0	100.0
499.3275661	69.0	100.0
499.34830550000015	69.0	100.0
499.3682000000001	69.0	100.0
499.3895781000001	69.0	100.0
499.40987110000015	69.0	100.0
499.42830930000014	69.0	100.0
499.44762630000014	69.0	100.0
499.46809099999996	69.0	100.0
499.4886718	69.0	100.0
499.5081606000001	69.0	100.0
499.52804200000014	69.0	100.0
499.5522884000002	69.0	100.0
499.5689255	69.0	100.0
499.58865060000016	69.0	100.0
499.60771520000003	69.0	100.0
499.6282073	69.0	100.0
499.6480609	70.0	100.0
499.6676218	70.0	100.0
499.68786769999997	70.0	100.0
499.70838449999997	70.0	100.0
499.7309715000001	70.0	100.0
499.74858400000016	70.0	100.0
499.76813530000004	70.0	100.0
499.7889918000001	70.0	100.0
499.8087624	70.0	100.0
499.8286443000002	70.0	100.0
499.8480558000001	70.0	100.0
499.868281	70.0	100.0
499.8914085000001	70.0	100.0
499.90861270000005	70.0	100.0
499.9271957000001	70.0	100.0
499.94876999999997	70.0	100.0
499.9680062	70.0	100.0
499.98768170000017	70.0	100.0
500.0083360000001	70.0	100.0
500.02881190000016	70.0	100.0
500.0503046000001	70.0	100.0
500.06848890000015	70.0	100.0
500.08917500000007	70.0	100.0
500.1085584	70.0	100.0
500.12808700000005	70.0	100.0
500.14767930000016	70.0	100.0
500.1709607	70.0	100.0
500.1881816	70.0	100.0
500.2096097000001	70.0	100.0
500.22836840000014	70.0	100.0
500.24921930000005	70.0	100.0
500.2685629	70.0	100.0
500.2883948000001	70.0	100.0
500.30851359999997	70.0	100.0
500.3284804	70.0	100.0
500.35223570000016	70.0	100.0
500.3709047	70.0	100.0
500.38852540000016	70.0	100.0
500.40803830000004	70.0	100.0
500.4276387	70.0	100.0
500.4484715000001	70.0	100.0
500.46868760000007	70.0	100.0
500.4880697000001	70.0	100.0
500.50894800000015	70.0	100.0
500.52979990000017	70.0	100.0
500.54884330000004	70.0	100.0
500.56843500000014	70.0	100.0
500.59242459999996	70.0	100.0
500.6082192000001	70.0	100.0
500.6292826000001	70.0	100.0
500.6464925	70.0	100.0
500.66840750000006	70.0	100.0
500.6951137000001	70.0	100.0
500.7107278000001	70.0	100.0
500.72767139999996	70.0	100.0
500.7484751000002	70.0	100.0
500.76828250000017	70.0	100.0
500.7883753000001	70.0	100.0
500.8083461000001	70.0	100.0
500.8295872000001	70.0	100.0
500.85043310000015	70.0	100.0
500.86859270000014	70.0	100.0
500.8887394000001	70.0	100.0
500.9084531000001	70.0	100.0
500.9287669	70.0	100.0
500.9482967000001	70.0	100.0
500.96862120000014	70.0	100.0
500.9910995	70.0	100.0
501.0118004000001	70.0	100.0
501.0286686000002	70.0	100.0
501.04781219999995	70.0	100.0
501.06784330000005	70.0	100.0
501.0874937000001	70.0	100.0
501.11283720000006	70.0	100.0
501.1279356	70.0	100.0
501.1483386	70.0	100.0
501.17006779999997	70.0	100.0
501.1887528	70.0	100.0
501.21302260000016	70.0	100.0
501.2291219000001	70.0	100.0
501.2483399	70.0	100.0
501.2681838000001	70.0	100.0
501.2890803	70.0	100.0
501.3095538	70.0	100.0
501.3309591	70.0	100.0
501.3487054	70.0	100.0
501.3681246000001	70.0	100.0
501.3885199000001	70.0	100.0
501.40893619999997	70.0	100.0
501.4287453000002	70.0	100.0
501.44897160000005	70.0	100.0
501.4696739000001	70.0	100.0
501.49090939999996	70.0	100.0
501.5090451000001	70.0	100.0
501.5300128000001	70.0	100.0
501.5484329000001	70.0	100.0
501.5685192000001	70.0	100.0
501.5889417000001	70.0	100.0
501.60845730000005	70.0	100.0
501.6325389000001	70.0	100.0
501.6525029000002	71.0	100.0
501.6687522	71.0	100.0
501.6883743000001	71.0	100.0
501.7075420000001	71.0	100.0
501.72967300000005	71.0	100.0
501.7501579	71.0	100.0
501.7684951000001	71.0	100.0
501.7876425000002	71.0	100.0
501.81127860000015	71.0	100.0
501.83277169999997	71.0	100.0
501.84841570000003	71.0	100.0
501.8688204	71.0	100.0
501.8888055	71.0	100.0
501.90868120000005	71.0	100.0
501.9291664	71.0	100.0
501.9496202	71.0	100.0
501.97141020000004	71.0	100.0
501.99032420000003	71.0	100.0
502.0094240000001	71.0	100.0
502.0287542000001	71.0	100.0
502.0504088	71.0	100.0
502.0700915	71.0	100.0
502.08948250000003	71.0	100.0
502.10997810000003	71.0	100.0
502.13067350000006	71.0	100.0
502.14972260000013	71.0	100.0
502.16892830000006	71.0	100.0
502.1900862	71.0	100.0
502.20885	71.0	100.0
502.2296189000001	71.0	100.0
502.2531693000001	71.0	100.0
502.27009670000007	71.0	100.0
502.29212860000007	71.0	100.0
502.3094297	71.0	100.0
502.3305134	71.0	100.0
502.3505066	71.0	100.0
502.37011670000015	71.0	100.0
502.3899893	71.0	100.0
502.40955280000003	71.0	100.0
502.4307488000002	71.0	100.0
502.4517754000001	71.0	100.0
502.4696394	71.0	100.0
502.4900073000001	71.0	100.0
502.5094448	71.0	100.0
502.52953850000017	71.0	100.0
502.5494466	71.0	100.0
502.56957120000015	71.0	100.0
502.59100839999996	71.0	100.0
502.61167350000005	71.0	100.0
502.62810680000007	71.0	100.0
502.6487925000001	72.0	100.0
502.67357570000013	72.0	100.0
502.6898685000001	72.0	100.0
502.7096216	72.0	100.0
502.73026040000013	72.0	100.0
502.75159759999997	72.0	100.0
502.77188509999996	72.0	100.0
502.79000870000004	72.0	100.0
502.8097739	72.0	100.0
502.8290674	72.0	100.0
502.84995590000017	72.0	100.0
502.8734274000001	72.0	100.0
502.8903564	72.0	100.0
502.91054970000005	72.0	100.0
502.92983560000016	72.0	100.0
502.94886070000007	72.0	100.0
502.9663909000001	72.0	100.0
502.9850709	72.0	100.0
503.0086610000001	72.0	100.0
503.0304248	72.0	100.0
503.0496432	72.0	100.0
503.07176100000015	72.0	100.0
503.0928417	72.0	100.0
503.1100443	72.0	100.0
503.130183	72.0	100.0
503.15005829999996	72.0	100.0
503.1704271000001	72.0	100.0
503.1910620000001	72.0	100.0
503.2102433	72.0	100.0
503.2310466000001	72.0	100.0
503.2522470000001	72.0	100.0
503.27126139999996	72.0	100.0
503.2947240000001	72.0	100.0
503.3108515000001	72.0	100.0
503.3300408	72.0	100.0
503.3504064000001	72.0	100.0
503.37007270000004	72.0	100.0
503.39184050000017	72.0	100.0
503.412421	72.0	100.0
503.4315484000001	72.0	100.0
503.4502544000002	72.0	100.0
503.4707019	72.0	100.0
503.49136599999997	72.0	100.0
503.5102994000001	72.0	100.0
503.5299440000001	72.0	100.0
503.5516084000001	72.0	100.0
503.57307779999996	72.0	100.0
503.59174010000015	72.0	100.0
503.6102945	72.0	100.0
503.6316154000001	72.0	100.0
503.6513138	72.0	100.0
503.6724898	72.0	100.0
503.69124720000013	72.0	100.0
503.70981500000016	72.0	100.0
503.73157330000004	72.0	100.0
503.75153880000016	72.0	100.0
503.77080810000007	72.0	100.0
503.7912046000001	72.0	100.0
503.81468760000007	72.0	100.0
503.83096360000013	72.0	100.0
503.85052930000006	72.0	100.0
503.87164740000003	72.0	100.0
503.89358730000004	72.0	100.0
503.9150119000001	72.0	100.0
503.9314402	72.0	100.0
503.9512808000002	72.0	100.0
503.9710159000001	72.0	100.0
503.9919031000002	72.0	100.0
504.0109701000001	72.0	100.0
504.03166840000017	72.0	100.0
504.0523617000001	72.0	100.0
504.07128869999997	72.0	100.0
504.09161130000007	72.0	100.0
504.1110658	72.0	100.0
504.1299349000001	72.0	100.0
504.1510045	72.0	100.0
504.1713566000001	72.0	100.0
504.1922972	72.0	100.0
504.2135524	72.0	100.0
504.23107230000005	72.0	100.0
504.2499435	72.0	100.0
504.2710403000001	72.0	100.0
504.2919075	72.0	100.0
504.3117249000002	72.0	100.0
504.3353304	72.0	100.0
504.3514513	72.0	100.0
504.3725531	72.0	100.0
504.3919327000001	72.0	100.0
504.4116867	72.0	100.0
504.4305946000002	72.0	100.0
504.45192110000016	72.0	100.0
504.4720112	72.0	100.0
504.49183719999996	72.0	100.0
504.51202680000006	72.0	100.0
504.5376864	72.0	100.0
504.5508579	72.0	100.0
504.5713644	72.0	100.0
504.5916955	72.0	100.0
504.6117155000002	72.0	100.0
504.63194190000013	72.0	100.0
504.65221910000014	71.0	100.0
504.67228739999996	71.0	100.0
504.6925774000001	71.0	100.0
504.7119156000001	71.0	100.0
504.7313435000001	71.0	100.0
504.75163580000003	71.0	100.0
504.77252850000013	71.0	100.0
504.79218200000014	71.0	100.0
504.8115540000001	71.0	100.0
504.83307990000003	71.0	100.0
504.85418070000014	71.0	100.0
504.87154770000006	71.0	100.0
504.8916849	71.0	100.0
504.9119187000001	71.0	100.0
504.93132560000004	71.0	100.0
504.95119210000007	71.0	100.0
504.9711613000002	71.0	100.0
504.99255500000004	71.0	100.0
505.0141993	71.0	100.0
505.03160790000015	71.0	100.0
505.05193770000005	71.0	100.0
505.0722501	71.0	100.0
505.09212330000014	71.0	100.0
505.1138271	71.0	100.0
505.13127770000006	71.0	100.0
505.151488	71.0	100.0
505.1741392000001	71.0	100.0
505.19233010000016	71.0	100.0
505.2118762	71.0	100.0
505.2313988000001	71.0	100.0
505.2515575	71.0	100.0
505.27204400000005	71.0	100.0
505.29211540000006	71.0	100.0
505.31257170000003	71.0	100.0
505.3321306	71.0	100.0
505.3520796	71.0	100.0
505.3756929000001	71.0	100.0
505.39266900000007	71.0	100.0
505.41149029999997	71.0	100.0
505.4326155000001	71.0	100.0
505.45205840000017	71.0	100.0
505.47252879999996	71.0	100.0
505.4951748000001	71.0	100.0
505.51214900000014	71.0	100.0
505.53275110000004	71.0	100.0
505.55188450000014	71.0	100.0
505.5714982000002	71.0	100.0
505.5918114000001	71.0	100.0
505.61154320000014	71.0	100.0
505.6328803000001	71.0	100.0
505.6549751	72.0	100.0
505.67313220000005	72.0	100.0
505.6923749	72.0	100.0
505.71199479999996	72.0	100.0
505.7320546000001	72.0	100.0
505.75223830000004	72.0	100.0
505.77185980000013	72.0	100.0
505.79400320000013	72.0	100.0
505.81512139999995	72.0	100.0
505.83320460000004	72.0	100.0
505.8520526	72.0	100.0
505.87210200000004	72.0	100.0
505.8962636000001	72.0	100.0
505.91284199999996	72.0	100.0
505.93298360000017	72.0	100.0
505.95539580000013	72.0	100.0
505.9745255	72.0	100.0
505.9934296000001	72.0	100.0
506.0121918	72.0	100.0
506.03314850000015	72.0	100.0
506.0523435	72.0	100.0
506.0723753	72.0	100.0
506.0965840000001	72.0	100.0
506.1140146	72.0	100.0
506.1378499	72.0	100.0
506.1534653000001	72.0	100.0
506.17278880000003	72.0	100.0
506.19182980000005	72.0	100.0
506.2119447	72.0	100.0
506.23281670000006	72.0	100.0
506.25335930000006	72.0	100.0
506.2756981	72.0	100.0
506.29545170000006	72.0	100.0
506.31359399999997	72.0	100.0
506.3335662000002	72.0	100.0
506.3554746	72.0	100.0
506.37230320000003	72.0	100.0
506.39280610000014	72.0	100.0
506.41713460000005	72.0	100.0
506.4335906000001	72.0	100.0
506.45547280000005	72.0	100.0
506.4736147000001	72.0	100.0
506.4923961000002	72.0	100.0
506.5124611000001	72.0	100.0
506.53383140000005	72.0	100.0
506.5525626000001	72.0	100.0
506.57327310000005	72.0	100.0
506.59401030000004	72.0	100.0
506.61805449999997	72.0	100.0
506.63492940000015	72.0	100.0
506.6536675	74.0	100.0
506.6735992000001	74.0	100.0
506.6934332000001	74.0	100.0
506.7140948000001	74.0	100.0
506.7335471000001	74.0	100.0
506.7541142	74.0	100.0
506.7762774	74.0	100.0
506.7949261000001	74.0	100.0
506.8140278000001	74.0	100.0
506.8340863000001	74.0	100.0
506.8547423	74.0	100.0
506.87502740000014	74.0	100.0
506.89432869999996	74.0	100.0
506.9165337000002	74.0	100.0
506.93599270000004	74.0	100.0
506.9541320000001	74.0	100.0
506.97406739999997	74.0	100.0
506.99500609999996	74.0	100.0
507.0143697000001	74.0	100.0
507.03399579999996	74.0	100.0
507.0544502	74.0	100.0
507.07531560000007	74.0	100.0
507.09655970000017	74.0	100.0
507.1139782	74.0	100.0
507.13751060000004	74.0	100.0
507.15417990000014	74.0	100.0
507.1741413	74.0	100.0
507.19432200000006	74.0	100.0
507.2140446000001	74.0	100.0
507.2356265000001	74.0	100.0
507.2568211	74.0	100.0
507.2741959	74.0	100.0
507.29429670000013	74.0	100.0
507.31412120000005	74.0	100.0
507.3337819000001	74.0	100.0
507.3569937	74.0	100.0
507.37259990000007	74.0	100.0
507.3948963	74.0	100.0
507.416461	74.0	100.0
507.4341756000001	74.0	100.0
507.4540965000001	74.0	100.0
507.4747493	74.0	100.0
507.4943684	74.0	100.0
507.51406599999996	74.0	100.0
507.53414710000015	74.0	100.0
507.55882870000005	74.0	100.0
507.57196190000013	74.0	100.0
507.5898324	74.0	100.0
507.6091854000001	74.0	100.0
507.63125460000015	74.0	100.0
507.65009570000007	75.0	100.0
507.6737786000001	75.0	100.0
507.6923991000001	75.0	100.0
507.7131382	75.0	100.0
507.7369919	75.0	100.0
507.7549226000001	75.0	100.0
507.77622410000004	75.0	100.0
507.79563010000015	75.0	100.0
507.8153979000001	75.0	100.0
507.8349879	75.0	100.0
507.8552784000001	75.0	100.0
507.8787844000001	75.0	100.0
507.89695870000014	75.0	100.0
507.91494880000005	75.0	100.0
507.9343398000001	75.0	100.0
507.9558906	75.0	100.0
507.97523509999996	75.0	100.0
507.9956209000002	75.0	100.0
508.01563250000004	75.0	100.0
508.03624220000006	75.0	100.0
508.057581	75.0	100.0
508.07983920000015	75.0	100.0
508.0958875000001	75.0	100.0
508.11523209999996	75.0	100.0
508.13560270000016	75.0	100.0
508.15565130000005	75.0	100.0
508.1792874	75.0	100.0
508.1964075000001	75.0	100.0
508.2167889	75.0	100.0
508.2358727000001	75.0	100.0
508.25529440000014	75.0	100.0
508.2749208	75.0	100.0
508.2951651000001	75.0	100.0
508.3150334000002	75.0	100.0
508.3348575	75.0	100.0
508.3558316000001	75.0	100.0
508.3780895	75.0	100.0
508.3953504000001	75.0	100.0
508.41480049999996	75.0	100.0
508.4352635	75.0	100.0
508.4550628000002	75.0	100.0
508.47544800000014	75.0	100.0
508.4962365000001	75.0	100.0
508.51566920000005	75.0	100.0
508.53652020000004	75.0	100.0
508.55572640000014	75.0	100.0
508.5752003	75.0	100.0
508.59990200000016	75.0	100.0
508.61572880000017	75.0	100.0
508.63652530000013	75.0	100.0
508.6561370000002	75.0	100.0
508.6761437	75.0	100.0
508.70152440000015	75.0	100.0
508.71611099999996	75.0	100.0
508.7360682000001	75.0	100.0
508.7556674	75.0	100.0
508.77427290000014	75.0	100.0
508.80018210000003	75.0	100.0
508.81549310000014	75.0	100.0
508.8359783000001	75.0	100.0
508.85798539999996	75.0	100.0
508.8759345000001	75.0	100.0
508.8965962	75.0	100.0
508.91632430000004	75.0	100.0
508.9359173	75.0	100.0
508.9574369000002	75.0	100.0
508.9756725	75.0	100.0
508.9959302	75.0	100.0
509.01812510000013	75.0	100.0
509.0361766000001	75.0	100.0
509.05552050000006	75.0	100.0
509.0759366	75.0	100.0
509.0964119	75.0	100.0
509.12002240000015	75.0	100.0
509.13595210000017	75.0	100.0
509.1565456000001	75.0	100.0
509.17728080000006	75.0	100.0
509.1962298000001	75.0	100.0
509.2202218	75.0	100.0
509.2363425000001	75.0	100.0
509.2561147000001	75.0	100.0
509.2761653	75.0	100.0
509.2956554	75.0	100.0
509.3208910000001	75.0	100.0
509.3390274000001	75.0	100.0
509.3561301	75.0	100.0
509.3763159	75.0	100.0
509.39614559999995	75.0	100.0
509.4164253000001	75.0	100.0
509.4366795000001	75.0	100.0
509.4563137	75.0	100.0
509.47639720000006	75.0	100.0
509.4979993000002	75.0	100.0
509.51701520000006	75.0	100.0
509.5362044000001	75.0	100.0
509.5554592000001	75.0	100.0
509.576313	75.0	100.0
509.59634530000017	75.0	100.0
509.6165615	75.0	100.0
509.6361511	75.0	100.0
509.6587538000001	77.0	100.0
509.6767477000001	77.0	100.0
509.6967472000001	77.0	100.0
509.7168220000001	77.0	100.0
509.74034700000016	77.0	100.0
509.7567749	77.0	100.0
509.7762904000001	77.0	100.0
509.79797810000014	77.0	100.0
509.81833010000014	77.0	100.0
509.83698720000007	77.0	100.0
509.85629059999997	77.0	100.0
509.87611200000015	77.0	100.0
509.8964753	77.0	100.0
509.91622410000014	77.0	100.0
509.9367208000001	77.0	100.0
509.9578738	77.0	100.0
509.9796761	77.0	100.0
509.99756249999996	77.0	100.0
510.01669560000005	77.0	100.0
510.03698080000004	77.0	100.0
510.0567251	77.0	100.0
510.0765665000001	77.0	100.0
510.09740940000006	77.0	100.0
510.11802350000016	77.0	100.0
510.1394990000001	77.0	100.0
510.15798459999996	77.0	100.0
510.17693540000005	77.0	100.0
510.1969289000001	77.0	100.0
510.216817	77.0	100.0
510.23773589999996	77.0	100.0
510.26095269999996	77.0	100.0
510.2780553	77.0	100.0
510.2997583000001	77.0	100.0
510.31628150000006	77.0	100.0
510.3364881	77.0	100.0
510.3570257000001	77.0	100.0
510.37640950000014	77.0	100.0
510.39803159999997	77.0	100.0
510.41753770000014	77.0	100.0
510.4385421000002	77.0	100.0
510.4582488000001	77.0	100.0
510.4776028000001	77.0	100.0
510.49694339999996	77.0	100.0
510.51711980000005	77.0	100.0
510.5374081	77.0	100.0
510.5576709000002	77.0	100.0
510.57619420000015	77.0	100.0
510.5979244	77.0	100.0
510.6198961	77.0	100.0
510.6376660000001	77.0	100.0
510.65939100000014	77.0	100.0
510.6776102000001	77.0	100.0
510.69799680000006	77.0	100.0
510.71824890000016	77.0	100.0
510.73666430000003	77.0	100.0
510.75708120000013	77.0	100.0
510.78312010000013	77.0	100.0
510.7971682	77.0	100.0
510.81748070000003	77.0	100.0
510.8380644000001	77.0	100.0
510.8570439	77.0	100.0
510.87764590000006	77.0	100.0
510.89751290000004	77.0	100.0
510.92218649999995	77.0	100.0
510.94082560000015	77.0	100.0
510.9576786	77.0	100.0
510.97676479999996	77.0	100.0
510.99706400000014	77.0	100.0
511.0170230000001	77.0	100.0
511.03794089999997	77.0	100.0
511.05740319999995	77.0	100.0
511.0779972	77.0	100.0
511.10037450000004	77.0	100.0
511.1178454000001	77.0	100.0
511.1399696000001	77.0	100.0
511.15772549999997	77.0	100.0
511.176733	77.0	100.0
511.2014133	77.0	100.0
511.21844950000013	77.0	100.0
511.23903870000004	77.0	100.0
511.26045569999997	77.0	100.0
511.2778456000001	77.0	100.0
511.3014171	77.0	100.0
511.3182750000001	77.0	100.0
511.33702930000004	77.0	100.0
511.3615870000001	77.0	100.0
511.37791560000005	77.0	100.0
511.4026888000001	77.0	100.0
511.4194006	77.0	100.0
511.43848490000005	77.0	100.0
511.4581273000001	77.0	100.0
511.4780962	77.0	100.0
511.49816250000003	77.0	100.0
511.51808260000007	77.0	100.0
511.5379686000001	77.0	100.0
511.55897920000007	77.0	100.0
511.58047680000004	77.0	100.0
511.598974	77.0	100.0
511.6180618000001	77.0	100.0
511.6409421000001	77.0	100.0
511.6598227000002	76.0	100.0
511.6791352	76.0	100.0
511.69836280000004	76.0	100.0
511.7220248000001	76.0	100.0
511.74028150000004	76.0	100.0
511.75919969999995	76.0	100.0
511.77817849999997	76.0	100.0
511.7996977	76.0	100.0
511.82155750000015	76.0	100.0
511.8382452000001	76.0	100.0
511.85877010000013	76.0	100.0
511.87917560000005	76.0	100.0
511.9014273	76.0	100.0
511.9220571000001	76.0	100.0
511.93789160000006	76.0	100.0
511.95977200000016	76.0	100.0
511.9790736	76.0	100.0
511.9993674	76.0	100.0
512.0181359000001	76.0	100.0
512.0391882000001	76.0	100.0
512.0602787	76.0	100.0
512.0791456000002	76.0	100.0
512.0979229	76.0	100.0
512.1192353000001	76.0	100.0
512.1382799	76.0	100.0
512.1590181000001	76.0	100.0
512.1794295	76.0	100.0
512.1994634	76.0	100.0
512.2211414000001	76.0	100.0
512.2391328000001	76.0	100.0
512.2590199000001	76.0	100.0
512.2818497000001	76.0	100.0
512.2992841	76.0	100.0
512.3190234000001	76.0	100.0
512.3431413000001	76.0	100.0
512.3598689	76.0	100.0
512.3805737	76.0	100.0
512.3990603	76.0	100.0
512.4194507	76.0	100.0
512.4391162000002	76.0	100.0
512.4585897000002	76.0	100.0
512.4793849	76.0	100.0
512.4995794000001	76.0	100.0
512.5200799000002	76.0	100.0
512.5450524	76.0	100.0
512.5594150000002	76.0	100.0
512.5790637	76.0	100.0
512.5998111000001	76.0	100.0
512.6182327000001	76.0	100.0
512.6394372	76.0	100.0
512.6584294000002	75.0	100.0
512.6791705	75.0	100.0
512.7018467	75.0	100.0
512.7201166	75.0	100.0
512.7387847	75.0	100.0
512.7583004	75.0	100.0
512.7797242000001	75.0	100.0
512.8001363000001	75.0	100.0
512.8196350000001	75.0	100.0
512.8400778	75.0	100.0
512.8653629	75.0	100.0
512.8800775	75.0	100.0
512.898152	75.0	100.0
512.919224	75.0	100.0
512.9403947000001	75.0	100.0
512.9633829000002	75.0	100.0
512.9794372000001	75.0	100.0
513.0005145	75.0	100.0
513.0209934000002	75.0	100.0
513.0407759	75.0	100.0
513.0596633	75.0	100.0
513.0799909	75.0	100.0
513.1009195000001	75.0	100.0
513.1200292000001	75.0	100.0
513.1397732	75.0	100.0
513.1605243000001	75.0	100.0
513.1819153000001	75.0	100.0
513.1998765000001	75.0	100.0
513.2200115	75.0	100.0
513.2398058000001	75.0	100.0
513.2592542	75.0	100.0
513.2797813	75.0	100.0
513.3002492	75.0	100.0
513.3211100000001	75.0	100.0
513.3453597	75.0	100.0
513.3603297	75.0	100.0
513.3835649	75.0	100.0
513.4008134000001	75.0	100.0
513.4197372000001	75.0	100.0
513.4402915000001	75.0	100.0
513.4605961	75.0	100.0
513.4810071000002	75.0	100.0
513.5034063	75.0	100.0
513.5206275	75.0	100.0
513.5403765000001	75.0	100.0
513.5596222000001	75.0	100.0
513.5838392	75.0	100.0
513.6002761	75.0	100.0
513.6205876000001	75.0	100.0
513.6409058000002	75.0	100.0
513.6620427	75.0	100.0
513.6806509	75.0	100.0
513.7004776000001	75.0	100.0
513.7203656000002	75.0	100.0
513.7405339000002	75.0	100.0
513.7600897	75.0	100.0
513.7801088000001	75.0	100.0
513.8020706	75.0	100.0
513.8235194000001	75.0	100.0
513.8406254000001	75.0	100.0
513.8590293	75.0	100.0
513.8801136	75.0	100.0
513.9008434	75.0	100.0
513.9207579000001	75.0	100.0
513.9407513000001	75.0	100.0
513.9619501	75.0	100.0
513.9833680000002	75.0	100.0
514.0013184000002	75.0	100.0
514.0225768	75.0	100.0
514.0396179000002	75.0	100.0
514.0604627	75.0	100.0
514.0808089	75.0	100.0
514.1048193000001	75.0	100.0
514.1222603000001	75.0	100.0
514.1432183000002	75.0	100.0
514.1603305000001	75.0	100.0
514.1805328	75.0	100.0
514.201448	75.0	100.0
514.2199881000001	75.0	100.0
514.2403850000001	75.0	100.0
514.2609037	75.0	100.0
514.2814918000001	75.0	100.0
514.3022476000001	75.0	100.0
514.3222597000001	75.0	100.0
514.3405341	75.0	100.0
514.3907345	75.0	100.0
514.39077	75.0	100.0
514.4022582	75.0	100.0
514.4202239000001	75.0	100.0
514.471947	75.0	100.0
514.4719652000001	75.0	100.0
514.4819151000002	75.0	100.0
514.5015866000001	75.0	100.0
514.5248506	75.0	100.0
514.5755655	75.0	100.0
514.5755853000001	75.0	100.0
514.5810053	75.0	100.0
514.6012426	75.0	100.0
514.6280019000001	75.0	100.0
514.6432675000001	75.0	100.0
514.6767536	75.0	100.0
514.6820648	75.0	100.0
514.7019101000001	75.0	100.0
514.7219898000001	75.0	100.0
514.7417292	75.0	100.0
514.7798245000001	75.0	100.0
514.7846736000001	75.0	100.0
514.8021310000001	75.0	100.0
514.8219735	75.0	100.0
514.8423851	75.0	100.0
514.8852645000002	75.0	100.0
514.8852890000001	75.0	100.0
514.9017598	75.0	100.0
514.9222255	75.0	100.0
514.9447562	75.0	100.0
514.9849376	75.0	100.0
514.9849709	75.0	100.0
515.0022415000001	75.0	100.0
515.0215863000001	75.0	100.0
515.0472228000001	75.0	100.0
515.0659350000001	75.0	100.0
515.0819692	75.0	100.0
515.1044635000001	75.0	100.0
515.1217590000001	75.0	100.0
515.1454961000002	75.0	100.0
515.3373947	75.0	100.0
515.337415	75.0	100.0
515.3374237	75.0	100.0
515.3374312000001	75.0	100.0
515.3374388	75.0	100.0
515.3378589000001	75.0	100.0
515.3378764000001	75.0	100.0
515.3378850000001	75.0	100.0
515.3379033000001	75.0	100.0
515.3418242	75.0	100.0
515.3626498000001	75.0	100.0
515.4063842	75.0	100.0
515.4064035000001	75.0	100.0
515.4240691	75.0	100.0
515.4423827	75.0	100.0
515.4630371000001	75.0	100.0
515.6464991	75.0	100.0
515.6465331000002	75.0	100.0
515.6465507	75.0	100.0
515.6465697000001	75.0	100.0
515.6466501	75.0	100.0
515.6466773	75.0	100.0
515.6467046	75.0	100.0
515.6467254000002	75.0	100.0
515.6467442000001	75.0	100.0
515.6647818000001	77.0	100.0
515.6828259000001	77.0	100.0
515.7018921000001	77.0	100.0
515.7220014	77.0	100.0
515.7443500000002	77.0	100.0
515.7638495000001	77.0	100.0
515.9546537000001	77.0	100.0
515.9546745	77.0	100.0
515.9546831	77.0	100.0
515.9546904000001	77.0	100.0
515.9546974	77.0	100.0
515.9547046	77.0	100.0
515.9547117	77.0	100.0
515.9547189	77.0	100.0
515.9547257000002	77.0	100.0
515.9624328	77.0	100.0
516.0171067000001	77.0	100.0
516.0171258	77.0	100.0
516.0219194000001	77.0	100.0
516.0432461	77.0	100.0
516.0647377	77.0	100.0
516.2592714	77.0	100.0
516.2593085000001	77.0	100.0
516.2593279	77.0	100.0
516.259352	77.0	100.0
516.2593938	77.0	100.0
516.2601231000001	77.0	100.0
516.2601531	77.0	100.0
516.2601769	77.0	100.0
516.2602026	77.0	100.0
516.2622875	77.0	100.0
516.2823628000001	77.0	100.0
516.3045909	77.0	100.0
516.3186469	77.0	100.0
516.3701759	77.0	100.0
516.3702000000001	77.0	100.0
516.381421	77.0	100.0
516.5092793000001	77.0	100.0
516.5093132000002	77.0	100.0
516.5093345	77.0	100.0
516.5093578000001	77.0	100.0
516.5094009000002	77.0	100.0
516.5094281000002	77.0	100.0
516.5221935	77.0	100.0
516.5431512	77.0	100.0
516.5607221	77.0	100.0
516.5831104000001	77.0	100.0
516.7713789000002	77.0	100.0
516.7714139	77.0	100.0
516.7714330000001	77.0	100.0
516.7714577000002	77.0	100.0
516.7714746000001	77.0	100.0
516.7720115	77.0	100.0
516.7720262	77.0	100.0
516.7720356	77.0	100.0
516.7720458000001	77.0	100.0
516.7837725000002	77.0	100.0
516.8046038	77.0	100.0
516.8235915	77.0	100.0
516.8807335000001	77.0	100.0
516.8807543	77.0	100.0
516.8825927	77.0	100.0
516.9047166	77.0	100.0
517.0214257	77.0	100.0
517.0214456000001	77.0	100.0
517.0214542000001	77.0	100.0
517.0214618	77.0	100.0
517.0214693	77.0	100.0
517.0277177	77.0	100.0
517.0456484000001	77.0	100.0
517.0616681000001	77.0	100.0
517.0831621	77.0	100.0
517.1144423000001	77.0	100.0
517.1280255000001	77.0	100.0
517.1434811000001	77.0	100.0
517.1640789	77.0	100.0
517.1854739	77.0	100.0
517.2049383000001	77.0	100.0
517.386152	77.0	100.0
517.3861866	77.0	100.0
517.3862072000002	77.0	100.0
517.3862267000002	77.0	100.0
517.3862470000001	77.0	100.0
517.3862630000001	77.0	100.0
517.3862788000001	77.0	100.0
517.3862949000002	77.0	100.0
517.3863104	77.0	100.0
517.4035323	77.0	100.0
517.4241337000001	77.0	100.0
517.4443653000001	77.0	100.0
517.4952505000001	77.0	100.0
517.4952684	77.0	100.0
517.5068647	77.0	100.0
517.6356468000001	77.0	100.0
517.6356812000001	77.0	100.0
517.6356987000001	77.0	100.0
517.6357187000001	77.0	100.0
517.6357407	77.0	100.0
517.635757	77.0	100.0
517.6465409	77.0	100.0
517.6671265	78.0	100.0
517.6841796000001	78.0	100.0
517.7041997000001	78.0	100.0
517.7571412	78.0	100.0
517.7571746000001	78.0	100.0
517.7645258	78.0	100.0
517.7844328000001	78.0	100.0
517.8061063	78.0	100.0
517.8439453000001	78.0	100.0
517.8452554	78.0	100.0
517.8648291000002	78.0	100.0
517.8870080000002	78.0	100.0
517.9033937000002	78.0	100.0
517.924381	78.0	100.0
517.9440351000001	78.0	100.0
517.9675122000001	78.0	100.0
517.987642	78.0	100.0
518.0043597000001	78.0	100.0
518.0244655000001	78.0	100.0
518.0449558	78.0	100.0
518.0642959000002	78.0	100.0
518.0847135000001	78.0	100.0
518.1053259	78.0	100.0
518.1261023	78.0	100.0
518.1473996	78.0	100.0
518.1659955	78.0	100.0
518.1840612000001	78.0	100.0
518.2057794	78.0	100.0
518.2255163	78.0	100.0
518.2456473	78.0	100.0
518.2689673	78.0	100.0
518.2860094	78.0	100.0
518.3082004	78.0	100.0
518.3262954000002	78.0	100.0
518.3458972000001	78.0	100.0
518.3691521000001	78.0	100.0
518.3829951	78.0	100.0
518.4050273	78.0	100.0
518.4257024000001	78.0	100.0
518.4459582000002	78.0	100.0
518.4678769	78.0	100.0
518.4849000000002	78.0	100.0
518.5060639000001	78.0	100.0
518.5254474000001	78.0	100.0
518.5448293000002	78.0	100.0
518.5651433	78.0	100.0
518.5856591000002	78.0	100.0
518.6071871000001	78.0	100.0
518.6280212000001	78.0	100.0
518.6477419	78.0	100.0
518.6663759	77.0	100.0
518.6859013000001	77.0	100.0
518.7059314	77.0	100.0
518.7259985000001	77.0	100.0
518.7460286	77.0	100.0
518.7671812000001	77.0	100.0
518.7876452	77.0	100.0
518.8059882	77.0	100.0
518.8252164	77.0	100.0
518.8467427	77.0	100.0
518.8659357000001	77.0	100.0
518.8902054	77.0	100.0
518.9061624000001	77.0	100.0
518.926798	77.0	100.0
518.9489136	77.0	100.0
518.9659017000001	77.0	100.0
518.9867851000001	77.0	100.0
519.0074997000002	77.0	100.0
519.0259523	77.0	100.0
519.0460709000001	77.0	100.0
519.0669296000001	77.0	100.0
519.0865829000002	77.0	100.0
519.1079124	77.0	100.0
519.1268357000001	77.0	100.0
519.1459556	77.0	100.0
519.1661501000001	77.0	100.0
519.1858943	77.0	100.0
519.2063649000002	77.0	100.0
519.2263036000002	77.0	100.0
519.2471393000001	77.0	100.0
519.2679843000001	77.0	100.0
519.2867100000001	77.0	100.0
519.3103179	77.0	100.0
519.3268270000001	77.0	100.0
519.347233	77.0	100.0
519.3670774	77.0	100.0
519.3862198000002	77.0	100.0
519.4109840000001	77.0	100.0
519.4276388000001	77.0	100.0
519.4468265	77.0	100.0
519.4674582	77.0	100.0
519.4874676000002	77.0	100.0
519.5071287000001	77.0	100.0
519.5275405	77.0	100.0
519.5470809000001	77.0	100.0
519.5678337000002	77.0	100.0
519.5896049	77.0	100.0
519.6080891000001	77.0	100.0
519.6272147	77.0	100.0
519.6482171	77.0	100.0
519.6680213	77.0	100.0
519.6873393000001	77.0	100.0
519.7075841000001	77.0	100.0
519.7282427	77.0	100.0
519.7477098000002	77.0	100.0
519.7671852000001	77.0	100.0
519.7875216	77.0	100.0
519.8079358	77.0	100.0
519.8311531000002	77.0	100.0
519.8473701	77.0	100.0
519.8666103	77.0	100.0
519.8876879000002	77.0	100.0
519.9097232000001	77.0	100.0
519.9308229000001	77.0	100.0
519.9472965	77.0	100.0
519.967958	77.0	100.0
519.9871698000002	77.0	100.0
520.0076866000002	77.0	100.0
520.0282309000002	77.0	100.0
520.048037	77.0	100.0
520.0685788000001	77.0	100.0
520.0878796000002	77.0	100.0
520.1069276000001	77.0	100.0
520.1269539	77.0	100.0
520.1475148	77.0	100.0
520.1673133000002	77.0	100.0
520.1869734000002	77.0	100.0
520.2087349000001	77.0	100.0
520.2298017	77.0	100.0
520.2479857000001	77.0	100.0
520.2688272	77.0	100.0
520.2876405000002	77.0	100.0
520.3076563	77.0	100.0
520.3272431	77.0	100.0
520.3511967000002	77.0	100.0
520.3710866000001	77.0	100.0
520.3896779000002	77.0	100.0
520.4079024	77.0	100.0
520.4271836	77.0	100.0
520.4519632000001	77.0	100.0
520.4681023	77.0	100.0
520.4877743	77.0	100.0
520.5079819	77.0	100.0
520.5280828	77.0	100.0
520.5535090000001	77.0	100.0
520.5690743	77.0	100.0
520.5874168	77.0	100.0
520.6079726	77.0	100.0
520.6278973000001	77.0	100.0
520.6480671000002	77.0	100.0
520.6676309000002	77.0	100.0
520.6885053000001	77.0	100.0
520.7096829	77.0	100.0
520.7281315	77.0	100.0
520.7474836000001	77.0	100.0
520.768268	77.0	100.0
520.7882291000001	77.0	100.0
520.8084247000002	77.0	100.0
520.8277515	77.0	100.0
520.8476626000001	77.0	100.0
520.8736216	77.0	100.0
520.8883397	77.0	100.0
520.9079083000001	77.0	100.0
520.9280505000002	77.0	100.0
520.9480023000001	77.0	100.0
520.9729542	77.0	100.0
520.9876062000001	77.0	100.0
521.0086259	77.0	100.0
521.0301824000001	77.0	100.0
521.0485415	77.0	100.0
521.0680090000001	77.0	100.0
521.0885664	77.0	100.0
521.1081106000001	77.0	100.0
521.1275677000001	77.0	100.0
521.1474662	77.0	100.0
521.1686072	77.0	100.0
521.1909367000001	77.0	100.0
521.2074331000001	77.0	100.0
521.2274670000002	77.0	100.0
521.2481631	77.0	100.0
521.2680079000002	77.0	100.0
521.2883854000002	77.0	100.0
521.3083641000001	77.0	100.0
521.3278892000001	77.0	100.0
521.3498641000001	77.0	100.0
521.3677681000001	77.0	100.0
521.3925706	77.0	100.0
521.4082398	77.0	100.0
521.4279664000001	77.0	100.0
521.4483303000002	77.0	100.0
521.4688179	77.0	100.0
521.4886884	77.0	100.0
521.5117657000001	77.0	100.0
521.5282919000001	77.0	100.0
521.5486428000002	77.0	100.0
521.5682477	77.0	100.0
521.5927538000001	77.0	100.0
521.6089398000001	77.0	100.0
521.6279657	77.0	100.0
521.6500115000001	77.0	100.0
521.6713963	78.0	100.0
521.6882216000001	78.0	100.0
521.7096453000001	78.0	100.0
521.7285945000001	78.0	100.0
521.7486726	78.0	100.0
521.7686219	78.0	100.0
521.7884956	78.0	100.0
521.8106973000001	78.0	100.0
521.8300084	78.0	100.0
521.8439217	78.0	100.0
521.8613667	78.0	100.0
521.8815301	78.0	100.0
521.9084703000001	78.0	100.0
521.926158	78.0	100.0
521.9463711000001	78.0	100.0
521.9692378	78.0	100.0
521.9899184000001	78.0	100.0
522.0095740000002	78.0	100.0
522.0293377	78.0	100.0
522.0491030000001	78.0	100.0
522.0690685	78.0	100.0
522.08933	78.0	100.0
522.1119946000001	78.0	100.0
522.130052	78.0	100.0
522.1517780000001	78.0	100.0
522.1700359000001	78.0	100.0
522.1896909	78.0	100.0
522.2097635	78.0	100.0
522.2296773	78.0	100.0
522.2494544000001	78.0	100.0
522.2689706000001	78.0	100.0
522.2898838000001	78.0	100.0
522.311768	78.0	100.0
522.3297862000002	78.0	100.0
522.3502732000002	78.0	100.0
522.3698643	78.0	100.0
522.3883966000001	78.0	100.0
522.4097980000001	78.0	100.0
522.4291176000002	78.0	100.0
522.4508159000002	78.0	100.0
522.4713028000001	78.0	100.0
522.4903392000001	78.0	100.0
522.5100389000002	78.0	100.0
522.5331416000001	78.0	100.0
522.550011	78.0	100.0
522.5698394000001	78.0	100.0
522.5897272	78.0	100.0
522.6115757	78.0	100.0
522.6355933	78.0	100.0
522.6516098	78.0	100.0
522.6701624	79.0	100.0
522.6899627	79.0	100.0
522.7100937	79.0	100.0
522.7307029000001	79.0	100.0
522.7486712	79.0	100.0
522.7702942000001	79.0	100.0
522.792416	79.0	100.0
522.8104635	79.0	100.0
522.8287997	79.0	100.0
522.8503219000002	79.0	100.0
522.8697609000001	79.0	100.0
522.8898786	79.0	100.0
522.9099531000002	79.0	100.0
522.9314428	79.0	100.0
522.9515852	79.0	100.0
522.9703234000001	79.0	100.0
522.9900461	79.0	100.0
523.0107085	79.0	100.0
523.0302023000002	79.0	100.0
523.0542647	79.0	100.0
523.070277	79.0	100.0
523.0908707000001	79.0	100.0
523.1129604	79.0	100.0
523.1318157000001	79.0	100.0
523.1521982000002	79.0	100.0
523.1718714000001	79.0	100.0
523.1898991	79.0	100.0
523.2113181	79.0	100.0
523.2313175000002	79.0	100.0
523.25217	79.0	100.0
523.2720786	79.0	100.0
523.2912526	79.0	100.0
523.3116639	79.0	100.0
523.331357	79.0	100.0
523.3513759	79.0	100.0
523.3707783	79.0	100.0
523.3916340000001	79.0	100.0
523.4122492000001	79.0	100.0
523.4324028000001	79.0	100.0
523.4513933000001	79.0	100.0
523.4699365000001	79.0	100.0
523.4899157	79.0	100.0
523.5113035000002	79.0	100.0
523.5312027	79.0	100.0
523.5503270000002	79.0	100.0
523.571882	79.0	100.0
523.5918172000002	79.0	100.0
523.6117954000001	79.0	100.0
523.6313440000001	79.0	100.0
523.6518507000001	79.0	100.0
523.6742392000001	78.0	100.0
523.6920552000001	78.0	100.0
523.7119011	78.0	100.0
523.7322429000001	78.0	100.0
523.7525871	78.0	100.0
523.7710403000001	78.0	100.0
523.7912047	78.0	100.0
523.8121551000002	78.0	100.0
523.8325671	78.0	100.0
523.8529678	78.0	100.0
523.8720477000002	78.0	100.0
523.8920678000002	78.0	100.0
523.91211	78.0	100.0
523.9319698000002	78.0	100.0
523.9518843000001	78.0	100.0
523.9735918000001	78.0	100.0
523.9914584	78.0	100.0
524.0120005000001	78.0	100.0
524.0318145000001	78.0	100.0
524.0520915	78.0	100.0
524.0734212	78.0	100.0
524.0956000000001	78.0	100.0
524.1118821	78.0	100.0
524.1318762000001	78.0	100.0
524.1499473000001	78.0	100.0
524.1718583000002	78.0	100.0
524.1918618	78.0	100.0
524.2119264	78.0	100.0
524.2335658000002	78.0	100.0
524.2513495000001	78.0	100.0
524.2720558000001	78.0	100.0
524.2920507000001	78.0	100.0
524.3112186000001	78.0	100.0
524.3317849	78.0	100.0
524.3557624	78.0	100.0
524.3723756000002	78.0	100.0
524.3941839000001	78.0	100.0
524.4124621000001	78.0	100.0
524.4312216000001	78.0	100.0
524.4519583000001	78.0	100.0
524.4717295	78.0	100.0
524.4932093	78.0	100.0
524.5118408000001	78.0	100.0
524.5316437000001	78.0	100.0
524.5534524	78.0	100.0
524.5716793000001	78.0	100.0
524.5922891	78.0	100.0
524.612026	78.0	100.0
524.6321183	78.0	100.0
524.6527913	78.0	100.0
524.6719843000001	79.0	100.0
524.6923918	79.0	100.0
524.7181782	79.0	100.0
524.7316626000002	79.0	100.0
524.7520318000002	79.0	100.0
524.7744154	79.0	100.0
524.7925755000001	79.0	100.0
524.8161605	79.0	100.0
524.8323283	79.0	100.0
524.8525622	79.0	100.0
524.8740258	79.0	100.0
524.8927768000001	79.0	100.0
524.9123296	79.0	100.0
524.9319851	79.0	100.0
524.9519025	79.0	100.0
524.9722942000001	79.0	100.0
524.9915091	79.0	100.0
525.0140161000002	79.0	100.0
525.0363268000001	79.0	100.0
525.0522638	79.0	100.0
525.0722935000001	79.0	100.0
525.0922677000001	79.0	100.0
525.1122745	79.0	100.0
525.1368519	79.0	100.0
525.1523442	79.0	100.0
525.1733875	79.0	100.0
525.194043	79.0	100.0
525.2129873000001	79.0	100.0
525.2329567000002	79.0	100.0
525.2529647000001	79.0	100.0
525.2723908	79.0	100.0
525.2928561000001	79.0	100.0
525.3134733000002	79.0	100.0
525.3340852000001	79.0	100.0
525.3556093	79.0	100.0
525.3727331	79.0	100.0
525.3917869000002	79.0	100.0
525.4123360000001	79.0	100.0
525.4329317000002	79.0	100.0
525.4526031	79.0	100.0
525.4726769000001	79.0	100.0
525.4933664	79.0	100.0
525.515292	79.0	100.0
525.5327889	79.0	100.0
525.5522406	79.0	100.0
525.5720252000001	79.0	100.0
525.5935797	79.0	100.0
525.6142313	79.0	100.0
525.6332326000002	79.0	100.0
525.6540823	79.0	100.0
525.675465	79.0	100.0
525.6933980000001	79.0	100.0
525.7130340000001	79.0	100.0
525.7332011000001	79.0	100.0
525.7536599	79.0	100.0
525.7734321	79.0	100.0
525.7940173000002	79.0	100.0
525.8140177	79.0	100.0
525.8351352	79.0	100.0
525.8576179000002	79.0	100.0
525.8731385000001	79.0	100.0
525.8935333000002	79.0	100.0
525.9139476	79.0	100.0
525.9339004000001	79.0	100.0
525.9529882000002	79.0	100.0
525.9738554	79.0	100.0
525.9960627	79.0	100.0
526.0143869000001	79.0	100.0
526.0339280000001	79.0	100.0
526.0539605000001	79.0	100.0
526.0736315000001	79.0	100.0
526.0929271	79.0	100.0
526.1130899	79.0	100.0
526.1339754	79.0	100.0
526.1554063000001	79.0	100.0
526.1748538000002	79.0	100.0
526.1942505	79.0	100.0
526.215706	79.0	100.0
526.2338955	79.0	100.0
526.2538610000001	79.0	100.0
526.2769709000002	79.0	100.0
526.2939464000001	79.0	100.0
526.3162609000001	79.0	100.0
526.3339496000001	79.0	100.0
526.3540066	79.0	100.0
526.3773596000001	79.0	100.0
526.3939839	79.0	100.0
526.4139816000002	79.0	100.0
526.4335651000001	79.0	100.0
526.4551866000002	79.0	100.0
526.475754	79.0	100.0
526.493905	79.0	100.0
526.5151746000001	79.0	100.0
526.5341083000001	79.0	100.0
526.5537121	79.0	100.0
526.5728172000001	79.0	100.0
526.590596	79.0	100.0
526.6148578	79.0	100.0
526.6366003	79.0	100.0
526.6557070000001	79.0	100.0
526.6741965000001	80.0	100.0
526.6939331000001	80.0	100.0
526.7142624	80.0	100.0
526.7341911000001	80.0	100.0
526.7554102000001	80.0	100.0
526.7755456	80.0	100.0
526.7966195000001	80.0	100.0
526.8153789	80.0	100.0
526.8349473000001	80.0	100.0
526.8546274	80.0	100.0
526.8738187000001	80.0	100.0
526.8949871	80.0	100.0
526.9126896	80.0	100.0
526.9355767	80.0	100.0
526.9564875000001	80.0	100.0
526.9761889000001	80.0	100.0
526.9939175000002	80.0	100.0
527.0139036	80.0	100.0
527.0340421000001	80.0	100.0
527.0541413000001	80.0	100.0
527.0750582000001	80.0	100.0
527.0955542000002	80.0	100.0
527.1160745	80.0	100.0
527.1358763000001	80.0	100.0
527.1545758	80.0	100.0
527.1744923000001	80.0	100.0
527.1943394	80.0	100.0
527.2148247	80.0	100.0
527.2346123	80.0	100.0
527.254921	80.0	100.0
527.2766788000001	80.0	100.0
527.2955212000002	80.0	100.0
527.3187939000002	80.0	100.0
527.3345594	80.0	100.0
527.3590949000002	80.0	100.0
527.3754370000001	80.0	100.0
527.3941572000001	80.0	100.0
527.4199896	80.0	100.0
527.4368003	80.0	100.0
527.4556654	80.0	100.0
527.4748596000002	80.0	100.0
527.4945729000001	80.0	100.0
527.5161262000001	80.0	100.0
527.5364716000001	80.0	100.0
527.5554531	80.0	100.0
527.5750560000001	80.0	100.0
527.597589	80.0	100.0
527.6161282	80.0	100.0
527.6367911	80.0	100.0
527.6567271000001	80.0	100.0
527.6759895	83.0	100.0
527.6953517000002	83.0	100.0
527.7151413000001	83.0	100.0
527.7367229000001	83.0	100.0
527.7571367	83.0	100.0
527.7761577000001	83.0	100.0
527.7945186000002	83.0	100.0
527.8163385	83.0	100.0
527.8394391000002	83.0	100.0
527.8561144	83.0	100.0
527.8755328	83.0	100.0
527.8959455000002	83.0	100.0
527.9186121	83.0	100.0
527.9388054000001	83.0	100.0
527.9554461	83.0	100.0
527.9757077000002	83.0	100.0
527.9951858000002	83.0	100.0
528.0155538000001	83.0	100.0
528.0362926	83.0	100.0
528.0562061	83.0	100.0
528.0778911	83.0	100.0
528.0963541000001	83.0	100.0
528.1163969000002	83.0	100.0
528.1357282000001	83.0	100.0
528.1559196000001	83.0	100.0
528.1759929	83.0	100.0
528.1961474	83.0	100.0
528.2164402000001	83.0	100.0
528.2384287	83.0	100.0
528.2563461	83.0	100.0
528.2759112000001	83.0	100.0
528.2954443000001	83.0	100.0
528.3153400000001	83.0	100.0
528.3361514000001	83.0	100.0
528.359553	83.0	100.0
528.3765377	83.0	100.0
528.3968730000001	83.0	100.0
528.4159701000001	83.0	100.0
528.4360252000001	83.0	100.0
528.4607204000001	83.0	100.0
528.4764541	83.0	100.0
528.4962030000002	83.0	100.0
528.5161304000001	83.0	100.0
528.5362526000001	83.0	100.0
528.563191	83.0	100.0
528.5759478	83.0	100.0
528.5962572000001	83.0	100.0
528.6163918	83.0	100.0
528.6355472	83.0	100.0
528.6564895000001	83.0	100.0
528.6758610000002	85.0	100.0
528.6968657	85.0	100.0
528.7188016	85.0	100.0
528.7361981000001	85.0	100.0
528.7561150000001	85.0	100.0
528.7764743	85.0	100.0
528.7958241000001	85.0	100.0
528.8171963	85.0	100.0
528.8362503000001	85.0	100.0
528.8576425000001	85.0	100.0
528.8792053	85.0	100.0
528.8961724000001	85.0	100.0
528.9165367	85.0	100.0
528.9360987	85.0	100.0
528.9562435	85.0	100.0
528.9806080000001	85.0	100.0
528.9963603000001	85.0	100.0
529.0179773	85.0	100.0
529.0388215	85.0	100.0
529.0565201000002	85.0	100.0
529.0801786	85.0	100.0
529.0968024000001	85.0	100.0
529.1163529	85.0	100.0
529.1361141	85.0	100.0
529.1560421000001	85.0	100.0
529.1776319	85.0	100.0
529.1999039	85.0	100.0
529.2186028000001	85.0	100.0
529.2368779000001	85.0	100.0
529.2573217000001	85.0	100.0
529.2772835000001	85.0	100.0
529.2963118	85.0	100.0
529.3165398000001	85.0	100.0
529.3365733	85.0	100.0
529.3572810000001	85.0	100.0
529.3757368000001	85.0	100.0
529.3946953	85.0	100.0
529.4130497000001	85.0	100.0
529.4351054000001	85.0	100.0
529.4523277000001	85.0	100.0
529.4773059000001	85.0	100.0
529.4989687	85.0	100.0
529.5199074	85.0	100.0
529.5369302000001	85.0	100.0
529.5565307000002	85.0	100.0
529.5776525000001	85.0	100.0
529.6006428000001	85.0	100.0
529.6180716000001	85.0	100.0
529.6365322000001	85.0	100.0
529.6585513	85.0	100.0
529.6794596	85.0	100.0
529.6980048	85.0	100.0
529.7175355000002	85.0	100.0
529.73756	85.0	100.0
529.7578407000001	85.0	100.0
529.7776813	85.0	100.0
529.7978757000001	85.0	100.0
529.8188312	85.0	100.0
529.8396929	85.0	100.0
529.8579677	85.0	100.0
529.8775270000001	85.0	100.0
529.8977951000002	85.0	100.0
529.9175758000001	85.0	100.0
529.9372772000002	85.0	100.0
529.9574414000001	85.0	100.0
529.980139	85.0	100.0
530.0001628	85.0	100.0
530.02127	85.0	100.0
530.0374842000001	85.0	100.0
530.0579688	85.0	100.0
530.0780123	85.0	100.0
530.0991422	85.0	100.0
530.1214393	85.0	100.0
530.1390863000001	85.0	100.0
530.160251	85.0	100.0
530.1773512	85.0	100.0
530.1970991000001	85.0	100.0
530.2191326	85.0	100.0
530.2379202	85.0	100.0
530.2578244000001	85.0	100.0
530.277857	85.0	100.0
530.2984671000002	85.0	100.0
530.3193862	85.0	100.0
530.3377162000002	85.0	100.0
530.3568588	85.0	100.0
530.3776176000001	85.0	100.0
530.3992113000002	85.0	100.0
530.4182977	85.0	100.0
530.4412562	85.0	100.0
530.4592803	85.0	100.0
530.4806217	85.0	100.0
530.4980758000002	85.0	100.0
530.5177841	85.0	100.0
530.5417234000001	85.0	100.0
530.5587330000001	85.0	100.0
530.5778809000001	85.0	100.0
530.5979046	85.0	100.0
530.6195313000001	85.0	100.0
530.6439055000001	85.0	100.0
530.6601749000001	85.0	100.0
530.6781517000002	85.0	100.0
530.6982325000001	85.0	100.0
530.7189448000001	85.0	100.0
530.7387342	85.0	100.0
530.7588654000001	85.0	100.0
530.7790233000001	85.0	100.0
530.8000510000002	85.0	100.0
530.8190223000001	85.0	100.0
530.8382267000002	85.0	100.0
530.858299	85.0	100.0
530.8764931000001	85.0	100.0
530.8996072	85.0	100.0
530.9184896000002	85.0	100.0
530.9390130000002	85.0	100.0
530.9605048000001	85.0	100.0
530.9790170000001	85.0	100.0
530.9977951000001	85.0	100.0
531.0208842	85.0	100.0
531.0391001	85.0	100.0
531.0630428000002	85.0	100.0
531.0791667000001	85.0	100.0
531.0995202000001	85.0	100.0
531.1231766000001	85.0	100.0
531.1397126000002	85.0	100.0
531.1628928	85.0	100.0
531.1797496000002	85.0	100.0
531.1995505	85.0	100.0
531.2197992000001	85.0	100.0
531.2391178	85.0	100.0
531.2640082	85.0	100.0
531.2811442	85.0	100.0
531.2999557	85.0	100.0
531.3205356000001	85.0	100.0
531.3393094	85.0	100.0
531.3628444000001	85.0	100.0
531.3799561000001	85.0	100.0
531.3996438000001	85.0	100.0
531.4198495	85.0	100.0
531.4416858	85.0	100.0
531.4597996	85.0	100.0
531.4780926000001	85.0	100.0
531.4980504	85.0	100.0
531.5191693000002	85.0	100.0
531.5400049	85.0	100.0
531.5596526000002	85.0	100.0
531.5804828	85.0	100.0
531.6002107000002	85.0	100.0
531.6204571000001	85.0	100.0
531.6393296000001	85.0	100.0
531.6606174000001	85.0	100.0
531.6835744	84.0	100.0
531.7000218000001	84.0	100.0
531.7195839000001	84.0	100.0
531.7399709000001	84.0	100.0
531.7622574	84.0	100.0
531.7802126000001	84.0	100.0
531.800389	84.0	100.0
531.8194156	84.0	100.0
531.8399856000001	84.0	100.0
531.8599156	84.0	100.0
531.8796285000001	84.0	100.0
531.9002187000001	84.0	100.0
531.9221586000001	84.0	100.0
531.9423288	84.0	100.0
531.9593485	84.0	100.0
531.9801134000002	84.0	100.0
531.9999813000002	84.0	100.0
532.0208274000001	84.0	100.0
532.0405329	84.0	100.0
532.0615781000001	84.0	100.0
532.0821399000001	84.0	100.0
532.1002648000001	84.0	100.0
532.1193929000001	84.0	100.0
532.1400374	84.0	100.0
532.1600561	84.0	100.0
532.1800642000001	84.0	100.0
532.2035579000001	84.0	100.0
532.2206407000001	84.0	100.0
532.2352597000001	84.0	100.0
532.2574261	84.0	100.0
532.2714282000002	84.0	100.0
532.2918045000001	84.0	100.0
532.3120108	84.0	100.0
532.3361847000001	84.0	100.0
532.3584940000001	84.0	100.0
532.3786847000001	84.0	100.0
532.4021620000001	84.0	100.0
532.4207610000001	84.0	100.0
532.440724	84.0	100.0
532.4603816000001	84.0	100.0
532.4803813000001	84.0	100.0
532.5002099000001	84.0	100.0
532.5240551000002	84.0	100.0
532.5407468000001	84.0	100.0
532.5613025	84.0	100.0
532.5801599000001	84.0	100.0
532.5995935000001	84.0	100.0
532.6242633000002	84.0	100.0
532.6402910000002	84.0	100.0
532.6625377	84.0	100.0
532.6798789000002	84.0	100.0
532.7015064	84.0	100.0
532.7265581000001	84.0	100.0
532.7403222	84.0	100.0
532.7617202000001	84.0	100.0
532.7805919	84.0	100.0
532.8000782000001	84.0	100.0
532.8248529	84.0	100.0
532.8402410000001	84.0	100.0
532.8612819	84.0	100.0
532.8820104000001	84.0	100.0
532.9001392	84.0	100.0
532.922431	84.0	100.0
532.9406389000001	84.0	100.0
532.9604452000001	84.0	100.0
532.9819668	84.0	100.0
533.0008388000001	84.0	100.0
533.0213495	84.0	100.0
533.0433309	84.0	100.0
533.0616162000001	84.0	100.0
533.0806479	84.0	100.0
533.0996866	84.0	100.0
533.1200797000001	84.0	100.0
533.1438685	84.0	100.0
533.1607739000001	84.0	100.0
533.1819888	84.0	100.0
533.2030718000001	84.0	100.0
533.2206999	84.0	100.0
533.2448919000001	84.0	100.0
533.2612882000001	84.0	100.0
533.2803184000002	84.0	100.0
533.3004951	84.0	100.0
533.3213003000001	84.0	100.0
533.3503006000001	84.0	100.0
533.3643801000001	84.0	100.0
533.3806591	84.0	100.0
533.4002401	84.0	100.0
533.4207630000001	84.0	100.0
533.4415137000001	84.0	100.0
533.4608990000002	84.0	100.0
533.4808718000002	84.0	100.0
533.5017137	84.0	100.0
533.523367	84.0	100.0
533.5411796000001	84.0	100.0
533.5646225	84.0	100.0
533.5809608	84.0	100.0
533.6013107000001	84.0	100.0
533.6216996	84.0	100.0
533.6409181000001	84.0	100.0
533.6666385000001	84.0	100.0
533.6842706	85.0	100.0
533.7016027	85.0	100.0
533.7216524	85.0	100.0
533.7407070000002	85.0	100.0
533.7648147	85.0	100.0
533.7814598	85.0	100.0
533.8015045	85.0	100.0
533.821956	85.0	100.0
533.8437987	85.0	100.0
533.8651037	85.0	100.0
533.8813404	85.0	100.0
533.9013542	85.0	100.0
533.9217399000001	85.0	100.0
533.9419587	85.0	100.0
533.9605688000001	85.0	100.0
533.9830721000001	85.0	100.0
534.003436	85.0	100.0
534.0216532000002	85.0	100.0
534.0407847000001	85.0	100.0
534.0602963000001	85.0	100.0
534.0803435	85.0	100.0
534.1004888	85.0	100.0
534.1212780000001	85.0	100.0
534.1417533000001	85.0	100.0
534.1621077	85.0	100.0
534.1824173	85.0	100.0
534.2011918000001	85.0	100.0
534.2218759	85.0	100.0
534.2416432	85.0	100.0
534.2618491000001	85.0	100.0
534.2853078	85.0	100.0
534.3021375000001	85.0	100.0
534.3235276	85.0	100.0
534.3416754	85.0	100.0
534.3649856	85.0	100.0
534.3818426	85.0	100.0
534.4021842	85.0	100.0
534.4218813	85.0	100.0
534.4418719	85.0	100.0
534.4625263	85.0	100.0
534.4847128000001	85.0	100.0
534.5023328	85.0	100.0
534.5218785	85.0	100.0
534.5419357000001	85.0	100.0
534.5626588	85.0	100.0
534.5818705000002	85.0	100.0
534.6020315000001	85.0	100.0
534.6227607000001	85.0	100.0
534.6439741000002	85.0	100.0
534.6633717	85.0	100.0
534.6821393	85.0	100.0
534.7016308	85.0	100.0
534.7214135000002	85.0	100.0
534.7421333	85.0	100.0
534.7618523000001	85.0	100.0
534.7848280000001	85.0	100.0
534.8095762	85.0	100.0
534.8230915000001	85.0	100.0
534.8418251	85.0	100.0
534.8622436	85.0	100.0
534.8821114	85.0	100.0
534.9061679000001	85.0	100.0
534.9234690000001	85.0	100.0
534.9435399000001	85.0	100.0
534.9646998000001	85.0	100.0
534.9829405	85.0	100.0
535.0032061000002	85.0	100.0
535.022933	85.0	100.0
535.0430394	85.0	100.0
535.062772	85.0	100.0
535.0820051000001	85.0	100.0
535.1040909000001	85.0	100.0
535.1237075000001	85.0	100.0
535.1430320000002	85.0	100.0
535.1627368000002	85.0	100.0
535.1830717	85.0	100.0
535.2021264	85.0	100.0
535.2236751	85.0	100.0
535.242702	85.0	100.0
535.2634122000002	85.0	100.0
535.2859758	85.0	100.0
535.3033908	85.0	100.0
535.3229494	85.0	100.0
535.34385	85.0	100.0
535.3623089	85.0	100.0
535.3828698	85.0	100.0
535.4034546	85.0	100.0
535.4279204000002	85.0	100.0
535.4441529000001	85.0	100.0
535.4635738000002	85.0	100.0
535.4832453000001	85.0	100.0
535.5027796000002	85.0	100.0
535.5266647000001	85.0	100.0
535.5437724000001	85.0	100.0
535.5634852000001	85.0	100.0
535.5839845	85.0	100.0
535.6054379	85.0	100.0
535.6245447000001	85.0	100.0
535.6437304000001	85.0	100.0
535.6645924000002	85.0	100.0
535.6842369000001	84.0	100.0
535.7041451	84.0	100.0
535.7240559000002	84.0	100.0
535.7441672	84.0	100.0
535.7655052	84.0	100.0
535.7841229	84.0	100.0
535.8035891	84.0	100.0
535.8243488	84.0	100.0
535.8487582	84.0	100.0
535.8638105	84.0	100.0
535.8836152000001	84.0	100.0
535.9042705000002	84.0	100.0
535.9258175	84.0	100.0
535.9478642000001	84.0	100.0
535.9638767000001	84.0	100.0
535.9858092000002	84.0	100.0
536.003952	84.0	100.0
536.0233324000001	84.0	100.0
536.0439941	84.0	100.0
536.0653812	84.0	100.0
536.0853165000001	84.0	100.0
536.1041448000001	84.0	100.0
536.1240568000001	84.0	100.0
536.1444963000001	84.0	100.0
536.1639380000001	84.0	100.0
536.1838944000001	84.0	100.0
536.2040375000001	84.0	100.0
536.2246091000002	84.0	100.0
536.2463311000001	84.0	100.0
536.2640821	84.0	100.0
536.2840156	84.0	100.0
536.3033839	84.0	100.0
536.3232778000001	84.0	100.0
536.3479693000002	84.0	100.0
536.3647297	84.0	100.0
536.3844977000001	84.0	100.0
536.4058029	84.0	100.0
536.4245402000001	84.0	100.0
536.4445757000001	84.0	100.0
536.468284	84.0	100.0
536.4841616000001	84.0	100.0
536.5041243000001	84.0	100.0
536.5242090000002	84.0	100.0
536.5444803	84.0	100.0
536.5670221	84.0	100.0
536.5846187	84.0	100.0
536.6045574	84.0	100.0
536.6245413000001	84.0	100.0
536.6436932000001	84.0	100.0
536.6606511	84.0	100.0
536.6852281000001	83.0	100.0
536.7053935000001	83.0	100.0
536.7266793000001	83.0	100.0
536.7438974000002	83.0	100.0
536.7645491000001	83.0	100.0
536.7853075	83.0	100.0
536.8041269	83.0	100.0
536.8245044	83.0	100.0
536.8445339	83.0	100.0
536.8654329000001	83.0	100.0
536.8878105000001	83.0	100.0
536.9067692000001	83.0	100.0
536.9243690000001	83.0	100.0
536.9443023000001	83.0	100.0
536.9641998	83.0	100.0
536.9886424000001	83.0	100.0
537.0047662000002	83.0	100.0
537.0258539000001	83.0	100.0
537.0460808	83.0	100.0
537.0646026000002	83.0	100.0
537.0885044000001	83.0	100.0
537.1051329000002	83.0	100.0
537.1249922000002	83.0	100.0
537.1453954000001	83.0	100.0
537.164749	83.0	100.0
537.1859402	83.0	100.0
537.2076598000001	83.0	100.0
537.2241137000001	83.0	100.0
537.2438778000001	83.0	100.0
537.2646018	83.0	100.0
537.2842289	83.0	100.0
537.3041891	83.0	100.0
537.3242572000001	83.0	100.0
537.3484173000002	83.0	100.0
537.3668536	83.0	100.0
537.3858443000001	83.0	100.0
537.4044854000001	83.0	100.0
537.4252288	83.0	100.0
537.4442866000002	83.0	100.0
537.4647068000002	83.0	100.0
537.4858368	83.0	100.0
537.5060841	83.0	100.0
537.5278427000001	83.0	100.0
537.5448131	83.0	100.0
537.5656258000001	83.0	100.0
537.5859494000001	83.0	100.0
537.6090555000001	83.0	100.0
537.6266916	83.0	100.0
537.6456471000001	83.0	100.0
537.6678796000001	83.0	100.0
537.688515	85.0	100.0
537.7068715	85.0	100.0
537.7256012	85.0	100.0
537.7458707000001	85.0	100.0
537.7657355000001	85.0	100.0
537.7863422	85.0	100.0
537.8076979	85.0	100.0
537.8269640000001	85.0	100.0
537.8519578	85.0	100.0
537.8670682000002	85.0	100.0
537.8860485	85.0	100.0
537.9061394	85.0	100.0
537.9260448	85.0	100.0
537.9468454	85.0	100.0
537.9657726	85.0	100.0
537.9872033000001	85.0	100.0
538.0080204000001	85.0	100.0
538.0301947	85.0	100.0
538.0464717	85.0	100.0
538.0659666000001	85.0	100.0
538.0863926	85.0	100.0
538.1071164	85.0	100.0
538.1301249	85.0	100.0
538.1472284000001	85.0	100.0
538.1684801000001	85.0	100.0
538.1862065	85.0	100.0
538.2059860000002	85.0	100.0
538.2273985000002	85.0	100.0
538.2467935	85.0	100.0
538.2656140000001	85.0	100.0
538.2857165	85.0	100.0
538.3079684000002	85.0	100.0
538.3311967	85.0	100.0
538.3479315	85.0	100.0
538.3685618000002	85.0	100.0
538.3875285000001	85.0	100.0
538.4068016000001	85.0	100.0
538.4262570000001	85.0	100.0
538.4470987	85.0	100.0
538.4674291000001	85.0	100.0
538.4906956	85.0	100.0
538.5072221	85.0	100.0
538.5271674	85.0	100.0
538.5464045000001	85.0	100.0
538.5667235000001	85.0	100.0
538.5882696000001	85.0	100.0
538.6073214	85.0	100.0
538.6280568	85.0	100.0
538.6482068	85.0	100.0
538.6676136000001	85.0	100.0
538.6874372	86.0	100.0
538.7093562	86.0	100.0
538.72759	86.0	100.0
538.7474754	86.0	100.0
538.7670137	86.0	100.0
538.7881668	86.0	100.0
538.8099124	86.0	100.0
538.8274374	86.0	100.0
538.8476368000001	86.0	100.0
538.8678696000002	86.0	100.0
538.8877792000001	86.0	100.0
538.9071945000001	86.0	100.0
538.9268529000001	86.0	100.0
538.9487018	86.0	100.0
538.9686512000001	86.0	100.0
538.9895355000001	86.0	100.0
539.0082035	86.0	100.0
539.0283262	86.0	100.0
539.0471705	86.0	100.0
539.0681281	86.0	100.0
539.0884271	86.0	100.0
539.1076472	86.0	100.0
539.1308787	86.0	100.0
539.147784	86.0	100.0
539.1722298	86.0	100.0
539.1881896	86.0	100.0
539.2078529	86.0	100.0
539.2280371000002	86.0	100.0
539.2482653	86.0	100.0
539.2684533000001	86.0	100.0
539.2880374000001	86.0	100.0
539.3079433	86.0	100.0
539.3282868000001	86.0	100.0
539.3480211000001	86.0	100.0
539.3681503	86.0	100.0
539.3881613000001	86.0	100.0
539.4080283000001	86.0	100.0
539.4290344000001	86.0	100.0
539.4502743	86.0	100.0
539.4671875000001	86.0	100.0
539.4874919000001	86.0	100.0
539.5083699000002	86.0	100.0
539.5286580000002	86.0	100.0
539.5482490000002	86.0	100.0
539.5681661000001	86.0	100.0
539.5893327000001	86.0	100.0
539.6099187	86.0	100.0
539.6285547	86.0	100.0
539.6482108	86.0	100.0
539.670143	86.0	100.0
539.6921325000001	86.0	100.0
539.7111770000001	86.0	100.0
539.7288581	86.0	100.0
539.7487879	86.0	100.0
539.7708709000001	86.0	100.0
539.7883081	86.0	100.0
539.8088092	86.0	100.0
539.8286102	86.0	100.0
539.8480762000002	86.0	100.0
539.8683257	86.0	100.0
539.8884461	86.0	100.0
539.9098494	86.0	100.0
539.9302123	86.0	100.0
539.9481569	86.0	100.0
539.9677665000002	86.0	100.0
539.9878925	86.0	100.0
540.0081692000001	86.0	100.0
540.0318748	86.0	100.0
540.0486506	86.0	100.0
540.0696224000001	86.0	100.0
540.0916308000001	86.0	100.0
540.1081273	86.0	100.0
540.1295171000002	86.0	100.0
540.1485105000002	86.0	100.0
540.1683696	86.0	100.0
540.1886302	86.0	100.0
540.2134269000001	86.0	100.0
540.2299754000001	86.0	100.0
540.2515065	86.0	100.0
540.2696333000001	86.0	100.0
540.2884676000001	86.0	100.0
540.3129639000001	86.0	100.0
540.3298228000001	86.0	100.0
540.3530561	86.0	100.0
540.3686896000002	86.0	100.0
540.3898029000002	86.0	100.0
540.4118677000001	86.0	100.0
540.4296366000001	86.0	100.0
540.4492787000001	86.0	100.0
540.4695587000001	86.0	100.0
540.4893718000001	86.0	100.0
540.5095744	86.0	100.0
540.5295584	86.0	100.0
540.5499578000001	86.0	100.0
540.5711015000002	86.0	100.0
540.5898187	86.0	100.0
540.6088664000001	86.0	100.0
540.6297307	86.0	100.0
540.6498075000002	86.0	100.0
540.6700467000001	86.0	100.0
540.6897661	85.0	100.0
540.7098083000001	85.0	100.0
540.7326966	85.0	100.0
540.7497144000001	85.0	100.0
540.7699312	85.0	100.0
540.7880443000001	85.0	100.0
540.8095881000002	85.0	100.0
540.8299028000001	85.0	100.0
540.8513225000002	85.0	100.0
540.8698511	85.0	100.0
540.8912712000001	85.0	100.0
540.9099599000001	85.0	100.0
540.9298158000001	85.0	100.0
540.9489382000002	85.0	100.0
540.9690943	85.0	100.0
540.9897885	85.0	100.0
541.0094083000001	85.0	100.0
541.031131	85.0	100.0
541.052201	85.0	100.0
541.0700211000001	85.0	100.0
541.0895767000002	85.0	100.0
541.1098866	85.0	100.0
541.1302356000001	85.0	100.0
541.1509396000001	85.0	100.0
541.1698354	85.0	100.0
541.1902244	85.0	100.0
541.2110891	85.0	100.0
541.230947	85.0	100.0
541.2539831000001	85.0	100.0
541.2702543	85.0	100.0
541.289859	85.0	100.0
541.3095441	85.0	100.0
541.3292809	85.0	100.0
541.3557189	85.0	100.0
541.3730049000001	85.0	100.0
541.390891	85.0	100.0
541.4111839	85.0	100.0
541.4318768	85.0	100.0
541.4489959	85.0	100.0
541.4703096000001	85.0	100.0
541.4897330000001	85.0	100.0
541.5110225000001	85.0	100.0
541.5325523000001	85.0	100.0
541.5499524000002	85.0	100.0
541.5702472	85.0	100.0
541.5913722	85.0	100.0
541.6101137	85.0	100.0
541.6307576000002	85.0	100.0
541.6510246	85.0	100.0
541.6728831	85.0	100.0
541.6926756	86.0	100.0
541.7099957	86.0	100.0
541.7299886000001	86.0	100.0
541.7508894	86.0	100.0
541.7745271000001	86.0	100.0
541.7898334000001	86.0	100.0
541.8100574	86.0	100.0
541.8318085000001	86.0	100.0
541.8557643000001	86.0	100.0
541.8751444	86.0	100.0
541.8906443000001	86.0	100.0
541.9111334000002	86.0	100.0
541.9310563000001	86.0	100.0
541.9508622000001	86.0	100.0
541.9702092	86.0	100.0
541.9920415000001	86.0	100.0
542.0122425	86.0	100.0
542.0311653000001	86.0	100.0
542.0507038000001	86.0	100.0
542.0725028000002	86.0	100.0
542.0902139	86.0	100.0
542.1108596000001	86.0	100.0
542.1313070000001	86.0	100.0
542.1516004	86.0	100.0
542.1723672	86.0	100.0
542.1923879000001	86.0	100.0
542.2111402	86.0	100.0
542.2315040000001	86.0	100.0
542.2511252000002	86.0	100.0
542.27098	86.0	100.0
542.2955594	86.0	100.0
542.3106929	86.0	100.0
542.3332143	86.0	100.0
542.3513622	86.0	100.0
542.3715532000001	86.0	100.0
542.391053	86.0	100.0
542.4110227000001	86.0	100.0
542.4318272	86.0	100.0
542.4513951000001	86.0	100.0
542.4719248000001	86.0	100.0
542.4967542000002	86.0	100.0
542.5116210000001	86.0	100.0
542.5315567	86.0	100.0
542.5516876000002	86.0	100.0
542.5709221	86.0	100.0
542.5920869000001	86.0	100.0
542.6118259	86.0	100.0
542.6319537000002	86.0	100.0
542.6529030000002	86.0	100.0
542.6723747000001	86.0	100.0
542.6916741	85.0	100.0
542.7114814000001	85.0	100.0
542.7316094	85.0	100.0
542.7518784000001	85.0	100.0
542.7717523000001	85.0	100.0
542.7926336	85.0	100.0
542.8140463	85.0	100.0
542.8323862	85.0	100.0
542.8512585000001	85.0	100.0
542.8718763000002	85.0	100.0
542.8919286	85.0	100.0
542.916033	85.0	100.0
542.9314596000002	85.0	100.0
542.952262	85.0	100.0
542.9737732000001	85.0	100.0
542.9923249000001	85.0	100.0
543.0131434	85.0	100.0
543.0328064	85.0	100.0
543.0523967000001	85.0	100.0
543.0722155000001	85.0	100.0
543.0919435000001	85.0	100.0
543.1118859000001	85.0	100.0
543.1322832000001	85.0	100.0
543.1518330000001	85.0	100.0
543.1715762000001	85.0	100.0
543.1920890000001	85.0	100.0
543.2121365	85.0	100.0
543.232385	85.0	100.0
543.2520244	85.0	100.0
543.2723437	85.0	100.0
543.2949946000001	85.0	100.0
543.3125403000001	85.0	100.0
543.3361317000001	85.0	100.0
543.3558618	85.0	100.0
543.3712950000001	85.0	100.0
543.3921709000001	85.0	100.0
543.4116455000001	85.0	100.0
543.4368252000002	85.0	100.0
543.4548416	85.0	100.0
543.4726944000001	85.0	100.0
543.4921203000001	85.0	100.0
543.5136300000001	85.0	100.0
543.5317993000001	85.0	100.0
543.5520687000001	85.0	100.0
543.5720476000001	85.0	100.0
543.5925477000001	85.0	100.0
543.615976	85.0	100.0
543.6329600000001	85.0	100.0
543.6520270000001	85.0	100.0
543.6755589000002	85.0	100.0
543.6924129000001	86.0	100.0
543.7124778	86.0	100.0
543.7326508000001	86.0	100.0
543.7533883000001	86.0	100.0
543.773338	86.0	100.0
543.7931410000001	86.0	100.0
543.8132963	86.0	100.0
543.8324593	86.0	100.0
543.8523194000002	86.0	100.0
543.8719662000001	86.0	100.0
543.8924388	86.0	100.0
543.9133039000001	86.0	100.0
543.9351413000002	86.0	100.0
543.9566342	86.0	100.0
543.9723116	86.0	100.0
543.9919157000002	86.0	100.0
544.0119315000002	86.0	100.0
544.0321998000002	86.0	100.0
544.0560091	86.0	100.0
544.0725114000002	86.0	100.0
544.0939959	86.0	100.0
544.1120549	86.0	100.0
544.1322176000001	86.0	100.0
544.1518929000001	86.0	100.0
544.1720971	86.0	100.0
544.1920117	86.0	100.0
544.2115581	86.0	100.0
544.2335546000002	86.0	100.0
544.2551441	86.0	100.0
544.27198	86.0	100.0
544.2918602	86.0	100.0
544.312028	86.0	100.0
544.332791	86.0	100.0
544.3532681000002	86.0	100.0
544.3721775000001	86.0	100.0
544.392928	86.0	100.0
544.4137843000001	86.0	100.0
544.4352073	86.0	100.0
544.4532726	86.0	100.0
544.4744129000001	86.0	100.0
544.4919144	86.0	100.0
544.5117924000001	86.0	100.0
544.5337201	86.0	100.0
544.5540874000001	86.0	100.0
544.5757731000001	86.0	100.0
544.5935199	86.0	100.0
544.6078475000002	86.0	100.0
544.6263211	86.0	100.0
544.6457006	86.0	100.0
544.6671962	86.0	100.0
544.6899037000001	87.0	100.0
544.7113379	87.0	100.0
544.7328428000001	87.0	100.0
544.7532534000002	87.0	100.0
544.7730584000001	87.0	100.0
544.792631	87.0	100.0
544.8119416	87.0	100.0
544.8331333000001	87.0	100.0
544.8521798000002	87.0	100.0
544.8741317000001	87.0	100.0
544.8965540000002	87.0	100.0
544.9140534000001	87.0	100.0
544.9333853	87.0	100.0
544.9536128	87.0	100.0
544.9732981	87.0	100.0
544.9954229	87.0	100.0
545.0134878000001	87.0	100.0
545.0338352000001	87.0	100.0
545.0547363000001	87.0	100.0
545.0732718000002	87.0	100.0
545.0962	87.0	100.0
545.1136461000001	87.0	100.0
545.1337099	87.0	100.0
545.1526293000002	87.0	100.0
545.1732449000001	87.0	100.0
545.1939847000001	87.0	100.0
545.2152556000001	87.0	100.0
545.2333357	87.0	100.0
545.2545167000001	87.0	100.0
545.2732928	87.0	100.0
545.2925092	87.0	100.0
545.3131438	87.0	100.0
545.3338485000002	87.0	100.0
545.3540415	87.0	100.0
545.3750999000001	87.0	100.0
545.3935602000001	87.0	100.0
545.4132459	87.0	100.0
545.4347211000002	87.0	100.0
545.4535736	87.0	100.0
545.4739556	87.0	100.0
545.4935465000001	87.0	100.0
545.5178307000001	87.0	100.0
545.5369239000001	87.0	100.0
545.5544255	87.0	100.0
545.5739130000002	87.0	100.0
545.5939044000002	87.0	100.0
545.6173741	87.0	100.0
545.6348134	87.0	100.0
545.6538171	87.0	100.0
545.6754348000002	87.0	100.0
545.6959921	88.0	100.0
545.7138838000001	88.0	100.0
545.7350011000001	88.0	100.0
545.7537886	88.0	100.0
545.7738830000001	88.0	100.0
545.7948358000001	88.0	100.0
545.8146834000001	88.0	100.0
545.8352524000002	88.0	100.0
545.8612752000001	88.0	100.0
545.8739134	88.0	100.0
545.8934927	88.0	100.0
545.9144254	88.0	100.0
545.9342424000001	88.0	100.0
545.9545623000001	88.0	100.0
545.9739049	88.0	100.0
545.995034	88.0	100.0
546.0152005	88.0	100.0
546.0369695000002	88.0	100.0
546.0537513000002	88.0	100.0
546.0742349	88.0	100.0
546.0946976	88.0	100.0
546.1138936	88.0	100.0
546.1378528	88.0	100.0
546.1554876	88.0	100.0
546.1764153000001	88.0	100.0
546.1937445000001	88.0	100.0
546.2150708000001	88.0	100.0
546.2350814000001	88.0	100.0
546.2541096	88.0	100.0
546.2750389	88.0	100.0
546.2937735	88.0	100.0
546.3143924000001	88.0	100.0
546.3360536	88.0	100.0
546.3523757	88.0	100.0
546.3737647	88.0	100.0
546.3940688	88.0	100.0
546.4116222	88.0	100.0
546.4340277000001	88.0	100.0
546.4538451000001	88.0	100.0
546.4757832	88.0	100.0
546.4974612000001	88.0	100.0
546.5152654000001	88.0	100.0
546.5351284000001	88.0	100.0
546.5553108000001	88.0	100.0
546.5737452000001	88.0	100.0
546.5951044000001	88.0	100.0
546.6147345000002	88.0	100.0
546.6365268	88.0	100.0
546.6560898	88.0	100.0
546.6763124000001	88.0	100.0
546.6957359	90.0	100.0
546.7154531000001	90.0	100.0
546.7282526000001	90.0	100.0
546.7526926	90.0	100.0
546.7757321000001	90.0	100.0
546.7963079000001	90.0	100.0
546.8177962	90.0	100.0
546.8355467000001	90.0	100.0
546.8545666	90.0	100.0
546.8762026000002	90.0	100.0
546.8973897000001	90.0	100.0
546.9137846000001	90.0	100.0
546.9345020000001	90.0	100.0
546.9560061	90.0	100.0
546.9763498	90.0	100.0
546.9952976	90.0	100.0
547.0159032000001	90.0	100.0
547.0361954	90.0	100.0
547.0556450000001	90.0	100.0
547.0795823000001	90.0	100.0
547.0976704	90.0	100.0
547.1152553000002	90.0	100.0
547.1379087	90.0	100.0
547.1559227	90.0	100.0
547.1794407	90.0	100.0
547.1956933000001	90.0	100.0
547.2154114	90.0	100.0
547.2358958	90.0	100.0
547.2554611	90.0	100.0
547.2799197000002	90.0	100.0
547.2989721000001	90.0	100.0
547.3163262	90.0	100.0
547.3362804000001	90.0	100.0
547.3601418000001	90.0	100.0
547.3756931	90.0	100.0
547.3955563	90.0	100.0
547.415583	90.0	100.0
547.4365924000001	90.0	100.0
547.4580736	90.0	100.0
547.4753504	90.0	100.0
547.4964163	90.0	100.0
547.516644	90.0	100.0
547.5359833	90.0	100.0
547.5558247000001	90.0	100.0
547.5749940000001	90.0	100.0
547.6001461000001	90.0	100.0
547.6164556000001	90.0	100.0
547.6364231	90.0	100.0
547.6559541000001	90.0	100.0
547.6760284000002	90.0	100.0
547.6961660000002	92.0	100.0
547.7156757	92.0	100.0
547.7361503	92.0	100.0
547.7562988	92.0	100.0
547.7787882	92.0	100.0
547.7961830000002	92.0	100.0
547.8157037000001	92.0	100.0
547.8360890000001	92.0	100.0
547.8561395000002	92.0	100.0
547.875996	92.0	100.0
547.8962237000001	92.0	100.0
547.916815	92.0	100.0
547.9378972000002	92.0	100.0
547.9566360000001	92.0	100.0
547.9765160000002	92.0	100.0
547.9977826000002	92.0	100.0
548.0165480000001	92.0	100.0
548.0363585	92.0	100.0
548.0563663	92.0	100.0
548.0773769	92.0	100.0
548.0996139000001	92.0	100.0
548.121596	92.0	100.0
548.1372998000002	92.0	100.0
548.1568234000001	92.0	100.0
548.1762140000001	92.0	100.0
548.1959021	92.0	100.0
548.2201443000001	92.0	100.0
548.2379041000002	92.0	100.0
548.2588174	92.0	100.0
548.2763077	92.0	100.0
548.2957375000001	92.0	100.0
548.3207996000001	92.0	100.0
548.3373702000001	92.0	100.0
548.3567289	92.0	100.0
548.3772791000001	92.0	100.0
548.3968364	92.0	100.0
548.4131742	92.0	100.0
548.4357822000002	92.0	100.0
548.4553048	92.0	100.0
548.4766506000001	92.0	100.0
548.49551	92.0	100.0
548.5172193000001	92.0	100.0
548.5367612	92.0	100.0
548.5570565	92.0	100.0
548.5795787	92.0	100.0
548.5971579	92.0	100.0
548.6180782000001	92.0	100.0
548.6379375000001	92.0	100.0
548.6568268000001	92.0	100.0
548.6778183000001	92.0	100.0
548.6918025	91.0	100.0
548.7102476	91.0	100.0
548.7354718000001	91.0	100.0
548.7544439000001	91.0	100.0
548.7752372	91.0	100.0
548.7967195000001	91.0	100.0
548.8170922000002	91.0	100.0
548.8384150000002	91.0	100.0
548.8576568000001	91.0	100.0
548.8776057	91.0	100.0
548.8993897	91.0	100.0
548.9177411000001	91.0	100.0
548.9380552	91.0	100.0
548.9575374000001	91.0	100.0
548.9773617000001	91.0	100.0
548.9974775000001	91.0	100.0
549.0171411000001	91.0	100.0
549.0378882	91.0	100.0
549.0594644	91.0	100.0
549.0774020000001	91.0	100.0
549.0972983000001	91.0	100.0
549.1171729	91.0	100.0
549.1383747	91.0	100.0
549.1619012000001	91.0	100.0
549.1778033	91.0	100.0
549.1987502000002	91.0	100.0
549.2197759000001	91.0	100.0
549.2380767	91.0	100.0
549.2607754	91.0	100.0
549.2759472	91.0	100.0
549.2986099	91.0	100.0
549.3163622	91.0	100.0
549.3430349	91.0	100.0
549.3618962	91.0	100.0
549.3802026000001	91.0	100.0
549.3982987000002	91.0	100.0
549.4177158	91.0	100.0
549.4391366	91.0	100.0
549.4581804000002	91.0	100.0
549.4778262	91.0	100.0
549.4977265	91.0	100.0
549.5195995000001	91.0	100.0
549.5393812	91.0	100.0
549.5584959	91.0	100.0
549.5787221	91.0	100.0
549.5986067000001	91.0	100.0
549.6177842	91.0	100.0
549.6389425	91.0	100.0
549.657778	91.0	100.0
549.6793534000001	91.0	100.0
549.7016276000002	89.0	100.0
549.718899	89.0	100.0
549.7392192	89.0	100.0
549.7600229	89.0	100.0
549.7823406	89.0	100.0
549.7992113	89.0	100.0
549.8187773	89.0	100.0
549.8407525	89.0	100.0
549.8626276	89.0	100.0
549.882797	89.0	100.0
549.8991699000001	89.0	100.0
549.9190601	89.0	100.0
549.9394634	89.0	100.0
549.9596296	89.0	100.0
549.9793266000001	89.0	100.0
549.9997370000001	89.0	100.0
550.0212252000001	89.0	100.0
550.0393783	89.0	100.0
550.0601929000002	89.0	100.0
550.0783979	89.0	100.0
550.0985102	89.0	100.0
550.1191965	89.0	100.0
550.1387879000001	89.0	100.0
550.1596478000001	89.0	100.0
550.1805454	89.0	100.0
550.2027594000001	89.0	100.0
550.2187257	89.0	100.0
550.2401458000002	89.0	100.0
550.2593276	89.0	100.0
550.2796571000001	89.0	100.0
550.3032437000002	89.0	100.0
550.3202219	89.0	100.0
550.3417659000002	89.0	100.0
550.3595055000001	89.0	100.0
550.3796862000002	89.0	100.0
550.403892	89.0	100.0
550.419676	89.0	100.0
550.4393340000001	89.0	100.0
550.4596632	89.0	100.0
550.4799218	89.0	100.0
550.5053019000002	89.0	100.0
550.5202061	89.0	100.0
550.5412519000001	89.0	100.0
550.5599588	89.0	100.0
550.5805290000001	89.0	100.0
550.5985018000001	89.0	100.0
550.6199728000001	89.0	100.0
550.6403763000001	89.0	100.0
550.6618383	89.0	100.0
550.6817988	89.0	100.0
550.7005060000001	88.0	100.0
550.7203376	88.0	100.0
550.7399134	88.0	100.0
550.7598478	88.0	100.0
550.7799497000001	88.0	100.0
550.8011823000002	88.0	100.0
550.8251629000001	88.0	100.0
550.8402195000001	88.0	100.0
550.8611592	88.0	100.0
550.8810369	88.0	100.0
550.90056	88.0	100.0
550.9239286	88.0	100.0
550.9400604	88.0	100.0
550.9600263	88.0	100.0
550.9818694	88.0	100.0
551.0022238000001	88.0	100.0
551.024187	88.0	100.0
551.0413485000001	88.0	100.0
551.0600021	88.0	100.0
551.0802491000002	88.0	100.0
551.1005023	88.0	100.0
551.1218047	88.0	100.0
551.1428049000001	88.0	100.0
551.1604473	88.0	100.0
551.1795293	88.0	100.0
551.2003953000001	88.0	100.0
551.2194865000001	88.0	100.0
551.2441082	88.0	100.0
551.2605002	88.0	100.0
551.2806472	88.0	100.0
551.3028126000002	88.0	100.0
551.3208852	88.0	100.0
551.3413447	88.0	100.0
551.3597372000002	88.0	100.0
551.3799037000001	88.0	100.0
551.4003843	88.0	100.0
551.4200584	88.0	100.0
551.4450301000002	88.0	100.0
551.4627956000002	88.0	100.0
551.4813135000002	88.0	100.0
551.5015039	88.0	100.0
551.5204021	88.0	100.0
551.5426217000002	88.0	100.0
551.5606472000002	88.0	100.0
551.5800841	88.0	100.0
551.6035472000001	88.0	100.0
551.6241881000001	88.0	100.0
551.6418170000002	88.0	100.0
551.6611002	88.0	100.0
551.6807505000002	88.0	100.0
551.7071656	87.0	100.0
551.721636	87.0	100.0
551.7420112	87.0	100.0
551.7616203	87.0	100.0
551.7840795	87.0	100.0
551.8019462	87.0	100.0
551.8215500000001	87.0	100.0
551.8420618	87.0	100.0
551.8616638000001	87.0	100.0
551.8817675	87.0	100.0
551.9011846000001	87.0	100.0
551.9221625	87.0	100.0
551.9441075	87.0	100.0
551.9615504000001	87.0	100.0
551.9818215	87.0	100.0
552.0017540000001	87.0	100.0
552.0214724	87.0	100.0
552.0417943	87.0	100.0
552.0651822	87.0	100.0
552.0818264	87.0	100.0
552.1028404000001	87.0	100.0
552.1223355	87.0	100.0
552.1436114	87.0	100.0
552.161705	87.0	100.0
552.1809547	87.0	100.0
552.2014637	87.0	100.0
552.2219303000002	87.0	100.0
552.2434352	87.0	100.0
552.2643235	87.0	100.0
552.2827245000001	87.0	100.0
552.3018894000002	87.0	100.0
552.3219244000002	87.0	100.0
552.3432057	87.0	100.0
552.3616809	87.0	100.0
552.3815494	87.0	100.0
552.4027100000001	87.0	100.0
552.4237818000001	87.0	100.0
552.4422066	87.0	100.0
552.4616868	87.0	100.0
552.4855061000001	87.0	100.0
552.5021637	87.0	100.0
552.5222493000001	87.0	100.0
552.5418271000001	87.0	100.0
552.5629427000001	87.0	100.0
552.5888311000001	87.0	100.0
552.6017474	87.0	100.0
552.6222456	87.0	100.0
552.6429919	87.0	100.0
552.6618989000001	87.0	100.0
552.6840048000001	87.0	100.0
552.7033713000001	88.0	100.0
552.7231835	88.0	100.0
552.7444907000001	88.0	100.0
552.7635258	88.0	100.0
552.7829671000002	88.0	100.0
552.8028019000001	88.0	100.0
552.8230353000001	88.0	100.0
552.8423493	88.0	100.0
552.8630862	88.0	100.0
552.8834505	88.0	100.0
552.9057850000002	88.0	100.0
552.9223968000001	88.0	100.0
552.9420169	88.0	100.0
552.9623253	88.0	100.0
552.9814785000001	88.0	100.0
553.0030302	88.0	100.0
553.0223188	88.0	100.0
553.042813	88.0	100.0
553.0639348	88.0	100.0
553.0828232000001	88.0	100.0
553.1062506000001	88.0	100.0
553.1226304000002	88.0	100.0
553.1431801000001	88.0	100.0
553.1627651000001	88.0	100.0
553.1825412000001	88.0	100.0
553.2031956000001	88.0	100.0
553.2252294	88.0	100.0
553.2434525000001	88.0	100.0
553.2631632	88.0	100.0
553.283279	88.0	100.0
553.3030231	88.0	100.0
553.3231471000001	88.0	100.0
553.3467511000001	88.0	100.0
553.3640488000001	88.0	100.0
553.3842577	88.0	100.0
553.4039721000001	88.0	100.0
553.4237333000001	88.0	100.0
553.4436636	88.0	100.0
553.4634939	88.0	100.0
553.4837053000001	88.0	100.0
553.5034693	88.0	100.0
553.5278786000001	88.0	100.0
553.5489439	88.0	100.0
553.5631482000001	88.0	100.0
553.5818638000001	88.0	100.0
553.6043783	88.0	100.0
553.6237436000001	88.0	100.0
553.6447953000002	88.0	100.0
553.6639419	88.0	100.0
553.6861650000001	88.0	100.0
553.7061723000002	88.0	100.0
553.7237253000001	88.0	100.0
553.744441	88.0	100.0
553.7635315	88.0	100.0
553.7834824000001	88.0	100.0
553.8039592	88.0	100.0
553.8242062000002	88.0	100.0
553.8451919000001	88.0	100.0
553.8658176000001	88.0	100.0
553.8838484	88.0	100.0
553.9040263000002	88.0	100.0
553.9240751	88.0	100.0
553.9438230000001	88.0	100.0
553.9640072	88.0	100.0
553.9840286000001	88.0	100.0
554.0072939000001	88.0	100.0
554.0260119	88.0	100.0
554.0432726000001	88.0	100.0
554.0632910000002	88.0	100.0
554.0836316	88.0	100.0
554.1039777000001	88.0	100.0
554.1238060000001	88.0	100.0
554.1481728000001	88.0	100.0
554.1569083000002	88.0	100.0
554.1787142000001	88.0	100.0
554.1964087000001	88.0	100.0
554.2175355000002	88.0	100.0
554.2387549	88.0	100.0
554.2602974000001	88.0	100.0
554.2827066	88.0	100.0
554.3025632000001	88.0	100.0
554.3229492	88.0	100.0
554.3466806000001	88.0	100.0
554.3687247	88.0	100.0
554.3843452000001	88.0	100.0
554.4038552	88.0	100.0
554.4239928000002	88.0	100.0
554.4453382000002	88.0	100.0
554.4643925	88.0	100.0
554.4849529	88.0	100.0
554.5076205	88.0	100.0
554.5242636	88.0	100.0
554.5442125	88.0	100.0
554.568978	88.0	100.0
554.5842076000001	88.0	100.0
554.6043468	88.0	100.0
554.6243746	88.0	100.0
554.6457302000001	88.0	100.0
554.6658200000002	88.0	100.0
554.6853724	88.0	100.0
554.704972	91.0	100.0
554.7235641	91.0	100.0
554.745224	91.0	100.0
554.7687913	91.0	100.0
554.7839293	91.0	100.0
554.8052737	91.0	100.0
554.8274751000001	91.0	100.0
554.8458895000001	91.0	100.0
554.8652888000001	91.0	100.0
554.8850070000001	91.0	100.0
554.9047208000002	91.0	100.0
554.9255752000001	91.0	100.0
554.9451369000001	91.0	100.0
554.9657434000001	91.0	100.0
554.9868476000001	91.0	100.0
555.0052073000002	91.0	100.0
555.0257977000001	91.0	100.0
555.0457863000001	91.0	100.0
555.0654435000001	91.0	100.0
555.08881	91.0	100.0
555.1056693	91.0	100.0
555.125726	91.0	100.0
555.1480592	91.0	100.0
555.1639276000001	91.0	100.0
555.1851014000001	91.0	100.0
555.2043138000001	91.0	100.0
555.2243039	91.0	100.0
555.2452325000002	91.0	100.0
555.2645429000002	91.0	100.0
555.2898317000001	91.0	100.0
555.3063843	91.0	100.0
555.3250746000001	91.0	100.0
555.3463545	91.0	100.0
555.365448	91.0	100.0
555.3853434	91.0	100.0
555.4056402000001	91.0	100.0
555.4252584000001	91.0	100.0
555.4461212000001	91.0	100.0
555.4671854000001	91.0	100.0
555.4856328000001	91.0	100.0
555.505353	91.0	100.0
555.5252898000001	91.0	100.0
555.5457557	91.0	100.0
555.5657766000002	91.0	100.0
555.5859926	91.0	100.0
555.6058411000001	91.0	100.0
555.6271675	91.0	100.0
555.6470400000001	91.0	100.0
555.6663883000001	91.0	100.0
555.6867637	91.0	100.0
555.709918	91.0	100.0
555.726776	91.0	100.0
555.7470585000001	91.0	100.0
555.7673152	91.0	100.0
555.7880789000001	91.0	100.0
555.8058888	91.0	100.0
555.8259977	91.0	100.0
555.8469852000001	91.0	100.0
555.8669804000001	91.0	100.0
555.8869214000001	91.0	100.0
555.9058928000002	91.0	100.0
555.9268054000001	91.0	100.0
555.9490719	91.0	100.0
555.9660021	91.0	100.0
555.9860962	91.0	100.0
556.0067333000002	91.0	100.0
556.0261392	91.0	100.0
556.0469725	91.0	100.0
556.0662407	91.0	100.0
556.0868054	91.0	100.0
556.1089377000001	91.0	100.0
556.1266008	91.0	100.0
556.1463562000001	91.0	100.0
556.1666104000001	91.0	100.0
556.1861799000001	91.0	100.0
556.2062399000001	91.0	100.0
556.2300698000001	91.0	100.0
556.2475846	91.0	100.0
556.267818	91.0	100.0
556.2864148000001	91.0	100.0
556.3068123	91.0	100.0
556.3298809	91.0	100.0
556.3498184	91.0	100.0
556.3674414	91.0	100.0
556.3872118000002	91.0	100.0
556.4067846	91.0	100.0
556.4298378000001	91.0	100.0
556.4473488000001	91.0	100.0
556.4668639000001	91.0	100.0
556.4871624	91.0	100.0
556.5067762000001	91.0	100.0
556.527229	91.0	100.0
556.5468863000001	91.0	100.0
556.5674665000001	91.0	100.0
556.5878507	91.0	100.0
556.6074675	91.0	100.0
556.6271968000001	91.0	100.0
556.6478116000001	91.0	100.0
556.6681065	91.0	100.0
556.6876321	91.0	100.0
556.7068653000001	91.0	100.0
556.7278307000001	91.0	100.0
556.7484304	91.0	100.0
556.759826	91.0	100.0
556.7863471000001	91.0	100.0
556.8053023	91.0	100.0
556.8267354	91.0	100.0
556.8510472	91.0	100.0
556.8658902	91.0	100.0
556.8873195000001	91.0	100.0
556.908821	91.0	100.0
556.9281165	91.0	100.0
556.9476383000001	91.0	100.0
556.9674787000001	91.0	100.0
556.9871809000001	91.0	100.0
557.0088604	91.0	100.0
557.0276012000002	91.0	100.0
557.0486214	91.0	100.0
557.0687878000001	91.0	100.0
557.0871859000001	91.0	100.0
557.1071985000001	91.0	100.0
557.1272173	91.0	100.0
557.1479838	91.0	100.0
557.1674538	91.0	100.0
557.1872502000001	91.0	100.0
557.207447	91.0	100.0
557.2282326	91.0	100.0
557.2471905	91.0	100.0
557.2705620000002	91.0	100.0
557.2867304000001	91.0	100.0
557.3065811000001	91.0	100.0
557.3268784000002	91.0	100.0
557.3472334	91.0	100.0
557.3711390000001	91.0	100.0
557.3894459	91.0	100.0
557.4073421	91.0	100.0
557.4273540000002	91.0	100.0
557.4481479000001	91.0	100.0
557.4676359	91.0	100.0
557.4878948	91.0	100.0
557.5068678	91.0	100.0
557.5270224000001	91.0	100.0
557.5485881	91.0	100.0
557.5677107000001	91.0	100.0
557.5865074000001	91.0	100.0
557.6070322	91.0	100.0
557.6271681000001	91.0	100.0
557.6474407000001	91.0	100.0
557.6675601000002	91.0	100.0
557.6889680000002	91.0	100.0
557.7114333	93.0	100.0
557.7277492000001	93.0	100.0
557.7472985000002	93.0	100.0
557.7680947000001	93.0	100.0
557.7875424000001	93.0	100.0
557.8076387000001	93.0	100.0
557.8276099	93.0	100.0
557.8524565	93.0	100.0
557.8697005000001	93.0	100.0
557.8914883	93.0	100.0
557.9072195000001	93.0	100.0
557.9280117000001	93.0	100.0
557.9470351	93.0	100.0
557.9679039	93.0	100.0
557.98803	93.0	100.0
558.0080751	93.0	100.0
558.0306587	93.0	100.0
558.0509594	93.0	100.0
558.0683595	93.0	100.0
558.0880094000001	93.0	100.0
558.1080922000001	93.0	100.0
558.1276463000002	93.0	100.0
558.1480591	93.0	100.0
558.1683777000001	93.0	100.0
558.1898559000001	93.0	100.0
558.2081725	93.0	100.0
558.2280230000001	93.0	100.0
558.2481173000001	93.0	100.0
558.2678139	93.0	100.0
558.2881340000001	93.0	100.0
558.3115692000001	93.0	100.0
558.3284039	93.0	100.0
558.3515052	93.0	100.0
558.3683384000001	93.0	100.0
558.3880965000001	93.0	100.0
558.4123320000001	93.0	100.0
558.4282435	93.0	100.0
558.4478761	93.0	100.0
558.4680511000001	93.0	100.0
558.4886834000001	93.0	100.0
558.5104714000001	93.0	100.0
558.5282091000001	93.0	100.0
558.5481067000001	93.0	100.0
558.5680554	93.0	100.0
558.5880498000001	93.0	100.0
558.6081092000002	93.0	100.0
558.6278704000001	93.0	100.0
558.6494622	93.0	100.0
558.6706044	93.0	100.0
558.6897705000001	93.0	100.0
558.7085679000002	95.0	100.0
558.7283894	95.0	100.0
558.7477711000001	95.0	100.0
558.7679259000001	95.0	100.0
558.7874189000001	95.0	100.0
558.8087597000001	95.0	100.0
558.8297374000001	95.0	100.0
558.8479443000001	95.0	100.0
558.8679145000001	95.0	100.0
558.8876372	95.0	100.0
558.9077696000002	95.0	100.0
558.9311218	95.0	100.0
558.9480949000001	95.0	100.0
558.9685873000001	95.0	100.0
558.9906687	95.0	100.0
559.0080429	95.0	100.0
559.0315118000001	95.0	100.0
559.0483181	95.0	100.0
559.0672569000001	95.0	100.0
559.0885573	95.0	100.0
559.1079893000001	95.0	100.0
559.1296484000002	95.0	100.0
559.1516860000002	95.0	100.0
559.1687576000002	95.0	100.0
559.1878414	95.0	100.0
559.2077546	95.0	100.0
559.2274536	95.0	100.0
559.2491864000001	95.0	100.0
559.2683303000001	95.0	100.0
559.2881240000002	95.0	100.0
559.3109247	95.0	100.0
559.3277536	95.0	100.0
559.3520998000001	95.0	100.0
559.3686507	95.0	100.0
559.3881692	95.0	100.0
559.4080450000001	95.0	100.0
559.4278948000001	95.0	100.0
559.4523671000002	95.0	100.0
559.4710461	95.0	100.0
559.4888546	95.0	100.0
559.5078250000001	95.0	100.0
559.5278909000001	95.0	100.0
559.5498839000002	95.0	100.0
559.5686645000001	95.0	100.0
559.5907416	95.0	100.0
559.6094667	95.0	100.0
559.6320496000001	95.0	100.0
559.65039	95.0	100.0
559.6684474000001	95.0	100.0
559.6928128	95.0	100.0
559.7106049000001	96.0	100.0
559.7308358	96.0	100.0
559.7503563	96.0	100.0
559.7693577	96.0	100.0
559.7900777	96.0	100.0
559.8087305000001	96.0	100.0
559.8294859	96.0	100.0
559.8493392	96.0	100.0
559.872867	96.0	100.0
559.8905522	96.0	100.0
559.909795	96.0	100.0
559.9299829000001	96.0	100.0
559.9520736000002	96.0	100.0
559.9693104	96.0	100.0
559.9890034	96.0	100.0
560.0109869	96.0	100.0
560.0291272000002	96.0	100.0
560.0493299	96.0	100.0
560.0676043000001	96.0	100.0
560.0876632000002	96.0	100.0
560.1088678000001	96.0	100.0
560.1260576	96.0	100.0
560.144859	96.0	100.0
560.1659026	96.0	100.0
560.1895653000001	96.0	100.0
560.20922	96.0	100.0
560.2292487	96.0	100.0
560.2506716	96.0	100.0
560.2721404000001	96.0	100.0
560.2892077000001	96.0	100.0
560.3093465000002	96.0	100.0
560.3299338000002	96.0	100.0
560.3532708	96.0	100.0
560.3700641	96.0	100.0
560.3897466000001	96.0	100.0
560.4101133000001	96.0	100.0
560.4314313	96.0	100.0
560.4497765000001	96.0	100.0
560.4689512	96.0	100.0
560.493307	96.0	100.0
560.5078754000001	96.0	100.0
560.5287357	96.0	100.0
560.5491455000001	96.0	100.0
560.5699073000001	96.0	100.0
560.5958420000002	96.0	100.0
560.609841	96.0	100.0
560.6297679000002	96.0	100.0
560.6497585	96.0	100.0
560.6697860000002	96.0	100.0
560.6913319	96.0	100.0
560.7101691	98.0	100.0
560.7299879	98.0	100.0
560.7513595	98.0	100.0
560.7692635000001	98.0	100.0
560.7883636000001	98.0	100.0
560.8096477000001	98.0	100.0
560.8302558	98.0	100.0
560.8499847	98.0	100.0
560.8694	98.0	100.0
560.8901445000001	98.0	100.0
560.9122643000001	98.0	100.0
560.9301648000001	98.0	100.0
560.9496725000001	98.0	100.0
560.9695561000001	98.0	100.0
560.9899603000001	98.0	100.0
561.0139918	98.0	100.0
561.0307904000001	98.0	100.0
561.0514862	98.0	100.0
561.0718821	98.0	100.0
561.0895593	98.0	100.0
561.113681	98.0	100.0
561.1308974000001	98.0	100.0
561.1496954000002	98.0	100.0
561.1700652	98.0	100.0
561.1895187	98.0	100.0
561.2099824000002	98.0	100.0
561.2323706	98.0	100.0
561.2507356000001	98.0	100.0
561.2705493000001	98.0	100.0
561.2897365000001	98.0	100.0
561.3098026	98.0	100.0
561.3313484	98.0	100.0
561.3502193000002	98.0	100.0
561.3704395	98.0	100.0
561.3913716	98.0	100.0
561.4100811000001	98.0	100.0
561.4295969	98.0	100.0
561.4506019	98.0	100.0
561.4698349	98.0	100.0
561.4897688000001	98.0	100.0
561.5098955000001	98.0	100.0
561.5291622	98.0	100.0
561.5521940000001	98.0	100.0
561.5706126	98.0	100.0
561.590821	98.0	100.0
561.6102863000001	98.0	100.0
561.6311956	98.0	100.0
561.6506548	98.0	100.0
561.6700909000001	98.0	100.0
561.6924139	98.0	100.0
561.7126234	98.0	100.0
561.7316695	98.0	100.0
561.7514655	98.0	100.0
561.7711444000001	98.0	100.0
561.789755	98.0	100.0
561.8097606000001	98.0	100.0
561.8308042000001	98.0	100.0
561.851654	98.0	100.0
561.8724581000001	98.0	100.0
561.8913721000001	98.0	100.0
561.9106668000002	98.0	100.0
561.9300686000001	98.0	100.0
561.9514064	98.0	100.0
561.9703385	98.0	100.0
561.9903926000002	98.0	100.0
562.0117554000001	98.0	100.0
562.0325513	98.0	100.0
562.0513632	98.0	100.0
562.0717188000001	98.0	100.0
562.091498	98.0	100.0
562.1108909	98.0	100.0
562.1312660000001	98.0	100.0
562.1550769	98.0	100.0
562.1718046000001	98.0	100.0
562.1937294000002	98.0	100.0
562.2100608000001	98.0	100.0
562.2301854	98.0	100.0
562.2530119	98.0	100.0
562.2699027000001	98.0	100.0
562.2903961	98.0	100.0
562.3105139000002	98.0	100.0
562.3309355000001	98.0	100.0
562.3553057000001	98.0	100.0
562.3710040000001	98.0	100.0
562.3902943	98.0	100.0
562.4111156000001	98.0	100.0
562.4313198	98.0	100.0
562.4514067	98.0	100.0
562.4706438000001	98.0	100.0
562.4912318000002	98.0	100.0
562.5133888	98.0	100.0
562.5311506	98.0	100.0
562.5509614	98.0	100.0
562.5715537000001	98.0	100.0
562.5910922	98.0	100.0
562.6108235000002	98.0	100.0
562.6308931000001	98.0	100.0
562.6521155	98.0	100.0
562.6769315000001	98.0	100.0
562.6921177000002	98.0	100.0
562.7117163	96.0	100.0
562.7313743	96.0	100.0
562.7525707	96.0	100.0
562.7722447000001	96.0	100.0
562.787276	96.0	100.0
562.8037576000002	96.0	100.0
562.8268913000002	96.0	100.0
562.8451879000002	96.0	100.0
562.8680263000001	96.0	100.0
562.8877827000001	96.0	100.0
562.9082198000001	96.0	100.0
562.9261853	96.0	100.0
562.9473897	96.0	100.0
562.9688843000001	96.0	100.0
562.9882333	96.0	100.0
563.0100719	96.0	100.0
563.0294269000001	96.0	100.0
563.0491815	96.0	100.0
563.0721614000001	96.0	100.0
563.0906903	96.0	100.0
563.1109402	96.0	100.0
563.1317838	96.0	100.0
563.1539517000001	96.0	100.0
563.1717681	96.0	100.0
563.195426	96.0	100.0
563.2119522	96.0	100.0
563.2315951	96.0	100.0
563.2518152	96.0	100.0
563.2714164000001	96.0	100.0
563.2962323000002	96.0	100.0
563.3138781	96.0	100.0
563.3313969000001	96.0	100.0
563.3557287000001	96.0	100.0
563.3726053	96.0	100.0
563.3921886	96.0	100.0
563.4123644000001	96.0	100.0
563.4318740000001	96.0	100.0
563.4517129000001	96.0	100.0
563.474305	96.0	100.0
563.4916312	96.0	100.0
563.5110251000001	96.0	100.0
563.5311993	96.0	100.0
563.5512695	96.0	100.0
563.5717815	96.0	100.0
563.5914759	96.0	100.0
563.6127899	96.0	100.0
563.6333561000001	96.0	100.0
563.6517447000001	96.0	100.0
563.6718069000001	96.0	100.0
563.6932779000001	96.0	100.0
563.7124232000001	95.0	100.0
563.731914	95.0	100.0
563.7513299	95.0	100.0
563.7720868000001	95.0	100.0
563.7947811000001	95.0	100.0
563.8125021000001	95.0	100.0
563.8311677000002	95.0	100.0
563.8517713000001	95.0	100.0
563.8710604	95.0	100.0
563.8918202	95.0	100.0
563.9122072	95.0	100.0
563.9328871	95.0	100.0
563.9538757	95.0	100.0
563.971769	95.0	100.0
563.9937103	95.0	100.0
564.0122243000001	95.0	100.0
564.0318226000002	95.0	100.0
564.0522126000001	95.0	100.0
564.0721266	95.0	100.0
564.0926962000001	95.0	100.0
564.1152198	95.0	100.0
564.1317840000002	95.0	100.0
564.1519677000001	95.0	100.0
564.1720705	95.0	100.0
564.1919246	95.0	100.0
564.2120011000002	95.0	100.0
564.2357717	95.0	100.0
564.2534701	95.0	100.0
564.2737158	95.0	100.0
564.2931156	95.0	100.0
564.3121159	95.0	100.0
564.3361746	95.0	100.0
564.3525497	95.0	100.0
564.3718968000001	95.0	100.0
564.3919150000002	95.0	100.0
564.4133327	95.0	100.0
564.4350851000002	95.0	100.0
564.4522342	95.0	100.0
564.4722360000001	95.0	100.0
564.4913446	95.0	100.0
564.5120357000001	95.0	100.0
564.532238	95.0	100.0
564.5525027000001	95.0	100.0
564.5724343000002	95.0	100.0
564.5946462000002	95.0	100.0
564.6120494000002	95.0	100.0
564.6337110000002	95.0	100.0
564.6536116	95.0	100.0
564.6658156000001	95.0	100.0
564.6856794	95.0	100.0
564.7054820000001	95.0	100.0
564.7265208000001	95.0	100.0
564.7482983	95.0	100.0
564.7688145	95.0	100.0
564.7899508	95.0	100.0
564.8129656000001	95.0	100.0
564.8320489	95.0	100.0
564.8564040000001	95.0	100.0
564.8723477000001	95.0	100.0
564.8930971	95.0	100.0
564.9153604	95.0	100.0
564.9326897000001	95.0	100.0
564.9531145000001	95.0	100.0
564.9720173000001	95.0	100.0
564.9925777000001	95.0	100.0
565.0126170000001	95.0	100.0
565.0322823000001	95.0	100.0
565.0533359000001	95.0	100.0
565.0757746000002	95.0	100.0
565.0925222000001	95.0	100.0
565.1128551000002	95.0	100.0
565.1323884000001	95.0	100.0
565.1533025000001	95.0	100.0
565.1732124	95.0	100.0
565.1920743000001	95.0	100.0
565.2152584	95.0	100.0
565.2346594	95.0	100.0
565.2533106000001	95.0	100.0
565.2722784	95.0	100.0
565.2930293000002	95.0	100.0
565.3127554	95.0	100.0
565.3324507	95.0	100.0
565.3525684000001	95.0	100.0
565.3764945	95.0	100.0
565.3957058000001	95.0	100.0
565.4125547000001	95.0	100.0
565.4324656000001	95.0	100.0
565.4535572	95.0	100.0
565.4725096	95.0	100.0
565.4932797000001	95.0	100.0
565.5130709	95.0	100.0
565.5335172	95.0	100.0
565.5551759	95.0	100.0
565.5733735000001	95.0	100.0
565.5933066	95.0	100.0
565.6132871	95.0	100.0
565.6327672	95.0	100.0
565.6537803000001	95.0	100.0
565.6720296000001	95.0	100.0
565.6947877	95.0	100.0
565.7161858000002	95.0	100.0
565.7344882	95.0	100.0
565.7535575000002	95.0	100.0
565.7734534000001	95.0	100.0
565.7939947	95.0	100.0
565.8120434	95.0	100.0
565.8316272	95.0	100.0
565.8506536	95.0	100.0
565.8670176	95.0	100.0
565.8871856000001	95.0	100.0
565.9081314	95.0	100.0
565.9298845000001	95.0	100.0
565.9513008000001	95.0	100.0
565.9709569000001	95.0	100.0
565.9901745	95.0	100.0
566.0139000000001	95.0	100.0
566.0349215000001	95.0	100.0
566.0539465000002	95.0	100.0
566.0725092	95.0	100.0
566.0936658	95.0	100.0
566.1130881000001	95.0	100.0
566.1332987000001	95.0	100.0
566.1537804	95.0	100.0
566.1736647	95.0	100.0
566.1953686000002	95.0	100.0
566.2136769000001	95.0	100.0
566.2334586000002	95.0	100.0
566.2537533	95.0	100.0
566.2732934000001	95.0	100.0
566.2943363000002	95.0	100.0
566.3139634000001	95.0	100.0
566.3352081	95.0	100.0
566.3564937000001	95.0	100.0
566.3735053	95.0	100.0
566.3934959000001	95.0	100.0
566.4172102	95.0	100.0
566.4325033	95.0	100.0
566.4533809	95.0	100.0
566.4727993000001	95.0	100.0
566.4949969000002	95.0	100.0
566.515958	95.0	100.0
566.5337987	95.0	100.0
566.5538709	95.0	100.0
566.5736292000001	95.0	100.0
566.5933557000001	95.0	100.0
566.6137501000001	95.0	100.0
566.6336363	95.0	100.0
566.6561243000001	95.0	100.0
566.6755847000002	95.0	100.0
566.6944036	95.0	100.0
566.7141793000001	96.0	100.0
566.7334641	96.0	100.0
566.7540690000001	96.0	100.0
566.7737855	96.0	100.0
566.7936985000001	96.0	100.0
566.8148686	96.0	100.0
566.8317761000001	96.0	100.0
566.8546143000001	96.0	100.0
566.8740638000002	96.0	100.0
566.8953359	96.0	100.0
566.9144471	96.0	100.0
566.9337192	96.0	100.0
566.9534924	96.0	100.0
566.9750313	96.0	100.0
566.995678	96.0	100.0
567.0138133	96.0	100.0
567.033684	96.0	100.0
567.0547332000001	96.0	100.0
567.0736756000001	96.0	100.0
567.0936895	96.0	100.0
567.113554	96.0	100.0
567.1349354000001	96.0	100.0
567.1552028000001	96.0	100.0
567.1738021000001	96.0	100.0
567.1936461	96.0	100.0
567.213876	96.0	100.0
567.2347686	96.0	100.0
567.2537488	96.0	100.0
567.2737823	96.0	100.0
567.2941373000001	96.0	100.0
567.3154038	96.0	100.0
567.3334143	96.0	100.0
567.3566333000001	96.0	100.0
567.3730123	96.0	100.0
567.3932228000001	96.0	100.0
567.4133916000001	96.0	100.0
567.4332124	96.0	100.0
567.4588832000002	96.0	100.0
567.4758489000001	96.0	100.0
567.4943093000002	96.0	100.0
567.5137933000001	96.0	100.0
567.5336265000001	96.0	100.0
567.5539291	96.0	100.0
567.5741229	96.0	100.0
567.5946551	96.0	100.0
567.6150832000001	96.0	100.0
567.6360376	96.0	100.0
567.6550287	96.0	100.0
567.6738251000002	96.0	100.0
567.6951917000001	96.0	100.0
567.7140236	94.0	100.0
567.7319597000001	94.0	100.0
567.7539516000002	94.0	100.0
567.7759272000001	94.0	100.0
567.7960420000002	94.0	100.0
567.813664	94.0	100.0
567.8338734000001	94.0	100.0
567.8543841000001	94.0	100.0
567.8774767	94.0	100.0
567.8951032	94.0	100.0
567.9136666000002	94.0	100.0
567.9348972	94.0	100.0
567.9568102000001	94.0	100.0
567.9765974000002	94.0	100.0
567.9938582	94.0	100.0
568.0139200000001	94.0	100.0
568.0336343000001	94.0	100.0
568.0549873	94.0	100.0
568.0737118	94.0	100.0
568.094243	94.0	100.0
568.1147800000001	94.0	100.0
568.1336995000001	94.0	100.0
568.1533599000002	94.0	100.0
568.1738515	94.0	100.0
568.1935336000001	94.0	100.0
568.2135753	94.0	100.0
568.2332843000002	94.0	100.0
568.2547938	94.0	100.0
568.2781304	94.0	100.0
568.2945731	94.0	100.0
568.3139445000002	94.0	100.0
568.3340711000001	94.0	100.0
568.3542491000001	94.0	100.0
568.3739121000001	94.0	100.0
568.3968406000001	94.0	100.0
568.4150765000002	94.0	100.0
568.4353694000001	94.0	100.0
568.4542678	94.0	100.0
568.4738108000001	94.0	100.0
568.4993139000001	94.0	100.0
568.5138293	94.0	100.0
568.5341397	94.0	100.0
568.5543526000001	94.0	100.0
568.5741681000002	94.0	100.0
568.6019447000001	94.0	100.0
568.6144828000001	94.0	100.0
568.6339069	94.0	100.0
568.6546763000001	94.0	100.0
568.6736555	94.0	100.0
568.6965571000001	94.0	100.0
568.7153969000001	94.0	100.0
568.7348808000002	94.0	100.0
568.7558534	94.0	100.0
568.7746005000001	94.0	100.0
568.795738	94.0	100.0
568.8148733	94.0	100.0
568.8346769	94.0	100.0
568.8543984	94.0	100.0
568.8741367	94.0	100.0
568.8938149	94.0	100.0
568.9160231000001	94.0	100.0
568.9314997000001	94.0	100.0
568.9518471000001	94.0	100.0
568.9728349	94.0	100.0
568.9936398	94.0	100.0
569.0164026	94.0	100.0
569.0348046000001	94.0	100.0
569.0555761	94.0	100.0
569.0758587	94.0	100.0
569.0951595000001	94.0	100.0
569.1157126	94.0	100.0
569.1347883000001	94.0	100.0
569.1551153	94.0	100.0
569.1750128000001	94.0	100.0
569.1950373	94.0	100.0
569.2161896	94.0	100.0
569.2360489	94.0	100.0
569.2543440000002	94.0	100.0
569.2752102000002	94.0	100.0
569.2951529000002	94.0	100.0
569.3140866000001	94.0	100.0
569.3348506	94.0	100.0
569.3545269000001	94.0	100.0
569.3751039000001	94.0	100.0
569.3952739000001	94.0	100.0
569.4152017000001	94.0	100.0
569.4350038	94.0	100.0
569.45487	94.0	100.0
569.4739131000001	94.0	100.0
569.4946032	94.0	100.0
569.5157397	94.0	100.0
569.5386113	94.0	100.0
569.5571657	94.0	100.0
569.5747330000002	94.0	100.0
569.5947366	94.0	100.0
569.6144544000001	94.0	100.0
569.6350114000002	94.0	100.0
569.6549943	94.0	100.0
569.6740874	94.0	100.0
569.6964586000001	94.0	100.0
569.7166267	92.0	100.0
569.7350151	92.0	100.0
569.7554301	92.0	100.0
569.7745293	92.0	100.0
569.7961458	92.0	100.0
569.8145415000001	92.0	100.0
569.8358891	92.0	100.0
569.855403	92.0	100.0
569.8776332	92.0	100.0
569.8950962000001	92.0	100.0
569.9149568	92.0	100.0
569.9353361000001	92.0	100.0
569.9591371000001	92.0	100.0
569.975308	92.0	100.0
569.9942005	92.0	100.0
570.0151352	92.0	100.0
570.0363787000001	92.0	100.0
570.0591837000002	92.0	100.0
570.0750089000001	92.0	100.0
570.0945824	92.0	100.0
570.114765	92.0	100.0
570.1349768	92.0	100.0
570.1549117	92.0	100.0
570.1761128	92.0	100.0
570.1970458000001	92.0	100.0
570.2150642000001	92.0	100.0
570.2353110000001	92.0	100.0
570.2561481	92.0	100.0
570.2748231	92.0	100.0
570.2949017000001	92.0	100.0
570.3143785	92.0	100.0
570.3354072	92.0	100.0
570.3561271000001	92.0	100.0
570.3753969000002	92.0	100.0
570.3954060000001	92.0	100.0
570.4145207000001	92.0	100.0
570.4344772000002	92.0	100.0
570.4556190000001	92.0	100.0
570.4792948000002	92.0	100.0
570.4961103	92.0	100.0
570.5177097000001	92.0	100.0
570.5354203000002	92.0	100.0
570.5557061000002	92.0	100.0
570.5750679	92.0	100.0
570.5952149	92.0	100.0
570.6150279000001	92.0	100.0
570.6352855	92.0	100.0
570.6554295000001	92.0	100.0
570.6762846000001	92.0	100.0
570.6963558	92.0	100.0
570.7149109000002	92.0	100.0
570.7347323000001	92.0	100.0
570.7556636000002	92.0	100.0
570.7760066000001	92.0	100.0
570.7952106	92.0	100.0
570.8157325	92.0	100.0
570.8377361	92.0	100.0
570.8558023	92.0	100.0
570.8750665	92.0	100.0
570.8956959	92.0	100.0
570.9152138000002	92.0	100.0
570.9349926	92.0	100.0
570.9569550000001	92.0	100.0
570.9752941000002	92.0	100.0
570.9974010000001	92.0	100.0
571.0159254	92.0	100.0
571.036051	92.0	100.0
571.0558272000001	92.0	100.0
571.0754135	92.0	100.0
571.0997355000002	92.0	100.0
571.1158050000001	92.0	100.0
571.1354597	92.0	100.0
571.1577505	92.0	100.0
571.1756979000002	92.0	100.0
571.1956651	92.0	100.0
571.2147698000001	92.0	100.0
571.2353856	92.0	100.0
571.2565395000001	92.0	100.0
571.2751282000002	92.0	100.0
571.2952156000001	92.0	100.0
571.3162156000001	92.0	100.0
571.3340244000001	92.0	100.0
571.359357	92.0	100.0
571.3757805	92.0	100.0
571.3948948	92.0	100.0
571.413714	92.0	100.0
571.4355272	92.0	100.0
571.4553237	92.0	100.0
571.4774426000001	92.0	100.0
571.4956393	92.0	100.0
571.5194895	92.0	100.0
571.5359215000001	92.0	100.0
571.5552842	92.0	100.0
571.5741731	92.0	100.0
571.595824	92.0	100.0
571.6163833	92.0	100.0
571.6373609	92.0	100.0
571.6555468000001	92.0	100.0
571.6754968	92.0	100.0
571.6966316	92.0	100.0
571.7160234	92.0	100.0
571.735637	92.0	100.0
571.7558017000001	92.0	100.0
571.7761375	92.0	100.0
571.7985120000001	92.0	100.0
571.8155736000001	92.0	100.0
571.8356413000001	92.0	100.0
571.8557868	92.0	100.0
571.8756561	92.0	100.0
571.8952554	92.0	100.0
571.9157524	92.0	100.0
571.9355242000001	92.0	100.0
571.9557111000001	92.0	100.0
571.9756360000001	92.0	100.0
571.9935697000001	92.0	100.0
572.0092159000001	92.0	100.0
572.0298461	92.0	100.0
572.0514571000001	92.0	100.0
572.0725417000001	92.0	100.0
572.0955602000001	92.0	100.0
572.1153751000002	92.0	100.0
572.1386745	92.0	100.0
572.1547415	92.0	100.0
572.1736945	92.0	100.0
572.1953959	92.0	100.0
572.215547	92.0	100.0
572.2359507000001	92.0	100.0
572.2563219000001	92.0	100.0
572.2777397	92.0	100.0
572.2959788000001	92.0	100.0
572.3159033000002	92.0	100.0
572.3363198	92.0	100.0
572.3559037	92.0	100.0
572.3757420000002	92.0	100.0
572.3964103000001	92.0	100.0
572.415217	92.0	100.0
572.4376142000001	92.0	100.0
572.4551951000001	92.0	100.0
572.4758319	92.0	100.0
572.4959825000001	92.0	100.0
572.5151278000001	92.0	100.0
572.5358659000001	92.0	100.0
572.5596935000001	92.0	100.0
572.5764997000001	92.0	100.0
572.5978801000001	92.0	100.0
572.6163166000001	92.0	100.0
572.6352507000001	92.0	100.0
572.6560577	92.0	100.0
572.675788	92.0	100.0
572.6976590000002	92.0	100.0
572.7160969000001	91.0	100.0
572.7364950000001	91.0	100.0
572.7625285000001	91.0	100.0
572.7757702000001	91.0	100.0
572.7959541	91.0	100.0
572.8159452	91.0	100.0
572.8359942	91.0	100.0
572.8560770000001	91.0	100.0
572.8763109000001	91.0	100.0
572.8965011	91.0	100.0
572.9181692	91.0	100.0
572.9362839	91.0	100.0
572.9554651000001	91.0	100.0
572.9757305	91.0	100.0
572.996052	91.0	100.0
573.0153541	91.0	100.0
573.0351656	91.0	100.0
573.0579346	91.0	100.0
573.0825508	91.0	100.0
573.0960258	91.0	100.0
573.1160207	91.0	100.0
573.1364462000001	91.0	100.0
573.1560866	91.0	100.0
573.1804805000002	91.0	100.0
573.1965451000001	91.0	100.0
573.2172143	91.0	100.0
573.2379291	91.0	100.0
573.2563465000001	91.0	100.0
573.2801571	91.0	100.0
573.2967019	91.0	100.0
573.3161177000002	91.0	100.0
573.3400777000002	91.0	100.0
573.3571654	91.0	100.0
573.3776733	91.0	100.0
573.3991045	91.0	100.0
573.4169041	91.0	100.0
573.4358604000001	91.0	100.0
573.4567518000001	91.0	100.0
573.4771182000002	91.0	100.0
573.4963201	91.0	100.0
573.5169168	91.0	100.0
573.5374275000001	91.0	100.0
573.5595306	91.0	100.0
573.5767511000001	91.0	100.0
573.5970026	91.0	100.0
573.6166483000002	91.0	100.0
573.6361656000001	91.0	100.0
573.6558585	91.0	100.0
573.6754774000001	91.0	100.0
573.7023153	91.0	100.0
573.7216156000002	90.0	100.0
573.7364781000001	90.0	100.0
573.7559374	90.0	100.0
573.7758797000001	90.0	100.0
573.7998953000001	90.0	100.0
573.8167992000001	90.0	100.0
573.836769	90.0	100.0
573.8574174	90.0	100.0
573.8778968000001	90.0	100.0
573.8973233000002	90.0	100.0
573.9161598000001	90.0	100.0
573.9364195	90.0	100.0
573.9566935	90.0	100.0
573.9761876	90.0	100.0
573.9957611	90.0	100.0
574.0177716000001	90.0	100.0
574.0390546000001	90.0	100.0
574.0561097	90.0	100.0
574.0760878000001	90.0	100.0
574.0958509	90.0	100.0
574.1199712	90.0	100.0
574.136913	90.0	100.0
574.1563029000001	90.0	100.0
574.1775321	90.0	100.0
574.1990028	90.0	100.0
574.2156323000002	90.0	100.0
574.2358195000002	90.0	100.0
574.257255	90.0	100.0
574.2758545000002	90.0	100.0
574.2958706000002	90.0	100.0
574.3201128000001	90.0	100.0
574.3360709000001	90.0	100.0
574.5272852	90.0	100.0
574.5273458000001	90.0	100.0
574.5273761000001	90.0	100.0
574.5274053	90.0	100.0
574.5274362	90.0	100.0
574.527466	90.0	100.0
574.527505	90.0	100.0
574.5275399	90.0	100.0
574.5275713000001	90.0	100.0
574.5382507000002	90.0	100.0
574.5578704	90.0	100.0
574.5772222	90.0	100.0
574.6312464	90.0	100.0
574.631267	90.0	100.0
574.6377476	90.0	100.0
574.7702804	90.0	100.0
574.7703139	90.0	100.0
574.7703324000001	90.0	100.0
574.7703489	88.0	100.0
574.770368	88.0	100.0
574.7704063000001	88.0	100.0
574.7776735	88.0	100.0
574.7978727	88.0	100.0
574.8181229000002	88.0	100.0
574.8439884000002	88.0	100.0
574.8968259000001	88.0	100.0
574.8968617	88.0	100.0
574.8980137000001	88.0	100.0
574.9181755	88.0	100.0
574.9379504000001	88.0	100.0
574.9926756	88.0	100.0
574.9927126	88.0	100.0
575.0000775000001	88.0	100.0
575.0187507	88.0	100.0
575.0361212	88.0	100.0
575.0941105000002	88.0	100.0
575.0941515	88.0	100.0
575.0941704000002	88.0	100.0
575.1117688000002	88.0	100.0
575.1356181000001	88.0	100.0
575.1580854000001	88.0	100.0
575.1957142000001	88.0	100.0
575.1970194	88.0	100.0
575.2176496	88.0	100.0
575.2376361000001	88.0	100.0
575.2612724	88.0	100.0
575.2981416	88.0	100.0
575.2992767000001	88.0	100.0
575.3204198000001	88.0	100.0
575.3385331000002	88.0	100.0
575.3605639	88.0	100.0
575.4024489000001	88.0	100.0
575.4024716000001	88.0	100.0
575.4175665	88.0	100.0
575.4374904000001	88.0	100.0
575.4589928	88.0	100.0
575.5028901000001	88.0	100.0
575.5029262	88.0	100.0
575.5179879	88.0	100.0
575.5377918000002	88.0	100.0
575.5592590000001	88.0	100.0
575.7565120000002	88.0	100.0
575.7565492000001	88.0	100.0
575.7565698000001	88.0	100.0
575.7565937000002	88.0	100.0
575.7566199	88.0	100.0
575.7566452000001	88.0	100.0
575.756672	88.0	100.0
575.7566967	86.0	100.0
575.7567167	86.0	100.0
575.7586483	86.0	100.0
575.7783670000001	86.0	100.0
575.7993438000001	86.0	100.0
575.8562416	86.0	100.0
575.8562617	86.0	100.0
575.8578116000001	86.0	100.0
575.8807499	86.0	100.0
575.9952254	86.0	100.0
575.9952619000001	86.0	100.0
575.9952797000001	86.0	100.0
575.9953032000001	86.0	100.0
575.9953259000001	86.0	100.0
575.9983972	86.0	100.0
576.0178492	86.0	100.0
576.0376874000001	86.0	100.0
576.0584329000001	86.0	100.0
576.0780154000001	86.0	100.0
576.0996495000002	86.0	100.0
576.1202827	86.0	100.0
576.1671364000001	86.0	100.0
576.167171	86.0	100.0
576.1799059	86.0	100.0
576.3039588000001	86.0	100.0
576.3039939	86.0	100.0
576.3040114	86.0	100.0
576.3040308	86.0	100.0
576.3040544	86.0	100.0
576.3040794000001	86.0	100.0
576.3186430000001	86.0	100.0
576.338614	86.0	100.0
576.361854	86.0	100.0
576.3807565	86.0	100.0
576.3904681000001	86.0	100.0
576.4161724	86.0	100.0
576.4320904000001	86.0	100.0
576.4510388000001	86.0	100.0
576.4709507	86.0	100.0
576.4914531000002	86.0	100.0
576.5129595000001	86.0	100.0
576.5378117	86.0	100.0
576.5554476	86.0	100.0
576.5788260000002	86.0	100.0
576.6332360000001	86.0	100.0
576.6332692000001	86.0	100.0
576.6394368000001	86.0	100.0
576.6599162	86.0	100.0
576.6787961	86.0	100.0
576.7000105	86.0	100.0
576.7197527000001	84.0	100.0
576.7822040000001	84.0	100.0
576.7822376000001	84.0	100.0
576.7825504	84.0	100.0
576.7998998	84.0	100.0
576.9165440000002	84.0	100.0
576.9165665	84.0	100.0
576.916575	84.0	100.0
576.9165822	84.0	100.0
576.9165893000002	84.0	100.0
576.9187983000002	84.0	100.0
576.9365083	84.0	100.0
576.9567672000001	84.0	100.0
576.978288	84.0	100.0
576.9991313	84.0	100.0
577.0192387	84.0	100.0
577.038618	84.0	100.0
577.0839631000001	84.0	100.0
577.0839978000001	84.0	100.0
577.1015127000001	84.0	100.0
577.2238478000002	84.0	100.0
577.2238834	84.0	100.0
577.2239013000001	84.0	100.0
577.2239172	84.0	100.0
577.2239429000001	84.0	100.0
577.2239596000002	84.0	100.0
577.2416598	84.0	100.0
577.2603120000001	84.0	100.0
577.2794926000001	84.0	100.0
577.2992554	84.0	100.0
577.3199962000001	84.0	100.0
577.3399354000001	84.0	100.0
577.3953912000002	84.0	100.0
577.3954264000001	84.0	100.0
577.4014808000002	84.0	100.0
577.5327497000001	84.0	100.0
577.5327856000001	84.0	100.0
577.5328029	84.0	100.0
577.5328222	84.0	100.0
577.5328433	84.0	100.0
577.5328612000001	84.0	100.0
577.5442882	84.0	100.0
577.5629628000002	84.0	100.0
577.5806527	84.0	100.0
577.5988527000002	84.0	100.0
577.6196625	84.0	100.0
577.660971	84.0	100.0
577.6610073000002	84.0	100.0
577.6795262	84.0	100.0
577.7010312	84.0	100.0
577.7217862	81.0	100.0
577.7470964000001	81.0	100.0
577.7598248000002	81.0	100.0
577.7801645	81.0	100.0
577.8002031000001	81.0	100.0
577.8201371	81.0	100.0
577.8400262	81.0	100.0
577.8646897000001	81.0	100.0
577.8820025	81.0	100.0
577.9004849	81.0	100.0
577.9200959	81.0	100.0
577.9393778000001	81.0	100.0
577.9757960000002	81.0	100.0
577.9912679000001	81.0	100.0
577.9999791	81.0	100.0
578.0227603000001	81.0	100.0
578.0416792000001	81.0	100.0
578.0590879000001	81.0	100.0
578.0793332000001	81.0	100.0
578.1013284	81.0	100.0
578.1183749000002	81.0	100.0
578.1322545	81.0	100.0
578.1533317000001	81.0	100.0
578.1736290000001	81.0	100.0
578.1963017	81.0	100.0
578.2153439000001	81.0	100.0
578.2381768	81.0	100.0
578.2634908	81.0	100.0
578.2774251000001	81.0	100.0
578.2998737	81.0	100.0
578.3201464000001	81.0	100.0
578.3415563000001	81.0	100.0
578.3660799000002	81.0	100.0
578.3799059	81.0	100.0
578.4004647000002	81.0	100.0
578.418651	81.0	100.0
578.4354295	81.0	100.0
578.4586807000001	81.0	100.0
578.4783863	81.0	100.0
578.6280248	81.0	100.0
578.6280456000002	81.0	100.0
578.6280539000002	81.0	100.0
578.6280614	81.0	100.0
578.6280696000001	81.0	100.0
578.6280769	81.0	100.0
578.6280840000002	81.0	100.0
578.6411738000002	81.0	100.0
578.6608739000001	81.0	100.0
578.7718308000001	81.0	100.0
578.7718664000001	81.0	100.0
578.7718851	78.0	100.0
578.7719089	78.0	100.0
578.7719337000001	78.0	100.0
578.7799375	78.0	100.0
578.8002441000001	78.0	100.0
578.8214134	78.0	100.0
578.9348599	78.0	100.0
578.9348798000001	78.0	100.0
578.9348884000001	78.0	100.0
578.9348962000001	78.0	100.0
578.9349032	78.0	100.0
578.9414334	78.0	100.0
578.9597800000001	78.0	100.0
578.9813000000001	78.0	100.0
579.0764079	78.0	100.0
579.0764409000001	78.0	100.0
579.0764646	78.0	100.0
579.0764873	78.0	100.0
579.0804430000001	78.0	100.0
579.1048372	78.0	100.0
579.1202684	78.0	100.0
579.1399256	78.0	100.0
579.2449798	78.0	100.0
579.2449989000002	78.0	100.0
579.2450072000001	78.0	100.0
579.2450163000001	78.0	100.0
579.2450482000002	78.0	100.0
579.2613855	78.0	100.0
579.2801423000001	78.0	100.0
579.3888835	78.0	100.0
579.3889183000001	78.0	100.0
579.3889358000001	78.0	100.0
579.3889559000002	78.0	100.0
579.3889797000002	78.0	100.0
579.4006908000001	78.0	100.0
579.4245136	78.0	100.0
579.4400766000001	78.0	100.0
579.5529868000001	78.0	100.0
579.5530214	78.0	100.0
579.5530402000002	78.0	100.0
579.5530612	78.0	100.0
579.5530845000001	78.0	100.0
579.5599764000001	78.0	100.0
579.5807725	78.0	100.0
579.6016957000002	78.0	100.0
579.6963076	78.0	100.0
579.6963423	78.0	100.0
579.6963600000001	78.0	100.0
579.6963769000001	78.0	100.0
579.7022326000001	78.0	100.0
579.722062	75.0	100.0
579.7403167	75.0	100.0
579.8513064000001	75.0	100.0
579.8513270000001	75.0	100.0
579.8513354000002	75.0	100.0
579.8513431000001	75.0	100.0
579.8513506000002	75.0	100.0
579.8616802000001	75.0	100.0
579.8806402	75.0	100.0
580.0033416000001	75.0	100.0
580.0033605000001	75.0	100.0
580.0033687	75.0	100.0
580.0033763000001	75.0	100.0
580.0033838000002	75.0	100.0
580.0033909000001	75.0	100.0
580.0228348	75.0	100.0
580.0405069000001	75.0	100.0
580.0629676000001	75.0	100.0
580.2482055	75.0	100.0
580.2482282000001	75.0	100.0
580.2482365000001	75.0	100.0
580.2482443000001	75.0	100.0
580.2482517000001	75.0	100.0
580.2482594	75.0	100.0
580.2482673000002	75.0	100.0
580.2482776000002	75.0	100.0
580.24829	75.0	100.0
580.2636986	75.0	100.0
580.2838126000001	75.0	100.0
580.3016721000001	75.0	100.0
580.3216236000001	75.0	100.0
580.3416943	75.0	100.0
580.3617525	75.0	100.0
580.5141089000001	75.0	100.0
580.5141286	75.0	100.0
580.5141368	75.0	100.0
580.5141445000002	75.0	100.0
580.5141519000001	75.0	100.0
580.5141591000001	75.0	100.0
580.5141662000001	75.0	100.0
580.5215538	75.0	100.0
580.5416043	75.0	100.0
580.561782	75.0	100.0
580.7201581000002	75.0	100.0
580.7201924000001	75.0	100.0
580.7202262000001	75.0	100.0
580.7202728	75.0	100.0
580.7203057000002	75.0	100.0
580.720335	75.0	100.0
580.7203615000001	75.0	100.0
580.7219129	73.0	100.0
580.7431394	73.0	100.0
580.7671616	73.0	100.0
580.7797099000002	73.0	100.0
580.8741835000001	73.0	100.0
580.8742267	73.0	100.0
580.8742545	73.0	100.0
580.8742802000002	73.0	100.0
580.8742969	73.0	100.0
580.8951269000002	73.0	100.0
580.9168725	73.0	100.0
581.0858452	73.0	100.0
581.0858809000001	73.0	100.0
581.0859002	73.0	100.0
581.0859309	73.0	100.0
581.0859737000001	73.0	100.0
581.0860006	73.0	100.0
581.0860262000001	73.0	100.0
581.0860529000001	73.0	100.0
581.0951544	73.0	100.0
581.1141363000002	73.0	100.0
581.1347534000001	73.0	100.0
581.1551235000002	73.0	100.0
581.1752733000001	73.0	100.0
581.3238193	73.0	100.0
581.3238391	73.0	100.0
581.3238491	73.0	100.0
581.3238570000001	73.0	100.0
581.3238645000001	73.0	100.0
581.3238715	73.0	100.0
581.3238786000002	73.0	100.0
581.337141	73.0	100.0
581.3574993	73.0	100.0
581.3792819	73.0	100.0
581.5333339000001	73.0	100.0
581.5333528000001	73.0	100.0
581.5333613	73.0	100.0
581.5333694000001	73.0	100.0
581.5333845	73.0	100.0
581.5334018000001	73.0	100.0
581.533418	73.0	100.0
581.5358518	73.0	100.0
581.5570002000002	73.0	100.0
581.577886	73.0	100.0
581.5988498000002	73.0	100.0
581.7384898	73.0	100.0
581.7385253	73.0	100.0
581.7385621000001	73.0	100.0
581.7385833000001	73.0	100.0
581.7386052000002	73.0	100.0
581.7386301000001	72.0	100.0
581.7386478000001	72.0	100.0
581.7607097	72.0	100.0
581.7797093000001	72.0	100.0
581.7995385000002	72.0	100.0
581.9480848000001	72.0	100.0
581.948118	72.0	100.0
581.9481354	72.0	100.0
581.9481542000001	72.0	100.0
581.948185	72.0	100.0
581.9482258	72.0	100.0
581.9482439000001	72.0	100.0
581.9630576	72.0	100.0
581.9839498000001	72.0	100.0
582.0030836000001	72.0	100.0
582.1528133000002	72.0	100.0
582.1528496000001	72.0	100.0
582.1528682000001	72.0	100.0
582.1528843000001	72.0	100.0
582.1529064000001	72.0	100.0
582.1529275	72.0	100.0
582.1529515	72.0	100.0
582.1631607000002	72.0	100.0
582.1821522	72.0	100.0
582.2023201000002	72.0	100.0
582.3586176000001	72.0	100.0
582.3586378	72.0	100.0
582.3586463000001	72.0	100.0
582.3586542	72.0	100.0
582.3586614000001	72.0	100.0
582.3586691	72.0	100.0
582.3586762	72.0	100.0
582.3654753000001	72.0	100.0
582.3836722000001	72.0	100.0
582.4035813	72.0	100.0
582.6172728000001	72.0	100.0
582.6172948000001	72.0	100.0
582.6173031000001	72.0	100.0
582.6173104000002	72.0	100.0
582.6173177000001	72.0	100.0
582.6173247000002	72.0	100.0
582.6173318000001	72.0	100.0
582.6173415000001	72.0	100.0
582.6173499000001	72.0	100.0
582.6173571000002	72.0	100.0
582.6240158	72.0	100.0
582.6477391000001	72.0	100.0
582.6643704	72.0	100.0
582.6832418000001	72.0	100.0
582.7042397	72.0	100.0
582.7254914	73.0	100.0
582.869553	73.0	100.0
582.8695882	73.0	100.0
582.8696054	73.0	100.0
582.8696254000001	73.0	100.0
582.8696535000001	73.0	100.0
582.8696935	73.0	100.0
582.8697191000001	73.0	100.0
582.8837800000001	73.0	100.0
582.9084789000001	73.0	100.0
582.9246158000001	73.0	100.0
583.0742512000002	73.0	100.0
583.0742858000001	73.0	100.0
583.0743028000002	73.0	100.0
583.0743193000001	73.0	100.0
583.0743360000001	73.0	100.0
583.0743705	73.0	100.0
583.0744116000001	73.0	100.0
583.0844211000001	73.0	100.0
583.1037222	73.0	100.0
583.1714688	73.0	100.0
583.1714883	73.0	100.0
583.1714968000001	73.0	100.0
583.1826336000001	73.0	100.0
583.2031169000002	73.0	100.0
583.2240283000001	73.0	100.0
583.3327296	73.0	100.0
583.3327518000001	73.0	100.0
583.3327610000001	73.0	100.0
583.3327692	73.0	100.0
583.3327763	73.0	100.0
583.3433337000001	73.0	100.0
583.3634128000001	73.0	100.0
583.4328971	73.0	100.0
583.4329313000001	73.0	100.0
583.4329488000001	73.0	100.0
583.4455372	73.0	100.0
583.4635422000001	73.0	100.0
583.4833855000002	73.0	100.0
583.5038043	73.0	100.0
583.52333	73.0	100.0
583.5447381000001	73.0	100.0
583.5639742000001	73.0	100.0
583.5843988000001	73.0	100.0
583.6038814000001	73.0	100.0
583.6243237000001	73.0	100.0
583.6441406000001	73.0	100.0
583.6646987000001	73.0	100.0
583.6886849	73.0	100.0
583.7048454000001	73.0	100.0
583.7239336	72.0	100.0
583.7437885000002	72.0	100.0
583.7638724000001	72.0	100.0
583.7840140000001	72.0	100.0
583.8034798000001	72.0	100.0
583.8247131	72.0	100.0
583.8444404000002	72.0	100.0
583.8645053	72.0	100.0
583.8844337	72.0	100.0
583.9039631	72.0	100.0
583.9239647000002	72.0	100.0
583.9437713	72.0	100.0
583.9657824000001	72.0	100.0
583.9850867	72.0	100.0
584.0042766000001	72.0	100.0
584.0257201000002	72.0	100.0
584.0444138	72.0	100.0
584.0644332000002	72.0	100.0
584.0831371000002	72.0	100.0
584.1018851000001	72.0	100.0
584.1234246000001	72.0	100.0
584.1433129	72.0	100.0
584.163646	72.0	100.0
584.1835819	72.0	100.0
584.2073869000001	72.0	100.0
584.2235939	72.0	100.0
584.243766	72.0	100.0
584.2653191000002	72.0	100.0
584.2840328	72.0	100.0
584.3087018000001	72.0	100.0
584.3237173	72.0	100.0
584.3438685000001	72.0	100.0
584.3642903	72.0	100.0
584.3843630000001	72.0	100.0
584.403982	72.0	100.0
584.4242211000001	72.0	100.0
584.4435742000001	72.0	100.0
584.4643147000002	72.0	100.0
584.4838417000001	72.0	100.0
584.5040425	72.0	100.0
584.5282932	72.0	100.0
584.5442229	72.0	100.0
584.5644254000001	72.0	100.0
584.5843965000001	72.0	100.0
584.6035615000001	72.0	100.0
584.6285657000001	72.0	100.0
584.6453648000002	72.0	100.0
584.6644791000001	72.0	100.0
584.6834261000001	72.0	100.0
584.7053671000001	72.0	100.0
584.7243485000001	71.0	100.0
584.7441737000001	71.0	100.0
584.7646388000001	71.0	100.0
584.7836898	71.0	100.0
584.8040186000001	71.0	100.0
584.8289804000001	71.0	100.0
584.8437883000001	71.0	100.0
584.8654113	71.0	100.0
584.8841664000001	71.0	100.0
584.9088138	71.0	100.0
584.9248968000002	71.0	100.0
584.9448762	71.0	100.0
584.9643077000001	71.0	100.0
584.9858675	71.0	100.0
585.0046108000001	71.0	100.0
585.0233907000002	71.0	100.0
585.0432767	71.0	100.0
585.0637047	71.0	100.0
585.0838181000001	71.0	100.0
585.1040367	71.0	100.0
585.1234895	71.0	100.0
585.1438179000002	71.0	100.0
585.1640856000001	71.0	100.0
585.1839081	71.0	100.0
585.2040677	71.0	100.0
585.2233376000001	71.0	100.0
585.2476655	71.0	100.0
585.2639836000001	71.0	100.0
585.2833403	71.0	100.0
585.3038351	71.0	100.0
585.3237349000001	71.0	100.0
585.3437234	71.0	100.0
585.3636962	71.0	100.0
585.3836089000001	71.0	100.0
585.4043339	71.0	100.0
585.4238343	71.0	100.0
585.4440378000002	71.0	100.0
585.4640905000001	71.0	100.0
585.4838098	71.0	100.0
585.5040962	71.0	100.0
585.5241061000002	71.0	100.0
585.5441364000001	71.0	100.0
585.5679363000002	71.0	100.0
585.5840936	71.0	100.0
585.6042555000001	71.0	100.0
585.6235548	71.0	100.0
585.6438368000001	71.0	100.0
585.6685633	71.0	100.0
585.683241	71.0	100.0
585.7050076	71.0	100.0
585.7244860000001	70.0	100.0
585.7443441	70.0	100.0
585.7682477000001	70.0	100.0
585.7844723000001	70.0	100.0
585.8047020000001	70.0	100.0
585.8235406000001	70.0	100.0
585.8442712000001	70.0	100.0
585.8682753	70.0	100.0
585.8842073000001	70.0	100.0
585.9043802000001	70.0	100.0
585.9226366	70.0	100.0
585.9473631000001	70.0	100.0
585.9642332000001	70.0	100.0
585.9840374	70.0	100.0
586.0035878000001	70.0	100.0
586.0244312	70.0	100.0
586.0437954000001	70.0	100.0
586.0641692000002	70.0	100.0
586.0838044	70.0	100.0
586.1048378	70.0	100.0
586.1233266000002	70.0	100.0
586.1439050000001	70.0	100.0
586.1639663000001	70.0	100.0
586.1843508000002	70.0	100.0
586.2032857000002	70.0	100.0
