onset	duration	trial_type	value	sample
43.248	0.0	Song_Start	15	10812
43.516	0.0	Listen_Start	12	10879
44.312	0.0	Arrow_Right_Spawn	6	11078
44.932	0.0	Arrow_Left_Spawn	4	11233
45.636	0.0	Arrow_Left_Spawn	4	11409
46.296	0.0	Arrow_Right_Spawn	6	11574
46.352	0.0	Listen_End	11	11588
46.512	0.0	Arrow_Right_HitZone	5	11628
46.52	0.0	Right_Miss	13	11630
47.128	0.0	Arrow_Left_HitZone	3	11782
47.136	0.0	Left_Miss	10	11784
47.836	0.0	Arrow_Left_HitZone	3	11959
47.848	0.0	Left_Miss	10	11962
48.496	0.0	Arrow_Right_HitZone	5	12124
48.504	0.0	Right_Miss	13	12126
48.76	0.0	Listen_Start	12	12190
49.64	0.0	Arrow_Right_Spawn	6	12410
50.244	0.0	Arrow_Left_Spawn	4	12561
50.904	0.0	Arrow_Right_Spawn	6	12726
51.66	0.0	Listen_End	11	12915
51.84	0.0	Arrow_Right_HitZone	5	12960
51.848	0.0	Right_Miss	13	12962
52.444	0.0	Arrow_Left_HitZone	3	13111
52.452	0.0	Left_Miss	10	13113
53.104	0.0	Arrow_Right_HitZone	5	13276
53.112	0.0	Right_Miss	13	13278
53.384	0.0	Listen_Start	12	13346
54.992	0.0	Arrow_Left_Spawn	4	13748
56.228	0.0	Arrow_Left_Spawn	4	14057
56.916	0.0	Arrow_Right_Spawn	6	14229
57.032	0.0	Listen_End	11	14258
57.192	0.0	Arrow_Left_HitZone	3	14298
57.2	0.0	Left_Miss	10	14300
58.428	0.0	Arrow_Left_HitZone	3	14607
58.436	0.0	Left_Miss	10	14609
59.116	0.0	Arrow_Right_HitZone	5	14779
59.12	0.0	Right_Miss	13	14780
59.476	0.0	Listen_Start	12	14869
60.296	0.0	Arrow_Left_Spawn	4	15074
60.78	0.0	Arrow_Right_Spawn	6	15195
62.204	0.0	Arrow_Left_Spawn	4	15551
62.356	0.0	Listen_End	11	15589
62.492	0.0	Arrow_Left_HitZone	3	15623
62.5	0.0	Left_Miss	10	15625
62.98	0.0	Arrow_Right_HitZone	5	15745
62.988	0.0	Right_Miss	13	15747
64.404	0.0	Arrow_Left_HitZone	3	16101
64.408	0.0	Left_Miss	10	16102
64.876	0.0	Listen_Start	12	16219
66.096	0.0	Arrow_Left_Spawn	4	16524
66.708	0.0	Arrow_Right_Spawn	6	16677
67.416	0.0	Arrow_Right_Spawn	6	16854
68.052	0.0	Listen_End	11	17013
68.296	0.0	Arrow_Left_HitZone	3	17074
68.304	0.0	Left_Miss	10	17076
68.904	0.0	Arrow_Right_HitZone	5	17226
68.912	0.0	Right_Miss	13	17228
69.612	0.0	Arrow_Right_HitZone	5	17403
69.62	0.0	Right_Miss	13	17405
69.94	0.0	Listen_Start	12	17485
70.836	0.0	Arrow_Left_Spawn	4	17709
72.124	0.0	Arrow_Right_Spawn	6	18031
72.804	0.0	Listen_End	11	18201
73.036	0.0	Arrow_Left_HitZone	3	18259
73.04	0.0	Left_Miss	10	18260
74.324	0.0	Arrow_Right_HitZone	5	18581
74.332	0.0	Right_Miss	13	18583
74.688	0.0	Listen_Start	12	18672
76.768	0.0	Arrow_Right_Spawn	6	19192
78.168	0.0	Arrow_Left_Spawn	4	19542
78.768	0.0	Listen_End	11	19692
78.968	0.0	Arrow_Right_HitZone	5	19742
78.976	0.0	Right_Miss	13	19744
80.368	0.0	Arrow_Left_HitZone	3	20092
80.376	0.0	Left_Miss	10	20094
80.676	0.0	Listen_Start	12	20169
82.228	0.0	Arrow_Right_Spawn	6	20557
82.764	0.0	Arrow_Right_Spawn	6	20691
84.18	0.0	Listen_End	11	21045
84.428	0.0	Arrow_Right_HitZone	5	21107
84.436	0.0	Right_Miss	13	21109
84.964	0.0	Arrow_Right_HitZone	5	21241
84.972	0.0	Right_Miss	13	21243
87.1	0.0	Song_End	14	21775
105.896	0.0	Song_Start	15	26474
106.124	0.0	Listen_Start	12	26531
106.956	0.0	Arrow_Left_Spawn	4	26739
107.572	0.0	Arrow_Up_Spawn	8	26893
108.28	0.0	Arrow_Left_Spawn	4	27070
108.94	0.0	Arrow_Up_Spawn	8	27235
108.96	0.0	Listen_End	11	27240
109.156	0.0	Arrow_Left_HitZone	3	27289
109.16	0.0	Left_Miss	10	27290
109.772	0.0	Arrow_Up_HitZone	7	27443
109.78	0.0	Up_Miss	16	27445
110.48	0.0	Arrow_Left_HitZone	3	27620
110.488	0.0	Left_Miss	10	27622
111.14	0.0	Arrow_Up_HitZone	7	27785
111.148	0.0	Up_Miss	16	27787
111.376	0.0	Listen_Start	12	27844
112.284	0.0	Arrow_Left_Spawn	4	28071
112.888	0.0	Arrow_Up_Spawn	8	28222
113.548	0.0	Arrow_Left_Spawn	4	28387
114.276	0.0	Listen_End	11	28569
114.484	0.0	Arrow_Left_HitZone	3	28621
114.492	0.0	Left_Miss	10	28623
115.088	0.0	Arrow_Up_HitZone	7	28772
115.096	0.0	Up_Miss	16	28774
115.748	0.0	Arrow_Left_HitZone	3	28937
115.756	0.0	Left_Miss	10	28939
115.988	0.0	Listen_Start	12	28997
117.64	0.0	Arrow_Up_Spawn	8	29410
118.884	0.0	Arrow_Left_Spawn	4	29721
119.564	0.0	Arrow_Up_Spawn	8	29891
119.652	0.0	Listen_End	11	29913
119.84	0.0	Arrow_Up_HitZone	7	29960
119.848	0.0	Up_Miss	16	29962
121.084	0.0	Arrow_Left_HitZone	3	30271
121.092	0.0	Left_Miss	10	30273
121.764	0.0	Arrow_Up_HitZone	7	30441
121.772	0.0	Up_Miss	16	30443
122.084	0.0	Listen_Start	12	30521
122.944	0.0	Arrow_Left_Spawn	4	30736
123.428	0.0	Arrow_Up_Spawn	8	30857
124.86	0.0	Arrow_Left_Spawn	4	31215
124.964	0.0	Listen_End	11	31241
125.144	0.0	Arrow_Left_HitZone	3	31286
125.152	0.0	Left_Miss	10	31288
125.628	0.0	Arrow_Up_HitZone	7	31407
125.636	0.0	Up_Miss	16	31409
127.06	0.0	Arrow_Left_HitZone	3	31765
127.064	0.0	Left_Miss	10	31766
127.496	0.0	Listen_Start	12	31874
128.744	0.0	Arrow_Up_Spawn	8	32186
129.364	0.0	Arrow_Left_Spawn	4	32341
130.072	0.0	Arrow_Up_Spawn	8	32518
130.672	0.0	Listen_End	11	32668
130.944	0.0	Arrow_Up_HitZone	7	32736
130.952	0.0	Up_Miss	16	32738
131.564	0.0	Arrow_Left_HitZone	3	32891
131.568	0.0	Left_Miss	10	32892
132.268	0.0	Arrow_Up_HitZone	7	33067
132.276	0.0	Up_Miss	16	33069
132.556	0.0	Listen_Start	12	33139
133.492	0.0	Arrow_Left_Spawn	4	33373
134.776	0.0	Arrow_Up_Spawn	8	33694
135.412	0.0	Listen_End	11	33853
135.692	0.0	Arrow_Left_HitZone	3	33923
135.696	0.0	Left_Miss	10	33924
136.976	0.0	Arrow_Up_HitZone	7	34244
136.98	0.0	Up_Miss	16	34245
137.296	0.0	Listen_Start	12	34324
139.416	0.0	Arrow_Left_Spawn	4	34854
140.828	0.0	Arrow_Up_Spawn	8	35207
141.38	0.0	Listen_End	11	35345
141.616	0.0	Arrow_Left_HitZone	3	35404
141.624	0.0	Left_Miss	10	35406
143.028	0.0	Arrow_Up_HitZone	7	35757
143.032	0.0	Up_Miss	16	35758
143.284	0.0	Listen_Start	12	35821
144.88	0.0	Arrow_Left_Spawn	4	36220
145.412	0.0	Arrow_Up_Spawn	8	36353
146.796	0.0	Listen_End	11	36699
147.08	0.0	Arrow_Left_HitZone	3	36770
147.084	0.0	Left_Miss	10	36771
147.612	0.0	Arrow_Up_HitZone	7	36903
147.62	0.0	Up_Miss	16	36905
149.736	0.0	Song_End	14	37434
171.208	0.0	Song_Start	15	42802
171.444	0.0	Listen_Start	12	42861
172.304	0.0	Arrow_Left_Spawn	4	43076
172.916	0.0	Arrow_Down_Spawn	2	43229
173.624	0.0	Arrow_Left_Spawn	4	43406
174.28	0.0	Listen_End	11	43570
174.288	0.0	Arrow_Down_Spawn	2	43572
174.504	0.0	Arrow_Left_HitZone	3	43626
174.512	0.0	Left_Miss	10	43628
175.112	0.0	Arrow_Down_HitZone	1	43778
175.12	0.0	Down_Miss	9	43780
175.82	0.0	Arrow_Left_HitZone	3	43955
175.828	0.0	Left_Miss	10	43957
176.488	0.0	Arrow_Down_HitZone	1	44122
176.496	0.0	Down_Miss	9	44124
176.696	0.0	Listen_Start	12	44174
177.628	0.0	Arrow_Left_Spawn	4	44407
178.228	0.0	Arrow_Down_Spawn	2	44557
178.888	0.0	Arrow_Left_Spawn	4	44722
179.596	0.0	Listen_End	11	44899
179.824	0.0	Arrow_Left_HitZone	3	44956
179.832	0.0	Left_Miss	10	44958
180.428	0.0	Arrow_Down_HitZone	1	45107
180.436	0.0	Down_Miss	9	45109
181.088	0.0	Arrow_Left_HitZone	3	45272
181.096	0.0	Left_Miss	10	45274
181.312	0.0	Listen_Start	12	45328
182.976	0.0	Arrow_Down_Spawn	2	45744
184.22	0.0	Arrow_Left_Spawn	4	46055
184.9	0.0	Arrow_Down_Spawn	2	46225
184.976	0.0	Listen_End	11	46244
185.176	0.0	Arrow_Down_HitZone	1	46294
185.184	0.0	Down_Miss	9	46296
186.42	0.0	Arrow_Left_HitZone	3	46605
186.424	0.0	Left_Miss	10	46606
187.1	0.0	Arrow_Down_HitZone	1	46775
187.104	0.0	Down_Miss	9	46776
187.404	0.0	Listen_Start	12	46851
188.28	0.0	Arrow_Left_Spawn	4	47070
188.764	0.0	Arrow_Down_Spawn	2	47191
190.192	0.0	Arrow_Left_Spawn	4	47548
190.284	0.0	Listen_End	11	47571
190.48	0.0	Arrow_Left_HitZone	3	47620
190.484	0.0	Left_Miss	10	47621
190.964	0.0	Arrow_Down_HitZone	1	47741
190.972	0.0	Down_Miss	9	47743
192.392	0.0	Arrow_Left_HitZone	3	48098
192.4	0.0	Left_Miss	10	48100
192.816	0.0	Listen_Start	12	48204
194.08	0.0	Arrow_Down_Spawn	2	48520
194.696	0.0	Arrow_Left_Spawn	4	48674
195.404	0.0	Arrow_Down_Spawn	2	48851
195.996	0.0	Listen_End	11	48999
196.28	0.0	Arrow_Down_HitZone	1	49070
196.288	0.0	Down_Miss	9	49072
196.896	0.0	Arrow_Left_HitZone	3	49224
196.904	0.0	Left_Miss	10	49226
197.604	0.0	Arrow_Down_HitZone	1	49401
197.612	0.0	Down_Miss	9	49403
197.884	0.0	Listen_Start	12	49471
198.828	0.0	Arrow_Left_Spawn	4	49707
200.108	0.0	Arrow_Down_Spawn	2	50027
200.748	0.0	Listen_End	11	50187
201.024	0.0	Arrow_Left_HitZone	3	50256
201.032	0.0	Left_Miss	10	50258
202.308	0.0	Arrow_Down_HitZone	1	50577
202.316	0.0	Down_Miss	9	50579
202.616	0.0	Listen_Start	12	50654
204.752	0.0	Arrow_Left_Spawn	4	51188
206.16	0.0	Arrow_Down_Spawn	2	51540
206.704	0.0	Listen_End	11	51676
206.952	0.0	Arrow_Left_HitZone	3	51738
206.96	0.0	Left_Miss	10	51740
208.36	0.0	Arrow_Down_HitZone	1	52090
208.368	0.0	Down_Miss	9	52092
208.612	0.0	Listen_Start	12	52153
210.212	0.0	Arrow_Left_Spawn	4	52553
210.748	0.0	Arrow_Down_Spawn	2	52687
212.124	0.0	Listen_End	11	53031
212.412	0.0	Arrow_Left_HitZone	3	53103
212.42	0.0	Left_Miss	10	53105
212.948	0.0	Arrow_Down_HitZone	1	53237
212.956	0.0	Down_Miss	9	53239
215.052	0.0	Song_End	14	53763
237.084	0.0	Song_Start	15	59271
237.328	0.0	Listen_Start	12	59332
238.18	0.0	Arrow_Up_Spawn	8	59545
238.792	0.0	Arrow_Down_Spawn	2	59698
239.5	0.0	Arrow_Up_Spawn	8	59875
240.164	0.0	Listen_End	11	60041
240.164	0.0	Arrow_Down_Spawn	2	60041
240.38	0.0	Arrow_Up_HitZone	7	60095
240.388	0.0	Up_Miss	16	60097
240.992	0.0	Arrow_Down_HitZone	1	60248
240.996	0.0	Down_Miss	9	60249
241.696	0.0	Arrow_Up_HitZone	7	60424
241.704	0.0	Up_Miss	16	60426
242.364	0.0	Arrow_Down_HitZone	1	60591
242.372	0.0	Down_Miss	9	60593
242.572	0.0	Listen_Start	12	60643
243.504	0.0	Arrow_Up_Spawn	8	60876
244.104	0.0	Arrow_Down_Spawn	2	61026
244.764	0.0	Arrow_Up_Spawn	8	61191
245.472	0.0	Listen_End	11	61368
245.7	0.0	Arrow_Up_HitZone	7	61425
245.708	0.0	Up_Miss	16	61427
246.304	0.0	Arrow_Down_HitZone	1	61576
246.312	0.0	Down_Miss	9	61578
246.964	0.0	Arrow_Up_HitZone	7	61741
246.972	0.0	Up_Miss	16	61743
247.192	0.0	Listen_Start	12	61798
248.852	0.0	Arrow_Down_Spawn	2	62213
250.096	0.0	Arrow_Up_Spawn	8	62524
250.776	0.0	Arrow_Down_Spawn	2	62694
250.852	0.0	Listen_End	11	62713
251.052	0.0	Arrow_Down_HitZone	1	62763
251.06	0.0	Down_Miss	9	62765
252.296	0.0	Arrow_Up_HitZone	7	63074
252.3	0.0	Up_Miss	16	63075
252.976	0.0	Arrow_Down_HitZone	1	63244
252.98	0.0	Down_Miss	9	63245
253.288	0.0	Listen_Start	12	63322
254.156	0.0	Arrow_Up_Spawn	8	63539
254.64	0.0	Arrow_Down_Spawn	2	63660
256.068	0.0	Arrow_Up_Spawn	8	64017
256.168	0.0	Listen_End	11	64042
256.352	0.0	Arrow_Up_HitZone	7	64088
256.36	0.0	Up_Miss	16	64090
256.84	0.0	Arrow_Down_HitZone	1	64210
256.848	0.0	Down_Miss	9	64212
258.268	0.0	Arrow_Up_HitZone	7	64567
258.276	0.0	Up_Miss	16	64569
258.692	0.0	Listen_Start	12	64673
259.956	0.0	Arrow_Down_Spawn	2	64989
260.572	0.0	Arrow_Up_Spawn	8	65143
261.28	0.0	Arrow_Down_Spawn	2	65320
261.872	0.0	Listen_End	11	65468
262.156	0.0	Arrow_Down_HitZone	1	65539
262.164	0.0	Down_Miss	9	65541
262.772	0.0	Arrow_Up_HitZone	7	65693
262.78	0.0	Up_Miss	16	65695
263.48	0.0	Arrow_Down_HitZone	1	65870
263.488	0.0	Down_Miss	9	65872
263.752	0.0	Listen_Start	12	65938
264.704	0.0	Arrow_Up_Spawn	8	66176
265.988	0.0	Arrow_Down_Spawn	2	66497
266.616	0.0	Listen_End	11	66654
266.9	0.0	Arrow_Up_HitZone	7	66725
266.908	0.0	Up_Miss	16	66727
268.184	0.0	Arrow_Down_HitZone	1	67046
268.192	0.0	Down_Miss	9	67048
268.492	0.0	Listen_Start	12	67123
270.628	0.0	Arrow_Up_Spawn	8	67657
272.036	0.0	Arrow_Down_Spawn	2	68009
272.584	0.0	Listen_End	11	68146
272.828	0.0	Arrow_Up_HitZone	7	68207
272.836	0.0	Up_Miss	16	68209
274.236	0.0	Arrow_Down_HitZone	1	68559
274.244	0.0	Down_Miss	9	68561
274.488	0.0	Listen_Start	12	68622
276.088	0.0	Arrow_Up_Spawn	8	69022
276.624	0.0	Arrow_Down_Spawn	2	69156
277.992	0.0	Listen_End	11	69498
278.288	0.0	Arrow_Up_HitZone	7	69572
278.296	0.0	Up_Miss	16	69574
278.824	0.0	Arrow_Down_HitZone	1	69706
278.832	0.0	Down_Miss	9	69708
280.928	0.0	Song_End	14	70232
299.464	0.0	Song_Start	15	74866
299.696	0.0	Listen_Start	12	74924
300.56	0.0	Arrow_Right_Spawn	6	75140
301.168	0.0	Arrow_Up_Spawn	8	75292
301.876	0.0	Arrow_Right_Spawn	6	75469
302.536	0.0	Listen_End	11	75634
302.544	0.0	Arrow_Up_Spawn	8	75636
302.76	0.0	Arrow_Right_HitZone	5	75690
302.764	0.0	Right_Miss	13	75691
303.368	0.0	Arrow_Up_HitZone	7	75842
303.376	0.0	Up_Miss	16	75844
304.076	0.0	Arrow_Right_HitZone	5	76019
304.084	0.0	Right_Miss	13	76021
304.744	0.0	Arrow_Up_HitZone	7	76186
304.748	0.0	Up_Miss	16	76187
304.944	0.0	Listen_Start	12	76236
305.88	0.0	Arrow_Right_Spawn	6	76470
306.484	0.0	Arrow_Up_Spawn	8	76621
307.144	0.0	Arrow_Right_Spawn	6	76786
307.844	0.0	Listen_End	11	76961
308.08	0.0	Arrow_Right_HitZone	5	77020
308.088	0.0	Right_Miss	13	77022
308.684	0.0	Arrow_Up_HitZone	7	77171
308.692	0.0	Up_Miss	16	77173
309.344	0.0	Arrow_Right_HitZone	5	77336
309.352	0.0	Right_Miss	13	77338
309.564	0.0	Listen_Start	12	77391
311.232	0.0	Arrow_Up_Spawn	8	77808
312.472	0.0	Arrow_Right_Spawn	6	78118
313.152	0.0	Arrow_Up_Spawn	8	78288
313.224	0.0	Listen_End	11	78306
313.432	0.0	Arrow_Up_HitZone	7	78358
313.436	0.0	Up_Miss	16	78359
314.672	0.0	Arrow_Right_HitZone	5	78668
314.68	0.0	Right_Miss	13	78670
315.352	0.0	Arrow_Up_HitZone	7	78838
315.36	0.0	Up_Miss	16	78840
315.652	0.0	Listen_Start	12	78913
316.532	0.0	Arrow_Right_Spawn	6	79133
317.02	0.0	Arrow_Up_Spawn	8	79255
318.448	0.0	Arrow_Right_Spawn	6	79612
318.532	0.0	Listen_End	11	79633
318.732	0.0	Arrow_Right_HitZone	5	79683
318.74	0.0	Right_Miss	13	79685
319.22	0.0	Arrow_Up_HitZone	7	79805
319.224	0.0	Up_Miss	16	79806
320.648	0.0	Arrow_Right_HitZone	5	80162
320.656	0.0	Right_Miss	13	80164
321.064	0.0	Listen_Start	12	80266
322.336	0.0	Arrow_Up_Spawn	8	80584
322.952	0.0	Arrow_Right_Spawn	6	80738
323.66	0.0	Arrow_Up_Spawn	8	80915
324.236	0.0	Listen_End	11	81059
324.536	0.0	Arrow_Up_HitZone	7	81134
324.54	0.0	Up_Miss	16	81135
325.152	0.0	Arrow_Right_HitZone	5	81288
325.16	0.0	Right_Miss	13	81290
325.86	0.0	Arrow_Up_HitZone	7	81465
325.868	0.0	Up_Miss	16	81467
326.124	0.0	Listen_Start	12	81531
327.08	0.0	Arrow_Right_Spawn	6	81770
328.364	0.0	Arrow_Up_Spawn	8	82091
328.984	0.0	Listen_End	11	82246
329.28	0.0	Arrow_Right_HitZone	5	82320
329.288	0.0	Right_Miss	13	82322
330.564	0.0	Arrow_Up_HitZone	7	82641
330.572	0.0	Up_Miss	16	82643
330.864	0.0	Listen_Start	12	82716
333.008	0.0	Arrow_Right_Spawn	6	83252
334.408	0.0	Arrow_Up_Spawn	8	83602
334.944	0.0	Listen_End	11	83736
335.208	0.0	Arrow_Right_HitZone	5	83802
335.212	0.0	Right_Miss	13	83803
336.608	0.0	Arrow_Up_HitZone	7	84152
336.616	0.0	Up_Miss	16	84154
336.852	0.0	Listen_Start	12	84213
338.468	0.0	Arrow_Right_Spawn	6	84617
339.004	0.0	Arrow_Up_Spawn	8	84751
340.364	0.0	Listen_End	11	85091
340.668	0.0	Arrow_Right_HitZone	5	85167
340.676	0.0	Right_Miss	13	85169
341.204	0.0	Arrow_Up_HitZone	7	85301
341.208	0.0	Up_Miss	16	85302
343.292	0.0	Song_End	14	85823
360.94	0.0	Song_Start	15	90235
361.176	0.0	Listen_Start	12	90294
362.036	0.0	Arrow_Right_Spawn	6	90509
362.644	0.0	Arrow_Down_Spawn	2	90661
363.352	0.0	Arrow_Right_Spawn	6	90838
364.012	0.0	Listen_End	11	91003
364.02	0.0	Arrow_Down_Spawn	2	91005
364.236	0.0	Arrow_Right_HitZone	5	91059
364.24	0.0	Right_Miss	13	91060
364.844	0.0	Arrow_Down_HitZone	1	91211
364.852	0.0	Down_Miss	9	91213
365.552	0.0	Arrow_Right_HitZone	5	91388
365.56	0.0	Right_Miss	13	91390
366.22	0.0	Arrow_Down_HitZone	1	91555
366.228	0.0	Down_Miss	9	91557
366.428	0.0	Listen_Start	12	91607
367.356	0.0	Arrow_Right_Spawn	6	91839
367.96	0.0	Arrow_Down_Spawn	2	91990
368.62	0.0	Arrow_Right_Spawn	6	92155
369.32	0.0	Listen_End	11	92330
369.556	0.0	Arrow_Right_HitZone	5	92389
369.564	0.0	Right_Miss	13	92391
370.16	0.0	Arrow_Down_HitZone	1	92540
370.168	0.0	Down_Miss	9	92542
370.82	0.0	Arrow_Right_HitZone	5	92705
370.828	0.0	Right_Miss	13	92707
371.044	0.0	Listen_Start	12	92761
372.708	0.0	Arrow_Down_Spawn	2	93177
373.948	0.0	Arrow_Right_Spawn	6	93487
374.628	0.0	Arrow_Down_Spawn	2	93657
374.708	0.0	Listen_End	11	93677
374.908	0.0	Arrow_Down_HitZone	1	93727
374.916	0.0	Down_Miss	9	93729
376.148	0.0	Arrow_Right_HitZone	5	94037
376.156	0.0	Right_Miss	13	94039
376.828	0.0	Arrow_Down_HitZone	1	94207
376.836	0.0	Down_Miss	9	94209
377.136	0.0	Listen_Start	12	94284
378.008	0.0	Arrow_Right_Spawn	6	94502
378.496	0.0	Arrow_Down_Spawn	2	94624
379.924	0.0	Arrow_Right_Spawn	6	94981
380.016	0.0	Listen_End	11	95004
380.208	0.0	Arrow_Right_HitZone	5	95052
380.216	0.0	Right_Miss	13	95054
380.696	0.0	Arrow_Down_HitZone	1	95174
380.7	0.0	Down_Miss	9	95175
382.124	0.0	Arrow_Right_HitZone	5	95531
382.132	0.0	Right_Miss	13	95533
382.548	0.0	Listen_Start	12	95637
383.812	0.0	Arrow_Down_Spawn	2	95953
384.428	0.0	Arrow_Right_Spawn	6	96107
385.136	0.0	Arrow_Down_Spawn	2	96284
385.728	0.0	Listen_End	11	96432
386.012	0.0	Arrow_Down_HitZone	1	96503
386.016	0.0	Down_Miss	9	96504
386.628	0.0	Arrow_Right_HitZone	5	96657
386.636	0.0	Right_Miss	13	96659
387.336	0.0	Arrow_Down_HitZone	1	96834
387.344	0.0	Down_Miss	9	96836
387.608	0.0	Listen_Start	12	96902
388.556	0.0	Arrow_Right_Spawn	6	97139
389.84	0.0	Arrow_Down_Spawn	2	97460
390.464	0.0	Listen_End	11	97616
390.756	0.0	Arrow_Right_HitZone	5	97689
390.764	0.0	Right_Miss	13	97691
392.04	0.0	Arrow_Down_HitZone	1	98010
392.048	0.0	Down_Miss	9	98012
392.348	0.0	Listen_Start	12	98087
394.484	0.0	Arrow_Right_Spawn	6	98621
395.892	0.0	Arrow_Down_Spawn	2	98973
396.432	0.0	Listen_End	11	99108
396.684	0.0	Arrow_Right_HitZone	5	99171
396.692	0.0	Right_Miss	13	99173
398.092	0.0	Arrow_Down_HitZone	1	99523
398.1	0.0	Down_Miss	9	99525
398.344	0.0	Listen_Start	12	99586
399.944	0.0	Arrow_Right_Spawn	6	99986
400.48	0.0	Arrow_Down_Spawn	2	100120
401.848	0.0	Listen_End	11	100462
402.144	0.0	Arrow_Right_HitZone	5	100536
402.152	0.0	Right_Miss	13	100538
402.68	0.0	Arrow_Down_HitZone	1	100670
402.688	0.0	Down_Miss	9	100672
404.776	0.0	Song_End	14	101194
422.588	0.0	Song_Start	15	105647
422.664	0.0	Listen_Start	12	105666
423.836	0.0	Arrow_Right_Spawn	6	105959
424.22	0.0	Arrow_Left_Spawn	4	106055
424.656	0.0	Arrow_Left_Spawn	4	106164
425.064	0.0	Arrow_Right_Spawn	6	106266
425.468	0.0	Arrow_Right_Spawn	6	106367
425.744	0.0	Listen_End	11	106436
425.876	0.0	Arrow_Left_Spawn	4	106469
426.036	0.0	Arrow_Right_HitZone	5	106509
426.044	0.0	Right_Miss	13	106511
426.26	0.0	Arrow_Right_Spawn	6	106565
426.42	0.0	Arrow_Left_HitZone	3	106605
426.424	0.0	Left_Miss	10	106606
426.64	0.0	Arrow_Left_Spawn	4	106660
426.856	0.0	Arrow_Left_HitZone	3	106714
426.864	0.0	Left_Miss	10	106716
427.264	0.0	Arrow_Right_HitZone	5	106816
427.272	0.0	Right_Miss	13	106818
427.668	0.0	Arrow_Right_HitZone	5	106917
427.676	0.0	Right_Miss	13	106919
428.076	0.0	Arrow_Left_HitZone	3	107019
428.084	0.0	Left_Miss	10	107021
428.46	0.0	Arrow_Right_HitZone	5	107115
428.468	0.0	Right_Miss	13	107117
428.84	0.0	Arrow_Left_HitZone	3	107210
428.848	0.0	Left_Miss	10	107212
428.972	0.0	Listen_Start	12	107243
430.228	0.0	Arrow_Left_Spawn	4	107557
430.56	0.0	Arrow_Right_Spawn	6	107640
431.06	0.0	Arrow_Left_Spawn	4	107765
431.444	0.0	Arrow_Right_Spawn	6	107861
431.832	0.0	Arrow_Left_Spawn	4	107958
432.228	0.0	Listen_End	11	108057
432.428	0.0	Arrow_Left_HitZone	3	108107
432.436	0.0	Left_Miss	10	108109
432.548	0.0	Arrow_Left_Spawn	4	108137
432.76	0.0	Arrow_Right_HitZone	5	108190
432.768	0.0	Right_Miss	13	108192
433.26	0.0	Arrow_Left_HitZone	3	108315
433.268	0.0	Left_Miss	10	108317
433.644	0.0	Arrow_Right_HitZone	5	108411
433.648	0.0	Right_Miss	13	108412
434.032	0.0	Arrow_Left_HitZone	3	108508
434.04	0.0	Left_Miss	10	108510
434.748	0.0	Arrow_Left_HitZone	3	108687
434.752	0.0	Left_Miss	10	108688
435.004	0.0	Listen_Start	12	108751
436.62	0.0	Arrow_Right_Spawn	6	109155
437.412	0.0	Arrow_Right_Spawn	6	109353
438.264	0.0	Arrow_Left_Spawn	4	109566
438.592	0.0	Listen_End	11	109648
438.652	0.0	Arrow_Right_Spawn	6	109663
438.82	0.0	Arrow_Right_HitZone	5	109705
438.828	0.0	Right_Miss	13	109707
439.036	0.0	Arrow_Right_Spawn	6	109759
439.436	0.0	Arrow_Left_Spawn	4	109859
439.612	0.0	Arrow_Right_HitZone	5	109903
439.616	0.0	Right_Miss	13	109904
440.464	0.0	Arrow_Left_HitZone	3	110116
440.472	0.0	Left_Miss	10	110118
440.852	0.0	Arrow_Right_HitZone	5	110213
440.86	0.0	Right_Miss	13	110215
441.236	0.0	Arrow_Right_HitZone	5	110309
441.24	0.0	Right_Miss	13	110310
441.636	0.0	Arrow_Left_HitZone	3	110409
441.644	0.0	Left_Miss	10	110411
441.964	0.0	Listen_Start	12	110491
443.108	0.0	Arrow_Right_Spawn	6	110777
443.44	0.0	Arrow_Right_Spawn	6	110860
443.78	0.0	Arrow_Left_Spawn	4	110945
444.616	0.0	Arrow_Left_Spawn	4	111154
445.004	0.0	Arrow_Right_Spawn	6	111251
445.184	0.0	Listen_End	11	111296
445.308	0.0	Arrow_Right_HitZone	5	111327
445.316	0.0	Right_Miss	13	111329
445.384	0.0	Arrow_Left_Spawn	4	111346
445.64	0.0	Arrow_Right_HitZone	5	111410
445.648	0.0	Right_Miss	13	111412
445.98	0.0	Arrow_Left_HitZone	3	111495
445.988	0.0	Left_Miss	10	111497
446.812	0.0	Arrow_Left_HitZone	3	111703
446.82	0.0	Left_Miss	10	111705
447.204	0.0	Arrow_Right_HitZone	5	111801
447.208	0.0	Right_Miss	13	111802
447.584	0.0	Arrow_Left_HitZone	3	111896
447.592	0.0	Left_Miss	10	111898
447.792	0.0	Listen_Start	12	111948
449.452	0.0	Arrow_Left_Spawn	4	112363
450.244	0.0	Arrow_Right_Spawn	6	112561
450.66	0.0	Arrow_Right_Spawn	6	112665
451.028	0.0	Arrow_Left_Spawn	4	112757
451.388	0.0	Listen_End	11	112847
451.652	0.0	Arrow_Left_HitZone	3	112913
451.656	0.0	Left_Miss	10	112914
451.796	0.0	Arrow_Right_Spawn	6	112949
452.156	0.0	Arrow_Right_Spawn	6	113039
452.44	0.0	Arrow_Right_HitZone	5	113110
452.448	0.0	Right_Miss	13	113112
452.86	0.0	Arrow_Right_HitZone	5	113215
452.864	0.0	Right_Miss	13	113216
453.224	0.0	Arrow_Left_HitZone	3	113306
453.232	0.0	Left_Miss	10	113308
453.996	0.0	Arrow_Right_HitZone	5	113499
454.004	0.0	Right_Miss	13	113501
454.356	0.0	Arrow_Right_HitZone	5	113589
454.364	0.0	Right_Miss	13	113591
454.588	0.0	Listen_Start	12	113647
455.82	0.0	Arrow_Left_Spawn	4	113955
456.204	0.0	Arrow_Right_Spawn	6	114051
457.344	0.0	Arrow_Left_Spawn	4	114336
457.676	0.0	Arrow_Right_Spawn	6	114419
457.848	0.0	Listen_End	11	114462
458.02	0.0	Arrow_Left_HitZone	3	114505
458.028	0.0	Left_Miss	10	114507
458.404	0.0	Arrow_Right_HitZone	5	114601
458.408	0.0	Right_Miss	13	114602
459.54	0.0	Arrow_Left_HitZone	3	114885
459.548	0.0	Left_Miss	10	114887
459.876	0.0	Arrow_Right_HitZone	5	114969
459.88	0.0	Right_Miss	13	114970
460.048	0.0	Listen_Start	12	115012
462.968	0.0	Arrow_Right_Spawn	6	115742
463.352	0.0	Arrow_Left_Spawn	4	115838
463.76	0.0	Arrow_Right_Spawn	6	115940
464.176	0.0	Arrow_Left_Spawn	4	116044
464.58	0.0	Arrow_Left_Spawn	4	116145
464.96	0.0	Arrow_Right_Spawn	6	116240
464.98	0.0	Listen_End	11	116245
465.168	0.0	Arrow_Right_HitZone	5	116292
465.176	0.0	Right_Miss	13	116294
465.552	0.0	Arrow_Left_HitZone	3	116388
465.556	0.0	Left_Miss	10	116389
465.96	0.0	Arrow_Right_HitZone	5	116490
465.968	0.0	Right_Miss	13	116492
466.376	0.0	Arrow_Left_HitZone	3	116594
466.384	0.0	Left_Miss	10	116596
466.78	0.0	Arrow_Left_HitZone	3	116695
466.784	0.0	Left_Miss	10	116696
467.16	0.0	Arrow_Right_HitZone	5	116790
467.168	0.0	Right_Miss	13	116792
467.472	0.0	Listen_Start	12	116868
468.576	0.0	Arrow_Left_Spawn	4	117144
469.296	0.0	Arrow_Left_Spawn	4	117324
469.748	0.0	Arrow_Right_Spawn	6	117437
470.636	0.0	Listen_End	11	117659
470.776	0.0	Arrow_Left_HitZone	3	117694
470.784	0.0	Left_Miss	10	117696
471.116	0.0	Arrow_Left_Spawn	4	117779
471.444	0.0	Arrow_Left_Spawn	4	117861
471.496	0.0	Arrow_Left_HitZone	3	117874
471.504	0.0	Left_Miss	10	117876
471.948	0.0	Arrow_Right_HitZone	5	117987
471.956	0.0	Right_Miss	13	117989
473.316	0.0	Arrow_Left_HitZone	3	118329
473.324	0.0	Left_Miss	10	118331
473.64	0.0	Arrow_Left_HitZone	3	118410
473.648	0.0	Left_Miss	10	118412
475.064	0.0	Song_End	14	118766
501.292	0.0	Song_Start	15	125323
501.364	0.0	Listen_Start	12	125341
502.536	0.0	Arrow_Left_Spawn	4	125634
502.92	0.0	Arrow_Down_Spawn	2	125730
503.356	0.0	Arrow_Left_Spawn	4	125839
503.764	0.0	Arrow_Down_Spawn	2	125941
504.168	0.0	Arrow_Left_Spawn	4	126042
504.452	0.0	Listen_End	11	126113
504.58	0.0	Arrow_Down_Spawn	2	126145
504.736	0.0	Arrow_Left_HitZone	3	126184
504.744	0.0	Left_Miss	10	126186
504.96	0.0	Arrow_Left_Spawn	4	126240
505.12	0.0	Arrow_Down_HitZone	1	126280
505.128	0.0	Down_Miss	9	126282
505.34	0.0	Arrow_Down_Spawn	2	126335
505.556	0.0	Arrow_Left_HitZone	3	126389
505.564	0.0	Left_Miss	10	126391
505.964	0.0	Arrow_Down_HitZone	1	126491
505.972	0.0	Down_Miss	9	126493
506.368	0.0	Arrow_Left_HitZone	3	126592
506.376	0.0	Left_Miss	10	126594
506.776	0.0	Arrow_Down_HitZone	1	126694
506.784	0.0	Down_Miss	9	126696
507.16	0.0	Arrow_Left_HitZone	3	126790
507.168	0.0	Left_Miss	10	126792
507.54	0.0	Arrow_Down_HitZone	1	126885
507.548	0.0	Down_Miss	9	126887
507.688	0.0	Listen_Start	12	126922
508.928	0.0	Arrow_Left_Spawn	4	127232
509.26	0.0	Arrow_Down_Spawn	2	127315
509.76	0.0	Arrow_Left_Spawn	4	127440
510.144	0.0	Arrow_Down_Spawn	2	127536
510.532	0.0	Arrow_Left_Spawn	4	127633
510.936	0.0	Listen_End	11	127734
511.128	0.0	Arrow_Left_HitZone	3	127782
511.136	0.0	Left_Miss	10	127784
511.248	0.0	Arrow_Down_Spawn	2	127812
511.464	0.0	Arrow_Down_HitZone	1	127866
511.468	0.0	Down_Miss	9	127867
511.96	0.0	Arrow_Left_HitZone	3	127990
511.968	0.0	Left_Miss	10	127992
512.344	0.0	Arrow_Down_HitZone	1	128086
512.348	0.0	Down_Miss	9	128087
512.732	0.0	Arrow_Left_HitZone	3	128183
512.74	0.0	Left_Miss	10	128185
513.448	0.0	Arrow_Down_HitZone	1	128362
513.452	0.0	Down_Miss	9	128363
513.716	0.0	Listen_Start	12	128429
515.32	0.0	Arrow_Left_Spawn	4	128830
516.112	0.0	Arrow_Down_Spawn	2	129028
516.972	0.0	Arrow_Left_Spawn	4	129243
517.304	0.0	Listen_End	11	129326
517.352	0.0	Arrow_Down_Spawn	2	129338
517.52	0.0	Arrow_Left_HitZone	3	129380
517.528	0.0	Left_Miss	10	129382
517.736	0.0	Arrow_Left_Spawn	4	129434
518.136	0.0	Arrow_Down_Spawn	2	129534
518.312	0.0	Arrow_Down_HitZone	1	129578
518.316	0.0	Down_Miss	9	129579
519.172	0.0	Arrow_Left_HitZone	3	129793
519.18	0.0	Left_Miss	10	129795
519.552	0.0	Arrow_Down_HitZone	1	129888
519.56	0.0	Down_Miss	9	129890
519.936	0.0	Arrow_Left_HitZone	3	129984
519.94	0.0	Left_Miss	10	129985
520.336	0.0	Arrow_Down_HitZone	1	130084
520.344	0.0	Down_Miss	9	130086
520.676	0.0	Listen_Start	12	130169
521.808	0.0	Arrow_Left_Spawn	4	130452
522.148	0.0	Arrow_Down_Spawn	2	130537
522.48	0.0	Arrow_Left_Spawn	4	130620
523.32	0.0	Arrow_Down_Spawn	2	130830
523.704	0.0	Arrow_Left_Spawn	4	130926
523.896	0.0	Listen_End	11	130974
524.008	0.0	Arrow_Left_HitZone	3	131002
524.016	0.0	Left_Miss	10	131004
524.084	0.0	Arrow_Down_Spawn	2	131021
524.348	0.0	Arrow_Down_HitZone	1	131087
524.356	0.0	Down_Miss	9	131089
524.68	0.0	Arrow_Left_HitZone	3	131170
524.688	0.0	Left_Miss	10	131172
525.52	0.0	Arrow_Down_HitZone	1	131380
525.528	0.0	Down_Miss	9	131382
525.904	0.0	Arrow_Left_HitZone	3	131476
525.908	0.0	Left_Miss	10	131477
526.284	0.0	Arrow_Down_HitZone	1	131571
526.292	0.0	Down_Miss	9	131573
526.508	0.0	Listen_Start	12	131627
528.152	0.0	Arrow_Left_Spawn	4	132038
528.944	0.0	Arrow_Down_Spawn	2	132236
529.36	0.0	Arrow_Left_Spawn	4	132340
529.732	0.0	Arrow_Down_Spawn	2	132433
530.096	0.0	Listen_End	11	132524
530.352	0.0	Arrow_Left_HitZone	3	132588
530.356	0.0	Left_Miss	10	132589
530.496	0.0	Arrow_Left_Spawn	4	132624
530.856	0.0	Arrow_Down_Spawn	2	132714
531.144	0.0	Arrow_Down_HitZone	1	132786
531.148	0.0	Down_Miss	9	132787
531.56	0.0	Arrow_Left_HitZone	3	132890
531.564	0.0	Left_Miss	10	132891
531.932	0.0	Arrow_Down_HitZone	1	132983
531.94	0.0	Down_Miss	9	132985
532.696	0.0	Arrow_Left_HitZone	3	133174
532.704	0.0	Left_Miss	10	133176
533.056	0.0	Arrow_Down_HitZone	1	133264
533.064	0.0	Down_Miss	9	133266
533.292	0.0	Listen_Start	12	133323
534.52	0.0	Arrow_Left_Spawn	4	133630
534.904	0.0	Arrow_Down_Spawn	2	133726
536.04	0.0	Arrow_Left_Spawn	4	134010
536.38	0.0	Arrow_Down_Spawn	2	134095
536.556	0.0	Listen_End	11	134139
536.72	0.0	Arrow_Left_HitZone	3	134180
536.728	0.0	Left_Miss	10	134182
537.104	0.0	Arrow_Down_HitZone	1	134276
537.112	0.0	Down_Miss	9	134278
538.24	0.0	Arrow_Left_HitZone	3	134560
538.248	0.0	Left_Miss	10	134562
538.58	0.0	Arrow_Down_HitZone	1	134645
538.588	0.0	Down_Miss	9	134647
538.756	0.0	Listen_Start	12	134689
541.668	0.0	Arrow_Left_Spawn	4	135417
542.052	0.0	Arrow_Down_Spawn	2	135513
542.46	0.0	Arrow_Left_Spawn	4	135615
542.876	0.0	Arrow_Down_Spawn	2	135719
543.28	0.0	Arrow_Left_Spawn	4	135820
543.668	0.0	Arrow_Down_Spawn	2	135917
543.696	0.0	Listen_End	11	135924
543.868	0.0	Arrow_Left_HitZone	3	135967
543.876	0.0	Left_Miss	10	135969
544.252	0.0	Arrow_Down_HitZone	1	136063
544.256	0.0	Down_Miss	9	136064
544.66	0.0	Arrow_Left_HitZone	3	136165
544.668	0.0	Left_Miss	10	136167
545.076	0.0	Arrow_Down_HitZone	1	136269
545.084	0.0	Down_Miss	9	136271
545.48	0.0	Arrow_Left_HitZone	3	136370
545.488	0.0	Left_Miss	10	136372
545.868	0.0	Arrow_Down_HitZone	1	136467
545.876	0.0	Down_Miss	9	136469
546.188	0.0	Listen_Start	12	136547
547.276	0.0	Arrow_Left_Spawn	4	136819
548.0	0.0	Arrow_Down_Spawn	2	137000
548.448	0.0	Arrow_Left_Spawn	4	137112
549.344	0.0	Listen_End	11	137336
549.476	0.0	Arrow_Left_HitZone	3	137369
549.484	0.0	Left_Miss	10	137371
549.816	0.0	Arrow_Down_Spawn	2	137454
550.144	0.0	Arrow_Left_Spawn	4	137536
550.196	0.0	Arrow_Down_HitZone	1	137549
550.204	0.0	Down_Miss	9	137551
550.648	0.0	Arrow_Left_HitZone	3	137662
550.656	0.0	Left_Miss	10	137664
552.016	0.0	Arrow_Down_HitZone	1	138004
552.024	0.0	Down_Miss	9	138006
552.344	0.0	Arrow_Left_HitZone	3	138086
552.348	0.0	Left_Miss	10	138087
553.764	0.0	Song_End	14	138441
571.936	0.0	Song_Start	15	142984
572.008	0.0	Listen_Start	12	143002
573.18	0.0	Arrow_Left_Spawn	4	143295
573.564	0.0	Arrow_Up_Spawn	8	143391
574.0	0.0	Arrow_Left_Spawn	4	143500
574.408	0.0	Arrow_Up_Spawn	8	143602
574.812	0.0	Arrow_Left_Spawn	4	143703
575.084	0.0	Listen_End	11	143771
575.22	0.0	Arrow_Up_Spawn	8	143805
575.38	0.0	Arrow_Left_HitZone	3	143845
575.388	0.0	Left_Miss	10	143847
575.604	0.0	Arrow_Left_Spawn	4	143901
575.764	0.0	Arrow_Up_HitZone	7	143941
575.768	0.0	Up_Miss	16	143942
575.984	0.0	Arrow_Up_Spawn	8	143996
576.2	0.0	Arrow_Left_HitZone	3	144050
576.208	0.0	Left_Miss	10	144052
576.608	0.0	Arrow_Up_HitZone	7	144152
576.616	0.0	Up_Miss	16	144154
577.012	0.0	Arrow_Left_HitZone	3	144253
577.02	0.0	Left_Miss	10	144255
577.42	0.0	Arrow_Up_HitZone	7	144355
577.428	0.0	Up_Miss	16	144357
577.804	0.0	Arrow_Left_HitZone	3	144451
577.808	0.0	Left_Miss	10	144452
578.184	0.0	Arrow_Up_HitZone	7	144546
578.192	0.0	Up_Miss	16	144548
578.316	0.0	Listen_Start	12	144579
579.572	0.0	Arrow_Left_Spawn	4	144893
579.904	0.0	Arrow_Up_Spawn	8	144976
580.404	0.0	Arrow_Left_Spawn	4	145101
580.792	0.0	Arrow_Up_Spawn	8	145198
581.176	0.0	Arrow_Left_Spawn	4	145294
581.576	0.0	Listen_End	11	145394
581.772	0.0	Arrow_Left_HitZone	3	145443
581.78	0.0	Left_Miss	10	145445
581.892	0.0	Arrow_Up_Spawn	8	145473
582.104	0.0	Arrow_Up_HitZone	7	145526
582.112	0.0	Up_Miss	16	145528
582.604	0.0	Arrow_Left_HitZone	3	145651
582.612	0.0	Left_Miss	10	145653
582.992	0.0	Arrow_Up_HitZone	7	145748
583.0	0.0	Up_Miss	16	145750
583.376	0.0	Arrow_Left_HitZone	3	145844
583.384	0.0	Left_Miss	10	145846
584.092	0.0	Arrow_Up_HitZone	7	146023
584.096	0.0	Up_Miss	16	146024
584.348	0.0	Listen_Start	12	146087
585.964	0.0	Arrow_Left_Spawn	4	146491
586.756	0.0	Arrow_Up_Spawn	8	146689
587.616	0.0	Arrow_Left_Spawn	4	146904
587.948	0.0	Listen_End	11	146987
587.996	0.0	Arrow_Up_Spawn	8	146999
588.164	0.0	Arrow_Left_HitZone	3	147041
588.172	0.0	Left_Miss	10	147043
588.38	0.0	Arrow_Left_Spawn	4	147095
588.78	0.0	Arrow_Up_Spawn	8	147195
588.956	0.0	Arrow_Up_HitZone	7	147239
588.96	0.0	Up_Miss	16	147240
589.816	0.0	Arrow_Left_HitZone	3	147454
589.824	0.0	Left_Miss	10	147456
590.196	0.0	Arrow_Up_HitZone	7	147549
590.204	0.0	Up_Miss	16	147551
590.58	0.0	Arrow_Left_HitZone	3	147645
590.584	0.0	Left_Miss	10	147646
590.98	0.0	Arrow_Up_HitZone	7	147745
590.988	0.0	Up_Miss	16	147747
591.312	0.0	Listen_Start	12	147828
592.452	0.0	Arrow_Left_Spawn	4	148113
592.792	0.0	Arrow_Up_Spawn	8	148198
593.124	0.0	Arrow_Left_Spawn	4	148281
593.964	0.0	Arrow_Up_Spawn	8	148491
594.348	0.0	Arrow_Left_Spawn	4	148587
594.532	0.0	Listen_End	11	148633
594.652	0.0	Arrow_Left_HitZone	3	148663
594.66	0.0	Left_Miss	10	148665
594.728	0.0	Arrow_Up_Spawn	8	148682
594.992	0.0	Arrow_Up_HitZone	7	148748
595.0	0.0	Up_Miss	16	148750
595.324	0.0	Arrow_Left_HitZone	3	148831
595.332	0.0	Left_Miss	10	148833
596.164	0.0	Arrow_Up_HitZone	7	149041
596.172	0.0	Up_Miss	16	149043
596.548	0.0	Arrow_Left_HitZone	3	149137
596.552	0.0	Left_Miss	10	149138
596.928	0.0	Arrow_Up_HitZone	7	149232
596.936	0.0	Up_Miss	16	149234
597.136	0.0	Listen_Start	12	149284
598.796	0.0	Arrow_Left_Spawn	4	149699
599.584	0.0	Arrow_Up_Spawn	8	149896
600.004	0.0	Arrow_Left_Spawn	4	150001
600.376	0.0	Arrow_Up_Spawn	8	150094
600.724	0.0	Listen_End	11	150181
600.996	0.0	Arrow_Left_HitZone	3	150249
601.0	0.0	Left_Miss	10	150250
601.14	0.0	Arrow_Left_Spawn	4	150285
601.5	0.0	Arrow_Up_Spawn	8	150375
601.784	0.0	Arrow_Up_HitZone	7	150446
601.792	0.0	Up_Miss	16	150448
602.2	0.0	Arrow_Left_HitZone	3	150550
602.208	0.0	Left_Miss	10	150552
602.576	0.0	Arrow_Up_HitZone	7	150644
602.584	0.0	Up_Miss	16	150646
603.34	0.0	Arrow_Left_HitZone	3	150835
603.348	0.0	Left_Miss	10	150837
603.7	0.0	Arrow_Up_HitZone	7	150925
603.708	0.0	Up_Miss	16	150927
603.924	0.0	Listen_Start	12	150981
605.164	0.0	Arrow_Left_Spawn	4	151291
605.548	0.0	Arrow_Up_Spawn	8	151387
606.684	0.0	Arrow_Left_Spawn	4	151671
607.024	0.0	Arrow_Up_Spawn	8	151756
607.192	0.0	Listen_End	11	151798
607.364	0.0	Arrow_Left_HitZone	3	151841
607.372	0.0	Left_Miss	10	151843
607.748	0.0	Arrow_Up_HitZone	7	151937
607.752	0.0	Up_Miss	16	151938
608.884	0.0	Arrow_Left_HitZone	3	152221
608.892	0.0	Left_Miss	10	152223
609.224	0.0	Arrow_Up_HitZone	7	152306
609.232	0.0	Up_Miss	16	152308
609.392	0.0	Listen_Start	12	152348
612.312	0.0	Arrow_Left_Spawn	4	153078
612.696	0.0	Arrow_Up_Spawn	8	153174
613.104	0.0	Arrow_Left_Spawn	4	153276
613.52	0.0	Arrow_Up_Spawn	8	153380
613.924	0.0	Arrow_Left_Spawn	4	153481
614.312	0.0	Arrow_Up_Spawn	8	153578
614.324	0.0	Listen_End	11	153581
614.512	0.0	Arrow_Left_HitZone	3	153628
614.52	0.0	Left_Miss	10	153630
614.896	0.0	Arrow_Up_HitZone	7	153724
614.9	0.0	Up_Miss	16	153725
615.304	0.0	Arrow_Left_HitZone	3	153826
615.312	0.0	Left_Miss	10	153828
615.72	0.0	Arrow_Up_HitZone	7	153930
615.728	0.0	Up_Miss	16	153932
616.124	0.0	Arrow_Left_HitZone	3	154031
616.128	0.0	Left_Miss	10	154032
616.512	0.0	Arrow_Up_HitZone	7	154128
616.52	0.0	Up_Miss	16	154130
616.816	0.0	Listen_Start	12	154204
617.92	0.0	Arrow_Left_Spawn	4	154480
618.64	0.0	Arrow_Up_Spawn	8	154660
619.092	0.0	Arrow_Left_Spawn	4	154773
619.988	0.0	Listen_End	11	154997
620.12	0.0	Arrow_Left_HitZone	3	155030
620.128	0.0	Left_Miss	10	155032
620.46	0.0	Arrow_Up_Spawn	8	155115
620.784	0.0	Arrow_Left_Spawn	4	155196
620.84	0.0	Arrow_Up_HitZone	7	155210
620.848	0.0	Up_Miss	16	155212
621.292	0.0	Arrow_Left_HitZone	3	155323
621.3	0.0	Left_Miss	10	155325
622.66	0.0	Arrow_Up_HitZone	7	155665
622.668	0.0	Up_Miss	16	155667
622.984	0.0	Arrow_Left_HitZone	3	155746
622.992	0.0	Left_Miss	10	155748
624.396	0.0	Song_End	14	156099
645.312	0.0	Song_Start	15	161328
645.392	0.0	Listen_Start	12	161348
646.552	0.0	Arrow_Up_Spawn	8	161638
646.932	0.0	Arrow_Down_Spawn	2	161733
647.376	0.0	Arrow_Up_Spawn	8	161844
647.78	0.0	Arrow_Down_Spawn	2	161945
648.188	0.0	Arrow_Up_Spawn	8	162047
648.476	0.0	Listen_End	11	162119
648.592	0.0	Arrow_Down_Spawn	2	162148
648.752	0.0	Arrow_Up_HitZone	7	162188
648.76	0.0	Up_Miss	16	162190
648.972	0.0	Arrow_Up_Spawn	8	162243
649.132	0.0	Arrow_Down_HitZone	1	162283
649.14	0.0	Down_Miss	9	162285
649.356	0.0	Arrow_Down_Spawn	2	162339
649.576	0.0	Arrow_Up_HitZone	7	162394
649.584	0.0	Up_Miss	16	162396
649.98	0.0	Arrow_Down_HitZone	1	162495
649.988	0.0	Down_Miss	9	162497
650.388	0.0	Arrow_Up_HitZone	7	162597
650.396	0.0	Up_Miss	16	162599
650.792	0.0	Arrow_Down_HitZone	1	162698
650.8	0.0	Down_Miss	9	162700
651.172	0.0	Arrow_Up_HitZone	7	162793
651.18	0.0	Up_Miss	16	162795
651.556	0.0	Arrow_Down_HitZone	1	162889
651.564	0.0	Down_Miss	9	162891
651.708	0.0	Listen_Start	12	162927
652.944	0.0	Arrow_Up_Spawn	8	163236
653.284	0.0	Arrow_Down_Spawn	2	163321
653.776	0.0	Arrow_Up_Spawn	8	163444
654.164	0.0	Arrow_Down_Spawn	2	163541
654.548	0.0	Arrow_Up_Spawn	8	163637
654.956	0.0	Listen_End	11	163739
655.144	0.0	Arrow_Up_HitZone	7	163786
655.148	0.0	Up_Miss	16	163787
655.26	0.0	Arrow_Down_Spawn	2	163815
655.484	0.0	Arrow_Down_HitZone	1	163871
655.488	0.0	Down_Miss	9	163872
655.976	0.0	Arrow_Up_HitZone	7	163994
655.984	0.0	Up_Miss	16	163996
656.364	0.0	Arrow_Down_HitZone	1	164091
656.372	0.0	Down_Miss	9	164093
656.744	0.0	Arrow_Up_HitZone	7	164186
656.752	0.0	Up_Miss	16	164188
657.46	0.0	Arrow_Down_HitZone	1	164365
657.468	0.0	Down_Miss	9	164367
657.74	0.0	Listen_Start	12	164435
659.336	0.0	Arrow_Up_Spawn	8	164834
660.124	0.0	Arrow_Down_Spawn	2	165031
660.988	0.0	Arrow_Up_Spawn	8	165247
661.324	0.0	Listen_End	11	165331
661.368	0.0	Arrow_Down_Spawn	2	165342
661.536	0.0	Arrow_Up_HitZone	7	165384
661.54	0.0	Up_Miss	16	165385
661.748	0.0	Arrow_Up_Spawn	8	165437
662.16	0.0	Arrow_Down_Spawn	2	165540
662.324	0.0	Arrow_Down_HitZone	1	165581
662.332	0.0	Down_Miss	9	165583
663.184	0.0	Arrow_Up_HitZone	7	165796
663.192	0.0	Up_Miss	16	165798
663.568	0.0	Arrow_Down_HitZone	1	165892
663.576	0.0	Down_Miss	9	165894
663.948	0.0	Arrow_Up_HitZone	7	165987
663.956	0.0	Up_Miss	16	165989
664.36	0.0	Arrow_Down_HitZone	1	166090
664.364	0.0	Down_Miss	9	166091
664.7	0.0	Listen_Start	12	166175
665.824	0.0	Arrow_Up_Spawn	8	166456
666.164	0.0	Arrow_Down_Spawn	2	166541
666.496	0.0	Arrow_Up_Spawn	8	166624
667.336	0.0	Arrow_Down_Spawn	2	166834
667.716	0.0	Arrow_Up_Spawn	8	166929
667.92	0.0	Listen_End	11	166980
668.024	0.0	Arrow_Up_HitZone	7	167006
668.028	0.0	Up_Miss	16	167007
668.1	0.0	Arrow_Down_Spawn	2	167025
668.364	0.0	Arrow_Down_HitZone	1	167091
668.368	0.0	Down_Miss	9	167092
668.696	0.0	Arrow_Up_HitZone	7	167174
668.704	0.0	Up_Miss	16	167176
669.536	0.0	Arrow_Down_HitZone	1	167384
669.544	0.0	Down_Miss	9	167386
669.916	0.0	Arrow_Up_HitZone	7	167479
669.924	0.0	Up_Miss	16	167481
670.3	0.0	Arrow_Down_HitZone	1	167575
670.304	0.0	Down_Miss	9	167576
670.528	0.0	Listen_Start	12	167632
672.164	0.0	Arrow_Up_Spawn	8	168041
672.956	0.0	Arrow_Down_Spawn	2	168239
673.372	0.0	Arrow_Up_Spawn	8	168343
673.748	0.0	Arrow_Down_Spawn	2	168437
674.116	0.0	Listen_End	11	168529
674.364	0.0	Arrow_Up_HitZone	7	168591
674.372	0.0	Up_Miss	16	168593
674.512	0.0	Arrow_Up_Spawn	8	168628
674.872	0.0	Arrow_Down_Spawn	2	168718
675.156	0.0	Arrow_Down_HitZone	1	168789
675.164	0.0	Down_Miss	9	168791
675.572	0.0	Arrow_Up_HitZone	7	168893
675.58	0.0	Up_Miss	16	168895
675.948	0.0	Arrow_Down_HitZone	1	168987
675.956	0.0	Down_Miss	9	168989
676.712	0.0	Arrow_Up_HitZone	7	169178
676.716	0.0	Up_Miss	16	169179
677.072	0.0	Arrow_Down_HitZone	1	169268
677.08	0.0	Down_Miss	9	169270
677.316	0.0	Listen_Start	12	169329
678.536	0.0	Arrow_Up_Spawn	8	169634
678.916	0.0	Arrow_Down_Spawn	2	169729
680.056	0.0	Arrow_Up_Spawn	8	170014
680.396	0.0	Arrow_Down_Spawn	2	170099
680.584	0.0	Listen_End	11	170146
680.736	0.0	Arrow_Up_HitZone	7	170184
680.744	0.0	Up_Miss	16	170186
681.116	0.0	Arrow_Down_HitZone	1	170279
681.124	0.0	Down_Miss	9	170281
682.256	0.0	Arrow_Up_HitZone	7	170564
682.264	0.0	Up_Miss	16	170566
682.596	0.0	Arrow_Down_HitZone	1	170649
682.604	0.0	Down_Miss	9	170651
682.776	0.0	Listen_Start	12	170694
685.684	0.0	Arrow_Up_Spawn	8	171421
686.064	0.0	Arrow_Down_Spawn	2	171516
686.476	0.0	Arrow_Up_Spawn	8	171619
686.892	0.0	Arrow_Down_Spawn	2	171723
687.3	0.0	Arrow_Up_Spawn	8	171825
687.684	0.0	Arrow_Down_Spawn	2	171921
687.716	0.0	Listen_End	11	171929
687.884	0.0	Arrow_Up_HitZone	7	171971
687.892	0.0	Up_Miss	16	171973
688.264	0.0	Arrow_Down_HitZone	1	172066
688.272	0.0	Down_Miss	9	172068
688.676	0.0	Arrow_Up_HitZone	7	172169
688.68	0.0	Up_Miss	16	172170
689.092	0.0	Arrow_Down_HitZone	1	172273
689.096	0.0	Down_Miss	9	172274
689.5	0.0	Arrow_Up_HitZone	7	172375
689.508	0.0	Up_Miss	16	172377
689.88	0.0	Arrow_Down_HitZone	1	172470
689.888	0.0	Down_Miss	9	172472
690.208	0.0	Listen_Start	12	172552
691.292	0.0	Arrow_Up_Spawn	8	172823
692.012	0.0	Arrow_Down_Spawn	2	173003
692.464	0.0	Arrow_Up_Spawn	8	173116
693.364	0.0	Listen_End	11	173341
693.492	0.0	Arrow_Up_HitZone	7	173373
693.496	0.0	Up_Miss	16	173374
693.832	0.0	Arrow_Down_Spawn	2	173458
694.156	0.0	Arrow_Up_Spawn	8	173539
694.212	0.0	Arrow_Down_HitZone	1	173553
694.22	0.0	Down_Miss	9	173555
694.664	0.0	Arrow_Up_HitZone	7	173666
694.668	0.0	Up_Miss	16	173667
696.032	0.0	Arrow_Down_HitZone	1	174008
696.036	0.0	Down_Miss	9	174009
696.356	0.0	Arrow_Up_HitZone	7	174089
696.364	0.0	Up_Miss	16	174091
697.792	0.0	Song_End	14	174448
723.7	0.0	Song_Start	15	180925
723.788	0.0	Listen_Start	12	180947
724.94	0.0	Arrow_Right_Spawn	6	181235
725.32	0.0	Arrow_Up_Spawn	8	181330
725.764	0.0	Arrow_Right_Spawn	6	181441
726.168	0.0	Arrow_Up_Spawn	8	181542
726.576	0.0	Arrow_Right_Spawn	6	181644
726.868	0.0	Listen_End	11	181717
726.98	0.0	Arrow_Up_Spawn	8	181745
727.14	0.0	Arrow_Right_HitZone	5	181785
727.148	0.0	Right_Miss	13	181787
727.36	0.0	Arrow_Right_Spawn	6	181840
727.52	0.0	Arrow_Up_HitZone	7	181880
727.528	0.0	Up_Miss	16	181882
727.744	0.0	Arrow_Up_Spawn	8	181936
727.964	0.0	Arrow_Right_HitZone	5	181991
727.972	0.0	Right_Miss	13	181993
728.368	0.0	Arrow_Up_HitZone	7	182092
728.376	0.0	Up_Miss	16	182094
728.776	0.0	Arrow_Right_HitZone	5	182194
728.784	0.0	Right_Miss	13	182196
729.18	0.0	Arrow_Up_HitZone	7	182295
729.188	0.0	Up_Miss	16	182297
729.56	0.0	Arrow_Right_HitZone	5	182390
729.568	0.0	Right_Miss	13	182392
729.944	0.0	Arrow_Up_HitZone	7	182486
729.952	0.0	Up_Miss	16	182488
730.096	0.0	Listen_Start	12	182524
731.332	0.0	Arrow_Right_Spawn	6	182833
731.672	0.0	Arrow_Up_Spawn	8	182918
732.164	0.0	Arrow_Right_Spawn	6	183041
732.552	0.0	Arrow_Up_Spawn	8	183138
732.936	0.0	Arrow_Right_Spawn	6	183234
733.344	0.0	Listen_End	11	183336
733.532	0.0	Arrow_Right_HitZone	5	183383
733.536	0.0	Right_Miss	13	183384
733.648	0.0	Arrow_Up_Spawn	8	183412
733.872	0.0	Arrow_Up_HitZone	7	183468
733.876	0.0	Up_Miss	16	183469
734.364	0.0	Arrow_Right_HitZone	5	183591
734.372	0.0	Right_Miss	13	183593
734.752	0.0	Arrow_Up_HitZone	7	183688
734.76	0.0	Up_Miss	16	183690
735.132	0.0	Arrow_Right_HitZone	5	183783
735.14	0.0	Right_Miss	13	183785
735.848	0.0	Arrow_Up_HitZone	7	183962
735.856	0.0	Up_Miss	16	183964
736.128	0.0	Listen_Start	12	184032
737.724	0.0	Arrow_Right_Spawn	6	184431
738.512	0.0	Arrow_Up_Spawn	8	184628
739.376	0.0	Arrow_Right_Spawn	6	184844
739.712	0.0	Listen_End	11	184928
739.756	0.0	Arrow_Up_Spawn	8	184939
739.924	0.0	Arrow_Right_HitZone	5	184981
739.928	0.0	Right_Miss	13	184982
740.136	0.0	Arrow_Right_Spawn	6	185034
740.548	0.0	Arrow_Up_Spawn	8	185137
740.712	0.0	Arrow_Up_HitZone	7	185178
740.72	0.0	Up_Miss	16	185180
741.572	0.0	Arrow_Right_HitZone	5	185393
741.58	0.0	Right_Miss	13	185395
741.956	0.0	Arrow_Up_HitZone	7	185489
741.964	0.0	Up_Miss	16	185491
742.336	0.0	Arrow_Right_HitZone	5	185584
742.344	0.0	Right_Miss	13	185586
742.748	0.0	Arrow_Up_HitZone	7	185687
742.752	0.0	Up_Miss	16	185688
743.088	0.0	Listen_Start	12	185772
744.212	0.0	Arrow_Right_Spawn	6	186053
744.552	0.0	Arrow_Up_Spawn	8	186138
744.884	0.0	Arrow_Right_Spawn	6	186221
745.724	0.0	Arrow_Up_Spawn	8	186431
746.104	0.0	Arrow_Right_Spawn	6	186526
746.308	0.0	Listen_End	11	186577
746.412	0.0	Arrow_Right_HitZone	5	186603
746.416	0.0	Right_Miss	13	186604
746.488	0.0	Arrow_Up_Spawn	8	186622
746.752	0.0	Arrow_Up_HitZone	7	186688
746.756	0.0	Up_Miss	16	186689
747.084	0.0	Arrow_Right_HitZone	5	186771
747.092	0.0	Right_Miss	13	186773
747.924	0.0	Arrow_Up_HitZone	7	186981
747.932	0.0	Up_Miss	16	186983
748.304	0.0	Arrow_Right_HitZone	5	187076
748.312	0.0	Right_Miss	13	187078
748.688	0.0	Arrow_Up_HitZone	7	187172
748.692	0.0	Up_Miss	16	187173
748.916	0.0	Listen_Start	12	187229
750.552	0.0	Arrow_Right_Spawn	6	187638
751.344	0.0	Arrow_Up_Spawn	8	187836
751.76	0.0	Arrow_Right_Spawn	6	187940
752.136	0.0	Arrow_Up_Spawn	8	188034
752.504	0.0	Listen_End	11	188126
752.752	0.0	Arrow_Right_HitZone	5	188188
752.76	0.0	Right_Miss	13	188190
752.9	0.0	Arrow_Right_Spawn	6	188225
753.26	0.0	Arrow_Up_Spawn	8	188315
753.544	0.0	Arrow_Up_HitZone	7	188386
753.552	0.0	Up_Miss	16	188388
753.96	0.0	Arrow_Right_HitZone	5	188490
753.968	0.0	Right_Miss	13	188492
754.336	0.0	Arrow_Up_HitZone	7	188584
754.344	0.0	Up_Miss	16	188586
755.1	0.0	Arrow_Right_HitZone	5	188775
755.104	0.0	Right_Miss	13	188776
755.46	0.0	Arrow_Up_HitZone	7	188865
755.468	0.0	Up_Miss	16	188867
755.708	0.0	Listen_Start	12	188927
756.924	0.0	Arrow_Right_Spawn	6	189231
757.304	0.0	Arrow_Up_Spawn	8	189326
758.444	0.0	Arrow_Right_Spawn	6	189611
758.784	0.0	Arrow_Up_Spawn	8	189696
758.964	0.0	Listen_End	11	189741
759.124	0.0	Arrow_Right_HitZone	5	189781
759.132	0.0	Right_Miss	13	189783
759.504	0.0	Arrow_Up_HitZone	7	189876
759.512	0.0	Up_Miss	16	189878
760.644	0.0	Arrow_Right_HitZone	5	190161
760.652	0.0	Right_Miss	13	190163
760.984	0.0	Arrow_Up_HitZone	7	190246
760.992	0.0	Up_Miss	16	190248
761.164	0.0	Listen_Start	12	190291
764.072	0.0	Arrow_Right_Spawn	6	191018
764.452	0.0	Arrow_Up_Spawn	8	191113
764.864	0.0	Arrow_Right_Spawn	6	191216
765.28	0.0	Arrow_Up_Spawn	8	191320
765.688	0.0	Arrow_Right_Spawn	6	191422
766.072	0.0	Arrow_Up_Spawn	8	191518
766.104	0.0	Listen_End	11	191526
766.272	0.0	Arrow_Right_HitZone	5	191568
766.28	0.0	Right_Miss	13	191570
766.652	0.0	Arrow_Up_HitZone	7	191663
766.66	0.0	Up_Miss	16	191665
767.064	0.0	Arrow_Right_HitZone	5	191766
767.068	0.0	Right_Miss	13	191767
767.48	0.0	Arrow_Up_HitZone	7	191870
767.484	0.0	Up_Miss	16	191871
767.888	0.0	Arrow_Right_HitZone	5	191972
767.896	0.0	Right_Miss	13	191974
768.268	0.0	Arrow_Up_HitZone	7	192067
768.276	0.0	Up_Miss	16	192069
768.596	0.0	Listen_Start	12	192149
769.68	0.0	Arrow_Right_Spawn	6	192420
770.4	0.0	Arrow_Up_Spawn	8	192600
770.852	0.0	Arrow_Right_Spawn	6	192713
771.76	0.0	Listen_End	11	192940
771.88	0.0	Arrow_Right_HitZone	5	192970
771.884	0.0	Right_Miss	13	192971
772.22	0.0	Arrow_Up_Spawn	8	193055
772.544	0.0	Arrow_Right_Spawn	6	193136
772.6	0.0	Arrow_Up_HitZone	7	193150
772.608	0.0	Up_Miss	16	193152
773.052	0.0	Arrow_Right_HitZone	5	193263
773.056	0.0	Right_Miss	13	193264
774.42	0.0	Arrow_Up_HitZone	7	193605
774.424	0.0	Up_Miss	16	193606
774.744	0.0	Arrow_Right_HitZone	5	193686
774.752	0.0	Right_Miss	13	193688
776.18	0.0	Song_End	14	194045
793.588	0.0	Song_Start	15	198397
793.656	0.0	Listen_Start	12	198414
794.828	0.0	Arrow_Right_Spawn	6	198707
795.208	0.0	Arrow_Up_Spawn	8	198802
795.652	0.0	Arrow_Right_Spawn	6	198913
796.056	0.0	Arrow_Up_Spawn	8	199014
796.464	0.0	Arrow_Right_Spawn	6	199116
796.744	0.0	Listen_End	11	199186
796.868	0.0	Arrow_Up_Spawn	8	199217
797.028	0.0	Arrow_Right_HitZone	5	199257
797.032	0.0	Right_Miss	13	199258
797.248	0.0	Arrow_Right_Spawn	6	199312
797.408	0.0	Arrow_Up_HitZone	7	199352
797.416	0.0	Up_Miss	16	199354
797.632	0.0	Arrow_Up_Spawn	8	199408
797.852	0.0	Arrow_Right_HitZone	5	199463
797.86	0.0	Right_Miss	13	199465
798.256	0.0	Arrow_Up_HitZone	7	199564
798.264	0.0	Up_Miss	16	199566
798.664	0.0	Arrow_Right_HitZone	5	199666
798.672	0.0	Right_Miss	13	199668
799.068	0.0	Arrow_Up_HitZone	7	199767
799.076	0.0	Up_Miss	16	199769
799.448	0.0	Arrow_Right_HitZone	5	199862
799.456	0.0	Right_Miss	13	199864
799.832	0.0	Arrow_Up_HitZone	7	199958
799.836	0.0	Up_Miss	16	199959
799.976	0.0	Listen_Start	12	199994
801.22	0.0	Arrow_Right_Spawn	6	200305
801.56	0.0	Arrow_Up_Spawn	8	200390
802.052	0.0	Arrow_Right_Spawn	6	200513
802.44	0.0	Arrow_Up_Spawn	8	200610
802.82	0.0	Arrow_Right_Spawn	6	200705
803.224	0.0	Listen_End	11	200806
803.42	0.0	Arrow_Right_HitZone	5	200855
803.424	0.0	Right_Miss	13	200856
803.536	0.0	Arrow_Up_Spawn	8	200884
803.756	0.0	Arrow_Up_HitZone	7	200939
803.764	0.0	Up_Miss	16	200941
804.252	0.0	Arrow_Right_HitZone	5	201063
804.256	0.0	Right_Miss	13	201064
804.64	0.0	Arrow_Up_HitZone	7	201160
804.648	0.0	Up_Miss	16	201162
805.02	0.0	Arrow_Right_HitZone	5	201255
805.028	0.0	Right_Miss	13	201257
805.736	0.0	Arrow_Up_HitZone	7	201434
805.744	0.0	Up_Miss	16	201436
805.992	0.0	Listen_Start	12	201498
807.608	0.0	Arrow_Right_Spawn	6	201902
808.4	0.0	Arrow_Up_Spawn	8	202100
809.26	0.0	Arrow_Right_Spawn	6	202315
809.596	0.0	Listen_End	11	202399
809.644	0.0	Arrow_Up_Spawn	8	202411
809.808	0.0	Arrow_Right_HitZone	5	202452
809.816	0.0	Right_Miss	13	202454
810.024	0.0	Arrow_Right_Spawn	6	202506
810.432	0.0	Arrow_Up_Spawn	8	202608
810.6	0.0	Arrow_Up_HitZone	7	202650
810.608	0.0	Up_Miss	16	202652
811.46	0.0	Arrow_Right_HitZone	5	202865
811.468	0.0	Right_Miss	13	202867
811.844	0.0	Arrow_Up_HitZone	7	202961
811.848	0.0	Up_Miss	16	202962
812.224	0.0	Arrow_Right_HitZone	5	203056
812.232	0.0	Right_Miss	13	203058
812.632	0.0	Arrow_Up_HitZone	7	203158
812.64	0.0	Up_Miss	16	203160
812.968	0.0	Listen_Start	12	203242
814.096	0.0	Arrow_Right_Spawn	6	203524
814.436	0.0	Arrow_Up_Spawn	8	203609
814.772	0.0	Arrow_Right_Spawn	6	203693
815.612	0.0	Arrow_Up_Spawn	8	203903
815.992	0.0	Arrow_Right_Spawn	6	203998
816.188	0.0	Listen_End	11	204047
816.296	0.0	Arrow_Right_HitZone	5	204074
816.304	0.0	Right_Miss	13	204076
816.376	0.0	Arrow_Up_Spawn	8	204094
816.636	0.0	Arrow_Up_HitZone	7	204159
816.644	0.0	Up_Miss	16	204161
816.972	0.0	Arrow_Right_HitZone	5	204243
816.976	0.0	Right_Miss	13	204244
817.812	0.0	Arrow_Up_HitZone	7	204453
817.816	0.0	Up_Miss	16	204454
818.192	0.0	Arrow_Right_HitZone	5	204548
818.2	0.0	Right_Miss	13	204550
818.572	0.0	Arrow_Up_HitZone	7	204643
818.58	0.0	Up_Miss	16	204645
818.788	0.0	Listen_Start	12	204697
820.44	0.0	Arrow_Right_Spawn	6	205110
821.232	0.0	Arrow_Up_Spawn	8	205308
821.648	0.0	Arrow_Right_Spawn	6	205412
822.024	0.0	Arrow_Up_Spawn	8	205506
822.384	0.0	Listen_End	11	205596
822.64	0.0	Arrow_Right_HitZone	5	205660
822.648	0.0	Right_Miss	13	205662
822.788	0.0	Arrow_Right_Spawn	6	205697
823.148	0.0	Arrow_Up_Spawn	8	205787
823.432	0.0	Arrow_Up_HitZone	7	205858
823.44	0.0	Up_Miss	16	205860
823.848	0.0	Arrow_Right_HitZone	5	205962
823.856	0.0	Right_Miss	13	205964
824.224	0.0	Arrow_Up_HitZone	7	206056
824.228	0.0	Up_Miss	16	206057
824.984	0.0	Arrow_Right_HitZone	5	206246
824.992	0.0	Right_Miss	13	206248
825.348	0.0	Arrow_Up_HitZone	7	206337
825.352	0.0	Up_Miss	16	206338
825.584	0.0	Listen_Start	12	206396
826.812	0.0	Arrow_Right_Spawn	6	206703
827.192	0.0	Arrow_Up_Spawn	8	206798
828.332	0.0	Arrow_Right_Spawn	6	207083
828.672	0.0	Arrow_Up_Spawn	8	207168
828.844	0.0	Listen_End	11	207211
829.012	0.0	Arrow_Right_HitZone	5	207253
829.016	0.0	Right_Miss	13	207254
829.392	0.0	Arrow_Up_HitZone	7	207348
829.4	0.0	Up_Miss	16	207350
830.532	0.0	Arrow_Right_HitZone	5	207633
830.536	0.0	Right_Miss	13	207634
830.872	0.0	Arrow_Up_HitZone	7	207718
830.876	0.0	Up_Miss	16	207719
831.052	0.0	Listen_Start	12	207763
833.96	0.0	Arrow_Right_Spawn	6	208490
834.34	0.0	Arrow_Up_Spawn	8	208585
834.748	0.0	Arrow_Right_Spawn	6	208687
835.168	0.0	Arrow_Up_Spawn	8	208792
835.568	0.0	Arrow_Right_Spawn	6	208892
835.956	0.0	Arrow_Up_Spawn	8	208989
835.984	0.0	Listen_End	11	208996
836.16	0.0	Arrow_Right_HitZone	5	209040
836.164	0.0	Right_Miss	13	209041
836.54	0.0	Arrow_Up_HitZone	7	209135
836.548	0.0	Up_Miss	16	209137
836.948	0.0	Arrow_Right_HitZone	5	209237
836.956	0.0	Right_Miss	13	209239
837.364	0.0	Arrow_Up_HitZone	7	209341
837.372	0.0	Up_Miss	16	209343
837.768	0.0	Arrow_Right_HitZone	5	209442
837.776	0.0	Right_Miss	13	209444
838.156	0.0	Arrow_Up_HitZone	7	209539
838.164	0.0	Up_Miss	16	209541
838.468	0.0	Listen_Start	12	209617
839.564	0.0	Arrow_Right_Spawn	6	209891
840.288	0.0	Arrow_Up_Spawn	8	210072
840.74	0.0	Arrow_Right_Spawn	6	210185
841.632	0.0	Listen_End	11	210408
841.764	0.0	Arrow_Right_HitZone	5	210441
841.772	0.0	Right_Miss	13	210443
842.104	0.0	Arrow_Up_Spawn	8	210526
842.432	0.0	Arrow_Right_Spawn	6	210608
842.488	0.0	Arrow_Up_HitZone	7	210622
842.496	0.0	Up_Miss	16	210624
842.94	0.0	Arrow_Right_HitZone	5	210735
842.944	0.0	Right_Miss	13	210736
844.304	0.0	Arrow_Up_HitZone	7	211076
844.312	0.0	Up_Miss	16	211078
844.632	0.0	Arrow_Right_HitZone	5	211158
844.64	0.0	Right_Miss	13	211160
846.06	0.0	Song_End	14	211515
890.452	0.0	Song_Start	15	222613
893.088	0.0	Arrow_Right_Spawn	6	223272
893.296	0.0	Arrow_Left_Spawn	4	223324
893.548	0.0	Arrow_Left_Spawn	4	223387
893.796	0.0	Arrow_Right_Spawn	6	223449
894.076	0.0	Arrow_Right_Spawn	6	223519
894.304	0.0	Arrow_Left_Spawn	4	223576
894.58	0.0	Arrow_Right_Spawn	6	223645
894.816	0.0	Arrow_Left_Spawn	4	223704
895.076	0.0	Arrow_Left_Spawn	4	223769
895.288	0.0	Arrow_Right_HitZone	5	223822
895.296	0.0	Right_Miss	13	223824
895.304	0.0	Arrow_Right_Spawn	6	223826
895.496	0.0	Arrow_Left_HitZone	3	223874
895.504	0.0	Left_Miss	10	223876
895.532	0.0	Arrow_Left_Spawn	4	223883
895.732	0.0	Arrow_Right_Spawn	6	223933
895.748	0.0	Arrow_Left_HitZone	3	223937
895.756	0.0	Left_Miss	10	223939
895.992	0.0	Arrow_Left_Spawn	4	223998
895.996	0.0	Arrow_Right_HitZone	5	223999
896.004	0.0	Right_Miss	13	224001
896.24	0.0	Arrow_Left_Spawn	4	224060
896.276	0.0	Arrow_Right_HitZone	5	224069
896.28	0.0	Right_Miss	13	224070
896.448	0.0	Arrow_Right_Spawn	6	224112
896.504	0.0	Arrow_Left_HitZone	3	224126
896.512	0.0	Left_Miss	10	224128
896.732	0.0	Arrow_Right_Spawn	6	224183
896.78	0.0	Arrow_Right_HitZone	5	224195
896.788	0.0	Right_Miss	13	224197
897.016	0.0	Arrow_Left_HitZone	3	224254
897.024	0.0	Left_Miss	10	224256
897.276	0.0	Arrow_Left_HitZone	3	224319
897.28	0.0	Left_Miss	10	224320
897.504	0.0	Arrow_Right_HitZone	5	224376
897.508	0.0	Right_Miss	13	224377
897.732	0.0	Arrow_Left_HitZone	3	224433
897.74	0.0	Left_Miss	10	224435
897.932	0.0	Arrow_Right_HitZone	5	224483
897.94	0.0	Right_Miss	13	224485
898.192	0.0	Arrow_Left_HitZone	3	224548
898.196	0.0	Left_Miss	10	224549
898.44	0.0	Arrow_Left_HitZone	3	224610
898.448	0.0	Left_Miss	10	224612
898.648	0.0	Arrow_Right_HitZone	5	224662
898.656	0.0	Right_Miss	13	224664
898.932	0.0	Arrow_Right_HitZone	5	224733
898.94	0.0	Right_Miss	13	224735
901.084	0.0	Arrow_Left_Spawn	4	225271
901.292	0.0	Arrow_Right_Spawn	6	225323
901.556	0.0	Arrow_Right_Spawn	6	225389
901.792	0.0	Arrow_Left_Spawn	4	225448
902.0	0.0	Arrow_Right_Spawn	6	225500
902.536	0.0	Arrow_Right_Spawn	6	225634
903.06	0.0	Arrow_Left_Spawn	4	225765
903.276	0.0	Arrow_Left_Spawn	4	225819
903.284	0.0	Arrow_Left_HitZone	3	225821
903.292	0.0	Left_Miss	10	225823
903.492	0.0	Arrow_Right_HitZone	5	225873
903.5	0.0	Right_Miss	13	225875
903.556	0.0	Arrow_Right_Spawn	6	225889
903.748	0.0	Arrow_Left_Spawn	4	225937
903.756	0.0	Arrow_Right_HitZone	5	225939
903.764	0.0	Right_Miss	13	225941
903.992	0.0	Arrow_Left_HitZone	3	225998
904.0	0.0	Left_Miss	10	226000
904.004	0.0	Arrow_Left_Spawn	4	226001
904.2	0.0	Arrow_Right_HitZone	5	226050
904.208	0.0	Right_Miss	13	226052
904.492	0.0	Arrow_Right_Spawn	6	226123
904.736	0.0	Arrow_Right_HitZone	5	226184
904.74	0.0	Right_Miss	13	226185
905.26	0.0	Arrow_Left_HitZone	3	226315
905.268	0.0	Left_Miss	10	226317
905.476	0.0	Arrow_Left_HitZone	3	226369
905.484	0.0	Left_Miss	10	226371
905.756	0.0	Arrow_Right_HitZone	5	226439
905.76	0.0	Right_Miss	13	226440
905.948	0.0	Arrow_Left_HitZone	3	226487
905.956	0.0	Left_Miss	10	226489
906.204	0.0	Arrow_Left_HitZone	3	226551
906.212	0.0	Left_Miss	10	226553
906.692	0.0	Arrow_Right_HitZone	5	226673
906.696	0.0	Right_Miss	13	226674
909.016	0.0	Arrow_Right_Spawn	6	227254
909.252	0.0	Arrow_Left_Spawn	4	227313
909.528	0.0	Arrow_Right_Spawn	6	227382
909.784	0.0	Arrow_Right_Spawn	6	227446
910.036	0.0	Arrow_Left_Spawn	4	227509
910.292	0.0	Arrow_Right_Spawn	6	227573
910.528	0.0	Arrow_Left_Spawn	4	227632
910.78	0.0	Arrow_Right_Spawn	6	227695
911.056	0.0	Arrow_Right_Spawn	6	227764
911.216	0.0	Arrow_Right_HitZone	5	227804
911.224	0.0	Right_Miss	13	227806
911.452	0.0	Arrow_Left_HitZone	3	227863
911.46	0.0	Left_Miss	10	227865
911.728	0.0	Arrow_Right_HitZone	5	227932
911.736	0.0	Right_Miss	13	227934
911.896	0.0	Arrow_Left_Spawn	4	227974
911.984	0.0	Arrow_Right_HitZone	5	227996
911.992	0.0	Right_Miss	13	227998
912.236	0.0	Arrow_Left_HitZone	3	228059
912.244	0.0	Left_Miss	10	228061
912.492	0.0	Arrow_Right_HitZone	5	228123
912.5	0.0	Right_Miss	13	228125
912.728	0.0	Arrow_Left_HitZone	3	228182
912.736	0.0	Left_Miss	10	228184
912.976	0.0	Arrow_Right_HitZone	5	228244
912.984	0.0	Right_Miss	13	228246
913.256	0.0	Arrow_Right_HitZone	5	228314
913.264	0.0	Right_Miss	13	228316
914.096	0.0	Arrow_Left_HitZone	3	228524
914.104	0.0	Left_Miss	10	228526
917.044	0.0	Arrow_Right_Spawn	6	229261
917.428	0.0	Arrow_Left_Spawn	4	229357
917.96	0.0	Arrow_Left_Spawn	4	229490
918.496	0.0	Arrow_Right_Spawn	6	229624
918.98	0.0	Arrow_Left_Spawn	4	229745
919.244	0.0	Arrow_Right_HitZone	5	229811
919.252	0.0	Right_Miss	13	229813
919.264	0.0	Arrow_Left_Spawn	4	229816
919.508	0.0	Arrow_Right_Spawn	6	229877
919.628	0.0	Arrow_Left_HitZone	3	229907
919.632	0.0	Left_Miss	10	229908
919.756	0.0	Arrow_Left_Spawn	4	229939
920.016	0.0	Arrow_Left_Spawn	4	230004
920.16	0.0	Arrow_Left_HitZone	3	230040
920.168	0.0	Left_Miss	10	230042
920.272	0.0	Arrow_Right_Spawn	6	230068
920.5	0.0	Arrow_Right_Spawn	6	230125
920.696	0.0	Arrow_Right_HitZone	5	230174
920.7	0.0	Right_Miss	13	230175
920.756	0.0	Arrow_Left_Spawn	4	230189
921.18	0.0	Arrow_Left_HitZone	3	230295
921.188	0.0	Left_Miss	10	230297
921.464	0.0	Arrow_Left_HitZone	3	230366
921.472	0.0	Left_Miss	10	230368
921.708	0.0	Arrow_Right_HitZone	5	230427
921.716	0.0	Right_Miss	13	230429
921.956	0.0	Arrow_Left_HitZone	3	230489
921.964	0.0	Left_Miss	10	230491
922.216	0.0	Arrow_Left_HitZone	3	230554
922.22	0.0	Left_Miss	10	230555
922.472	0.0	Arrow_Right_HitZone	5	230618
922.476	0.0	Right_Miss	13	230619
922.7	0.0	Arrow_Right_HitZone	5	230675
922.708	0.0	Right_Miss	13	230677
922.956	0.0	Arrow_Left_HitZone	3	230739
922.964	0.0	Left_Miss	10	230741
925.04	0.0	Arrow_Left_Spawn	4	231260
925.232	0.0	Arrow_Right_Spawn	6	231308
925.512	0.0	Arrow_Left_Spawn	4	231378
925.724	0.0	Arrow_Right_Spawn	6	231431
926.024	0.0	Arrow_Right_Spawn	6	231506
926.996	0.0	Arrow_Left_Spawn	4	231749
927.24	0.0	Arrow_Left_HitZone	3	231810
927.244	0.0	Left_Miss	10	231811
927.252	0.0	Arrow_Left_Spawn	4	231813
927.432	0.0	Arrow_Right_HitZone	5	231858
927.44	0.0	Right_Miss	13	231860
927.508	0.0	Arrow_Right_Spawn	6	231877
927.712	0.0	Arrow_Left_HitZone	3	231928
927.716	0.0	Left_Miss	10	231929
927.74	0.0	Arrow_Left_Spawn	4	231935
927.924	0.0	Arrow_Right_HitZone	5	231981
927.932	0.0	Right_Miss	13	231983
928.008	0.0	Arrow_Left_Spawn	4	232002
928.224	0.0	Arrow_Right_HitZone	5	232056
928.232	0.0	Right_Miss	13	232058
929.196	0.0	Arrow_Left_HitZone	3	232299
929.204	0.0	Left_Miss	10	232301
929.452	0.0	Arrow_Left_HitZone	3	232363
929.46	0.0	Left_Miss	10	232365
929.708	0.0	Arrow_Right_HitZone	5	232427
929.716	0.0	Right_Miss	13	232429
929.936	0.0	Arrow_Left_HitZone	3	232484
929.944	0.0	Left_Miss	10	232486
930.208	0.0	Arrow_Left_HitZone	3	232552
930.216	0.0	Left_Miss	10	232554
932.984	0.0	Arrow_Right_Spawn	6	233246
933.436	0.0	Arrow_Right_Spawn	6	233359
934.04	0.0	Arrow_Left_Spawn	4	233510
934.248	0.0	Arrow_Right_Spawn	6	233562
934.504	0.0	Arrow_Right_Spawn	6	233626
934.712	0.0	Arrow_Left_Spawn	4	233678
934.988	0.0	Arrow_Left_Spawn	4	233747
935.184	0.0	Arrow_Right_HitZone	5	233796
935.192	0.0	Right_Miss	13	233798
935.448	0.0	Arrow_Right_Spawn	6	233862
935.636	0.0	Arrow_Right_HitZone	5	233909
935.644	0.0	Right_Miss	13	233911
935.956	0.0	Arrow_Left_Spawn	4	233989
936.24	0.0	Arrow_Left_HitZone	3	234060
936.244	0.0	Left_Miss	10	234061
936.448	0.0	Arrow_Right_HitZone	5	234112
936.456	0.0	Right_Miss	13	234114
936.704	0.0	Arrow_Right_HitZone	5	234176
936.712	0.0	Right_Miss	13	234178
936.912	0.0	Arrow_Left_HitZone	3	234228
936.92	0.0	Left_Miss	10	234230
937.192	0.0	Arrow_Left_HitZone	3	234298
937.196	0.0	Left_Miss	10	234299
937.648	0.0	Arrow_Right_HitZone	5	234412
937.656	0.0	Right_Miss	13	234414
938.156	0.0	Arrow_Left_HitZone	3	234539
938.16	0.0	Left_Miss	10	234540
941.048	0.0	Arrow_Left_Spawn	4	235262
943.032	0.0	Arrow_Right_Spawn	6	235758
943.248	0.0	Arrow_Left_HitZone	3	235812
943.256	0.0	Left_Miss	10	235814
943.256	0.0	Arrow_Right_Spawn	6	235814
943.484	0.0	Arrow_Left_Spawn	4	235871
943.72	0.0	Arrow_Left_Spawn	4	235930
943.968	0.0	Arrow_Right_Spawn	6	235992
944.484	0.0	Arrow_Left_Spawn	4	236121
945.232	0.0	Arrow_Right_HitZone	5	236308
945.24	0.0	Right_Miss	13	236310
945.456	0.0	Arrow_Right_HitZone	5	236364
945.46	0.0	Right_Miss	13	236365
945.684	0.0	Arrow_Left_HitZone	3	236421
945.692	0.0	Left_Miss	10	236423
945.92	0.0	Arrow_Left_HitZone	3	236480
945.928	0.0	Left_Miss	10	236482
946.168	0.0	Arrow_Right_HitZone	5	236542
946.176	0.0	Right_Miss	13	236544
946.684	0.0	Arrow_Left_HitZone	3	236671
946.688	0.0	Left_Miss	10	236672
949.016	0.0	Arrow_Right_Spawn	6	237254
949.48	0.0	Arrow_Left_Spawn	4	237370
949.98	0.0	Arrow_Right_Spawn	6	237495
950.312	0.0	Arrow_Left_Spawn	4	237578
951.216	0.0	Arrow_Right_HitZone	5	237804
951.22	0.0	Right_Miss	13	237805
951.68	0.0	Arrow_Left_HitZone	3	237920
951.688	0.0	Left_Miss	10	237922
951.964	0.0	Arrow_Right_Spawn	6	237991
952.18	0.0	Arrow_Right_HitZone	5	238045
952.184	0.0	Right_Miss	13	238046
952.236	0.0	Arrow_Left_Spawn	4	238059
952.448	0.0	Arrow_Right_Spawn	6	238112
952.512	0.0	Arrow_Left_HitZone	3	238128
952.52	0.0	Left_Miss	10	238130
952.708	0.0	Arrow_Right_Spawn	6	238177
954.164	0.0	Arrow_Right_HitZone	5	238541
954.172	0.0	Right_Miss	13	238543
954.436	0.0	Arrow_Left_HitZone	3	238609
954.44	0.0	Left_Miss	10	238610
954.648	0.0	Arrow_Right_HitZone	5	238662
954.656	0.0	Right_Miss	13	238664
954.908	0.0	Arrow_Right_HitZone	5	238727
954.912	0.0	Right_Miss	13	238728
957.916	0.0	Song_End	14	239479
979.072	0.0	Song_Start	15	244768
979.352	0.0	Listen_Start	12	244838
981.708	0.0	Arrow_Left_Spawn	4	245427
981.916	0.0	Arrow_Up_Spawn	8	245479
982.164	0.0	Arrow_Left_Spawn	4	245541
982.416	0.0	Arrow_Up_Spawn	8	245604
982.692	0.0	Arrow_Left_Spawn	4	245673
982.92	0.0	Arrow_Up_Spawn	8	245730
983.2	0.0	Arrow_Left_Spawn	4	245800
983.436	0.0	Arrow_Up_Spawn	8	245859
983.656	0.0	Listen_End	11	245914
983.692	0.0	Arrow_Left_Spawn	4	245923
983.908	0.0	Arrow_Left_HitZone	3	245977
983.912	0.0	Left_Miss	10	245978
983.92	0.0	Arrow_Up_Spawn	8	245980
984.116	0.0	Arrow_Up_HitZone	7	246029
984.12	0.0	Up_Miss	16	246030
984.148	0.0	Arrow_Left_Spawn	4	246037
984.352	0.0	Arrow_Up_Spawn	8	246088
984.364	0.0	Arrow_Left_HitZone	3	246091
984.372	0.0	Left_Miss	10	246093
984.608	0.0	Arrow_Left_Spawn	4	246152
984.612	0.0	Arrow_Up_HitZone	7	246153
984.62	0.0	Up_Miss	16	246155
984.856	0.0	Arrow_Up_Spawn	8	246214
984.892	0.0	Arrow_Left_HitZone	3	246223
984.9	0.0	Left_Miss	10	246225
985.064	0.0	Arrow_Left_Spawn	4	246266
985.12	0.0	Arrow_Up_HitZone	7	246280
985.128	0.0	Up_Miss	16	246282
985.348	0.0	Arrow_Up_Spawn	8	246337
985.4	0.0	Arrow_Left_HitZone	3	246350
985.404	0.0	Left_Miss	10	246351
985.632	0.0	Arrow_Up_HitZone	7	246408
985.64	0.0	Up_Miss	16	246410
985.892	0.0	Arrow_Left_HitZone	3	246473
985.896	0.0	Left_Miss	10	246474
986.12	0.0	Arrow_Up_HitZone	7	246530
986.128	0.0	Up_Miss	16	246532
986.348	0.0	Arrow_Left_HitZone	3	246587
986.356	0.0	Left_Miss	10	246589
986.548	0.0	Arrow_Up_HitZone	7	246637
986.556	0.0	Up_Miss	16	246639
986.808	0.0	Arrow_Left_HitZone	3	246702
986.812	0.0	Left_Miss	10	246703
987.056	0.0	Arrow_Up_HitZone	7	246764
987.064	0.0	Up_Miss	16	246766
987.264	0.0	Arrow_Left_HitZone	3	246816
987.272	0.0	Left_Miss	10	246818
987.548	0.0	Arrow_Up_HitZone	7	246887
987.556	0.0	Up_Miss	16	246889
987.908	0.0	Listen_Start	12	246977
989.7	0.0	Arrow_Left_Spawn	4	247425
989.908	0.0	Arrow_Up_Spawn	8	247477
990.172	0.0	Arrow_Left_Spawn	4	247543
990.408	0.0	Arrow_Up_Spawn	8	247602
990.616	0.0	Arrow_Left_Spawn	4	247654
991.152	0.0	Arrow_Up_Spawn	8	247788
991.656	0.0	Listen_End	11	247914
991.68	0.0	Arrow_Left_Spawn	4	247920
991.892	0.0	Arrow_Up_Spawn	8	247973
991.9	0.0	Arrow_Left_HitZone	3	247975
991.908	0.0	Left_Miss	10	247977
992.108	0.0	Arrow_Up_HitZone	7	248027
992.116	0.0	Up_Miss	16	248029
992.172	0.0	Arrow_Left_Spawn	4	248043
992.364	0.0	Arrow_Up_Spawn	8	248091
992.372	0.0	Arrow_Left_HitZone	3	248093
992.38	0.0	Left_Miss	10	248095
992.608	0.0	Arrow_Up_HitZone	7	248152
992.616	0.0	Up_Miss	16	248154
992.62	0.0	Arrow_Left_Spawn	4	248155
992.816	0.0	Arrow_Left_HitZone	3	248204
992.824	0.0	Left_Miss	10	248206
993.108	0.0	Arrow_Up_Spawn	8	248277
993.352	0.0	Arrow_Up_HitZone	7	248338
993.356	0.0	Up_Miss	16	248339
993.88	0.0	Arrow_Left_HitZone	3	248470
993.884	0.0	Left_Miss	10	248471
994.092	0.0	Arrow_Up_HitZone	7	248523
994.1	0.0	Up_Miss	16	248525
994.372	0.0	Arrow_Left_HitZone	3	248593
994.376	0.0	Left_Miss	10	248594
994.564	0.0	Arrow_Up_HitZone	7	248641
994.572	0.0	Up_Miss	16	248643
994.82	0.0	Arrow_Left_HitZone	3	248705
994.828	0.0	Left_Miss	10	248707
995.308	0.0	Arrow_Up_HitZone	7	248827
995.316	0.0	Up_Miss	16	248829
995.628	0.0	Listen_Start	12	248907
997.632	0.0	Arrow_Left_Spawn	4	249408
997.868	0.0	Arrow_Up_Spawn	8	249467
998.144	0.0	Arrow_Left_Spawn	4	249536
998.404	0.0	Arrow_Up_Spawn	8	249601
998.652	0.0	Arrow_Left_Spawn	4	249663
998.908	0.0	Arrow_Up_Spawn	8	249727
999.144	0.0	Arrow_Left_Spawn	4	249786
999.396	0.0	Arrow_Up_Spawn	8	249849
999.624	0.0	Listen_End	11	249906
999.672	0.0	Arrow_Left_Spawn	4	249918
999.832	0.0	Arrow_Left_HitZone	3	249958
999.84	0.0	Left_Miss	10	249960
1000.068	0.0	Arrow_Up_HitZone	7	250017
1000.076	0.0	Up_Miss	16	250019
1000.344	0.0	Arrow_Left_HitZone	3	250086
1000.352	0.0	Left_Miss	10	250088
1000.512	0.0	Arrow_Up_Spawn	8	250128
1000.604	0.0	Arrow_Up_HitZone	7	250151
1000.608	0.0	Up_Miss	16	250152
1000.852	0.0	Arrow_Left_HitZone	3	250213
1000.86	0.0	Left_Miss	10	250215
1001.108	0.0	Arrow_Up_HitZone	7	250277
1001.116	0.0	Up_Miss	16	250279
1001.344	0.0	Arrow_Left_HitZone	3	250336
1001.352	0.0	Left_Miss	10	250338
1001.596	0.0	Arrow_Up_HitZone	7	250399
1001.6	0.0	Up_Miss	16	250400
1001.872	0.0	Arrow_Left_HitZone	3	250468
1001.88	0.0	Left_Miss	10	250470
1002.712	0.0	Arrow_Up_HitZone	7	250678
1002.72	0.0	Up_Miss	16	250680
1003.004	0.0	Listen_Start	12	250751
1005.66	0.0	Arrow_Left_Spawn	4	251415
1006.044	0.0	Arrow_Up_Spawn	8	251511
1006.576	0.0	Arrow_Left_Spawn	4	251644
1007.112	0.0	Arrow_Up_Spawn	8	251778
1007.596	0.0	Arrow_Left_Spawn	4	251899
1007.668	0.0	Listen_End	11	251917
1007.86	0.0	Arrow_Left_HitZone	3	251965
1007.868	0.0	Left_Miss	10	251967
1007.88	0.0	Arrow_Up_Spawn	8	251970
1008.124	0.0	Arrow_Left_Spawn	4	252031
1008.244	0.0	Arrow_Up_HitZone	7	252061
1008.248	0.0	Up_Miss	16	252062
1008.376	0.0	Arrow_Up_Spawn	8	252094
1008.632	0.0	Arrow_Left_Spawn	4	252158
1008.776	0.0	Arrow_Left_HitZone	3	252194
1008.784	0.0	Left_Miss	10	252196
1008.888	0.0	Arrow_Up_Spawn	8	252222
1009.116	0.0	Arrow_Left_Spawn	4	252279
1009.312	0.0	Arrow_Up_HitZone	7	252328
1009.32	0.0	Up_Miss	16	252330
1009.372	0.0	Arrow_Up_Spawn	8	252343
1009.796	0.0	Arrow_Left_HitZone	3	252449
1009.804	0.0	Left_Miss	10	252451
1010.08	0.0	Arrow_Up_HitZone	7	252520
1010.088	0.0	Up_Miss	16	252522
1010.324	0.0	Arrow_Left_HitZone	3	252581
1010.332	0.0	Left_Miss	10	252583
1010.576	0.0	Arrow_Up_HitZone	7	252644
1010.58	0.0	Up_Miss	16	252645
1010.832	0.0	Arrow_Left_HitZone	3	252708
1010.836	0.0	Left_Miss	10	252709
1011.088	0.0	Arrow_Up_HitZone	7	252772
1011.096	0.0	Up_Miss	16	252774
1011.316	0.0	Arrow_Left_HitZone	3	252829
1011.324	0.0	Left_Miss	10	252831
1011.572	0.0	Arrow_Up_HitZone	7	252893
1011.58	0.0	Up_Miss	16	252895
1011.816	0.0	Listen_Start	12	252954
1013.656	0.0	Arrow_Left_Spawn	4	253414
1013.848	0.0	Arrow_Up_Spawn	8	253462
1014.128	0.0	Arrow_Left_Spawn	4	253532
1014.344	0.0	Arrow_Up_Spawn	8	253586
1014.64	0.0	Arrow_Left_Spawn	4	253660
1015.612	0.0	Arrow_Up_Spawn	8	253903
1015.696	0.0	Listen_End	11	253924
1015.856	0.0	Arrow_Left_HitZone	3	253964
1015.864	0.0	Left_Miss	10	253966
1015.868	0.0	Arrow_Left_Spawn	4	253967
1016.048	0.0	Arrow_Up_HitZone	7	254012
1016.056	0.0	Up_Miss	16	254014
1016.124	0.0	Arrow_Up_Spawn	8	254031
1016.328	0.0	Arrow_Left_HitZone	3	254082
1016.336	0.0	Left_Miss	10	254084
1016.356	0.0	Arrow_Left_Spawn	4	254089
1016.544	0.0	Arrow_Up_HitZone	7	254136
1016.548	0.0	Up_Miss	16	254137
1016.624	0.0	Arrow_Up_Spawn	8	254156
1016.84	0.0	Arrow_Left_HitZone	3	254210
1016.848	0.0	Left_Miss	10	254212
1017.812	0.0	Arrow_Up_HitZone	7	254453
1017.82	0.0	Up_Miss	16	254455
1018.068	0.0	Arrow_Left_HitZone	3	254517
1018.076	0.0	Left_Miss	10	254519
1018.324	0.0	Arrow_Up_HitZone	7	254581
1018.332	0.0	Up_Miss	16	254583
1018.556	0.0	Arrow_Left_HitZone	3	254639
1018.56	0.0	Left_Miss	10	254640
1018.824	0.0	Arrow_Up_HitZone	7	254706
1018.832	0.0	Up_Miss	16	254708
1019.16	0.0	Listen_Start	12	254790
1021.6	0.0	Arrow_Left_Spawn	4	255400
1022.052	0.0	Arrow_Up_Spawn	8	255513
1022.656	0.0	Arrow_Left_Spawn	4	255664
1022.864	0.0	Arrow_Up_Spawn	8	255716
1023.12	0.0	Arrow_Left_Spawn	4	255780
1023.328	0.0	Arrow_Up_Spawn	8	255832
1023.532	0.0	Listen_End	11	255883
1023.608	0.0	Arrow_Left_Spawn	4	255902
1023.8	0.0	Arrow_Left_HitZone	3	255950
1023.808	0.0	Left_Miss	10	255952
1024.064	0.0	Arrow_Up_Spawn	8	256016
1024.252	0.0	Arrow_Up_HitZone	7	256063
1024.26	0.0	Up_Miss	16	256065
1024.572	0.0	Arrow_Left_Spawn	4	256143
1024.856	0.0	Arrow_Left_HitZone	3	256214
1024.864	0.0	Left_Miss	10	256216
1025.064	0.0	Arrow_Up_HitZone	7	256266
1025.072	0.0	Up_Miss	16	256268
1025.32	0.0	Arrow_Left_HitZone	3	256330
1025.328	0.0	Left_Miss	10	256332
1025.528	0.0	Arrow_Up_HitZone	7	256382
1025.536	0.0	Up_Miss	16	256384
1025.808	0.0	Arrow_Left_HitZone	3	256452
1025.812	0.0	Left_Miss	10	256453
1026.264	0.0	Arrow_Up_HitZone	7	256566
1026.272	0.0	Up_Miss	16	256568
1026.772	0.0	Arrow_Left_HitZone	3	256693
1026.776	0.0	Left_Miss	10	256694
1027.116	0.0	Listen_Start	12	256779
1029.664	0.0	Arrow_Up_Spawn	8	257416
1031.6	0.0	Listen_End	11	257900
1031.648	0.0	Arrow_Left_Spawn	4	257912
1031.864	0.0	Arrow_Up_HitZone	7	257966
1031.872	0.0	Up_Miss	16	257968
1031.872	0.0	Arrow_Up_Spawn	8	257968
1032.1	0.0	Arrow_Left_Spawn	4	258025
1032.336	0.0	Arrow_Up_Spawn	8	258084
1032.588	0.0	Arrow_Left_Spawn	4	258147
1033.1	0.0	Arrow_Up_Spawn	8	258275
1033.848	0.0	Arrow_Left_HitZone	3	258462
1033.856	0.0	Left_Miss	10	258464
1034.072	0.0	Arrow_Up_HitZone	7	258518
1034.08	0.0	Up_Miss	16	258520
1034.3	0.0	Arrow_Left_HitZone	3	258575
1034.308	0.0	Left_Miss	10	258577
1034.536	0.0	Arrow_Up_HitZone	7	258634
1034.544	0.0	Up_Miss	16	258636
1034.788	0.0	Arrow_Left_HitZone	3	258697
1034.792	0.0	Left_Miss	10	258698
1035.3	0.0	Arrow_Up_HitZone	7	258825
1035.308	0.0	Up_Miss	16	258827
1035.676	0.0	Listen_Start	12	258919
1037.632	0.0	Arrow_Left_Spawn	4	259408
1038.096	0.0	Arrow_Up_Spawn	8	259524
1038.596	0.0	Arrow_Left_Spawn	4	259649
1038.928	0.0	Arrow_Up_Spawn	8	259732
1039.56	0.0	Listen_End	11	259890
1039.832	0.0	Arrow_Left_HitZone	3	259958
1039.836	0.0	Left_Miss	10	259959
1040.296	0.0	Arrow_Up_HitZone	7	260074
1040.304	0.0	Up_Miss	16	260076
1040.58	0.0	Arrow_Left_Spawn	4	260145
1040.796	0.0	Arrow_Left_HitZone	3	260199
1040.804	0.0	Left_Miss	10	260201
1040.852	0.0	Arrow_Up_Spawn	8	260213
1041.068	0.0	Arrow_Left_Spawn	4	260267
1041.128	0.0	Arrow_Up_HitZone	7	260282
1041.136	0.0	Up_Miss	16	260284
1041.324	0.0	Arrow_Up_Spawn	8	260331
1042.78	0.0	Arrow_Left_HitZone	3	260695
1042.788	0.0	Left_Miss	10	260697
1043.052	0.0	Arrow_Up_HitZone	7	260763
1043.056	0.0	Up_Miss	16	260764
1043.264	0.0	Arrow_Left_HitZone	3	260816
1043.272	0.0	Left_Miss	10	260818
1043.524	0.0	Arrow_Up_HitZone	7	260881
1043.528	0.0	Up_Miss	16	260882
1046.536	0.0	Song_End	14	261634
1062.468	0.0	Song_Start	15	265617
1062.744	0.0	Listen_Start	12	265686
1065.104	0.0	Arrow_Left_Spawn	4	266276
1065.312	0.0	Arrow_Down_Spawn	2	266328
1065.568	0.0	Arrow_Left_Spawn	4	266392
1065.812	0.0	Arrow_Down_Spawn	2	266453
1066.088	0.0	Arrow_Left_Spawn	4	266522
1066.32	0.0	Arrow_Down_Spawn	2	266580
1066.596	0.0	Arrow_Left_Spawn	4	266649
1066.832	0.0	Arrow_Down_Spawn	2	266708
1067.048	0.0	Listen_End	11	266762
1067.088	0.0	Arrow_Left_Spawn	4	266772
1067.304	0.0	Arrow_Left_HitZone	3	266826
1067.312	0.0	Left_Miss	10	266828
1067.32	0.0	Arrow_Down_Spawn	2	266830
1067.512	0.0	Arrow_Down_HitZone	1	266878
1067.52	0.0	Down_Miss	9	266880
1067.556	0.0	Arrow_Left_Spawn	4	266889
1067.748	0.0	Arrow_Down_Spawn	2	266937
1067.768	0.0	Arrow_Left_HitZone	3	266942
1067.776	0.0	Left_Miss	10	266944
1068.004	0.0	Arrow_Left_Spawn	4	267001
1068.012	0.0	Arrow_Down_HitZone	1	267003
1068.02	0.0	Down_Miss	9	267005
1068.26	0.0	Arrow_Down_Spawn	2	267065
1068.288	0.0	Arrow_Left_HitZone	3	267072
1068.296	0.0	Left_Miss	10	267074
1068.472	0.0	Arrow_Left_Spawn	4	267118
1068.52	0.0	Arrow_Down_HitZone	1	267130
1068.524	0.0	Down_Miss	9	267131
1068.748	0.0	Arrow_Down_Spawn	2	267187
1068.796	0.0	Arrow_Left_HitZone	3	267199
1068.804	0.0	Left_Miss	10	267201
1069.032	0.0	Arrow_Down_HitZone	1	267258
1069.04	0.0	Down_Miss	9	267260
1069.288	0.0	Arrow_Left_HitZone	3	267322
1069.296	0.0	Left_Miss	10	267324
1069.516	0.0	Arrow_Down_HitZone	1	267379
1069.524	0.0	Down_Miss	9	267381
1069.752	0.0	Arrow_Left_HitZone	3	267438
1069.76	0.0	Left_Miss	10	267440
1069.948	0.0	Arrow_Down_HitZone	1	267487
1069.956	0.0	Down_Miss	9	267489
1070.204	0.0	Arrow_Left_HitZone	3	267551
1070.212	0.0	Left_Miss	10	267553
1070.46	0.0	Arrow_Down_HitZone	1	267615
1070.468	0.0	Down_Miss	9	267617
1070.668	0.0	Arrow_Left_HitZone	3	267667
1070.676	0.0	Left_Miss	10	267669
1070.948	0.0	Arrow_Down_HitZone	1	267737
1070.956	0.0	Down_Miss	9	267739
1071.308	0.0	Listen_Start	12	267827
1073.1	0.0	Arrow_Left_Spawn	4	268275
1073.308	0.0	Arrow_Down_Spawn	2	268327
1073.572	0.0	Arrow_Left_Spawn	4	268393
1073.808	0.0	Arrow_Down_Spawn	2	268452
1074.016	0.0	Arrow_Left_Spawn	4	268504
1074.548	0.0	Arrow_Down_Spawn	2	268637
1075.048	0.0	Listen_End	11	268762
1075.084	0.0	Arrow_Left_Spawn	4	268771
1075.292	0.0	Arrow_Down_Spawn	2	268823
1075.3	0.0	Arrow_Left_HitZone	3	268825
1075.304	0.0	Left_Miss	10	268826
1075.508	0.0	Arrow_Down_HitZone	1	268877
1075.512	0.0	Down_Miss	9	268878
1075.568	0.0	Arrow_Left_Spawn	4	268892
1075.764	0.0	Arrow_Down_Spawn	2	268941
1075.772	0.0	Arrow_Left_HitZone	3	268943
1075.776	0.0	Left_Miss	10	268944
1076.008	0.0	Arrow_Down_HitZone	1	269002
1076.012	0.0	Down_Miss	9	269003
1076.02	0.0	Arrow_Left_Spawn	4	269005
1076.216	0.0	Arrow_Left_HitZone	3	269054
1076.22	0.0	Left_Miss	10	269055
1076.504	0.0	Arrow_Down_Spawn	2	269126
1076.748	0.0	Arrow_Down_HitZone	1	269187
1076.756	0.0	Down_Miss	9	269189
1077.284	0.0	Arrow_Left_HitZone	3	269321
1077.292	0.0	Left_Miss	10	269323
1077.492	0.0	Arrow_Down_HitZone	1	269373
1077.5	0.0	Down_Miss	9	269375
1077.768	0.0	Arrow_Left_HitZone	3	269442
1077.776	0.0	Left_Miss	10	269444
1077.964	0.0	Arrow_Down_HitZone	1	269491
1077.972	0.0	Down_Miss	9	269493
1078.22	0.0	Arrow_Left_HitZone	3	269555
1078.228	0.0	Left_Miss	10	269557
1078.704	0.0	Arrow_Down_HitZone	1	269676
1078.712	0.0	Down_Miss	9	269678
1079.016	0.0	Listen_Start	12	269754
1081.032	0.0	Arrow_Left_Spawn	4	270258
1081.268	0.0	Arrow_Down_Spawn	2	270317
1081.544	0.0	Arrow_Left_Spawn	4	270386
1081.8	0.0	Arrow_Down_Spawn	2	270450
1082.052	0.0	Arrow_Left_Spawn	4	270513
1082.308	0.0	Arrow_Down_Spawn	2	270577
1082.544	0.0	Arrow_Left_Spawn	4	270636
1082.792	0.0	Arrow_Down_Spawn	2	270698
1083.016	0.0	Listen_End	11	270754
1083.076	0.0	Arrow_Left_Spawn	4	270769
1083.232	0.0	Arrow_Left_HitZone	3	270808
1083.236	0.0	Left_Miss	10	270809
1083.468	0.0	Arrow_Down_HitZone	1	270867
1083.472	0.0	Down_Miss	9	270868
1083.744	0.0	Arrow_Left_HitZone	3	270936
1083.752	0.0	Left_Miss	10	270938
1083.912	0.0	Arrow_Down_Spawn	2	270978
1084.0	0.0	Arrow_Down_HitZone	1	271000
1084.008	0.0	Down_Miss	9	271002
1084.252	0.0	Arrow_Left_HitZone	3	271063
1084.256	0.0	Left_Miss	10	271064
1084.508	0.0	Arrow_Down_HitZone	1	271127
1084.512	0.0	Down_Miss	9	271128
1084.744	0.0	Arrow_Left_HitZone	3	271186
1084.748	0.0	Left_Miss	10	271187
1084.992	0.0	Arrow_Down_HitZone	1	271248
1085.0	0.0	Down_Miss	9	271250
1085.276	0.0	Arrow_Left_HitZone	3	271319
1085.284	0.0	Left_Miss	10	271321
1086.112	0.0	Arrow_Down_HitZone	1	271528
1086.116	0.0	Down_Miss	9	271529
1086.396	0.0	Listen_Start	12	271599
1089.06	0.0	Arrow_Left_Spawn	4	272265
1089.448	0.0	Arrow_Down_Spawn	2	272362
1089.976	0.0	Arrow_Left_Spawn	4	272494
1090.508	0.0	Arrow_Down_Spawn	2	272627
1091.004	0.0	Arrow_Left_Spawn	4	272751
1091.056	0.0	Listen_End	11	272764
1091.26	0.0	Arrow_Left_HitZone	3	272815
1091.268	0.0	Left_Miss	10	272817
1091.28	0.0	Arrow_Down_Spawn	2	272820
1091.524	0.0	Arrow_Left_Spawn	4	272881
1091.648	0.0	Arrow_Down_HitZone	1	272912
1091.656	0.0	Down_Miss	9	272914
1091.78	0.0	Arrow_Down_Spawn	2	272945
1092.028	0.0	Arrow_Left_Spawn	4	273007
1092.176	0.0	Arrow_Left_HitZone	3	273044
1092.184	0.0	Left_Miss	10	273046
1092.288	0.0	Arrow_Down_Spawn	2	273072
1092.524	0.0	Arrow_Left_Spawn	4	273131
1092.708	0.0	Arrow_Down_HitZone	1	273177
1092.716	0.0	Down_Miss	9	273179
1092.772	0.0	Arrow_Down_Spawn	2	273193
1093.204	0.0	Arrow_Left_HitZone	3	273301
1093.208	0.0	Left_Miss	10	273302
1093.48	0.0	Arrow_Down_HitZone	1	273370
1093.488	0.0	Down_Miss	9	273372
1093.724	0.0	Arrow_Left_HitZone	3	273431
1093.728	0.0	Left_Miss	10	273432
1093.98	0.0	Arrow_Down_HitZone	1	273495
1093.988	0.0	Down_Miss	9	273497
1094.228	0.0	Arrow_Left_HitZone	3	273557
1094.236	0.0	Left_Miss	10	273559
1094.488	0.0	Arrow_Down_HitZone	1	273622
1094.492	0.0	Down_Miss	9	273623
1094.724	0.0	Arrow_Left_HitZone	3	273681
1094.728	0.0	Left_Miss	10	273682
1094.972	0.0	Arrow_Down_HitZone	1	273743
1094.98	0.0	Down_Miss	9	273745
1095.208	0.0	Listen_Start	12	273802
1097.052	0.0	Arrow_Left_Spawn	4	274263
1097.248	0.0	Arrow_Down_Spawn	2	274312
1097.532	0.0	Arrow_Left_Spawn	4	274383
1097.74	0.0	Arrow_Down_Spawn	2	274435
1098.04	0.0	Arrow_Left_Spawn	4	274510
1099.016	0.0	Arrow_Down_Spawn	2	274754
1099.088	0.0	Listen_End	11	274772
1099.252	0.0	Arrow_Left_HitZone	3	274813
1099.26	0.0	Left_Miss	10	274815
1099.268	0.0	Arrow_Left_Spawn	4	274817
1099.448	0.0	Arrow_Down_HitZone	1	274862
1099.456	0.0	Down_Miss	9	274864
1099.524	0.0	Arrow_Down_Spawn	2	274881
1099.732	0.0	Arrow_Left_HitZone	3	274933
1099.74	0.0	Left_Miss	10	274935
1099.76	0.0	Arrow_Left_Spawn	4	274940
1099.94	0.0	Arrow_Down_HitZone	1	274985
1099.948	0.0	Down_Miss	9	274987
1100.024	0.0	Arrow_Down_Spawn	2	275006
1100.24	0.0	Arrow_Left_HitZone	3	275060
1100.244	0.0	Left_Miss	10	275061
1101.216	0.0	Arrow_Down_HitZone	1	275304
1101.224	0.0	Down_Miss	9	275306
1101.468	0.0	Arrow_Left_HitZone	3	275367
1101.476	0.0	Left_Miss	10	275369
1101.724	0.0	Arrow_Down_HitZone	1	275431
1101.732	0.0	Down_Miss	9	275433
1101.96	0.0	Arrow_Left_HitZone	3	275490
1101.968	0.0	Left_Miss	10	275492
1102.224	0.0	Arrow_Down_HitZone	1	275556
1102.232	0.0	Down_Miss	9	275558
1102.548	0.0	Listen_Start	12	275637
1105.0	0.0	Arrow_Left_Spawn	4	276250
1105.456	0.0	Arrow_Down_Spawn	2	276364
1106.056	0.0	Arrow_Left_Spawn	4	276514
1106.268	0.0	Arrow_Down_Spawn	2	276567
1106.52	0.0	Arrow_Left_Spawn	4	276630
1106.728	0.0	Arrow_Down_Spawn	2	276682
1106.916	0.0	Listen_End	11	276729
1107.012	0.0	Arrow_Left_Spawn	4	276753
1107.2	0.0	Arrow_Left_HitZone	3	276800
1107.204	0.0	Left_Miss	10	276801
1107.464	0.0	Arrow_Down_Spawn	2	276866
1107.656	0.0	Arrow_Down_HitZone	1	276914
1107.664	0.0	Down_Miss	9	276916
1107.968	0.0	Arrow_Left_Spawn	4	276992
1108.252	0.0	Arrow_Left_HitZone	3	277063
1108.26	0.0	Left_Miss	10	277065
1108.468	0.0	Arrow_Down_HitZone	1	277117
1108.476	0.0	Down_Miss	9	277119
1108.72	0.0	Arrow_Left_HitZone	3	277180
1108.724	0.0	Left_Miss	10	277181
1108.928	0.0	Arrow_Down_HitZone	1	277232
1108.932	0.0	Down_Miss	9	277233
1109.212	0.0	Arrow_Left_HitZone	3	277303
1109.22	0.0	Left_Miss	10	277305
1109.664	0.0	Arrow_Down_HitZone	1	277416
1109.668	0.0	Down_Miss	9	277417
1110.168	0.0	Arrow_Left_HitZone	3	277542
1110.176	0.0	Left_Miss	10	277544
1110.516	0.0	Listen_Start	12	277629
1113.064	0.0	Arrow_Down_Spawn	2	278266
1115.0	0.0	Listen_End	11	278750
1115.048	0.0	Arrow_Left_Spawn	4	278762
1115.264	0.0	Arrow_Down_HitZone	1	278816
1115.268	0.0	Down_Miss	9	278817
1115.268	0.0	Arrow_Down_Spawn	2	278817
1115.5	0.0	Arrow_Left_Spawn	4	278875
1115.736	0.0	Arrow_Down_Spawn	2	278934
1115.984	0.0	Arrow_Left_Spawn	4	278996
1116.496	0.0	Arrow_Down_Spawn	2	279124
1117.248	0.0	Arrow_Left_HitZone	3	279312
1117.256	0.0	Left_Miss	10	279314
1117.468	0.0	Arrow_Down_HitZone	1	279367
1117.476	0.0	Down_Miss	9	279369
1117.7	0.0	Arrow_Left_HitZone	3	279425
1117.704	0.0	Left_Miss	10	279426
1117.936	0.0	Arrow_Down_HitZone	1	279484
1117.94	0.0	Down_Miss	9	279485
1118.184	0.0	Arrow_Left_HitZone	3	279546
1118.192	0.0	Left_Miss	10	279548
1118.696	0.0	Arrow_Down_HitZone	1	279674
1118.704	0.0	Down_Miss	9	279676
1119.064	0.0	Listen_Start	12	279766
1121.028	0.0	Arrow_Left_Spawn	4	280257
1121.496	0.0	Arrow_Down_Spawn	2	280374
1121.992	0.0	Arrow_Left_Spawn	4	280498
1122.328	0.0	Arrow_Down_Spawn	2	280582
1122.944	0.0	Listen_End	11	280736
1123.228	0.0	Arrow_Left_HitZone	3	280807
1123.236	0.0	Left_Miss	10	280809
1123.696	0.0	Arrow_Down_HitZone	1	280924
1123.7	0.0	Down_Miss	9	280925
1123.98	0.0	Arrow_Left_Spawn	4	280995
1124.192	0.0	Arrow_Left_HitZone	3	281048
1124.2	0.0	Left_Miss	10	281050
1124.248	0.0	Arrow_Down_Spawn	2	281062
1124.472	0.0	Arrow_Left_Spawn	4	281118
1124.528	0.0	Arrow_Down_HitZone	1	281132
1124.532	0.0	Down_Miss	9	281133
1124.72	0.0	Arrow_Down_Spawn	2	281180
1126.18	0.0	Arrow_Left_HitZone	3	281545
1126.184	0.0	Left_Miss	10	281546
1126.448	0.0	Arrow_Down_HitZone	1	281612
1126.456	0.0	Down_Miss	9	281614
1126.672	0.0	Arrow_Left_HitZone	3	281668
1126.68	0.0	Left_Miss	10	281670
1126.92	0.0	Arrow_Down_HitZone	1	281730
1126.928	0.0	Down_Miss	9	281732
1129.92	0.0	Song_End	14	282480
1150.36	0.0	Song_Start	15	287590
1150.628	0.0	Listen_Start	12	287657
1152.992	0.0	Arrow_Up_Spawn	8	288248
1153.2	0.0	Arrow_Down_Spawn	2	288300
1153.456	0.0	Arrow_Up_Spawn	8	288364
1153.7	0.0	Arrow_Down_Spawn	2	288425
1153.976	0.0	Arrow_Up_Spawn	8	288494
1154.208	0.0	Arrow_Down_Spawn	2	288552
1154.484	0.0	Arrow_Up_Spawn	8	288621
1154.72	0.0	Arrow_Down_Spawn	2	288680
1154.928	0.0	Listen_End	11	288732
1154.976	0.0	Arrow_Up_Spawn	8	288744
1155.192	0.0	Arrow_Up_HitZone	7	288798
1155.2	0.0	Up_Miss	16	288800
1155.208	0.0	Arrow_Down_Spawn	2	288802
1155.4	0.0	Arrow_Down_HitZone	1	288850
1155.408	0.0	Down_Miss	9	288852
1155.444	0.0	Arrow_Up_Spawn	8	288861
1155.636	0.0	Arrow_Down_Spawn	2	288909
1155.656	0.0	Arrow_Up_HitZone	7	288914
1155.664	0.0	Up_Miss	16	288916
1155.892	0.0	Arrow_Up_Spawn	8	288973
1155.9	0.0	Arrow_Down_HitZone	1	288975
1155.908	0.0	Down_Miss	9	288977
1156.148	0.0	Arrow_Down_Spawn	2	289037
1156.176	0.0	Arrow_Up_HitZone	7	289044
1156.184	0.0	Up_Miss	16	289046
1156.36	0.0	Arrow_Up_Spawn	8	289090
1156.408	0.0	Arrow_Down_HitZone	1	289102
1156.412	0.0	Down_Miss	9	289103
1156.636	0.0	Arrow_Down_Spawn	2	289159
1156.684	0.0	Arrow_Up_HitZone	7	289171
1156.692	0.0	Up_Miss	16	289173
1156.92	0.0	Arrow_Down_HitZone	1	289230
1156.928	0.0	Down_Miss	9	289232
1157.176	0.0	Arrow_Up_HitZone	7	289294
1157.184	0.0	Up_Miss	16	289296
1157.408	0.0	Arrow_Down_HitZone	1	289352
1157.412	0.0	Down_Miss	9	289353
1157.64	0.0	Arrow_Up_HitZone	7	289410
1157.648	0.0	Up_Miss	16	289412
1157.836	0.0	Arrow_Down_HitZone	1	289459
1157.844	0.0	Down_Miss	9	289461
1158.092	0.0	Arrow_Up_HitZone	7	289523
1158.1	0.0	Up_Miss	16	289525
1158.348	0.0	Arrow_Down_HitZone	1	289587
1158.356	0.0	Down_Miss	9	289589
1158.556	0.0	Arrow_Up_HitZone	7	289639
1158.564	0.0	Up_Miss	16	289641
1158.836	0.0	Arrow_Down_HitZone	1	289709
1158.844	0.0	Down_Miss	9	289711
1159.188	0.0	Listen_Start	12	289797
1160.988	0.0	Arrow_Up_Spawn	8	290247
1161.196	0.0	Arrow_Down_Spawn	2	290299
1161.46	0.0	Arrow_Up_Spawn	8	290365
1161.696	0.0	Arrow_Down_Spawn	2	290424
1161.904	0.0	Arrow_Up_Spawn	8	290476
1162.436	0.0	Arrow_Down_Spawn	2	290609
1162.928	0.0	Listen_End	11	290732
1162.972	0.0	Arrow_Up_Spawn	8	290743
1163.18	0.0	Arrow_Down_Spawn	2	290795
1163.188	0.0	Arrow_Up_HitZone	7	290797
1163.192	0.0	Up_Miss	16	290798
1163.396	0.0	Arrow_Down_HitZone	1	290849
1163.4	0.0	Down_Miss	9	290850
1163.456	0.0	Arrow_Up_Spawn	8	290864
1163.652	0.0	Arrow_Down_Spawn	2	290913
1163.66	0.0	Arrow_Up_HitZone	7	290915
1163.664	0.0	Up_Miss	16	290916
1163.896	0.0	Arrow_Down_HitZone	1	290974
1163.9	0.0	Down_Miss	9	290975
1163.908	0.0	Arrow_Up_Spawn	8	290977
1164.104	0.0	Arrow_Up_HitZone	7	291026
1164.108	0.0	Up_Miss	16	291027
1164.396	0.0	Arrow_Down_Spawn	2	291099
1164.636	0.0	Arrow_Down_HitZone	1	291159
1164.644	0.0	Down_Miss	9	291161
1165.172	0.0	Arrow_Up_HitZone	7	291293
1165.18	0.0	Up_Miss	16	291295
1165.38	0.0	Arrow_Down_HitZone	1	291345
1165.388	0.0	Down_Miss	9	291347
1165.656	0.0	Arrow_Up_HitZone	7	291414
1165.664	0.0	Up_Miss	16	291416
1165.852	0.0	Arrow_Down_HitZone	1	291463
1165.86	0.0	Down_Miss	9	291465
1166.108	0.0	Arrow_Up_HitZone	7	291527
1166.116	0.0	Up_Miss	16	291529
1166.592	0.0	Arrow_Down_HitZone	1	291648
1166.6	0.0	Down_Miss	9	291650
1166.9	0.0	Listen_Start	12	291725
1168.92	0.0	Arrow_Up_Spawn	8	292230
1169.156	0.0	Arrow_Down_Spawn	2	292289
1169.432	0.0	Arrow_Up_Spawn	8	292358
1169.688	0.0	Arrow_Down_Spawn	2	292422
1169.94	0.0	Arrow_Up_Spawn	8	292485
1170.196	0.0	Arrow_Down_Spawn	2	292549
1170.432	0.0	Arrow_Up_Spawn	8	292608
1170.68	0.0	Arrow_Down_Spawn	2	292670
1170.896	0.0	Listen_End	11	292724
1170.964	0.0	Arrow_Up_Spawn	8	292741
1171.12	0.0	Arrow_Up_HitZone	7	292780
1171.124	0.0	Up_Miss	16	292781
1171.356	0.0	Arrow_Down_HitZone	1	292839
1171.36	0.0	Down_Miss	9	292840
1171.632	0.0	Arrow_Up_HitZone	7	292908
1171.64	0.0	Up_Miss	16	292910
1171.8	0.0	Arrow_Down_Spawn	2	292950
1171.888	0.0	Arrow_Down_HitZone	1	292972
1171.896	0.0	Down_Miss	9	292974
1172.14	0.0	Arrow_Up_HitZone	7	293035
1172.144	0.0	Up_Miss	16	293036
1172.396	0.0	Arrow_Down_HitZone	1	293099
1172.404	0.0	Down_Miss	9	293101
1172.632	0.0	Arrow_Up_HitZone	7	293158
1172.636	0.0	Up_Miss	16	293159
1172.88	0.0	Arrow_Down_HitZone	1	293220
1172.888	0.0	Down_Miss	9	293222
1173.164	0.0	Arrow_Up_HitZone	7	293291
1173.172	0.0	Up_Miss	16	293293
1174.0	0.0	Arrow_Down_HitZone	1	293500
1174.004	0.0	Down_Miss	9	293501
1174.276	0.0	Listen_Start	12	293569
1176.948	0.0	Arrow_Up_Spawn	8	294237
1177.336	0.0	Arrow_Down_Spawn	2	294334
1177.864	0.0	Arrow_Up_Spawn	8	294466
1178.396	0.0	Arrow_Down_Spawn	2	294599
1178.892	0.0	Arrow_Up_Spawn	8	294723
1178.94	0.0	Listen_End	11	294735
1179.148	0.0	Arrow_Up_HitZone	7	294787
1179.156	0.0	Up_Miss	16	294789
1179.168	0.0	Arrow_Down_Spawn	2	294792
1179.412	0.0	Arrow_Up_Spawn	8	294853
1179.536	0.0	Arrow_Down_HitZone	1	294884
1179.544	0.0	Down_Miss	9	294886
1179.668	0.0	Arrow_Down_Spawn	2	294917
1179.916	0.0	Arrow_Up_Spawn	8	294979
1180.064	0.0	Arrow_Up_HitZone	7	295016
1180.072	0.0	Up_Miss	16	295018
1180.176	0.0	Arrow_Down_Spawn	2	295044
1180.412	0.0	Arrow_Up_Spawn	8	295103
1180.596	0.0	Arrow_Down_HitZone	1	295149
1180.604	0.0	Down_Miss	9	295151
1180.66	0.0	Arrow_Down_Spawn	2	295165
1181.092	0.0	Arrow_Up_HitZone	7	295273
1181.096	0.0	Up_Miss	16	295274
1181.368	0.0	Arrow_Down_HitZone	1	295342
1181.376	0.0	Down_Miss	9	295344
1181.612	0.0	Arrow_Up_HitZone	7	295403
1181.616	0.0	Up_Miss	16	295404
1181.868	0.0	Arrow_Down_HitZone	1	295467
1181.876	0.0	Down_Miss	9	295469
1182.116	0.0	Arrow_Up_HitZone	7	295529
1182.124	0.0	Up_Miss	16	295531
1182.376	0.0	Arrow_Down_HitZone	1	295594
1182.38	0.0	Down_Miss	9	295595
1182.612	0.0	Arrow_Up_HitZone	7	295653
1182.616	0.0	Up_Miss	16	295654
1182.86	0.0	Arrow_Down_HitZone	1	295715
1182.868	0.0	Down_Miss	9	295717
1183.088	0.0	Listen_Start	12	295772
1184.94	0.0	Arrow_Up_Spawn	8	296235
1185.136	0.0	Arrow_Down_Spawn	2	296284
1185.42	0.0	Arrow_Up_Spawn	8	296355
1185.628	0.0	Arrow_Down_Spawn	2	296407
1185.928	0.0	Arrow_Up_Spawn	8	296482
1186.904	0.0	Arrow_Down_Spawn	2	296726
1186.968	0.0	Listen_End	11	296742
1187.14	0.0	Arrow_Up_HitZone	7	296785
1187.148	0.0	Up_Miss	16	296787
1187.156	0.0	Arrow_Up_Spawn	8	296789
1187.336	0.0	Arrow_Down_HitZone	1	296834
1187.344	0.0	Down_Miss	9	296836
1187.412	0.0	Arrow_Down_Spawn	2	296853
1187.62	0.0	Arrow_Up_HitZone	7	296905
1187.628	0.0	Up_Miss	16	296907
1187.648	0.0	Arrow_Up_Spawn	8	296912
1187.828	0.0	Arrow_Down_HitZone	1	296957
1187.836	0.0	Down_Miss	9	296959
1187.912	0.0	Arrow_Down_Spawn	2	296978
1188.128	0.0	Arrow_Up_HitZone	7	297032
1188.132	0.0	Up_Miss	16	297033
1189.104	0.0	Arrow_Down_HitZone	1	297276
1189.112	0.0	Down_Miss	9	297278
1189.356	0.0	Arrow_Up_HitZone	7	297339
1189.364	0.0	Up_Miss	16	297341
1189.612	0.0	Arrow_Down_HitZone	1	297403
1189.62	0.0	Down_Miss	9	297405
1189.848	0.0	Arrow_Up_HitZone	7	297462
1189.856	0.0	Up_Miss	16	297464
1190.112	0.0	Arrow_Down_HitZone	1	297528
1190.12	0.0	Down_Miss	9	297530
1190.424	0.0	Listen_Start	12	297606
1192.888	0.0	Arrow_Up_Spawn	8	298222
1193.344	0.0	Arrow_Down_Spawn	2	298336
1193.944	0.0	Arrow_Up_Spawn	8	298486
1194.156	0.0	Arrow_Down_Spawn	2	298539
1194.408	0.0	Arrow_Up_Spawn	8	298602
1194.616	0.0	Arrow_Down_Spawn	2	298654
1194.796	0.0	Listen_End	11	298699
1194.9	0.0	Arrow_Up_Spawn	8	298725
1195.088	0.0	Arrow_Up_HitZone	7	298772
1195.096	0.0	Up_Miss	16	298774
1195.352	0.0	Arrow_Down_Spawn	2	298838
1195.544	0.0	Arrow_Down_HitZone	1	298886
1195.552	0.0	Down_Miss	9	298888
1195.856	0.0	Arrow_Up_Spawn	8	298964
1196.14	0.0	Arrow_Up_HitZone	7	299035
1196.148	0.0	Up_Miss	16	299037
1196.356	0.0	Arrow_Down_HitZone	1	299089
1196.364	0.0	Down_Miss	9	299091
1196.608	0.0	Arrow_Up_HitZone	7	299152
1196.612	0.0	Up_Miss	16	299153
1196.816	0.0	Arrow_Down_HitZone	1	299204
1196.82	0.0	Down_Miss	9	299205
1197.1	0.0	Arrow_Up_HitZone	7	299275
1197.108	0.0	Up_Miss	16	299277
1197.552	0.0	Arrow_Down_HitZone	1	299388
1197.556	0.0	Down_Miss	9	299389
1198.056	0.0	Arrow_Up_HitZone	7	299514
1198.064	0.0	Up_Miss	16	299516
1198.396	0.0	Listen_Start	12	299599
1200.952	0.0	Arrow_Down_Spawn	2	300238
1202.88	0.0	Listen_End	11	300720
1202.936	0.0	Arrow_Up_Spawn	8	300734
1203.152	0.0	Arrow_Down_HitZone	1	300788
1203.156	0.0	Down_Miss	9	300789
1203.16	0.0	Arrow_Down_Spawn	2	300790
1203.388	0.0	Arrow_Up_Spawn	8	300847
1203.624	0.0	Arrow_Down_Spawn	2	300906
1203.872	0.0	Arrow_Up_Spawn	8	300968
1204.388	0.0	Arrow_Down_Spawn	2	301097
1205.136	0.0	Arrow_Up_HitZone	7	301284
1205.144	0.0	Up_Miss	16	301286
1205.356	0.0	Arrow_Down_HitZone	1	301339
1205.364	0.0	Down_Miss	9	301341
1205.588	0.0	Arrow_Up_HitZone	7	301397
1205.592	0.0	Up_Miss	16	301398
1205.824	0.0	Arrow_Down_HitZone	1	301456
1205.828	0.0	Down_Miss	9	301457
1206.072	0.0	Arrow_Up_HitZone	7	301518
1206.08	0.0	Up_Miss	16	301520
1206.584	0.0	Arrow_Down_HitZone	1	301646
1206.592	0.0	Down_Miss	9	301648
1206.948	0.0	Listen_Start	12	301737
1208.916	0.0	Arrow_Up_Spawn	8	302229
1209.384	0.0	Arrow_Down_Spawn	2	302346
1209.884	0.0	Arrow_Up_Spawn	8	302471
1210.216	0.0	Arrow_Down_Spawn	2	302554
1210.84	0.0	Listen_End	11	302710
1211.116	0.0	Arrow_Up_HitZone	7	302779
1211.124	0.0	Up_Miss	16	302781
1211.584	0.0	Arrow_Down_HitZone	1	302896
1211.588	0.0	Down_Miss	9	302897
1211.868	0.0	Arrow_Up_Spawn	8	302967
1212.08	0.0	Arrow_Up_HitZone	7	303020
1212.088	0.0	Up_Miss	16	303022
1212.136	0.0	Arrow_Down_Spawn	2	303034
1212.36	0.0	Arrow_Up_Spawn	8	303090
1212.416	0.0	Arrow_Down_HitZone	1	303104
1212.42	0.0	Down_Miss	9	303105
1212.608	0.0	Arrow_Down_Spawn	2	303152
1214.068	0.0	Arrow_Up_HitZone	7	303517
1214.072	0.0	Up_Miss	16	303518
1214.336	0.0	Arrow_Down_HitZone	1	303584
1214.344	0.0	Down_Miss	9	303586
1214.56	0.0	Arrow_Up_HitZone	7	303640
1214.568	0.0	Up_Miss	16	303642
1214.808	0.0	Arrow_Down_HitZone	1	303702
1214.816	0.0	Down_Miss	9	303704
1217.8	0.0	Song_End	14	304450
1230.808	0.0	Song_Start	15	307702
1231.088	0.0	Listen_Start	12	307772
1233.44	0.0	Arrow_Right_Spawn	6	308360
1233.648	0.0	Arrow_Up_Spawn	8	308412
1233.908	0.0	Arrow_Right_Spawn	6	308477
1234.148	0.0	Arrow_Up_Spawn	8	308537
1234.428	0.0	Arrow_Right_Spawn	6	308607
1234.656	0.0	Arrow_Up_Spawn	8	308664
1234.932	0.0	Arrow_Right_Spawn	6	308733
1235.168	0.0	Arrow_Up_Spawn	8	308792
1235.384	0.0	Listen_End	11	308846
1235.428	0.0	Arrow_Right_Spawn	6	308857
1235.64	0.0	Arrow_Right_HitZone	5	308910
1235.648	0.0	Right_Miss	13	308912
1235.656	0.0	Arrow_Up_Spawn	8	308914
1235.848	0.0	Arrow_Up_HitZone	7	308962
1235.856	0.0	Up_Miss	16	308964
1235.892	0.0	Arrow_Right_Spawn	6	308973
1236.084	0.0	Arrow_Up_Spawn	8	309021
1236.108	0.0	Arrow_Right_HitZone	5	309027
1236.112	0.0	Right_Miss	13	309028
1236.344	0.0	Arrow_Right_Spawn	6	309086
1236.348	0.0	Arrow_Up_HitZone	7	309087
1236.356	0.0	Up_Miss	16	309089
1236.6	0.0	Arrow_Up_Spawn	8	309150
1236.628	0.0	Arrow_Right_HitZone	5	309157
1236.632	0.0	Right_Miss	13	309158
1236.808	0.0	Arrow_Right_Spawn	6	309202
1236.856	0.0	Arrow_Up_HitZone	7	309214
1236.864	0.0	Up_Miss	16	309216
1237.084	0.0	Arrow_Up_Spawn	8	309271
1237.132	0.0	Arrow_Right_HitZone	5	309283
1237.14	0.0	Right_Miss	13	309285
1237.368	0.0	Arrow_Up_HitZone	7	309342
1237.376	0.0	Up_Miss	16	309344
1237.624	0.0	Arrow_Right_HitZone	5	309406
1237.632	0.0	Right_Miss	13	309408
1237.856	0.0	Arrow_Up_HitZone	7	309464
1237.86	0.0	Up_Miss	16	309465
1238.092	0.0	Arrow_Right_HitZone	5	309523
1238.096	0.0	Right_Miss	13	309524
1238.284	0.0	Arrow_Up_HitZone	7	309571
1238.292	0.0	Up_Miss	16	309573
1238.54	0.0	Arrow_Right_HitZone	5	309635
1238.548	0.0	Right_Miss	13	309637
1238.8	0.0	Arrow_Up_HitZone	7	309700
1238.804	0.0	Up_Miss	16	309701
1239.008	0.0	Arrow_Right_HitZone	5	309752
1239.012	0.0	Right_Miss	13	309753
1239.284	0.0	Arrow_Up_HitZone	7	309821
1239.292	0.0	Up_Miss	16	309823
1239.644	0.0	Listen_Start	12	309911
1241.436	0.0	Arrow_Right_Spawn	6	310359
1241.644	0.0	Arrow_Up_Spawn	8	310411
1241.908	0.0	Arrow_Right_Spawn	6	310477
1242.144	0.0	Arrow_Up_Spawn	8	310536
1242.352	0.0	Arrow_Right_Spawn	6	310588
1242.884	0.0	Arrow_Up_Spawn	8	310721
1243.384	0.0	Listen_End	11	310846
1243.42	0.0	Arrow_Right_Spawn	6	310855
1243.628	0.0	Arrow_Up_Spawn	8	310907
1243.636	0.0	Arrow_Right_HitZone	5	310909
1243.644	0.0	Right_Miss	13	310911
1243.844	0.0	Arrow_Up_HitZone	7	310961
1243.852	0.0	Up_Miss	16	310963
1243.908	0.0	Arrow_Right_Spawn	6	310977
1244.1	0.0	Arrow_Up_Spawn	8	311025
1244.108	0.0	Arrow_Right_HitZone	5	311027
1244.116	0.0	Right_Miss	13	311029
1244.344	0.0	Arrow_Up_HitZone	7	311086
1244.352	0.0	Up_Miss	16	311088
1244.356	0.0	Arrow_Right_Spawn	6	311089
1244.552	0.0	Arrow_Right_HitZone	5	311138
1244.56	0.0	Right_Miss	13	311140
1244.844	0.0	Arrow_Up_Spawn	8	311211
1245.084	0.0	Arrow_Up_HitZone	7	311271
1245.092	0.0	Up_Miss	16	311273
1245.62	0.0	Arrow_Right_HitZone	5	311405
1245.628	0.0	Right_Miss	13	311407
1245.828	0.0	Arrow_Up_HitZone	7	311457
1245.836	0.0	Up_Miss	16	311459
1246.104	0.0	Arrow_Right_HitZone	5	311526
1246.112	0.0	Right_Miss	13	311528
1246.3	0.0	Arrow_Up_HitZone	7	311575
1246.308	0.0	Up_Miss	16	311577
1246.556	0.0	Arrow_Right_HitZone	5	311639
1246.564	0.0	Right_Miss	13	311641
1247.044	0.0	Arrow_Up_HitZone	7	311761
1247.048	0.0	Up_Miss	16	311762
1247.356	0.0	Listen_Start	12	311839
1249.368	0.0	Arrow_Right_Spawn	6	312342
1249.604	0.0	Arrow_Up_Spawn	8	312401
1249.88	0.0	Arrow_Right_Spawn	6	312470
1250.136	0.0	Arrow_Up_Spawn	8	312534
1250.388	0.0	Arrow_Right_Spawn	6	312597
1250.644	0.0	Arrow_Up_Spawn	8	312661
1250.88	0.0	Arrow_Right_Spawn	6	312720
1251.132	0.0	Arrow_Up_Spawn	8	312783
1251.36	0.0	Listen_End	11	312840
1251.416	0.0	Arrow_Right_Spawn	6	312854
1251.568	0.0	Arrow_Right_HitZone	5	312892
1251.576	0.0	Right_Miss	13	312894
1251.804	0.0	Arrow_Up_HitZone	7	312951
1251.812	0.0	Up_Miss	16	312953
1252.08	0.0	Arrow_Right_HitZone	5	313020
1252.088	0.0	Right_Miss	13	313022
1252.248	0.0	Arrow_Up_Spawn	8	313062
1252.336	0.0	Arrow_Up_HitZone	7	313084
1252.344	0.0	Up_Miss	16	313086
1252.588	0.0	Arrow_Right_HitZone	5	313147
1252.596	0.0	Right_Miss	13	313149
1252.844	0.0	Arrow_Up_HitZone	7	313211
1252.852	0.0	Up_Miss	16	313213
1253.08	0.0	Arrow_Right_HitZone	5	313270
1253.088	0.0	Right_Miss	13	313272
1253.328	0.0	Arrow_Up_HitZone	7	313332
1253.336	0.0	Up_Miss	16	313334
1253.616	0.0	Arrow_Right_HitZone	5	313404
1253.62	0.0	Right_Miss	13	313405
1254.448	0.0	Arrow_Up_HitZone	7	313612
1254.456	0.0	Up_Miss	16	313614
1254.74	0.0	Listen_Start	12	313685
1257.396	0.0	Arrow_Right_Spawn	6	314349
1257.784	0.0	Arrow_Up_Spawn	8	314446
1258.312	0.0	Arrow_Right_Spawn	6	314578
1258.848	0.0	Arrow_Up_Spawn	8	314712
1259.34	0.0	Arrow_Right_Spawn	6	314835
1259.396	0.0	Listen_End	11	314849
1259.596	0.0	Arrow_Right_HitZone	5	314899
1259.604	0.0	Right_Miss	13	314901
1259.616	0.0	Arrow_Up_Spawn	8	314904
1259.86	0.0	Arrow_Right_Spawn	6	314965
1259.984	0.0	Arrow_Up_HitZone	7	314996
1259.992	0.0	Up_Miss	16	314998
1260.116	0.0	Arrow_Up_Spawn	8	315029
1260.368	0.0	Arrow_Right_Spawn	6	315092
1260.512	0.0	Arrow_Right_HitZone	5	315128
1260.52	0.0	Right_Miss	13	315130
1260.624	0.0	Arrow_Up_Spawn	8	315156
1260.86	0.0	Arrow_Right_Spawn	6	315215
1261.048	0.0	Arrow_Up_HitZone	7	315262
1261.052	0.0	Up_Miss	16	315263
1261.108	0.0	Arrow_Up_Spawn	8	315277
1261.54	0.0	Arrow_Right_HitZone	5	315385
1261.548	0.0	Right_Miss	13	315387
1261.816	0.0	Arrow_Up_HitZone	7	315454
1261.824	0.0	Up_Miss	16	315456
1262.06	0.0	Arrow_Right_HitZone	5	315515
1262.068	0.0	Right_Miss	13	315517
1262.316	0.0	Arrow_Up_HitZone	7	315579
1262.324	0.0	Up_Miss	16	315581
1262.568	0.0	Arrow_Right_HitZone	5	315642
1262.572	0.0	Right_Miss	13	315643
1262.824	0.0	Arrow_Up_HitZone	7	315706
1262.828	0.0	Up_Miss	16	315707
1263.06	0.0	Arrow_Right_HitZone	5	315765
1263.064	0.0	Right_Miss	13	315766
1263.308	0.0	Arrow_Up_HitZone	7	315827
1263.316	0.0	Up_Miss	16	315829
1263.544	0.0	Listen_Start	12	315886
1265.392	0.0	Arrow_Right_Spawn	6	316348
1265.584	0.0	Arrow_Up_Spawn	8	316396
1265.868	0.0	Arrow_Right_Spawn	6	316467
1266.076	0.0	Arrow_Up_Spawn	8	316519
1266.376	0.0	Arrow_Right_Spawn	6	316594
1267.356	0.0	Arrow_Up_Spawn	8	316839
1267.432	0.0	Listen_End	11	316858
1267.592	0.0	Arrow_Right_HitZone	5	316898
1267.596	0.0	Right_Miss	13	316899
1267.604	0.0	Arrow_Right_Spawn	6	316901
1267.784	0.0	Arrow_Up_HitZone	7	316946
1267.792	0.0	Up_Miss	16	316948
1267.86	0.0	Arrow_Up_Spawn	8	316965
1268.068	0.0	Arrow_Right_HitZone	5	317017
1268.076	0.0	Right_Miss	13	317019
1268.096	0.0	Arrow_Right_Spawn	6	317024
1268.276	0.0	Arrow_Up_HitZone	7	317069
1268.284	0.0	Up_Miss	16	317071
1268.36	0.0	Arrow_Up_Spawn	8	317090
1268.576	0.0	Arrow_Right_HitZone	5	317144
1268.584	0.0	Right_Miss	13	317146
1269.556	0.0	Arrow_Up_HitZone	7	317389
1269.56	0.0	Up_Miss	16	317390
1269.804	0.0	Arrow_Right_HitZone	5	317451
1269.812	0.0	Right_Miss	13	317453
1270.06	0.0	Arrow_Up_HitZone	7	317515
1270.068	0.0	Up_Miss	16	317517
1270.296	0.0	Arrow_Right_HitZone	5	317574
1270.304	0.0	Right_Miss	13	317576
1270.56	0.0	Arrow_Up_HitZone	7	317640
1270.568	0.0	Up_Miss	16	317642
1270.888	0.0	Listen_Start	12	317722
1273.336	0.0	Arrow_Right_Spawn	6	318334
1273.796	0.0	Arrow_Up_Spawn	8	318449
1274.392	0.0	Arrow_Right_Spawn	6	318598
1274.608	0.0	Arrow_Up_Spawn	8	318652
1274.856	0.0	Arrow_Right_Spawn	6	318714
1275.064	0.0	Arrow_Up_Spawn	8	318766
1275.26	0.0	Listen_End	11	318815
1275.348	0.0	Arrow_Right_Spawn	6	318837
1275.536	0.0	Arrow_Right_HitZone	5	318884
1275.544	0.0	Right_Miss	13	318886
1275.8	0.0	Arrow_Up_Spawn	8	318950
1275.996	0.0	Arrow_Up_HitZone	7	318999
1276.0	0.0	Up_Miss	16	319000
1276.308	0.0	Arrow_Right_Spawn	6	319077
1276.592	0.0	Arrow_Right_HitZone	5	319148
1276.596	0.0	Right_Miss	13	319149
1276.808	0.0	Arrow_Up_HitZone	7	319202
1276.812	0.0	Up_Miss	16	319203
1277.056	0.0	Arrow_Right_HitZone	5	319264
1277.064	0.0	Right_Miss	13	319266
1277.264	0.0	Arrow_Up_HitZone	7	319316
1277.272	0.0	Up_Miss	16	319318
1277.548	0.0	Arrow_Right_HitZone	5	319387
1277.556	0.0	Right_Miss	13	319389
1278.0	0.0	Arrow_Up_HitZone	7	319500
1278.008	0.0	Up_Miss	16	319502
1278.508	0.0	Arrow_Right_HitZone	5	319627
1278.512	0.0	Right_Miss	13	319628
1278.86	0.0	Listen_Start	12	319715
1281.4	0.0	Arrow_Up_Spawn	8	320350
1283.336	0.0	Listen_End	11	320834
1283.384	0.0	Arrow_Right_Spawn	6	320846
1283.6	0.0	Arrow_Up_HitZone	7	320900
1283.608	0.0	Up_Miss	16	320902
1283.608	0.0	Arrow_Up_Spawn	8	320902
1283.836	0.0	Arrow_Right_Spawn	6	320959
1284.072	0.0	Arrow_Up_Spawn	8	321018
1284.32	0.0	Arrow_Right_Spawn	6	321080
1284.836	0.0	Arrow_Up_Spawn	8	321209
1285.584	0.0	Arrow_Right_HitZone	5	321396
1285.592	0.0	Right_Miss	13	321398
1285.808	0.0	Arrow_Up_HitZone	7	321452
1285.812	0.0	Up_Miss	16	321453
1286.036	0.0	Arrow_Right_HitZone	5	321509
1286.044	0.0	Right_Miss	13	321511
1286.272	0.0	Arrow_Up_HitZone	7	321568
1286.28	0.0	Up_Miss	16	321570
1286.52	0.0	Arrow_Right_HitZone	5	321630
1286.528	0.0	Right_Miss	13	321632
1287.036	0.0	Arrow_Up_HitZone	7	321759
1287.04	0.0	Up_Miss	16	321760
1287.408	0.0	Listen_Start	12	321852
1289.368	0.0	Arrow_Right_Spawn	6	322342
1289.832	0.0	Arrow_Up_Spawn	8	322458
1290.332	0.0	Arrow_Right_Spawn	6	322583
1290.664	0.0	Arrow_Up_Spawn	8	322666
1291.288	0.0	Listen_End	11	322822
1291.568	0.0	Arrow_Right_HitZone	5	322892
1291.572	0.0	Right_Miss	13	322893
1292.032	0.0	Arrow_Up_HitZone	7	323008
1292.04	0.0	Up_Miss	16	323010
1292.316	0.0	Arrow_Right_Spawn	6	323079
1292.532	0.0	Arrow_Right_HitZone	5	323133
1292.536	0.0	Right_Miss	13	323134
1292.588	0.0	Arrow_Up_Spawn	8	323147
1292.808	0.0	Arrow_Right_Spawn	6	323202
1292.864	0.0	Arrow_Up_HitZone	7	323216
1292.872	0.0	Up_Miss	16	323218
1293.06	0.0	Arrow_Up_Spawn	8	323265
1294.516	0.0	Arrow_Right_HitZone	5	323629
1294.524	0.0	Right_Miss	13	323631
1294.788	0.0	Arrow_Up_HitZone	7	323697
1294.792	0.0	Up_Miss	16	323698
1295.008	0.0	Arrow_Right_HitZone	5	323752
1295.016	0.0	Right_Miss	13	323754
1295.256	0.0	Arrow_Up_HitZone	7	323814
1295.264	0.0	Up_Miss	16	323816
1298.264	0.0	Song_End	14	324566
1315.724	0.0	Song_Start	15	328931
1316.008	0.0	Listen_Start	12	329002
1318.36	0.0	Arrow_Right_Spawn	6	329590
1318.568	0.0	Arrow_Down_Spawn	2	329642
1318.824	0.0	Arrow_Right_Spawn	6	329706
1319.068	0.0	Arrow_Down_Spawn	2	329767
1319.344	0.0	Arrow_Right_Spawn	6	329836
1319.572	0.0	Arrow_Down_Spawn	2	329893
1319.852	0.0	Arrow_Right_Spawn	6	329963
1320.088	0.0	Arrow_Down_Spawn	2	330022
1320.308	0.0	Listen_End	11	330077
1320.344	0.0	Arrow_Right_Spawn	6	330086
1320.56	0.0	Arrow_Right_HitZone	5	330140
1320.568	0.0	Right_Miss	13	330142
1320.572	0.0	Arrow_Down_Spawn	2	330143
1320.768	0.0	Arrow_Down_HitZone	1	330192
1320.776	0.0	Down_Miss	9	330194
1320.808	0.0	Arrow_Right_Spawn	6	330202
1321.004	0.0	Arrow_Down_Spawn	2	330251
1321.024	0.0	Arrow_Right_HitZone	5	330256
1321.032	0.0	Right_Miss	13	330258
1321.26	0.0	Arrow_Right_Spawn	6	330315
1321.268	0.0	Arrow_Down_HitZone	1	330317
1321.276	0.0	Down_Miss	9	330319
1321.516	0.0	Arrow_Down_Spawn	2	330379
1321.544	0.0	Arrow_Right_HitZone	5	330386
1321.552	0.0	Right_Miss	13	330388
1321.724	0.0	Arrow_Right_Spawn	6	330431
1321.772	0.0	Arrow_Down_HitZone	1	330443
1321.78	0.0	Down_Miss	9	330445
1322.004	0.0	Arrow_Down_Spawn	2	330501
1322.052	0.0	Arrow_Right_HitZone	5	330513
1322.06	0.0	Right_Miss	13	330515
1322.288	0.0	Arrow_Down_HitZone	1	330572
1322.296	0.0	Down_Miss	9	330574
1322.544	0.0	Arrow_Right_HitZone	5	330636
1322.552	0.0	Right_Miss	13	330638
1322.772	0.0	Arrow_Down_HitZone	1	330693
1322.78	0.0	Down_Miss	9	330695
1323.008	0.0	Arrow_Right_HitZone	5	330752
1323.016	0.0	Right_Miss	13	330754
1323.204	0.0	Arrow_Down_HitZone	1	330801
1323.212	0.0	Down_Miss	9	330803
1323.46	0.0	Arrow_Right_HitZone	5	330865
1323.468	0.0	Right_Miss	13	330867
1323.716	0.0	Arrow_Down_HitZone	1	330929
1323.724	0.0	Down_Miss	9	330931
1323.924	0.0	Arrow_Right_HitZone	5	330981
1323.932	0.0	Right_Miss	13	330983
1324.204	0.0	Arrow_Down_HitZone	1	331051
1324.208	0.0	Down_Miss	9	331052
1324.556	0.0	Listen_Start	12	331139
1326.352	0.0	Arrow_Right_Spawn	6	331588
1326.56	0.0	Arrow_Down_Spawn	2	331640
1326.824	0.0	Arrow_Right_Spawn	6	331706
1327.06	0.0	Arrow_Down_Spawn	2	331765
1327.268	0.0	Arrow_Right_Spawn	6	331817
1327.804	0.0	Arrow_Down_Spawn	2	331951
1328.312	0.0	Listen_End	11	332078
1328.34	0.0	Arrow_Right_Spawn	6	332085
1328.548	0.0	Arrow_Down_Spawn	2	332137
1328.552	0.0	Arrow_Right_HitZone	5	332138
1328.56	0.0	Right_Miss	13	332140
1328.76	0.0	Arrow_Down_HitZone	1	332190
1328.768	0.0	Down_Miss	9	332192
1328.824	0.0	Arrow_Right_Spawn	6	332206
1329.02	0.0	Arrow_Down_Spawn	2	332255
1329.024	0.0	Arrow_Right_HitZone	5	332256
1329.032	0.0	Right_Miss	13	332258
1329.26	0.0	Arrow_Down_HitZone	1	332315
1329.268	0.0	Down_Miss	9	332317
1329.276	0.0	Arrow_Right_Spawn	6	332319
1329.468	0.0	Arrow_Right_HitZone	5	332367
1329.476	0.0	Right_Miss	13	332369
1329.76	0.0	Arrow_Down_Spawn	2	332440
1330.004	0.0	Arrow_Down_HitZone	1	332501
1330.012	0.0	Down_Miss	9	332503
1330.54	0.0	Arrow_Right_HitZone	5	332635
1330.544	0.0	Right_Miss	13	332636
1330.748	0.0	Arrow_Down_HitZone	1	332687
1330.752	0.0	Down_Miss	9	332688
1331.024	0.0	Arrow_Right_HitZone	5	332756
1331.032	0.0	Right_Miss	13	332758
1331.22	0.0	Arrow_Down_HitZone	1	332805
1331.224	0.0	Down_Miss	9	332806
1331.476	0.0	Arrow_Right_HitZone	5	332869
1331.48	0.0	Right_Miss	13	332870
1331.96	0.0	Arrow_Down_HitZone	1	332990
1331.968	0.0	Down_Miss	9	332992
1332.28	0.0	Listen_Start	12	333070
1334.284	0.0	Arrow_Right_Spawn	6	333571
1334.52	0.0	Arrow_Down_Spawn	2	333630
1334.8	0.0	Arrow_Right_Spawn	6	333700
1335.056	0.0	Arrow_Down_Spawn	2	333764
1335.304	0.0	Arrow_Right_Spawn	6	333826
1335.564	0.0	Arrow_Down_Spawn	2	333891
1335.8	0.0	Arrow_Right_Spawn	6	333950
1336.048	0.0	Arrow_Down_Spawn	2	334012
1336.276	0.0	Listen_End	11	334069
1336.332	0.0	Arrow_Right_Spawn	6	334083
1336.484	0.0	Arrow_Right_HitZone	5	334121
1336.492	0.0	Right_Miss	13	334123
1336.72	0.0	Arrow_Down_HitZone	1	334180
1336.728	0.0	Down_Miss	9	334182
1337.0	0.0	Arrow_Right_HitZone	5	334250
1337.004	0.0	Right_Miss	13	334251
1337.164	0.0	Arrow_Down_Spawn	2	334291
1337.256	0.0	Arrow_Down_HitZone	1	334314
1337.264	0.0	Down_Miss	9	334316
1337.504	0.0	Arrow_Right_HitZone	5	334376
1337.512	0.0	Right_Miss	13	334378
1337.764	0.0	Arrow_Down_HitZone	1	334441
1337.768	0.0	Down_Miss	9	334442
1337.996	0.0	Arrow_Right_HitZone	5	334499
1338.004	0.0	Right_Miss	13	334501
1338.248	0.0	Arrow_Down_HitZone	1	334562
1338.256	0.0	Down_Miss	9	334564
1338.532	0.0	Arrow_Right_HitZone	5	334633
1338.54	0.0	Right_Miss	13	334635
1339.364	0.0	Arrow_Down_HitZone	1	334841
1339.372	0.0	Down_Miss	9	334843
1339.656	0.0	Listen_Start	12	334914
1342.316	0.0	Arrow_Right_Spawn	6	335579
1342.704	0.0	Arrow_Down_Spawn	2	335676
1343.232	0.0	Arrow_Right_Spawn	6	335808
1343.764	0.0	Arrow_Down_Spawn	2	335941
1344.256	0.0	Arrow_Right_Spawn	6	336064
1344.32	0.0	Listen_End	11	336080
1344.516	0.0	Arrow_Right_HitZone	5	336129
1344.52	0.0	Right_Miss	13	336130
1344.536	0.0	Arrow_Down_Spawn	2	336134
1344.776	0.0	Arrow_Right_Spawn	6	336194
1344.904	0.0	Arrow_Down_HitZone	1	336226
1344.908	0.0	Down_Miss	9	336227
1345.036	0.0	Arrow_Down_Spawn	2	336259
1345.284	0.0	Arrow_Right_Spawn	6	336321
1345.432	0.0	Arrow_Right_HitZone	5	336358
1345.436	0.0	Right_Miss	13	336359
1345.54	0.0	Arrow_Down_Spawn	2	336385
1345.776	0.0	Arrow_Right_Spawn	6	336444
1345.964	0.0	Arrow_Down_HitZone	1	336491
1345.972	0.0	Down_Miss	9	336493
1346.028	0.0	Arrow_Down_Spawn	2	336507
1346.456	0.0	Arrow_Right_HitZone	5	336614
1346.464	0.0	Right_Miss	13	336616
1346.736	0.0	Arrow_Down_HitZone	1	336684
1346.74	0.0	Down_Miss	9	336685
1346.976	0.0	Arrow_Right_HitZone	5	336744
1346.984	0.0	Right_Miss	13	336746
1347.236	0.0	Arrow_Down_HitZone	1	336809
1347.24	0.0	Down_Miss	9	336810
1347.484	0.0	Arrow_Right_HitZone	5	336871
1347.492	0.0	Right_Miss	13	336873
1347.74	0.0	Arrow_Down_HitZone	1	336935
1347.748	0.0	Down_Miss	9	336937
1347.976	0.0	Arrow_Right_HitZone	5	336994
1347.984	0.0	Right_Miss	13	336996
1348.228	0.0	Arrow_Down_HitZone	1	337057
1348.232	0.0	Down_Miss	9	337058
1348.468	0.0	Listen_Start	12	337117
1350.308	0.0	Arrow_Right_Spawn	6	337577
1350.504	0.0	Arrow_Down_Spawn	2	337626
1350.788	0.0	Arrow_Right_Spawn	6	337697
1350.996	0.0	Arrow_Down_Spawn	2	337749
1351.292	0.0	Arrow_Right_Spawn	6	337823
1352.272	0.0	Arrow_Down_Spawn	2	338068
1352.348	0.0	Listen_End	11	338087
1352.508	0.0	Arrow_Right_HitZone	5	338127
1352.516	0.0	Right_Miss	13	338129
1352.524	0.0	Arrow_Right_Spawn	6	338131
1352.704	0.0	Arrow_Down_HitZone	1	338176
1352.708	0.0	Down_Miss	9	338177
1352.78	0.0	Arrow_Down_Spawn	2	338195
1352.988	0.0	Arrow_Right_HitZone	5	338247
1352.996	0.0	Right_Miss	13	338249
1353.016	0.0	Arrow_Right_Spawn	6	338254
1353.196	0.0	Arrow_Down_HitZone	1	338299
1353.204	0.0	Down_Miss	9	338301
1353.28	0.0	Arrow_Down_Spawn	2	338320
1353.492	0.0	Arrow_Right_HitZone	5	338373
1353.5	0.0	Right_Miss	13	338375
1354.472	0.0	Arrow_Down_HitZone	1	338618
1354.48	0.0	Down_Miss	9	338620
1354.724	0.0	Arrow_Right_HitZone	5	338681
1354.728	0.0	Right_Miss	13	338682
1354.98	0.0	Arrow_Down_HitZone	1	338745
1354.984	0.0	Down_Miss	9	338746
1355.216	0.0	Arrow_Right_HitZone	5	338804
1355.22	0.0	Right_Miss	13	338805
1355.48	0.0	Arrow_Down_HitZone	1	338870
1355.484	0.0	Down_Miss	9	338871
1355.804	0.0	Listen_Start	12	338951
1358.256	0.0	Arrow_Right_Spawn	6	339564
1358.712	0.0	Arrow_Down_Spawn	2	339678
1359.308	0.0	Arrow_Right_Spawn	6	339827
1359.524	0.0	Arrow_Down_Spawn	2	339881
1359.772	0.0	Arrow_Right_Spawn	6	339943
1359.984	0.0	Arrow_Down_Spawn	2	339996
1360.176	0.0	Listen_End	11	340044
1360.268	0.0	Arrow_Right_Spawn	6	340067
1360.456	0.0	Arrow_Right_HitZone	5	340114
1360.46	0.0	Right_Miss	13	340115
1360.716	0.0	Arrow_Down_Spawn	2	340179
1360.912	0.0	Arrow_Down_HitZone	1	340228
1360.92	0.0	Down_Miss	9	340230
1361.224	0.0	Arrow_Right_Spawn	6	340306
1361.508	0.0	Arrow_Right_HitZone	5	340377
1361.516	0.0	Right_Miss	13	340379
1361.724	0.0	Arrow_Down_HitZone	1	340431
1361.732	0.0	Down_Miss	9	340433
1361.972	0.0	Arrow_Right_HitZone	5	340493
1361.98	0.0	Right_Miss	13	340495
1362.18	0.0	Arrow_Down_HitZone	1	340545
1362.188	0.0	Down_Miss	9	340547
1362.468	0.0	Arrow_Right_HitZone	5	340617
1362.472	0.0	Right_Miss	13	340618
1362.916	0.0	Arrow_Down_HitZone	1	340729
1362.924	0.0	Down_Miss	9	340731
1363.424	0.0	Arrow_Right_HitZone	5	340856
1363.432	0.0	Right_Miss	13	340858
1363.764	0.0	Listen_Start	12	340941
1366.316	0.0	Arrow_Down_Spawn	2	341579
1368.248	0.0	Listen_End	11	342062
1368.304	0.0	Arrow_Right_Spawn	6	342076
1368.516	0.0	Arrow_Down_HitZone	1	342129
1368.524	0.0	Down_Miss	9	342131
1368.524	0.0	Arrow_Down_Spawn	2	342131
1368.752	0.0	Arrow_Right_Spawn	6	342188
1368.988	0.0	Arrow_Down_Spawn	2	342247
1369.24	0.0	Arrow_Right_Spawn	6	342310
1369.752	0.0	Arrow_Down_Spawn	2	342438
1370.504	0.0	Arrow_Right_HitZone	5	342626
1370.508	0.0	Right_Miss	13	342627
1370.724	0.0	Arrow_Down_HitZone	1	342681
1370.732	0.0	Down_Miss	9	342683
1370.952	0.0	Arrow_Right_HitZone	5	342738
1370.96	0.0	Right_Miss	13	342740
1371.188	0.0	Arrow_Down_HitZone	1	342797
1371.196	0.0	Down_Miss	9	342799
1371.44	0.0	Arrow_Right_HitZone	5	342860
1371.448	0.0	Right_Miss	13	342862
1371.952	0.0	Arrow_Down_HitZone	1	342988
1371.96	0.0	Down_Miss	9	342990
1372.328	0.0	Listen_Start	12	343082
1374.284	0.0	Arrow_Right_Spawn	6	343571
1374.748	0.0	Arrow_Down_Spawn	2	343687
1375.248	0.0	Arrow_Right_Spawn	6	343812
1375.584	0.0	Arrow_Down_Spawn	2	343896
1376.208	0.0	Listen_End	11	344052
1376.484	0.0	Arrow_Right_HitZone	5	344121
1376.492	0.0	Right_Miss	13	344123
1376.948	0.0	Arrow_Down_HitZone	1	344237
1376.956	0.0	Down_Miss	9	344239
1377.232	0.0	Arrow_Right_Spawn	6	344308
1377.448	0.0	Arrow_Right_HitZone	5	344362
1377.456	0.0	Right_Miss	13	344364
1377.504	0.0	Arrow_Down_Spawn	2	344376
1377.728	0.0	Arrow_Right_Spawn	6	344432
1377.78	0.0	Arrow_Down_HitZone	1	344445
1377.788	0.0	Down_Miss	9	344447
1377.976	0.0	Arrow_Down_Spawn	2	344494
1379.432	0.0	Arrow_Right_HitZone	5	344858
1379.44	0.0	Right_Miss	13	344860
1379.704	0.0	Arrow_Down_HitZone	1	344926
1379.712	0.0	Down_Miss	9	344928
1379.928	0.0	Arrow_Right_HitZone	5	344982
1379.932	0.0	Right_Miss	13	344983
1380.176	0.0	Arrow_Down_HitZone	1	345044
1380.184	0.0	Down_Miss	9	345046
1383.18	0.0	Song_End	14	345795
