timestamp_sec	0	1
0.029861999995773658	81.0	100.0
0.050178099976619706	81.0	100.0
0.06980229998589493	81.0	100.0
0.08979049997287802	81.0	100.0
0.11078019998967648	81.0	100.0
0.13006309999036603	81.0	100.0
0.15037289998144843	81.0	100.0
0.170370699983323	81.0	100.0
0.18976049998309463	81.0	100.0
0.2108031999960076	81.0	100.0
0.23040889998083003	81.0	100.0
0.2505869999877177	81.0	100.0
0.2709307999757584	81.0	100.0
0.28972369999974035	81.0	100.0
0.30958999998983927	81.0	100.0
0.32951059998595156	81.0	100.0
0.34992229999625124	81.0	100.0
0.3700533999945037	81.0	100.0
0.38963089999742806	81.0	100.0
0.4102038999844808	81.0	100.0
0.4295008999761194	81.0	100.0
0.4498388999782037	81.0	100.0
0.46985639998456463	81.0	100.0
0.48991549998754635	81.0	100.0
0.5111750999931246	81.0	100.0
0.5300500999728683	81.0	100.0
0.5496753999905195	81.0	100.0
0.5700453999743331	81.0	100.0
0.5904019999725278	81.0	100.0
0.6105829000007361	81.0	100.0
0.6299123999779113	81.0	100.0
0.6506277999724261	82.0	100.0
0.670203899993794	82.0	100.0
0.690621599991573	82.0	100.0
0.7095573999977205	82.0	100.0
0.7297723999945447	82.0	100.0
0.7495907999982592	82.0	100.0
0.769634500000393	82.0	100.0
0.7875526999996509	82.0	100.0
0.8098764999886043	82.0	100.0
0.8301687999919523	82.0	100.0
0.8501633999985643	82.0	100.0
0.8695982999925036	82.0	100.0
0.8896957999968436	82.0	100.0
0.9095746999955736	82.0	100.0
0.9294675999844912	82.0	100.0
0.9495387999922968	82.0	100.0
0.9696203999919817	82.0	100.0
0.989510599989444	82.0	100.0
1.0097509999759495	82.0	100.0
1.0296611999801826	82.0	100.0
1.04954569999245	82.0	100.0
1.0694832999724895	82.0	100.0
1.089478899986716	82.0	100.0
1.1092901999945752	82.0	100.0
1.1296333999780472	82.0	100.0
1.1492165999952704	82.0	100.0
1.1695513999729883	82.0	100.0
1.189402699994389	82.0	100.0
1.2112072999880183	82.0	100.0
1.230056499975035	82.0	100.0
1.2505481999833137	82.0	100.0
1.2697017999889795	82.0	100.0
1.2899299999990035	82.0	100.0
1.3101583999814466	82.0	100.0
1.3293902999721467	82.0	100.0
1.3497640999848954	82.0	100.0
1.3696123999834526	82.0	100.0
1.389214999973774	82.0	100.0
1.40958559999126	82.0	100.0
1.4293353999964893	82.0	100.0
1.4493505999853369	82.0	100.0
1.4690740999940317	82.0	100.0
1.4894333999836817	82.0	100.0
1.509424999996554	82.0	100.0
1.5289171999902464	82.0	100.0
1.5495625999756157	82.0	100.0
1.5691432999738026	82.0	100.0
1.5891550999949686	82.0	100.0
1.6098003999795765	82.0	100.0
1.6295867000008002	82.0	100.0
1.6488371999876108	83.0	100.0
1.669100899976911	83.0	100.0
1.6893294999899808	83.0	100.0
1.7104781999951228	83.0	100.0
1.7299212999932934	83.0	100.0
1.7488564999948721	83.0	100.0
1.7693214999744669	83.0	100.0
1.788831299985759	83.0	100.0
1.812838499987265	83.0	100.0
1.8286336999735795	83.0	100.0
1.8493166999833193	83.0	100.0
1.8706188999931328	83.0	100.0
1.8893336999753956	83.0	100.0
1.9104493999911938	83.0	100.0
1.9297095999936573	83.0	100.0
1.9495772999944165	83.0	100.0
1.9698038999922574	83.0	100.0
1.9892858999955934	83.0	100.0
2.009316499985289	83.0	100.0
2.029369099996984	83.0	100.0
2.0490371999912895	83.0	100.0
2.069300299976021	83.0	100.0
2.089317799982382	83.0	100.0
2.1090440999832936	83.0	100.0
2.127731799992034	83.0	100.0
2.1447478999907617	83.0	100.0
2.164903199998662	83.0	100.0
2.1845622999826446	83.0	100.0
2.205789299972821	83.0	100.0
2.226476299983915	83.0	100.0
2.2490608999796677	83.0	100.0
2.269443799974397	83.0	100.0
2.289296499977354	83.0	100.0
2.3097761999815702	83.0	100.0
2.329463099973509	83.0	100.0
2.3487690999754705	83.0	100.0
2.3690869999991264	83.0	100.0
2.389761499973247	83.0	100.0
2.4340631999948528	83.0	100.0
2.4340833999740425	83.0	100.0
2.4470880999870133	83.0	100.0
2.464462999982061	83.0	100.0
2.4842619999835733	83.0	100.0
2.506970199989155	83.0	100.0
2.5274254999822006	83.0	100.0
2.545964199991431	83.0	100.0
2.566161299997475	83.0	100.0
2.5864519999886397	83.0	100.0
2.607936599990353	83.0	100.0
2.6295051999913994	83.0	100.0
2.6495173999865074	83.0	100.0
2.668776099977549	83.0	100.0
2.688922699977411	83.0	100.0
2.709300099988468	83.0	100.0
2.7286512999853585	83.0	100.0
2.7509529999806546	83.0	100.0
2.769661199999973	83.0	100.0
2.788561599998502	83.0	100.0
2.809374199976446	83.0	100.0
2.8285915999731515	83.0	100.0
2.848711499973433	83.0	100.0
2.8693815000005998	83.0	100.0
2.888712099986151	83.0	100.0
2.9046295999723952	83.0	100.0
2.9251559999829624	83.0	100.0
2.943728399986867	83.0	100.0
2.964050699985819	83.0	100.0
2.984401199995773	83.0	100.0
3.004535999993095	83.0	100.0
3.0290648999798577	83.0	100.0
3.0494024999788962	83.0	100.0
3.0689537999860477	83.0	100.0
3.088836499984609	83.0	100.0
3.1099125999899115	83.0	100.0
3.1297469999990426	83.0	100.0
3.148589099990204	83.0	100.0
3.1696907999867108	83.0	100.0
3.188629199983552	83.0	100.0
3.2100359999749344	83.0	100.0
3.2288079999852926	83.0	100.0
3.2494034999981523	83.0	100.0
3.26889029997983	83.0	100.0
3.2888840999803506	83.0	100.0
3.3092551000008825	83.0	100.0
3.327935499983141	83.0	100.0
3.3494930999877397	83.0	100.0
3.3685723999806214	83.0	100.0
3.3886032999726012	83.0	100.0
3.409878699982073	83.0	100.0
3.428550099983113	83.0	100.0
3.44934339998872	83.0	100.0
3.4692948999872897	83.0	100.0
3.4886509999923874	83.0	100.0
3.5086059999885038	83.0	100.0
3.5287723999936134	83.0	100.0
3.5490640999923926	83.0	100.0
3.5687025999941397	83.0	100.0
3.588622099981876	83.0	100.0
3.610505699994974	83.0	100.0
3.6282498999789823	83.0	100.0
3.647901799995452	82.0	100.0
3.6692909999983385	82.0	100.0
3.689061799988849	82.0	100.0
3.709658899984788	82.0	100.0
3.7292231999745127	82.0	100.0
3.749172499985434	82.0	100.0
3.7693390999920666	82.0	100.0
3.78856239997549	82.0	100.0
3.809226099983789	82.0	100.0
3.828604099981021	82.0	100.0
3.8486694999737665	82.0	100.0
3.869049899978563	82.0	100.0
3.8893244999926537	82.0	100.0
3.9088294999965	82.0	100.0
3.9290182999975514	82.0	100.0
3.948791699978756	82.0	100.0
3.968936699995538	82.0	100.0
3.988569799985271	82.0	100.0
4.009826199995587	82.0	100.0
4.0286782999755815	82.0	100.0
4.0491077999759	82.0	100.0
4.069099499989534	82.0	100.0
4.0886199999949895	82.0	100.0
4.108587700000498	82.0	100.0
4.1285165999724995	82.0	100.0
4.148483899974963	82.0	100.0
4.168865199986612	82.0	100.0
4.189502299996093	82.0	100.0
4.2087106999824755	82.0	100.0
4.228281099989545	82.0	100.0
4.250309499999275	82.0	100.0
4.268364299990935	82.0	100.0
4.2883820999995805	82.0	100.0
4.30562089997693	82.0	100.0
4.32937939997646	82.0	100.0
4.3458907999738585	82.0	100.0
4.366264299984323	82.0	100.0
4.385871999984374	82.0	100.0
4.4076377999736	82.0	100.0
4.4290700999845285	82.0	100.0
4.449642999999924	82.0	100.0
4.476253599976189	82.0	100.0
4.491575599997304	82.0	100.0
4.5133298999862745	82.0	100.0
4.5601680999970995	82.0	100.0
4.560194199992111	82.0	100.0
4.590497099998174	82.0	100.0
4.591489799990086	82.0	100.0
4.611724399990635	82.0	100.0
4.631361799984006	82.0	100.0
4.652238999988185	81.0	100.0
4.671776699979091	81.0	100.0
4.691254099976504	81.0	100.0
4.710897499986459	81.0	100.0
4.730950699973619	81.0	100.0
4.751656699983869	81.0	100.0
4.771336199977668	81.0	100.0
4.7907867999747396	81.0	100.0
4.812038299976848	81.0	100.0
4.831632999994326	81.0	100.0
4.851987299975008	81.0	100.0
4.87114369997289	81.0	100.0
4.891337799985195	81.0	100.0
4.914026799990097	81.0	100.0
4.930780299997423	81.0	100.0
4.956743099988671	81.0	100.0
4.973744399991119	81.0	100.0
4.991230099985842	81.0	100.0
5.011436099972343	81.0	100.0
5.030788899981417	81.0	100.0
5.050611499988008	81.0	100.0
5.070951399975456	81.0	100.0
5.091218999994453	81.0	100.0
5.111645899974974	81.0	100.0
5.130574299982982	81.0	100.0
5.151788599992869	81.0	100.0
5.170983299991349	81.0	100.0
5.190564899996389	81.0	100.0
5.214022899977863	81.0	100.0
5.241040599998087	81.0	100.0
5.250912999996217	81.0	100.0
5.27128129999619	81.0	100.0
5.291456199978711	81.0	100.0
5.312423499999568	81.0	100.0
5.331105999997817	81.0	100.0
5.352455899992492	81.0	100.0
5.37097379998886	81.0	100.0
5.391014799999539	81.0	100.0
5.413136499992106	81.0	100.0
5.431104199989932	81.0	100.0
5.451365699991584	81.0	100.0
5.472443799983012	81.0	100.0
5.493370299984235	81.0	100.0
5.511905199993635	81.0	100.0
5.533294199994998	81.0	100.0
5.550200599973323	81.0	100.0
5.571857199975057	81.0	100.0
5.591317099984735	81.0	100.0
5.611265099985758	81.0	100.0
5.632223799999338	81.0	100.0
5.652480799995828	80.0	100.0
5.671572199993534	80.0	100.0
5.6907783999922685	80.0	100.0
5.711883399984799	80.0	100.0
5.729590199975064	80.0	100.0
5.748718099988764	80.0	100.0
5.768637399974978	80.0	100.0
5.788229799974943	80.0	100.0
5.810470699972939	80.0	100.0
5.828621900000144	80.0	100.0
5.850380799995037	80.0	100.0
5.870732799987309	80.0	100.0
5.892020100000082	80.0	100.0
5.911568599985912	80.0	100.0
5.931049899983918	80.0	100.0
5.950877199997194	80.0	100.0
5.979438299982576	80.0	100.0
5.9905349999899045	80.0	100.0
6.012535099987872	80.0	100.0
6.030672299995786	80.0	100.0
6.051393799978541	80.0	100.0
6.088850899977842	80.0	100.0
6.0914721000008285	80.0	100.0
6.111515099997632	80.0	100.0
6.130281699995976	80.0	100.0
6.1512638999847695	80.0	100.0
6.172062999976333	80.0	100.0
6.1873649999906775	80.0	100.0
6.212957599986112	80.0	100.0
6.23182519999682	80.0	100.0
6.248575099976733	80.0	100.0
6.268815799994627	80.0	100.0
6.291228599991882	80.0	100.0
6.31094579998171	80.0	100.0
6.331099499977427	80.0	100.0
6.351114499993855	80.0	100.0
6.370085699978517	80.0	100.0
6.390691399981733	80.0	100.0
6.410298499977216	80.0	100.0
6.431024199991953	80.0	100.0
6.451231599989114	80.0	100.0
6.471113099978538	80.0	100.0
6.491655499994522	80.0	100.0
6.510985599976266	80.0	100.0
6.532488599972567	80.0	100.0
6.551157099980628	80.0	100.0
6.570622899977025	80.0	100.0
6.591208099998767	80.0	100.0
6.611747399991145	80.0	100.0
6.630366999976104	80.0	100.0
6.652136399992742	80.0	100.0
6.671357599989278	80.0	100.0
6.691889399982756	80.0	100.0
6.710637999989558	80.0	100.0
6.7296484999824315	80.0	100.0
6.750548199983314	80.0	100.0
6.770756199985044	80.0	100.0
6.790933599986602	80.0	100.0
6.81185599998571	80.0	100.0
6.831180999986827	80.0	100.0
6.850839599996107	80.0	100.0
6.871347099979175	80.0	100.0
6.891427099995781	80.0	100.0
6.9115727999887895	80.0	100.0
6.931644899974344	80.0	100.0
6.951195599976927	80.0	100.0
6.970806799974525	80.0	100.0
6.991593799990369	80.0	100.0
7.0120373999816366	80.0	100.0
7.029290099977516	80.0	100.0
7.051599999977043	80.0	100.0
7.071505699976115	80.0	100.0
7.09134179999819	80.0	100.0
7.110968699998921	80.0	100.0
7.131770699983463	80.0	100.0
7.1511104999808595	80.0	100.0
7.171016399981454	80.0	100.0
7.191138399997726	80.0	100.0
7.211255599977449	80.0	100.0
7.231809799995972	80.0	100.0
7.251754400000209	80.0	100.0
7.270939799986081	80.0	100.0
7.290631999989273	80.0	100.0
7.310731499979738	80.0	100.0
7.331305699975928	80.0	100.0
7.350452399987262	80.0	100.0
7.371569599985378	80.0	100.0
7.391425299982075	80.0	100.0
7.4107529999746475	80.0	100.0
7.430490699975053	80.0	100.0
7.450880699994741	80.0	100.0
7.469030099979136	80.0	100.0
7.491899199987529	80.0	100.0
7.511692100000801	80.0	100.0
7.529807599988999	80.0	100.0
7.551356699987082	80.0	100.0
7.570786899974337	80.0	100.0
7.591273300000466	80.0	100.0
7.612228699988918	80.0	100.0
7.63229519999004	80.0	100.0
7.649826499982737	80.0	100.0
7.671556699991925	80.0	100.0
7.690316899999743	80.0	100.0
7.71229929997935	80.0	100.0
7.7313227999839	80.0	100.0
7.754331499978434	80.0	100.0
7.773304899979848	80.0	100.0
7.791711199999554	80.0	100.0
7.948664999974426	80.0	100.0
7.948688399977982	80.0	100.0
7.948696899984498	80.0	100.0
7.94870449998416	80.0	100.0
7.948711999983061	80.0	100.0
7.948719299980439	80.0	100.0
7.948726999980863	80.0	100.0
7.954149799974402	80.0	100.0
7.971970299986424	80.0	100.0
7.991492199973436	80.0	100.0
8.084850399987772	80.0	100.0
8.084872899984475	80.0	100.0
8.084882399998605	80.0	100.0
8.08489009999903	80.0	100.0
8.09171839998453	80.0	100.0
8.11171829997329	80.0	100.0
8.131256900000153	80.0	100.0
8.150923399982275	80.0	100.0
8.254174999980023	80.0	100.0
8.254250300000422	80.0	100.0
8.25428289998672	80.0	100.0
8.254306899994845	80.0	100.0
8.254335299978266	80.0	100.0
8.270965899981093	80.0	100.0
8.290752199973213	80.0	100.0
8.400804199976847	80.0	100.0
8.400836299988441	80.0	100.0
8.400846299977275	80.0	100.0
8.400855699990643	80.0	100.0
8.400866499985568	80.0	100.0
8.411795699998038	80.0	100.0
8.430980899982387	80.0	100.0
8.451406099979067	80.0	100.0
8.564275099983206	80.0	100.0
8.564325299987104	80.0	100.0
8.564349899999797	80.0	100.0
8.564373199973488	80.0	100.0
8.564395900000818	80.0	100.0
8.572027199988952	80.0	100.0
8.591189699975075	80.0	100.0
8.70159959999728	80.0	100.0
8.701625999994576	80.0	100.0
8.701638499973342	80.0	100.0
8.701650299975881	80.0	100.0
8.70166199997766	80.0	100.0
8.708170499972766	80.0	100.0
8.72871219998342	80.0	100.0
8.748284499975853	80.0	100.0
8.770083899988094	80.0	100.0
8.89904689998366	80.0	100.0
8.899079099996015	80.0	100.0
8.89909059999627	80.0	100.0
8.89910169999348	80.0	100.0
8.899113799998304	80.0	100.0
8.899125799973262	80.0	100.0
8.91011569998227	80.0	100.0
8.93053990000044	80.0	100.0
8.950540499994531	80.0	100.0
8.970104899985017	80.0	100.0
9.067501999990782	80.0	100.0
9.06752279997454	80.0	100.0
9.067531299981056	80.0	100.0
9.067538899980718	80.0	100.0
9.07002199999988	80.0	100.0
9.09064299997408	80.0	100.0
9.111268399981782	80.0	100.0
9.201608399976976	80.0	100.0
9.201633299991954	80.0	100.0
9.201641599996947	80.0	100.0
9.201649800001178	80.0	100.0
9.210495099978289	80.0	100.0
9.230165799992392	80.0	100.0
9.24943379999604	80.0	100.0
9.270081499998923	80.0	100.0
9.368753399990965	80.0	100.0
9.368800099997316	80.0	100.0
9.368825099983951	80.0	100.0
9.368847599980654	80.0	100.0
9.37101899998379	80.0	100.0
9.390840599982766	80.0	100.0
9.410940099973232	80.0	100.0
9.553777499997523	80.0	100.0
9.553799399989657	80.0	100.0
9.55380769999465	80.0	100.0
9.553815299994312	80.0	100.0
9.55382259999169	80.0	100.0
9.553829899989069	80.0	100.0
9.553837199986447	80.0	100.0
9.572088299988536	80.0	100.0
9.591382199985674	80.0	100.0
9.61115339997923	80.0	100.0
9.630649300001096	80.0	100.0
9.651386599987745	0.0	100.0
9.670335499977227	0.0	100.0
9.691085099999327	0.0	100.0
9.837689399981173	0.0	100.0
9.83771870000055	0.0	100.0
9.837731099978555	0.0	100.0
9.837742799980333	0.0	100.0
9.837754899985157	0.0	100.0
9.837765799980843	0.0	100.0
9.837776299973484	0.0	100.0
9.850635999988299	0.0	100.0
9.869740099995397	0.0	100.0
9.890669899992645	0.0	100.0
10.03392139999778	0.0	100.0
10.03395849998924	0.0	100.0
10.033978999999817	0.0	100.0
10.034012099989923	0.0	100.0
10.034035899996525	0.0	100.0
10.034057099983329	0.0	100.0
10.034078599972418	0.0	100.0
10.051013599993894	0.0	100.0
10.070262699999148	0.0	100.0
10.092817199998535	0.0	100.0
10.239384699991206	0.0	100.0
10.239407399989432	0.0	100.0
10.239416299998993	0.0	100.0
10.239423999999417	0.0	100.0
10.23943329998292	0.0	100.0
10.239443300000858	0.0	100.0
10.23945109997294	0.0	100.0
10.250214799976675	0.0	100.0
10.270469699986279	0.0	100.0
10.290809899976011	0.0	100.0
10.384690999984741	0.0	100.0
10.384729099983815	0.0	100.0
10.384742099995492	0.0	100.0
10.384752699988894	0.0	100.0
10.390145099983783	0.0	100.0
10.411077299999306	0.0	100.0
10.43074829998659	0.0	100.0
10.606608399975812	0.0	100.0
10.60664069998893	0.0	100.0
10.606653700000606	0.0	100.0
10.606666599982418	0.0	100.0
10.60667789998115	0.0	100.0
10.606689299980644	0.0	100.0
10.606699399999343	0.0	100.0
10.606707399972947	0.0	100.0
10.610312399978284	0.0	100.0
10.633215099980589	0.0	100.0
10.650876799976686	79.0	100.0
10.670766499999445	79.0	100.0
10.690560799994273	79.0	100.0
10.711295799992513	79.0	100.0
10.853435899975011	79.0	100.0
10.853477399999974	79.0	100.0
10.853492099995492	79.0	100.0
10.853504399972735	79.0	100.0
10.853516999981366	79.0	100.0
10.853528599982383	79.0	100.0
10.853539899981115	79.0	100.0
10.870148899994092	79.0	100.0
10.890560999978334	79.0	100.0
10.910642499977257	79.0	100.0
11.058489599992754	79.0	100.0
11.058516399993096	79.0	100.0
11.058528699999442	79.0	100.0
11.05854040000122	79.0	100.0
11.058552199974656	79.0	100.0
11.05856499998481	79.0	100.0
11.058577299991157	79.0	100.0
11.0695714999747	79.0	100.0
11.089333299983991	79.0	100.0
11.109196199977305	79.0	100.0
11.272301499993773	79.0	100.0
11.272341199975926	79.0	100.0
11.272355199995218	79.0	100.0
11.272366899996996	79.0	100.0
11.272379599977285	79.0	100.0
11.272390799975256	79.0	100.0
11.272406299976865	79.0	100.0
11.272423699992942	79.0	100.0
11.289154399972176	79.0	100.0
11.310544399981154	79.0	100.0
11.468026199989254	79.0	100.0
11.468050199997379	79.0	100.0
11.46806079999078	79.0	100.0
11.468068799993489	79.0	100.0
11.46807629999239	79.0	100.0
11.468083899992052	79.0	100.0
11.468091699993238	79.0	100.0
11.469125799980247	79.0	100.0
11.490425699972548	79.0	100.0
11.510529699997278	79.0	100.0
11.530976199981524	79.0	100.0
11.673300099995686	79.0	100.0
11.673335799976485	79.0	100.0
11.673346199997468	79.0	100.0
11.673354999977164	79.0	100.0
11.67336289997911	79.0	100.0
11.673372799996287	77.0	100.0
11.673383199988166	77.0	100.0
11.687418299989076	77.0	100.0
11.703957899997476	77.0	100.0
11.722839899972314	77.0	100.0
11.873155599983875	77.0	100.0
11.873178699985147	77.0	100.0
11.87318779999623	77.0	100.0
11.873195699998178	77.0	100.0
11.873203099996317	77.0	100.0
11.873210499994457	77.0	100.0
11.87321809999412	77.0	100.0
11.888383399986196	77.0	100.0
11.908308599988231	77.0	100.0
11.929005399986636	77.0	100.0
12.07860979999532	77.0	100.0
12.078633299999638	77.0	100.0
12.07865069998661	77.0	100.0
12.078659299993888	77.0	100.0
12.07866759999888	77.0	100.0
12.078675500000827	77.0	100.0
12.078685699991183	77.0	100.0
12.086850099993171	77.0	100.0
12.107771699986188	77.0	100.0
12.127757099980954	77.0	100.0
12.14672019999125	77.0	100.0
12.282738699985202	77.0	100.0
12.282760699978098	77.0	100.0
12.282769099983852	77.0	100.0
12.282777499989606	77.0	100.0
12.282785599993076	77.0	100.0
12.282792999991216	77.0	100.0
12.28725029999623	77.0	100.0
12.307209099992178	77.0	100.0
12.327218199992785	77.0	100.0
12.346408699988388	77.0	100.0
12.487879099993734	77.0	100.0
12.487932099989848	77.0	100.0
12.487958099984098	77.0	100.0
12.487983999977587	77.0	100.0
12.488010599976406	77.0	100.0
12.488037999981316	77.0	100.0
12.488064699980896	77.0	100.0
12.506152099987958	77.0	100.0
12.52720889999182	77.0	100.0
12.546951500000432	77.0	100.0
12.636522699991474	77.0	100.0
12.63654609999503	77.0	100.0
12.636554899974726	77.0	100.0
12.63656259997515	77.0	100.0
12.647601899981964	77.0	100.0
12.668937999987975	77.0	100.0
12.695153799984837	77.0	100.0
12.707443799998146	77.0	100.0
12.733668299973942	77.0	100.0
12.74751919999835	77.0	100.0
12.767732399981469	77.0	100.0
12.795634899986908	77.0	100.0
12.807116799987853	77.0	100.0
12.89582689999952	77.0	100.0
12.89585889998125	77.0	100.0
12.895871199987596	77.0	100.0
12.895882999990135	77.0	100.0
12.907069699984277	77.0	100.0
12.926929199980805	77.0	100.0
12.9471020999772	77.0	100.0
12.96739449998131	77.0	100.0
12.986980199988466	77.0	100.0
13.00822329998482	77.0	100.0
13.02675919997273	77.0	100.0
13.047327899985248	77.0	100.0
13.067474399984349	77.0	100.0
13.087398099974962	77.0	100.0
13.107277799979784	77.0	100.0
13.128580699994927	77.0	100.0
13.14642289999756	77.0	100.0
13.16672299997299	77.0	100.0
13.18680399999721	77.0	100.0
13.207063699985156	77.0	100.0
13.226350799988722	77.0	100.0
13.246827199996915	77.0	100.0
13.266797099990072	77.0	100.0
13.286766299977899	77.0	100.0
13.30636219997541	77.0	100.0
13.326742499979446	77.0	100.0
13.345956399978604	77.0	100.0
13.366020699992077	77.0	100.0
13.385974999982864	77.0	100.0
13.40630269999383	77.0	100.0
13.425790499983123	77.0	100.0
13.44573279999895	77.0	100.0
13.46578229998704	77.0	100.0
13.485856199986301	77.0	100.0
13.505913799977861	77.0	100.0
13.525992299983045	77.0	100.0
13.546152999973856	77.0	100.0
13.5663024999958	77.0	100.0
13.586543999990681	77.0	100.0
13.606737399997655	77.0	100.0
13.626642899995204	77.0	100.0
13.646722099976614	77.0	100.0
13.666511099989293	77.0	100.0
13.687033499998506	77.0	100.0
13.706489799980773	77.0	100.0
13.725860399979865	77.0	100.0
13.746021299972199	77.0	100.0
13.766430699994089	77.0	100.0
13.78598499999498	77.0	100.0
13.8066770999867	77.0	100.0
13.826489999977639	77.0	100.0
13.845911899989005	77.0	100.0
13.865866599982837	77.0	100.0
13.886529299983522	77.0	100.0
13.906420499988599	77.0	100.0
13.926315399992745	77.0	100.0
13.946875900001032	77.0	100.0
13.966444999998203	77.0	100.0
13.986162799992599	77.0	100.0
14.006487299979199	77.0	100.0
14.02590749997762	77.0	100.0
14.046103299973765	77.0	100.0
14.066243499983102	77.0	100.0
14.08706959997653	77.0	100.0
14.106380999990506	77.0	100.0
14.126068699988537	77.0	100.0
14.146070299990242	77.0	100.0
14.166093299980275	77.0	100.0
14.186089799972251	77.0	100.0
14.206632899993565	77.0	100.0
14.22588949999772	77.0	100.0
14.245818399998825	77.0	100.0
14.265492899983656	77.0	100.0
14.285222999984398	77.0	100.0
14.306205199973192	77.0	100.0
14.32579919998534	77.0	100.0
14.34461659999215	77.0	100.0
14.3656353999977	77.0	100.0
14.38564100000076	77.0	100.0
14.406043599999975	77.0	100.0
14.430134899972472	77.0	100.0
14.446246999985306	77.0	100.0
14.46533019997878	77.0	100.0
14.485498800000641	77.0	100.0
14.506091699993704	77.0	100.0
14.526021899975603	77.0	100.0
14.545897999982117	77.0	100.0
14.565749599976698	77.0	100.0
14.584635099978186	77.0	100.0
14.606882099993527	77.0	100.0
14.626572599983774	77.0	100.0
14.646214599983068	77.0	100.0
14.66559839999536	77.0	100.0
14.687735399988014	77.0	100.0
14.706112799991388	77.0	100.0
14.723678099981043	77.0	100.0
14.742571899987524	77.0	100.0
14.761646200000541	77.0	100.0
14.784679399977904	77.0	100.0
14.80572539998684	77.0	100.0
14.824912299984135	77.0	100.0
14.84472709998954	77.0	100.0
14.865818399994168	77.0	100.0
14.885994299984304	77.0	100.0
14.905918599979486	77.0	100.0
14.925886399985757	77.0	100.0
14.944642299989937	77.0	100.0
14.9656162999745	77.0	100.0
14.985797000001185	77.0	100.0
15.00595149997389	77.0	100.0
15.025031400000444	77.0	100.0
15.04590629998711	77.0	100.0
15.065489999979036	77.0	100.0
15.085098099982133	77.0	100.0
15.104957799980184	77.0	100.0
15.125084899977082	77.0	100.0
15.14464339998085	77.0	100.0
15.165101799997501	77.0	100.0
15.18473899998935	77.0	100.0
15.205162399972323	77.0	100.0
15.224711099988781	77.0	100.0
15.244978999980958	77.0	100.0
15.26476169997477	77.0	100.0
15.284815199993318	77.0	100.0
15.304695799975889	77.0	100.0
15.325499099999433	77.0	100.0
15.345062699983828	77.0	100.0
15.364590899989707	77.0	100.0
15.38441149998107	77.0	100.0
15.405055899987929	77.0	100.0
15.424365299986675	77.0	100.0
15.444691599986982	77.0	100.0
15.465174699987983	77.0	100.0
15.484392299986212	77.0	100.0
15.504739299998619	77.0	100.0
15.524969199992483	77.0	100.0
15.544356499973219	77.0	100.0
15.565887399978237	77.0	100.0
15.584133699972881	77.0	100.0
15.605022199975792	77.0	100.0
15.624972999998135	77.0	100.0
15.644937099976232	77.0	100.0
15.664243099978194	77.0	100.0
15.684606099996017	77.0	100.0
15.704470999975456	77.0	100.0
15.724421299993992	77.0	100.0
15.743829799990635	77.0	100.0
15.76464889998897	77.0	100.0
15.78343589999713	77.0	100.0
15.8045927999774	77.0	100.0
15.823403399990639	77.0	100.0
15.844289499975275	77.0	100.0
15.863776799989864	77.0	100.0
15.884193499980029	77.0	100.0
15.904168499982916	77.0	100.0
15.923707699985243	77.0	100.0
15.942578099988168	77.0	100.0
15.963676999992458	77.0	100.0
15.98379849997582	77.0	100.0
16.00379429999157	77.0	100.0
16.023526899982244	77.0	100.0
16.04360479998286	77.0	100.0
16.059150999994017	77.0	100.0
16.07953119999729	77.0	100.0
16.099892899976112	77.0	100.0
16.11970919999294	77.0	100.0
16.140103799989447	77.0	100.0
16.1601828999992	77.0	100.0
16.180665499996394	77.0	100.0
16.201997099997243	77.0	100.0
16.223746399977244	77.0	100.0
16.243939499981934	77.0	100.0
16.263254999998026	77.0	100.0
16.284081099991454	77.0	100.0
16.30258759998833	77.0	100.0
16.32364309998229	77.0	100.0
16.342482499981998	77.0	100.0
16.364641799998935	77.0	100.0
16.38394019997213	77.0	100.0
16.40340019998257	77.0	100.0
16.42355409997981	77.0	100.0
16.44325559999561	77.0	100.0
16.463393099984387	77.0	100.0
16.483788299985463	77.0	100.0
16.503434599988395	77.0	100.0
16.522839099983685	77.0	100.0
16.54347889998462	77.0	100.0
16.563275499996962	77.0	100.0
16.582458499993663	77.0	100.0
16.603740799997468	77.0	100.0
16.623678399977507	77.0	100.0
16.644148599996697	76.0	100.0
16.664196599973366	76.0	100.0
16.684210099978372	76.0	100.0
16.703248699981486	76.0	100.0
16.724448199995095	76.0	100.0
16.74266799999168	76.0	100.0
16.764021399983903	76.0	100.0
16.784524399990914	76.0	100.0
16.803176699992036	76.0	100.0
16.82272549998015	76.0	100.0
16.844152499979828	76.0	100.0
16.86365919999662	76.0	100.0
16.88388579999446	76.0	100.0
16.904123099986464	76.0	100.0
16.92367189997458	76.0	100.0
16.94375089998357	76.0	100.0
16.964982899982715	76.0	100.0
16.98359559997334	76.0	100.0
17.003066799981752	76.0	100.0
17.022069699974963	76.0	100.0
17.043203999986872	76.0	100.0
17.063095799996518	76.0	100.0
17.08395339999697	76.0	100.0
17.103847899998073	76.0	100.0
17.12364579999121	76.0	100.0
17.14298439997947	76.0	100.0
17.163750999985496	76.0	100.0
17.1834159999853	76.0	100.0
17.204100499977358	76.0	100.0
17.22268819998135	76.0	100.0
17.243554899992887	76.0	100.0
17.263612399983685	76.0	100.0
17.283514899987495	76.0	100.0
17.303462099982426	76.0	100.0
17.323756699974183	76.0	100.0
17.343378499994287	76.0	100.0
17.363430099998368	76.0	100.0
17.38252569999895	76.0	100.0
17.40243599997484	76.0	100.0
17.4225199999928	76.0	100.0
17.44338609999977	76.0	100.0
17.461459599988302	76.0	100.0
17.483984199992847	76.0	100.0
17.503745800000615	76.0	100.0
17.52335389997461	76.0	100.0
17.542944199987687	76.0	100.0
17.56381789999432	76.0	100.0
17.58302309998544	76.0	100.0
17.603395499987528	76.0	100.0
17.623731200001203	76.0	100.0
17.64372029999504	75.0	100.0
17.662789899972267	75.0	100.0
17.6833463999792	75.0	100.0
17.70250169999781	75.0	100.0
17.722838199988473	75.0	100.0
17.743382599990582	75.0	100.0
17.763750199985225	75.0	100.0
17.784001699998043	75.0	100.0
17.802809699991485	75.0	100.0
17.823129699972924	75.0	100.0
17.84342459999607	75.0	100.0
17.86349399999017	75.0	100.0
17.883590399986133	75.0	100.0
17.903693299973384	75.0	100.0
17.923752299975604	75.0	100.0
17.943402899982175	75.0	100.0
17.962923599989153	75.0	100.0
17.983167099999264	75.0	100.0
18.003653199994005	75.0	100.0
18.02223750000121	75.0	100.0
18.043671699997503	75.0	100.0
18.062160999979824	75.0	100.0
18.0827103999909	75.0	100.0
18.103062499983935	75.0	100.0
18.122500699973898	75.0	100.0
18.14258419998805	75.0	100.0
18.163448699982837	75.0	100.0
18.18295109999599	75.0	100.0
18.203164599981392	75.0	100.0
18.222440499986988	75.0	100.0
18.242285999993328	75.0	100.0
18.26260529999854	75.0	100.0
18.2827562999737	75.0	100.0
18.303637199976947	75.0	100.0
18.323027299979003	75.0	100.0
18.342909899976803	75.0	100.0
18.362930499977665	75.0	100.0
18.382758199993987	75.0	100.0
18.403785299975425	75.0	100.0
18.422964599973056	75.0	100.0
18.442710799979977	75.0	100.0
18.46191209999961	75.0	100.0
18.48239539997303	75.0	100.0
18.502434699999867	75.0	100.0
18.522492799995234	75.0	100.0
18.542382899991935	75.0	100.0
18.564507599978242	75.0	100.0
18.582275699998718	75.0	100.0
18.602562199987005	75.0	100.0
18.622665499977302	75.0	100.0
18.64369099997566	74.0	100.0
18.66301509999903	74.0	100.0
18.683471199998166	74.0	100.0
18.70451429998502	74.0	100.0
18.72302789997775	74.0	100.0
18.742918399977498	74.0	100.0
18.763714799977606	74.0	100.0
18.782558899983997	74.0	100.0
18.802522199985106	74.0	100.0
18.82282089997898	74.0	100.0
18.846445499977563	74.0	100.0
18.862360499973875	74.0	100.0
18.88196919998154	74.0	100.0
18.90190349999466	74.0	100.0
18.922156399989035	74.0	100.0
18.942249599989736	74.0	100.0
18.962467799981823	74.0	100.0
18.981957799987867	74.0	100.0
19.002115899987984	74.0	100.0
19.02227319998201	74.0	100.0
19.042427399981534	74.0	100.0
19.062355399975786	74.0	100.0
19.0824314999918	74.0	100.0
19.10228979997919	74.0	100.0
19.12250589998439	74.0	100.0
19.142051499977242	74.0	100.0
19.16274259999045	74.0	100.0
19.184261799993692	74.0	100.0
19.20344769998337	74.0	100.0
19.222765899990918	74.0	100.0
19.24263439999777	74.0	100.0
19.26234570000088	74.0	100.0
19.283267399994656	74.0	100.0
19.30352909999783	74.0	100.0
19.323511199996574	74.0	100.0
19.34265029997914	74.0	100.0
19.363327599974582	74.0	100.0
19.382643199991435	74.0	100.0
19.40362769999774	74.0	100.0
19.42300269997213	74.0	100.0
19.44298229998094	74.0	100.0
19.46648499998264	74.0	100.0
19.483638099976815	74.0	100.0
19.5028094999725	74.0	100.0
19.523739399999613	74.0	100.0
19.542877999978373	74.0	100.0
19.5630665999779	74.0	100.0
19.582711799972458	74.0	100.0
19.60253199998988	74.0	100.0
19.623747199977515	74.0	100.0
19.64252929997747	72.0	100.0
19.66218059998937	72.0	100.0
19.683679999987362	72.0	100.0
19.702412499987986	72.0	100.0
19.722451599984197	72.0	100.0
19.742004399973666	72.0	100.0
19.762031299993396	72.0	100.0
19.782190099998843	72.0	100.0
19.80273289998877	72.0	100.0
19.821984699985478	72.0	100.0
19.842633899999782	72.0	100.0
19.861979399982374	72.0	100.0
19.885138199984794	72.0	100.0
19.902303999988362	72.0	100.0
19.922358699986944	72.0	100.0
19.94203059998108	72.0	100.0
19.962441999989096	72.0	100.0
19.982207900000503	72.0	100.0
20.002942299994174	72.0	100.0
20.022047599981306	72.0	100.0
20.04163839999819	72.0	100.0
20.061968699999852	72.0	100.0
20.082397199992556	72.0	100.0
20.10201419997611	72.0	100.0
20.122154799988493	72.0	100.0
20.1423017999914	72.0	100.0
20.162370999983978	72.0	100.0
20.1819171999814	72.0	100.0
20.209394299978158	72.0	100.0
20.22211360000074	72.0	100.0
20.24266489999718	72.0	100.0
20.262108099996112	72.0	100.0
20.28245689999312	72.0	100.0
20.302022999996552	72.0	100.0
20.32297959999414	72.0	100.0
20.343494099972304	72.0	100.0
20.362389099987922	72.0	100.0
20.389271799998824	72.0	100.0
20.40253289998509	72.0	100.0
20.422828099981416	72.0	100.0
20.443646999978228	72.0	100.0
20.462773199978983	72.0	100.0
20.482669299992267	72.0	100.0
20.504694899980677	72.0	100.0
20.522500999999465	72.0	100.0
20.54249739999068	72.0	100.0
20.56254379998427	72.0	100.0
20.58237389998976	72.0	100.0
20.60302579999552	72.0	100.0
20.622695199999725	72.0	100.0
20.643879999988712	73.0	100.0
20.66256539997994	73.0	100.0
20.683065699995495	73.0	100.0
20.70338969997829	73.0	100.0
20.72305139998207	73.0	100.0
20.74254249999649	73.0	100.0
20.76300479998463	73.0	100.0
20.782439099974	73.0	100.0
20.80319849998341	73.0	100.0
20.821093399979873	73.0	100.0
20.840764099993976	73.0	100.0
20.86317739999504	73.0	100.0
20.881993899994995	73.0	100.0
20.90270779997809	73.0	100.0
20.922904599981848	73.0	100.0
20.942318999994313	73.0	100.0
20.962630599999102	73.0	100.0
20.982587499980582	73.0	100.0
21.00302439997904	73.0	100.0
21.021793899999466	73.0	100.0
21.04246329999296	73.0	100.0
21.06145799998194	73.0	100.0
21.08213279998745	73.0	100.0
21.102469499979634	73.0	100.0
21.121888999972725	73.0	100.0
21.14173249999294	73.0	100.0
21.162047399993753	73.0	100.0
21.18172679998679	73.0	100.0
21.201797099987743	73.0	100.0
21.221901499986416	73.0	100.0
21.24199919999228	73.0	100.0
21.26210519997403	73.0	100.0
21.282085899991216	73.0	100.0
21.316004799999064	73.0	100.0
21.32848379999632	73.0	100.0
21.341651299997466	73.0	100.0
21.36217619999661	73.0	100.0
21.382014799979515	73.0	100.0
21.401939399976982	73.0	100.0
21.42176539998036	73.0	100.0
21.44367529998999	73.0	100.0
21.461691999982577	73.0	100.0
21.481797599990387	73.0	100.0
21.50181829999201	73.0	100.0
21.521830999990925	73.0	100.0
21.541625399986515	73.0	100.0
21.563899000000674	73.0	100.0
21.581826499983435	73.0	100.0
21.60160399999586	73.0	100.0
21.62204039999051	73.0	100.0
21.64270059997216	73.0	100.0
21.663162999990163	73.0	100.0
21.681910199986305	73.0	100.0
21.702110699989134	73.0	100.0
21.721488399984082	73.0	100.0
21.74173619999783	73.0	100.0
21.761889499990502	73.0	100.0
21.781333399994764	73.0	100.0
21.802568199986126	73.0	100.0
21.82224270000006	73.0	100.0
21.84201499997289	73.0	100.0
21.862389399990207	73.0	100.0
21.882222399988677	73.0	100.0
21.902143199986313	73.0	100.0
21.92197959998157	73.0	100.0
21.941892899980303	73.0	100.0
21.962009199982276	73.0	100.0
21.982512799993856	73.0	100.0
22.003253099974245	73.0	100.0
22.02247769999667	73.0	100.0
22.042452499998035	73.0	100.0
22.061872099991888	73.0	100.0
22.08244129997911	73.0	100.0
22.101938799984055	73.0	100.0
22.12171259999741	73.0	100.0
22.14359739999054	73.0	100.0
22.162387699994724	73.0	100.0
22.182237000000896	73.0	100.0
22.202043400000548	73.0	100.0
22.222014299972216	73.0	100.0
22.242458499997156	73.0	100.0
22.262382399989292	73.0	100.0
22.281783599988557	73.0	100.0
22.30185549997259	73.0	100.0
22.321901999996044	73.0	100.0
22.341753699991386	73.0	100.0
22.36171659998945	73.0	100.0
22.381554999999935	73.0	100.0
22.40170569997281	73.0	100.0
22.421711799979676	73.0	100.0
22.447927299974253	73.0	100.0
22.46230809998815	73.0	100.0
22.48239919997286	73.0	100.0
22.504101699974854	73.0	100.0
22.52220789997955	73.0	100.0
22.541872999980114	73.0	100.0
22.562255099997856	73.0	100.0
22.581965699995635	73.0	100.0
22.60285899997689	73.0	100.0
22.622560499992687	73.0	100.0
22.641996499995003	72.0	100.0
22.662004399986472	72.0	100.0
22.682354299991857	72.0	100.0
22.702437799976906	72.0	100.0
22.722348399984185	72.0	100.0
22.74181849998422	72.0	100.0
22.76195519999601	72.0	100.0
22.781907299999148	72.0	100.0
22.80254779997631	72.0	100.0
22.82185939999181	72.0	100.0
22.84645169999567	72.0	100.0
22.862033499986865	72.0	100.0
22.881967999972403	72.0	100.0
22.902945599984378	72.0	100.0
22.922387799975695	72.0	100.0
22.947541199973784	72.0	100.0
22.972449799999595	72.0	100.0
22.982137199986028	72.0	100.0
23.001945399999386	72.0	100.0
23.02287369998521	72.0	100.0
23.043955899978755	72.0	100.0
23.062090599996736	72.0	100.0
23.082158499979414	72.0	100.0
23.102706699981354	72.0	100.0
23.121707899990724	72.0	100.0
23.141788299981272	72.0	100.0
23.161345699976664	72.0	100.0
23.181415699975332	72.0	100.0
23.202896699978737	72.0	100.0
23.222528399986913	72.0	100.0
23.241978399979416	72.0	100.0
23.26296949997777	72.0	100.0
23.282387699990068	72.0	100.0
23.302473699994152	72.0	100.0
23.321851099986816	72.0	100.0
23.341994399990654	72.0	100.0
23.374765699991258	72.0	100.0
23.382658699993044	72.0	100.0
23.40263899997808	72.0	100.0
23.422047399973962	72.0	100.0
23.44218899999396	72.0	100.0
23.4616965999885	72.0	100.0
23.481517599982908	72.0	100.0
23.50245449997601	72.0	100.0
23.522361899988027	72.0	100.0
23.54218459999538	72.0	100.0
23.563568799989298	72.0	100.0
23.581362199998694	72.0	100.0
23.601764399994863	72.0	100.0
23.622322999988683	72.0	100.0
23.642007699992973	73.0	100.0
23.662467599991942	73.0	100.0
23.68247169998358	73.0	100.0
23.702450399985537	73.0	100.0
23.72287649998907	73.0	100.0
23.91261809997377	73.0	100.0
23.912650099984603	73.0	100.0
23.91266239999095	73.0	100.0
23.91267219997826	73.0	100.0
23.912682499998482	73.0	100.0
23.91269430000102	73.0	100.0
23.912705799972173	73.0	100.0
23.91271649999544	73.0	100.0
23.912726799986558	73.0	100.0
23.92275209998479	73.0	100.0
23.9419950999727	73.0	100.0
23.961606699973345	73.0	100.0
24.01861219998682	73.0	100.0
24.018659299996216	73.0	100.0
24.023805699980585	73.0	100.0
24.04260929999873	73.0	100.0
24.157899199984968	73.0	100.0
24.157927199994447	73.0	100.0
24.157939799973974	73.0	100.0
24.15795709998929	73.0	100.0
24.157983399985824	73.0	100.0
24.162883799988776	73.0	100.0
24.182283999980427	73.0	100.0
24.20244449999882	73.0	100.0
24.2219669999904	73.0	100.0
24.242075999994995	73.0	100.0
24.28423479999765	73.0	100.0
24.28427589999046	73.0	100.0
24.302545299986377	73.0	100.0
24.322233499988215	73.0	100.0
24.34232009999687	73.0	100.0
24.377768399979686	73.0	100.0
24.382231899973704	73.0	100.0
24.40264209997258	73.0	100.0
24.421936399972765	73.0	100.0
24.441995999979554	73.0	100.0
24.480408699979307	73.0	100.0
24.481951699999627	73.0	100.0
24.50200679997215	73.0	100.0
24.522341899981257	73.0	100.0
24.542082999978447	73.0	100.0
24.583550599985756	73.0	100.0
24.58357979997527	73.0	100.0
24.60241049999604	73.0	100.0
24.622483999992255	73.0	100.0
24.644010799995158	74.0	100.0
24.691261399973882	74.0	100.0
24.691301499988185	74.0	100.0
24.70277159998659	74.0	100.0
24.726681699976325	74.0	100.0
24.74221709999256	74.0	100.0
24.790998499986017	74.0	100.0
24.79103279998526	74.0	100.0
24.80267209999147	74.0	100.0
24.82219089998398	74.0	100.0
24.841790699982084	74.0	100.0
24.89035089997924	74.0	100.0
24.890385199978482	74.0	100.0
24.90175900000031	74.0	100.0
24.921665699977893	74.0	100.0
24.94119429998682	74.0	100.0
24.97166459998698	74.0	100.0
24.982294099987485	74.0	100.0
25.00233949997346	74.0	100.0
25.021763500000816	74.0	100.0
25.04605149998679	74.0	100.0
25.06232829997316	74.0	100.0
25.082502499979455	74.0	100.0
25.140281199972378	74.0	100.0
25.140317799989134	74.0	100.0
25.14151149999816	74.0	100.0
25.161981599987485	74.0	100.0
25.280416299996432	74.0	100.0
25.280438599991612	74.0	100.0
25.280447999975877	74.0	100.0
25.280455999978585	74.0	100.0
25.28046369997901	74.0	100.0
25.28193269998883	74.0	100.0
25.302328799996758	74.0	100.0
25.32199089997448	74.0	100.0
25.34209859999828	74.0	100.0
25.362120299978415	74.0	100.0
25.381891899975017	74.0	100.0
25.402413799980422	74.0	100.0
25.447698899981333	74.0	100.0
25.447719699994195	74.0	100.0
25.461510699999053	74.0	100.0
25.58790119999321	74.0	100.0
25.587929799978156	74.0	100.0
25.587941599980695	74.0	100.0
25.587951900000917	74.0	100.0
25.58796319999965	74.0	100.0
25.58797449999838	74.0	100.0
25.602907399996184	74.0	100.0
25.623350399982883	74.0	100.0
25.64288649999071	76.0	100.0
25.662595299974782	76.0	100.0
25.68164969998179	76.0	100.0
25.701836599997478	76.0	100.0
25.75913279998349	76.0	100.0
25.75916319998214	76.0	100.0
25.761201899993466	76.0	100.0
25.781441899976926	76.0	100.0
25.96079379998264	76.0	100.0
25.960815999977058	76.0	100.0
25.960824399982812	76.0	100.0
25.960832199983997	76.0	100.0
25.960840099985944	76.0	100.0
25.960847499984084	76.0	100.0
25.96085529998527	76.0	100.0
25.96086279998417	76.0	100.0
25.961733599979198	76.0	100.0
25.98117529999581	76.0	100.0
26.01660269999411	76.0	100.0
26.02171949998592	76.0	100.0
26.042146499996306	76.0	100.0
26.061774299974786	76.0	100.0
26.08055539999623	76.0	100.0
26.098209799994947	76.0	100.0
26.11813849999453	76.0	100.0
26.13774989999365	76.0	100.0
26.15720479999436	76.0	100.0
26.177562999975635	76.0	100.0
26.21290559999761	76.0	100.0
26.221936199988704	76.0	100.0
26.241683299973374	76.0	100.0
26.26214069998241	76.0	100.0
26.28267179999966	76.0	100.0
26.302245699975174	76.0	100.0
26.322068299981765	76.0	100.0
26.36958849997609	76.0	100.0
26.36961049999809	76.0	100.0
26.382238599995617	76.0	100.0
26.50881679999293	76.0	100.0
26.50883999999496	76.0	100.0
26.508848599973135	76.0	100.0
26.508856599975843	76.0	100.0
26.508864199975505	76.0	100.0
26.508871699974407	76.0	100.0
26.52164019999327	76.0	100.0
26.54151699997601	76.0	100.0
26.562421099981293	76.0	100.0
26.582427999994252	76.0	100.0
26.62383699999191	76.0	100.0
26.62387199999648	76.0	100.0
26.64229599997634	77.0	100.0
26.661991899978602	77.0	100.0
26.681987199990544	77.0	100.0
26.883424399973592	77.0	100.0
26.88345369999297	77.0	100.0
26.88346649997402	77.0	100.0
26.88347729999805	77.0	100.0
26.883488399995258	77.0	100.0
26.883500999974785	77.0	100.0
26.88351239997428	77.0	100.0
26.883523799973773	77.0	100.0
26.88353609998012	77.0	100.0
26.883548299985705	77.0	100.0
26.901965199998813	77.0	100.0
26.927165099972626	77.0	100.0
26.939303899998777	77.0	100.0
26.959975899982965	77.0	100.0
26.990612599998713	77.0	100.0
27.002027899987297	77.0	100.0
27.02220949999173	77.0	100.0
27.042506899975706	77.0	100.0
27.06151659999159	77.0	100.0
27.082487799983937	77.0	100.0
27.10166849999223	77.0	100.0
27.12341409997316	77.0	100.0
27.155273499985924	77.0	100.0
27.1633214999747	77.0	100.0
27.180784299998777	77.0	100.0
27.202097999979742	77.0	100.0
27.220749799977057	77.0	100.0
27.243279899994377	77.0	100.0
27.26080859999638	77.0	100.0
27.281800599972485	77.0	100.0
27.302291799976956	77.0	100.0
27.32148879999295	77.0	100.0
27.34149069999694	77.0	100.0
27.3617588999914	77.0	100.0
27.380547299981117	77.0	100.0
27.401479099993594	77.0	100.0
27.420672699983697	77.0	100.0
27.44132489999174	77.0	100.0
27.46291729999939	77.0	100.0
27.480734399985522	77.0	100.0
27.500670799985528	77.0	100.0
27.52066539999214	77.0	100.0
27.54181179997977	77.0	100.0
27.5625030999945	77.0	100.0
27.581725600000937	77.0	100.0
27.601774399983697	77.0	100.0
27.622322499984875	77.0	100.0
27.64174369999091	77.0	100.0
27.662778799975058	77.0	100.0
27.68151689998922	77.0	100.0
27.701158499985468	77.0	100.0
27.721575399977155	77.0	100.0
27.740698799985694	77.0	100.0
27.761757299973397	77.0	100.0
27.78135469998233	77.0	100.0
27.801058199984254	77.0	100.0
27.821261999983108	77.0	100.0
27.84221269999398	77.0	100.0
27.86063079998712	77.0	100.0
27.882722699985607	77.0	100.0
27.901138899993384	77.0	100.0
27.9208211999794	77.0	100.0
27.940816499991342	77.0	100.0
27.960506499977782	77.0	100.0
27.980789399996866	77.0	100.0
28.00070499998401	77.0	100.0
28.021301000000676	77.0	100.0
28.04035009999643	77.0	100.0
28.060601699980907	77.0	100.0
28.107713799981866	77.0	100.0
28.107742699998198	77.0	100.0
28.12078489997657	77.0	100.0
28.139797699986957	77.0	100.0
28.16375949999201	77.0	100.0
28.180778899986763	77.0	100.0
28.200787899986608	77.0	100.0
28.22035909999977	77.0	100.0
28.240932899992913	77.0	100.0
28.26025789999403	77.0	100.0
28.280610099987825	77.0	100.0
28.300859599985415	77.0	100.0
28.320264699985273	77.0	100.0
28.3407021999883	77.0	100.0
28.36060029998771	77.0	100.0
28.380162899993593	77.0	100.0
28.400671399984276	77.0	100.0
28.420252899988554	77.0	100.0
28.44047399997362	77.0	100.0
28.46023639998748	77.0	100.0
28.480386199982604	77.0	100.0
28.50061759998789	77.0	100.0
28.520190199982608	77.0	100.0
28.540523199975723	77.0	100.0
28.5604218999797	77.0	100.0
28.579535400000168	77.0	100.0
28.60094519998529	77.0	100.0
28.621115699992515	77.0	100.0
28.64436469998327	76.0	100.0
28.660269499989226	76.0	100.0
28.680437999981223	76.0	100.0
28.700340099981986	76.0	100.0
28.720530799997505	76.0	100.0
28.739669899980072	76.0	100.0
28.76024389997474	76.0	100.0
28.780396399990423	76.0	100.0
28.80035889998544	76.0	100.0
28.819993699988117	76.0	100.0
28.84056569999666	76.0	100.0
28.859363499999745	76.0	100.0
28.880709999997634	76.0	100.0
28.900979300000472	76.0	100.0
28.92039649997605	76.0	100.0
28.940285699995002	76.0	100.0
28.960825899994234	76.0	100.0
28.980203899991466	76.0	100.0
29.000523899972904	76.0	100.0
29.019388599990634	76.0	100.0
29.040200599993113	76.0	100.0
29.05955519998679	76.0	100.0
29.08022439997876	76.0	100.0
29.099791399989044	76.0	100.0
29.119737699977122	76.0	100.0
29.139552799984813	76.0	100.0
29.159726199985016	76.0	100.0
29.179538599972147	76.0	100.0
29.20023069999297	76.0	100.0
29.219529899972258	76.0	100.0
29.239973799994914	76.0	100.0
29.259562299994286	76.0	100.0
29.279590899997856	76.0	100.0
29.29914259997895	76.0	100.0
29.319698099978268	76.0	100.0
29.339598999998998	76.0	100.0
29.359385099989595	76.0	100.0
29.38009369999054	76.0	100.0
29.40049969998654	76.0	100.0
29.419996999989962	76.0	100.0
29.44162789999973	76.0	100.0
29.46010979998391	76.0	100.0
29.480070999998134	76.0	100.0
29.50094659999013	76.0	100.0
29.519990099972347	76.0	100.0
29.53972519998206	76.0	100.0
29.55925859999843	76.0	100.0
29.579119599977275	76.0	100.0
29.599705599976005	76.0	100.0
29.619891999987885	76.0	100.0
29.639700399973663	76.0	100.0
29.658863399992697	76.0	100.0
29.679685299983248	76.0	100.0
29.69970819997252	76.0	100.0
29.719417599990265	76.0	100.0
29.73925089999102	76.0	100.0
29.759249599999748	76.0	100.0
29.778631499997573	76.0	100.0
29.80091019999236	76.0	100.0
29.819025599979796	76.0	100.0
29.83864159998484	76.0	100.0
29.85941899998579	76.0	100.0
29.87877309997566	76.0	100.0
29.89990079999552	76.0	100.0
29.920796099992003	76.0	100.0
29.938292999984697	76.0	100.0
29.95894449998741	76.0	100.0
29.979976999980863	76.0	100.0
30.000147399987327	76.0	100.0
30.019540599983884	76.0	100.0
30.0394999999844	76.0	100.0
30.058386599994265	76.0	100.0
30.080129599984502	76.0	100.0
30.099947899987455	76.0	100.0
30.119648099993356	76.0	100.0
30.139522499986924	76.0	100.0
30.159909999987576	76.0	100.0
30.178418199997395	76.0	100.0
30.199720899981912	76.0	100.0
30.218927099980647	76.0	100.0
30.239209499995923	76.0	100.0
30.258540099981474	76.0	100.0
30.2796903999988	76.0	100.0
30.299547699978575	76.0	100.0
30.31921779998811	76.0	100.0
30.339464499993483	76.0	100.0
30.359378399996785	76.0	100.0
30.37940819998039	76.0	100.0
30.40282219997607	76.0	100.0
30.419293699989794	76.0	100.0
30.438927399984095	76.0	100.0
30.45894449998741	76.0	100.0
30.47920509998221	76.0	100.0
30.499620999995386	76.0	100.0
30.51952789997449	76.0	100.0
30.539443099987693	76.0	100.0
30.560802799998783	76.0	100.0
30.578100999991875	76.0	100.0
30.59958129998995	76.0	100.0
30.61944089998724	76.0	100.0
30.639726900000824	75.0	100.0
30.65868509997381	75.0	100.0
30.679945999989286	75.0	100.0
30.699596299993573	75.0	100.0
30.718895699974382	75.0	100.0
30.738632099993993	75.0	100.0
30.759526799985906	75.0	100.0
30.778928199986694	75.0	100.0
30.799438499991084	75.0	100.0
30.81876199998078	75.0	100.0
30.838766799977748	75.0	100.0
30.858597299986286	75.0	100.0
30.879271499987226	75.0	100.0
30.899084899981972	75.0	100.0
30.919616099999985	75.0	100.0
30.938614499988034	75.0	100.0
30.958103599987226	75.0	100.0
30.978015899978345	75.0	100.0
30.998469699989073	75.0	100.0
31.017846899980213	75.0	100.0
31.03827839999576	75.0	100.0
31.058333399996627	75.0	100.0
31.078536099987105	75.0	100.0
31.098482599976705	75.0	100.0
31.11832689997391	75.0	100.0
31.13803370000096	75.0	100.0
31.158528199972352	75.0	100.0
31.178636199998436	75.0	100.0
31.198297599999933	75.0	100.0
31.218078899983084	75.0	100.0
31.239018299995223	75.0	100.0
31.258471999986796	75.0	100.0
31.278506399976322	75.0	100.0
31.299510599987116	75.0	100.0
31.318376399984118	75.0	100.0
31.337931099988054	75.0	100.0
31.35917049998534	75.0	100.0
31.37842599998112	75.0	100.0
31.399183799978346	75.0	100.0
31.418372399988584	75.0	100.0
31.438483399979305	75.0	100.0
31.458971299987752	75.0	100.0
31.478585199976806	75.0	100.0
31.49919589998899	75.0	100.0
31.518712699995376	75.0	100.0
31.53833549999399	75.0	100.0
31.558395799977006	75.0	100.0
31.57861879997654	75.0	100.0
31.59948939998867	75.0	100.0
31.61963959998684	75.0	100.0
31.638656700000865	74.0	100.0
31.65860079997219	74.0	100.0
31.67840759997489	74.0	100.0
31.6983457999886	74.0	100.0
31.719203899992863	74.0	100.0
31.738342699973145	74.0	100.0
31.7589050999959	74.0	100.0
31.778267199988477	74.0	100.0
31.799183399998583	74.0	100.0
31.818453199986834	74.0	100.0
31.84369079998578	74.0	100.0
31.873894699994707	74.0	100.0
31.878808199980995	74.0	100.0
31.898356399993645	74.0	100.0
31.918421399983345	74.0	100.0
31.93861919999472	74.0	100.0
31.95857679998153	74.0	100.0
31.978124799992656	74.0	100.0
31.99922999998671	74.0	100.0
32.021978499979014	74.0	100.0
32.043881699995836	74.0	100.0
32.058483799977694	74.0	100.0
32.07922729998245	74.0	100.0
32.09900759998709	74.0	100.0
32.11900589999277	74.0	100.0
32.13820180000039	74.0	100.0
32.1584928999946	74.0	100.0
32.178799199988134	74.0	100.0
32.19992999997339	74.0	100.0
32.22013319999678	74.0	100.0
32.2391735999845	74.0	100.0
32.25832699998864	74.0	100.0
32.278278899990255	74.0	100.0
32.29832289999467	74.0	100.0
32.31979429998319	74.0	100.0
32.33809109998401	74.0	100.0
32.36056549998466	74.0	100.0
32.378217399993446	74.0	100.0
32.39859859997523	74.0	100.0
32.4237341999833	74.0	100.0
32.43861409998499	74.0	100.0
32.45861409997451	74.0	100.0
32.47831849998329	74.0	100.0
32.49828789997264	74.0	100.0
32.51850789997843	74.0	100.0
32.53875799998059	74.0	100.0
32.55959879999864	74.0	100.0
32.5784514999832	74.0	100.0
32.59882059998927	74.0	100.0
32.6196008999832	74.0	100.0
32.640623899991624	73.0	100.0
32.6587660999794	73.0	100.0
32.678371499991044	73.0	100.0
32.698318699985975	73.0	100.0
32.718094599986216	73.0	100.0
32.73806179998792	73.0	100.0
32.75806599998032	73.0	100.0
32.777674099983415	73.0	100.0
32.7984002000012	73.0	100.0
32.81782459997339	73.0	100.0
32.8380574999901	73.0	100.0
32.85802699998021	73.0	100.0
32.87770769998315	73.0	100.0
32.89783249999164	73.0	100.0
32.91833299997961	73.0	100.0
32.938449299981585	73.0	100.0
32.95791889997781	73.0	100.0
32.978361099987524	73.0	100.0
32.99863389998791	73.0	100.0
33.02282079998986	73.0	100.0
33.04043179997825	73.0	100.0
33.057603199995356	73.0	100.0
33.07858699999633	73.0	100.0
33.09939749998739	73.0	100.0
33.11865979997674	73.0	100.0
33.1384340999939	73.0	100.0
33.15879029998905	73.0	100.0
33.17769519999274	73.0	100.0
33.198329199978616	73.0	100.0
33.217733699973905	73.0	100.0
33.237933199998224	73.0	100.0
33.257927999977255	73.0	100.0
33.277963199972874	73.0	100.0
33.297590199974366	73.0	100.0
33.31777979998151	73.0	100.0
33.33739319999586	73.0	100.0
33.35765539997374	73.0	100.0
33.37777880000067	73.0	100.0
33.398230299993884	73.0	100.0
33.417496299982304	73.0	100.0
33.437914099980844	73.0	100.0
33.45776130000013	73.0	100.0
33.477892799972324	73.0	100.0
33.49761939997552	73.0	100.0
33.51757849997375	73.0	100.0
33.537916499975836	73.0	100.0
33.560631199972704	73.0	100.0
33.577927599981194	73.0	100.0
33.59918019999168	73.0	100.0
33.6177240999823	73.0	100.0
33.63880389998667	73.0	100.0
33.65776879998157	73.0	100.0
33.677952899975935	73.0	100.0
33.69823339997674	73.0	100.0
33.71838149998803	73.0	100.0
33.73798619999434	73.0	100.0
33.758371899981285	73.0	100.0
33.77842999997665	73.0	100.0
33.79826260000118	73.0	100.0
33.81798829999752	73.0	100.0
33.83817859998089	73.0	100.0
33.85788619998493	73.0	100.0
33.878379899979336	73.0	100.0
33.8982299999916	73.0	100.0
33.918240399973	73.0	100.0
33.9390075999836	73.0	100.0
33.95832359997439	73.0	100.0
33.98252569997567	73.0	100.0
33.99860979997902	73.0	100.0
34.0178282999841	73.0	100.0
34.038056999997934	73.0	100.0
34.057691299996804	73.0	100.0
34.07841879999614	73.0	100.0
34.09817589999875	73.0	100.0
34.117308099986985	73.0	100.0
34.13739949997398	73.0	100.0
34.157466299977386	73.0	100.0
34.178208400000585	73.0	100.0
34.19825249997666	73.0	100.0
34.2177274999849	73.0	100.0
34.237870399985695	73.0	100.0
34.25817679997999	73.0	100.0
34.27816729998449	73.0	100.0
34.29819750000024	73.0	100.0
34.31829999998445	73.0	100.0
34.33767009997973	73.0	100.0
34.35779199999524	73.0	100.0
34.377682099991944	73.0	100.0
34.39807409999776	73.0	100.0
34.41811059997417	73.0	100.0
34.43742479998036	73.0	100.0
34.457705599983456	73.0	100.0
34.47823189999326	73.0	100.0
34.49821829999564	73.0	100.0
34.51761009998154	73.0	100.0
34.53779089997988	73.0	100.0
34.557836599997245	73.0	100.0
34.577229299989995	73.0	100.0
34.59844269999303	73.0	100.0
34.617744599992875	73.0	100.0
34.63827869997476	73.0	100.0
34.657838799990714	73.0	100.0
34.67881309997756	73.0	100.0
34.69777869997779	73.0	100.0
34.71740460000001	73.0	100.0
34.73784259997774	73.0	100.0
34.757494999998016	73.0	100.0
34.77703329999349	73.0	100.0
34.7982759999868	73.0	100.0
34.81719699999667	73.0	100.0
34.83803429998807	73.0	100.0
34.85779899999034	73.0	100.0
34.87840309998137	73.0	100.0
34.89793629999622	73.0	100.0
34.917975099990144	73.0	100.0
34.93784649998997	73.0	100.0
34.95774659997551	73.0	100.0
34.97779029997764	73.0	100.0
34.997907899989514	73.0	100.0
35.01784129999578	73.0	100.0
35.038076599972555	73.0	100.0
35.06165439999313	73.0	100.0
35.07846169997356	73.0	100.0
35.097921399981715	73.0	100.0
35.11776059999829	73.0	100.0
35.13737159999437	73.0	100.0
35.157814499980304	73.0	100.0
35.17741499998374	73.0	100.0
35.19825669997954	73.0	100.0
35.21752779997769	73.0	100.0
35.23771429999033	73.0	100.0
35.25857769997674	73.0	100.0
35.27727659998345	73.0	100.0
35.29741539998213	73.0	100.0
35.317443799984176	73.0	100.0
35.337557499995455	73.0	100.0
35.35761729997466	73.0	100.0
35.377559099986684	73.0	100.0
35.39775379997445	73.0	100.0
35.417532499996014	73.0	100.0
35.437521999992896	73.0	100.0
35.45775639999192	73.0	100.0
35.47756979998667	73.0	100.0
35.497985699999845	73.0	100.0
35.51783759999671	73.0	100.0
35.53805749997264	73.0	100.0
35.55753079999704	73.0	100.0
35.57746489997953	73.0	100.0
35.598133899999084	73.0	100.0
35.61793719997513	73.0	100.0
35.63783870000043	73.0	100.0
35.657646999985445	73.0	100.0
35.67784879999817	73.0	100.0
35.69766659999732	73.0	100.0
35.71781169998576	73.0	100.0
35.73731839997345	73.0	100.0
35.75717289999011	73.0	100.0
35.776813699980266	73.0	100.0
35.79789239997626	73.0	100.0
35.8169060999935	73.0	100.0
35.83743599997251	73.0	100.0
35.85651329997927	73.0	100.0
35.876548899977934	73.0	100.0
35.89651059999596	73.0	100.0
35.916598799987696	73.0	100.0
35.93663439998636	73.0	100.0
35.9566415999725	73.0	100.0
35.976577099994756	73.0	100.0
35.996571499999845	73.0	100.0
36.01688299997477	73.0	100.0
36.0373121999728	73.0	100.0
36.06237379999948	73.0	100.0
36.07712719999836	73.0	100.0
36.09746379998978	73.0	100.0
36.11665179999545	73.0	100.0
36.13650929997675	73.0	100.0
36.156773999973666	73.0	100.0
36.17426169998362	73.0	100.0
36.19385239999974	73.0	100.0
36.21470379998209	73.0	100.0
36.23367549999966	73.0	100.0
36.25393109998549	73.0	100.0
36.27663209999446	73.0	100.0
36.29660009997315	73.0	100.0
36.317107199982274	73.0	100.0
36.33651129997452	73.0	100.0
36.35652339999797	73.0	100.0
36.375704799982486	73.0	100.0
36.3973523999739	73.0	100.0
36.416446799994446	73.0	100.0
36.43620849997387	73.0	100.0
36.45645669999067	73.0	100.0
36.47619359998498	73.0	100.0
36.49637839998468	73.0	100.0
36.515442599978996	73.0	100.0
36.53579099997296	73.0	100.0
36.55954769998789	73.0	100.0
36.57550049998099	73.0	100.0
36.59676749998471	73.0	100.0
36.616125000000466	73.0	100.0
36.63671439999598	73.0	100.0
36.65658189999522	73.0	100.0
36.6763312999974	73.0	100.0
36.69512199997553	73.0	100.0
36.71612259998801	73.0	100.0
36.7347485999926	73.0	100.0
36.756531299994094	73.0	100.0
36.77621339997859	73.0	100.0
36.79268489999231	73.0	100.0
36.81161639999482	73.0	100.0
36.83168469998054	73.0	100.0
36.854164599993965	73.0	100.0
36.87244069998269	73.0	100.0
36.89177099999506	73.0	100.0
36.91094449997763	73.0	100.0
36.93092969999998	73.0	100.0
36.950569699984044	73.0	100.0
36.97033869998995	73.0	100.0
36.99090979999164	73.0	100.0
37.0108043999935	73.0	100.0
37.0322729999898	73.0	100.0
37.05369169998448	73.0	100.0
37.07415349999792	73.0	100.0
37.095044599991525	73.0	100.0
37.11481139998068	73.0	100.0
37.13567999997758	73.0	100.0
37.15297749999445	73.0	100.0
37.17642699999851	73.0	100.0
37.19613749999553	73.0	100.0
37.215743499982636	73.0	100.0
37.236028399987845	73.0	100.0
37.255616699985694	73.0	100.0
37.27601789997425	73.0	100.0
37.29604099999415	73.0	100.0
37.31583979999414	73.0	100.0
37.33593189998646	73.0	100.0
37.35602489998564	73.0	100.0
37.375516499974765	73.0	100.0
37.39597429998685	73.0	100.0
37.41584549998515	73.0	100.0
37.435713999992004	73.0	100.0
37.45556949998718	73.0	100.0
37.47584159998223	73.0	100.0
37.49578299999121	73.0	100.0
37.51542559999507	73.0	100.0
37.53535799999372	73.0	100.0
37.55515390000073	73.0	100.0
37.5752300999884	73.0	100.0
37.596530199982226	73.0	100.0
37.61514179999358	73.0	100.0
37.635281199996825	72.0	100.0
37.656122899992624	72.0	100.0
37.671863699972164	72.0	100.0
37.69539029998123	72.0	100.0
37.71622319999733	72.0	100.0
37.73602129999199	72.0	100.0
37.7563687999791	72.0	100.0
37.77589169997373	72.0	100.0
37.79621010000119	72.0	100.0
37.81569769998896	72.0	100.0
37.83604499997455	72.0	100.0
37.86300429998664	72.0	100.0
37.875679399992805	72.0	100.0
37.89646499999799	72.0	100.0
37.91597360000014	72.0	100.0
37.93570709999767	72.0	100.0
37.95532290000119	72.0	100.0
37.975120599992806	72.0	100.0
37.99632579999161	72.0	100.0
38.015853699995205	72.0	100.0
38.03536650000024	72.0	100.0
38.0551738999784	72.0	100.0
38.07585479997215	72.0	100.0
38.095849299978	72.0	100.0
38.11546709999675	72.0	100.0
38.13525559997652	72.0	100.0
38.15561289998004	72.0	100.0
38.175540099997306	72.0	100.0
38.193860299972584	72.0	100.0
38.21426869998686	72.0	100.0
38.23532109998632	72.0	100.0
38.25670309999259	72.0	100.0
38.27546169998823	72.0	100.0
38.29540089998045	72.0	100.0
38.315374999976484	72.0	100.0
38.33550329998252	72.0	100.0
38.35544139999547	72.0	100.0
38.375240599998506	72.0	100.0
38.39597689997754	72.0	100.0
38.415468999999575	72.0	100.0
38.435515399993164	72.0	100.0
38.457039899978554	72.0	100.0
38.47415850000107	72.0	100.0
38.49440019999747	72.0	100.0
38.515144499979215	72.0	100.0
38.53407519997563	72.0	100.0
38.55510800000047	72.0	100.0
38.57422270000097	72.0	100.0
38.59551039998769	72.0	100.0
38.61534910000046	72.0	100.0
38.635101099993335	72.0	100.0
38.6543657000002	72.0	100.0
38.67438479998964	72.0	100.0
38.695066799991764	72.0	100.0
38.71410479999031	72.0	100.0
38.73468949997914	72.0	100.0
38.75536149999243	72.0	100.0
38.775067999988096	72.0	100.0
38.79601029999321	72.0	100.0
38.815377199993236	72.0	100.0
38.83445879997453	72.0	100.0
38.85480319999624	72.0	100.0
38.87544199998956	72.0	100.0
38.894262699992396	72.0	100.0
38.91504199997871	72.0	100.0
38.93423009998514	72.0	100.0
38.95419279998168	72.0	100.0
38.974884999974165	72.0	100.0
38.995398399973055	72.0	100.0
39.01410779997241	72.0	100.0
39.03577449999284	72.0	100.0
39.05443849999574	72.0	100.0
39.07402409997303	72.0	100.0
39.09515619999729	72.0	100.0
39.115210299991304	72.0	100.0
39.13524479998159	72.0	100.0
39.15540579997469	72.0	100.0
39.17458849999821	72.0	100.0
39.195865199988475	72.0	100.0
39.215239399985876	72.0	100.0
39.235216000000946	72.0	100.0
39.25503029997344	72.0	100.0
39.27540119999321	72.0	100.0
39.29503339997609	72.0	100.0
39.31552149998606	72.0	100.0
39.335460399976	72.0	100.0
39.355199499987066	72.0	100.0
39.37499499999103	72.0	100.0
39.39628289997927	72.0	100.0
39.41440359997796	72.0	100.0
39.43455219999305	72.0	100.0
39.454057199996896	72.0	100.0
39.47396859998116	72.0	100.0
39.494489899982	72.0	100.0
39.51418149998062	72.0	100.0
39.53402049999568	72.0	100.0
39.55650999999489	72.0	100.0
39.57411799998954	72.0	100.0
39.594948999991175	72.0	100.0
39.61464669997804	72.0	100.0
39.63504860000103	71.0	100.0
39.65408929999103	71.0	100.0
39.67424279998522	71.0	100.0
39.69607899998664	71.0	100.0
39.71421899998677	71.0	100.0
39.73403099999996	71.0	100.0
39.7551915999793	71.0	100.0
39.77472369998577	71.0	100.0
39.795435999985784	71.0	100.0
39.814160099980654	71.0	100.0
39.83416519997991	71.0	100.0
39.85357579999254	71.0	100.0
39.874173299991526	71.0	100.0
39.8941133999906	71.0	100.0
39.914242200000444	71.0	100.0
39.934615199978	71.0	100.0
39.953659799997695	71.0	100.0
39.975700299983146	71.0	100.0
39.99481479998212	71.0	100.0
40.01417319997563	71.0	100.0
40.034084299986716	71.0	100.0
40.05393799999729	71.0	100.0
40.07455159997335	71.0	100.0
40.09409169998253	71.0	100.0
40.114237399975536	71.0	100.0
40.13361069999519	71.0	100.0
40.1541969999962	71.0	100.0
40.173467599990545	71.0	100.0
40.19423329998972	71.0	100.0
40.213775499985786	71.0	100.0
40.23347769997781	71.0	100.0
40.25346229999559	71.0	100.0
40.273996899981285	71.0	100.0
40.29410239998833	71.0	100.0
40.31421409998438	71.0	100.0
40.33358939999016	71.0	100.0
40.354079399985494	71.0	100.0
40.373906399996486	71.0	100.0
40.39409549999982	71.0	100.0
40.41545119998045	71.0	100.0
40.43406679999316	71.0	100.0
40.453610099997604	71.0	100.0
40.47385270000086	71.0	100.0
40.49408259999473	71.0	100.0
40.5138490999816	71.0	100.0
40.53356789998361	71.0	100.0
40.55366159998812	71.0	100.0
40.57352519998676	71.0	100.0
40.594394499988994	71.0	100.0
40.613896199996816	71.0	100.0
40.63390559999971	71.0	100.0
40.65366639997228	71.0	100.0
40.67361649998929	71.0	100.0
40.69365969998762	71.0	100.0
40.71426519998931	71.0	100.0
40.73383319997811	71.0	100.0
40.753632599982666	71.0	100.0
40.773582399997395	71.0	100.0
40.79396759998053	71.0	100.0
40.81369779998204	71.0	100.0
40.83363959999406	71.0	100.0
40.853428099973826	71.0	100.0
40.873542399989674	71.0	100.0
40.89375819999259	71.0	100.0
40.91385509999236	71.0	100.0
40.93333729999722	71.0	100.0
40.9537505999906	71.0	100.0
40.973346799990395	71.0	100.0
40.993757799995365	71.0	100.0
41.01343509997241	71.0	100.0
41.03336539998418	71.0	100.0
41.05351719999453	71.0	100.0
41.07354669997585	71.0	100.0
41.09361459998763	71.0	100.0
41.11353259999305	71.0	100.0
41.13333839998813	71.0	100.0
41.15346659999341	71.0	100.0
41.173704799992265	71.0	100.0
41.19409789997735	71.0	100.0
41.21339309998439	71.0	100.0
41.23352439998416	71.0	100.0
41.25385399998049	71.0	100.0
41.27397259999998	71.0	100.0
41.2939664000005	71.0	100.0
41.31392629997572	71.0	100.0
41.33448269998189	71.0	100.0
41.352878799982136	71.0	100.0
41.37270979999448	71.0	100.0
41.39355939999223	71.0	100.0
41.4134073999885	71.0	100.0
41.43415180000011	71.0	100.0
41.453469599975506	71.0	100.0
41.47372639999958	71.0	100.0
41.49288649999653	71.0	100.0
41.513842199987266	71.0	100.0
41.53356439998606	71.0	100.0
41.554009699990274	71.0	100.0
41.57359989997349	71.0	100.0
41.59364559999085	71.0	100.0
41.6144524999836	71.0	100.0
41.63425009997445	71.0	100.0
41.65343109998503	71.0	100.0
41.67387629998848	71.0	100.0
41.69391089997953	71.0	100.0
41.713874699984444	71.0	100.0
41.73355279999669	71.0	100.0
41.7535178999824	71.0	100.0
41.772950899990974	71.0	100.0
41.7934817999776	71.0	100.0
41.81342510000104	71.0	100.0
41.83371889998671	71.0	100.0
41.85370689997217	71.0	100.0
41.87336259998847	71.0	100.0
41.892906099994434	71.0	100.0
41.91389089997392	71.0	100.0
41.93343449998065	71.0	100.0
41.95400279999012	71.0	100.0
41.97378439997556	71.0	100.0
41.99380269998801	71.0	100.0
42.0129124999803	71.0	100.0
42.03390149999177	71.0	100.0
42.05371379997814	71.0	100.0
42.07372839999152	71.0	100.0
42.09340489999158	71.0	100.0
42.10991409997223	71.0	100.0
42.133180799981346	71.0	100.0
42.15362919998006	71.0	100.0
42.17389799997909	71.0	100.0
42.194010799983516	71.0	100.0
42.212580499995966	71.0	100.0
42.233701699995436	71.0	100.0
42.25402019999456	71.0	100.0
42.28075589999207	71.0	100.0
42.29380559999845	71.0	100.0
42.31353539999691	71.0	100.0
42.33337029998074	71.0	100.0
42.35347360000014	71.0	100.0
42.37371459999122	71.0	100.0
42.39409539999906	71.0	100.0
42.41342409999925	71.0	100.0
42.43341349999537	71.0	100.0
42.45343329999014	71.0	100.0
42.4739741999947	71.0	100.0
42.49339349998627	71.0	100.0
42.513810299977195	71.0	100.0
42.53358279998065	71.0	100.0
42.55556359997718	71.0	100.0
42.57375059998594	71.0	100.0
42.594192999997176	71.0	100.0
42.61358399997698	71.0	100.0
42.6341526999895	72.0	100.0
42.653670200001216	72.0	100.0
42.67349379998632	72.0	100.0
42.693861699983245	72.0	100.0
42.7131107999885	72.0	100.0
42.73362919999636	72.0	100.0
42.75384619997931	72.0	100.0
42.773409299989	72.0	100.0
42.79379830000107	72.0	100.0
42.81330389998038	72.0	100.0
42.83337829998345	72.0	100.0
42.852672599983634	72.0	100.0
42.873985799989896	72.0	100.0
42.892806899995776	72.0	100.0
42.91299609999987	72.0	100.0
42.93293509999057	72.0	100.0
42.95246739999857	72.0	100.0
42.972944399982225	72.0	100.0
42.99320699999225	72.0	100.0
43.01253189999261	72.0	100.0
43.03269069999806	72.0	100.0
43.053046199987875	72.0	100.0
43.07321149998461	72.0	100.0
43.093649699992966	72.0	100.0
43.113498799997615	72.0	100.0
43.133184499980416	72.0	100.0
43.15329789998941	72.0	100.0
43.17484249998233	72.0	100.0
43.19354619999649	72.0	100.0
43.21342689997982	72.0	100.0
43.23352399998112	72.0	100.0
43.25249189999886	72.0	100.0
43.27375769999344	72.0	100.0
43.29316779997316	72.0	100.0
43.31335979999858	72.0	100.0
43.332450499990955	72.0	100.0
43.35270329998457	72.0	100.0
43.372484699997585	72.0	100.0
43.39275039997301	72.0	100.0
43.413512099999934	72.0	100.0
43.43273689999478	72.0	100.0
43.45256179998978	72.0	100.0
43.4724621999776	72.0	100.0
43.492520799976774	72.0	100.0
43.513249099982204	72.0	100.0
43.53248039999744	72.0	100.0
43.55245849999483	72.0	100.0
43.57253249999485	72.0	100.0
43.59382739997818	72.0	100.0
43.61340449997806	72.0	100.0
43.63338769998518	73.0	100.0
43.65305829999852	73.0	100.0
43.67316569999093	73.0	100.0
43.69325719997869	73.0	100.0
43.71319029998267	73.0	100.0
43.73265479999827	73.0	100.0
43.75325499998871	73.0	100.0
43.77483339997707	73.0	100.0
43.79318809998222	73.0	100.0
43.81268779997481	73.0	100.0
43.833362299978035	73.0	100.0
43.852273899974534	73.0	100.0
43.872502499987604	73.0	100.0
43.89304229998379	73.0	100.0
43.912439699983224	73.0	100.0
43.93224460000056	73.0	100.0
43.952529699978186	73.0	100.0
43.972177199990256	73.0	100.0
43.992222199973185	73.0	100.0
44.01225059997523	73.0	100.0
44.03236240000115	73.0	100.0
44.04954739997629	73.0	100.0
44.06817189999856	73.0	100.0
44.08797379999305	73.0	100.0
44.108619499980705	73.0	100.0
44.128649399994174	73.0	100.0
44.149318499985384	73.0	100.0
44.17015279998304	73.0	100.0
44.19130479998421	73.0	100.0
44.211842299991986	73.0	100.0
44.23321119998582	73.0	100.0
44.252290299977176	73.0	100.0
44.27246069998364	73.0	100.0
44.29239499999676	73.0	100.0
44.31326369999442	73.0	100.0
44.33244699999341	73.0	100.0
44.352711099985754	73.0	100.0
44.372428599977866	73.0	100.0
44.392409499996575	73.0	100.0
44.412319799972465	73.0	100.0
44.43243399998755	73.0	100.0
44.45224439998856	73.0	100.0
44.47246289998293	73.0	100.0
44.49246719997609	73.0	100.0
44.512351599987596	73.0	100.0
44.532069499982754	73.0	100.0
44.55249639999238	73.0	100.0
44.572118699987186	73.0	100.0
44.593872899975395	73.0	100.0
44.61541589998524	73.0	100.0
44.633289599994896	74.0	100.0
44.65247629999067	74.0	100.0
44.673287499987055	74.0	100.0
44.69295699999202	74.0	100.0
44.71363199999905	74.0	100.0
44.73227670000051	74.0	100.0
44.75504269998055	74.0	100.0
44.772387699980754	74.0	100.0
44.793436199979624	74.0	100.0
44.81223519999185	74.0	100.0
44.83435509999981	74.0	100.0
44.85247199999867	74.0	100.0
44.87276629998814	74.0	100.0
44.89164429999073	74.0	100.0
44.91222800000105	74.0	100.0
44.93199809998623	74.0	100.0
44.95247449999442	74.0	100.0
44.973278999998	74.0	100.0
44.99262049997924	74.0	100.0
45.01246229998651	74.0	100.0
45.032562499982305	74.0	100.0
45.05225429998245	74.0	100.0
45.07384969998384	74.0	100.0
45.09242339999764	74.0	100.0
45.11242069999571	74.0	100.0
45.1324476999871	74.0	100.0
45.15213919998496	74.0	100.0
45.171867199998815	74.0	100.0
45.19303639998543	74.0	100.0
45.21242249998613	74.0	100.0
45.23215749999508	74.0	100.0
45.25180779999937	74.0	100.0
45.272293599991826	74.0	100.0
45.29205409999122	74.0	100.0
45.31209099999978	74.0	100.0
45.33228319999762	74.0	100.0
45.3523885999748	74.0	100.0
45.37212359998375	74.0	100.0
45.39241219998803	74.0	100.0
45.41193649999332	74.0	100.0
45.43198869997286	74.0	100.0
45.452124899980845	74.0	100.0
45.47201599998516	74.0	100.0
45.49206399999093	74.0	100.0
45.51214859998436	74.0	100.0
45.532878999976674	74.0	100.0
45.553538499982096	74.0	100.0
45.574341699975776	74.0	100.0
45.59223059998476	74.0	100.0
45.61302789999172	74.0	100.0
45.63384959998075	75.0	100.0
45.652511699998286	75.0	100.0
45.672405499994056	75.0	100.0
45.69239499999094	75.0	100.0
45.712520699977176	75.0	100.0
45.73255839999183	75.0	100.0
45.75244459998794	75.0	100.0
45.77221830000053	75.0	100.0
45.79240709997248	75.0	100.0
45.81196579997777	75.0	100.0
45.83182619998115	75.0	100.0
45.851559399976395	75.0	100.0
45.87243049999233	75.0	100.0
45.89210299999104	75.0	100.0
45.91205019998597	75.0	100.0
45.93202479998581	75.0	100.0
45.95243349997327	75.0	100.0
45.97242349997396	75.0	100.0
45.992437799985055	75.0	100.0
46.01159929999267	75.0	100.0
46.03222619998269	75.0	100.0
46.05218439997407	75.0	100.0
46.07218920000014	75.0	100.0
46.09136649998254	75.0	100.0
46.11170029998175	75.0	100.0
46.1312696999812	75.0	100.0
46.1520386999764	75.0	100.0
46.17160919998423	75.0	100.0
46.19231379998382	75.0	100.0
46.21121839998523	75.0	100.0
46.23237299997709	75.0	100.0
46.25125019997358	75.0	100.0
46.2723453999788	75.0	100.0
46.29231069999514	75.0	100.0
46.31155789998593	75.0	100.0
46.331462599977385	75.0	100.0
46.35219509998569	75.0	100.0
46.37158669999917	75.0	100.0
46.39253689997713	75.0	100.0
46.41195009998046	75.0	100.0
46.43140659999335	75.0	100.0
46.4512732999865	75.0	100.0
46.47223379998468	75.0	100.0
46.49201789998915	75.0	100.0
46.51203069998883	75.0	100.0
46.531317199987825	75.0	100.0
46.55168799997773	75.0	100.0
46.57182219999959	75.0	100.0
46.59303999997792	75.0	100.0
46.61339409998618	75.0	100.0
46.63112799997907	75.0	100.0
46.65182279999135	75.0	100.0
46.67250929999864	75.0	100.0
46.692425199988065	75.0	100.0
46.7124318999995	75.0	100.0
46.73219309997512	75.0	100.0
46.75238979997812	75.0	100.0
46.77251549999346	75.0	100.0
46.79359359998489	75.0	100.0
46.81217949997517	75.0	100.0
46.83240259997547	75.0	100.0
46.85226329998113	75.0	100.0
46.8734328999999	75.0	100.0
46.89224339998327	75.0	100.0
46.91259139997419	75.0	100.0
46.93213869997999	75.0	100.0
46.952231599978404	75.0	100.0
46.97132729997975	75.0	100.0
46.991596499981824	75.0	100.0
47.012034299987135	75.0	100.0
47.03242319999845	75.0	100.0
47.051591700001154	75.0	100.0
47.072220999980345	75.0	100.0
47.09277699998347	75.0	100.0
47.11256989999674	75.0	100.0
47.13223289998132	75.0	100.0
47.15208059997531	75.0	100.0
47.1718022999994	75.0	100.0
47.19247289997293	75.0	100.0
47.21221439997316	75.0	100.0
47.2321915999928	75.0	100.0
47.251972399972146	75.0	100.0
47.27227019998827	75.0	100.0
47.29202369999257	75.0	100.0
47.312602599995444	75.0	100.0
47.33022629999323	75.0	100.0
47.35205029998906	75.0	100.0
47.3718706999789	75.0	100.0
47.392220299982	75.0	100.0
47.41170379999676	75.0	100.0
47.432241699978476	75.0	100.0
47.45164809998823	75.0	100.0
47.47189190000063	75.0	100.0
47.4922821999935	75.0	100.0
47.512073399993824	75.0	100.0
47.53158129999065	75.0	100.0
47.55217099998845	75.0	100.0
47.57132439999259	75.0	100.0
47.591629199974705	75.0	100.0
47.612447799998336	75.0	100.0
47.63241529997322	77.0	100.0
47.65195609998773	77.0	100.0
47.6724591999955	77.0	100.0
47.69168789999094	77.0	100.0
47.712428699975135	77.0	100.0
47.732388299977174	77.0	100.0
47.7523927000002	77.0	100.0
47.7720915999962	77.0	100.0
47.792073099990375	77.0	100.0
47.8118981999869	77.0	100.0
47.83190929997363	77.0	100.0
47.85228989997995	77.0	100.0
47.87184709997382	77.0	100.0
47.89217189999181	77.0	100.0
47.91204269998707	77.0	100.0
47.931459599989466	77.0	100.0
47.951868499978445	77.0	100.0
47.97194819999277	77.0	100.0
47.993028599972604	77.0	100.0
48.011664299992844	77.0	100.0
48.03162319998955	77.0	100.0
48.05178629999864	77.0	100.0
48.07192569997278	77.0	100.0
48.09277550000115	77.0	100.0
48.11178199999267	77.0	100.0
48.131924899993464	77.0	100.0
48.15189489998738	77.0	100.0
48.171759799995925	77.0	100.0
48.190260199975455	77.0	100.0
48.2084513999871	77.0	100.0
48.231138699979056	77.0	100.0
48.25170019999496	77.0	100.0
48.272475199977634	77.0	100.0
48.29261529998621	77.0	100.0
48.312373599997954	77.0	100.0
48.331933899986325	77.0	100.0
48.352084699989064	77.0	100.0
48.37180619998253	77.0	100.0
48.39253079998889	77.0	100.0
48.41161449998617	77.0	100.0
48.431773099990096	77.0	100.0
48.45156049999059	77.0	100.0
48.47183729999233	77.0	100.0
48.492077699978836	77.0	100.0
48.512078199972166	77.0	100.0
48.53171109998948	77.0	100.0
48.553272899996955	77.0	100.0
48.57157849997748	77.0	100.0
48.592390399979195	77.0	100.0
48.61321909999242	77.0	100.0
48.632411399972625	78.0	100.0
48.652080399973784	78.0	100.0
48.671924399997806	78.0	100.0
48.69260579999536	78.0	100.0
48.71160519999103	78.0	100.0
48.729625699983444	78.0	100.0
48.75228399998741	78.0	100.0
48.77203289998579	78.0	100.0
48.7925164999906	78.0	100.0
48.81218939999235	78.0	100.0
48.832164399995236	78.0	100.0
48.85154849998071	78.0	100.0
48.871340299985604	78.0	100.0
48.891866199992364	78.0	100.0
48.91204879997531	78.0	100.0
48.9318413999863	78.0	100.0
48.951803899981314	78.0	100.0
48.971254399977624	78.0	100.0
48.99218229998951	78.0	100.0
49.01166279998142	78.0	100.0
49.03205660000094	78.0	100.0
49.05249289999483	78.0	100.0
49.071181799983606	78.0	100.0
49.091435699985595	78.0	100.0
49.112436600000365	78.0	100.0
49.131985099986196	78.0	100.0
49.15214120000019	78.0	100.0
49.17209809998167	78.0	100.0
49.190645399998175	78.0	100.0
49.21237689998816	78.0	100.0
49.23243829997955	78.0	100.0
49.25177779997466	78.0	100.0
49.2724132000003	78.0	100.0
49.29316859997925	78.0	100.0
49.311678300000494	78.0	100.0
49.33203709998634	78.0	100.0
49.3520946999779	78.0	100.0
49.37127999999211	78.0	100.0
49.392033099982655	78.0	100.0
49.411474599997746	78.0	100.0
49.431670699996175	78.0	100.0
49.45006719999947	78.0	100.0
49.471959299989976	78.0	100.0
49.49146039999323	78.0	100.0
49.511464399984106	78.0	100.0
49.53179649999947	78.0	100.0
49.551282199972775	78.0	100.0
49.57193939998979	78.0	100.0
49.59168219999992	78.0	100.0
49.61204689997248	78.0	100.0
49.63195789998281	78.0	100.0
49.65154819999589	78.0	100.0
49.671160199999576	78.0	100.0
49.69120559998555	78.0	100.0
49.712042200000724	78.0	100.0
49.731998499977635	78.0	100.0
49.75216599999112	78.0	100.0
49.77133099999628	78.0	100.0
49.79191249998985	78.0	100.0
49.81126389998826	78.0	100.0
49.83220169998822	78.0	100.0
49.85124699998414	78.0	100.0
49.871437299996614	78.0	100.0
49.89189790000091	78.0	100.0
49.91127699997742	78.0	100.0
49.93115519999992	78.0	100.0
49.9520724999893	78.0	100.0
49.97133199998643	78.0	100.0
49.99233789998107	78.0	100.0
50.01140379998833	78.0	100.0
50.03174849998322	78.0	100.0
50.051517699990654	78.0	100.0
50.072152099979576	78.0	100.0
50.09188209997956	78.0	100.0
50.1116434999858	78.0	100.0
50.13183359999675	78.0	100.0
50.15161589998752	78.0	100.0
50.17136509998818	78.0	100.0
50.19215949997306	78.0	100.0
50.21267859998625	78.0	100.0
50.23248889998649	78.0	100.0
50.25222689998918	78.0	100.0
50.27247549997992	78.0	100.0
50.29164129999117	78.0	100.0
50.311602899979334	78.0	100.0
50.331388299993705	78.0	100.0
50.35191609998583	78.0	100.0
50.372137099999236	78.0	100.0
50.39239609998185	78.0	100.0
50.4120477999968	78.0	100.0
50.432408900000155	78.0	100.0
50.452230700000655	78.0	100.0
50.47190259999479	78.0	100.0
50.494247999973595	78.0	100.0
50.512474599992856	78.0	100.0
50.53203079997911	78.0	100.0
50.55243379998137	78.0	100.0
50.57164399998146	78.0	100.0
50.592399199987995	78.0	100.0
50.612856299994746	78.0	100.0
50.632494899997255	79.0	100.0
50.652741699974285	79.0	100.0
50.67245719998027	79.0	100.0
50.6917681999912	79.0	100.0
50.71245500000077	79.0	100.0
50.73201859998517	79.0	100.0
50.751882499986095	79.0	100.0
50.77172259998042	79.0	100.0
50.79253919998882	79.0	100.0
50.811669599992456	79.0	100.0
50.83172869999544	79.0	100.0
50.85181549997651	79.0	100.0
50.871950499975355	79.0	100.0
50.891809199994896	79.0	100.0
50.9148836999957	79.0	100.0
50.93173199999728	79.0	100.0
50.95159369998146	79.0	100.0
50.97175029999926	79.0	100.0
50.99192000000039	79.0	100.0
51.01195669997833	79.0	100.0
51.032104299985804	79.0	100.0
51.05089349998161	79.0	100.0
51.07216039998457	79.0	100.0
51.09250279999105	79.0	100.0
51.11236149998149	79.0	100.0
51.131997599994065	79.0	100.0
51.151986299984856	79.0	100.0
51.17134599998826	79.0	100.0
51.19268309997278	79.0	100.0
51.21189619999495	79.0	100.0
51.231755899993004	79.0	100.0
51.25126399999135	79.0	100.0
51.27195579998079	79.0	100.0
51.29135219997261	79.0	100.0
51.31115339999087	79.0	100.0
51.331617299991194	79.0	100.0
51.35162689999561	79.0	100.0
51.37137199999415	79.0	100.0
51.39213899997412	79.0	100.0
51.41146789997583	79.0	100.0
51.43090149998898	79.0	100.0
51.45139189998736	79.0	100.0
51.472116399992956	79.0	100.0
51.49161169998115	79.0	100.0
51.511869099980686	79.0	100.0
51.53125859997817	79.0	100.0
51.553243399976054	79.0	100.0
51.57089649999398	79.0	100.0
51.592210999981035	79.0	100.0
51.612263299990445	79.0	100.0
51.63234569999622	79.0	100.0
51.65204719998292	79.0	100.0
51.67208269998082	79.0	100.0
51.69205559999682	79.0	100.0
51.71157479999238	79.0	100.0
51.73165370000061	79.0	100.0
51.74740219998057	79.0	100.0
51.76658649998717	79.0	100.0
51.787785699998494	79.0	100.0
51.80875039999955	79.0	100.0
51.82847949999268	79.0	100.0
51.85113719999208	79.0	100.0
51.87167899997439	79.0	100.0
51.892055999982404	79.0	100.0
51.91201479997835	79.0	100.0
51.93154749998939	79.0	100.0
51.95189899997786	79.0	100.0
51.9718691999733	79.0	100.0
51.99224709998816	79.0	100.0
52.010962499974994	79.0	100.0
52.0314442999952	79.0	100.0
52.05125799999223	79.0	100.0
52.07137789999251	79.0	100.0
52.09045069999411	79.0	100.0
52.11154679997708	79.0	100.0
52.13108619998093	79.0	100.0
52.15132729997276	79.0	100.0
52.171174899995094	79.0	100.0
52.19164819997968	79.0	100.0
52.21093899998232	79.0	100.0
52.23138009998365	79.0	100.0
52.250998899980914	79.0	100.0
52.27147439998225	79.0	100.0
52.29192359998706	79.0	100.0
52.3114443999948	79.0	100.0
52.33144369997899	79.0	100.0
52.351838099973975	79.0	100.0
52.37124189999304	79.0	100.0
52.392164999997476	79.0	100.0
52.40962769999169	79.0	100.0
52.427187099994626	79.0	100.0
52.45152069997857	79.0	100.0
52.467495599994436	79.0	100.0
52.4873105000006	79.0	100.0
52.50911639997503	79.0	100.0
52.52942219999386	79.0	100.0
52.55068599997321	79.0	100.0
52.570100199984154	79.0	100.0
52.59202749998076	79.0	100.0
52.61169539997354	79.0	100.0
52.63145169999916	79.0	100.0
52.65132519998588	79.0	100.0
52.67110919998959	79.0	100.0
52.69126609998057	79.0	100.0
52.711603599978844	79.0	100.0
52.73121969998465	79.0	100.0
52.75082549999934	79.0	100.0
52.77115769998636	79.0	100.0
52.79202429999714	79.0	100.0
52.811081599997124	79.0	100.0
52.83106559998123	79.0	100.0
52.85008789997664	79.0	100.0
52.87117699999362	79.0	100.0
52.891226799984	79.0	100.0
52.910376199986786	79.0	100.0
52.93099149997579	79.0	100.0
52.95097189999069	79.0	100.0
52.97104789997684	79.0	100.0
52.991442200000165	79.0	100.0
53.01109659997746	79.0	100.0
53.031344599992735	79.0	100.0
53.051079500000924	79.0	100.0
53.0710196	79.0	100.0
53.0916374999797	79.0	100.0
53.11134730000049	79.0	100.0
53.130845799983945	79.0	100.0
53.15113139999448	79.0	100.0
53.17076709997491	79.0	100.0
53.191992999985814	79.0	100.0
53.21135069997399	79.0	100.0
53.231144499994116	79.0	100.0
53.251096599997254	79.0	100.0
53.271254299994325	79.0	100.0
53.29119779999019	79.0	100.0
53.31119369997759	79.0	100.0
53.331280199985486	79.0	100.0
53.350720299989916	79.0	100.0
53.371173499996075	79.0	100.0
53.39134169998579	79.0	100.0
53.4107833999733	79.0	100.0
53.431111099984264	79.0	100.0
53.45004189998144	79.0	100.0
53.47023189999163	79.0	100.0
53.49151439999696	79.0	100.0
53.51038249998237	79.0	100.0
53.53026899998076	79.0	100.0
53.55126219999511	79.0	100.0
53.57025339998654	79.0	100.0
53.590945699979784	79.0	100.0
53.61191809998127	79.0	100.0
53.632630599982804	78.0	100.0
53.65051459998358	78.0	100.0
53.6722040999739	78.0	100.0
53.69127329997718	78.0	100.0
53.711305799981346	78.0	100.0
53.731577599974116	78.0	100.0
53.74675539997406	78.0	100.0
53.76681609998923	78.0	100.0
53.786266999988584	78.0	100.0
53.80550589997438	78.0	100.0
53.82575079999515	78.0	100.0
53.84533919999376	78.0	100.0
53.86568519999855	78.0	100.0
53.8859034999914	78.0	100.0
53.9060261999839	78.0	100.0
53.92531239998061	78.0	100.0
53.946257399977185	78.0	100.0
53.965954599989345	78.0	100.0
53.98599079999258	78.0	100.0
54.005965099990135	78.0	100.0
54.0267985999817	78.0	100.0
54.049855799996294	78.0	100.0
54.06908759998623	78.0	100.0
54.09527639998123	78.0	100.0
54.10572699998738	78.0	100.0
54.1251766999776	78.0	100.0
54.14602649997687	78.0	100.0
54.16549839999061	78.0	100.0
54.18581399999675	78.0	100.0
54.20868519999203	78.0	100.0
54.229656099982094	78.0	100.0
54.24897869999404	78.0	100.0
54.27175729998271	78.0	100.0
54.29142419999698	78.0	100.0
54.31159449997358	78.0	100.0
54.33132589998422	78.0	100.0
54.35122339997906	78.0	100.0
54.37051129998872	78.0	100.0
54.39208759999019	78.0	100.0
54.41123889997834	78.0	100.0
54.431286899984116	78.0	100.0
54.451444399979664	78.0	100.0
54.47195939999074	78.0	100.0
54.49162679997971	78.0	100.0
54.511363599973265	78.0	100.0
54.53125229998841	78.0	100.0
54.55341929997667	78.0	100.0
54.570850999996765	78.0	100.0
54.592340799979866	78.0	100.0
54.61133629997494	78.0	100.0
54.6318013999844	78.0	100.0
54.651475399994524	78.0	100.0
54.671590199985076	78.0	100.0
54.69158419998712	78.0	100.0
54.71124139998574	78.0	100.0
54.730907999997726	78.0	100.0
54.751295299996855	78.0	100.0
54.770978499989724	78.0	100.0
54.7917961999774	78.0	100.0
54.810315399983665	78.0	100.0
54.835593299998436	78.0	100.0
54.851173199975165	78.0	100.0
54.87133639998501	78.0	100.0
54.89203959997394	78.0	100.0
54.91129109999747	78.0	100.0
54.93125439999858	78.0	100.0
54.95156209997367	78.0	100.0
54.97111039998708	78.0	100.0
54.991592199978186	78.0	100.0
55.011144099989906	78.0	100.0
55.03116919999593	78.0	100.0
55.05080399999861	78.0	100.0
55.06810779997613	78.0	100.0
55.08620609997888	78.0	100.0
55.10694919998059	78.0	100.0
55.12649080000119	78.0	100.0
55.14647049998166	78.0	100.0
55.16614849999314	78.0	100.0
55.186636399972485	78.0	100.0
55.206077199982246	78.0	100.0
55.22651219999534	78.0	100.0
55.246229199983645	78.0	100.0
55.26641219999874	78.0	100.0
55.28678419999778	78.0	100.0
55.30673099998967	78.0	100.0
55.326425899984315	78.0	100.0
55.346687299985206	78.0	100.0
55.36649779998697	78.0	100.0
55.38689169997815	78.0	100.0
55.40646669999114	78.0	100.0
55.426499199995305	78.0	100.0
55.446204799984116	78.0	100.0
55.46684639999876	78.0	100.0
55.48652409997885	78.0	100.0
55.50671940000029	78.0	100.0
55.52640709999832	78.0	100.0
55.54666799999541	78.0	100.0
55.56661519999034	78.0	100.0
55.58729549997952	78.0	100.0
55.60741899997811	78.0	100.0
55.626654199993936	79.0	100.0
55.646897300001	79.0	100.0
55.66691109997919	79.0	100.0
55.68676989999949	79.0	100.0
55.707419399986975	79.0	100.0
55.726555599976564	79.0	100.0
55.746897799981525	79.0	100.0
55.76663859997643	79.0	100.0
55.78702299998258	79.0	100.0
55.80659549997654	79.0	100.0
55.826937299978454	79.0	100.0
55.846584599989	79.0	100.0
55.86692479997873	79.0	100.0
55.88701039997977	79.0	100.0
55.90687479998451	79.0	100.0
55.92655879998347	79.0	100.0
55.94696029997431	79.0	100.0
55.96660499999416	79.0	100.0
55.98724519999814	79.0	100.0
56.00678189998143	79.0	100.0
56.02691459999187	79.0	100.0
56.04696629999671	79.0	100.0
56.06692899999325	79.0	100.0
56.08691669997643	79.0	100.0
56.106792499980656	79.0	100.0
56.126637099980144	79.0	100.0
56.14770989998942	79.0	100.0
56.16671369998949	79.0	100.0
56.18730529997265	79.0	100.0
56.20655899998383	79.0	100.0
56.22700509999413	79.0	100.0
56.24802039997303	79.0	100.0
56.267236199986655	79.0	100.0
56.28749959997367	79.0	100.0
56.30718949998845	79.0	100.0
56.326817099994514	79.0	100.0
56.34743929997785	79.0	100.0
56.36705789997359	79.0	100.0
56.387126899993746	79.0	100.0
56.40650189999724	79.0	100.0
56.42701559999841	79.0	100.0
56.446977799991146	79.0	100.0
56.471275799995055	79.0	100.0
56.487598299980164	79.0	100.0
56.50850649998756	79.0	100.0
56.52869589999318	79.0	100.0
56.54908609998529	79.0	100.0
56.57154599999194	79.0	100.0
56.59230199997546	79.0	100.0
56.612751799984835	79.0	100.0
56.632266899978276	79.0	100.0
56.65260559998569	79.0	100.0
56.672181099973386	79.0	100.0
56.69281549999141	79.0	100.0
56.712295299977995	79.0	100.0
56.73227319997386	79.0	100.0
56.75242749997415	79.0	100.0
56.76990099999239	79.0	100.0
56.78977629999281	79.0	100.0
56.81330259999959	79.0	100.0
56.83560309998575	79.0	100.0
56.854903699975694	79.0	100.0
56.874872299988056	79.0	100.0
56.894981499994174	79.0	100.0
56.91484479999053	79.0	100.0
56.9346345999802	79.0	100.0
56.953640599997016	79.0	100.0
56.972099399979925	79.0	100.0
56.99344639998162	79.0	100.0
57.013927899999544	79.0	100.0
57.03404169998248	79.0	100.0
57.054315899993526	79.0	100.0
57.07517159997951	79.0	100.0
57.095115799980704	79.0	100.0
57.11998930000118	79.0	100.0
57.13449479997507	79.0	100.0
57.1550225999963	79.0	100.0
57.17443699997966	79.0	100.0
57.19418369999039	79.0	100.0
57.214997799979756	79.0	100.0
57.234153099998366	79.0	100.0
57.25427239999408	79.0	100.0
57.27467379998416	79.0	100.0
57.294773499976145	79.0	100.0
57.31490919998032	79.0	100.0
57.334388799994485	79.0	100.0
57.355235700000776	79.0	100.0
57.374948599986965	79.0	100.0
57.39496339997277	79.0	100.0
57.41462849997333	79.0	100.0
57.43423439998878	79.0	100.0
57.45406789999106	79.0	100.0
57.474904899980174	79.0	100.0
57.49491879998823	79.0	100.0
57.515208999975584	79.0	100.0
57.534359899989795	79.0	100.0
57.55674109997926	79.0	100.0
57.57464159998926	79.0	100.0
57.595190599997295	79.0	100.0
57.61736039997777	79.0	100.0
57.635354799975175	80.0	100.0
57.65708989999257	80.0	100.0
57.67482869999367	80.0	100.0
57.69492869998794	80.0	100.0
57.714210499980254	80.0	100.0
57.73368829998071	80.0	100.0
57.7548800999939	80.0	100.0
57.77431129998877	80.0	100.0
57.7949166999897	80.0	100.0
57.81623820000095	80.0	100.0
57.83495399999083	80.0	100.0
57.85492569999769	80.0	100.0
57.874714499979746	80.0	100.0
57.89535609999439	80.0	100.0
57.915072699979646	80.0	100.0
57.934117500000866	80.0	100.0
57.95529909999459	80.0	100.0
57.97477419997449	80.0	100.0
57.99516069999663	80.0	100.0
58.01477609999711	80.0	100.0
58.03459209998255	80.0	100.0
58.055074999982025	80.0	100.0
58.074986399995396	80.0	100.0
58.09396669999114	80.0	100.0
58.11483690000023	80.0	100.0
58.13459239999065	80.0	100.0
58.155093999987	80.0	100.0
58.17470879998291	80.0	100.0
58.19482259999495	80.0	100.0
58.214016399986576	80.0	100.0
58.23426619998645	80.0	100.0
58.25407189998077	80.0	100.0
58.27498629997717	80.0	100.0
58.29493139998522	80.0	100.0
58.31490629998734	80.0	100.0
58.33492299998761	80.0	100.0
58.35460989997955	80.0	100.0
58.373965099977795	80.0	100.0
58.39470099998289	80.0	100.0
58.414627099991776	80.0	100.0
58.437075699999696	80.0	100.0
58.4548493999755	80.0	100.0
58.47477069997694	80.0	100.0
58.494809799973154	80.0	100.0
58.514218600001186	80.0	100.0
58.53421299997717	80.0	100.0
58.554840899974806	80.0	100.0
58.57494079999742	80.0	100.0
58.59576609998476	80.0	100.0
58.61524779998581	80.0	100.0
58.63556329999119	79.0	100.0
58.65533219999634	79.0	100.0
58.6753853999835	79.0	100.0
58.69499879999785	79.0	100.0
58.71406719999504	79.0	100.0
58.73430829998688	79.0	100.0
58.75507509999443	79.0	100.0
58.77394669997739	79.0	100.0
58.79472329997225	79.0	100.0
58.81510569999227	79.0	100.0
58.833730699989246	79.0	100.0
58.85278409998864	79.0	100.0
58.87368069999502	79.0	100.0
58.892748399986885	79.0	100.0
58.91348599997582	79.0	100.0
58.93182359999628	79.0	100.0
58.95385519997217	79.0	100.0
58.97451419997378	79.0	100.0
58.995209999993676	79.0	100.0
59.0150971999974	79.0	100.0
59.034753599989926	79.0	100.0
59.05497099997592	79.0	100.0
59.0741004999727	79.0	100.0
59.09440919998451	79.0	100.0
59.11488549999194	79.0	100.0
59.13553289999254	79.0	100.0
59.154822799988324	79.0	100.0
59.17497699998785	79.0	100.0
59.19510719997925	79.0	100.0
59.214971799985506	79.0	100.0
59.23466170000029	79.0	100.0
59.255815399985295	79.0	100.0
59.27512389997719	79.0	100.0
59.29481439999654	79.0	100.0
59.314732499973616	79.0	100.0
59.336645899980795	79.0	100.0
59.355465699976776	79.0	100.0
59.37491549999686	79.0	100.0
59.394959400000516	79.0	100.0
59.41484469998977	79.0	100.0
59.43477989998064	79.0	100.0
59.45481039999868	79.0	100.0
59.474822499993024	79.0	100.0
59.49549149998347	79.0	100.0
59.515058399992995	79.0	100.0
59.53476779998164	79.0	100.0
59.554696199978935	79.0	100.0
59.575084899988724	79.0	100.0
59.595220999995945	79.0	100.0
59.616059699998004	79.0	100.0
59.63563399997656	81.0	100.0
59.65453559998423	81.0	100.0
59.675025699980324	81.0	100.0
59.69427989999531	81.0	100.0
59.71483939999598	81.0	100.0
59.73475379997399	81.0	100.0
59.754192099993816	81.0	100.0
59.77483919999213	81.0	100.0
59.795178299973486	81.0	100.0
59.81471099998453	81.0	100.0
59.8348717999761	81.0	100.0
59.855083199974615	81.0	100.0
59.87481729997671	81.0	100.0
59.89486959998612	81.0	100.0
59.91456759997527	81.0	100.0
59.93486809998285	81.0	100.0
59.95405380000011	81.0	100.0
59.97435449998011	81.0	100.0
59.99446069999249	81.0	100.0
60.01397959998576	81.0	100.0
60.03589859997737	81.0	100.0
60.05422439999529	81.0	100.0
60.075179199979175	81.0	100.0
60.09411549998913	81.0	100.0
60.114618799998425	81.0	100.0
60.13418099997216	81.0	100.0
60.154218699986814	81.0	100.0
60.17784699998447	81.0	100.0
60.19546829999308	81.0	100.0
60.21494339997298	81.0	100.0
60.23461519999546	81.0	100.0
60.25483549997443	81.0	100.0
60.2754865999741	81.0	100.0
60.29536749998806	81.0	100.0
60.314830899995286	81.0	100.0
60.3339734999754	81.0	100.0
60.35558229999151	81.0	100.0
60.37421049998375	81.0	100.0
60.39578379999148	81.0	100.0
60.41495209999266	81.0	100.0
60.434772099979455	81.0	100.0
60.45457119998173	81.0	100.0
60.47455819998868	81.0	100.0
60.49429959998815	81.0	100.0
60.514870099985274	81.0	100.0
60.534667699976126	81.0	100.0
60.557055499986745	81.0	100.0
60.574898199993186	81.0	100.0
60.59520229999907	81.0	100.0
60.61477349998313	81.0	100.0
60.634906099992804	84.0	100.0
60.65406049997546	84.0	100.0
60.67461469999398	84.0	100.0
60.694888499972876	84.0	100.0
60.714881299994886	84.0	100.0
60.73479829999269	84.0	100.0
60.754732499975944	84.0	100.0
60.774668499972904	84.0	100.0
60.794804599980125	84.0	100.0
60.814890299981926	84.0	100.0
60.83496889998787	84.0	100.0
60.853699399973266	84.0	100.0
60.87408329997561	84.0	100.0
60.894244700000854	84.0	100.0
60.91427449998446	84.0	100.0
60.933711399993626	84.0	100.0
60.95404029998463	84.0	100.0
60.974887699994724	84.0	100.0
60.99688629998127	84.0	100.0
61.014942099980544	84.0	100.0
61.03492499998538	84.0	100.0
61.05171749999863	84.0	100.0
61.071371599973645	84.0	100.0
61.08947499998612	84.0	100.0
61.11114899997483	84.0	100.0
61.135264299984556	84.0	100.0
61.155332800000906	84.0	100.0
61.17476679998799	84.0	100.0
61.19437179999659	84.0	100.0
61.21298429998569	84.0	100.0
61.23669299998437	84.0	100.0
61.254968799999915	84.0	100.0
61.27466469997307	84.0	100.0
61.29853789997287	84.0	100.0
61.31465109999408	84.0	100.0
61.33487199997762	84.0	100.0
61.35490899998695	84.0	100.0
61.37477419999777	84.0	100.0
61.395113599981414	84.0	100.0
61.41418179997709	84.0	100.0
61.43399419999332	84.0	100.0
61.454524299973855	84.0	100.0
61.473958899994614	84.0	100.0
61.49425029999111	84.0	100.0
61.514092699973844	84.0	100.0
61.53410149997217	84.0	100.0
61.55400629999349	84.0	100.0
61.5742515999882	84.0	100.0
61.594116599997506	84.0	100.0
61.615075599984266	84.0	100.0
61.63533159997314	86.0	100.0
61.655274199991254	86.0	100.0
61.674909299996216	86.0	100.0
61.694432399992365	86.0	100.0
61.71350839998922	86.0	100.0
61.731343799998285	86.0	100.0
61.74957259997609	86.0	100.0
61.77009149998776	86.0	100.0
61.791168999974616	86.0	100.0
61.81023009997443	86.0	100.0
61.834780999983195	86.0	100.0
61.85242229999858	86.0	100.0
61.87504259997513	86.0	100.0
61.8949433999951	86.0	100.0
61.915331099997275	86.0	100.0
61.93464859999949	86.0	100.0
61.9541629999876	86.0	100.0
61.974277000001166	86.0	100.0
61.99472099999548	86.0	100.0
62.0149654999841	86.0	100.0
62.03442899999209	86.0	100.0
62.05406599998241	86.0	100.0
62.07533039999544	86.0	100.0
62.09585879999213	86.0	100.0
62.11421539998264	86.0	100.0
62.1344302999787	86.0	100.0
62.1545718999987	86.0	100.0
62.17612319998443	86.0	100.0
62.194478299992625	86.0	100.0
62.21533819998149	86.0	100.0
62.2352750999853	86.0	100.0
62.254369399975985	86.0	100.0
62.274339199997485	86.0	100.0
62.29463869999745	86.0	100.0
62.31482919998234	86.0	100.0
62.33457239999552	86.0	100.0
62.354775399988284	86.0	100.0
62.373993099987274	86.0	100.0
62.39489609998418	86.0	100.0
62.4145325999998	86.0	100.0
62.4349059999804	86.0	100.0
62.45466039999155	86.0	100.0
62.47477669999353	86.0	100.0
62.49491689997376	86.0	100.0
62.51480229999288	86.0	100.0
62.53457150000031	86.0	100.0
62.55451419999008	86.0	100.0
62.57268199999817	86.0	100.0
62.59463649999816	86.0	100.0
62.61482269997941	86.0	100.0
62.63553539998247	89.0	100.0
62.654924599977676	89.0	100.0
62.67470909998519	89.0	100.0
62.69577789999312	89.0	100.0
62.71415839999099	89.0	100.0
62.7338277999952	89.0	100.0
62.75401969999075	89.0	100.0
62.773895199992694	89.0	100.0
62.794572599988896	89.0	100.0
62.8138401999895	89.0	100.0
62.8349946999806	89.0	100.0
62.85532299999613	89.0	100.0
62.87425789999543	89.0	100.0
62.89450399999623	89.0	100.0
62.91400829999475	89.0	100.0
62.93327049998334	89.0	100.0
62.95340889997897	89.0	100.0
62.97396459997981	89.0	100.0
62.99456839999766	89.0	100.0
63.01344749997952	89.0	100.0
63.034792799997376	89.0	100.0
63.05477659997996	89.0	100.0
63.07496469997568	89.0	100.0
63.09816629998386	89.0	100.0
63.114042999979574	89.0	100.0
63.13478999998188	89.0	100.0
63.15449339998304	89.0	100.0
63.1737623999943	89.0	100.0
63.19476319997921	89.0	100.0
63.21478879998904	89.0	100.0
63.234720899985405	89.0	100.0
63.25461189998896	89.0	100.0
63.27424719999544	89.0	100.0
63.29425839998294	89.0	100.0
63.31351179999183	89.0	100.0
63.33390229998622	89.0	100.0
63.35410969998338	89.0	100.0
63.375391899986425	89.0	100.0
63.39487629997893	89.0	100.0
63.41444279998541	89.0	100.0
63.434598599997116	89.0	100.0
63.454206099995645	89.0	100.0
63.47477299999446	89.0	100.0
63.49423399998341	89.0	100.0
63.51474089999101	89.0	100.0
63.5345515999943	89.0	100.0
63.55688540000119	89.0	100.0
63.574792999977944	89.0	100.0
63.60240699999849	89.0	100.0
63.61363809998147	89.0	100.0
63.63466029998381	92.0	100.0
63.65185809999821	92.0	100.0
63.6745315999724	92.0	100.0
63.69224239999312	92.0	100.0
63.71486179999192	92.0	100.0
63.73465159998159	92.0	100.0
63.75534369997331	92.0	100.0
63.774107499979436	92.0	100.0
63.79447809999692	92.0	100.0
63.81459939997876	92.0	100.0
63.83096989998012	92.0	100.0
63.85401689997525	92.0	100.0
63.87322179999319	92.0	100.0
63.89638149997336	92.0	100.0
63.91471719997935	92.0	100.0
63.9346658999857	92.0	100.0
63.95473669999046	92.0	100.0
63.974628299998585	92.0	100.0
63.99460939998971	92.0	100.0
64.01441559998784	92.0	100.0
64.03501619998133	92.0	100.0
64.0539539999736	92.0	100.0
64.07421349998913	92.0	100.0
64.0939486999996	92.0	100.0
64.11428059998434	92.0	100.0
64.13385959999869	92.0	100.0
64.15457849999075	92.0	100.0
64.1747276999813	92.0	100.0
64.19427069998346	92.0	100.0
64.21381939999992	92.0	100.0
64.23388689997955	92.0	100.0
64.25467639998533	92.0	100.0
64.27474799999618	92.0	100.0
64.29428559998632	92.0	100.0
64.31442419998348	92.0	100.0
64.33429889997933	92.0	100.0
64.3537406999967	92.0	100.0
64.37578939998639	92.0	100.0
64.39303559999098	92.0	100.0
64.4100322999875	92.0	100.0
64.42770489997929	92.0	100.0
64.44715929997619	92.0	100.0
64.46683559997473	92.0	100.0
64.4895810999733	92.0	100.0
64.51125929999398	92.0	100.0
64.53383639999083	92.0	100.0
64.5550628999772	92.0	100.0
64.57482139999047	92.0	100.0
64.59485779999522	92.0	100.0
64.61377169998013	92.0	100.0
64.63467499997932	92.0	100.0
64.65469709999161	92.0	100.0
64.67460109997774	92.0	100.0
64.69519169998239	92.0	100.0
64.71463509998284	92.0	100.0
64.73431649999111	92.0	100.0
64.75432239999645	92.0	100.0
64.77381169999717	92.0	100.0
64.79461719997926	92.0	100.0
64.81441589997848	92.0	100.0
64.83456969997496	92.0	100.0
64.85365829998045	92.0	100.0
64.87444909999613	92.0	100.0
64.89479679998476	92.0	100.0
64.91417239999282	92.0	100.0
64.93356879998464	92.0	100.0
64.95464329997776	92.0	100.0
64.97457120000036	92.0	100.0
64.99499359997571	92.0	100.0
65.01444039997295	92.0	100.0
65.0346462999878	92.0	100.0
65.05444569999236	92.0	100.0
65.07466189999832	92.0	100.0
65.09406779997516	92.0	100.0
65.11417889999575	92.0	100.0
65.1346416999877	92.0	100.0
65.15343909998774	92.0	100.0
65.17403729999205	92.0	100.0
65.19505939999362	92.0	100.0
65.21479669999098	92.0	100.0
65.23454619999393	92.0	100.0
65.25470609997865	92.0	100.0
65.27407259997563	92.0	100.0
65.29721299998346	92.0	100.0
65.3149654000008	92.0	100.0
65.33380069999839	92.0	100.0
65.35401429998456	92.0	100.0
65.3743986999907	92.0	100.0
65.39477629997418	92.0	100.0
65.41275859999587	92.0	100.0
65.43423789998633	92.0	100.0
65.45474219997413	92.0	100.0
65.47465159997228	92.0	100.0
65.49493190000067	92.0	100.0
65.51482989999931	92.0	100.0
65.53435229999013	92.0	100.0
65.55444749997696	92.0	100.0
65.5737576999818	92.0	100.0
65.596744999988	92.0	100.0
65.61431079998147	92.0	100.0
65.6322921999963	93.0	100.0
65.65810579998652	93.0	100.0
65.67467279999983	93.0	100.0
65.69146149998414	93.0	100.0
65.71112789999461	93.0	100.0
65.73173109997879	93.0	100.0
65.75145369998063	93.0	100.0
65.77392729997518	93.0	100.0
65.79310279997298	93.0	100.0
65.81393469998147	93.0	100.0
65.8347162999853	93.0	100.0
65.85446809997666	93.0	100.0
65.87456829997245	93.0	100.0
65.89487289998215	93.0	100.0
65.91572219997761	93.0	100.0
65.9345406999928	93.0	100.0
65.9538985999825	93.0	100.0
65.9732331999985	93.0	100.0
65.99410949999583	93.0	100.0
66.01430229999823	93.0	100.0
66.03509269998176	93.0	100.0
66.05465399997775	93.0	100.0
66.07443419998162	93.0	100.0
66.09487979998812	93.0	100.0
66.11694849998457	93.0	100.0
66.13393229999929	93.0	100.0
66.15477569997893	93.0	100.0
66.17292089998955	93.0	100.0
66.19420729999547	93.0	100.0
66.21153339999728	93.0	100.0
66.23475699999835	93.0	100.0
66.24628949997714	93.0	100.0
66.26636529999087	93.0	100.0
66.28657609998481	93.0	100.0
66.30697889998555	93.0	100.0
66.32973009999841	93.0	100.0
66.34993909997866	93.0	100.0
66.37110739998752	93.0	100.0
66.39184109997586	93.0	100.0
66.41237239999464	93.0	100.0
66.43443229998229	93.0	100.0
66.45393549997243	93.0	100.0
66.47411179999472	93.0	100.0
66.49367599998368	93.0	100.0
66.51376389997313	93.0	100.0
66.53399719999288	93.0	100.0
66.55491469998378	93.0	100.0
66.57411469999352	93.0	100.0
66.59365359999356	93.0	100.0
66.61047109999345	93.0	100.0
66.63064029999077	93.0	100.0
66.6474294999789	93.0	100.0
66.67155619998812	93.0	100.0
66.69048049999401	93.0	100.0
66.7126820999838	93.0	100.0
66.73159959999612	93.0	100.0
66.74781369999982	93.0	100.0
66.76751669999794	93.0	100.0
66.78766159998486	93.0	100.0
66.80727499999921	93.0	100.0
66.82847989999573	93.0	100.0
66.84890249997261	93.0	100.0
66.87354169998434	93.0	100.0
66.89393479999853	93.0	100.0
66.91431909997482	93.0	100.0
66.93577139999252	93.0	100.0
66.95461879999493	93.0	100.0
66.97489259997383	93.0	100.0
66.9946347999794	93.0	100.0
67.01362719997996	93.0	100.0
67.03458699997282	93.0	100.0
67.05422339998768	93.0	100.0
67.074862199981	93.0	100.0
67.0946914999804	93.0	100.0
67.11450959998183	93.0	100.0
67.13515170000028	93.0	100.0
67.15456239998457	93.0	100.0
67.17431319999741	93.0	100.0
67.19467259998783	93.0	100.0
67.21473479998531	93.0	100.0
67.23472299997229	93.0	100.0
67.25260559999151	93.0	100.0
67.27264219999779	93.0	100.0
67.29433839998092	93.0	100.0
67.31507559999591	93.0	100.0
67.33345559998997	93.0	100.0
67.35420859997976	93.0	100.0
67.3746951999783	93.0	100.0
67.39468599998509	93.0	100.0
67.41364069998963	93.0	100.0
67.4341750999738	93.0	100.0
67.4545854999742	93.0	100.0
67.47384609997971	93.0	100.0
67.49487989998306	93.0	100.0
67.51642629998969	93.0	100.0
67.53352879997692	93.0	100.0
67.55495209997753	93.0	100.0
67.57495189999463	93.0	100.0
67.59374339997885	93.0	100.0
67.61340399997425	93.0	100.0
67.63176689998363	95.0	100.0
67.65249429998221	95.0	100.0
67.66958019998856	95.0	100.0
67.69249149999814	95.0	100.0
67.71396729999105	95.0	100.0
67.73464609999792	95.0	100.0
67.75512159999926	95.0	100.0
67.77169439999852	95.0	100.0
67.79346469999291	95.0	100.0
67.81456410000101	95.0	100.0
67.83468409997295	95.0	100.0
67.85722539998824	95.0	100.0
67.87429149998934	95.0	100.0
67.89523519997601	95.0	100.0
67.91514339999412	95.0	100.0
67.93432939998456	95.0	100.0
67.95559309999226	95.0	100.0
67.97478289998253	95.0	100.0
67.99514469999122	95.0	100.0
68.01455709998845	95.0	100.0
68.03423989997827	95.0	100.0
68.05429649999132	95.0	100.0
68.0754388999776	95.0	100.0
68.09513199998764	95.0	100.0
68.11473689999548	95.0	100.0
68.13400369998999	95.0	100.0
68.15394159997231	95.0	100.0
68.17411019999417	95.0	100.0
68.19507009998779	95.0	100.0
68.21497729999828	95.0	100.0
68.23484609997831	95.0	100.0
68.25459849997424	95.0	100.0
68.27450119997957	95.0	100.0
68.29469149999204	95.0	100.0
68.31468099998892	95.0	100.0
68.33488329997635	95.0	100.0
68.352688199986	95.0	100.0
68.37474209998618	95.0	100.0
68.39498620000086	95.0	100.0
68.41464909998467	95.0	100.0
68.434812099993	95.0	100.0
68.4545704999764	95.0	100.0
68.47491679998348	95.0	100.0
68.49476929998491	95.0	100.0
68.51560179999797	95.0	100.0
68.53469809997478	95.0	100.0
68.55476369999815	95.0	100.0
68.57521729997825	95.0	100.0
68.59515789998113	95.0	100.0
68.61790889999247	95.0	100.0
68.63503309999942	96.0	100.0
68.65425749999122	96.0	100.0
68.67671519998112	96.0	100.0
68.6948617999733	96.0	100.0
68.7148064999783	96.0	100.0
68.73610609999741	96.0	100.0
68.75477859997773	96.0	100.0
68.77488109999103	96.0	100.0
68.79529409998213	96.0	100.0
68.81492729997262	96.0	100.0
68.83490809999057	96.0	100.0
68.85462599998573	96.0	100.0
68.87553179997485	96.0	100.0
68.89591339998879	96.0	100.0
68.91418569997768	96.0	100.0
68.93494969999301	96.0	100.0
68.95469199999934	96.0	100.0
68.97471529999166	96.0	100.0
68.9949061999796	96.0	100.0
69.01499269998749	96.0	100.0
69.03483059999417	96.0	100.0
69.05504989999463	96.0	100.0
69.07581529999152	96.0	100.0
69.09524869997404	96.0	100.0
69.11531029999605	96.0	100.0
69.13419219999923	96.0	100.0
69.15457969999989	96.0	100.0
69.17472449998604	96.0	100.0
69.19554909999715	96.0	100.0
69.21476129998337	96.0	100.0
69.23467209999217	96.0	100.0
69.2545853999909	96.0	100.0
69.27805029999581	96.0	100.0
69.29499799999758	96.0	100.0
69.31527549997554	96.0	100.0
69.33490929999971	96.0	100.0
69.35455339998589	96.0	100.0
69.37387419998413	96.0	100.0
69.39539239997976	96.0	100.0
69.41476319998037	96.0	100.0
69.4345010999823	96.0	100.0
69.45413669999107	96.0	100.0
69.47634539997671	96.0	100.0
69.49590189999435	96.0	100.0
69.516135199985	96.0	100.0
69.53488079999806	96.0	100.0
69.55642729997635	96.0	100.0
69.57487939999555	96.0	100.0
69.5964603999746	96.0	100.0
69.61602439999115	96.0	100.0
69.63536389998626	98.0	100.0
69.65498089999892	98.0	100.0
69.67473359999713	98.0	100.0
69.6953975999786	98.0	100.0
69.71486849998473	98.0	100.0
69.73501789997681	98.0	100.0
69.75509629998123	98.0	100.0
69.77559619999374	98.0	100.0
69.79529309997451	98.0	100.0
69.81434589999844	98.0	100.0
69.83410449998337	98.0	100.0
69.85481849999633	98.0	100.0
69.87510689999908	98.0	100.0
69.89495649997843	98.0	100.0
69.91479269997217	98.0	100.0
69.93488439999055	98.0	100.0
69.95460009999806	98.0	100.0
69.97526909998851	98.0	100.0
69.99605479999445	98.0	100.0
70.01524909998989	98.0	100.0
70.03446450000047	98.0	100.0
70.05431909998879	98.0	100.0
70.07529849998537	98.0	100.0
70.0948073999898	98.0	100.0
70.11410609999439	98.0	100.0
70.13837289999356	98.0	100.0
70.15549239999382	98.0	100.0
70.17492809999385	98.0	100.0
70.19495019997703	98.0	100.0
70.21479109997745	98.0	100.0
70.23545939999167	98.0	100.0
70.25476049998542	98.0	100.0
70.27495159997488	98.0	100.0
70.29419299997971	98.0	100.0
70.31495879997965	98.0	100.0
70.33422829999472	98.0	100.0
70.35454849997768	98.0	100.0
70.37431189999916	98.0	100.0
70.3958879999991	98.0	100.0
70.41741199998069	98.0	100.0
70.43523799997638	98.0	100.0
70.45436849998077	98.0	100.0
70.47445709997555	98.0	100.0
70.49445579998428	98.0	100.0
70.51414719998138	98.0	100.0
70.53476389998104	98.0	100.0
70.55449469998712	98.0	100.0
70.57431529997848	98.0	100.0
70.59487489997991	98.0	100.0
70.61646679998375	98.0	100.0
70.63667599999462	98.0	100.0
70.65544319999753	98.0	100.0
70.67498709997744	98.0	100.0
70.69515729998238	98.0	100.0
70.71550579997711	98.0	100.0
70.73550869998871	98.0	100.0
70.75547279999591	98.0	100.0
70.77508729998954	98.0	100.0
70.79600629999186	98.0	100.0
70.81522769998992	98.0	100.0
70.83608459998504	98.0	100.0
70.85495670000091	98.0	100.0
70.87534689999302	98.0	100.0
70.89608989999397	98.0	100.0
70.91574069997296	98.0	100.0
70.93507009997847	98.0	100.0
70.95593619998544	98.0	100.0
70.97519259998808	98.0	100.0
70.99632939998992	98.0	100.0
71.01623239999753	98.0	100.0
71.03566409999621	98.0	100.0
71.05570469997474	98.0	100.0
71.07567669998389	98.0	100.0
71.09542929998133	98.0	100.0
71.1154366999981	98.0	100.0
71.13640859999578	98.0	100.0
71.15585399998236	98.0	100.0
71.17552539997268	98.0	100.0
71.19634959998075	98.0	100.0
71.21539779999875	98.0	100.0
71.23687860000064	98.0	100.0
71.25466569999116	98.0	100.0
71.27487839999958	98.0	100.0
71.29469379998045	98.0	100.0
71.31556509999791	98.0	100.0
71.3345871999918	98.0	100.0
71.35496609998518	98.0	100.0
71.37477429999853	98.0	100.0
71.39568729998427	98.0	100.0
71.41497169999639	98.0	100.0
71.43658859998686	98.0	100.0
71.4551792999846	98.0	100.0
71.4752711999754	98.0	100.0
71.49577039998258	98.0	100.0
71.51606339999125	98.0	100.0
71.53596929999185	98.0	100.0
71.55564569999115	98.0	100.0
71.5752740999742	98.0	100.0
71.59654679999221	98.0	100.0
71.6165949999995	98.0	100.0
71.63447799999267	97.0	100.0
71.6552181999723	97.0	100.0
71.67553449998377	97.0	100.0
71.69568279999658	97.0	100.0
71.7149435999745	97.0	100.0
71.73612599997432	97.0	100.0
71.75620739997248	97.0	100.0
71.77502939998521	97.0	100.0
71.79653239998152	97.0	100.0
71.81279509997694	97.0	100.0
71.83475049998378	97.0	100.0
71.8560394999804	97.0	100.0
71.87603329998092	97.0	100.0
71.89572669999325	97.0	100.0
71.91604189999634	97.0	100.0
71.93545309998444	97.0	100.0
71.9564402999822	97.0	100.0
71.97526949999155	97.0	100.0
71.99640579998959	97.0	100.0
72.01529889999074	97.0	100.0
72.03669959999388	97.0	100.0
72.05605970000033	97.0	100.0
72.07642729999498	97.0	100.0
72.09622899998794	97.0	100.0
72.11604449999868	97.0	100.0
72.135933499987	97.0	100.0
72.15812049998203	97.0	100.0
72.17473919998156	97.0	100.0
72.19609959999798	97.0	100.0
72.21431919999304	97.0	100.0
72.23499509997782	97.0	100.0
72.25507339998148	97.0	100.0
72.27500319998944	97.0	100.0
72.29752939997707	97.0	100.0
72.31600969997817	97.0	100.0
72.33603320000111	97.0	100.0
72.3582140999788	97.0	100.0
72.3762573999993	97.0	100.0
72.39656039999682	97.0	100.0
72.41598569997586	97.0	100.0
72.43561389998649	97.0	100.0
72.45467310000095	97.0	100.0
72.4808381999901	97.0	100.0
72.49603159999242	97.0	100.0
72.51709589999518	97.0	100.0
72.53669779998017	97.0	100.0
72.55732069999794	97.0	100.0
72.57715669999016	97.0	100.0
72.59640249999939	97.0	100.0
72.6198008999927	97.0	100.0
72.63648449999164	97.0	100.0
72.65561419998994	97.0	100.0
72.67690559997573	97.0	100.0
72.6965253999806	97.0	100.0
72.71588039997732	97.0	100.0
72.73588089999976	97.0	100.0
72.75638319997233	97.0	100.0
72.77592149999691	97.0	100.0
72.79667379998136	97.0	100.0
72.81639669998549	97.0	100.0
72.83545349998167	97.0	100.0
72.85487519999151	97.0	100.0
72.87561599997571	97.0	100.0
72.89470449998043	97.0	100.0
72.91508969999268	97.0	100.0
72.93623279998428	97.0	100.0
72.95560269997804	97.0	100.0
72.97747909999453	97.0	100.0
72.9960882999876	97.0	100.0
73.01559999998426	97.0	100.0
73.03506659998675	97.0	100.0
73.05681609999738	97.0	100.0
73.07982649997575	97.0	100.0
73.09668759998749	97.0	100.0
73.11689959999057	97.0	100.0
73.13637019999442	97.0	100.0
73.15651739999885	97.0	100.0
73.17633109999588	97.0	100.0
73.19656409998424	97.0	100.0
73.2165127999906	97.0	100.0
73.23663939998369	97.0	100.0
73.25640639997437	97.0	100.0
73.27631589997327	97.0	100.0
73.2958462999959	97.0	100.0
73.31632220000029	97.0	100.0
73.33653079997748	97.0	100.0
73.35652399997343	97.0	100.0
73.37630039997748	97.0	100.0
73.3967712999729	97.0	100.0
73.41581839998253	97.0	100.0
73.43635759997414	97.0	100.0
73.45636259997264	97.0	100.0
73.4764871999796	97.0	100.0
73.4962882999971	97.0	100.0
73.51667469998938	97.0	100.0
73.53604310000082	97.0	100.0
73.55640239999047	97.0	100.0
73.57600329999696	97.0	100.0
73.5968352999771	97.0	100.0
73.61730719998013	97.0	100.0
73.6347218999872	96.0	100.0
73.6566843999899	96.0	100.0
73.67646249997779	96.0	100.0
73.70067839999683	96.0	100.0
73.71555959997931	96.0	100.0
73.73721029999433	96.0	100.0
73.75508249999257	96.0	100.0
73.77550530000008	96.0	100.0
73.79681119997986	96.0	100.0
73.81604469998274	96.0	100.0
73.83644829998957	96.0	100.0
73.85669219997362	96.0	100.0
73.8766022999771	96.0	100.0
73.89876619999995	96.0	100.0
73.91601039998932	96.0	100.0
73.93627939998987	96.0	100.0
73.95676669999375	96.0	100.0
73.97607159998734	96.0	100.0
73.9967446999799	96.0	100.0
74.01630909999949	96.0	100.0
74.03648189999512	96.0	100.0
74.05572439997923	96.0	100.0
74.07645649998449	96.0	100.0
74.09645749998163	96.0	100.0
74.11689839998144	96.0	100.0
74.1356646999775	96.0	100.0
74.15552739999839	96.0	100.0
74.17468959998223	96.0	100.0
74.19642480000039	96.0	100.0
74.21643449997646	96.0	100.0
74.23623179999413	96.0	100.0
74.25664519998827	96.0	100.0
74.27625719999196	96.0	100.0
74.29605229999288	96.0	100.0
74.31522859999677	96.0	100.0
74.33572949998779	96.0	100.0
74.35487849998754	96.0	100.0
74.37561029999051	96.0	100.0
74.39608819998102	96.0	100.0
74.41852099998505	96.0	100.0
74.43471839997801	96.0	100.0
74.45502239998314	96.0	100.0
74.47630309997476	96.0	100.0
74.4966644999804	96.0	100.0
74.5168061000004	96.0	100.0
74.53629119999823	96.0	100.0
74.55679929998587	96.0	100.0
74.57650969998213	96.0	100.0
74.59769489997416	96.0	100.0
74.61687019999954	96.0	100.0
74.63557519999449	95.0	100.0
74.65642609997303	95.0	100.0
74.67630279998411	95.0	100.0
74.69653909999761	95.0	100.0
74.71528699999908	95.0	100.0
74.73770859997603	95.0	100.0
74.75646409997717	95.0	100.0
74.77503579997574	95.0	100.0
74.7968868999742	95.0	100.0
74.81494949999615	95.0	100.0
74.8351317999768	95.0	100.0
74.85598059999757	95.0	100.0
74.87461679999251	95.0	100.0
74.89604979997966	95.0	100.0
74.91556529997615	95.0	100.0
74.93472819999442	95.0	100.0
74.95464609999908	95.0	100.0
74.97584859997733	95.0	100.0
74.99599189998116	95.0	100.0
75.0160655999789	95.0	100.0
75.03490799997235	95.0	100.0
75.0551601999905	95.0	100.0
75.07572289998643	95.0	100.0
75.09632039998542	95.0	100.0
75.11679049997474	95.0	100.0
75.13691109998035	95.0	100.0
75.1565253000008	95.0	100.0
75.17508619997534	95.0	100.0
75.19611279998207	95.0	100.0
75.21504389998154	95.0	100.0
75.23618979999446	95.0	100.0
75.25535919997492	95.0	100.0
75.27638369999477	95.0	100.0
75.29669229997671	95.0	100.0
75.31643419998	95.0	100.0
75.33591749999323	95.0	100.0
75.35652179998579	95.0	100.0
75.3768366999866	95.0	100.0
75.39663619999192	95.0	100.0
75.41632749998826	95.0	100.0
75.4357817999844	95.0	100.0
75.45627049999894	95.0	100.0
75.47570119999	95.0	100.0
75.49568480000016	95.0	100.0
75.51517089997651	95.0	100.0
75.53733120000106	95.0	100.0
75.55782199997338	95.0	100.0
75.57803249999415	95.0	100.0
75.59778109999024	95.0	100.0
75.61543299999903	95.0	100.0
75.6368048999866	96.0	100.0
75.65548369998578	96.0	100.0
75.67592139999033	96.0	100.0
75.69663759999094	96.0	100.0
75.71644530000049	96.0	100.0
75.7364918999956	96.0	100.0
75.75677729997551	96.0	100.0
75.7765359999903	96.0	100.0
75.79675429998315	96.0	100.0
75.81393989999196	96.0	100.0
75.83461569997598	96.0	100.0
75.85415869997814	96.0	100.0
75.87375989998691	96.0	100.0
75.89604880000115	96.0	100.0
75.91485249999096	96.0	100.0
75.93602019999526	96.0	100.0
75.95658659999026	96.0	100.0
75.97604539999156	96.0	100.0
75.99657029999071	96.0	100.0
76.01476469999761	96.0	100.0
76.0366961999971	96.0	100.0
76.05639339998015	96.0	100.0
76.07648599997628	96.0	100.0
76.09646219998831	96.0	100.0
76.11665809998522	96.0	100.0
76.13637319998816	96.0	100.0
76.1565314999898	96.0	100.0
76.17579939999268	96.0	100.0
76.19519259998924	96.0	100.0
76.22047239998938	96.0	100.0
76.23286969997571	96.0	100.0
76.25425829997403	96.0	100.0
76.26836269997875	96.0	100.0
76.28843179999967	96.0	100.0
76.30846869997913	96.0	100.0
76.32858839997789	96.0	100.0
76.3498240999761	96.0	100.0
76.36994859998231	96.0	100.0
76.391066399985	96.0	100.0
76.4113494999765	96.0	100.0
76.43252899998333	96.0	100.0
76.45356229998288	96.0	100.0
76.47373569998308	96.0	100.0
76.4936805999896	96.0	100.0
76.51329829997849	96.0	100.0
76.53344819997437	96.0	100.0
76.55371319997357	96.0	100.0
76.57355939998524	96.0	100.0
76.59395239999867	96.0	100.0
76.61410459998297	96.0	100.0
76.63396489998559	98.0	100.0
76.65420789999189	98.0	100.0
76.67389659999753	98.0	100.0
76.6937629999884	98.0	100.0
76.71411509998143	98.0	100.0
76.73344599999837	98.0	100.0
76.75394549997873	98.0	100.0
76.7734573999769	98.0	100.0
76.79419580000103	98.0	100.0
76.81286949999048	98.0	100.0
76.83344739998574	98.0	100.0
76.85315509999054	98.0	100.0
76.87339779999456	98.0	100.0
76.8937128999969	98.0	100.0
76.91326089997892	98.0	100.0
76.93303369998466	98.0	100.0
76.9538884999929	98.0	100.0
76.97325749997981	98.0	100.0
76.99356949998764	98.0	100.0
77.01318969999556	98.0	100.0
77.03323229998932	98.0	100.0
77.05305289998068	98.0	100.0
77.07327279998572	98.0	100.0
77.09329209997668	98.0	100.0
77.11325070000021	98.0	100.0
77.13334989998839	98.0	100.0
77.15300859999843	98.0	100.0
77.1738984999829	98.0	100.0
77.19362629999523	98.0	100.0
77.21369749997393	98.0	100.0
77.23414879999473	98.0	100.0
77.2539918999828	98.0	100.0
77.27415549999569	98.0	100.0
77.29441379997297	98.0	100.0
77.31409329999587	98.0	100.0
77.33397309997235	98.0	100.0
77.35410179998144	98.0	100.0
77.37397609997424	98.0	100.0
77.39473339999677	98.0	100.0
77.41400129999965	98.0	100.0
77.43448939998052	98.0	100.0
77.4537655999884	98.0	100.0
77.47367009997834	98.0	100.0
77.49367399999755	98.0	100.0
77.5152469999739	98.0	100.0
77.53356129999156	98.0	100.0
77.55387599999085	98.0	100.0
77.57355479997932	98.0	100.0
77.59419589999015	98.0	100.0
77.61384469998302	98.0	100.0
77.63468109999667	99.0	100.0
77.65393739999854	99.0	100.0
77.67349659997853	99.0	100.0
77.6934726999898	99.0	100.0
77.71354249998694	99.0	100.0
77.73358239998925	99.0	100.0
77.75363669998478	99.0	100.0
77.773569699988	99.0	100.0
77.7919935999962	99.0	100.0
77.81349259999115	99.0	100.0
77.83406539997668	99.0	100.0
77.85380159999477	99.0	100.0
77.8739611999772	99.0	100.0
77.89493829998537	99.0	100.0
77.91434920000029	99.0	100.0
77.93326069999603	99.0	100.0
77.95338669998455	99.0	100.0
77.97361649997765	99.0	100.0
77.99381159999757	99.0	100.0
78.01358219998656	99.0	100.0
78.03379669997958	99.0	100.0
78.05344389998936	99.0	100.0
78.07419669997762	99.0	100.0
78.09461159998318	99.0	100.0
78.11351329999161	99.0	100.0
78.13372819998767	99.0	100.0
78.15429519998725	99.0	100.0
78.17335279998952	99.0	100.0
78.19411699997727	99.0	100.0
78.21353629999794	99.0	100.0
78.2342678999994	99.0	100.0
78.25363789999392	99.0	100.0
78.27496869998868	99.0	100.0
78.29408969997894	99.0	100.0
78.314074599999	99.0	100.0
78.3336350999889	99.0	100.0
78.35362619999796	99.0	100.0
78.37341249999008	99.0	100.0
78.39442249998683	99.0	100.0
78.41370859998278	99.0	100.0
78.43375269998796	99.0	100.0
78.45358919998398	99.0	100.0
78.47281759997713	99.0	100.0
78.4914878999989	99.0	100.0
78.51205849999678	99.0	100.0
78.52951699998812	99.0	100.0
78.55157379998127	99.0	100.0
78.57191059997422	99.0	100.0
78.59496699998272	99.0	100.0
78.61493149999296	99.0	100.0
78.63394319999497	100.0	100.0
78.65393479997874	100.0	100.0
78.67396979997284	100.0	100.0
78.69498849997763	100.0	100.0
78.71487509997678	100.0	100.0
78.7345198999974	100.0	100.0
78.75475199997891	100.0	100.0
78.77444479998667	100.0	100.0
78.7950245999964	100.0	100.0
78.81482989998767	100.0	100.0
78.83453709998867	100.0	100.0
78.85411049998947	100.0	100.0
78.87484219999169	100.0	100.0
78.89463139997679	100.0	100.0
78.91527319999295	100.0	100.0
78.93457739998121	100.0	100.0
78.9547308999754	100.0	100.0
78.97423949997756	100.0	100.0
78.99499109998578	100.0	100.0
79.01424749998841	100.0	100.0
79.03509679998388	100.0	100.0
79.05459879999398	100.0	100.0
79.0745431999967	100.0	100.0
79.09462069999427	100.0	100.0
79.11464639997575	100.0	100.0
79.13499269998283	100.0	100.0
79.15462180000031	100.0	100.0
79.17495039998903	100.0	100.0
79.19511539998348	100.0	100.0
79.21418879998964	100.0	100.0
79.23480529998778	100.0	100.0
79.25443949998589	100.0	100.0
79.27467980000074	100.0	100.0
79.2947981999896	100.0	100.0
79.31450629999745	100.0	100.0
79.3338818999764	100.0	100.0
79.35386759997346	100.0	100.0
79.37365629998385	100.0	100.0
79.39446019998286	100.0	100.0
79.41360229998827	100.0	100.0
79.43465149999247	100.0	100.0
79.4543624999933	100.0	100.0
79.47503769997275	100.0	100.0
79.49416669999482	100.0	100.0
79.5152262999909	100.0	100.0
79.5345066000009	100.0	100.0
79.55428469998878	100.0	100.0
79.57452889997512	100.0	100.0
79.59524039999815	100.0	100.0
79.61546269999235	100.0	100.0
79.6351487999782	99.0	100.0
79.65505969998776	99.0	100.0
79.67472159999306	99.0	100.0
79.69497009998304	99.0	100.0
79.72071819999837	99.0	100.0
79.7349922999856	99.0	100.0
79.75531879998744	99.0	100.0
79.77514469999005	99.0	100.0
79.795347199979	99.0	100.0
79.81466049997834	99.0	100.0
79.83450109997648	99.0	100.0
79.85458619997371	99.0	100.0
79.8736633999797	99.0	100.0
79.89532339997822	99.0	100.0
79.91492019998259	99.0	100.0
79.93477599998005	99.0	100.0
79.95469889999367	99.0	100.0
79.97423919997527	99.0	100.0
79.99553679997916	99.0	100.0
80.01505809999071	99.0	100.0
80.03350939997472	99.0	100.0
80.05456729998696	99.0	100.0
80.07453649997478	99.0	100.0
80.09466229999089	99.0	100.0
80.11449279999943	99.0	100.0
80.13402299999143	99.0	100.0
80.15463539998746	99.0	100.0
80.17436099998304	99.0	100.0
80.1950128999888	99.0	100.0
80.21445989998756	99.0	100.0
80.23462419997668	99.0	100.0
80.25455679997685	99.0	100.0
80.27453429999878	99.0	100.0
80.29488779997337	99.0	100.0
80.31445809997967	99.0	100.0
80.3343132000009	99.0	100.0
80.35502639997867	99.0	100.0
80.37497729997267	99.0	100.0
80.39514429998235	99.0	100.0
80.41464069997892	99.0	100.0
80.43504839998786	99.0	100.0
80.45487169999979	99.0	100.0
80.47477269999217	99.0	100.0
80.49495459999889	99.0	100.0
80.51442409999436	99.0	100.0
80.53463039998314	99.0	100.0
80.55485009998665	99.0	100.0
80.5743255999987	99.0	100.0
80.59883350000018	99.0	100.0
80.61567689999356	99.0	100.0
80.63464289999683	98.0	100.0
80.65543590000016	98.0	100.0
80.67556549998699	98.0	100.0
80.69522319998941	98.0	100.0
80.71487629998592	98.0	100.0
80.73385239997879	98.0	100.0
80.75381809999817	98.0	100.0
80.77443829999538	98.0	100.0
80.79470519997994	98.0	100.0
80.81443669999135	98.0	100.0
80.83387989999028	98.0	100.0
80.8545010999951	98.0	100.0
80.87490289998823	98.0	100.0
80.89536099997349	98.0	100.0
80.91494079999393	98.0	100.0
80.93478119999054	98.0	100.0
80.95528599998215	98.0	100.0
80.9751637999725	98.0	100.0
80.99546329997247	98.0	100.0
81.01478819997283	98.0	100.0
81.03505589999259	98.0	100.0
81.05460659999517	98.0	100.0
81.07481879999978	98.0	100.0
81.09493880000082	98.0	100.0
81.11482229997637	98.0	100.0
81.13460039999336	98.0	100.0
81.15948339999886	98.0	100.0
81.17513849999523	98.0	100.0
81.19539689997328	98.0	100.0
81.2151818999846	98.0	100.0
81.23373729997547	98.0	100.0
81.25430599998799	98.0	100.0
81.27462859998923	98.0	100.0
81.29475529998308	98.0	100.0
81.31375029997434	98.0	100.0
81.33369539998239	98.0	100.0
81.35406879999209	98.0	100.0
81.37369959999342	98.0	100.0
81.39538370000082	98.0	100.0
81.41428819997236	98.0	100.0
81.43402989997412	98.0	100.0
81.4546005000011	98.0	100.0
81.47464770000079	98.0	100.0
81.49459319998277	98.0	100.0
81.51456469998811	98.0	100.0
81.5338048999838	98.0	100.0
81.5566320999933	98.0	100.0
81.574644599983	98.0	100.0
81.59547759999987	98.0	100.0
81.61494919998222	98.0	100.0
81.63521459998447	99.0	100.0
81.65429749997566	99.0	100.0
81.67457499998272	99.0	100.0
81.69448599999305	99.0	100.0
81.71421869998449	99.0	100.0
81.73518649998005	99.0	100.0
81.75480149997748	99.0	100.0
81.77448289998574	99.0	100.0
81.7951787999773	99.0	100.0
81.81478399998741	99.0	100.0
81.83460639999248	99.0	100.0
81.85495189999347	99.0	100.0
81.87454989997786	99.0	100.0
81.8948874999769	99.0	100.0
81.91469929998857	99.0	100.0
81.93562029997702	99.0	100.0
81.95488929998828	99.0	100.0
81.97444949997589	99.0	100.0
81.99516949997633	99.0	100.0
82.01481679998687	99.0	100.0
82.03555029997369	99.0	100.0
82.05453349999152	99.0	100.0
82.07493729999987	99.0	100.0
82.09495209998568	99.0	100.0
82.11484599998221	99.0	100.0
82.13489209997351	99.0	100.0
82.15469509997638	99.0	100.0
82.17442229998414	99.0	100.0
82.19489729998168	99.0	100.0
82.21434249999584	99.0	100.0
82.2353208999848	99.0	100.0
82.2546624999959	99.0	100.0
82.27501769998344	99.0	100.0
82.2947761999967	99.0	100.0
82.31459809999797	99.0	100.0
82.3346347999759	99.0	100.0
82.35511709999992	99.0	100.0
82.37475949997315	99.0	100.0
82.39627329999348	99.0	100.0
82.41515979997348	99.0	100.0
82.43516979998094	99.0	100.0
82.45478819997516	99.0	100.0
82.47520519999671	99.0	100.0
82.4951009999786	99.0	100.0
82.51486709999153	99.0	100.0
82.53584199998295	99.0	100.0
82.555716199975	99.0	100.0
82.57568219999666	99.0	100.0
82.59619189999648	99.0	100.0
82.61595279999892	99.0	100.0
82.63606409999193	100.0	100.0
82.65545679998468	100.0	100.0
82.67514109998592	100.0	100.0
82.69506019999972	100.0	100.0
82.71544539998285	100.0	100.0
82.73517079997691	100.0	100.0
82.75575299997581	100.0	100.0
82.77576919997227	100.0	100.0
82.7962356999924	100.0	100.0
82.81542509997962	100.0	100.0
82.83568669998203	100.0	100.0
82.85535379999783	100.0	100.0
82.87558299998636	100.0	100.0
82.89578849999816	100.0	100.0
82.9154942999885	100.0	100.0
82.93507899998804	100.0	100.0
82.95588889997452	100.0	100.0
82.97527949998039	100.0	100.0
82.99596649999148	100.0	100.0
83.0158787999826	100.0	100.0
83.03598299997975	100.0	100.0
83.05568859999767	100.0	100.0
83.0758318999724	100.0	100.0
83.0954012000002	100.0	100.0
83.11544429999776	100.0	100.0
83.13524289999623	100.0	100.0
83.15634609997505	100.0	100.0
83.17571679997491	100.0	100.0
83.19651979999617	100.0	100.0
83.21569379998255	100.0	100.0
83.23638019998907	100.0	100.0
83.25599579999107	100.0	100.0
83.27603219999583	100.0	100.0
83.2958933999762	100.0	100.0
83.31620899998234	100.0	100.0
83.33505699998932	100.0	100.0
83.3551605999819	100.0	100.0
83.37496549999923	100.0	100.0
83.39576119999401	100.0	100.0
83.41530969997984	100.0	100.0
83.43486179999309	100.0	100.0
83.45541189998039	100.0	100.0
83.47577009999077	100.0	100.0
83.49713519998477	100.0	100.0
83.51222669999697	100.0	100.0
83.53497869998682	100.0	100.0
83.55665139999473	100.0	100.0
83.57595819997368	100.0	100.0
83.59693869997864	100.0	100.0
83.61694059998263	100.0	100.0
83.63576619999367	99.0	100.0
83.65559429998393	99.0	100.0
83.67600609999499	99.0	100.0
83.69590869999956	99.0	100.0
83.7161078999925	99.0	100.0
83.73622449999675	99.0	100.0
83.756103599997	99.0	100.0
83.81973550000112	99.0	100.0
83.81975719999173	99.0	100.0
83.81976609997218	99.0	100.0
83.8367436999979	99.0	100.0
83.9547109999985	99.0	100.0
83.95473649998894	99.0	100.0
83.95474599997397	99.0	100.0
83.95475389997591	99.0	100.0
83.95476189997862	99.0	100.0
83.95644059998449	99.0	100.0
83.97681769999326	99.0	100.0
83.99770259999787	99.0	100.0
84.01709269999992	99.0	100.0
84.03713259997312	99.0	100.0
84.0561549999984	99.0	100.0
84.07667209999636	99.0	100.0
84.12648629999603	99.0	100.0
84.1265357999946	99.0	100.0
84.13632429999416	99.0	100.0
84.26193439998315	99.0	100.0
84.26195559999906	99.0	100.0
84.26196389997494	99.0	100.0
84.26197179997689	99.0	100.0
84.26197939997655	99.0	100.0
84.26198719997774	99.0	100.0
84.2765504999843	99.0	100.0
84.29676749999635	99.0	100.0
84.31665889997385	99.0	100.0
84.3365542999818	99.0	100.0
84.39319939998677	99.0	100.0
84.39322019999963	99.0	100.0
84.39772099998663	99.0	100.0
84.41721139999572	99.0	100.0
84.43705569999292	99.0	100.0
84.48722199999611	99.0	100.0
84.4874703999958	99.0	100.0
84.49721149998368	99.0	100.0
84.51702139998088	99.0	100.0
84.53696739999577	99.0	100.0
84.5886517999752	99.0	100.0
84.58869859998231	99.0	100.0
84.59698529998423	99.0	100.0
84.61729709999054	99.0	100.0
84.63727249999647	98.0	100.0
84.65725949997432	98.0	100.0
84.69108530000085	98.0	100.0
84.69764499997837	98.0	100.0
84.71697649999987	98.0	100.0
84.73724560000119	98.0	100.0
84.7569048999867	98.0	100.0
84.7934605999908	98.0	100.0
84.79747169997427	98.0	100.0
84.81716179999057	98.0	100.0
84.83728949999204	98.0	100.0
84.85724889999256	98.0	100.0
84.89534609997645	98.0	100.0
84.89714279997861	98.0	100.0
84.91718329998548	98.0	100.0
84.9365690999839	98.0	100.0
84.95839839999098	98.0	100.0
84.99779609998222	98.0	100.0
84.99803930000053	98.0	100.0
85.01702739999746	98.0	100.0
85.03726709997864	98.0	100.0
85.05907589997514	98.0	100.0
85.24923219997436	98.0	100.0
85.25032459999784	98.0	100.0
85.25034319999395	98.0	100.0
85.2503515999997	98.0	100.0
85.25035899999784	98.0	100.0
85.25036629999522	98.0	100.0
85.2503740999964	98.0	100.0
85.25038219999988	98.0	100.0
85.25038949999725	98.0	100.0
85.25657299999148	98.0	100.0
85.27706899997429	98.0	100.0
85.29730739997467	98.0	100.0
85.35506969998823	98.0	100.0
85.355118699983	98.0	100.0
85.35757870000089	98.0	100.0
85.3771349999879	98.0	100.0
85.56130169998505	98.0	100.0
85.56135199998971	98.0	100.0
85.56137719997787	98.0	100.0
85.56140179999056	98.0	100.0
85.56144629998016	98.0	100.0
85.56150499999058	98.0	100.0
85.56153789997916	98.0	100.0
85.56156229999033	98.0	100.0
85.56158649999998	98.0	100.0
85.57763979997253	98.0	100.0
85.61237039999105	98.0	100.0
85.61802850000095	98.0	100.0
85.63812979997601	97.0	100.0
85.658272199973	97.0	100.0
85.67810699998518	97.0	100.0
85.6975677999726	97.0	100.0
85.7182358999853	97.0	100.0
85.73796709999442	97.0	100.0
85.75811129997601	97.0	100.0
85.77809569999226	97.0	100.0
85.96742279999307	97.0	100.0
85.9674749999831	97.0	100.0
85.9674992999935	97.0	100.0
85.9675220999925	97.0	100.0
85.96755219998886	97.0	100.0
85.96758539997973	97.0	100.0
85.96762009998201	97.0	100.0
85.96793169999728	97.0	100.0
85.9679644999851	97.0	100.0
85.97784869998577	97.0	100.0
85.99818739999318	97.0	100.0
86.0184621999797	97.0	100.0
86.03844720000052	97.0	100.0
86.05803859999287	97.0	100.0
86.07875049998984	97.0	100.0
86.11638859999948	97.0	100.0
86.11871329997666	97.0	100.0
86.13767649998772	97.0	100.0
86.1576804999786	97.0	100.0
86.1779780999932	97.0	100.0
86.20232079998823	97.0	100.0
86.21824459999334	97.0	100.0
86.23893439999665	97.0	100.0
86.2589702999976	97.0	100.0
86.2785563999787	97.0	100.0
86.47954979998758	97.0	100.0
86.47956969999359	97.0	100.0
86.47957799999858	97.0	100.0
86.47958590000053	97.0	100.0
86.47959350000019	97.0	100.0
86.47960129997227	97.0	100.0
86.47960909997346	97.0	100.0
86.47961659997236	97.0	100.0
86.47962439997355	97.0	100.0
86.47975829997449	97.0	100.0
86.49901959998533	97.0	100.0
86.53427159998682	97.0	100.0
86.53895629997714	97.0	100.0
86.55914699999266	97.0	100.0
86.57884439997724	97.0	100.0
86.5991459999932	97.0	100.0
86.6199775999994	97.0	100.0
86.63925319997361	96.0	100.0
86.6594330999942	96.0	100.0
86.68237989998306	96.0	100.0
86.69910589998472	96.0	100.0
86.71919639999396	96.0	100.0
86.73894089998794	96.0	100.0
86.75959479997982	96.0	100.0
86.78017259997432	96.0	100.0
86.80005379999056	96.0	100.0
86.81775229997584	96.0	100.0
86.83911809997517	96.0	100.0
86.8590546999767	96.0	100.0
86.8796386999893	96.0	100.0
86.90005559998099	96.0	100.0
86.91997709998395	96.0	100.0
86.93969189998461	96.0	100.0
86.95910939999158	96.0	100.0
86.97666849999223	96.0	100.0
86.9981200999755	96.0	100.0
87.01869059997262	96.0	100.0
87.04013819998363	96.0	100.0
87.0590464999841	96.0	100.0
87.07979499999783	96.0	100.0
87.10024149998208	96.0	100.0
87.11997229998815	96.0	100.0
87.13957219998701	96.0	100.0
87.15992700000061	96.0	100.0
87.17968739999924	96.0	100.0
87.20008789998246	96.0	100.0
87.21976569999242	96.0	100.0
87.23980899999151	96.0	100.0
87.25978819999727	96.0	100.0
87.27992999998969	96.0	100.0
87.29991909998353	96.0	100.0
87.32008079998195	96.0	100.0
87.33991789998254	96.0	100.0
87.36006529998849	96.0	100.0
87.37973729998339	96.0	100.0
87.40047459999914	96.0	100.0
87.4194465999899	96.0	100.0
87.43963349997648	96.0	100.0
87.45943239997723	96.0	100.0
87.47979919999489	96.0	100.0
87.49970859999303	96.0	100.0
87.51999259999138	96.0	100.0
87.53945469998871	96.0	100.0
87.56181269997614	96.0	100.0
87.57993139998871	96.0	100.0
87.60008609999204	96.0	100.0
87.62018899997929	96.0	100.0
87.64030949998414	92.0	100.0
87.66006029999699	92.0	100.0
87.6803875999758	92.0	100.0
87.70036299998173	92.0	100.0
87.71990569998161	92.0	100.0
87.73776779999025	92.0	100.0
87.759702499985	92.0	100.0
87.77942310000071	92.0	100.0
87.80060550000053	92.0	100.0
87.82046889999765	92.0	100.0
87.84057149998262	92.0	100.0
87.85787429998163	92.0	100.0
87.8799752999912	92.0	100.0
87.90017219999572	92.0	100.0
87.92097869998543	92.0	100.0
87.9397736999963	92.0	100.0
87.96006549999584	92.0	100.0
87.98051679998753	92.0	100.0
88.00043869999354	92.0	100.0
88.0202856999822	92.0	100.0
88.04033959997469	92.0	100.0
88.06006939997314	92.0	100.0
88.08023849999881	92.0	100.0
88.09986439999193	92.0	100.0
88.12005629998748	92.0	100.0
88.1400231999869	92.0	100.0
88.16008099997998	92.0	100.0
88.18003049999243	92.0	100.0
88.20052179999766	92.0	100.0
88.21995049997349	92.0	100.0
88.24081899999874	92.0	100.0
88.25992449998739	92.0	100.0
88.28029959998094	92.0	100.0
88.30068739998387	92.0	100.0
88.32032559998333	92.0	100.0
88.33941799998865	92.0	100.0
88.36098679999122	92.0	100.0
88.38079049999942	92.0	100.0
88.40109819997451	92.0	100.0
88.42117109999526	92.0	100.0
88.44085159999668	92.0	100.0
88.46070959998178	92.0	100.0
88.48106309998548	92.0	100.0
88.5011952999921	92.0	100.0
88.52040819998365	92.0	100.0
88.5402572999883	92.0	100.0
88.56036469998071	92.0	100.0
88.58010569997714	92.0	100.0
88.60107330000028	92.0	100.0
88.62153419997776	92.0	100.0
88.6415519999864	89.0	100.0
88.66078479998396	89.0	100.0
88.68017300000065	89.0	100.0
88.70027419997496	89.0	100.0
88.72127769998042	89.0	100.0
88.74095219999435	89.0	100.0
88.76124559997697	89.0	100.0
88.78125549998367	89.0	100.0
88.80157619999954	89.0	100.0
88.82123519998277	89.0	100.0
88.84108669997659	89.0	100.0
88.86146319998079	89.0	100.0
88.88093999997363	89.0	100.0
88.90109239998856	89.0	100.0
88.92082709999522	89.0	100.0
88.94059629997355	89.0	100.0
88.96061609999742	89.0	100.0
88.98022159998072	89.0	100.0
89.00072419998469	89.0	100.0
89.02070090000052	89.0	100.0
89.04080249997787	89.0	100.0
89.06099159998121	89.0	100.0
89.08092939999187	89.0	100.0
89.10094819997903	89.0	100.0
89.12052249998669	89.0	100.0
89.14052299998002	89.0	100.0
89.1610490999883	89.0	100.0
89.18068579997635	89.0	100.0
89.20190229997388	89.0	100.0
89.2208813999896	89.0	100.0
89.24114109997754	89.0	100.0
89.26160099997651	89.0	100.0
89.28091279999353	89.0	100.0
89.3006484999787	89.0	100.0
89.32125699997414	89.0	100.0
89.34049169998616	89.0	100.0
89.36091869999655	89.0	100.0
89.38069309998536	89.0	100.0
89.40114859997993	89.0	100.0
89.42072509997524	89.0	100.0
89.44113619998097	89.0	100.0
89.4606955999916	89.0	100.0
89.48091779998504	89.0	100.0
89.5079679999908	89.0	100.0
89.52111839997815	89.0	100.0
89.54130359998089	89.0	100.0
89.56124199999613	89.0	100.0
89.58151059999363	89.0	100.0
89.60198699997272	89.0	100.0
89.62138009999762	89.0	100.0
89.64178879998508	87.0	100.0
89.66115579998586	87.0	100.0
89.68171479998273	87.0	100.0
89.70157439998002	87.0	100.0
89.7218008999771	87.0	100.0
89.74166219998733	87.0	100.0
89.76180239999667	87.0	100.0
89.78104179998627	87.0	100.0
89.80164159997366	87.0	100.0
89.82109990000026	87.0	100.0
89.84107419999782	87.0	100.0
89.86113309999928	87.0	100.0
89.88110659999074	87.0	100.0
89.90133069999865	87.0	100.0
89.92136939999182	87.0	100.0
89.94076569998288	87.0	100.0
89.96117169997888	87.0	100.0
89.98119749999023	87.0	100.0
90.00161459998344	87.0	100.0
90.0211852999928	87.0	100.0
90.0415022999805	87.0	100.0
90.06151089997729	87.0	100.0
90.08141079999041	87.0	100.0
90.10158669998054	87.0	100.0
90.12094429999706	87.0	100.0
90.14109479999752	87.0	100.0
90.16128759999992	87.0	100.0
90.18106489998172	87.0	100.0
90.20158209998044	87.0	100.0
90.2215682999813	87.0	100.0
90.24139559999458	87.0	100.0
90.26097889998346	87.0	100.0
90.28155689997948	87.0	100.0
90.30140829997254	87.0	100.0
90.32138069998473	87.0	100.0
90.34174919998622	87.0	100.0
90.36156359998859	87.0	100.0
90.38170609998633	87.0	100.0
90.40284339999198	87.0	100.0
90.42165859998204	87.0	100.0
90.44211559998803	87.0	100.0
90.46135949998279	87.0	100.0
90.4815232999972	87.0	100.0
90.50351119998959	87.0	100.0
90.52199059998384	87.0	100.0
90.54182819998823	87.0	100.0
90.56421909999335	87.0	100.0
90.58160079998197	87.0	100.0
90.60274119998212	87.0	100.0
90.6227997999813	87.0	100.0
90.64237469999352	84.0	100.0
90.66150119999656	84.0	100.0
90.68148339999607	84.0	100.0
90.70192599997972	84.0	100.0
90.72124839999015	84.0	100.0
90.74100999999791	84.0	100.0
90.7616524999903	84.0	100.0
90.78104039997561	84.0	100.0
90.80305479999515	84.0	100.0
90.82142249998287	84.0	100.0
90.84176909999223	84.0	100.0
90.86193179999827	84.0	100.0
90.8824789999926	84.0	100.0
90.9034241999907	84.0	100.0
90.92166199997882	84.0	100.0
90.94133459997829	84.0	100.0
90.96111789997667	84.0	100.0
90.98099459998775	84.0	100.0
91.00166429998353	84.0	100.0
91.02120459999423	84.0	100.0
91.04122249997454	84.0	100.0
91.06164589998662	84.0	100.0
91.08118639999884	84.0	100.0
91.10208499999135	84.0	100.0
91.12265009997645	84.0	100.0
91.14137759999721	84.0	100.0
91.16174619999947	84.0	100.0
91.18208939998294	84.0	100.0
91.20308159998967	84.0	100.0
91.22174349997658	84.0	100.0
91.24219719998655	84.0	100.0
91.26173259998905	84.0	100.0
91.28192819998367	84.0	100.0
91.30227829999058	84.0	100.0
91.32206719997339	84.0	100.0
91.34257449998404	84.0	100.0
91.36278289998882	84.0	100.0
91.3815625999996	84.0	100.0
91.40163599999505	84.0	100.0
91.42149349997635	84.0	100.0
91.44162349999533	84.0	100.0
91.46124759997474	84.0	100.0
91.4819271999877	84.0	100.0
91.5016260999837	84.0	100.0
91.52160589999403	84.0	100.0
91.54205489999731	84.0	100.0
91.56162999998196	84.0	100.0
91.5815768999746	84.0	100.0
91.60270069999387	84.0	100.0
91.62278619999415	84.0	100.0
91.64267349999864	83.0	100.0
91.66204129997641	83.0	100.0
91.68272269997397	83.0	100.0
91.70295429998077	83.0	100.0
91.72249359998386	83.0	100.0
91.74245249998057	83.0	100.0
91.76269449997926	83.0	100.0
91.78260269999737	83.0	100.0
91.80288559998735	83.0	100.0
91.8222254999855	83.0	100.0
91.84273929998744	83.0	100.0
91.86216039999272	83.0	100.0
91.88268640000024	83.0	100.0
91.9031633999839	83.0	100.0
91.9176054999989	83.0	100.0
91.93688199997996	83.0	100.0
91.95722679997561	83.0	100.0
91.97858509997604	83.0	100.0
92.00050629998441	83.0	100.0
92.02172229997814	83.0	100.0
92.0415816999739	83.0	100.0
92.06248769999365	83.0	100.0
92.08261069998844	83.0	100.0
92.10257729998557	83.0	100.0
92.12325399997644	83.0	100.0
92.14273169997614	83.0	100.0
92.16248739999719	83.0	100.0
92.18187349999789	83.0	100.0
92.2031751999748	83.0	100.0
92.22266939998372	83.0	100.0
92.24299849997624	83.0	100.0
92.26290349999908	83.0	100.0
92.28253599998425	83.0	100.0
92.30207819998031	83.0	100.0
92.32252809999045	83.0	100.0
92.34229249999044	83.0	100.0
92.36277209999389	83.0	100.0
92.38266149998526	83.0	100.0
92.40321619997849	83.0	100.0
92.42242949997308	83.0	100.0
92.44368349999422	83.0	100.0
92.46167249997961	83.0	100.0
92.4831462999864	83.0	100.0
92.50296589999925	83.0	100.0
92.52270669999416	83.0	100.0
92.54254249998485	83.0	100.0
92.56279709999217	83.0	100.0
92.58292119999533	83.0	100.0
92.60329999998794	83.0	100.0
92.62325889998465	83.0	100.0
92.64339149999432	83.0	100.0
92.66290869997465	83.0	100.0
92.68337089999113	83.0	100.0
92.70291559997713	83.0	100.0
92.72293279998121	83.0	100.0
92.74275029997807	83.0	100.0
92.76283149997471	83.0	100.0
92.78291099998751	83.0	100.0
92.80361469998024	83.0	100.0
92.8226130999974	83.0	100.0
92.84292289998848	83.0	100.0
92.86284589997376	83.0	100.0
92.88256519997958	83.0	100.0
92.90273439997691	83.0	100.0
92.9228032999963	83.0	100.0
92.94169019997935	83.0	100.0
92.96233939999365	83.0	100.0
92.98255429998972	83.0	100.0
93.00241749998531	83.0	100.0
93.02244289999362	83.0	100.0
93.04285549998167	83.0	100.0
93.06266189998132	83.0	100.0
93.08246439998038	83.0	100.0
93.10335239997949	83.0	100.0
93.12363849999383	83.0	100.0
93.143474099983	83.0	100.0
93.16329909997876	83.0	100.0
93.18346109997947	83.0	100.0
93.20369489997393	83.0	100.0
93.22305619998951	83.0	100.0
93.24325639999006	83.0	100.0
93.26354539999738	83.0	100.0
93.28334149997681	83.0	100.0
93.30407610000111	83.0	100.0
93.32385829999112	83.0	100.0
93.34283189999405	83.0	100.0
93.36291159997927	83.0	100.0
93.38250599999446	83.0	100.0
93.40420949997497	83.0	100.0
93.42384359997232	83.0	100.0
93.44497099998989	83.0	100.0
93.46372699999483	83.0	100.0
93.4838996999897	83.0	100.0
93.50365410000086	83.0	100.0
93.5235943000007	83.0	100.0
93.54379349999363	83.0	100.0
93.5657244999893	83.0	100.0
93.58394719997887	83.0	100.0
93.60396729997592	83.0	100.0
93.62406759997248	83.0	100.0
93.64407849998679	81.0	100.0
93.66393019998213	81.0	100.0
93.68358179999632	81.0	100.0
93.70410769997397	81.0	100.0
93.72367169999052	81.0	100.0
93.74308039998868	81.0	100.0
93.76389329999802	81.0	100.0
93.78423089999706	81.0	100.0
93.80360879999353	81.0	100.0
93.8238924999896	81.0	100.0
93.84420699998736	81.0	100.0
93.86410489998525	81.0	100.0
93.88408909999998	81.0	100.0
93.90417739999248	81.0	100.0
93.92440639997949	81.0	100.0
93.94390059998841	81.0	100.0
93.96382129998528	81.0	100.0
93.98355489998357	81.0	100.0
94.00404299999354	81.0	100.0
94.02282749998267	81.0	100.0
94.04362449998735	81.0	100.0
94.06303889999981	81.0	100.0
94.08363209999516	81.0	100.0
94.10354739998002	81.0	100.0
94.12369869998656	81.0	100.0
94.14933379998547	81.0	100.0
94.16375609999523	81.0	100.0
94.18312999999034	81.0	100.0
94.20372649998171	81.0	100.0
94.22327749998658	81.0	100.0
94.24535669997567	81.0	100.0
94.26311879997957	81.0	100.0
94.28361609997228	81.0	100.0
94.30423689997406	81.0	100.0
94.32375159999356	81.0	100.0
94.34394539997447	81.0	100.0
94.36401859999751	81.0	100.0
94.38369469999452	81.0	100.0
94.40393659999245	81.0	100.0
94.42373889998998	81.0	100.0
94.44377699997858	81.0	100.0
94.46307519997936	81.0	100.0
94.48389249999309	81.0	100.0
94.50360789999831	81.0	100.0
94.5238467999734	81.0	100.0
94.54799349998939	81.0	100.0
94.56373589998111	81.0	100.0
94.58338369999547	81.0	100.0
94.60456599999452	81.0	100.0
94.62419989999034	81.0	100.0
94.64411109997309	81.0	100.0
94.66339399997378	81.0	100.0
94.68423210000037	81.0	100.0
94.70417769998312	81.0	100.0
94.72426659998018	81.0	100.0
94.74440109997522	81.0	100.0
94.76434339999105	81.0	100.0
94.78484179999214	81.0	100.0
94.80442839997704	81.0	100.0
94.82439279998653	81.0	100.0
94.84530099999392	81.0	100.0
94.86443019998842	81.0	100.0
94.88462569998228	81.0	100.0
94.90437869998277	81.0	100.0
94.9240844999731	81.0	100.0
94.94396279999637	81.0	100.0
94.96404619998066	81.0	100.0
94.98466739998548	81.0	100.0
95.00510379998013	81.0	100.0
95.02697909998824	81.0	100.0
95.04485189999104	81.0	100.0
95.06481309997616	81.0	100.0
95.0849884999916	81.0	100.0
95.1045349999913	81.0	100.0
95.1248558999796	81.0	100.0
95.14503229997354	81.0	100.0
95.16429859999334	81.0	100.0
95.18405269997311	81.0	100.0
95.20520859997487	81.0	100.0
95.22474159998819	81.0	100.0
95.2446810999827	81.0	100.0
95.26478779999889	81.0	100.0
95.28484429998207	81.0	100.0
95.30482179997489	81.0	100.0
95.32497869999497	81.0	100.0
95.34494229999837	81.0	100.0
95.3643833999813	81.0	100.0
95.3842650000006	81.0	100.0
95.4050859999843	81.0	100.0
95.42442889997619	81.0	100.0
95.44449709999026	81.0	100.0
95.46389669997734	81.0	100.0
95.48452209998504	81.0	100.0
95.50453169998946	81.0	100.0
95.52457649999997	81.0	100.0
95.54675309997401	81.0	100.0
95.56425539997872	81.0	100.0
95.58437369999592	81.0	100.0
95.60465470000054	81.0	100.0
95.62488019999	81.0	100.0
95.64476029999787	81.0	100.0
95.66399629999069	81.0	100.0
95.68433129999903	81.0	100.0
95.7045898999786	81.0	100.0
95.72488689998863	81.0	100.0
95.74452469998505	81.0	100.0
95.76413129997673	81.0	100.0
95.78419619999477	81.0	100.0
95.80488519999199	81.0	100.0
95.8245216999785	81.0	100.0
95.84448759999941	81.0	100.0
95.86440819999552	81.0	100.0
95.8847117999976	81.0	100.0
95.90458569998736	81.0	100.0
95.92470189998858	81.0	100.0
95.94462509997538	81.0	100.0
95.964576999977	81.0	100.0
95.9844520999759	81.0	100.0
96.00481999997282	81.0	100.0
96.0247618999856	81.0	100.0
96.04952309999499	81.0	100.0
96.06410399999004	81.0	100.0
96.08518169997842	81.0	100.0
96.1049993999768	81.0	100.0
96.12436349998461	81.0	100.0
96.1446763999993	81.0	100.0
96.16438059997745	81.0	100.0
96.18465079998714	81.0	100.0
96.20481919997837	81.0	100.0
96.22380329997395	81.0	100.0
96.25423219997901	81.0	100.0
96.26082429999951	81.0	100.0
96.28117489998112	81.0	100.0
96.30242289998569	81.0	100.0
96.32418229998439	81.0	100.0
96.34437089998391	81.0	100.0
96.36420319997706	81.0	100.0
96.38415829997393	81.0	100.0
96.40588489998481	81.0	100.0
96.42513059999328	81.0	100.0
96.44472069997573	81.0	100.0
96.46425999997882	81.0	100.0
96.48469509999268	81.0	100.0
96.50476559999515	81.0	100.0
96.52489579998655	81.0	100.0
96.54456769998069	81.0	100.0
96.56693939998513	81.0	100.0
96.58457699997234	81.0	100.0
96.60497519999626	81.0	100.0
96.625020699983	81.0	100.0
96.64495509999688	82.0	100.0
96.66489409998758	82.0	100.0
96.68477849999908	82.0	100.0
96.7050620999944	82.0	100.0
96.72477679999429	82.0	100.0
96.74328349999269	82.0	100.0
96.76423129998147	82.0	100.0
96.78493179997895	82.0	100.0
96.80477369998698	82.0	100.0
96.8246150999912	82.0	100.0
96.84456489997683	82.0	100.0
96.86410729997442	82.0	100.0
96.88494639997953	82.0	100.0
96.90551579999737	82.0	100.0
96.92541219998384	82.0	100.0
96.94543379999232	82.0	100.0
96.9654395999969	82.0	100.0
96.98534389998531	82.0	100.0
97.0058480000007	82.0	100.0
97.0249877999886	82.0	100.0
97.04566049997811	82.0	100.0
97.0649296999909	82.0	100.0
97.08505779999541	82.0	100.0
97.1050402999972	82.0	100.0
97.1250198999769	82.0	100.0
97.1449332999764	82.0	100.0
97.1648228999984	82.0	100.0
97.18491119999089	82.0	100.0
97.20507719999296	82.0	100.0
97.22539029998006	82.0	100.0
97.24516149997362	82.0	100.0
97.26478539998061	82.0	100.0
97.28560599999037	82.0	100.0
97.30571409998811	82.0	100.0
97.32506609999109	82.0	100.0
97.345507799997	82.0	100.0
97.36556199999177	82.0	100.0
97.3855593999906	82.0	100.0
97.40500909998082	82.0	100.0
97.42460109997774	82.0	100.0
97.44519559998298	82.0	100.0
97.46495349999168	82.0	100.0
97.48510779999197	82.0	100.0
97.5050342999748	82.0	100.0
97.52525999999489	82.0	100.0
97.54493459998048	82.0	100.0
97.56507559999591	82.0	100.0
97.58498489999329	82.0	100.0
97.6057121999911	82.0	100.0
97.62541670000064	82.0	100.0
97.64559939998435	81.0	100.0
97.66581179999048	81.0	100.0
97.685636899987	81.0	100.0
97.70563009998295	81.0	100.0
97.72572949997266	81.0	100.0
97.7458344999759	81.0	100.0
97.76567639998393	81.0	100.0
97.78560769997421	81.0	100.0
97.80593819997739	81.0	100.0
97.82503809998161	81.0	100.0
97.84517649997724	81.0	100.0
97.86544299998786	81.0	100.0
97.88450389998616	81.0	100.0
97.9059772999899	81.0	100.0
97.9250404999766	81.0	100.0
97.94494059999124	81.0	100.0
97.96545679998235	81.0	100.0
97.9859865999897	81.0	100.0
98.00614509999286	81.0	100.0
98.025459699973	81.0	100.0
98.04574569998658	81.0	100.0
98.06523539999034	81.0	100.0
98.08611389997532	81.0	100.0
98.10567889999948	81.0	100.0
98.12566279998282	81.0	100.0
98.14563899999484	81.0	100.0
98.16576029997668	81.0	100.0
98.18497179998667	81.0	100.0
98.2055823999981	81.0	100.0
98.22548579997965	81.0	100.0
98.24522369998158	81.0	100.0
98.26530529998126	81.0	100.0
98.28511430000071	81.0	100.0
98.30560059999698	81.0	100.0
98.32488579998608	81.0	100.0
98.34509659998002	81.0	100.0
98.36550389998592	81.0	100.0
98.38522789999843	81.0	100.0
98.40525089998846	81.0	100.0
98.42526209997595	81.0	100.0
98.44549519999418	81.0	100.0
98.46498969997629	81.0	100.0
98.48501649999525	81.0	100.0
98.50532469997415	81.0	100.0
98.52528829997755	81.0	100.0
98.54499080000096	81.0	100.0
98.56558389999554	81.0	100.0
98.58518029999686	81.0	100.0
98.6055367999943	81.0	100.0
98.62628039999981	81.0	100.0
98.64606949998415	80.0	100.0
98.66554729998461	80.0	100.0
98.68560339999385	80.0	100.0
98.7057960999955	80.0	100.0
98.72539519998827	80.0	100.0
98.74506449999171	80.0	100.0
98.76498039998114	80.0	100.0
98.78607449997799	80.0	100.0
98.80669169998146	80.0	100.0
98.8257917999872	80.0	100.0
98.84648749997723	80.0	100.0
98.86654709998402	80.0	100.0
98.88580409999122	80.0	100.0
98.90585640000063	80.0	100.0
98.92559899998014	80.0	100.0
98.94534239999484	80.0	100.0
98.96564799998305	80.0	100.0
98.98568639997393	80.0	100.0
99.00552649999736	80.0	100.0
99.02527279997594	80.0	100.0
99.04593519997434	80.0	100.0
99.06516079997527	80.0	100.0
99.08566019998398	80.0	100.0
99.10630809998838	80.0	100.0
99.12556719998247	80.0	100.0
99.14552949997596	80.0	100.0
99.16573539999081	80.0	100.0
99.18576399999438	80.0	100.0
99.20559729999513	80.0	100.0
99.22554590000072	80.0	100.0
99.2453775999893	80.0	100.0
99.2654275999812	80.0	100.0
99.28620750000118	80.0	100.0
99.30601659999229	80.0	100.0
99.32530749999569	80.0	100.0
99.34607969998615	80.0	100.0
99.36546549998457	80.0	100.0
99.38551079999888	80.0	100.0
99.40662499997416	80.0	100.0
99.42558309997548	80.0	100.0
99.44550089997938	80.0	100.0
99.46561909999582	80.0	100.0
99.48630849999608	80.0	100.0
99.50650139999925	80.0	100.0
99.52637599999434	80.0	100.0
99.54551379999612	80.0	100.0
99.56855169998016	80.0	100.0
99.5865190999757	80.0	100.0
99.6073157999781	80.0	100.0
99.62681499999599	80.0	100.0
99.64725869998801	79.0	100.0
99.66662289999658	79.0	100.0
99.68625389999943	79.0	100.0
99.7067957999825	79.0	100.0
99.72649939998519	79.0	100.0
99.74553329998162	79.0	100.0
99.76630799999111	79.0	100.0
99.78623689999222	79.0	100.0
99.80654199997662	79.0	100.0
99.82647099997848	79.0	100.0
99.84643509998568	79.0	100.0
99.86580959998537	79.0	100.0
99.88576409997768	79.0	100.0
99.90670219997992	79.0	100.0
99.92590719999862	79.0	100.0
99.94556639998336	79.0	100.0
99.96635709999828	79.0	100.0
99.98646169999847	79.0	100.0
100.00683949998347	79.0	100.0
100.02653229999123	79.0	100.0
100.04632499997388	79.0	100.0
100.06657639998593	79.0	100.0
100.08654749998823	79.0	100.0
100.10675779997837	79.0	100.0
100.12642329998198	79.0	100.0
100.14648079997278	79.0	100.0
100.16663779999362	79.0	100.0
100.18647229997441	79.0	100.0
100.20659759998671	79.0	100.0
100.22697920000064	79.0	100.0
100.24655669997446	79.0	100.0
100.26657779997913	79.0	100.0
100.28674049998517	79.0	100.0
100.30849519997719	79.0	100.0
100.32661509999889	79.0	100.0
100.34664959998918	79.0	100.0
100.36658199998783	79.0	100.0
100.38614209997468	79.0	100.0
100.40691329998663	79.0	100.0
100.42638109999825	79.0	100.0
100.44669739998062	79.0	100.0
100.46578999998746	79.0	100.0
100.48673939998844	79.0	100.0
100.50698059998103	79.0	100.0
100.52689579999424	79.0	100.0
100.54686979998951	79.0	100.0
100.56651149998652	79.0	100.0
100.58660709997639	79.0	100.0
100.60691069997847	79.0	100.0
100.62775009998586	79.0	100.0
100.64750609998009	79.0	100.0
100.6673464999767	79.0	100.0
100.68739139998797	79.0	100.0
100.70785869998508	79.0	100.0
100.72710799999186	79.0	100.0
100.74724959998275	79.0	100.0
100.76738209999166	79.0	100.0
100.78758289999678	79.0	100.0
100.80738259997452	79.0	100.0
100.82754279999062	79.0	100.0
100.84730289998697	79.0	100.0
100.86706709998543	79.0	100.0
100.8870335999818	79.0	100.0
100.9073311999964	79.0	100.0
100.92714179999894	79.0	100.0
100.94698139998945	79.0	100.0
100.9671080999833	79.0	100.0
100.98676289999275	79.0	100.0
101.00756349999574	79.0	100.0
101.02695639999001	79.0	100.0
101.04725719999988	79.0	100.0
101.06701819997397	79.0	100.0
101.08731749997241	79.0	100.0
101.10733749999781	79.0	100.0
101.12724319999688	79.0	100.0
101.14721379999537	79.0	100.0
101.16693249999662	79.0	100.0
101.18704569997499	79.0	100.0
101.20773719999124	79.0	100.0
101.2270501999883	79.0	100.0
101.2474478999793	79.0	100.0
101.26669459999539	79.0	100.0
101.28722919998108	79.0	100.0
101.3075326999824	79.0	100.0
101.327956299996	79.0	100.0
101.34737229999155	79.0	100.0
101.36733939999249	79.0	100.0
101.38770329998806	79.0	100.0
101.40810149998288	79.0	100.0
101.42718739999691	79.0	100.0
101.44863469997654	79.0	100.0
101.46708099998068	79.0	100.0
101.48744249998708	79.0	100.0
101.5076794999768	79.0	100.0
101.52764589997241	79.0	100.0
101.54742199997418	79.0	100.0
101.56771599999047	79.0	100.0
101.58746359997895	79.0	100.0
101.60766259999946	79.0	100.0
101.62833209999371	79.0	100.0
101.64848709999933	77.0	100.0
101.66785349999554	77.0	100.0
101.68796579999616	77.0	100.0
101.70817199998419	77.0	100.0
101.72803199998452	77.0	100.0
101.74727399999392	77.0	100.0
101.76792459998978	77.0	100.0
101.7881527999998	77.0	100.0
101.80824980000034	77.0	100.0
101.82748729997547	77.0	100.0
101.84770629997365	77.0	100.0
101.86770679999609	77.0	100.0
101.88753169999109	77.0	100.0
101.90792769999825	77.0	100.0
101.92783679999411	77.0	100.0
101.94762009999249	77.0	100.0
101.96758329999284	77.0	100.0
101.98769650000031	77.0	100.0
102.00821319999523	77.0	100.0
102.02705289999722	77.0	100.0
102.04805139999371	77.0	100.0
102.06673899997259	77.0	100.0
102.08759159999317	77.0	100.0
102.10775989998365	77.0	100.0
102.12717479999992	77.0	100.0
102.14784589997726	77.0	100.0
102.16801639998448	77.0	100.0
102.18767039998784	77.0	100.0
102.20809039997403	77.0	100.0
102.22793069999898	77.0	100.0
102.24803199997405	77.0	100.0
102.26779379998334	77.0	100.0
102.28781679997337	77.0	100.0
102.30810070000007	77.0	100.0
102.32704759997432	77.0	100.0
102.34802919998765	77.0	100.0
102.3682893999794	77.0	100.0
102.38837119998061	77.0	100.0
102.40940669999691	77.0	100.0
102.42799719999311	77.0	100.0
102.44785589998355	77.0	100.0
102.46805489997496	77.0	100.0
102.48823009998887	77.0	100.0
102.50816879997728	77.0	100.0
102.52902299998095	77.0	100.0
102.54799359999015	77.0	100.0
102.56956419997732	77.0	100.0
102.58823669998674	77.0	100.0
102.60882179997861	77.0	100.0
102.6279517999792	77.0	100.0
102.64871529999073	77.0	100.0
102.66870709997602	77.0	100.0
102.68825179999112	77.0	100.0
102.7087677999807	77.0	100.0
102.7289965999953	77.0	100.0
102.75515599999926	77.0	100.0
102.76917979997233	77.0	100.0
102.7882852999901	77.0	100.0
102.80907540000044	77.0	100.0
102.8281707999995	77.0	100.0
102.84830869999132	77.0	100.0
102.8686968999973	77.0	100.0
102.88888249997399	77.0	100.0
102.90834379999433	77.0	100.0
102.92797079999582	77.0	100.0
102.94798159998027	77.0	100.0
102.96797959998366	77.0	100.0
102.98829389997991	77.0	100.0
103.00941169998259	77.0	100.0
103.02877299999818	77.0	100.0
103.04858369997237	77.0	100.0
103.06830249997438	77.0	100.0
103.08825639999122	77.0	100.0
103.10899859998608	77.0	100.0
103.12893959999201	77.0	100.0
103.14821639997535	77.0	100.0
103.16854769998463	77.0	100.0
103.18855649998295	77.0	100.0
103.20916539998143	77.0	100.0
103.22874939997564	77.0	100.0
103.24868869999773	77.0	100.0
103.26811019997695	77.0	100.0
103.28853529997286	77.0	100.0
103.30831589997979	77.0	100.0
103.32858099997975	77.0	100.0
103.34886179998284	77.0	100.0
103.36910399998305	77.0	100.0
103.38831759997993	77.0	100.0
103.40937769997981	77.0	100.0
103.42873779998627	77.0	100.0
103.44867269997485	77.0	100.0
103.46713319999981	77.0	100.0
103.4893991999852	77.0	100.0
103.5089822000009	77.0	100.0
103.52934089998598	77.0	100.0
103.54903589998139	77.0	100.0
103.56822579997242	77.0	100.0
103.58813359998749	77.0	100.0
103.60940989997471	77.0	100.0
103.62949009999284	77.0	100.0
103.64924819997395	76.0	100.0
103.6687363999954	76.0	100.0
103.68863849999616	76.0	100.0
103.7085227999778	76.0	100.0
103.72856679998222	76.0	100.0
103.74833279999439	76.0	100.0
103.76870069999131	76.0	100.0
103.78818809997756	76.0	100.0
103.80932629999006	76.0	100.0
103.8287505999906	76.0	100.0
103.8491283999756	76.0	100.0
103.8680950999842	76.0	100.0
103.8888340999838	76.0	100.0
103.90935259999242	76.0	100.0
103.92898239998613	76.0	100.0
103.94875479998882	76.0	100.0
103.96913620000123	76.0	100.0
103.98873289997573	76.0	100.0
104.00936829997227	76.0	100.0
104.02824079999118	76.0	100.0
104.04843029999756	76.0	100.0
104.06879889999982	76.0	100.0
104.08943889997317	76.0	100.0
104.10913389999769	76.0	100.0
104.12905819999287	76.0	100.0
104.14931299997261	76.0	100.0
104.16858339999453	76.0	100.0
104.18872149998788	76.0	100.0
104.20948089999729	76.0	100.0
104.2286943999934	76.0	100.0
104.24915859999601	76.0	100.0
104.26919809999526	76.0	100.0
104.28888959999313	76.0	100.0
104.30791359997238	76.0	100.0
104.32815659997868	76.0	100.0
104.34929220000049	76.0	100.0
104.36730059998808	76.0	100.0
104.38702359999297	76.0	100.0
104.40576569997938	76.0	100.0
104.42392789997393	76.0	100.0
104.44446909998078	76.0	100.0
104.46534729999257	76.0	100.0
104.48942369999713	76.0	100.0
104.50830279997899	76.0	100.0
104.52934280000045	76.0	100.0
104.54921359999571	76.0	100.0
104.56884649998392	76.0	100.0
104.58856809997815	76.0	100.0
104.60894449998159	76.0	100.0
104.62972869997611	76.0	100.0
104.64937839997583	77.0	100.0
104.66903549997369	77.0	100.0
104.68935209998745	77.0	100.0
104.70902779998141	77.0	100.0
104.72897999998531	77.0	100.0
104.7487174999842	77.0	100.0
104.76821809998364	77.0	100.0
104.78828389997943	77.0	100.0
104.80931539999438	77.0	100.0
104.82829219999257	77.0	100.0
104.85013989999425	77.0	100.0
104.86835959999007	77.0	100.0
104.88867309998022	77.0	100.0
104.90874639997492	77.0	100.0
104.92920169999707	77.0	100.0
104.94874769999296	77.0	100.0
104.96866649997537	77.0	100.0
104.98872169997776	77.0	100.0
105.00949689999106	77.0	100.0
105.02908279999974	77.0	100.0
105.04922439999063	77.0	100.0
105.06814759998815	77.0	100.0
105.08935229998315	77.0	100.0
105.10978519998025	77.0	100.0
105.12915909997537	77.0	100.0
105.14865109999664	77.0	100.0
105.16898049999145	77.0	100.0
105.18877519998932	77.0	100.0
105.20901129997219	77.0	100.0
105.22984219997306	77.0	100.0
105.24907739998889	77.0	100.0
105.26877559997956	77.0	100.0
105.28951969998889	77.0	100.0
105.30888050000067	77.0	100.0
105.32969739998225	77.0	100.0
105.34989289997611	77.0	100.0
105.3695550999837	77.0	100.0
105.38888319997932	77.0	100.0
105.40979599999264	77.0	100.0
105.42924019999919	77.0	100.0
105.44957050000085	77.0	100.0
105.46935209998628	77.0	100.0
105.48940089999815	77.0	100.0
105.50951589999022	77.0	100.0
105.52956799999811	77.0	100.0
105.54924049999681	77.0	100.0
105.57137149997288	77.0	100.0
105.58949509999366	77.0	100.0
105.60974539999734	77.0	100.0
105.62923949997639	77.0	100.0
105.64979979998316	76.0	100.0
105.66947389999405	76.0	100.0
105.68946829999913	76.0	100.0
105.70979819999775	76.0	100.0
105.72973949997686	76.0	100.0
105.74942749997717	76.0	100.0
105.76964220000082	76.0	100.0
105.78940499998862	76.0	100.0
105.80979549998301	76.0	100.0
105.82956569999806	76.0	100.0
105.84953369997675	76.0	100.0
105.86937249999028	76.0	100.0
105.88956689997576	76.0	100.0
105.90945409997948	76.0	100.0
105.92935929997475	76.0	100.0
105.94955369998934	76.0	100.0
105.96967179997591	76.0	100.0
105.98936229999526	76.0	100.0
106.00960399999167	76.0	100.0
106.02954199997475	76.0	100.0
106.04947009999887	76.0	100.0
106.06954799999949	76.0	100.0
106.08962239997345	76.0	100.0
106.10920619999524	76.0	100.0
106.12895959999878	76.0	100.0
106.14972119999584	76.0	100.0
106.16900769999484	76.0	100.0
106.1889983000001	76.0	100.0
106.20925739998347	76.0	100.0
106.22896819998277	76.0	100.0
106.24914349999744	76.0	100.0
106.26971100000083	76.0	100.0
106.28957819999778	76.0	100.0
106.30986089998623	76.0	100.0
106.32980059998226	76.0	100.0
106.34951809997438	76.0	100.0
106.36964699998498	76.0	100.0
106.38948230000096	76.0	100.0
106.40938119997736	76.0	100.0
106.42903319999459	76.0	100.0
106.44919929999742	76.0	100.0
106.46916129998863	76.0	100.0
106.48912069998914	76.0	100.0
106.50930289999815	76.0	100.0
106.52936399998725	76.0	100.0
106.54925909999292	76.0	100.0
106.56947149999905	76.0	100.0
106.58892669997294	76.0	100.0
106.6095190999913	76.0	100.0
106.62987909998628	76.0	100.0
106.64939339997363	75.0	100.0
106.66927399998531	75.0	100.0
106.68927239999175	75.0	100.0
106.70928229999845	75.0	100.0
106.72954489997937	75.0	100.0
106.74990959998104	75.0	100.0
106.77005839999765	75.0	100.0
106.79033089999575	75.0	100.0
106.80989829997998	75.0	100.0
106.82950829999754	75.0	100.0
106.8497293999826	75.0	100.0
106.86999759997707	75.0	100.0
106.8896609999938	75.0	100.0
106.90976640000008	75.0	100.0
106.9294628999778	75.0	100.0
106.94974889999139	75.0	100.0
106.96981069998583	75.0	100.0
106.98963459997321	75.0	100.0
107.0098897999851	75.0	100.0
107.02961209998466	75.0	100.0
107.0505664999946	75.0	100.0
107.06979849998606	75.0	100.0
107.09035569999833	75.0	100.0
107.1094269999885	75.0	100.0
107.13000469998224	75.0	100.0
107.14992469997378	75.0	100.0
107.17005259997677	75.0	100.0
107.18980699998792	75.0	100.0
107.21053789998405	75.0	100.0
107.22958669997752	75.0	100.0
107.24977609998314	75.0	100.0
107.26974949997384	75.0	100.0
107.29012799999327	75.0	100.0
107.30980939997244	75.0	100.0
107.33081329998095	75.0	100.0
107.34930159998476	75.0	100.0
107.3693480999791	75.0	100.0
107.38938909998978	75.0	100.0
107.40949949997594	75.0	100.0
107.42889669997385	75.0	100.0
107.44934799999464	75.0	100.0
107.4692288999795	75.0	100.0
107.4893670999736	75.0	100.0
107.5096830999828	75.0	100.0
107.52944519999437	75.0	100.0
107.54962159998831	75.0	100.0
107.56959939998342	75.0	100.0
107.58936579999863	75.0	100.0
107.61018929997226	75.0	100.0
107.63113419999718	75.0	100.0
107.65057549998164	74.0	100.0
107.66971819999162	74.0	100.0
107.69080269997357	74.0	100.0
107.71037679997971	74.0	100.0
107.73010539999814	74.0	100.0
107.74910849999287	74.0	100.0
107.77028679999057	74.0	100.0
107.79023139999481	74.0	100.0
107.81112339999527	74.0	100.0
107.83015569997951	74.0	100.0
107.85071159998188	74.0	100.0
107.8699198999966	74.0	100.0
107.89004719999502	74.0	100.0
107.91074589997879	74.0	100.0
107.92985749998479	74.0	100.0
107.95028009999078	74.0	100.0
107.97082019998925	74.0	100.0
107.99009709997335	74.0	100.0
108.01111949997721	74.0	100.0
108.03048689998104	74.0	100.0
108.05167309998069	74.0	100.0
108.07056779999402	74.0	100.0
108.09098660000018	74.0	100.0
108.11020779999672	74.0	100.0
108.13007419998758	74.0	100.0
108.1495957999723	74.0	100.0
108.16967619999195	74.0	100.0
108.18964569998207	74.0	100.0
108.21031359999324	74.0	100.0
108.22964949999005	74.0	100.0
108.25107999998727	74.0	100.0
108.27032739997958	74.0	100.0
108.28955219997442	74.0	100.0
108.30974259998766	74.0	100.0
108.33038459997624	74.0	100.0
108.35011589998612	74.0	100.0
108.370814599999	74.0	100.0
108.39069929998368	74.0	100.0
108.41153209999902	74.0	100.0
108.43055999997887	74.0	100.0
108.45074789997307	74.0	100.0
108.47012799998629	74.0	100.0
108.49069499998586	74.0	100.0
108.51075409998884	74.0	100.0
108.53082549999817	74.0	100.0
108.54962449998129	74.0	100.0
108.57228239998221	74.0	100.0
108.590641399991	74.0	100.0
108.61085729999468	74.0	100.0
108.63081629999215	74.0	100.0
108.65065619998495	71.0	100.0
108.66942179997568	71.0	100.0
108.69075199999497	71.0	100.0
108.71115759998793	71.0	100.0
108.73071009997511	71.0	100.0
108.7505202999746	71.0	100.0
108.77110149999498	71.0	100.0
108.79054560000077	71.0	100.0
108.8110531999846	71.0	100.0
108.83083399999305	71.0	100.0
108.85079869997571	71.0	100.0
108.87090209999587	71.0	100.0
108.89140399999451	71.0	100.0
108.91140529999393	71.0	100.0
108.93114699999569	71.0	100.0
108.95083099999465	71.0	100.0
108.97019539997564	71.0	100.0
108.99066379998112	71.0	100.0
109.0108439999749	71.0	100.0
109.03103669997654	71.0	100.0
109.05178059998434	71.0	100.0
109.07114799998817	71.0	100.0
109.09114819997922	71.0	100.0
109.11108859998058	71.0	100.0
109.13124709998374	71.0	100.0
109.15091999998549	71.0	100.0
109.17094349997933	71.0	100.0
109.19050289998995	71.0	100.0
109.21146979997866	71.0	100.0
109.2309064999863	71.0	100.0
109.25146819997462	71.0	100.0
109.27091239998117	71.0	100.0
109.29144359999918	71.0	100.0
109.31158179999329	71.0	100.0
109.33163749999949	71.0	100.0
109.35142409999389	71.0	100.0
109.37159699999029	71.0	100.0
109.39118690000032	71.0	100.0
109.41079609998269	71.0	100.0
109.43086109997239	71.0	100.0
109.45122269997955	71.0	100.0
109.47078079998028	71.0	100.0
109.49092509999173	71.0	100.0
109.5106118999829	71.0	100.0
109.53192159999162	71.0	100.0
109.55112989997724	71.0	100.0
109.57075029998668	71.0	100.0
109.59054689999903	71.0	100.0
109.61184129997855	71.0	100.0
109.63182769998093	71.0	100.0
109.6513486999902	69.0	100.0
109.67124949998106	69.0	100.0
109.69139839999843	69.0	100.0
109.711902799987	69.0	100.0
109.73206459998619	69.0	100.0
109.75167769999825	69.0	100.0
109.771911799995	69.0	100.0
109.79185799998231	69.0	100.0
109.81227629998466	69.0	100.0
109.83121749997372	69.0	100.0
109.85166759998538	69.0	100.0
109.87128059999668	69.0	100.0
109.89193679997697	69.0	100.0
109.91175759999896	69.0	100.0
109.93163269999786	69.0	100.0
109.95170339997276	69.0	100.0
109.97164679999696	69.0	100.0
109.99195079997298	69.0	100.0
110.01211549999425	69.0	100.0
110.03110089999973	69.0	100.0
110.05160919998889	69.0	100.0
110.07132160000037	69.0	100.0
110.09172769999714	69.0	100.0
110.11156749998918	69.0	100.0
110.13121069999761	69.0	100.0
110.15108159999363	69.0	100.0
110.17144949999056	69.0	100.0
110.19114449998597	69.0	100.0
110.21196389998659	69.0	100.0
110.23092469997937	69.0	100.0
110.25162519997684	69.0	100.0
110.27212579999468	69.0	100.0
110.29204599998775	69.0	100.0
110.3111320999742	69.0	100.0
110.33109529997455	69.0	100.0
110.35127059998922	69.0	100.0
110.37184369997703	69.0	100.0
110.39163859997643	69.0	100.0
110.41280929997447	69.0	100.0
110.43186819998664	69.0	100.0
110.45266279997304	69.0	100.0
110.47171649997472	69.0	100.0
110.49192469997797	69.0	100.0
110.51200550000067	69.0	100.0
110.5320235999825	69.0	100.0
110.55145579998498	69.0	100.0
110.5721271999937	69.0	100.0
110.59170789999189	69.0	100.0
110.61197159998119	69.0	100.0
110.63298319999012	69.0	100.0
110.65244659999735	66.0	100.0
110.67125129999476	66.0	100.0
110.69198749997304	66.0	100.0
110.71274529999937	66.0	100.0
110.73117819998879	66.0	100.0
110.75185289999354	66.0	100.0
110.77236109998194	66.0	100.0
110.79193749997648	66.0	100.0
110.81321549997665	66.0	100.0
110.8316878999758	66.0	100.0
110.85175069997786	66.0	100.0
110.8719759999949	66.0	100.0
110.89193929999601	66.0	100.0
110.91244919999735	66.0	100.0
110.93261099999654	66.0	100.0
110.95232969999779	66.0	100.0
110.97203829998034	66.0	100.0
110.99172819999512	66.0	100.0
111.01198609999847	66.0	100.0
111.03173909999896	66.0	100.0
111.05273219998344	66.0	100.0
111.0716143999889	66.0	100.0
111.09192169999005	66.0	100.0
111.11198999997578	66.0	100.0
111.13197569997283	66.0	100.0
111.15180499997223	66.0	100.0
111.17183569999179	66.0	100.0
111.19168449999415	66.0	100.0
111.21323719999054	66.0	100.0
111.23219389998121	66.0	100.0
111.25290969997877	66.0	100.0
111.2718025999784	66.0	100.0
111.29225289999158	66.0	100.0
111.31229029997485	66.0	100.0
111.33276599997771	66.0	100.0
111.35194039999624	66.0	100.0
111.37205979999271	66.0	100.0
111.39197689999128	66.0	100.0
111.41292919998523	66.0	100.0
111.43198029999621	66.0	100.0
111.45299959997647	66.0	100.0
111.47273069998482	66.0	100.0
111.49317159998463	66.0	100.0
111.51309779999428	66.0	100.0
111.53295219998108	66.0	100.0
111.55300619997433	66.0	100.0
111.57400159997633	66.0	100.0
111.59228019998409	66.0	100.0
111.6132876999909	66.0	100.0
111.63303229998564	66.0	100.0
111.65320000000065	65.0	100.0
111.67299059999641	65.0	100.0
111.69236199997249	65.0	100.0
111.71272929999395	65.0	100.0
111.73250449998886	65.0	100.0
111.75257009998313	65.0	100.0
111.77230509999208	65.0	100.0
111.79271299997345	65.0	100.0
111.81295889997273	65.0	100.0
111.83249999998952	65.0	100.0
111.85271629999625	65.0	100.0
111.87262019998161	65.0	100.0
111.89270859997487	65.0	100.0
111.91264239998418	65.0	100.0
111.93273039997439	65.0	100.0
111.95258599999943	65.0	100.0
111.9726176999975	65.0	100.0
111.99249789997702	65.0	100.0
112.01276719997986	65.0	100.0
112.03204839999671	65.0	100.0
112.05350319997524	65.0	100.0
112.07338869999512	65.0	100.0
112.09333419997711	65.0	100.0
112.11345340000116	65.0	100.0
112.13320069998736	65.0	100.0
112.15294349999749	65.0	100.0
112.17301229998702	65.0	100.0
112.19346619999851	65.0	100.0
112.21377740000025	65.0	100.0
112.2327863999817	65.0	100.0
112.25356230000034	65.0	100.0
112.27342369998223	65.0	100.0
112.29292869998608	65.0	100.0
112.31318810000084	65.0	100.0
112.33299019999686	65.0	100.0
112.35283609997714	65.0	100.0
112.37302739999723	65.0	100.0
112.39391169999726	65.0	100.0
112.41336089998367	65.0	100.0
112.43298449998838	65.0	100.0
112.45301739999559	65.0	100.0
112.47335709998151	65.0	100.0
112.49334609997459	65.0	100.0
112.51364999997895	65.0	100.0
112.5336915999942	65.0	100.0
112.55363839998608	65.0	100.0
112.57341879999149	65.0	100.0
112.59337609997601	65.0	100.0
112.61307909997413	65.0	100.0
112.6331508999865	65.0	100.0
112.65360329998657	66.0	100.0
112.6732402999769	66.0	100.0
112.69283159999759	66.0	100.0
112.71309689999907	66.0	100.0
112.73340379999718	66.0	100.0
112.7529222999874	66.0	100.0
112.77300859999377	66.0	100.0
112.7934147999913	66.0	100.0
112.814080799988	66.0	100.0
112.8340153999743	66.0	100.0
112.85320639997371	66.0	100.0
112.87303669998073	66.0	100.0
112.89427829999477	66.0	100.0
112.91364089999115	66.0	100.0
112.93337189999875	66.0	100.0
112.95349149999674	66.0	100.0
112.97297709999839	66.0	100.0
112.9929121999885	66.0	100.0
113.01360039997962	66.0	100.0
113.03298929997254	66.0	100.0
113.05334769998444	66.0	100.0
113.07303269999102	66.0	100.0
113.09348749998026	66.0	100.0
113.11317709999275	66.0	100.0
113.13324959998135	66.0	100.0
113.1533211999922	66.0	100.0
113.17336599997361	66.0	100.0
113.19500639999751	66.0	100.0
113.21395199999097	66.0	100.0
113.23355059997994	66.0	100.0
113.25351449998561	66.0	100.0
113.2734894999885	66.0	100.0
113.29336429998511	66.0	100.0
113.3133951999771	66.0	100.0
113.33331759998691	66.0	100.0
113.35341640000115	66.0	100.0
113.37319449998904	66.0	100.0
113.39344189999974	66.0	100.0
113.41335609997623	66.0	100.0
113.43297059999895	66.0	100.0
113.45334939999157	66.0	100.0
113.47292939998442	66.0	100.0
113.4934021999943	66.0	100.0
113.51344299997436	66.0	100.0
113.53331719999551	66.0	100.0
113.55301049997797	66.0	100.0
113.5743744999927	66.0	100.0
113.59305489997496	66.0	100.0
113.61344899999676	66.0	100.0
113.63385939999716	66.0	100.0
113.65361009998014	66.0	100.0
113.67310479999287	66.0	100.0
113.69348189997254	66.0	100.0
113.71297369999229	66.0	100.0
113.73386389997904	66.0	100.0
113.75340129999677	66.0	100.0
113.77311229999759	66.0	100.0
113.79323759998078	66.0	100.0
113.81360179997864	66.0	100.0
113.83318109999527	66.0	100.0
113.85336049998295	66.0	100.0
113.87323810000089	66.0	100.0
113.89319339999929	66.0	100.0
113.9183249999769	66.0	100.0
113.93184509998537	66.0	100.0
113.95327149998047	66.0	100.0
113.97345289998339	66.0	100.0
113.99309169998742	66.0	100.0
114.01458719998482	66.0	100.0
114.03384959997493	66.0	100.0
114.05437199998414	66.0	100.0
114.07512139997561	66.0	100.0
114.09357979998458	66.0	100.0
114.11455199998454	66.0	100.0
114.13365809997777	66.0	100.0
114.15343179999036	66.0	100.0
114.17386209999677	66.0	100.0
114.19349330000114	66.0	100.0
114.21426839998458	66.0	100.0
114.23377819999587	66.0	100.0
114.25403849998838	66.0	100.0
114.27351489997818	66.0	100.0
114.29336579999654	66.0	100.0
114.31385409997893	66.0	100.0
114.33412139999564	66.0	100.0
114.35444409999764	66.0	100.0
114.37437409997801	66.0	100.0
114.39367779999156	66.0	100.0
114.41486649998114	66.0	100.0
114.43399359998875	66.0	100.0
114.45459479998681	66.0	100.0
114.4733648999827	66.0	100.0
114.49350299997604	66.0	100.0
114.51342579998891	66.0	100.0
114.53339719999349	66.0	100.0
114.55331279998063	66.0	100.0
114.57516479998594	66.0	100.0
114.59350129999802	66.0	100.0
114.6141748999944	66.0	100.0
114.63420089997817	66.0	100.0
114.65446909997263	68.0	100.0
114.67352069998742	68.0	100.0
114.69349419997889	68.0	100.0
114.71363689997816	68.0	100.0
114.73392649999005	68.0	100.0
114.75333029998001	68.0	100.0
114.77431919999071	68.0	100.0
114.79342519998318	68.0	100.0
114.81417309999233	68.0	100.0
114.8341351999843	68.0	100.0
114.85343729998567	68.0	100.0
114.87351089998265	68.0	100.0
114.89358579998952	68.0	100.0
114.91485019997344	68.0	100.0
114.93423059998895	68.0	100.0
114.95355299999937	68.0	100.0
114.97364079998806	68.0	100.0
114.99340529998881	68.0	100.0
115.01442919997498	68.0	100.0
115.03467529997579	68.0	100.0
115.05359399999725	68.0	100.0
115.07417479998549	68.0	100.0
115.09504039998865	68.0	100.0
115.11500029999297	68.0	100.0
115.13493719999678	68.0	100.0
115.15454709998448	68.0	100.0
115.17428589999327	68.0	100.0
115.19405829999596	68.0	100.0
115.21498049999354	68.0	100.0
115.23458859999664	68.0	100.0
115.25487589999102	68.0	100.0
115.27464039999177	68.0	100.0
115.29485529998783	68.0	100.0
115.31503869997687	68.0	100.0
115.33483079998405	68.0	100.0
115.35773909999989	68.0	100.0
115.37456909997854	68.0	100.0
115.39528139997856	68.0	100.0
115.41566769999918	68.0	100.0
115.43519920000108	68.0	100.0
115.45500959997298	68.0	100.0
115.47471059998497	68.0	100.0
115.49521709998953	68.0	100.0
115.51486269998713	68.0	100.0
115.53499119999469	68.0	100.0
115.55433619997348	68.0	100.0
115.57546119997278	68.0	100.0
115.59473620000063	68.0	100.0
115.61588329999358	68.0	100.0
115.63531509999302	68.0	100.0
115.65532369998982	69.0	100.0
115.6759527999966	69.0	100.0
115.69950099999551	69.0	100.0
115.71483019998414	69.0	100.0
115.7344031999819	69.0	100.0
115.75456719999784	69.0	100.0
115.7749080999929	69.0	100.0
115.79475039997487	69.0	100.0
115.81487009997363	69.0	100.0
115.8346329999913	69.0	100.0
115.85521249999874	69.0	100.0
115.87474219998694	69.0	100.0
115.89462769997772	69.0	100.0
115.91599299997324	69.0	100.0
115.93499569999403	69.0	100.0
115.95472559999325	69.0	100.0
115.97466139998869	69.0	100.0
115.99450829997659	69.0	100.0
116.01490989999729	69.0	100.0
116.0348563999869	69.0	100.0
116.0549469999969	69.0	100.0
116.07438799997908	69.0	100.0
116.09481609999784	69.0	100.0
116.11499869998079	69.0	100.0
116.13474209999549	69.0	100.0
116.15456099997391	69.0	100.0
116.17488459998276	69.0	100.0
116.19485139998142	69.0	100.0
116.2154307999881	69.0	100.0
116.23447339999257	69.0	100.0
116.25505849998444	69.0	100.0
116.27464309998322	69.0	100.0
116.29517349999514	69.0	100.0
116.31518099998357	69.0	100.0
116.33513659998425	69.0	100.0
116.35475149998092	69.0	100.0
116.37510149998707	69.0	100.0
116.39433419998386	69.0	100.0
116.41496329999063	69.0	100.0
116.4350865999877	69.0	100.0
116.45497519997298	69.0	100.0
116.47446389999823	69.0	100.0
116.49513459997252	69.0	100.0
116.51478449997376	69.0	100.0
116.53487419997691	69.0	100.0
116.55550930000027	69.0	100.0
116.57604829999036	69.0	100.0
116.59526679999544	69.0	100.0
116.61578480000026	69.0	100.0
116.63598029999412	69.0	100.0
116.65578760000062	70.0	100.0
116.67559189998428	70.0	100.0
116.69592609998654	70.0	100.0
116.71560469997348	70.0	100.0
116.73460699999123	70.0	100.0
116.75496619998012	70.0	100.0
116.77548329997808	70.0	100.0
116.79508159999386	70.0	100.0
116.8163337999722	70.0	100.0
116.83467319997726	70.0	100.0
116.85501249998924	70.0	100.0
116.87485779999406	70.0	100.0
116.8949578999891	70.0	100.0
116.91499879999901	70.0	100.0
116.93567639999674	70.0	100.0
116.95517479997943	70.0	100.0
116.97553499997593	70.0	100.0
116.99367239998537	70.0	100.0
117.0145434999722	70.0	100.0
117.03553799999645	70.0	100.0
117.0555883999914	70.0	100.0
117.07531139999628	70.0	100.0
117.09564139999566	70.0	100.0
117.1157336999895	70.0	100.0
117.1355487999972	70.0	100.0
117.15521029999945	70.0	100.0
117.1813950999931	70.0	100.0
117.19510869999067	70.0	100.0
117.21608669997659	70.0	100.0
117.23554499997408	70.0	100.0
117.25555689999601	70.0	100.0
117.27683189997333	70.0	100.0
117.29577069997322	70.0	100.0
117.31568139998126	70.0	100.0
117.33557299998938	70.0	100.0
117.35590719999163	70.0	100.0
117.37603769998532	70.0	100.0
117.39573719998589	70.0	100.0
117.41671549997409	70.0	100.0
117.43562639999436	70.0	100.0
117.45578459999524	70.0	100.0
117.4755425999756	70.0	100.0
117.49602729998878	70.0	100.0
117.51615519999177	70.0	100.0
117.5353432999982	70.0	100.0
117.55578049999895	70.0	100.0
117.57774589999462	70.0	100.0
117.59602579998318	70.0	100.0
117.61614519997966	70.0	100.0
117.63618719999795	70.0	100.0
117.65610719998949	70.0	100.0
117.6757338999887	70.0	100.0
117.69589549998636	70.0	100.0
117.71592589997454	70.0	100.0
117.73566549998941	70.0	100.0
117.75575049998588	70.0	100.0
117.77574199999799	70.0	100.0
117.79554169997573	70.0	100.0
117.8158825999999	70.0	100.0
117.836146799993	70.0	100.0
117.85572599997977	70.0	100.0
117.87571839999873	70.0	100.0
117.89547989997664	70.0	100.0
117.91582949997974	70.0	100.0
117.93602119997377	70.0	100.0
117.95588779999525	70.0	100.0
117.9831946999766	70.0	100.0
117.99592599997413	70.0	100.0
118.01686389997485	70.0	100.0
118.03596809998271	70.0	100.0
118.05594089999795	70.0	100.0
118.07547959999647	70.0	100.0
118.09575249999762	70.0	100.0
118.11563200000091	70.0	100.0
118.13562269997783	70.0	100.0
118.15530289997696	70.0	100.0
118.1764916999964	70.0	100.0
118.1962627999892	70.0	100.0
118.21715019998373	70.0	100.0
118.23625059999176	70.0	100.0
118.25675399997272	70.0	100.0
118.27576709998539	70.0	100.0
118.29597469998407	70.0	100.0
118.3161407999869	70.0	100.0
118.33598679999704	70.0	100.0
118.35592399997404	70.0	100.0
118.37594879997778	70.0	100.0
118.39621489998535	70.0	100.0
118.41684539997368	70.0	100.0
118.43657419999363	70.0	100.0
118.45654389998526	70.0	100.0
118.4762641999987	70.0	100.0
118.4960401999997	70.0	100.0
118.5160347999772	70.0	100.0
118.53606249997392	70.0	100.0
118.55671679999796	70.0	100.0
118.57642289999058	70.0	100.0
118.59625149998465	70.0	100.0
118.6170570999966	70.0	100.0
118.63673369999742	70.0	100.0
118.65622319999966	71.0	100.0
118.67666759999702	71.0	100.0
118.69618449997506	71.0	100.0
118.71611689997371	71.0	100.0
118.7361997999833	71.0	100.0
118.75653149999562	71.0	100.0
118.77678329998162	71.0	100.0
118.79629929998191	71.0	100.0
118.8169299000001	71.0	100.0
118.83623769998667	71.0	100.0
118.85662599999341	71.0	100.0
118.87590409998666	71.0	100.0
118.89613839998492	71.0	100.0
118.916015099996	71.0	100.0
118.93669539998518	71.0	100.0
118.95655479998095	71.0	100.0
118.97714759997325	71.0	100.0
118.99595589999808	71.0	100.0
119.01657929999055	71.0	100.0
119.03597859997535	71.0	100.0
119.0575810999726	71.0	100.0
119.07603349999408	71.0	100.0
119.09713939999347	71.0	100.0
119.11696029998711	71.0	100.0
119.13664519999293	71.0	100.0
119.15655369998422	71.0	100.0
119.17660299999989	71.0	100.0
119.1961085999792	71.0	100.0
119.21626069999184	71.0	100.0
119.23530659999233	71.0	100.0
119.25661989999935	71.0	100.0
119.27624189999187	71.0	100.0
119.2966097999888	71.0	100.0
119.31618499997421	71.0	100.0
119.3368582999974	71.0	100.0
119.35607609999715	71.0	100.0
119.37604529998498	71.0	100.0
119.39750929997535	71.0	100.0
119.41711899999063	71.0	100.0
119.43628549997811	71.0	100.0
119.45701689997804	71.0	100.0
119.47767129997374	71.0	100.0
119.49614999999176	71.0	100.0
119.51600469998084	71.0	100.0
119.53643009997904	71.0	100.0
119.55619169998681	71.0	100.0
119.57624059999944	71.0	100.0
119.5967382999952	71.0	100.0
119.61771589997807	71.0	100.0
119.63756629999261	71.0	100.0
119.65706319999299	72.0	100.0
119.67695879997336	72.0	100.0
119.69737270000041	72.0	100.0
119.71669409997412	72.0	100.0
119.73625959997298	72.0	100.0
119.75626699998975	72.0	100.0
119.78445709997322	72.0	100.0
119.79663989998517	72.0	100.0
119.81675790000008	72.0	100.0
119.8359982999973	72.0	100.0
119.85605659999419	72.0	100.0
119.87635849998333	72.0	100.0
119.89646999997785	72.0	100.0
119.91657799997483	72.0	100.0
119.9368536999973	72.0	100.0
119.95722879999084	72.0	100.0
119.97719629999483	72.0	100.0
119.9964856999868	72.0	100.0
120.01703829999315	72.0	100.0
120.0362266000011	72.0	100.0
120.05720689997543	72.0	100.0
120.07669979997445	72.0	100.0
120.09681759998784	72.0	100.0
120.11696039998787	72.0	100.0
120.13987039998756	72.0	100.0
120.15638869997929	72.0	100.0
120.17677510000067	72.0	100.0
120.19640429998981	72.0	100.0
120.21663329997682	72.0	100.0
120.23654799998621	72.0	100.0
120.25659119998454	72.0	100.0
120.27656139997998	72.0	100.0
120.29668939998373	72.0	100.0
120.31669879998663	72.0	100.0
120.33655939999153	72.0	100.0
120.35715549997985	72.0	100.0
120.37724439997692	72.0	100.0
120.39699769997969	72.0	100.0
120.41759659998934	72.0	100.0
120.43610599997919	72.0	100.0
120.45714159999625	72.0	100.0
120.47654389997479	72.0	100.0
120.4967464999936	72.0	100.0
120.51669729998684	72.0	100.0
120.5369706999918	72.0	100.0
120.55645909998566	72.0	100.0
120.57824119998259	72.0	100.0
120.59683099997346	72.0	100.0
120.61695709999185	72.0	100.0
120.63688789997832	72.0	100.0
120.65699759998824	74.0	100.0
120.67669519997435	74.0	100.0
120.6967641999945	74.0	100.0
120.71699499999522	74.0	100.0
120.73683939999319	74.0	100.0
120.75665629998548	74.0	100.0
120.77774189997581	74.0	100.0
120.7965256999887	74.0	100.0
120.81678699998884	74.0	100.0
120.83692129998235	74.0	100.0
120.85702309999033	74.0	100.0
120.87683869997272	74.0	100.0
120.89733769997838	74.0	100.0
120.91691669999273	74.0	100.0
120.93690419997438	74.0	100.0
120.95673599999282	74.0	100.0
120.97689829999581	74.0	100.0
120.99680039999657	74.0	100.0
121.01691529998789	74.0	100.0
121.03647069999715	74.0	100.0
121.05658459998085	74.0	100.0
121.07700349998777	74.0	100.0
121.09706000000006	74.0	100.0
121.11694569999236	74.0	100.0
121.13747149999836	74.0	100.0
121.15589460000047	74.0	100.0
121.17733649999718	74.0	100.0
121.19682479999028	74.0	100.0
121.2174661999743	74.0	100.0
121.23832619999303	74.0	100.0
121.25745409997762	74.0	100.0
121.27723569999216	74.0	100.0
121.29761709997547	74.0	100.0
121.31747159999213	74.0	100.0
121.33728009997867	74.0	100.0
121.35753979999572	74.0	100.0
121.37744459998794	74.0	100.0
121.39771029999247	74.0	100.0
121.41759829997318	74.0	100.0
121.4374422999972	74.0	100.0
121.4576006999996	74.0	100.0
121.47708599999896	74.0	100.0
121.49733889999334	74.0	100.0
121.51726439999766	74.0	100.0
121.53863749999437	74.0	100.0
121.55774549997295	74.0	100.0
121.58237029999145	74.0	100.0
121.59697369998321	74.0	100.0
121.61755899997661	74.0	100.0
121.63730489998125	74.0	100.0
121.65799179999158	72.0	100.0
121.67777409998234	72.0	100.0
121.69706419997965	72.0	100.0
121.71758459997363	72.0	100.0
121.73745950000011	72.0	100.0
121.75795849997667	72.0	100.0
121.77802219998557	72.0	100.0
121.79781499999808	72.0	100.0
121.81890419998672	72.0	100.0
121.83795139999711	72.0	100.0
121.85848099997384	72.0	100.0
121.87694319998263	72.0	100.0
121.89726279999013	72.0	100.0
121.91815879999194	72.0	100.0
121.93742849997943	72.0	100.0
121.95744369999738	72.0	100.0
121.9770069999795	72.0	100.0
121.9975076999981	72.0	100.0
122.0174083999882	72.0	100.0
122.0371918999881	72.0	100.0
122.05802309999126	72.0	100.0
122.07741729999543	72.0	100.0
122.0981361999875	72.0	100.0
122.11739529998158	72.0	100.0
122.13853289998951	72.0	100.0
122.16150649997871	72.0	100.0
122.1773568999779	72.0	100.0
122.1971033999871	72.0	100.0
122.21837609997601	72.0	100.0
122.23977580000064	72.0	100.0
122.25762219997705	72.0	100.0
122.27743359998567	72.0	100.0
122.29812459999812	72.0	100.0
122.31804899999406	72.0	100.0
122.33818500000052	72.0	100.0
122.35740569999325	72.0	100.0
122.37773279999965	72.0	100.0
122.3975642999867	72.0	100.0
122.41824579998502	72.0	100.0
122.43752829998266	72.0	100.0
122.45830790000036	72.0	100.0
122.47719839998172	72.0	100.0
122.4974054999766	72.0	100.0
122.518158699997	72.0	100.0
122.53828439998324	72.0	100.0
122.55740759999026	72.0	100.0
122.57935059999	72.0	100.0
122.59798699998646	72.0	100.0
122.61848179998924	72.0	100.0
122.63941799997701	72.0	100.0
122.65923459999613	72.0	100.0
122.67865049999091	72.0	100.0
122.69889589998638	72.0	100.0
122.71887789998436	72.0	100.0
122.73902239999734	72.0	100.0
122.7575891999877	72.0	100.0
122.77743569997256	72.0	100.0
122.79869189998135	72.0	100.0
122.81901099998504	72.0	100.0
122.83819309997489	72.0	100.0
122.85890749999089	72.0	100.0
122.87888429997838	72.0	100.0
122.8982374999905	72.0	100.0
122.91818799998146	72.0	100.0
122.93827239997336	72.0	100.0
122.95770969998557	72.0	100.0
122.97887880000053	72.0	100.0
122.99864569999045	72.0	100.0
123.01963689998956	72.0	100.0
123.03848329998436	72.0	100.0
123.05880689999321	72.0	100.0
123.07881239999551	72.0	100.0
123.09881839997252	72.0	100.0
123.11976109998068	72.0	100.0
123.13939949998166	72.0	100.0
123.15904410000076	72.0	100.0
123.17896269998164	72.0	100.0
123.19858430000022	72.0	100.0
123.21953669999493	72.0	100.0
123.23878009998589	72.0	100.0
123.25900459999684	72.0	100.0
123.27870569998049	72.0	100.0
123.29904379998334	72.0	100.0
123.31868629998644	72.0	100.0
123.33891209997819	72.0	100.0
123.35867619997589	72.0	100.0
123.37860109997564	72.0	100.0
123.39882669999497	72.0	100.0
123.41951579999295	72.0	100.0
123.43878159997985	72.0	100.0
123.45908249999047	72.0	100.0
123.47870969999349	72.0	100.0
123.49874089998775	72.0	100.0
123.51914869999746	72.0	100.0
123.53943289999734	72.0	100.0
123.55915369998547	72.0	100.0
123.58097809998435	72.0	100.0
123.59918849999667	72.0	100.0
123.61989609999	72.0	100.0
123.63985229999525	72.0	100.0
123.65988919997471	74.0	100.0
123.67918499998632	74.0	100.0
123.69962189998478	74.0	100.0
123.71993049999583	74.0	100.0
123.74010309998994	74.0	100.0
123.75985989999026	74.0	100.0
123.77997469998081	74.0	100.0
123.7998725999787	74.0	100.0
123.8199758999981	74.0	100.0
123.84006849999423	74.0	100.0
123.86031449999427	74.0	100.0
123.88002059998689	74.0	100.0
123.90000090000103	74.0	100.0
123.92033369999263	74.0	100.0
123.93987609999022	74.0	100.0
123.960131299973	74.0	100.0
123.97995239999727	74.0	100.0
124.00020599999698	74.0	100.0
124.02096840000013	74.0	100.0
124.04018119999091	74.0	100.0
124.05992379999952	74.0	100.0
124.08000379998703	74.0	100.0
124.10024029997294	74.0	100.0
124.12018790000002	74.0	100.0
124.14007219998166	74.0	100.0
124.15957209997578	74.0	100.0
124.18023739999626	74.0	100.0
124.20008879998932	74.0	100.0
124.22115879997727	74.0	100.0
124.23991829997976	74.0	100.0
124.26077559997793	74.0	100.0
124.27943549997872	74.0	100.0
124.3002901999862	74.0	100.0
124.32092599998577	74.0	100.0
124.3402765999781	74.0	100.0
124.36020839997218	74.0	100.0
124.38241309998557	74.0	100.0
124.39991529998952	74.0	100.0
124.42128549999325	74.0	100.0
124.44117819998064	74.0	100.0
124.46101889997954	74.0	100.0
124.47992679997697	74.0	100.0
124.49882989999605	74.0	100.0
124.51533499997458	74.0	100.0
124.53578589999233	74.0	100.0
124.55597719998332	74.0	100.0
124.57980859998497	74.0	100.0
124.60258099998464	74.0	100.0
124.62373199997819	74.0	100.0
124.64475209999364	74.0	100.0
124.66405899997335	73.0	100.0
124.68326649998198	73.0	100.0
124.70403789999546	73.0	100.0
124.72416309997789	73.0	100.0
124.74413619999541	73.0	100.0
124.76311780000106	73.0	100.0
124.7856159999792	73.0	100.0
124.80279369998607	73.0	100.0
124.82406619997346	73.0	100.0
124.84338029997889	73.0	100.0
124.86350899998797	73.0	100.0
124.88323519998812	73.0	100.0
124.90334719998646	73.0	100.0
124.92441729997518	73.0	100.0
124.94706859998405	73.0	100.0
124.96271269998397	73.0	100.0
124.98325459999614	73.0	100.0
125.00444799999241	73.0	100.0
125.02386769998702	73.0	100.0
125.04397839997546	73.0	100.0
125.06395209999755	73.0	100.0
125.08342019998236	73.0	100.0
125.10319309998886	73.0	100.0
125.12268609998864	73.0	100.0
125.14397049997933	73.0	100.0
125.1638091999921	73.0	100.0
125.18429069998092	73.0	100.0
125.20336219997262	73.0	100.0
125.22390479999012	73.0	100.0
125.243782799982	73.0	100.0
125.26354089999222	73.0	100.0
125.28414699999848	73.0	100.0
125.30401949997758	73.0	100.0
125.32416809999268	73.0	100.0
125.34376099999645	73.0	100.0
125.36329119998845	73.0	100.0
125.38473279998288	73.0	100.0
125.40584649998345	73.0	100.0
125.42360479998752	73.0	100.0
125.44362339997315	73.0	100.0
125.46384329997818	73.0	100.0
125.48370119999163	73.0	100.0
125.50424039998325	73.0	100.0
125.52403789997334	73.0	100.0
125.54350359999808	73.0	100.0
125.56241649997537	73.0	100.0
125.58368669997435	73.0	100.0
125.60466620000079	73.0	100.0
125.62433569997665	73.0	100.0
125.64552049999475	73.0	100.0
125.66468879999593	71.0	100.0
125.68322079998325	71.0	100.0
125.70502219998161	71.0	100.0
125.72445949999383	71.0	100.0
125.7424042999919	71.0	100.0
125.76131339999847	71.0	100.0
125.78261549997842	71.0	100.0
125.80170319997706	71.0	100.0
125.82362349997857	71.0	100.0
125.84226459998172	71.0	100.0
125.86369749999722	71.0	100.0
125.88360709999688	71.0	100.0
125.90338059997885	71.0	100.0
125.9244808999938	71.0	100.0
125.94395379998605	71.0	100.0
125.96374609999475	71.0	100.0
125.9842564999999	71.0	100.0
126.00400839999202	71.0	100.0
126.0238379999937	71.0	100.0
126.04419580000103	71.0	100.0
126.06436459999532	71.0	100.0
126.084123299981	71.0	100.0
126.10395219997736	71.0	100.0
126.12447019998217	71.0	100.0
126.14428919999045	71.0	100.0
126.16379589997814	71.0	100.0
126.19035769999027	71.0	100.0
126.20455769999535	71.0	100.0
126.22497869998915	71.0	100.0
126.24407349998364	71.0	100.0
126.26234919999843	71.0	100.0
126.28584699999192	71.0	100.0
126.30186639999738	71.0	100.0
126.32194819999859	71.0	100.0
126.3409937999968	71.0	100.0
126.36185399998794	71.0	100.0
126.3832018999965	71.0	100.0
126.40313489999971	71.0	100.0
126.42572109997855	71.0	100.0
126.44379569997545	71.0	100.0
126.46484999998938	71.0	100.0
126.48455379999359	71.0	100.0
126.50374970000121	71.0	100.0
126.52437369999825	71.0	100.0
126.54447979998076	71.0	100.0
126.56310599998687	71.0	100.0
126.58585499998298	71.0	100.0
126.6045680999814	71.0	100.0
126.62539519998245	71.0	100.0
126.64507459997549	71.0	100.0
126.66541879999568	71.0	100.0
126.69261859997641	71.0	100.0
126.70478979998734	71.0	100.0
126.72434049998992	71.0	100.0
126.74441639997531	71.0	100.0
126.76433909998741	71.0	100.0
126.78426989997388	71.0	100.0
126.80404849999468	71.0	100.0
126.82576899998821	71.0	100.0
126.84412819999852	71.0	100.0
126.86432919997605	71.0	100.0
126.88436409999849	71.0	100.0
126.90444829998887	71.0	100.0
126.92401319998316	71.0	100.0
126.94447879999643	71.0	100.0
126.96384569999645	71.0	100.0
126.98341229997459	71.0	100.0
127.0038658999838	71.0	100.0
127.02469890000066	71.0	100.0
127.04434709998895	71.0	100.0
127.06446649998543	71.0	100.0
127.08434919998399	71.0	100.0
127.10453569999663	71.0	100.0
127.12392019998515	71.0	100.0
127.14659629997914	71.0	100.0
127.16417309999815	71.0	100.0
127.18468109998503	71.0	100.0
127.2051520999812	71.0	100.0
127.22553529997822	71.0	100.0
127.24891389999539	71.0	100.0
127.26524409998092	71.0	100.0
127.28410719998647	71.0	100.0
127.30530759997782	71.0	100.0
127.32584419997875	71.0	100.0
127.34585349998088	71.0	100.0
127.36446329997852	71.0	100.0
127.38555439998163	71.0	100.0
127.40545169997495	71.0	100.0
127.4259651999746	71.0	100.0
127.44473339998513	71.0	100.0
127.46514059999026	71.0	100.0
127.48433209999348	71.0	100.0
127.50584249998792	71.0	100.0
127.52541909998399	71.0	100.0
127.54515409999294	71.0	100.0
127.56451669998933	71.0	100.0
127.58595009997953	71.0	100.0
127.60456479998538	71.0	100.0
127.62607339999522	71.0	100.0
127.64687279998907	71.0	100.0
127.66630029998487	70.0	100.0
127.68618119999883	70.0	100.0
127.70577779997257	70.0	100.0
127.7253117999935	70.0	100.0
127.74639899999602	70.0	100.0
127.76574269999401	70.0	100.0
127.78580739998142	70.0	100.0
127.80550649997895	70.0	100.0
127.82587139998213	70.0	100.0
127.84620829997584	70.0	100.0
127.8670019999845	70.0	100.0
127.88468429999193	70.0	100.0
127.90566349998699	70.0	100.0
127.92658919998212	70.0	100.0
127.94605769999907	70.0	100.0
127.96575779997511	70.0	100.0
127.98648599997978	70.0	100.0
128.00562009998248	70.0	100.0
128.02616869998747	70.0	100.0
128.04518039998948	70.0	100.0
128.06522959997528	70.0	100.0
128.08698110000114	70.0	100.0
128.10630179999862	70.0	100.0
128.1261867999856	70.0	100.0
128.14600359997712	70.0	100.0
128.1663172999979	70.0	100.0
128.18619269999908	70.0	100.0
128.20595139998477	70.0	100.0
128.2258096000005	70.0	100.0
128.2460898999998	70.0	100.0
128.26548229999025	70.0	100.0
128.2857251999958	70.0	100.0
128.30638850000105	70.0	100.0
128.32639889998245	70.0	100.0
128.34627609999734	70.0	100.0
128.36628550000023	70.0	100.0
128.38591959999758	70.0	100.0
128.406192800001	70.0	100.0
128.4265661999816	70.0	100.0
128.44575319997966	70.0	100.0
128.46619759997702	70.0	100.0
128.4920844999724	70.0	100.0
128.5055752999906	70.0	100.0
128.52652579999994	70.0	100.0
128.54630329998326	70.0	100.0
128.565935599996	70.0	100.0
128.5864468999789	70.0	100.0
128.60546829999657	70.0	100.0
128.62654369999655	70.0	100.0
128.6463800999918	70.0	100.0
128.66659579999396	72.0	100.0
128.68620099997497	72.0	100.0
128.70638150000013	72.0	100.0
128.72618649998913	72.0	100.0
128.74616119998973	72.0	100.0
128.7664130999765	72.0	100.0
128.78679069998907	72.0	100.0
128.8063588999794	72.0	100.0
128.82628139998997	72.0	100.0
128.8458184999763	72.0	100.0
128.86664629998268	72.0	100.0
128.88728079997236	72.0	100.0
128.90633659999003	72.0	100.0
128.9265180999937	72.0	100.0
128.94652079997468	72.0	100.0
128.96597999997903	72.0	100.0
128.98627099997248	72.0	100.0
129.00634100000025	72.0	100.0
129.02631929999916	72.0	100.0
129.04521959999693	72.0	100.0
129.06575509998947	72.0	100.0
129.08457599999383	72.0	100.0
129.10208240000065	72.0	100.0
129.1216671000002	72.0	100.0
129.14198469999246	72.0	100.0
129.16261509998003	72.0	100.0
129.18575139998575	72.0	100.0
129.2066332999966	72.0	100.0
129.2265207999735	72.0	100.0
129.24670969997533	72.0	100.0
129.26653139997507	72.0	100.0
129.28611719998298	72.0	100.0
129.30653409997467	72.0	100.0
129.3263467999932	72.0	100.0
129.34640959999524	72.0	100.0
129.36643389999517	72.0	100.0
129.38429089999408	72.0	100.0
129.4058978999965	72.0	100.0
129.42643559997668	72.0	100.0
129.4465090999729	72.0	100.0
129.46653339997283	72.0	100.0
129.48635079999804	72.0	100.0
129.50704779999796	72.0	100.0
129.52656099997694	72.0	100.0
129.54656249997788	72.0	100.0
129.56664049997926	72.0	100.0
129.5883130999864	72.0	100.0
129.6065840999945	72.0	100.0
129.62591049997718	72.0	100.0
129.64718669999274	72.0	100.0
129.66666249997797	71.0	100.0
129.68664249998983	71.0	100.0
129.70697829997516	71.0	100.0
129.7264245999977	71.0	100.0
129.7465185999754	71.0	100.0
129.76626539998688	71.0	100.0
129.79057389998343	71.0	100.0
129.80605939999805	71.0	100.0
129.82701829998405	71.0	100.0
129.84592799999518	71.0	100.0
129.86583759999485	71.0	100.0
129.88639719999628	71.0	100.0
129.9031669999822	71.0	100.0
129.92262909997953	71.0	100.0
129.9422483999806	71.0	100.0
129.9626310999738	71.0	100.0
129.98369899997488	71.0	100.0
130.0030019999831	71.0	100.0
130.02538529998856	71.0	100.0
130.04523249997874	71.0	100.0
130.0659231999889	71.0	100.0
130.08645249999245	71.0	100.0
130.10621509997873	71.0	100.0
130.12638819997665	71.0	100.0
130.1462726999889	71.0	100.0
130.16740149998805	71.0	100.0
130.18689319997793	71.0	100.0
130.2063663000008	71.0	100.0
130.22663149997243	71.0	100.0
130.24548929999582	71.0	100.0
130.2648389999813	71.0	100.0
130.28392539999913	71.0	100.0
130.30417879999732	71.0	100.0
130.32489289998193	71.0	100.0
130.34655529999873	71.0	100.0
130.36631959999795	71.0	100.0
130.38666479999665	71.0	100.0
130.40654679998988	71.0	100.0
130.4268347999896	71.0	100.0
130.44642559997737	71.0	100.0
130.46647919999668	71.0	100.0
130.48501669999678	71.0	100.0
130.50592879997566	71.0	100.0
130.5260712999734	71.0	100.0
130.54215809999732	71.0	100.0
130.5609077999834	71.0	100.0
130.5821742999833	71.0	100.0
130.60374359998968	71.0	100.0
130.63042949998635	71.0	100.0
130.64547519999905	71.0	100.0
130.66744909997215	70.0	100.0
130.68648079998093	70.0	100.0
130.7067657999869	70.0	100.0
130.727018399979	70.0	100.0
130.747549599997	70.0	100.0
130.76647249999223	70.0	100.0
130.78655549997347	70.0	100.0
130.80666849997942	70.0	100.0
130.82735259999754	70.0	100.0
130.84672439997667	70.0	100.0
130.86680939997314	70.0	100.0
130.88652010000078	70.0	100.0
130.90671169999405	70.0	100.0
130.92508229997475	70.0	100.0
130.94622949999757	70.0	100.0
130.9658599999966	70.0	100.0
130.98599059999106	70.0	100.0
131.00582629998098	70.0	100.0
131.0267336999823	70.0	100.0
131.04720729999826	70.0	100.0
131.06651269999566	70.0	100.0
131.08644239997375	70.0	100.0
131.10672239999985	70.0	100.0
131.12685259999125	70.0	100.0
131.14724519997253	70.0	100.0
131.16601029998856	70.0	100.0
131.18594389999635	70.0	100.0
131.20628529999522	70.0	100.0
131.22704119997798	70.0	100.0
131.24617819997366	70.0	100.0
131.26633229997242	70.0	100.0
131.2860097999801	70.0	100.0
131.30610979997437	70.0	100.0
131.32639989999007	70.0	100.0
131.34679189999588	70.0	100.0
131.36580400000094	70.0	100.0
131.38618649999262	70.0	100.0
131.40676529999473	70.0	100.0
131.42654159999802	70.0	100.0
131.4473364999867	70.0	100.0
131.46646859997418	70.0	100.0
131.4859772999771	70.0	100.0
131.5063493999769	70.0	100.0
131.5279563999793	70.0	100.0
131.54694879997987	70.0	100.0
131.56658309997874	70.0	100.0
131.5865811999829	70.0	100.0
131.6066223999951	70.0	100.0
131.6264596999972	70.0	100.0
131.64921699999832	70.0	100.0
131.66833190000034	68.0	100.0
131.68728719998035	68.0	100.0
131.70728019997478	68.0	100.0
131.72873719999916	68.0	100.0
131.74878339999123	68.0	100.0
131.76682249997975	68.0	100.0
131.786389099987	68.0	100.0
131.8058866999927	68.0	100.0
131.82632809999632	68.0	100.0
131.84597859997302	68.0	100.0
131.86735109999427	68.0	100.0
131.88643839998986	68.0	100.0
131.90633749999688	68.0	100.0
131.9270492999931	68.0	100.0
131.9477271999931	68.0	100.0
131.96653099998366	68.0	100.0
131.98645549998037	68.0	100.0
132.0065093000012	68.0	100.0
132.02712829998927	68.0	100.0
132.04697999998461	68.0	100.0
132.067588099977	68.0	100.0
132.0873216999753	68.0	100.0
132.1064826999791	68.0	100.0
132.12697209999897	68.0	100.0
132.1465166999842	68.0	100.0
132.16712239998742	68.0	100.0
132.1868013999774	68.0	100.0
132.2064239999745	68.0	100.0
132.22726409998722	68.0	100.0
132.24743399998988	68.0	100.0
132.26652349997312	68.0	100.0
132.2861212999851	68.0	100.0
132.30644549999852	68.0	100.0
132.326739799988	68.0	100.0
132.347220799973	68.0	100.0
132.36890909998328	68.0	100.0
132.3866320999805	68.0	100.0
132.40671719997772	68.0	100.0
132.42753319998155	68.0	100.0
132.44637409999268	68.0	100.0
132.46840729998075	68.0	100.0
132.48828309998498	68.0	100.0
132.50790549998055	68.0	100.0
132.52808179997373	68.0	100.0
132.5474819999945	68.0	100.0
132.5681960999791	68.0	100.0
132.59007489998476	68.0	100.0
132.6081038999837	68.0	100.0
132.6282117999799	68.0	100.0
132.65061679997598	68.0	100.0
132.66818389997934	66.0	100.0
132.68842679998488	66.0	100.0
132.70826089999173	66.0	100.0
132.7282783999981	66.0	100.0
132.7480230999936	66.0	100.0
132.76793739999994	66.0	100.0
132.7883708999725	66.0	100.0
132.8078889999888	66.0	100.0
132.82799799999339	66.0	100.0
132.84717019999516	66.0	100.0
132.86817239999073	66.0	100.0
132.8887005999859	66.0	100.0
132.90843399998266	66.0	100.0
132.92778849997558	66.0	100.0
132.94800029997714	66.0	100.0
132.9678953999828	66.0	100.0
132.98752460000105	66.0	100.0
133.00835589997587	66.0	100.0
133.02823329999228	66.0	100.0
133.04790529998718	66.0	100.0
133.0674739999813	66.0	100.0
133.0881234999979	66.0	100.0
133.10755789998802	66.0	100.0
133.12916459998814	66.0	100.0
133.14832429998205	66.0	100.0
133.1684623999754	66.0	100.0
133.18849829997635	66.0	100.0
133.20828999998048	66.0	100.0
133.22829719999572	66.0	100.0
133.2480530999892	66.0	100.0
133.26832049997756	66.0	100.0
133.29145459999563	66.0	100.0
133.30933089999598	66.0	100.0
133.3291593999893	66.0	100.0
133.34843339998042	66.0	100.0
133.36831149997306	66.0	100.0
133.38836819998687	66.0	100.0
133.4083215999999	66.0	100.0
133.42962039998383	66.0	100.0
133.4484699999739	66.0	100.0
133.4684040999855	66.0	100.0
133.4898281999922	66.0	100.0
133.50928769999882	66.0	100.0
133.52842229997623	66.0	100.0
133.54802199997357	66.0	100.0
133.56811739999102	66.0	100.0
133.58830029997625	66.0	100.0
133.60874719999265	66.0	100.0
133.63007859999198	66.0	100.0
133.64915979999932	66.0	100.0
133.66985779997776	65.0	100.0
133.68864049998228	65.0	100.0
133.70962799998233	65.0	100.0
133.72884069997235	65.0	100.0
133.74922449997393	65.0	100.0
133.76889439998195	65.0	100.0
133.78851199999917	65.0	100.0
133.80944369998178	65.0	100.0
133.82924069999717	65.0	100.0
133.8485767999955	65.0	100.0
133.86958259998937	65.0	100.0
133.88864069999545	65.0	100.0
133.91052059998037	65.0	100.0
133.92993289997685	65.0	100.0
133.9494471999933	65.0	100.0
133.9692875999899	65.0	100.0
133.9897634999943	65.0	100.0
134.00851819998934	65.0	100.0
134.02863799998886	65.0	100.0
134.04850749997422	65.0	100.0
134.06845909997355	65.0	100.0
134.08847079999396	65.0	100.0
134.10983309999574	65.0	100.0
134.12871979997726	65.0	100.0
134.14871939999284	65.0	100.0
134.168554999982	65.0	100.0
134.18893519998528	65.0	100.0
134.20934329999727	65.0	100.0
134.2291820999817	65.0	100.0
134.24857229998452	65.0	100.0
134.26892539998516	65.0	100.0
134.28885339997942	65.0	100.0
134.30886689998442	65.0	100.0
134.3292576999811	65.0	100.0
134.34933479997562	65.0	100.0
134.36898109997855	65.0	100.0
134.38895349999075	65.0	100.0
134.40924849998555	65.0	100.0
134.42946179999853	65.0	100.0
134.4481581999862	65.0	100.0
134.46855579997646	65.0	100.0
134.4890511999838	65.0	100.0
134.5091332999873	65.0	100.0
134.5294520999887	65.0	100.0
134.54970899998443	65.0	100.0
134.56855949998135	65.0	100.0
134.58849689998897	65.0	100.0
134.61457749997498	65.0	100.0
134.62957019999158	65.0	100.0
134.6502544999821	65.0	100.0
134.67033359999186	64.0	100.0
134.68995879997965	64.0	100.0
134.71011019998696	64.0	100.0
134.73011369997403	64.0	100.0
134.74978879999253	64.0	100.0
134.7702354999783	64.0	100.0
134.79038359998958	64.0	100.0
134.81063389999326	64.0	100.0
134.83009369997308	64.0	100.0
134.85035669998615	64.0	100.0
134.87020559998928	64.0	100.0
134.89004679999198	64.0	100.0
134.90987699999823	64.0	100.0
134.93006819998845	64.0	100.0
134.9499030999723	64.0	100.0
134.96997669999837	64.0	100.0
134.9903168999881	64.0	100.0
135.0097394999757	64.0	100.0
135.02908169999137	64.0	100.0
135.05088179997983	64.0	100.0
135.07061819999944	64.0	100.0
135.08997969998745	64.0	100.0
135.10976039999514	64.0	100.0
135.13086419997853	64.0	100.0
135.14988309997716	64.0	100.0
135.16916499999934	64.0	100.0
135.19032080000034	64.0	100.0
135.21060069999658	64.0	100.0
135.23099179999554	64.0	100.0
135.2509849999915	64.0	100.0
135.27036879997468	64.0	100.0
135.2899405999924	64.0	100.0
135.31061589997262	64.0	100.0
135.33059369999683	64.0	100.0
135.35047179998946	64.0	100.0
135.3698096999724	64.0	100.0
135.38998169999104	64.0	100.0
135.4099554999848	64.0	100.0
135.43030399997951	64.0	100.0
135.4498660999816	64.0	100.0
135.4702720999776	64.0	100.0
135.4894951999886	64.0	100.0
135.50925939998706	64.0	100.0
135.52949939999962	64.0	100.0
135.54938889999175	64.0	100.0
135.56942139999592	64.0	100.0
135.59178349998547	64.0	100.0
135.6095713999821	64.0	100.0
135.6296518999734	64.0	100.0
135.65017729997635	64.0	100.0
135.6703466999752	63.0	100.0
135.69043079999392	63.0	100.0
135.7106818999746	63.0	100.0
135.73049689998152	63.0	100.0
135.7503422999871	63.0	100.0
135.77012909998302	63.0	100.0
135.79042559998925	63.0	100.0
135.81000439997297	63.0	100.0
135.82999589998508	63.0	100.0
135.85052079998422	63.0	100.0
135.86978469998576	63.0	100.0
135.89018739998573	63.0	100.0
135.91044519998832	63.0	100.0
135.93030439998256	63.0	100.0
135.95278229998075	63.0	100.0
135.9701333999983	63.0	100.0
135.99040829998557	63.0	100.0
136.01005439998698	63.0	100.0
136.02991329997894	63.0	100.0
136.0500901999767	63.0	100.0
136.07066529997974	63.0	100.0
136.09015529998578	63.0	100.0
136.11094579999917	63.0	100.0
136.129689399997	63.0	100.0
136.1505005999934	63.0	100.0
136.1701347999915	63.0	100.0
136.19041889999062	63.0	100.0
136.20918079998228	63.0	100.0
136.22967449997668	63.0	100.0
136.249179299979	63.0	100.0
136.26902149998932	63.0	100.0
136.29075989997364	63.0	100.0
136.31012759997975	63.0	100.0
136.32866809997358	63.0	100.0
136.34676479999325	63.0	100.0
136.36612989997957	63.0	100.0
136.3867502999783	63.0	100.0
136.4087973999849	63.0	100.0
136.42766689998098	63.0	100.0
136.4463129999931	63.0	100.0
136.4664408999961	63.0	100.0
136.48658639998757	63.0	100.0
136.50800979998894	63.0	100.0
136.5277400999912	63.0	100.0
136.55152859998634	63.0	100.0
136.56877479999093	63.0	100.0
136.59000149997883	63.0	100.0
136.61003749998054	63.0	100.0
136.63043189997552	63.0	100.0
136.6512526999868	63.0	100.0
136.6701735999959	62.0	100.0
136.69054459998733	62.0	100.0
136.7105452999822	62.0	100.0
136.73043519997736	62.0	100.0
136.75037739999243	62.0	100.0
136.77205159998266	62.0	100.0
136.78992089998792	62.0	100.0
136.8105178999831	62.0	100.0
136.831666699989	62.0	100.0
136.85109999999986	62.0	100.0
136.87095489999047	62.0	100.0
136.8907704000012	62.0	100.0
136.91031879998627	62.0	100.0
136.93043619999662	62.0	100.0
136.95018309997977	62.0	100.0
136.97121699998388	62.0	100.0
136.9898151999805	62.0	100.0
137.00987959999475	62.0	100.0
137.03061499999603	62.0	100.0
137.05026569997426	62.0	100.0
137.0706389999832	62.0	100.0
137.0903774999897	62.0	100.0
137.1102111999935	62.0	100.0
137.13062819998595	62.0	100.0
137.14963079997688	62.0	100.0
137.1706604999781	62.0	100.0
137.19048909997218	62.0	100.0
137.20986749997246	62.0	100.0
137.23202959998162	62.0	100.0
137.25183609998203	62.0	100.0
137.27043129998492	62.0	100.0
137.29031269997358	62.0	100.0
137.31018719999702	62.0	100.0
137.3301505999989	62.0	100.0
137.35026709997328	62.0	100.0
137.36968819997855	62.0	100.0
137.38986579998164	62.0	100.0
137.41164619999472	62.0	100.0
137.43043379997835	62.0	100.0
137.44973919997574	62.0	100.0
137.47021729999688	62.0	100.0
137.49042679998092	62.0	100.0
137.51060199999483	62.0	100.0
137.530571899988	62.0	100.0
137.55016229997273	62.0	100.0
137.5704084999743	62.0	100.0
137.5913756999944	62.0	100.0
137.61059079997358	62.0	100.0
137.63060289999703	62.0	100.0
137.65108799998416	62.0	100.0
137.67010769998888	61.0	100.0
137.69079169997713	61.0	100.0
137.71083279998857	61.0	100.0
137.73039029998472	61.0	100.0
137.75030369998422	61.0	100.0
137.76987469999585	61.0	100.0
137.79041829999187	61.0	100.0
137.81048059999011	61.0	100.0
137.83071699997527	61.0	100.0
137.85024949998478	61.0	100.0
137.87077779998071	61.0	100.0
137.89018759998726	61.0	100.0
137.91083079998498	61.0	100.0
137.9306211999792	61.0	100.0
137.95025249998434	61.0	100.0
137.97098990000086	61.0	100.0
137.99057659998653	61.0	100.0
138.01000329997623	61.0	100.0
138.02964699998847	61.0	100.0
138.04974679998122	61.0	100.0
138.07079149998026	61.0	100.0
138.08989329999895	61.0	100.0
138.10981089997222	61.0	100.0
138.12858019999112	61.0	100.0
138.15171159998863	61.0	100.0
138.17102939999313	61.0	100.0
138.19124059999012	61.0	100.0
138.21051259999513	61.0	100.0
138.23094049998326	61.0	100.0
138.25175450000097	61.0	100.0
138.27144539999426	61.0	100.0
138.29082819999894	61.0	100.0
138.31064229999902	61.0	100.0
138.330441099999	61.0	100.0
138.3503474999743	61.0	100.0
138.36968279999564	61.0	100.0
138.39036199997645	61.0	100.0
138.41041149999364	61.0	100.0
138.43082499998854	61.0	100.0
138.45050699997228	61.0	100.0
138.4702148999786	61.0	100.0
138.49029629997676	61.0	100.0
138.5127898999781	61.0	100.0
138.5301635999931	61.0	100.0
138.55091649998212	61.0	100.0
138.56975479997345	61.0	100.0
138.59232229998452	61.0	100.0
138.61051269999007	61.0	100.0
138.63122179999482	61.0	100.0
138.650928499992	61.0	100.0
138.67118299999856	61.0	100.0
138.6907249999931	61.0	100.0
138.7105058999732	61.0	100.0
138.73067559997435	61.0	100.0
138.7504938999773	61.0	100.0
138.7703547999845	61.0	100.0
138.79079429997364	61.0	100.0
138.8113015999843	61.0	100.0
138.83103159998427	61.0	100.0
138.85098859999562	61.0	100.0
138.87090599999647	61.0	100.0
138.89021529999445	61.0	100.0
138.91044609999517	61.0	100.0
138.9304910999781	61.0	100.0
138.95047179999528	61.0	100.0
138.97057729997323	61.0	100.0
138.99037759998464	61.0	100.0
139.0102033999865	61.0	100.0
139.031138499995	61.0	100.0
139.05051069997717	61.0	100.0
139.07021019997774	61.0	100.0
139.09049879998202	61.0	100.0
139.11022169998614	61.0	100.0
139.1304738999752	61.0	100.0
139.15030819998356	61.0	100.0
139.17018529999768	61.0	100.0
139.19060489998083	61.0	100.0
139.2105912999832	61.0	100.0
139.23136559998966	61.0	100.0
139.2519106999971	61.0	100.0
139.27040889998898	61.0	100.0
139.29048669998883	61.0	100.0
139.31188799999654	61.0	100.0
139.33228649999364	61.0	100.0
139.35030319998623	61.0	100.0
139.37015599998995	61.0	100.0
139.39013929999783	61.0	100.0
139.41132970000035	61.0	100.0
139.43173259997275	61.0	100.0
139.452495799982	61.0	100.0
139.47109269999783	61.0	100.0
139.49077319999924	61.0	100.0
139.51073289997294	61.0	100.0
139.53093599999556	61.0	100.0
139.55076819998794	61.0	100.0
139.57021219999297	61.0	100.0
139.59051969999564	61.0	100.0
139.61042109999107	61.0	100.0
139.63096199999563	61.0	100.0
139.65143269998953	61.0	100.0
139.67057009998825	64.0	100.0
139.68987489998108	64.0	100.0
139.71020329999737	64.0	100.0
139.73112429998582	64.0	100.0
139.75056059999042	64.0	100.0
139.77076829998987	64.0	100.0
139.7903806999966	64.0	100.0
139.81044069997733	64.0	100.0
139.8306653999898	64.0	100.0
139.85034939998877	64.0	100.0
139.87167989998125	64.0	100.0
139.8901719999849	64.0	100.0
139.91048489999957	64.0	100.0
139.93062369999825	64.0	100.0
139.95087269999203	64.0	100.0
139.97062839998398	64.0	100.0
139.99070080000092	64.0	100.0
140.01044959999854	64.0	100.0
140.03208779997658	64.0	100.0
140.05091769999126	64.0	100.0
140.07107799997902	64.0	100.0
140.09145469998475	64.0	100.0
140.11095119998208	64.0	100.0
140.1299817999825	64.0	100.0
140.15136049999273	64.0	100.0
140.17000529999495	64.0	100.0
140.19003040000098	64.0	100.0
140.20982139999978	64.0	100.0
140.2312252999982	64.0	100.0
140.250764299999	64.0	100.0
140.27182609998272	64.0	100.0
140.29104579999694	64.0	100.0
140.31110889997217	64.0	100.0
140.33094839999103	64.0	100.0
140.35129149997374	64.0	100.0
140.37114969998947	64.0	100.0
140.39152309999918	64.0	100.0
140.41105179997976	64.0	100.0
140.43129619999672	64.0	100.0
140.45119159997557	64.0	100.0
140.47203979999176	64.0	100.0
140.49098169998615	64.0	100.0
140.51143019998563	64.0	100.0
140.53197069998714	64.0	100.0
140.5517542999878	64.0	100.0
140.57104009998147	64.0	100.0
140.59046019997913	64.0	100.0
140.61013989997446	64.0	100.0
140.63064609997673	64.0	100.0
140.65177409999887	64.0	100.0
140.6724172999966	66.0	100.0
140.69147579997662	66.0	100.0
140.71191399998497	66.0	100.0
140.73195339998347	66.0	100.0
140.7520485999994	66.0	100.0
140.77256049998687	66.0	100.0
140.79239919999964	66.0	100.0
140.81037389999256	66.0	100.0
140.83226529997773	66.0	100.0
140.85192329998245	66.0	100.0
140.8716890999931	66.0	100.0
140.89187029999448	66.0	100.0
140.91177879998577	66.0	100.0
140.9320203999814	66.0	100.0
140.9519575999875	66.0	100.0
140.97127739997813	66.0	100.0
140.99127669999143	66.0	100.0
141.01105089997873	66.0	100.0
141.0323668999772	66.0	100.0
141.0520714999875	66.0	100.0
141.07337999998708	66.0	100.0
141.09213489998365	66.0	100.0
141.1121052999806	66.0	100.0
141.131816899986	66.0	100.0
141.1515949999739	66.0	100.0
141.17126169998664	66.0	100.0
141.19198359997245	66.0	100.0
141.2111656999914	66.0	100.0
141.23092469997937	66.0	100.0
141.25231979999808	66.0	100.0
141.27211890000035	66.0	100.0
141.29180249999627	66.0	100.0
141.3128013999958	66.0	100.0
141.3324821999995	66.0	100.0
141.3522661999741	66.0	100.0
141.371717299975	66.0	100.0
141.39241029997356	66.0	100.0
141.414839199977	66.0	100.0
141.43322229999467	66.0	100.0
141.45236779999686	66.0	100.0
141.47214339999482	66.0	100.0
141.49211909997393	66.0	100.0
141.51201649999712	66.0	100.0
141.53213919998962	66.0	100.0
141.55218359999708	66.0	100.0
141.5717887999781	66.0	100.0
141.59455629999866	66.0	100.0
141.61228329999722	66.0	100.0
141.63346029998502	66.0	100.0
141.65384249997442	66.0	100.0
141.6739100999839	68.0	100.0
141.69238909997512	68.0	100.0
141.71253119999892	68.0	100.0
141.73331209999742	68.0	100.0
141.75319389998913	68.0	100.0
141.77227849999326	68.0	100.0
141.7926463999902	68.0	100.0
141.81308870000066	68.0	100.0
141.83316559999366	68.0	100.0
141.85193879998405	68.0	100.0
141.87213759997394	68.0	100.0
141.89256409998052	68.0	100.0
141.91263009997783	68.0	100.0
141.93251049998798	68.0	100.0
141.95211919999565	68.0	100.0
141.9725405999925	68.0	100.0
141.99450999998953	68.0	100.0
142.01225839997642	68.0	100.0
142.03266309999162	68.0	100.0
142.05275139998412	68.0	100.0
142.07242789998418	68.0	100.0
142.09253069999977	68.0	100.0
142.1128242999839	68.0	100.0
142.1328512999753	68.0	100.0
142.15276069997344	68.0	100.0
142.1721975999826	68.0	100.0
142.1936646999966	68.0	100.0
142.21281229998567	68.0	100.0
142.23288639998646	68.0	100.0
142.25229939998826	68.0	100.0
142.273177999974	68.0	100.0
142.29274409997743	68.0	100.0
142.31308229998103	68.0	100.0
142.33324479998555	68.0	100.0
142.35384929997963	68.0	100.0
142.37355779999052	68.0	100.0
142.3937798999832	68.0	100.0
142.41278709998005	68.0	100.0
142.4334713999997	68.0	100.0
142.4550951999845	68.0	100.0
142.47368679998908	68.0	100.0
142.49314909998793	68.0	100.0
142.51373589999275	68.0	100.0
142.53394219998154	68.0	100.0
142.5542049999931	68.0	100.0
142.5740554999793	68.0	100.0
142.5937437999819	68.0	100.0
142.6137660999957	68.0	100.0
142.63464679999743	68.0	100.0
142.65457199999946	68.0	100.0
142.67455259998678	70.0	100.0
142.69399019997218	70.0	100.0
142.7140015999903	70.0	100.0
142.73416969997925	70.0	100.0
142.7543804999732	70.0	100.0
142.77387129998533	70.0	100.0
142.79432689998066	70.0	100.0
142.81369229999837	70.0	100.0
142.83423589999438	70.0	100.0
142.8540656999976	70.0	100.0
142.87431079999078	70.0	100.0
142.8939790999866	70.0	100.0
142.9166623999772	70.0	100.0
142.93500989998574	70.0	100.0
142.95805209997343	70.0	100.0
142.97386389999883	70.0	100.0
142.99412649997976	70.0	100.0
143.01379479997559	70.0	100.0
143.0343546999793	70.0	100.0
143.05443429999286	70.0	100.0
143.07430059998296	70.0	100.0
143.09420369999134	70.0	100.0
143.11514650000026	70.0	100.0
143.13367399998242	70.0	100.0
143.15434179999284	70.0	100.0
143.1738557999779	70.0	100.0
143.1942964999762	70.0	100.0
143.21435799999745	70.0	100.0
143.23413810000056	70.0	100.0
143.2556321999873	70.0	100.0
143.27485759998672	70.0	100.0
143.29462209998746	70.0	100.0
143.31421269997372	70.0	100.0
143.33380179997766	70.0	100.0
143.35452019999502	70.0	100.0
143.3737743999809	70.0	100.0
143.39470619999338	70.0	100.0
143.41426339998725	70.0	100.0
143.43502689999877	70.0	100.0
143.45443819998764	70.0	100.0
143.47443639999256	70.0	100.0
143.49432649998926	70.0	100.0
143.51468339998974	70.0	100.0
143.53432369997608	70.0	100.0
143.55473969999002	70.0	100.0
143.57357279999997	70.0	100.0
143.59398579999106	70.0	100.0
143.61431799997808	70.0	100.0
143.63412229999085	70.0	100.0
143.6549696000002	70.0	100.0
143.67410749997362	71.0	100.0
143.69412369999918	71.0	100.0
143.71422749999329	71.0	100.0
143.73614199997974	71.0	100.0
143.79184439999517	71.0	100.0
143.79189199997927	71.0	100.0
143.79380059998948	71.0	100.0
143.81392439999036	71.0	100.0
143.83420259997365	71.0	100.0
143.8780071999936	71.0	100.0
143.8780262999935	71.0	100.0
143.8943850999931	71.0	100.0
143.91466889998992	71.0	100.0
143.93437679999624	71.0	100.0
143.98039029998472	71.0	100.0
143.980410499993	71.0	100.0
143.99379099998623	71.0	100.0
144.01482929999474	71.0	100.0
144.03419399997802	71.0	100.0
144.0822888999828	71.0	100.0
144.08230759997969	71.0	100.0
144.0938218999945	71.0	100.0
144.1138560999825	71.0	100.0
144.1347803999961	71.0	100.0
144.18507169999066	71.0	100.0
144.18509059998905	71.0	100.0
144.19465809999383	71.0	100.0
144.21481199999107	71.0	100.0
144.23581859999103	71.0	100.0
144.2931764999812	71.0	100.0
144.29322509997291	71.0	100.0
144.29407549998723	71.0	100.0
144.3143467999762	71.0	100.0
144.33436009997968	71.0	100.0
144.35447409999324	71.0	100.0
144.38976299998467	71.0	100.0
144.395074799977	71.0	100.0
144.414340599993	71.0	100.0
144.43601109998417	71.0	100.0
144.45421219998389	71.0	100.0
144.47979589999886	71.0	100.0
144.49416689999634	71.0	100.0
144.5150275999913	71.0	100.0
144.53442709997762	71.0	100.0
144.55517989999498	71.0	100.0
144.57472649999545	71.0	100.0
144.5966206000012	71.0	100.0
144.64038289999007	71.0	100.0
144.64040769997519	71.0	100.0
144.65795100000105	71.0	100.0
144.78133349999553	73.0	100.0
144.78138010000112	73.0	100.0
144.78140459998394	73.0	100.0
144.7814284999913	73.0	100.0
144.7814512999903	73.0	100.0
144.78147389998776	73.0	100.0
144.7961670999939	73.0	100.0
144.81483279998065	73.0	100.0
144.8354551999946	73.0	100.0
144.8547209999815	73.0	100.0
144.87485549997655	73.0	100.0
144.89455109997652	73.0	100.0
144.95181719999528	73.0	100.0
144.95183999999426	73.0	100.0
144.95423449997907	73.0	100.0
145.08736079998198	73.0	100.0
145.08738049998647	73.0	100.0
145.0873930999951	73.0	100.0
145.08740119999857	73.0	100.0
145.08740949997446	73.0	100.0
145.08741729997564	73.0	100.0
145.09398249999504	73.0	100.0
145.11376519998885	73.0	100.0
145.13367859998834	73.0	100.0
145.15525069998694	73.0	100.0
145.17642179998802	73.0	100.0
145.196277799987	73.0	100.0
145.2540143999795	73.0	100.0
145.25403709997772	73.0	100.0
145.25610449997475	73.0	100.0
145.27502859997912	73.0	100.0
145.45981380000012	73.0	100.0
145.45987679998507	73.0	100.0
145.45991289999802	73.0	100.0
145.45994749999954	73.0	100.0
145.45998469999176	73.0	100.0
145.4606567999872	73.0	100.0
145.46069989999523	73.0	100.0
145.46072469998035	73.0	100.0
145.46074739997857	73.0	100.0
145.4781476999924	73.0	100.0
145.5164906999853	73.0	100.0
145.51833120000083	73.0	100.0
145.53654239999014	73.0	100.0
145.5563981999876	73.0	100.0
145.57898429999477	73.0	100.0
145.59734279999975	73.0	100.0
145.61457629999495	73.0	100.0
145.6378304999962	73.0	100.0
145.65819519999786	73.0	100.0
145.67794879997382	74.0	100.0
145.71258779999334	74.0	100.0
145.7166136999731	74.0	100.0
145.7379533999774	74.0	100.0
145.7567133999837	74.0	100.0
145.7776241999818	74.0	100.0
145.8068987999868	74.0	100.0
145.81639439999708	74.0	100.0
145.83692499998142	74.0	100.0
145.85618389997398	74.0	100.0
145.87699419999262	74.0	100.0
145.90103159999126	74.0	100.0
145.91646899998887	74.0	100.0
145.93759839999257	74.0	100.0
145.95733999999356	74.0	100.0
145.97653519999585	74.0	100.0
146.17955069997697	74.0	100.0
146.17957099998603	74.0	100.0
146.17958309999085	74.0	100.0
146.17959129999508	74.0	100.0
146.17959939999855	74.0	100.0
146.17960759997368	74.0	100.0
146.1796152999741	74.0	100.0
146.179622799973	74.0	100.0
146.179630300001	74.0	100.0
146.17963749999763	74.0	100.0
146.1969473999925	74.0	100.0
146.21693830000004	74.0	100.0
146.23831960000098	74.0	100.0
146.29107009997824	74.0	100.0
146.29109499999322	74.0	100.0
146.2971010999754	74.0	100.0
146.42693379998673	74.0	100.0
146.4269537999935	74.0	100.0
146.42706180000096	74.0	100.0
146.42707529998734	74.0	100.0
146.42708429999766	74.0	100.0
146.42709240000113	74.0	100.0
146.43724759999895	74.0	100.0
146.45680709998123	74.0	100.0
146.47739909999655	74.0	100.0
146.497409899981	74.0	100.0
146.70819869998377	74.0	100.0
146.70823349998682	74.0	100.0
146.70825159997912	74.0	100.0
146.7082681999891	74.0	100.0
146.70829319997574	74.0	100.0
146.7083178999892	74.0	100.0
146.70834079998895	74.0	100.0
146.70836299998336	74.0	100.0
146.70838559998083	75.0	100.0
146.70840759997373	75.0	100.0
146.7196003999852	75.0	100.0
146.73866819997784	75.0	100.0
146.75739319997956	75.0	100.0
146.80459299997892	75.0	100.0
146.8046424999775	75.0	100.0
146.93852079997305	75.0	100.0
146.93857309999294	75.0	100.0
146.9385982999811	75.0	100.0
146.9386215999839	75.0	100.0
146.9386440999806	75.0	100.0
146.93866699998034	75.0	100.0
146.93868969997857	75.0	100.0
147.051426799997	75.0	100.0
147.05144739997922	75.0	100.0
147.05145619998802	75.0	100.0
147.0514637999877	75.0	100.0
147.05147089998354	75.0	100.0
147.05532179999864	75.0	100.0
147.07731689998764	75.0	100.0
147.09642359998543	75.0	100.0
147.36876689997735	75.0	100.0
147.36878779999097	75.0	100.0
147.3687967999722	75.0	100.0
147.36880440000095	75.0	100.0
147.36881169999833	75.0	100.0
147.36898319999455	75.0	100.0
147.36899930000072	75.0	100.0
147.36901039999793	75.0	100.0
147.36901869997382	75.0	100.0
147.36902699997881	75.0	100.0
147.37203849997604	75.0	100.0
147.37206460000016	75.0	100.0
147.3720732999791	75.0	100.0
147.41835469999933	75.0	100.0
147.41840559997945	75.0	100.0
147.41843039999367	75.0	100.0
147.5520885999722	75.0	100.0
147.55212369997753	75.0	100.0
147.55214129999513	75.0	100.0
147.55215779997525	75.0	100.0
147.55218059997424	75.0	100.0
147.5522036999755	75.0	100.0
147.55818409999483	75.0	100.0
147.66343239997514	75.0	100.0
147.6634671999782	75.0	100.0
147.66348479999579	75.0	100.0
147.6635015999782	75.0	100.0
147.6635180999874	75.0	100.0
147.67871109998669	74.0	100.0
147.69831359997625	74.0	100.0
147.71851459998288	74.0	100.0
147.82118279999122	74.0	100.0
147.82120219999342	74.0	100.0
147.82121039999765	74.0	100.0
147.82121819999884	74.0	100.0
147.82122610000079	74.0	100.0
147.83865449999576	74.0	100.0
147.85750169999665	74.0	100.0
147.95984729999327	74.0	100.0
147.95989589998499	74.0	100.0
147.95992860000115	74.0	100.0
147.95996369997738	74.0	100.0
147.95999809997738	74.0	100.0
147.9799116999784	74.0	100.0
147.99826979998033	74.0	100.0
148.01832439997816	74.0	100.0
148.21421809997992	74.0	100.0
148.2142385999905	74.0	100.0
148.21424779997324	74.0	100.0
148.21425559997442	74.0	100.0
148.21426319997408	74.0	100.0
148.21427059997222	74.0	100.0
148.21427799999947	74.0	100.0
148.21428529999685	74.0	100.0
148.2142923999927	74.0	100.0
148.2184508999926	74.0	100.0
148.24044879997382	74.0	100.0
148.25849569999264	74.0	100.0
148.27854979998665	74.0	100.0
148.2982847999956	74.0	100.0
148.31799369998043	74.0	100.0
148.33889309997903	74.0	100.0
148.480201999977	74.0	100.0
148.48023939999985	74.0	100.0
148.48025679998682	74.0	100.0
148.48027359999833	74.0	100.0
148.48028989997692	74.0	100.0
148.4803064999869	74.0	100.0
148.48032549998607	74.0	100.0
148.49816259997897	74.0	100.0
148.51930289997836	74.0	100.0
148.5386932999827	74.0	100.0
148.6805823999748	74.0	100.0
148.68060449999757	74.0	100.0
148.68061279997346	74.0	100.0
148.68062049997388	74.0	100.0
148.68062780000037	74.0	100.0
148.68063759998768	74.0	100.0
148.68064719997346	73.0	100.0
148.69422489998396	73.0	100.0
148.7154452999821	73.0	100.0
148.7360297999985	73.0	100.0
148.8833239999949	73.0	100.0
148.88334499998018	73.0	100.0
148.88335619997815	73.0	100.0
148.88336399997934	73.0	100.0
148.8833720999828	73.0	100.0
148.8833803999878	73.0	100.0
148.88338779998594	73.0	100.0
148.89710329999798	73.0	100.0
148.9173182999948	73.0	100.0
148.9373136999784	73.0	100.0
149.03135989999282	73.0	100.0
149.0313963999797	73.0	100.0
149.03141369999503	73.0	100.0
149.03143049997743	73.0	100.0
149.03749429999152	73.0	100.0
149.05750819999957	73.0	100.0
149.0781627999968	73.0	100.0
149.2470688999747	73.0	100.0
149.24709119999898	73.0	100.0
149.24709999997867	73.0	100.0
149.24710969999433	73.0	100.0
149.2471177999978	73.0	100.0
149.24712619997445	73.0	100.0
149.24713359997259	73.0	100.0
149.2471407999983	73.0	100.0
149.25745509998524	73.0	100.0
149.2776831999945	73.0	100.0
149.2974940999993	73.0	100.0
149.31760999999824	73.0	100.0
149.33769149999716	73.0	100.0
149.3572712999885	73.0	100.0
149.4975055999821	73.0	100.0
149.4975262999942	73.0	100.0
149.4975384999998	73.0	100.0
149.4975469999772	73.0	100.0
149.4975552999822	73.0	100.0
149.49756309998338	73.0	100.0
149.4986355000001	73.0	100.0
149.5177071999933	73.0	100.0
149.53768669997226	73.0	100.0
149.55783999999403	73.0	100.0
149.7018724999798	73.0	100.0
149.7018913999782	73.0	100.0
149.7019040999876	73.0	100.0
149.70191219999106	73.0	100.0
149.70192049999605	73.0	100.0
149.70192819999647	71.0	100.0
149.7019353999931	71.0	100.0
149.71913099999074	71.0	100.0
149.73885619998327	71.0	100.0
149.75781799998367	71.0	100.0
149.90665209997678	71.0	100.0
149.90667229998508	71.0	100.0
149.90668019998702	71.0	100.0
149.90668769998592	71.0	100.0
149.90669749997323	71.0	100.0
149.90670569997746	71.0	100.0
149.90671329997713	71.0	100.0
149.91898869999568	71.0	100.0
149.93968859998859	71.0	100.0
149.9578045999806	71.0	100.0
149.97801689998596	71.0	100.0
150.11151659997995	71.0	100.0
150.11153829999967	71.0	100.0
150.11154679997708	71.0	100.0
150.11155519998283	71.0	100.0
150.11156259998097	71.0	100.0
150.11156989997835	71.0	100.0
150.11805349998758	71.0	100.0
150.13864799999283	71.0	100.0
150.1591999999946	71.0	100.0
150.17901009999332	71.0	100.0
150.3162108999968	71.0	100.0
150.31623149997904	71.0	100.0
150.31624159999774	71.0	100.0
150.31624929999816	71.0	100.0
150.3162569999986	71.0	100.0
150.316264699999	71.0	100.0
150.3190920999914	71.0	100.0
150.33813679998275	71.0	100.0
150.35854379998636	71.0	100.0
150.37835189999896	71.0	100.0
150.52111169998534	71.0	100.0
150.52113089998602	71.0	100.0
150.5211425999878	71.0	100.0
150.52115049998974	71.0	100.0
150.52115869999398	71.0	100.0
150.5211663999944	71.0	100.0
150.52117419999558	71.0	100.0
150.53887919997214	71.0	100.0
150.55880869997782	71.0	100.0
150.578706899978	71.0	100.0
150.6783674999897	71.0	100.0
150.67840209999122	71.0	100.0
150.67842029998428	71.0	100.0
150.6784372999973	71.0	100.0
150.68030619999627	71.0	100.0
150.6993938999949	71.0	100.0
150.71942929999204	71.0	100.0
150.89424729999155	71.0	100.0
150.89426829997683	71.0	100.0
150.89427929997328	71.0	100.0
150.89428869998665	71.0	100.0
150.89429699999164	71.0	100.0
150.89430479999282	71.0	100.0
150.89431229999173	71.0	100.0
150.89431949998834	71.0	100.0
150.89927409999655	71.0	100.0
150.91973629998392	71.0	100.0
150.93948849997832	71.0	100.0
150.9594590999768	71.0	100.0
150.97960339998826	71.0	100.0
150.99963249999564	71.0	100.0
151.1354801999987	71.0	100.0
151.1354996000009	71.0	100.0
151.13551209997968	71.0	100.0
151.1355200999824	71.0	100.0
151.13552869998966	71.0	100.0
151.13553649999085	71.0	100.0
151.13969819998601	71.0	100.0
151.15983239997877	71.0	100.0
151.1793534999888	71.0	100.0
151.19953909999458	71.0	100.0
151.2890417999879	71.0	100.0
151.28906629999983	71.0	100.0
151.28907469997648	71.0	100.0
151.28908279997995	71.0	100.0
151.29923799997778	71.0	100.0
151.3196278999967	71.0	100.0
151.3828693999967	71.0	100.0
151.38288839999586	71.0	100.0
151.382901999983	71.0	100.0
151.39992019999772	71.0	100.0
151.42243519998738	71.0	100.0
151.43907519997447	71.0	100.0
151.45894819998648	71.0	100.0
151.4790255999833	71.0	100.0
151.50687959999777	71.0	100.0
151.51939709999715	71.0	100.0
151.53951159998542	71.0	100.0
151.6329327999847	71.0	100.0
151.6329521999869	71.0	100.0
151.63296039999113	71.0	100.0
151.63296859999537	71.0	100.0
151.63676879997365	71.0	100.0
151.6590434999962	71.0	100.0
151.67751689997385	70.0	100.0
151.69989679998253	70.0	100.0
151.72109799997997	70.0	100.0
151.73988389997976	70.0	100.0
151.7598897999851	70.0	100.0
151.7805045999994	70.0	100.0
151.8008083999739	70.0	100.0
151.81992169999285	70.0	100.0
151.84090129999095	70.0	100.0
151.85994840000058	70.0	100.0
151.88009880000027	70.0	100.0
151.8996658999822	70.0	100.0
151.92000379998353	70.0	100.0
151.9404807999963	70.0	100.0
151.95990429999074	70.0	100.0
151.97974359997897	70.0	100.0
152.00000919998274	70.0	100.0
152.020131199999	70.0	100.0
152.04092939998372	70.0	100.0
152.05992119997973	70.0	100.0
152.0799044999876	70.0	100.0
152.09969699999783	70.0	100.0
152.12013199998182	70.0	100.0
152.13967969999067	70.0	100.0
152.15992269999697	70.0	100.0
152.18017739997595	70.0	100.0
152.200423399976	70.0	100.0
152.22016999998596	70.0	100.0
152.241755199997	70.0	100.0
152.26066770000034	70.0	100.0
152.2809410999762	70.0	100.0
152.30063469999004	70.0	100.0
152.32012719998602	70.0	100.0
152.34075559998746	70.0	100.0
152.36084489998757	70.0	100.0
152.38028019998455	70.0	100.0
152.40064629999688	70.0	100.0
152.419920299988	70.0	100.0
152.44109849998495	70.0	100.0
152.45991439998033	70.0	100.0
152.47994649998145	70.0	100.0
152.4998910999857	70.0	100.0
152.51988099998562	70.0	100.0
152.5403014999756	70.0	100.0
152.56023419997655	70.0	100.0
152.57999979998567	70.0	100.0
152.60113629998523	70.0	100.0
152.61988399998518	70.0	100.0
152.64107429998694	70.0	100.0
152.66116619997774	70.0	100.0
152.68122779999976	69.0	100.0
152.70068299997365	69.0	100.0
152.72122979999403	69.0	100.0
152.74107359998743	69.0	100.0
152.76112739997916	69.0	100.0
152.7815865999728	69.0	100.0
152.8010735999851	69.0	100.0
152.81996049999725	69.0	100.0
152.84152019998874	69.0	100.0
152.86103879997972	69.0	100.0
152.88124499999685	69.0	100.0
152.9008516999893	69.0	100.0
152.9219675999775	69.0	100.0
152.94067229999928	69.0	100.0
152.96065399999497	69.0	100.0
152.98057939999853	69.0	100.0
153.0005970999773	69.0	100.0
153.02047099999618	69.0	100.0
153.0406991999771	69.0	100.0
153.06057109998073	69.0	100.0
153.0811248999962	69.0	100.0
153.10037689999444	69.0	100.0
153.12068579997867	69.0	100.0
153.14085339999292	69.0	100.0
153.16081689999555	69.0	100.0
153.18090319997282	69.0	100.0
153.20079849998	69.0	100.0
153.22380459998385	69.0	100.0
153.2411137999734	69.0	100.0
153.2611355999834	69.0	100.0
153.2809834999789	69.0	100.0
153.3012624999974	69.0	100.0
153.32129349999013	69.0	100.0
153.3411246999749	69.0	100.0
153.36113439998007	69.0	100.0
153.38135319997673	69.0	100.0
153.40112209998188	69.0	100.0
153.42125409998698	69.0	100.0
153.44157149997773	69.0	100.0
153.46192459997837	69.0	100.0
153.4810746999865	69.0	100.0
153.5015458999842	69.0	100.0
153.5213704999769	69.0	100.0
153.54153009998845	69.0	100.0
153.561702099978	69.0	100.0
153.58086119999643	69.0	100.0
153.6025427999848	69.0	100.0
153.6230426999973	69.0	100.0
153.64184949998162	69.0	100.0
153.66215369998827	69.0	100.0
153.68210879998514	69.0	100.0
153.7009868999885	69.0	100.0
153.725398199982	69.0	100.0
153.74155709997285	69.0	100.0
153.763237999985	69.0	100.0
153.78113649997977	69.0	100.0
153.80048909998732	69.0	100.0
153.8211385999748	69.0	100.0
153.84159729999374	69.0	100.0
153.86104879999766	69.0	100.0
153.88115709999693	69.0	100.0
153.90099219998228	69.0	100.0
153.9216032999975	69.0	100.0
153.94149299999117	69.0	100.0
153.96157869999297	69.0	100.0
153.9817550999869	69.0	100.0
154.0011854999757	69.0	100.0
154.02290059998631	69.0	100.0
154.04203129999223	69.0	100.0
154.06136169997626	69.0	100.0
154.08150380000006	69.0	100.0
154.10158099999535	69.0	100.0
154.12182779997238	69.0	100.0
154.14098889997695	69.0	100.0
154.16061799999443	69.0	100.0
154.1811544999946	69.0	100.0
154.20088449999457	69.0	100.0
154.22092449999764	69.0	100.0
154.24095449998276	69.0	100.0
154.26138689997606	69.0	100.0
154.2839833999751	69.0	100.0
154.3014805999992	69.0	100.0
154.32161869999254	69.0	100.0
154.4664392999839	69.0	100.0
154.46645939999144	69.0	100.0
154.4664692999795	69.0	100.0
154.4664775999845	69.0	100.0
154.4664855999872	69.0	100.0
154.46649299998535	69.0	100.0
154.46650049998425	69.0	100.0
154.48247160000028	69.0	100.0
154.50138329999754	69.0	100.0
154.52136139999493	69.0	100.0
154.54099689997383	69.0	100.0
154.56121109999367	69.0	100.0
154.58162199999788	69.0	100.0
154.60107279999647	69.0	100.0
154.62118209997425	69.0	100.0
154.64171509997686	69.0	100.0
154.65976289997343	69.0	100.0
154.68079049998778	70.0	100.0
154.69964129998698	70.0	100.0
154.718068999995	70.0	100.0
154.7385148999747	70.0	100.0
154.76178849997814	70.0	100.0
154.78158979999716	70.0	100.0
154.80195489997277	70.0	100.0
154.8217116999731	70.0	100.0
154.84265159998904	70.0	100.0
154.8620129999763	70.0	100.0
154.881959499995	70.0	100.0
154.90167629998177	70.0	100.0
154.9216643999971	70.0	100.0
154.9422020999773	70.0	100.0
154.96146639998187	70.0	100.0
154.9816914999974	70.0	100.0
155.0018904999888	70.0	100.0
155.026881400001	70.0	100.0
155.0425040999835	70.0	100.0
155.0620114999765	70.0	100.0
155.08152279999922	70.0	100.0
155.1017132999841	70.0	100.0
155.12230239997734	70.0	100.0
155.1418660999916	70.0	100.0
155.16178739999305	70.0	100.0
155.18188709998503	70.0	100.0
155.20266299997456	70.0	100.0
155.2209558999748	70.0	100.0
155.24155239999527	70.0	100.0
155.2611580999801	70.0	100.0
155.2817221999867	70.0	100.0
155.3020370999875	70.0	100.0
155.32202919997508	70.0	100.0
155.34044229998835	70.0	100.0
155.36158699999214	70.0	100.0
155.3811203999794	70.0	100.0
155.40248429999338	70.0	100.0
155.42183209999348	70.0	100.0
155.44185119998292	70.0	100.0
155.46125809999648	70.0	100.0
155.4818244999915	70.0	100.0
155.50156899998547	70.0	100.0
155.52713919998496	70.0	100.0
155.54122669997741	70.0	100.0
155.5615030999761	70.0	100.0
155.58095969998976	70.0	100.0
155.60132639997755	70.0	100.0
155.62111459998414	70.0	100.0
155.6422388999781	70.0	100.0
155.66192210000008	70.0	100.0
155.68158379997476	70.0	100.0
155.70174919997226	70.0	100.0
155.72172049997607	70.0	100.0
155.7417512999964	70.0	100.0
155.76191039997502	70.0	100.0
155.7820222999726	70.0	100.0
155.8022846999811	70.0	100.0
155.8216521999857	70.0	100.0
155.84224439997342	70.0	100.0
155.86156599997776	70.0	100.0
155.88168249998125	70.0	100.0
155.9018262999889	70.0	100.0
155.92209729997558	70.0	100.0
155.94221379997907	70.0	100.0
155.96223959999043	70.0	100.0
155.98230869998224	70.0	100.0
156.00194389998796	70.0	100.0
156.02192739999737	70.0	100.0
156.04175459998078	70.0	100.0
156.06153809998068	70.0	100.0
156.08261269997456	70.0	100.0
156.10174079998978	70.0	100.0
156.12264769998728	70.0	100.0
156.14220649999334	70.0	100.0
156.16217149997829	70.0	100.0
156.18168270000024	70.0	100.0
156.20272029997432	70.0	100.0
156.22177179998835	70.0	100.0
156.24268919997849	70.0	100.0
156.2604193999723	70.0	100.0
156.27897339998162	70.0	100.0
156.2998316999874	70.0	100.0
156.3182369999995	70.0	100.0
156.33838489998016	70.0	100.0
156.35821859998396	70.0	100.0
156.3788257999986	70.0	100.0
156.40052450000076	70.0	100.0
156.42218629998388	70.0	100.0
156.44566789999953	70.0	100.0
156.46068199997535	70.0	100.0
156.4836018999922	70.0	100.0
156.50373249998665	70.0	100.0
156.52347899999586	70.0	100.0
156.54402699999628	70.0	100.0
156.5635596999782	70.0	100.0
156.58357329998398	70.0	100.0
156.60565429998678	70.0	100.0
156.6290888999938	70.0	100.0
156.6438846999954	70.0	100.0
156.66461549999076	70.0	100.0
156.68426339997677	70.0	100.0
156.70431859997916	70.0	100.0
156.7240370999789	70.0	100.0
156.74412389998906	70.0	100.0
156.76400159997866	70.0	100.0
156.78351699997438	70.0	100.0
156.80517369997688	70.0	100.0
156.82656950000091	70.0	100.0
156.84687089998624	70.0	100.0
156.8644462999946	70.0	100.0
156.88333039998543	70.0	100.0
156.90366199999698	70.0	100.0
156.92368079998414	70.0	100.0
156.94473299998208	70.0	100.0
156.9641342999821	70.0	100.0
156.98325559997465	70.0	100.0
157.00423309998587	70.0	100.0
157.02414339999086	70.0	100.0
157.04426629998488	70.0	100.0
157.06383729999652	70.0	100.0
157.0842008999898	70.0	100.0
157.10445029998664	70.0	100.0
157.1232781999861	70.0	100.0
157.1439423999982	70.0	100.0
157.16438139998354	70.0	100.0
157.18313130000024	70.0	100.0
157.20411389999208	70.0	100.0
157.22389279998606	70.0	100.0
157.24411149998195	70.0	100.0
157.26380079999217	70.0	100.0
157.28443909998168	70.0	100.0
157.3039690000005	70.0	100.0
157.32641439998406	70.0	100.0
157.34403179999208	70.0	100.0
157.364371499978	70.0	100.0
157.38384499997483	70.0	100.0
157.40381469999556	70.0	100.0
157.4238081999938	70.0	100.0
157.44443809997756	70.0	100.0
157.46398099997896	70.0	100.0
157.48429509997368	70.0	100.0
157.50379769998835	70.0	100.0
157.52406959998189	70.0	100.0
157.54451709997375	70.0	100.0
157.56435749999946	70.0	100.0
157.5836878999835	70.0	100.0
157.6042216999922	70.0	100.0
157.623886699992	70.0	100.0
157.64419349998934	70.0	100.0
157.6654114999983	70.0	100.0
157.6852218999993	71.0	100.0
157.7056136999745	71.0	100.0
157.7249726000009	71.0	100.0
157.74431279997225	71.0	100.0
157.7658464999986	71.0	100.0
157.78508219998912	71.0	100.0
157.80443309998373	71.0	100.0
157.8239665000001	71.0	100.0
157.84419829997933	71.0	100.0
157.8641818999895	71.0	100.0
157.8837420999771	71.0	100.0
157.90448169998126	71.0	100.0
157.92512209998677	71.0	100.0
157.94395839999197	71.0	100.0
157.96407699998235	71.0	100.0
157.98385619997862	71.0	100.0
158.0041892999725	71.0	100.0
158.02410659997258	71.0	100.0
158.04413719999138	71.0	100.0
158.0629524999822	71.0	100.0
158.0844156999956	71.0	100.0
158.1029238999763	71.0	100.0
158.1237387000001	71.0	100.0
158.14443789998768	71.0	100.0
158.164188499999	71.0	100.0
158.1840319999901	71.0	100.0
158.2040356999787	71.0	100.0
158.22253999998793	71.0	100.0
158.24597069999436	71.0	100.0
158.2624622999865	71.0	100.0
158.2838048999838	71.0	100.0
158.3036015999969	71.0	100.0
158.32343649998074	71.0	100.0
158.34415449999506	71.0	100.0
158.3641251999943	71.0	100.0
158.38378049997846	71.0	100.0
158.40344369999366	71.0	100.0
158.4239897999796	71.0	100.0
158.4451414999785	71.0	100.0
158.46393259998877	71.0	100.0
158.4856424999889	71.0	100.0
158.5041522999818	71.0	100.0
158.52393469997332	71.0	100.0
158.5441804000002	71.0	100.0
158.56331899997895	71.0	100.0
158.5843038999883	71.0	100.0
158.6051419999858	71.0	100.0
158.63116679998348	71.0	100.0
158.6443110999826	71.0	100.0
158.66511869998067	71.0	100.0
158.68539879997843	73.0	100.0
158.70385449999594	73.0	100.0
158.72368459997233	73.0	100.0
158.74422929997672	73.0	100.0
158.76483469997765	73.0	100.0
158.7838273999805	73.0	100.0
158.8042072999815	73.0	100.0
158.82420109998202	73.0	100.0
158.84536139998818	73.0	100.0
158.86361509998096	73.0	100.0
158.88492659997428	73.0	100.0
158.90437929998734	73.0	100.0
158.92492289998336	73.0	100.0
158.9438871999737	73.0	100.0
158.9641852999921	73.0	100.0
158.98378159999265	73.0	100.0
159.00399869997636	73.0	100.0
159.02543859998696	73.0	100.0
159.04552439998952	73.0	100.0
159.0638851999829	73.0	100.0
159.08381529999315	73.0	100.0
159.10431729999254	73.0	100.0
159.13164169999072	73.0	100.0
159.14427799999248	73.0	100.0
159.1638262999768	73.0	100.0
159.18423210000037	73.0	100.0
159.2042954999779	73.0	100.0
159.22432359997765	73.0	100.0
159.2444153999968	73.0	100.0
159.26433229999384	73.0	100.0
159.28561049999553	73.0	100.0
159.30451599997468	73.0	100.0
159.32667989999754	73.0	100.0
159.34365460000117	73.0	100.0
159.3638946999854	73.0	100.0
159.38448329997482	73.0	100.0
159.4043845999986	73.0	100.0
159.4237928999937	73.0	100.0
159.44528679997893	73.0	100.0
159.46204319997923	73.0	100.0
159.48137229998247	73.0	100.0
159.50187479998567	73.0	100.0
159.51842169999145	73.0	100.0
159.54092799997306	73.0	100.0
159.56326019999688	73.0	100.0
159.58192939998116	73.0	100.0
159.60435109998798	73.0	100.0
159.62161239999114	73.0	100.0
159.64428329997463	73.0	100.0
159.66511819997686	73.0	100.0
159.68556169999647	74.0	100.0
159.70438409998314	74.0	100.0
159.7243099999905	74.0	100.0
159.7449612999917	74.0	100.0
159.7628464999725	74.0	100.0
159.78217359998962	74.0	100.0
159.8010999999824	74.0	100.0
159.8192097999854	74.0	100.0
159.839879999985	74.0	100.0
159.86029649997363	74.0	100.0
159.8808924999903	74.0	100.0
159.90406279999297	74.0	100.0
159.92417619997286	74.0	100.0
159.9447512999759	74.0	100.0
159.96530359997996	74.0	100.0
159.98426559998188	74.0	100.0
160.00389599998016	74.0	100.0
160.02439209999284	74.0	100.0
160.04593459999887	74.0	100.0
160.06475199997658	74.0	100.0
160.08350689997314	74.0	100.0
160.1043248999922	74.0	100.0
160.12411989999237	74.0	100.0
160.14419189997716	74.0	100.0
160.1645074999833	74.0	100.0
160.18422819999978	74.0	100.0
160.20424569997704	74.0	100.0
160.2241279000009	74.0	100.0
160.24453249998624	74.0	100.0
160.26368229999207	74.0	100.0
160.28408579999814	74.0	100.0
160.30408109998098	74.0	100.0
160.32459199998993	74.0	100.0
160.34256819999428	74.0	100.0
160.36422599997604	74.0	100.0
160.3839474999986	74.0	100.0
160.40514509999775	74.0	100.0
160.42758439999307	74.0	100.0
160.4443018999882	74.0	100.0
160.46458229998825	74.0	100.0
160.48440180000034	74.0	100.0
160.5043153000006	74.0	100.0
160.5247129999916	74.0	100.0
160.54477349997615	74.0	100.0
160.56457479999517	74.0	100.0
160.58447809997597	74.0	100.0
160.60484759998508	74.0	100.0
160.6219710999867	74.0	100.0
160.64417929999763	74.0	100.0
160.66615079998155	74.0	100.0
160.68607529997826	74.0	100.0
160.70598869997775	74.0	100.0
160.7254007999727	74.0	100.0
160.74584629997844	74.0	100.0
160.76403039999423	74.0	100.0
160.78643419998116	74.0	100.0
160.80536089997622	74.0	100.0
160.82416429999284	74.0	100.0
160.84695289999945	74.0	100.0
160.86632909998298	74.0	100.0
160.8858527999837	74.0	100.0
160.90496069999062	74.0	100.0
160.92414589997497	74.0	100.0
160.94479469998623	74.0	100.0
160.96427189998212	74.0	100.0
160.98553700000048	74.0	100.0
161.00521919998573	74.0	100.0
161.02571749998606	74.0	100.0
161.04621279999265	74.0	100.0
161.0661148999934	74.0	100.0
161.08593479997944	74.0	100.0
161.10535199998412	74.0	100.0
161.12615009999718	74.0	100.0
161.14525039997534	74.0	100.0
161.16572129999986	74.0	100.0
161.1854415999842	74.0	100.0
161.20532149999053	74.0	100.0
161.22516449997784	74.0	100.0
161.24552779999794	74.0	100.0
161.2639491999871	74.0	100.0
161.2849629999837	74.0	100.0
161.3048354999919	74.0	100.0
161.3244427999889	74.0	100.0
161.34532909997506	74.0	100.0
161.36531369999284	74.0	100.0
161.38443299999926	74.0	100.0
161.40486019998207	74.0	100.0
161.4248335000011	74.0	100.0
161.44490999999107	74.0	100.0
161.46478749997914	74.0	100.0
161.48544399999082	74.0	100.0
161.5057987999753	74.0	100.0
161.5255323999736	74.0	100.0
161.54720579998684	74.0	100.0
161.56616879999638	74.0	100.0
161.58530089998385	74.0	100.0
161.60564509997494	74.0	100.0
161.62557209999068	74.0	100.0
161.6464369999885	74.0	100.0
161.6663185999787	74.0	100.0
161.68649939997704	76.0	100.0
161.7059098999889	76.0	100.0
161.72591029998148	76.0	100.0
161.74595979999867	76.0	100.0
161.76606829999946	76.0	100.0
161.78618369999458	76.0	100.0
161.8055668999732	76.0	100.0
161.8247666999814	76.0	100.0
161.84628019999946	76.0	100.0
161.8656415999867	76.0	100.0
161.88499599997886	76.0	100.0
161.9049366999825	76.0	100.0
161.92538380000042	76.0	100.0
161.9450371999992	76.0	100.0
161.96480809999048	76.0	100.0
161.98506589999306	76.0	100.0
162.0051260999753	76.0	100.0
162.02512039997964	76.0	100.0
162.04523540000082	76.0	100.0
162.06545989998267	76.0	100.0
162.08540369998082	76.0	100.0
162.10520929997438	76.0	100.0
162.12511699998868	76.0	100.0
162.14629119998426	76.0	100.0
162.16700459999265	76.0	100.0
162.1858787999954	76.0	100.0
162.2054661999864	76.0	100.0
162.22485529998085	76.0	100.0
162.24555909997434	76.0	100.0
162.2649147999764	76.0	100.0
162.2853538999916	76.0	100.0
162.30494069997803	76.0	100.0
162.32531709998148	76.0	100.0
162.3449509999773	76.0	100.0
162.36632819997612	76.0	100.0
162.3853539999982	76.0	100.0
162.40512199999648	76.0	100.0
162.42501789997914	76.0	100.0
162.4455839000002	76.0	100.0
162.4648985999811	76.0	100.0
162.4852503000002	76.0	100.0
162.50541529999464	76.0	100.0
162.52498009998817	76.0	100.0
162.5451013999991	76.0	100.0
162.5661254999868	76.0	100.0
162.58624159998726	76.0	100.0
162.60798139998224	76.0	100.0
162.62638309999602	76.0	100.0
162.64648239998496	76.0	100.0
162.66605349999736	76.0	100.0
162.6856831999903	75.0	100.0
162.70513499999652	75.0	100.0
162.72575019998476	75.0	100.0
162.74638539997977	75.0	100.0
162.76625029998831	75.0	100.0
162.78607889998239	75.0	100.0
162.80618229997344	75.0	100.0
162.82478669998818	75.0	100.0
162.84544369997457	75.0	100.0
162.86561929999152	75.0	100.0
162.88512749999063	75.0	100.0
162.90515779997804	75.0	100.0
162.925345799973	75.0	100.0
162.9455939999898	75.0	100.0
162.96536469997955	75.0	100.0
162.98634539998602	75.0	100.0
163.00624309998238	75.0	100.0
163.02560659998562	75.0	100.0
163.04606349999085	75.0	100.0
163.06598129999475	75.0	100.0
163.0886077999894	75.0	100.0
163.10629239998525	75.0	100.0
163.1255140999856	75.0	100.0
163.14559239998925	75.0	100.0
163.16611689998535	75.0	100.0
163.18590839998797	75.0	100.0
163.20598539998173	75.0	100.0
163.2261774999788	75.0	100.0
163.24616549999337	75.0	100.0
163.26621399997384	75.0	100.0
163.2861305999977	75.0	100.0
163.30577029997949	75.0	100.0
163.32572470000014	75.0	100.0
163.34482909998042	75.0	100.0
163.3664337999944	75.0	100.0
163.3857818999968	75.0	100.0
163.40613759998814	75.0	100.0
163.42607429999043	75.0	100.0
163.445645699976	75.0	100.0
163.46614439997938	75.0	100.0
163.48626069998136	75.0	100.0
163.50602199998684	75.0	100.0
163.526105500001	75.0	100.0
163.54600219998974	75.0	100.0
163.56608219997725	75.0	100.0
163.585809399985	75.0	100.0
163.6063059999724	75.0	100.0
163.6260534999892	75.0	100.0
163.6460328999965	75.0	100.0
163.6662207999907	75.0	100.0
163.6864510999876	75.0	100.0
163.7063344999915	75.0	100.0
163.72670679999283	75.0	100.0
163.74628269998357	75.0	100.0
163.76628699997673	75.0	100.0
163.78575119999005	75.0	100.0
163.80639409998548	75.0	100.0
163.82543739999528	75.0	100.0
163.8467322999786	75.0	100.0
163.8672907	75.0	100.0
163.88699809997343	75.0	100.0
163.9079901999794	75.0	100.0
163.92606499997783	75.0	100.0
163.94608029999654	75.0	100.0
163.96542349999072	75.0	100.0
163.98510499999975	75.0	100.0
164.00613999998313	75.0	100.0
164.0258159999794	75.0	100.0
164.046419899998	75.0	100.0
164.0665226999845	75.0	100.0
164.08613729997887	75.0	100.0
164.10692959997687	75.0	100.0
164.12617779997527	75.0	100.0
164.1460250999953	75.0	100.0
164.16607039998053	75.0	100.0
164.18549289999646	75.0	100.0
164.20511319997604	75.0	100.0
164.2250931999879	75.0	100.0
164.24563409999246	75.0	100.0
164.265244899987	75.0	100.0
164.2852012999938	75.0	100.0
164.30505259998608	75.0	100.0
164.32551789999707	75.0	100.0
164.34553659998346	75.0	100.0
164.36541800000123	75.0	100.0
164.38510679997853	75.0	100.0
164.40486329997657	75.0	100.0
164.42544469999848	75.0	100.0
164.445570699987	75.0	100.0
164.4664837999735	75.0	100.0
164.4861296999734	75.0	100.0
164.50465099999565	75.0	100.0
164.66141459997743	75.0	100.0
164.66143479998573	75.0	100.0
164.66144689999055	75.0	100.0
164.66145489999326	75.0	100.0
164.66146289999597	75.0	100.0
164.66147039999487	75.0	100.0
164.66147749999072	75.0	100.0
164.66688219999196	75.0	100.0
164.68674309999915	74.0	100.0
164.7063771999965	74.0	100.0
164.72795709999627	74.0	100.0
164.74598459998379	74.0	100.0
164.76576260000002	74.0	100.0
164.78637479999452	74.0	100.0
164.80568009999115	74.0	100.0
164.8254864999908	74.0	100.0
164.84633669999312	74.0	100.0
164.86601800000062	74.0	100.0
164.88598769999226	74.0	100.0
164.90585229999851	74.0	100.0
164.9259092999855	74.0	100.0
164.9461403999885	74.0	100.0
164.9654227999854	74.0	100.0
164.9854903999949	74.0	100.0
165.00570449998486	74.0	100.0
165.02714109999943	74.0	100.0
165.0465590999811	74.0	100.0
165.0653319999983	74.0	100.0
165.08607989997836	74.0	100.0
165.10575069999322	74.0	100.0
165.1260206999723	74.0	100.0
165.1456597999786	74.0	100.0
165.16514389999793	74.0	100.0
165.1849411999865	74.0	100.0
165.20586659997934	74.0	100.0
165.22568029997637	74.0	100.0
165.24648799997522	74.0	100.0
165.26588409999385	74.0	100.0
165.28494349998073	74.0	100.0
165.30532869999297	74.0	100.0
165.32658179997816	74.0	100.0
165.34578709999914	74.0	100.0
165.36547739998787	74.0	100.0
165.3860599999898	74.0	100.0
165.4063516999886	74.0	100.0
165.42555239997455	74.0	100.0
165.44654499998433	74.0	100.0
165.46598519998952	74.0	100.0
165.48604089999571	74.0	100.0
165.50595759999123	74.0	100.0
165.52622249998967	74.0	100.0
165.54636589999427	74.0	100.0
165.5662623999815	74.0	100.0
165.58591329999035	74.0	100.0
165.60811149998335	74.0	100.0
165.62601249999716	74.0	100.0
165.64886589997332	74.0	100.0
165.6662380999769	74.0	100.0
165.6867121999967	73.0	100.0
165.70566599999438	73.0	100.0
165.72647589998087	73.0	100.0
165.7466445999744	73.0	100.0
165.7663760999858	73.0	100.0
165.78592159997788	73.0	100.0
165.80658039997797	73.0	100.0
165.82488919998286	73.0	100.0
165.84833509998862	73.0	100.0
165.8662366999779	73.0	100.0
165.88590679998742	73.0	100.0
165.90573209998547	73.0	100.0
165.92611559998477	73.0	100.0
165.9461786999891	73.0	100.0
165.96618309998303	73.0	100.0
165.9864496999944	73.0	100.0
166.00607579998905	73.0	100.0
166.02626579999924	73.0	100.0
166.04628699997556	73.0	100.0
166.0665200999938	73.0	100.0
166.08651739999186	73.0	100.0
166.10637369999313	73.0	100.0
166.12610289998702	73.0	100.0
166.1462695999944	73.0	100.0
166.16614579997258	73.0	100.0
166.18620719999308	73.0	100.0
166.20642989999033	73.0	100.0
166.2261800999986	73.0	100.0
166.24646289998782	73.0	100.0
166.26629699999467	73.0	100.0
166.28560730000027	73.0	100.0
166.30607379999128	73.0	100.0
166.3260085999791	73.0	100.0
166.3483982999751	73.0	100.0
166.366653199977	73.0	100.0
166.38629719999153	73.0	100.0
166.40688840000075	73.0	100.0
166.42636589999893	73.0	100.0
166.4464428999927	73.0	100.0
166.4679331999796	73.0	100.0
166.4854644999723	73.0	100.0
166.5062088999839	73.0	100.0
166.52609089997713	73.0	100.0
166.54647699999623	73.0	100.0
166.56629539999994	73.0	100.0
166.58648769999854	73.0	100.0
166.60624729999108	73.0	100.0
166.62600119999843	73.0	100.0
166.64680999997654	73.0	100.0
166.6678380999947	73.0	100.0
166.68714489997365	73.0	100.0
166.70668769997428	73.0	100.0
166.72652119997656	73.0	100.0
166.7460740999959	73.0	100.0
166.7663246000011	73.0	100.0
166.78642019999097	73.0	100.0
166.80585789997713	73.0	100.0
166.82653729998856	73.0	100.0
166.84825979999732	73.0	100.0
166.86420250000083	73.0	100.0
166.885773099988	73.0	100.0
166.90418489999138	73.0	100.0
166.92678039998282	73.0	100.0
166.94703969999682	73.0	100.0
166.96823249998852	73.0	100.0
166.98684779999894	73.0	100.0
167.00636020000093	73.0	100.0
167.02618549999897	73.0	100.0
167.04681819997495	73.0	100.0
167.06555929998285	73.0	100.0
167.08692189998692	73.0	100.0
167.10627329998533	73.0	100.0
167.1264273999841	73.0	100.0
167.14610209999955	73.0	100.0
167.16621839997242	73.0	100.0
167.18629499999224	73.0	100.0
167.20620190000045	73.0	100.0
167.22607779997634	73.0	100.0
167.24825549998786	73.0	100.0
167.26672289997805	73.0	100.0
167.28717719999258	73.0	100.0
167.3076110999973	73.0	100.0
167.32637349999277	73.0	100.0
167.34584419999737	73.0	100.0
167.3687729999947	73.0	100.0
167.38666669998202	73.0	100.0
167.40654929997982	73.0	100.0
167.42589879999286	73.0	100.0
167.4470932999975	73.0	100.0
167.46595919999527	73.0	100.0
167.48622629998135	73.0	100.0
167.50670939998236	73.0	100.0
167.52654229998006	73.0	100.0
167.5461833999725	73.0	100.0
167.56607669999357	73.0	100.0
167.58747269999003	73.0	100.0
167.6067836000002	73.0	100.0
167.6263983999961	73.0	100.0
167.64686449998408	73.0	100.0
167.6671542999975	73.0	100.0
167.68703129998175	72.0	100.0
167.70596809999552	72.0	100.0
167.72615229999064	72.0	100.0
167.7458864999935	72.0	100.0
167.76565069999197	72.0	100.0
167.78538879999542	72.0	100.0
167.8059091999894	72.0	100.0
167.82572699998855	72.0	100.0
167.84626579997712	72.0	100.0
167.86613969999598	72.0	100.0
167.88650909997523	72.0	100.0
167.9063803999743	72.0	100.0
167.9263662000012	72.0	100.0
167.9456803999783	72.0	100.0
167.96669359999942	72.0	100.0
167.98665479998454	72.0	100.0
168.0063863999967	72.0	100.0
168.02573269998538	72.0	100.0
168.04667789998348	72.0	100.0
168.0662755999947	72.0	100.0
168.08622040000046	72.0	100.0
168.1063240999938	72.0	100.0
168.12656679999782	72.0	100.0
168.14918739997665	72.0	100.0
168.16745939999237	72.0	100.0
168.18638389999978	72.0	100.0
168.20887459997903	72.0	100.0
168.226416599995	72.0	100.0
168.24737459997414	72.0	100.0
168.26578379998682	72.0	100.0
168.28612909998628	72.0	100.0
168.30692299999646	72.0	100.0
168.32662899998832	72.0	100.0
168.34691979998024	72.0	100.0
168.36499159998493	72.0	100.0
168.38291759998538	72.0	100.0
168.40088949998608	72.0	100.0
168.42147909998312	72.0	100.0
168.44484819998615	72.0	100.0
168.46442009997554	72.0	100.0
168.48654969999916	72.0	100.0
168.50704239998595	72.0	100.0
168.5269002999994	72.0	100.0
168.547126999998	72.0	100.0
168.56735829997342	72.0	100.0
168.58667469999637	72.0	100.0
168.60881469998276	72.0	100.0
168.62699649998103	72.0	100.0
168.6471171999874	72.0	100.0
168.66671799999312	72.0	100.0
168.68795339998906	72.0	100.0
168.70683139999164	72.0	100.0
168.72684160000063	72.0	100.0
168.7473459999892	72.0	100.0
168.7667985999724	72.0	100.0
168.7868966999813	72.0	100.0
168.8074418999895	72.0	100.0
168.82732149999356	72.0	100.0
168.84656559998984	72.0	100.0
168.86586079999688	72.0	100.0
168.8860400999838	72.0	100.0
168.90621469999314	72.0	100.0
168.9266308999795	72.0	100.0
168.9460816999781	72.0	100.0
168.96707229997264	72.0	100.0
168.98658129997784	72.0	100.0
169.00661009998294	72.0	100.0
169.02976899998612	72.0	100.0
169.04682629997842	72.0	100.0
169.0660170999763	72.0	100.0
169.08632139998372	72.0	100.0
169.1062966999889	72.0	100.0
169.1262982999906	72.0	100.0
169.146356799989	72.0	100.0
169.16638309997506	72.0	100.0
169.18596619999153	72.0	100.0
169.20587659999728	72.0	100.0
169.22580539999763	72.0	100.0
169.24676999999792	72.0	100.0
169.26615029998356	72.0	100.0
169.28698720000102	72.0	100.0
169.30650379997678	72.0	100.0
169.3277764999948	72.0	100.0
169.34763989999192	72.0	100.0
169.36626609999803	72.0	100.0
169.38607809998211	72.0	100.0
169.40610709998873	72.0	100.0
169.42613039998105	72.0	100.0
169.44727109998348	72.0	100.0
169.46646919997875	72.0	100.0
169.4871909999929	72.0	100.0
169.50657429997227	72.0	100.0
169.52707379998174	72.0	100.0
169.54679369999212	72.0	100.0
169.56675669999095	72.0	100.0
169.5863309999986	72.0	100.0
169.6069400999986	72.0	100.0
169.62677969998913	72.0	100.0
169.64755789999617	72.0	100.0
169.66819239998586	72.0	100.0
169.68812229999457	72.0	100.0
169.70664509999915	72.0	100.0
169.72684719998506	72.0	100.0
169.74681859998964	72.0	100.0
169.76626179998857	72.0	100.0
169.78648099998827	72.0	100.0
169.8083184999996	72.0	100.0
169.8268520999991	72.0	100.0
169.84731769998325	72.0	100.0
169.86618449998787	72.0	100.0
169.88712010000017	72.0	100.0
169.9061187999905	72.0	100.0
169.9268525999796	72.0	100.0
169.94994169997517	72.0	100.0
169.96718789997976	72.0	100.0
169.98709799998323	72.0	100.0
170.00768789998256	72.0	100.0
170.02906000000075	72.0	100.0
170.04669509999803	72.0	100.0
170.06764619998285	72.0	100.0
170.08719639998162	72.0	100.0
170.10722700000042	72.0	100.0
170.12787689999095	72.0	100.0
170.14805259997956	72.0	100.0
170.1718115999829	72.0	100.0
170.1875841000001	72.0	100.0
170.20781979997992	72.0	100.0
170.22772639998584	72.0	100.0
170.24937889998546	72.0	100.0
170.267543199996	72.0	100.0
170.28783919999842	72.0	100.0
170.30780739997863	72.0	100.0
170.32747439999366	72.0	100.0
170.34619049998582	72.0	100.0
170.36767419998068	72.0	100.0
170.38620839998475	72.0	100.0
170.40746399998898	72.0	100.0
170.427635	72.0	100.0
170.44925639999565	72.0	100.0
170.46726769997622	72.0	100.0
170.4875883999921	72.0	100.0
170.50604059998295	72.0	100.0
170.52667379999184	72.0	100.0
170.54796979998355	72.0	100.0
170.56657739999355	72.0	100.0
170.5863640999887	72.0	100.0
170.60743639999419	72.0	100.0
170.62627439998323	72.0	100.0
170.647479199979	72.0	100.0
170.66831269999966	72.0	100.0
170.68804429998272	72.0	100.0
170.70685569997295	72.0	100.0
170.72771179999108	72.0	100.0
170.7472443000006	72.0	100.0
170.76876009997795	72.0	100.0
170.78631989998394	72.0	100.0
170.80744349997258	72.0	100.0
170.82628429998294	72.0	100.0
170.84755269999732	72.0	100.0
170.86752789997263	72.0	100.0
170.88727819998167	72.0	100.0
170.9075407999917	72.0	100.0
170.92698679998284	72.0	100.0
170.9471483999805	72.0	100.0
170.9672335999785	72.0	100.0
170.986370300001	72.0	100.0
171.00750219999463	72.0	100.0
171.02795599997626	72.0	100.0
171.04766609999933	72.0	100.0
171.0663003999798	72.0	100.0
171.0878196999838	72.0	100.0
171.10622849999345	72.0	100.0
171.12770589999855	72.0	100.0
171.14708729999256	72.0	100.0
171.16714839998167	72.0	100.0
171.18637859998853	72.0	100.0
171.20765149997897	72.0	100.0
171.22630339997704	72.0	100.0
171.24893139998312	72.0	100.0
171.2676603999862	72.0	100.0
171.2875579999818	72.0	100.0
171.30729579998297	72.0	100.0
171.32856029999675	72.0	100.0
171.34786999999778	72.0	100.0
171.3671450999973	72.0	100.0
171.38728029999766	72.0	100.0
171.40757529999246	72.0	100.0
171.4262748999754	72.0	100.0
171.44774939998752	72.0	100.0
171.46751579997363	72.0	100.0
171.48723249998875	72.0	100.0
171.5070781999966	72.0	100.0
171.5274642999866	72.0	100.0
171.54748979999567	72.0	100.0
171.56777649998548	72.0	100.0
171.58790369998314	72.0	100.0
171.60933549999027	72.0	100.0
171.6270058999944	72.0	100.0
171.6478974999918	72.0	100.0
171.66836309997598	72.0	100.0
171.6903948999825	71.0	100.0
171.70753879999393	71.0	100.0
171.72785440000007	71.0	100.0
171.7493231999979	71.0	100.0
171.7664187999908	71.0	100.0
171.78739539999515	71.0	100.0
171.80828539998038	71.0	100.0
171.82766879998962	71.0	100.0
171.84814819999156	71.0	100.0
171.8678060999955	71.0	100.0
171.8882084999932	71.0	100.0
171.90779629998724	71.0	100.0
171.92790749997948	71.0	100.0
171.94789369998034	71.0	100.0
171.96753029999672	71.0	100.0
171.98760989998118	71.0	100.0
172.00736759998836	71.0	100.0
172.02692869998282	71.0	100.0
172.050270799984	71.0	100.0
172.0684273999941	71.0	100.0
172.08785819998593	71.0	100.0
172.10793819997343	71.0	100.0
172.12795859997277	71.0	100.0
172.1481789999816	71.0	100.0
172.16818359997706	71.0	100.0
172.18712089999462	71.0	100.0
172.20748879999155	71.0	100.0
172.2269663999905	71.0	100.0
172.24745419999817	71.0	100.0
172.26718159997836	71.0	100.0
172.2870573999826	71.0	100.0
172.30660739997984	71.0	100.0
172.32708849999472	71.0	100.0
172.3477436999965	71.0	100.0
172.3676381999976	71.0	100.0
172.38655569998082	71.0	100.0
172.4074977999844	71.0	100.0
172.42748919999576	71.0	100.0
172.44768389998353	71.0	100.0
172.46619519998785	71.0	100.0
172.48653239998384	71.0	100.0
172.50956529998803	71.0	100.0
172.527658099978	71.0	100.0
172.54725519998465	71.0	100.0
172.56747599999653	71.0	100.0
172.58704129999387	71.0	100.0
172.60777049997705	71.0	100.0
172.62701199998264	71.0	100.0
172.64851219998673	71.0	100.0
172.6681267999811	71.0	100.0
172.68811459999415	71.0	100.0
172.7079556999961	71.0	100.0
172.7279644999944	71.0	100.0
172.7478742999956	71.0	100.0
172.76732099999208	71.0	100.0
172.78773569999612	71.0	100.0
172.80694270000095	71.0	100.0
172.8273588999873	71.0	100.0
172.84772949997569	71.0	100.0
172.8671659999818	71.0	100.0
172.88661519999732	71.0	100.0
172.90648039997905	71.0	100.0
172.92714329998125	71.0	100.0
172.94772089997423	71.0	100.0
172.967279399978	71.0	100.0
172.98623009998119	71.0	100.0
173.00750809998135	71.0	100.0
173.02661770000122	71.0	100.0
173.05034569997224	71.0	100.0
173.06709309999133	71.0	100.0
173.0898519999755	71.0	100.0
173.106492299994	71.0	100.0
173.12670829999843	71.0	100.0
173.1467526999768	71.0	100.0
173.16824359999737	71.0	100.0
173.18700329997228	71.0	100.0
173.20785169999	71.0	100.0
173.2273373999924	71.0	100.0
173.24820929998532	71.0	100.0
173.2687819999992	71.0	100.0
173.28788849999546	71.0	100.0
173.3076175999886	71.0	100.0
173.32862859999295	71.0	100.0
173.34783079999033	71.0	100.0
173.3678218999994	71.0	100.0
173.38687019998906	71.0	100.0
173.40776499998174	71.0	100.0
173.42750989997876	71.0	100.0
173.4482810999907	71.0	100.0
173.466944099986	71.0	100.0
173.48764359997585	71.0	100.0
173.5076631999982	71.0	100.0
173.52794299999368	71.0	100.0
173.5489279999747	71.0	100.0
173.56682759997784	71.0	100.0
173.58756649997667	71.0	100.0
173.60780549998162	71.0	100.0
173.62730019999435	71.0	100.0
173.64799939998193	71.0	100.0
173.6678667999804	71.0	100.0
173.6881089999806	70.0	100.0
173.70661799999652	70.0	100.0
173.72812839999096	70.0	100.0
173.74833599998965	70.0	100.0
173.767612799973	70.0	100.0
173.78738949997933	70.0	100.0
173.80750379999517	70.0	100.0
173.82705199997872	70.0	100.0
173.84827749998658	70.0	100.0
173.86748029998853	70.0	100.0
173.88778769999044	70.0	100.0
173.90692429998307	70.0	100.0
173.92775829997845	70.0	100.0
173.94796969997697	70.0	100.0
173.9677815999894	70.0	100.0
173.9871818999818	70.0	100.0
174.00742419998278	70.0	100.0
174.02782920000027	70.0	100.0
174.04789919999894	70.0	100.0
174.0670343999809	70.0	100.0
174.087709799991	70.0	100.0
174.1076469999971	70.0	100.0
174.12812549999217	70.0	100.0
174.1479515999963	70.0	100.0
174.16770059999544	70.0	100.0
174.18689389998326	70.0	100.0
174.20780369997374	70.0	100.0
174.2275303999777	70.0	100.0
174.25025159999495	70.0	100.0
174.26808199999505	70.0	100.0
174.28647349998937	70.0	100.0
174.3061862999748	70.0	100.0
174.32790469998145	70.0	100.0
174.34696840000106	70.0	100.0
174.366830199986	70.0	100.0
174.38807879999513	70.0	100.0
174.40760249999585	70.0	100.0
174.42826729998342	70.0	100.0
174.44864069999312	70.0	100.0
174.46775939999497	70.0	100.0
174.48776059999363	70.0	100.0
174.50809379998827	70.0	100.0
174.52632759997505	70.0	100.0
174.5471018999815	70.0	100.0
174.56634989997838	70.0	100.0
174.58723279999685	70.0	100.0
174.60963559997617	70.0	100.0
174.62839779999922	70.0	100.0
174.64788679999765	70.0	100.0
174.66792519998853	70.0	100.0
174.68818599998485	70.0	100.0
174.7079460999812	70.0	100.0
174.7277864999778	70.0	100.0
174.74811399998725	70.0	100.0
174.76791299998877	70.0	100.0
174.7868311999773	70.0	100.0
174.80647589999717	70.0	100.0
174.82622589997482	70.0	100.0
174.85296129999915	70.0	100.0
174.8665235999797	70.0	100.0
174.889077299973	70.0	100.0
174.90712619997794	70.0	100.0
174.92746439998155	70.0	100.0
174.94720840000082	70.0	100.0
174.9671704999928	70.0	100.0
174.98694009997416	70.0	100.0
175.0063299999747	70.0	100.0
175.02620049999678	70.0	100.0
175.04812899997341	70.0	100.0
175.06723049998982	70.0	100.0
175.0870820999844	70.0	100.0
175.10752709998633	70.0	100.0
175.12704459999804	70.0	100.0
175.14770869998029	70.0	100.0
175.16735949998838	70.0	100.0
175.18672889997833	70.0	100.0
175.2070943999861	70.0	100.0
175.22640369998408	70.0	100.0
175.24710219999542	70.0	100.0
175.26708049999434	70.0	100.0
175.2880451999954	70.0	100.0
175.30762599999434	70.0	100.0
175.32815779998782	70.0	100.0
175.34807599999476	70.0	100.0
175.3693968000007	70.0	100.0
175.3878105999902	70.0	100.0
175.40772489999654	70.0	100.0
175.42783589998726	70.0	100.0
175.4545414999884	70.0	100.0
175.46796639999957	70.0	100.0
175.48782529999153	70.0	100.0
175.5077058999741	70.0	100.0
175.52760179998586	70.0	100.0
175.54756729997462	70.0	100.0
175.56777299998794	70.0	100.0
175.588302499993	70.0	100.0
175.6076994999894	70.0	100.0
175.6274524999899	70.0	100.0
175.64815329998964	70.0	100.0
175.66894149998552	70.0	100.0
175.68824189997395	69.0	100.0
175.7077461000008	69.0	100.0
175.72761750000063	69.0	100.0
175.74618269997882	69.0	100.0
175.7664518999809	69.0	100.0
175.7918843999796	69.0	100.0
175.8071146000002	69.0	100.0
175.82812249998096	69.0	100.0
175.9808306999912	69.0	100.0
175.9808552999748	69.0	100.0
175.98086339997826	69.0	100.0
175.9808715999825	69.0	100.0
175.98087929998292	69.0	100.0
175.98088669998106	69.0	100.0
175.98089449998224	69.0	100.0
175.9867197999847	69.0	100.0
176.00817149999784	69.0	100.0
176.02846129998215	69.0	100.0
176.04807049999363	69.0	100.0
176.06660849999753	69.0	100.0
176.08770919998642	69.0	100.0
176.10789049998857	69.0	100.0
176.1284337999823	69.0	100.0
176.1500656999997	69.0	100.0
176.16935179999564	69.0	100.0
176.18657419999363	69.0	100.0
176.20677569997497	69.0	100.0
176.22623669999302	69.0	100.0
176.24794099997962	69.0	100.0
176.26679689998855	69.0	100.0
176.28729129998828	69.0	100.0
176.30726849997882	69.0	100.0
176.32808419998037	69.0	100.0
176.3480380999972	69.0	100.0
176.36795699998038	69.0	100.0
176.3851870999788	69.0	100.0
176.40725119999843	69.0	100.0
176.42751409998164	69.0	100.0
176.44806579998112	69.0	100.0
176.46800319998874	69.0	100.0
176.48787979999906	69.0	100.0
176.50690779997967	69.0	100.0
176.52916339997319	69.0	100.0
176.54782339997473	69.0	100.0
176.56779719999759	69.0	100.0
176.58793419998256	69.0	100.0
176.60844479998923	69.0	100.0
176.62725520000095	69.0	100.0
176.6552512999915	69.0	100.0
176.66804889999912	69.0	100.0
176.68821759999264	68.0	100.0
176.70795209999778	68.0	100.0
176.72811939998064	68.0	100.0
176.74822939999285	68.0	100.0
176.7680758999777	68.0	100.0
176.78754140000092	68.0	100.0
176.80737469997257	68.0	100.0
176.8277627999778	68.0	100.0
176.84954549997929	68.0	100.0
176.86898969998583	68.0	100.0
176.88694839997333	68.0	100.0
176.90757899999153	68.0	100.0
176.92767109998385	68.0	100.0
176.94839099998353	68.0	100.0
176.96797309999238	68.0	100.0
176.98796099997708	68.0	100.0
177.0079196000006	68.0	100.0
177.02824449999025	68.0	100.0
177.045753399987	68.0	100.0
177.06298479999532	68.0	100.0
177.08603719997336	68.0	100.0
177.1059236000001	68.0	100.0
177.12656259999494	68.0	100.0
177.14788479998242	68.0	100.0
177.1667213999899	68.0	100.0
177.18781059997855	68.0	100.0
177.2079690999817	68.0	100.0
177.2267981999903	68.0	100.0
177.24810709999292	68.0	100.0
177.26786419999553	68.0	100.0
177.2877486999787	68.0	100.0
177.3072902999993	68.0	100.0
177.32827859997633	68.0	100.0
177.34801359998528	68.0	100.0
177.37249379997957	68.0	100.0
177.38768569999957	68.0	100.0
177.40778789998149	68.0	100.0
177.4276587999775	68.0	100.0
177.44814979998046	68.0	100.0
177.46773489998304	68.0	100.0
177.4882879999932	68.0	100.0
177.50739869999234	68.0	100.0
177.527989299997	68.0	100.0
177.54819649999263	68.0	100.0
177.56828319997294	68.0	100.0
177.58697079998092	68.0	100.0
177.60976759999176	68.0	100.0
177.62990839997656	68.0	100.0
177.6485243999923	68.0	100.0
177.66808019997552	68.0	100.0
177.6883944000001	69.0	100.0
177.70743359997869	69.0	100.0
177.72998589999042	69.0	100.0
177.7481847999734	69.0	100.0
177.76780699999654	69.0	100.0
177.7875426999817	69.0	100.0
177.80813589997706	69.0	100.0
177.8280191999802	69.0	100.0
177.84851359997992	69.0	100.0
177.86780399997951	69.0	100.0
177.88804359998903	69.0	100.0
177.907739199989	69.0	100.0
177.92817509997985	69.0	100.0
177.94795229999	69.0	100.0
177.96835169999395	69.0	100.0
177.9878703999857	69.0	100.0
178.00764649998746	69.0	100.0
178.02777819999028	69.0	100.0
178.04826889999094	69.0	100.0
178.06670709999162	69.0	100.0
178.087380699988	69.0	100.0
178.1071444999834	69.0	100.0
178.1276190999779	69.0	100.0
178.1475502999965	69.0	100.0
178.16928649999318	69.0	100.0
178.18652759998804	69.0	100.0
178.2077693999745	69.0	100.0
178.22762499999953	69.0	100.0
178.24778979999246	69.0	100.0
178.26710679999087	69.0	100.0
178.28923509997549	69.0	100.0
178.3077934999892	69.0	100.0
178.32803149998654	69.0	100.0
178.34792390000075	69.0	100.0
178.36635899997782	69.0	100.0
178.38602359997458	69.0	100.0
178.406831899978	69.0	100.0
178.42743419998442	69.0	100.0
178.44866840000032	69.0	100.0
178.46813329998986	69.0	100.0
178.48821289997431	69.0	100.0
178.50738339999225	69.0	100.0
178.52773269999307	69.0	100.0
178.5508531999949	69.0	100.0
178.5676304999797	69.0	100.0
178.5880967999983	69.0	100.0
178.6080316999869	69.0	100.0
178.62716689999797	69.0	100.0
178.64832809998188	69.0	100.0
178.66907469998114	69.0	100.0
178.6891242999991	72.0	100.0
178.70822079997743	72.0	100.0
178.72806989998207	72.0	100.0
178.74891959998058	72.0	100.0
178.7679684999748	72.0	100.0
178.78788049999275	72.0	100.0
178.80901269998867	72.0	100.0
178.82743259999552	72.0	100.0
178.84852359999786	72.0	100.0
178.8679509999929	72.0	100.0
178.88814419999835	72.0	100.0
178.90777349998825	72.0	100.0
178.92790309997508	72.0	100.0
178.94834409997566	72.0	100.0
178.96851679999963	72.0	100.0
178.98815219997778	72.0	100.0
179.00809559997288	72.0	100.0
179.02801389998058	72.0	100.0
179.04810479999287	72.0	100.0
179.06780789999175	72.0	100.0
179.08837869999115	72.0	100.0
179.10767779999878	72.0	100.0
179.12764819999575	72.0	100.0
179.1480154999881	72.0	100.0
179.16823229999864	72.0	100.0
179.18839279998792	72.0	100.0
179.20967329997802	72.0	100.0
179.22874289998435	72.0	100.0
179.2493937999825	72.0	100.0
179.2691229999764	72.0	100.0
179.28898829998798	72.0	100.0
179.30886069999542	72.0	100.0
179.32847149998997	72.0	100.0
179.34819140000036	72.0	100.0
179.37044129997957	72.0	100.0
179.38809509997373	72.0	100.0
179.40803009999217	72.0	100.0
179.42817089997698	72.0	100.0
179.44908739998937	72.0	100.0
179.46829449999495	72.0	100.0
179.48912239997298	72.0	100.0
179.5096250999777	72.0	100.0
179.52822359997663	72.0	100.0
179.54848929998116	72.0	100.0
179.56823099998292	72.0	100.0
179.58817009997438	72.0	100.0
179.60856999998214	72.0	100.0
179.62784049997572	72.0	100.0
179.648383199994	72.0	100.0
179.67038699999102	72.0	100.0
179.68934479999007	71.0	100.0
179.70893499997328	71.0	100.0
179.7292405999906	71.0	100.0
179.74910309998086	71.0	100.0
179.7688789999811	71.0	100.0
179.78819529997418	71.0	100.0
179.80841399999917	71.0	100.0
179.82815249997657	71.0	100.0
179.84936659998493	71.0	100.0
179.86802409999655	71.0	100.0
179.88922599999933	71.0	100.0
179.9081321999838	71.0	100.0
179.9281428999966	71.0	100.0
179.94787899998482	71.0	100.0
179.96857909997925	71.0	100.0
179.9883184999926	71.0	100.0
180.00807619999978	71.0	100.0
180.02824909999617	71.0	100.0
180.04872189997695	71.0	100.0
180.06817509999382	71.0	100.0
180.08818569997675	71.0	100.0
180.10834279999835	71.0	100.0
180.12901379997493	71.0	100.0
180.1494552999793	71.0	100.0
180.16839779997827	71.0	100.0
180.18951060000109	71.0	100.0
180.20911539997905	71.0	100.0
180.22921969997697	71.0	100.0
180.24921289997292	71.0	100.0
180.26824399997713	71.0	100.0
180.28898369998205	71.0	100.0
180.30829859999358	71.0	100.0
180.32908289998886	71.0	100.0
180.34827119999682	71.0	100.0
180.36939369997708	71.0	100.0
180.38971069999388	71.0	100.0
180.40927899998496	71.0	100.0
180.4284150999738	71.0	100.0
180.44996279999032	71.0	100.0
180.46906209998997	71.0	100.0
180.48954879998928	71.0	100.0
180.50847579998663	71.0	100.0
180.52857719999156	71.0	100.0
180.54874619998736	71.0	100.0
180.56853749998845	71.0	100.0
180.58926199999405	71.0	100.0
180.6101037999906	71.0	100.0
180.6288177999959	71.0	100.0
180.64940889997524	71.0	100.0
180.66958049999084	71.0	100.0
180.69019349999144	72.0	100.0
180.70967609999934	72.0	100.0
180.7292653999757	72.0	100.0
180.74962699998287	72.0	100.0
180.7690654999751	72.0	100.0
180.7896748999774	72.0	100.0
180.80980139999883	72.0	100.0
180.82855339997332	72.0	100.0
180.8492248999828	72.0	100.0
180.86947269999655	72.0	100.0
180.88894829998026	72.0	100.0
180.90921439998783	72.0	100.0
180.92928089998895	72.0	100.0
180.94920360000106	72.0	100.0
180.96878729999298	72.0	100.0
180.9888633999799	72.0	100.0
181.00868299999274	72.0	100.0
181.02881309998338	72.0	100.0
181.0494164999982	72.0	100.0
181.0682542999857	72.0	100.0
181.0887989999901	72.0	100.0
181.11105039998074	72.0	100.0
181.12903889999143	72.0	100.0
181.14876099998946	72.0	100.0
181.16908169997623	72.0	100.0
181.1887653999729	72.0	100.0
181.20912289997796	72.0	100.0
181.2290240000002	72.0	100.0
181.24999979999848	72.0	100.0
181.26929769999697	72.0	100.0
181.2865406999772	72.0	100.0
181.30177439999534	72.0	100.0
181.32168419999653	72.0	100.0
181.3419471999805	72.0	100.0
181.36434879997978	72.0	100.0
181.38738349999767	72.0	100.0
181.40748429999803	72.0	100.0
181.42974709998816	72.0	100.0
181.44997979997424	72.0	100.0
181.46982979998575	72.0	100.0
181.48924229998374	72.0	100.0
181.50819679998676	72.0	100.0
181.53006069999537	72.0	100.0
181.5496852999786	72.0	100.0
181.5696255999792	72.0	100.0
181.58976519998396	72.0	100.0
181.60987299997942	72.0	100.0
181.62965569997323	72.0	100.0
181.64991149998968	72.0	100.0
181.6704289999907	72.0	100.0
181.6904341999907	72.0	100.0
181.70995449999464	72.0	100.0
181.73029599999427	72.0	100.0
181.74944849999156	72.0	100.0
181.76996749997488	72.0	100.0
181.7897943999851	72.0	100.0
181.80953559998306	72.0	100.0
181.8293637999741	72.0	100.0
181.85009329998866	72.0	100.0
181.8693030999857	72.0	100.0
181.89014159998624	72.0	100.0
181.9098159999994	72.0	100.0
181.93052689998876	72.0	100.0
181.95021489998908	72.0	100.0
181.9696914999804	72.0	100.0
181.98988089998602	72.0	100.0
182.01028269997914	72.0	100.0
182.02977099997224	72.0	100.0
182.05019660000107	72.0	100.0
182.0697440999793	72.0	100.0
182.0894382999977	72.0	100.0
182.11059119997662	72.0	100.0
182.1305392999784	72.0	100.0
182.1502777999849	72.0	100.0
182.17021749998094	72.0	100.0
182.19019709998975	72.0	100.0
182.21004869998433	72.0	100.0
182.23056069997256	72.0	100.0
182.25037989998236	72.0	100.0
182.26967469998635	72.0	100.0
182.29088539999793	72.0	100.0
182.3122000999865	72.0	100.0
182.32927180000115	72.0	100.0
182.3429300999851	72.0	100.0
182.36361219998798	72.0	100.0
182.3847663999768	72.0	100.0
182.40646389999893	72.0	100.0
182.42686459998367	72.0	100.0
182.45029229999636	72.0	100.0
182.4678852999932	72.0	100.0
182.48855519999051	72.0	100.0
182.50830259997747	72.0	100.0
182.5296704999928	72.0	100.0
182.54965349999839	72.0	100.0
182.56949289998738	72.0	100.0
182.58928839999135	72.0	100.0
182.61008549999679	72.0	100.0
182.62954879997415	72.0	100.0
182.64962899999227	72.0	100.0
182.6701655999932	72.0	100.0
182.68945429997984	69.0	100.0
182.70972469999106	69.0	100.0
182.7297556999838	69.0	100.0
182.74947289997363	69.0	100.0
182.76915159999044	69.0	100.0
182.78967839997495	69.0	100.0
182.80952559999423	69.0	100.0
182.82923449997907	69.0	100.0
182.85124129999895	69.0	100.0
182.86826749998727	69.0	100.0
182.88848009999492	69.0	100.0
182.90885189999244	69.0	100.0
182.9292944999761	69.0	100.0
182.9489232999913	69.0	100.0
182.96900369998184	69.0	100.0
182.98877209998318	69.0	100.0
183.0089244999981	69.0	100.0
183.02886859999853	69.0	100.0
183.0494464999938	69.0	100.0
183.0689264999819	69.0	100.0
183.08903629999259	69.0	100.0
183.1081558999722	69.0	100.0
183.1282288999937	69.0	100.0
183.14931089998572	69.0	100.0
183.16921289998572	69.0	100.0
183.18852989998413	69.0	100.0
183.20959579999908	69.0	100.0
183.22947329998715	69.0	100.0
183.24975379998796	69.0	100.0
183.26852599999984	69.0	100.0
183.2887131999887	69.0	100.0
183.30909629998496	69.0	100.0
183.33055220000097	69.0	100.0
183.35022959997877	69.0	100.0
183.37016899997252	69.0	100.0
183.38930640000035	69.0	100.0
183.40912749999552	69.0	100.0
183.4289068999933	69.0	100.0
183.4499145000009	69.0	100.0
183.47059529999387	69.0	100.0
183.48979079999845	69.0	100.0
183.50934579997556	69.0	100.0
183.52950039997813	69.0	100.0
183.54949189999024	69.0	100.0
183.56971129999147	69.0	100.0
183.58980509999674	69.0	100.0
183.61135779999313	69.0	100.0
183.62964279999142	69.0	100.0
183.6497371000005	69.0	100.0
183.67051939998055	69.0	100.0
183.68995229998836	71.0	100.0
183.7094104999851	71.0	100.0
183.73000669997418	71.0	100.0
183.7499787999841	71.0	100.0
183.7701407999848	71.0	100.0
183.78979429998435	71.0	100.0
183.80956779999542	71.0	100.0
183.8296237999748	71.0	100.0
183.84985189998406	71.0	100.0
183.8702882999787	71.0	100.0
183.8895517999772	71.0	100.0
183.90962159997434	71.0	100.0
183.9300320999755	71.0	100.0
183.94895039999392	71.0	100.0
183.97092009999324	71.0	100.0
183.99011959999916	71.0	100.0
184.01094029998058	71.0	100.0
184.02941889999784	71.0	100.0
184.04997539997566	71.0	100.0
184.06940659999964	71.0	100.0
184.0895743999863	71.0	100.0
184.10986229998525	71.0	100.0
184.12986079999246	71.0	100.0
184.14960169998812	71.0	100.0
184.17001389997313	71.0	100.0
184.18945139998686	71.0	100.0
184.20979669998633	71.0	100.0
184.2298490999965	71.0	100.0
184.2497264999838	71.0	100.0
184.26984009999433	71.0	100.0
184.28967009999906	71.0	100.0
184.3093517999805	71.0	100.0
184.32960399999865	71.0	100.0
184.3497474999749	71.0	100.0
184.37017349997768	71.0	100.0
184.38985559999128	71.0	100.0
184.40991940000094	71.0	100.0
184.4292002999864	71.0	100.0
184.45447149997926	71.0	100.0
184.46998119997443	71.0	100.0
184.48963959998218	71.0	100.0
184.50902149998	71.0	100.0
184.529501299985	71.0	100.0
184.54966569997487	71.0	100.0
184.57934259998729	71.0	100.0
184.59268809997593	71.0	100.0
184.60565749998204	71.0	100.0
184.62403300000005	71.0	100.0
184.6453671999916	71.0	100.0
184.66496069999994	71.0	100.0
184.68632759997854	72.0	100.0
184.70722129999194	72.0	100.0
184.7282498999848	72.0	100.0
184.74912399999448	72.0	100.0
184.76950529997703	72.0	100.0
184.7903229999938	72.0	100.0
184.81051640000078	72.0	100.0
184.8300405999762	72.0	100.0
184.85018849998596	72.0	100.0
184.87047479997273	72.0	100.0
184.89039459999185	72.0	100.0
184.9096180999768	72.0	100.0
184.92917509999825	72.0	100.0
184.9495246000006	72.0	100.0
184.9695719999727	72.0	100.0
184.9900692999945	72.0	100.0
185.0104669999855	72.0	100.0
185.02974790000007	72.0	100.0
185.05169589997968	72.0	100.0
185.07023879999178	72.0	100.0
185.0899753999838	72.0	100.0
185.1093519999995	72.0	100.0
185.12937809998402	72.0	100.0
185.14932499997667	72.0	100.0
185.1693518999964	72.0	100.0
185.1898828999838	72.0	100.0
185.20938009998645	72.0	100.0
185.23026399998344	72.0	100.0
185.250662299979	72.0	100.0
185.27031149997492	72.0	100.0
185.28938259999268	72.0	100.0
185.30951709998772	72.0	100.0
185.33001749997493	72.0	100.0
185.35045040000114	72.0	100.0
185.37006649997784	72.0	100.0
185.39156709998497	72.0	100.0
185.41183839997393	72.0	100.0
185.429834199982	72.0	100.0
185.45014789997367	72.0	100.0
185.46965489999275	72.0	100.0
185.49073379999027	72.0	100.0
185.50967549998313	72.0	100.0
185.530443799973	72.0	100.0
185.55046309999307	72.0	100.0
185.57089909998467	72.0	100.0
185.59023219998926	72.0	100.0
185.6103234999755	72.0	100.0
185.63032479997491	72.0	100.0
185.65040079999017	72.0	100.0
185.6711432999873	72.0	100.0
185.6905650999979	76.0	100.0
185.70778939998127	76.0	100.0
185.72872239997378	76.0	100.0
185.74776319999364	76.0	100.0
185.7673289999948	76.0	100.0
185.78785979998065	76.0	100.0
185.80945669999346	76.0	100.0
185.82688539999072	76.0	100.0
185.84717299998738	76.0	100.0
185.8668860999751	76.0	100.0
185.8879802999727	76.0	100.0
185.9075896999857	76.0	100.0
185.93049849997624	76.0	100.0
185.9501860999735	76.0	100.0
185.9702919999836	76.0	100.0
185.99080869997852	76.0	100.0
186.0105691999779	76.0	100.0
186.04141139998683	76.0	100.0
186.05109709998942	76.0	100.0
186.07059589997516	76.0	100.0
186.0904271999898	76.0	100.0
186.1104535999766	76.0	100.0
186.1306916999747	76.0	100.0
186.15041489998112	76.0	100.0
186.1792139999743	76.0	100.0
186.19032099997276	76.0	100.0
186.21001469998737	76.0	100.0
186.23225879998063	76.0	100.0
186.24962889999733	76.0	100.0
186.2697777999856	76.0	100.0
186.2912546999869	76.0	100.0
186.31028469998273	76.0	100.0
186.32980509998742	76.0	100.0
186.35339619999286	76.0	100.0
186.36315799999284	76.0	100.0
186.3825257999997	76.0	100.0
186.40228849998675	76.0	100.0
186.42213419999462	76.0	100.0
186.44321949998266	76.0	100.0
186.4622758999758	76.0	100.0
186.48325769999065	76.0	100.0
186.50492209999356	76.0	100.0
186.52630279998994	76.0	100.0
186.54474269997445	76.0	100.0
186.56551839999156	76.0	100.0
186.58609459997388	76.0	100.0
186.6094080999901	76.0	100.0
186.62800419999985	76.0	100.0
186.65299049997702	76.0	100.0
186.6699704999919	76.0	100.0
186.69048549997387	81.0	100.0
186.71012340000016	81.0	100.0
186.72996739999508	81.0	100.0
186.7502030999749	81.0	100.0
186.76968499997747	81.0	100.0
186.789918399998	81.0	100.0
186.81044229998952	81.0	100.0
186.82890699998825	81.0	100.0
186.84643499998492	81.0	100.0
186.86636209997232	81.0	100.0
186.88656369998353	81.0	100.0
186.90726169999107	81.0	100.0
186.9297028000001	81.0	100.0
186.94983199998387	81.0	100.0
186.9696941000002	81.0	100.0
186.98981889997958	81.0	100.0
187.0095314999926	81.0	100.0
187.03027779998956	81.0	100.0
187.05035579999094	81.0	100.0
187.06896189998952	81.0	100.0
187.0901818999846	81.0	100.0
187.10931359999813	81.0	100.0
187.1307527999743	81.0	100.0
187.15201949997572	81.0	100.0
187.16979189999984	81.0	100.0
187.18997769997804	81.0	100.0
187.20963309999206	81.0	100.0
187.22943680000026	81.0	100.0
187.24995389999822	81.0	100.0
187.26967829998466	81.0	100.0
187.28949859997374	81.0	100.0
187.30938539997442	81.0	100.0
187.3297422999749	81.0	100.0
187.35061369999312	81.0	100.0
187.36924069997622	81.0	100.0
187.3867471999838	81.0	100.0
187.40945499998634	81.0	100.0
187.42905629999586	81.0	100.0
187.45012939997832	81.0	100.0
187.47189469999284	81.0	100.0
187.4898684999789	81.0	100.0
187.50979709997773	81.0	100.0
187.5297979999741	81.0	100.0
187.55058039998403	81.0	100.0
187.56953639999847	81.0	100.0
187.5891350999882	81.0	100.0
187.60903110000072	81.0	100.0
187.6301753000007	81.0	100.0
187.64996749997954	81.0	100.0
187.66987509999308	81.0	100.0
187.69053259998327	83.0	100.0
187.7091915999772	83.0	100.0
187.7290834999876	83.0	100.0
187.74973069998669	83.0	100.0
187.7697645999724	83.0	100.0
187.78901729997597	83.0	100.0
187.80962249997538	83.0	100.0
187.82960779999848	83.0	100.0
187.8497161999985	83.0	100.0
187.8696608999744	83.0	100.0
187.88951069998438	83.0	100.0
187.9086610999948	83.0	100.0
187.92943089999608	83.0	100.0
187.9497449999908	83.0	100.0
187.97218209999846	83.0	100.0
187.98927729998832	83.0	100.0
188.00896989999455	83.0	100.0
188.02944549999665	83.0	100.0
188.04949969999143	83.0	100.0
188.0700808999827	83.0	100.0
188.08941239997512	83.0	100.0
188.1089433999732	83.0	100.0
188.13028459998895	83.0	100.0
188.14989819997572	83.0	100.0
188.16925679999986	83.0	100.0
188.18963209999492	83.0	100.0
188.20985999997356	83.0	100.0
188.2298912999977	83.0	100.0
188.24978119999287	83.0	100.0
188.26910249999491	83.0	100.0
188.29009799999767	83.0	100.0
188.30969080000068	83.0	100.0
188.32957319999696	83.0	100.0
188.34969730000012	83.0	100.0
188.36918839998543	83.0	100.0
188.38960939997924	83.0	100.0
188.41021589998854	83.0	100.0
188.42936059998465	83.0	100.0
188.44596779998392	83.0	100.0
188.46584049999365	83.0	100.0
188.48594929999672	83.0	100.0
188.50533799998811	83.0	100.0
188.5257693999738	83.0	100.0
188.5465877999959	83.0	100.0
188.56721299997298	83.0	100.0
188.58723199999076	83.0	100.0
188.60821579999174	83.0	100.0
188.62689469999168	83.0	100.0
188.64910199999576	83.0	100.0
188.66968819999602	83.0	100.0
188.6882145999989	80.0	100.0
188.71018789999653	80.0	100.0
188.72977309999987	80.0	100.0
188.74996769998688	80.0	100.0
188.7695914999931	80.0	100.0
188.79051129997242	80.0	100.0
188.81071099999826	80.0	100.0
188.82946969999466	80.0	100.0
188.84992879998754	80.0	100.0
188.8695216999913	80.0	100.0
188.8898640999978	80.0	100.0
188.90900159999728	80.0	100.0
188.92929299999378	80.0	100.0
188.949338299979	80.0	100.0
188.97003089997452	80.0	100.0
188.98954449998564	80.0	100.0
189.0097720999911	80.0	100.0
189.02959329998703	80.0	100.0
189.04999299999326	80.0	100.0
189.06989289997728	80.0	100.0
189.0895762	80.0	100.0
189.10910379997222	80.0	100.0
189.12981709997985	80.0	100.0
189.15030539999134	80.0	100.0
189.1698884999787	80.0	100.0
189.1896499999857	80.0	100.0
189.2097726999782	80.0	100.0
189.22953099998995	80.0	100.0
189.2499841999961	80.0	100.0
189.27118819998577	80.0	100.0
189.28951479998068	80.0	100.0
189.30940289999126	80.0	100.0
189.3303145999962	80.0	100.0
189.35020319998148	80.0	100.0
189.369524299982	80.0	100.0
189.38986109997495	80.0	100.0
189.4093140999903	80.0	100.0
189.4298680999782	80.0	100.0
189.4501053999993	80.0	100.0
189.46956539998064	80.0	100.0
189.48995359998662	80.0	100.0
189.50961149999057	80.0	100.0
189.52962069999194	80.0	100.0
189.54996499998379	80.0	100.0
189.57027639998705	80.0	100.0
189.58958029997302	80.0	100.0
189.61161849999917	80.0	100.0
189.62960769998608	80.0	100.0
189.64998579997336	80.0	100.0
189.67010679998202	80.0	100.0
189.69023039998137	77.0	100.0
189.70974329998717	77.0	100.0
189.7301668	77.0	100.0
189.750048899994	77.0	100.0
189.7706020999758	77.0	100.0
189.78947189997416	77.0	100.0
189.8101377999992	77.0	100.0
189.82994039999903	77.0	100.0
189.8502222999814	77.0	100.0
189.86990009999136	77.0	100.0
189.8898244999873	77.0	100.0
189.91029889998026	77.0	100.0
189.9303971999907	77.0	100.0
189.95088199997554	77.0	100.0
189.969903899997	77.0	100.0
189.98998529999517	77.0	100.0
190.0097332999867	77.0	100.0
190.0289767999784	77.0	100.0
190.05068039998878	77.0	100.0
190.06983369999216	77.0	100.0
190.09002889998374	77.0	100.0
190.10977519999142	77.0	100.0
190.13004729998647	77.0	100.0
190.1519240999769	77.0	100.0
190.1694222999795	77.0	100.0
190.18981259997236	77.0	100.0
190.21022199999425	77.0	100.0
190.23024149998673	77.0	100.0
190.2518741999811	77.0	100.0
190.2698499999824	77.0	100.0
190.29045609998866	77.0	100.0
190.30914439997287	77.0	100.0
190.32921299998998	77.0	100.0
190.34980669998913	77.0	100.0
190.36962889999268	77.0	100.0
190.38918109997758	77.0	100.0
190.40934169999673	77.0	100.0
190.4291733999853	77.0	100.0
190.45379599998705	77.0	100.0
190.47015939999255	77.0	100.0
190.4896415999974	77.0	100.0
190.5091971999791	77.0	100.0
190.52723669999978	77.0	100.0
190.5490487999923	77.0	100.0
190.5704648999963	77.0	100.0
190.59015739997267	77.0	100.0
190.61013469999307	77.0	100.0
190.6292963999731	77.0	100.0
190.64977489999728	77.0	100.0
190.67147949998616	77.0	100.0
190.69105819999822	74.0	100.0
190.71054169998388	74.0	100.0
190.73000499999034	74.0	100.0
190.75069979997352	74.0	100.0
190.77048029997968	74.0	100.0
190.79005429998506	74.0	100.0
190.80863889999455	74.0	100.0
190.82961529999739	74.0	100.0
190.85058769999887	74.0	100.0
190.86956269998336	74.0	100.0
190.89126309999847	74.0	100.0
190.9099784999853	74.0	100.0
190.9301764999982	74.0	100.0
190.95107239999925	74.0	100.0
190.97103809998953	74.0	100.0
190.9901326999825	74.0	100.0
191.011219899985	74.0	100.0
191.03073369999765	74.0	100.0
191.051668399974	74.0	100.0
191.07037529998343	74.0	100.0
191.09016859999974	74.0	100.0
191.11037969999597	74.0	100.0
191.1310373999877	74.0	100.0
191.1507983999909	74.0	100.0
191.1697795999935	74.0	100.0
191.18968789998326	74.0	100.0
191.21077749997494	74.0	100.0
191.22969829998328	74.0	100.0
191.2497021999734	74.0	100.0
191.26588049999555	74.0	100.0
191.28619149999577	74.0	100.0
191.30774259997997	74.0	100.0
191.32929359999252	74.0	100.0
191.35073229999398	74.0	100.0
191.36977429999388	74.0	100.0
191.38998429998173	74.0	100.0
191.40934220000054	74.0	100.0
191.430441399978	74.0	100.0
191.44978309998987	74.0	100.0
191.47057049997966	74.0	100.0
191.4893717999803	74.0	100.0
191.50968939997256	74.0	100.0
191.52714059999562	74.0	100.0
191.5513767999946	74.0	100.0
191.57143729997915	74.0	100.0
191.59050079999724	74.0	100.0
191.61045639999793	74.0	100.0
191.63005439998233	74.0	100.0
191.65173610000056	74.0	100.0
191.6718436999945	74.0	100.0
191.69177989999298	73.0	100.0
191.7110740999924	73.0	100.0
191.7318528999749	73.0	100.0
191.75133029997232	73.0	100.0
191.77056039997842	73.0	100.0
191.79137899997295	73.0	100.0
191.8119004999753	73.0	100.0
191.831139899994	73.0	100.0
191.85194609998143	73.0	100.0
191.87081599998055	73.0	100.0
191.8910347999772	73.0	100.0
191.91112919998704	73.0	100.0
191.93201329998556	73.0	100.0
191.9529839999741	73.0	100.0
191.97196819999954	73.0	100.0
191.991354400001	73.0	100.0
192.01172749997932	73.0	100.0
192.0313130999857	73.0	100.0
192.0518673999759	73.0	100.0
192.07175059997826	73.0	100.0
192.09195739999996	73.0	100.0
192.11161949997768	73.0	100.0
192.13185869998415	73.0	100.0
192.15186619997257	73.0	100.0
192.17241869997815	73.0	100.0
192.19166299997596	73.0	100.0
192.21286209998652	73.0	100.0
192.23132039999473	73.0	100.0
192.25222769999527	73.0	100.0
192.2719546999724	73.0	100.0
192.2918807999813	73.0	100.0
192.31185769999865	73.0	100.0
192.33139849998406	73.0	100.0
192.35150019999128	73.0	100.0
192.372031899984	73.0	100.0
192.39194339999813	73.0	100.0
192.41077619997668	73.0	100.0
192.4310871999769	73.0	100.0
192.45202319999225	73.0	100.0
192.4731397999858	73.0	100.0
192.49196539999684	73.0	100.0
192.51168359999429	73.0	100.0
192.53268269999535	73.0	100.0
192.5518893999979	73.0	100.0
192.5730365999916	73.0	100.0
192.59220109999296	73.0	100.0
192.61356859997613	73.0	100.0
192.6317239999771	73.0	100.0
192.6531832999899	73.0	100.0
192.67358449997846	73.0	100.0
192.69304459998966	74.0	100.0
192.71217259997502	74.0	100.0
192.73294879999594	74.0	100.0
192.75267349998467	74.0	100.0
192.7726788999862	74.0	100.0
192.79320839999127	74.0	100.0
192.8128774999932	74.0	100.0
192.8318992999848	74.0	100.0
192.85288959997706	74.0	100.0
192.87275509999017	74.0	100.0
192.892205799988	74.0	100.0
192.91331149998587	74.0	100.0
192.93311189999804	74.0	100.0
192.95230979999178	74.0	100.0
192.97199969997746	74.0	100.0
192.99199769998086	74.0	100.0
193.01297289997456	74.0	100.0
193.0318636999873	74.0	100.0
193.05347489999258	74.0	100.0
193.0729620999773	74.0	100.0
193.09320909998496	74.0	100.0
193.1129321999906	74.0	100.0
193.13311489997432	74.0	100.0
193.15287649998209	74.0	100.0
193.17266250000102	74.0	100.0
193.1935831999872	74.0	100.0
193.21311059998698	74.0	100.0
193.23276679997798	74.0	100.0
193.2531817999843	74.0	100.0
193.27288419997785	74.0	100.0
193.29312149999896	74.0	100.0
193.31203239999013	74.0	100.0
193.33239489997504	74.0	100.0
193.35251269998844	74.0	100.0
193.37713179999264	74.0	100.0
193.39201519999187	74.0	100.0
193.4135517999821	74.0	100.0
193.4326796999958	74.0	100.0
193.4536726999795	74.0	100.0
193.47285009999177	74.0	100.0
193.49377619998995	74.0	100.0
193.51206349997665	74.0	100.0
193.53352929998073	74.0	100.0
193.55310520000057	74.0	100.0
193.57360939998762	74.0	100.0
193.59292859997367	74.0	100.0
193.6132840999926	74.0	100.0
193.63279779997538	74.0	100.0
193.65326199997799	74.0	100.0
193.6734402999864	74.0	100.0
193.69364199999836	73.0	100.0
193.71348279999802	73.0	100.0
193.73346079999465	73.0	100.0
193.75288419998833	73.0	100.0
193.77411309999297	73.0	100.0
193.79253779997816	73.0	100.0
193.8139389999851	73.0	100.0
193.8332482999831	73.0	100.0
193.85333999997238	73.0	100.0
193.87283969999407	73.0	100.0
193.89335719999508	73.0	100.0
193.91310869998415	73.0	100.0
193.93289909997839	73.0	100.0
193.95319529998233	73.0	100.0
193.97326209998573	73.0	100.0
193.99171899998328	73.0	100.0
194.01359299998148	73.0	100.0
194.03325829998357	73.0	100.0
194.05309849997866	73.0	100.0
194.0736474999867	73.0	100.0
194.09299599999213	73.0	100.0
194.11227149999468	73.0	100.0
194.13307009998243	73.0	100.0
194.15346729999874	73.0	100.0
194.17287089998717	73.0	100.0
194.1933166999952	73.0	100.0
194.21342089999234	73.0	100.0
194.2334176999866	73.0	100.0
194.2537955000007	73.0	100.0
194.27335059997858	73.0	100.0
194.29341549999663	73.0	100.0
194.31349989998853	73.0	100.0
194.33394949999638	73.0	100.0
194.35364519999712	73.0	100.0
194.37301649997244	73.0	100.0
194.3929216999968	73.0	100.0
194.4129434999777	73.0	100.0
194.4328604999755	73.0	100.0
194.45393540000077	73.0	100.0
194.4731666999869	73.0	100.0
194.49318429999403	73.0	100.0
194.51400089997333	73.0	100.0
194.53311530000065	73.0	100.0
194.54986709999503	73.0	100.0
194.5745356999978	73.0	100.0
194.59235219997936	73.0	100.0
194.61264559999108	73.0	100.0
194.63220389999333	73.0	100.0
194.65321609997773	73.0	100.0
194.67352189999656	73.0	100.0
194.69292760000098	75.0	100.0
194.71303819998866	75.0	100.0
194.73378179999418	75.0	100.0
194.75320699997246	75.0	100.0
194.7723968999926	75.0	100.0
194.79243559998577	75.0	100.0
194.8128365999728	75.0	100.0
194.83262389997253	75.0	100.0
194.8551292999764	75.0	100.0
194.87327759998152	75.0	100.0
194.89381569999387	75.0	100.0
194.91272399999434	75.0	100.0
194.9343349999981	75.0	100.0
194.95366529998137	75.0	100.0
194.9733322999964	75.0	100.0
194.9932611999975	75.0	100.0
195.0135132999858	75.0	100.0
195.03374389998498	75.0	100.0
195.0537935999746	75.0	100.0
195.07346409998718	75.0	100.0
195.09364809998078	75.0	100.0
195.1132049000007	75.0	100.0
195.13369959997362	75.0	100.0
195.15359199998784	75.0	100.0
195.1736518999969	75.0	100.0
195.1923355999752	75.0	100.0
195.21313619997818	75.0	100.0
195.2334926999756	75.0	100.0
195.25341269999626	75.0	100.0
195.27311299997382	75.0	100.0
195.29388759998255	75.0	100.0
195.31251209997572	75.0	100.0
195.33337149998988	75.0	100.0
195.3531613999803	75.0	100.0
195.37336889997823	75.0	100.0
195.39334609999787	75.0	100.0
195.41367979999632	75.0	100.0
195.43317059997935	75.0	100.0
195.45383409998612	75.0	100.0
195.47300339999492	75.0	100.0
195.49370449999697	75.0	100.0
195.51377839999623	75.0	100.0
195.53339939998114	75.0	100.0
195.55403839997598	75.0	100.0
195.57396589999553	75.0	100.0
195.5933373000007	75.0	100.0
195.61542649997864	75.0	100.0
195.63403639997705	75.0	100.0
195.65403359997435	75.0	100.0
195.67391519999364	75.0	100.0
195.69410249998327	75.0	100.0
195.71327269999892	75.0	100.0
195.73316999999224	75.0	100.0
195.75360009999713	75.0	100.0
195.77337079998688	75.0	100.0
195.79351889999816	75.0	100.0
195.81390809998265	75.0	100.0
195.8338518999808	75.0	100.0
195.85598499997286	75.0	100.0
195.8740095999965	75.0	100.0
195.89395509997848	75.0	100.0
195.91395269997884	75.0	100.0
195.93339689998538	75.0	100.0
195.95398659998318	75.0	100.0
195.97378019997268	75.0	100.0
195.99353839998366	75.0	100.0
196.01356289998512	75.0	100.0
196.03320739997434	75.0	100.0
196.0545130999817	75.0	100.0
196.07399929998792	75.0	100.0
196.09356649999972	75.0	100.0
196.11386739998125	75.0	100.0
196.1337182999996	75.0	100.0
196.1532396999828	75.0	100.0
196.17376569999033	75.0	100.0
196.19385309997597	75.0	100.0
196.21382119998452	75.0	100.0
196.23350599998957	75.0	100.0
196.2538345999783	75.0	100.0
196.27346999998554	75.0	100.0
196.29445749998558	75.0	100.0
196.31379889999516	75.0	100.0
196.33313229997293	75.0	100.0
196.353764999978	75.0	100.0
196.3736434999737	75.0	100.0
196.39397309999913	75.0	100.0
196.41361639997922	75.0	100.0
196.4339570000011	75.0	100.0
196.45141329997568	75.0	100.0
196.47071259998484	75.0	100.0
196.49018039999646	75.0	100.0
196.51019809997524	75.0	100.0
196.53074689998175	75.0	100.0
196.5495460999955	75.0	100.0
196.56982489998336	75.0	100.0
196.5902698999853	75.0	100.0
196.6110693999799	75.0	100.0
196.63131019999855	75.0	100.0
196.65275429998292	75.0	100.0
196.67558959999587	75.0	100.0
196.69348369998625	77.0	100.0
196.71376299997792	77.0	100.0
196.73417969999718	77.0	100.0
196.7543497000006	77.0	100.0
196.77522599999793	77.0	100.0
196.79384759999812	77.0	100.0
196.81425269998726	77.0	100.0
196.83306989999255	77.0	100.0
196.85586499999044	77.0	100.0
196.87548259997857	77.0	100.0
196.89549749999424	77.0	100.0
196.91418259998318	77.0	100.0
196.9346720999747	77.0	100.0
196.95483849997981	77.0	100.0
196.97373569998308	77.0	100.0
196.99424759999965	77.0	100.0
197.01486269998713	77.0	100.0
197.0342431999743	77.0	100.0
197.05385609998484	77.0	100.0
197.0739105999819	77.0	100.0
197.09390569999232	77.0	100.0
197.11362779999035	77.0	100.0
197.13476919999812	77.0	100.0
197.1539485999965	77.0	100.0
197.17380889999913	77.0	100.0
197.19385369998054	77.0	100.0
197.21386719998554	77.0	100.0
197.2335832999961	77.0	100.0
197.25774459997774	77.0	100.0
197.27381849999074	77.0	100.0
197.2942796999996	77.0	100.0
197.3137974999845	77.0	100.0
197.33370969997486	77.0	100.0
197.35379209998064	77.0	100.0
197.37433699998655	77.0	100.0
197.39396999997552	77.0	100.0
197.413928999973	77.0	100.0
197.43386859999737	77.0	100.0
197.45458669998334	77.0	100.0
197.4744093999907	77.0	100.0
197.49479019999853	77.0	100.0
197.51418229998671	77.0	100.0
197.5340498999867	77.0	100.0
197.55582909999066	77.0	100.0
197.57432489999337	77.0	100.0
197.5945302999753	77.0	100.0
197.61537759998464	77.0	100.0
197.63380789998337	77.0	100.0
197.6552763999789	77.0	100.0
197.6764365999843	77.0	100.0
197.6956089999876	78.0	100.0
197.71546399997897	78.0	100.0
197.73475879998296	78.0	100.0
197.75476559999515	78.0	100.0
197.77458749999641	78.0	100.0
197.79493459998048	78.0	100.0
197.8149161999754	78.0	100.0
197.83458689998952	78.0	100.0
197.85530949998065	78.0	100.0
197.87469189998228	78.0	100.0
197.89467049998348	78.0	100.0
197.91484139999375	78.0	100.0
197.93534259998705	78.0	100.0
197.95552529999986	78.0	100.0
197.9752584999951	78.0	100.0
197.99526649998734	78.0	100.0
198.0156813999929	78.0	100.0
198.03561539997463	78.0	100.0
198.05582529999083	78.0	100.0
198.07560669997474	78.0	100.0
198.09582529999898	78.0	100.0
198.11545449998812	78.0	100.0
198.1349694999808	78.0	100.0
198.15539959998569	78.0	100.0
198.17532579999533	78.0	100.0
198.19480989998556	78.0	100.0
198.21567419997882	78.0	100.0
198.23485479998635	78.0	100.0
198.2554440999811	78.0	100.0
198.27506189999986	78.0	100.0
198.29705029999604	78.0	100.0
198.31504279997898	78.0	100.0
198.3357307999977	78.0	100.0
198.3552808999957	78.0	100.0
198.3754441999772	78.0	100.0
198.39572719999705	78.0	100.0
198.41602819997934	78.0	100.0
198.43540809999104	78.0	100.0
198.45602259997395	78.0	100.0
198.4755663999822	78.0	100.0
198.49712979997275	78.0	100.0
198.51456919999328	78.0	100.0
198.5350167999859	78.0	100.0
198.55581639998127	78.0	100.0
198.5762063000002	78.0	100.0
198.59823019997566	78.0	100.0
198.61782909999602	78.0	100.0
198.6359792999865	78.0	100.0
198.65657619998092	78.0	100.0
198.67661879997468	78.0	100.0
198.69730479997816	77.0	100.0
198.71665129999747	77.0	100.0
198.73594589999993	77.0	100.0
198.75667029997567	77.0	100.0
198.77614329999778	77.0	100.0
198.79530249998788	77.0	100.0
198.8169650999771	77.0	100.0
198.83619059997727	77.0	100.0
198.85732469998766	77.0	100.0
198.87608209997416	77.0	100.0
198.89668710000115	77.0	100.0
198.91584119998151	77.0	100.0
198.93700339997304	77.0	100.0
198.95609429999604	77.0	100.0
198.97668709998834	77.0	100.0
198.9967314999958	77.0	100.0
199.01684639998712	77.0	100.0
199.03673309998703	77.0	100.0
199.0570899999875	77.0	100.0
199.07587839997723	77.0	100.0
199.09703279999667	77.0	100.0
199.1168350999942	77.0	100.0
199.13674419999006	77.0	100.0
199.15659239998786	77.0	100.0
199.17636449998827	77.0	100.0
199.19598729998688	77.0	100.0
199.21606279999833	77.0	100.0
199.2363570999878	77.0	100.0
199.25799649997498	77.0	100.0
199.27559119998477	77.0	100.0
199.2964788999816	77.0	100.0
199.31615489997785	77.0	100.0
199.33757969998987	77.0	100.0
199.3564836999867	77.0	100.0
199.37671620000037	77.0	100.0
199.3955813999928	77.0	100.0
199.416541899991	77.0	100.0
199.43703769997228	77.0	100.0
199.457302099996	77.0	100.0
199.47660850000102	77.0	100.0
199.4967327999766	77.0	100.0
199.5170637999836	77.0	100.0
199.53806179997628	77.0	100.0
199.55679099998088	77.0	100.0
199.57722969999304	77.0	100.0
199.59681909999927	77.0	100.0
199.61725949999527	77.0	100.0
199.63621129997773	77.0	100.0
199.6571293999732	77.0	100.0
199.67758369998774	77.0	100.0
199.69697199997609	75.0	100.0
199.71725329998299	75.0	100.0
199.73754589998862	75.0	100.0
199.75757379998686	75.0	100.0
199.77761069999542	75.0	100.0
199.79728189998423	75.0	100.0
199.8176069999754	75.0	100.0
199.83696709998185	75.0	100.0
199.85732649997226	75.0	100.0
199.87709999998333	75.0	100.0
199.8976379999949	75.0	100.0
199.91671359998873	75.0	100.0
199.93740830000024	75.0	100.0
199.95785549998982	75.0	100.0
199.97773769998457	75.0	100.0
199.99755409997306	75.0	100.0
200.01753059998737	75.0	100.0
200.03680049997638	75.0	100.0
200.05761999997776	75.0	100.0
200.0778398999828	75.0	100.0
200.09767079999438	75.0	100.0
200.11751589999767	75.0	100.0
200.13686109997798	75.0	100.0
200.15789750000113	75.0	100.0
200.17789029999403	75.0	100.0
200.19813069998054	75.0	100.0
200.217642899981	75.0	100.0
200.23702689999482	75.0	100.0
200.25916989997495	75.0	100.0
200.27777979997336	75.0	100.0
200.29768699998385	75.0	100.0
200.3175407999952	75.0	100.0
200.3374600999814	75.0	100.0
200.35644269999466	75.0	100.0
200.37774440000067	75.0	100.0
200.39753649997874	75.0	100.0
200.4178592999815	75.0	100.0
200.43770429998403	75.0	100.0
200.45719619997544	75.0	100.0
200.4771458999894	75.0	100.0
200.49683229997754	75.0	100.0
200.5159048999776	75.0	100.0
200.537113999977	75.0	100.0
200.55778249999275	75.0	100.0
200.57744909997564	75.0	100.0
200.5988292999973	75.0	100.0
200.6161288000003	75.0	100.0
200.6337544999842	75.0	100.0
200.65424059997895	75.0	100.0
200.67604449999635	75.0	100.0
200.69654049997916	74.0	100.0
200.71487459997297	74.0	100.0
200.73474439998972	74.0	100.0
200.75738489997457	74.0	100.0
200.77698029999738	74.0	100.0
200.79732409998542	74.0	100.0
200.8170449999743	74.0	100.0
200.8373971999972	74.0	100.0
200.85805319997598	74.0	100.0
200.87796069998876	74.0	100.0
200.89769819998764	74.0	100.0
200.9173958999745	74.0	100.0
200.93768969998928	74.0	100.0
200.95752839997294	74.0	100.0
200.97798559998046	74.0	100.0
200.99773009997443	74.0	100.0
201.01767419997486	74.0	100.0
201.03791329998057	74.0	100.0
201.05808649997925	74.0	100.0
201.0783231999958	74.0	100.0
201.09807999999612	74.0	100.0
201.11778289999347	74.0	100.0
201.13765899999999	74.0	100.0
201.15794579999056	74.0	100.0
201.17836939997505	74.0	100.0
201.197663799976	74.0	100.0
201.21789939998416	74.0	100.0
201.23762519998127	74.0	100.0
201.25824339999235	74.0	100.0
201.2778417999798	74.0	100.0
201.2972314999788	74.0	100.0
201.31749759998638	74.0	100.0
201.3381477999792	74.0	100.0
201.35783989998163	74.0	100.0
201.37754029998905	74.0	100.0
201.39725239999825	74.0	100.0
201.4171728999936	74.0	100.0
201.4371511999925	74.0	100.0
201.45725929999026	74.0	100.0
201.47797889998765	74.0	100.0
201.4973966999969	74.0	100.0
201.51735549999285	74.0	100.0
201.53749139999854	74.0	100.0
201.55718659999548	74.0	100.0
201.57780769999954	74.0	100.0
201.59764259998337	74.0	100.0
201.61941619997378	74.0	100.0
201.63743199998862	74.0	100.0
201.65762999997241	74.0	100.0
201.68026389999432	74.0	100.0
201.69810769998003	73.0	100.0
201.71760869998252	73.0	100.0
201.73741829997743	73.0	100.0
201.75768379998044	73.0	100.0
201.77752789997612	73.0	100.0
201.79719509999268	73.0	100.0
201.8175350999809	73.0	100.0
201.83715359997586	73.0	100.0
201.8579012999835	73.0	100.0
201.87717359999078	73.0	100.0
201.89768599998206	73.0	100.0
201.91735319999862	73.0	100.0
201.93758549998165	73.0	100.0
201.9581765999901	73.0	100.0
201.97744909999892	73.0	100.0
201.99828209998668	73.0	100.0
202.0181131999998	73.0	100.0
202.03795040000114	73.0	100.0
202.0581621999736	73.0	100.0
202.07725019997451	73.0	100.0
202.0982036999776	73.0	100.0
202.11790799998562	73.0	100.0
202.13715499997488	73.0	100.0
202.15825169999152	73.0	100.0
202.1775581999973	73.0	100.0
202.19854879999184	73.0	100.0
202.21780139999464	73.0	100.0
202.23739319999004	73.0	100.0
202.2578763999918	73.0	100.0
202.27757109998493	73.0	100.0
202.29763649997767	73.0	100.0
202.3175267999759	73.0	100.0
202.3378385999822	73.0	100.0
202.35815939999884	73.0	100.0
202.37902429999667	73.0	100.0
202.39828039999702	73.0	100.0
202.41921379999258	73.0	100.0
202.4379721999867	73.0	100.0
202.4589783999836	73.0	100.0
202.47836939999252	73.0	100.0
202.49887019998278	73.0	100.0
202.5180349999864	73.0	100.0
202.53919899999164	73.0	100.0
202.55929689999903	73.0	100.0
202.5777994999953	73.0	100.0
202.59908329998143	73.0	100.0
202.61859169998206	73.0	100.0
202.63925459998427	73.0	100.0
202.65860919997795	73.0	100.0
202.67837299997336	73.0	100.0
202.6978285999794	71.0	100.0
202.72020259997225	71.0	100.0
202.73796579998452	71.0	100.0
202.75803959998302	71.0	100.0
202.77858709997963	71.0	100.0
202.79771549999714	71.0	100.0
202.81915839997237	71.0	100.0
202.83800199997495	71.0	100.0
202.85864909997326	71.0	100.0
202.87773089998518	71.0	100.0
202.897828199988	71.0	100.0
202.9181994999817	71.0	100.0
202.9379462999932	71.0	100.0
202.95792299997993	71.0	100.0
202.97789349997765	71.0	100.0
202.99798459999147	71.0	100.0
203.01902199999313	71.0	100.0
203.03777399999672	71.0	100.0
203.05855919999885	71.0	100.0
203.0778367999883	71.0	100.0
203.09778929999447	71.0	100.0
203.11777879999136	71.0	100.0
203.13952399999835	71.0	100.0
203.15867409997736	71.0	100.0
203.17839689998073	71.0	100.0
203.19778139999835	71.0	100.0
203.21913529999438	71.0	100.0
203.23789069999475	71.0	100.0
203.25929489999544	71.0	100.0
203.27777549999882	71.0	100.0
203.29780000000028	71.0	100.0
203.31774689999293	71.0	100.0
203.3381966999732	71.0	100.0
203.35775319999084	71.0	100.0
203.37977809997392	71.0	100.0
203.3994392999739	71.0	100.0
203.42029279997223	71.0	100.0
203.4392176999827	71.0	100.0
203.45954799998435	71.0	100.0
203.4789745999733	71.0	100.0
203.49954079999588	71.0	100.0
203.51885449999827	71.0	100.0
203.53873119998025	71.0	100.0
203.55886169997393	71.0	100.0
203.5787902000011	71.0	100.0
203.59778699997696	71.0	100.0
203.61888749999343	71.0	100.0
203.64014199998928	71.0	100.0
203.65894429999753	71.0	100.0
203.6800056999782	71.0	100.0
203.6985747999861	71.0	100.0
203.71756329998607	71.0	100.0
203.7414446999901	71.0	100.0
203.9306980999827	71.0	100.0
203.9307391999755	71.0	100.0
203.93075719999615	71.0	100.0
203.93077409997932	71.0	100.0
203.93079079999006	71.0	100.0
203.93080809997628	71.0	100.0
203.93082989999675	71.0	100.0
203.93084719998296	71.0	100.0
203.93086359999143	71.0	100.0
203.94011969998246	71.0	100.0
203.95986229999107	71.0	100.0
203.97899119998328	71.0	100.0
204.04440980000072	71.0	100.0
204.04658179997932	71.0	100.0
204.0465973999817	71.0	100.0
204.05956129997503	71.0	100.0
204.18138749999343	71.0	100.0
204.1814069999964	71.0	100.0
204.18141959997592	71.0	100.0
204.18142749997787	71.0	100.0
204.18143539997982	71.0	100.0
204.18144299997948	71.0	100.0
204.199601899978	71.0	100.0
204.21994649997214	71.0	100.0
204.2397067999991	71.0	100.0
204.25996679998934	71.0	100.0
204.299752299994	71.0	100.0
204.29977209999925	71.0	100.0
204.31900249997852	71.0	100.0
204.33980609997525	71.0	100.0
204.35971929997322	71.0	100.0
204.40020109998295	71.0	100.0
204.40021979997982	71.0	100.0
204.4198532999726	71.0	100.0
204.4396960999875	71.0	100.0
204.46048579999479	71.0	100.0
204.4981627999805	71.0	100.0
204.49951959997998	71.0	100.0
204.51932500000112	71.0	100.0
204.53983649998554	71.0	100.0
204.56050999998115	71.0	100.0
204.60105349999503	71.0	100.0
204.60109959999681	71.0	100.0
204.62124389997916	71.0	100.0
204.64024579999386	71.0	100.0
204.6601127999893	71.0	100.0
204.70317739999155	71.0	100.0
204.70319779997226	71.0	100.0
204.7201082999818	71.0	100.0
204.74062239998602	71.0	100.0
204.76017709998996	71.0	100.0
204.80572839998058	71.0	100.0
204.80574769998202	71.0	100.0
204.82087619998492	71.0	100.0
204.8398056999722	71.0	100.0
204.86061059997883	71.0	100.0
204.91716729998006	71.0	100.0
204.91718749998836	71.0	100.0
204.92002789999242	71.0	100.0
204.9408007999882	71.0	100.0
204.96006549999584	71.0	100.0
205.15960039998754	71.0	100.0
205.15966949998983	71.0	100.0
205.15970069999457	71.0	100.0
205.1597244000004	71.0	100.0
205.1597484999802	71.0	100.0
205.1597753999813	71.0	100.0
205.15979859998333	71.0	100.0
205.15982269999222	71.0	100.0
205.15984479998588	71.0	100.0
205.16056019999087	71.0	100.0
205.18034429999534	71.0	100.0
205.36494109997875	71.0	100.0
205.36497619998408	71.0	100.0
205.36499419997563	71.0	100.0
205.36501069998485	71.0	100.0
205.36502769999788	71.0	100.0
205.36504439997952	71.0	100.0
205.36506059998646	71.0	100.0
205.3650770999957	71.0	100.0
205.36509289999958	71.0	100.0
205.3797483999806	71.0	100.0
205.40058039998985	71.0	100.0
205.41850079997675	71.0	100.0
205.46497589998762	71.0	100.0
205.46527439999045	71.0	100.0
205.47938319999957	71.0	100.0
205.51452329999302	71.0	100.0
205.51944189998903	71.0	100.0
205.54188679999788	71.0	100.0
205.5617854000011	71.0	100.0
205.58502359999693	71.0	100.0
205.77377400000114	71.0	100.0
205.77382519998355	71.0	100.0
205.7738493999932	71.0	100.0
205.77387199999066	71.0	100.0
205.7738943999866	71.0	100.0
205.77391629997874	72.0	100.0
205.77393799999845	72.0	100.0
205.77396059999592	72.0	100.0
205.77398229998653	72.0	100.0
205.78236059998744	72.0	100.0
205.83008089999203	72.0	100.0
205.8301018999773	72.0	100.0
205.84198939998168	72.0	100.0
205.86289249997935	72.0	100.0
205.8824054999859	72.0	100.0
205.92819859998417	72.0	100.0
205.9282181999879	72.0	100.0
205.9421761999838	72.0	100.0
205.96119859997998	72.0	100.0
205.98103499997524	72.0	100.0
206.009862899984	72.0	100.0
206.02119219998713	72.0	100.0
206.04142349999165	72.0	100.0
206.06108149999636	72.0	100.0
206.0812899999728	72.0	100.0
206.1007143999741	72.0	100.0
206.1282963999838	72.0	100.0
206.14112489999388	72.0	100.0
206.16103269997984	72.0	100.0
206.1807823999843	72.0	100.0
206.20067429999472	72.0	100.0
206.22191389999352	72.0	100.0
206.24141529999906	72.0	100.0
206.26217869998072	72.0	100.0
206.28145969999605	72.0	100.0
206.30179769999813	72.0	100.0
206.321724599984	72.0	100.0
206.34196419999353	72.0	100.0
206.38713229997666	72.0	100.0
206.3871523999842	72.0	100.0
206.40417779999552	72.0	100.0
206.52654189997702	72.0	100.0
206.52656169998227	72.0	100.0
206.52657009998802	72.0	100.0
206.52657809999073	72.0	100.0
206.52658579999115	72.0	100.0
206.52659359999234	72.0	100.0
206.5412701999885	72.0	100.0
206.5616391999938	72.0	100.0
206.5820808999997	72.0	100.0
206.60163689998444	72.0	100.0
206.6220918999752	72.0	100.0
206.64180519999354	72.0	100.0
206.69797369997832	72.0	100.0
206.69799399998737	72.0	100.0
206.70194679999258	72.0	100.0
206.72126759999082	72.0	100.0
206.83318899999722	72.0	100.0
206.83323809999274	72.0	100.0
206.83326629997464	72.0	100.0
206.83329479998793	72.0	100.0
206.8333178999892	72.0	100.0
206.8410170999996	72.0	100.0
206.86134589998983	72.0	100.0
206.8818996999762	72.0	100.0
206.90189449998434	72.0	100.0
206.92164269997738	72.0	100.0
206.94808279999415	72.0	100.0
206.9628183999739	72.0	100.0
206.9824130999914	72.0	100.0
207.00239079998573	72.0	100.0
207.02212099998724	72.0	100.0
207.04351459999452	72.0	100.0
207.06191409999155	72.0	100.0
207.08035979999113	72.0	100.0
207.09980609998456	72.0	100.0
207.12068480000016	72.0	100.0
207.13890929997433	72.0	100.0
207.16128139998182	72.0	100.0
207.18137349997414	72.0	100.0
207.2017261000001	72.0	100.0
207.22274999998626	72.0	100.0
207.24186879998888	72.0	100.0
207.26195659997757	72.0	100.0
207.28246819999185	72.0	100.0
207.30267559998902	72.0	100.0
207.3223698999791	72.0	100.0
207.34197969999514	72.0	100.0
207.36146389998612	72.0	100.0
207.38235019997228	72.0	100.0
207.40309759997763	72.0	100.0
207.4220953999902	72.0	100.0
207.44221689997357	72.0	100.0
207.4626300999953	72.0	100.0
207.4824650999799	72.0	100.0
207.50212419999298	72.0	100.0
207.52148219998344	72.0	100.0
207.54148869999335	72.0	100.0
207.56207649997668	72.0	100.0
207.58208729999023	72.0	100.0
207.60203889998957	72.0	100.0
207.62370799999917	72.0	100.0
207.64218549997895	72.0	100.0
207.66211189999012	72.0	100.0
207.68233119999059	72.0	100.0
207.70218069999828	73.0	100.0
207.72156729997369	73.0	100.0
207.74218429997563	73.0	100.0
207.7620973000012	73.0	100.0
207.7812049999775	73.0	100.0
207.80269419998513	73.0	100.0
207.822025499976	73.0	100.0
207.84205829998245	73.0	100.0
207.86206429998856	73.0	100.0
207.88215779999155	73.0	100.0
207.90285039998707	73.0	100.0
207.92192349999095	73.0	100.0
207.94224559998838	73.0	100.0
207.96245269998326	73.0	100.0
207.98177439998835	73.0	100.0
208.00179879998905	73.0	100.0
208.02223360000062	73.0	100.0
208.0419863999996	73.0	100.0
208.0627744999947	73.0	100.0
208.081864399981	73.0	100.0
208.10138599999482	73.0	100.0
208.12178619997576	73.0	100.0
208.14156969997566	73.0	100.0
208.1613768999814	73.0	100.0
208.1819668999815	73.0	100.0
208.20324329999858	73.0	100.0
208.2219801999745	73.0	100.0
208.2418746999756	73.0	100.0
208.26241919997847	73.0	100.0
208.28190969998832	73.0	100.0
208.30222059998778	73.0	100.0
208.32202619998134	73.0	100.0
208.3423780000012	73.0	100.0
208.36232529999688	73.0	100.0
208.3823172999837	73.0	100.0
208.4008399999875	73.0	100.0
208.42211389998556	73.0	100.0
208.441771599988	73.0	100.0
208.46229949998087	73.0	100.0
208.48239669998293	73.0	100.0
208.5017828999844	73.0	100.0
208.52090749997296	73.0	100.0
208.53949009999633	73.0	100.0
208.5619925999781	73.0	100.0
208.58048729997245	73.0	100.0
208.6021171999746	73.0	100.0
208.62188219997915	73.0	100.0
208.64159019998624	73.0	100.0
208.6628503999964	73.0	100.0
208.68210409997846	73.0	100.0
208.702235499979	74.0	100.0
208.72197069998947	74.0	100.0
208.74184499998228	74.0	100.0
208.76210329998867	74.0	100.0
208.78192869998747	74.0	100.0
208.8019669999776	74.0	100.0
208.8223204999813	74.0	100.0
208.8419947999937	74.0	100.0
208.8624356999935	74.0	100.0
208.88204529997893	74.0	100.0
208.90368949997355	74.0	100.0
208.9218731999863	74.0	100.0
208.94190409997827	74.0	100.0
208.9635324999981	74.0	100.0
208.981624499982	74.0	100.0
209.00133829997503	74.0	100.0
209.02124959998764	74.0	100.0
209.04221619997406	74.0	100.0
209.06322319997707	74.0	100.0
209.082036399981	74.0	100.0
209.102728799975	74.0	100.0
209.12198669998907	74.0	100.0
209.14205689998926	74.0	100.0
209.16210349998437	74.0	100.0
209.18199799998547	74.0	100.0
209.2018985999748	74.0	100.0
209.2215201999934	74.0	100.0
209.2421504999802	74.0	100.0
209.26250209999853	74.0	100.0
209.2821253000002	74.0	100.0
209.30177249998087	74.0	100.0
209.3222342999943	74.0	100.0
209.3418925999722	74.0	100.0
209.36114399999497	74.0	100.0
209.38158579997253	74.0	100.0
209.4028241999913	74.0	100.0
209.42216339998413	74.0	100.0
209.44242359997588	74.0	100.0
209.4623658999917	74.0	100.0
209.4823188999726	74.0	100.0
209.50159199998598	74.0	100.0
209.52188909999677	74.0	100.0
209.5420621999947	74.0	100.0
209.56204869999783	74.0	100.0
209.58210659999168	74.0	100.0
209.60198519998812	74.0	100.0
209.6223441999755	74.0	100.0
209.64210599998478	74.0	100.0
209.66244849999202	74.0	100.0
209.6841323999979	74.0	100.0
209.70212389997323	75.0	100.0
209.7215434999962	75.0	100.0
209.7435739999928	75.0	100.0
209.76363029997447	75.0	100.0
209.78288649997558	75.0	100.0
209.80226249998668	75.0	100.0
209.82223659998272	75.0	100.0
209.84156049997546	75.0	100.0
209.86243119998835	75.0	100.0
209.8823115999985	75.0	100.0
209.9018818999757	75.0	100.0
209.92135369998869	75.0	100.0
209.94183579998207	75.0	100.0
209.96134099998744	75.0	100.0
209.9825933999964	75.0	100.0
210.00228989997413	75.0	100.0
210.02197089997935	75.0	100.0
210.04209459997946	75.0	100.0
210.0627977999975	75.0	100.0
210.08304249998764	75.0	100.0
210.10231839999324	75.0	100.0
210.12264669997967	75.0	100.0
210.14226909997524	75.0	100.0
210.16229089998524	75.0	100.0
210.18218579998938	75.0	100.0
210.20200199997635	75.0	100.0
210.22278219999862	75.0	100.0
210.24190589998034	75.0	100.0
210.26240639999742	75.0	100.0
210.28201489997446	75.0	100.0
210.30217299997457	75.0	100.0
210.32215809999616	75.0	100.0
210.34232039999915	75.0	100.0
210.36220689999755	75.0	100.0
210.3824393999821	75.0	100.0
210.4018381999922	75.0	100.0
210.42236729999422	75.0	100.0
210.4422013000003	75.0	100.0
210.46264659997541	75.0	100.0
210.48209239999414	75.0	100.0
210.50252989999717	75.0	100.0
210.52153959998395	75.0	100.0
210.542000299989	75.0	100.0
210.56251329998486	75.0	100.0
210.58263489999808	75.0	100.0
210.60212349999347	75.0	100.0
210.6241764999868	75.0	100.0
210.6423594999942	75.0	100.0
210.6627807999903	75.0	100.0
210.68279549997533	75.0	100.0
210.70432149997214	76.0	100.0
210.7218537000008	76.0	100.0
210.74228509998647	76.0	100.0
210.76323509999202	76.0	100.0
210.7824502000003	76.0	100.0
210.8013586999732	76.0	100.0
210.82258989999536	76.0	100.0
210.8433119999827	76.0	100.0
210.8620047000004	76.0	100.0
210.88229959999444	76.0	100.0
210.90411329999915	76.0	100.0
210.92308939999202	76.0	100.0
210.9434012999991	76.0	100.0
210.9628005999839	76.0	100.0
210.9830937999941	76.0	100.0
211.00259799999185	76.0	100.0
211.02222269997583	76.0	100.0
211.0417027999938	76.0	100.0
211.0633405999979	76.0	100.0
211.08218729999498	76.0	100.0
211.10199830000056	76.0	100.0
211.1224046999996	76.0	100.0
211.14199019997614	76.0	100.0
211.16263059998164	76.0	100.0
211.18277519999538	76.0	100.0
211.20247059999383	76.0	100.0
211.222090700001	76.0	100.0
211.2441048999899	76.0	100.0
211.26342159998603	76.0	100.0
211.28106569999363	76.0	100.0
211.3038548999757	76.0	100.0
211.32180729997344	76.0	100.0
211.3420842999767	76.0	100.0
211.36198389998754	76.0	100.0
211.38165609998396	76.0	100.0
211.40242479997687	76.0	100.0
211.42247489999863	76.0	100.0
211.4434956999903	76.0	100.0
211.46275979999336	76.0	100.0
211.48224649997428	76.0	100.0
211.5027473999944	76.0	100.0
211.52339899999788	76.0	100.0
211.5435355999798	76.0	100.0
211.56249259997276	76.0	100.0
211.58549319999292	76.0	100.0
211.60206419997849	76.0	100.0
211.6237293999875	76.0	100.0
211.6429568999738	76.0	100.0
211.6639910999802	76.0	100.0
211.6843544000003	76.0	100.0
211.70394189999206	77.0	100.0
211.7239045999886	77.0	100.0
211.74412039999152	77.0	100.0
211.7621052999748	77.0	100.0
211.78207709998242	77.0	100.0
211.80220429998008	77.0	100.0
211.82243149998249	77.0	100.0
211.84217119999812	77.0	100.0
211.86303589999443	77.0	100.0
211.88193449997925	77.0	100.0
211.90305999998236	77.0	100.0
211.92354339998565	77.0	100.0
211.94390459998976	77.0	100.0
211.96369129998493	77.0	100.0
211.98367239997606	77.0	100.0
212.00370929998462	77.0	100.0
212.0237709999783	77.0	100.0
212.0435394999804	77.0	100.0
212.06406519998563	77.0	100.0
212.08356739999726	77.0	100.0
212.10365079998155	77.0	100.0
212.1234861999983	77.0	100.0
212.14408859997639	77.0	100.0
212.1636862999876	77.0	100.0
212.18316729998332	77.0	100.0
212.20336469999165	77.0	100.0
212.22391199998674	77.0	100.0
212.24425889999839	77.0	100.0
212.26498499998706	77.0	100.0
212.28370279999217	77.0	100.0
212.30337949999375	77.0	100.0
212.32451049998053	77.0	100.0
212.34310219998588	77.0	100.0
212.36349459999474	77.0	100.0
212.38356259997818	77.0	100.0
212.40302089997567	77.0	100.0
212.4257198999985	77.0	100.0
212.44506729999557	77.0	100.0
212.4648708999739	77.0	100.0
212.48487499999464	77.0	100.0
212.50526029997854	77.0	100.0
212.5252555999905	77.0	100.0
212.54746909998357	77.0	100.0
212.56522369998856	77.0	100.0
212.58387849997962	77.0	100.0
212.6039776999969	77.0	100.0
212.62491479999153	77.0	100.0
212.64400629999	77.0	100.0
212.66490329999942	77.0	100.0
212.68566399998963	77.0	100.0
212.70541080000112	79.0	100.0
212.72415599998203	79.0	100.0
212.74532499999623	79.0	100.0
212.76483249999	79.0	100.0
212.78440369997406	79.0	100.0
212.80590639999718	79.0	100.0
212.8256191999826	79.0	100.0
212.84549789997982	79.0	100.0
212.86564009997528	79.0	100.0
212.88394119997974	79.0	100.0
212.90360339998733	79.0	100.0
212.9301298999926	79.0	100.0
212.94484659997397	79.0	100.0
212.9640373000002	79.0	100.0
212.98519869998563	79.0	100.0
213.00512079999316	79.0	100.0
213.0250239999732	79.0	100.0
213.04481539997505	79.0	100.0
213.0660064999829	79.0	100.0
213.08496219999506	79.0	100.0
213.105250099994	79.0	100.0
213.12387599999784	79.0	100.0
213.14384340000106	79.0	100.0
213.16584099998	79.0	100.0
213.18510229999083	79.0	100.0
213.2059507999802	79.0	100.0
213.2239050999924	79.0	100.0
213.24614579998888	79.0	100.0
213.26517539998167	79.0	100.0
213.2851807999832	79.0	100.0
213.30431189999217	79.0	100.0
213.32561179998447	79.0	100.0
213.34545149997575	79.0	100.0
213.36663699999917	79.0	100.0
213.3852830999822	79.0	100.0
213.4041440000001	79.0	100.0
213.42626229999587	79.0	100.0
213.44551130000036	79.0	100.0
213.46588059997885	79.0	100.0
213.48405119997915	79.0	100.0
213.51499519997742	79.0	100.0
213.52561899999273	79.0	100.0
213.5455562999996	79.0	100.0
213.56541929999366	79.0	100.0
213.58541729999706	79.0	100.0
213.60682979997364	79.0	100.0
213.62670019999496	79.0	100.0
213.64372649998404	79.0	100.0
213.665397499979	79.0	100.0
213.6865074999805	79.0	100.0
213.70617339998716	80.0	100.0
213.72583630000008	80.0	100.0
213.74543979999726	80.0	100.0
213.76584939999157	80.0	100.0
213.78560829997878	80.0	100.0
213.8052781999868	80.0	100.0
213.82552669997676	80.0	100.0
213.84536199999275	80.0	100.0
213.8653401999909	80.0	100.0
213.88533249998	80.0	100.0
213.905326099979	80.0	100.0
213.9253830999951	80.0	100.0
213.94546039999113	80.0	100.0
213.96565239998745	80.0	100.0
213.9854230999772	80.0	100.0
214.00552289999905	80.0	100.0
214.02541889998247	80.0	100.0
214.04529409998213	80.0	100.0
214.06618879997404	80.0	100.0
214.08453399999416	80.0	100.0
214.1051848999923	80.0	100.0
214.12558870000066	80.0	100.0
214.14529509999556	80.0	100.0
214.16546459999518	80.0	100.0
214.18604279999272	80.0	100.0
214.20525629998883	80.0	100.0
214.2252147999825	80.0	100.0
214.24557429997367	80.0	100.0
214.26720569998724	80.0	100.0
214.28430389999994	80.0	100.0
214.30578289998812	80.0	100.0
214.3252872999874	80.0	100.0
214.34539229999064	80.0	100.0
214.36543839998194	80.0	100.0
214.38492879999103	80.0	100.0
214.40548579997267	80.0	100.0
214.42564349999884	80.0	100.0
214.445673899987	80.0	100.0
214.46578699999372	80.0	100.0
214.48628599999938	80.0	100.0
214.50510189999477	80.0	100.0
214.52520609999192	80.0	100.0
214.54525969998213	80.0	100.0
214.56479319999926	80.0	100.0
214.58513639998273	80.0	100.0
214.6057853999955	80.0	100.0
214.62531269999454	80.0	100.0
214.64562859997386	80.0	100.0
214.6659229999932	80.0	100.0
214.68585739997798	80.0	100.0
214.70615929999622	81.0	100.0
214.72591869998723	81.0	100.0
214.74584909999976	81.0	100.0
214.76521909999428	81.0	100.0
214.78577089999453	81.0	100.0
214.80558069999097	81.0	100.0
214.826007799973	81.0	100.0
214.84570189999067	81.0	100.0
214.86523009999655	81.0	100.0
214.88541719998466	81.0	100.0
214.90608419998898	81.0	100.0
214.92565869999817	81.0	100.0
214.94518369997968	81.0	100.0
214.96491009998135	81.0	100.0
214.9852983999881	81.0	100.0
215.0066316999728	81.0	100.0
215.025018299988	81.0	100.0
215.04585129997577	81.0	100.0
215.06592279998586	81.0	100.0
215.08530299999984	81.0	100.0
215.10747469999478	81.0	100.0
215.12592249998124	81.0	100.0
215.1460698999872	81.0	100.0
215.16552409998258	81.0	100.0
215.18535519999568	81.0	100.0
215.20535039997776	81.0	100.0
215.22611629997846	81.0	100.0
215.2459723999782	81.0	100.0
215.26588909997372	81.0	100.0
215.28570719997515	81.0	100.0
215.30575029997271	81.0	100.0
215.3261614999792	81.0	100.0
215.34609929998987	81.0	100.0
215.3655786999734	81.0	100.0
215.38585399999283	81.0	100.0
215.40531279999414	81.0	100.0
215.42590909998398	81.0	100.0
215.44619699998293	81.0	100.0
215.4658113999758	81.0	100.0
215.4854711999942	81.0	100.0
215.50660379999317	81.0	100.0
215.52641139997286	81.0	100.0
215.5461952999758	81.0	100.0
215.56577759998618	81.0	100.0
215.58588979998603	81.0	100.0
215.60540929998388	81.0	100.0
215.6258014999912	81.0	100.0
215.64592469998752	81.0	100.0
215.66644259999157	81.0	100.0
215.68626849999418	81.0	100.0
215.7067833999754	82.0	100.0
215.7262069999997	82.0	100.0
215.74588659999426	82.0	100.0
215.76572909997776	82.0	100.0
215.7856428999803	82.0	100.0
215.80561149999266	82.0	100.0
215.82601569997496	82.0	100.0
215.8480810999754	82.0	100.0
215.8676314999757	82.0	100.0
215.88644539998495	82.0	100.0
215.90588809998007	82.0	100.0
215.926745499979	82.0	100.0
215.94614339998225	82.0	100.0
215.96606999999494	82.0	100.0
215.98594429998775	82.0	100.0
216.00591569999233	82.0	100.0
216.0274461999943	82.0	100.0
216.04630560000078	82.0	100.0
216.0660230999929	82.0	100.0
216.0853056999913	82.0	100.0
216.10541540000122	82.0	100.0
216.12664409997524	82.0	100.0
216.14676279999549	82.0	100.0
216.16643669997575	82.0	100.0
216.18574129999615	82.0	100.0
216.20592999999644	82.0	100.0
216.22713179999846	82.0	100.0
216.24580949998926	82.0	100.0
216.26592809997965	82.0	100.0
216.28600159997586	82.0	100.0
216.30557639998733	82.0	100.0
216.33081019998644	82.0	100.0
216.34680909998133	82.0	100.0
216.37392119999276	82.0	100.0
216.38462579998304	82.0	100.0
216.40381699998397	82.0	100.0
216.42224449999048	82.0	100.0
216.44359159999294	82.0	100.0
216.46396309998818	82.0	100.0
216.48593840000103	82.0	100.0
216.50612969999202	82.0	100.0
216.52576829999452	82.0	100.0
216.5461109999742	82.0	100.0
216.5658090999932	82.0	100.0
216.58628150000004	82.0	100.0
216.60593529997277	82.0	100.0
216.62792109997827	82.0	100.0
216.64646849999554	82.0	100.0
216.66699299999163	82.0	100.0
216.6878075999848	82.0	100.0
216.70410799997626	82.0	100.0
216.72605379999732	82.0	100.0
216.74664829997346	82.0	100.0
216.7669850999955	82.0	100.0
216.7873274999729	82.0	100.0
216.80640769997262	82.0	100.0
216.82734099999652	82.0	100.0
216.8461907999881	82.0	100.0
216.86644059998798	82.0	100.0
216.88529849998304	82.0	100.0
216.90711779997218	82.0	100.0
216.92597259997274	82.0	100.0
216.94724109998788	82.0	100.0
216.96650260000024	82.0	100.0
216.98739809999825	82.0	100.0
217.0065754999814	82.0	100.0
217.02757320000092	82.0	100.0
217.04726729998947	82.0	100.0
217.06653389998246	82.0	100.0
217.08631639997475	82.0	100.0
217.10767869997653	82.0	100.0
217.12741769998684	82.0	100.0
217.14716889997362	82.0	100.0
217.16604219999863	82.0	100.0
217.18727629998466	82.0	100.0
217.2074364	82.0	100.0
217.22716389998095	82.0	100.0
217.24645449998206	82.0	100.0
217.26724659997853	82.0	100.0
217.28649819997372	82.0	100.0
217.30743719998281	82.0	100.0
217.32642169998144	82.0	100.0
217.34740979998605	82.0	100.0
217.36723809997784	82.0	100.0
217.38642889997573	82.0	100.0
217.4074413999915	82.0	100.0
217.4280551999982	82.0	100.0
217.44729399998323	82.0	100.0
217.46785129999625	82.0	100.0
217.48752339999191	82.0	100.0
217.5079260999919	82.0	100.0
217.52778439997928	82.0	100.0
217.54645359999267	82.0	100.0
217.56650209997315	82.0	100.0
217.58802070000092	82.0	100.0
217.6077418999921	82.0	100.0
217.62746249997872	82.0	100.0
217.64689619999263	82.0	100.0
217.66750919999322	82.0	100.0
217.6877753000008	82.0	100.0
217.7080403	82.0	100.0
217.72789149999153	82.0	100.0
217.74798569999984	82.0	100.0
217.76770639998722	82.0	100.0
217.7878024999809	82.0	100.0
217.8076263999974	82.0	100.0
217.82784729998093	82.0	100.0
217.8502067999798	82.0	100.0
217.8676640999911	82.0	100.0
217.88697889997275	82.0	100.0
217.90714939997997	82.0	100.0
217.9259770999779	82.0	100.0
217.94695339997998	82.0	100.0
217.967965799995	82.0	100.0
217.98706839999068	82.0	100.0
218.00623809997342	82.0	100.0
218.0260492999805	82.0	100.0
218.04606679998687	82.0	100.0
218.06682089998503	82.0	100.0
218.08799249998992	82.0	100.0
218.1089309999952	82.0	100.0
218.12627819998306	82.0	100.0
218.14785609999672	82.0	100.0
218.16781519999495	82.0	100.0
218.1875615999743	82.0	100.0
218.2074332999764	82.0	100.0
218.22796649998054	82.0	100.0
218.24739779997617	82.0	100.0
218.26770949998172	82.0	100.0
218.2880474999838	82.0	100.0
218.30762939999113	82.0	100.0
218.3275037999847	82.0	100.0
218.34722639998654	82.0	100.0
218.3674063999788	82.0	100.0
218.38799619997735	82.0	100.0
218.4074372999894	82.0	100.0
218.42734399999608	82.0	100.0
218.44646929998999	82.0	100.0
218.46714159997646	82.0	100.0
218.49336269998457	82.0	100.0
218.50801839999622	82.0	100.0
218.52754879998975	82.0	100.0
218.54725319999852	82.0	100.0
218.56758599999011	82.0	100.0
218.5896188999759	82.0	100.0
218.6081377999799	82.0	100.0
218.62956199998735	82.0	100.0
218.64822589998948	82.0	100.0
218.66731359998812	82.0	100.0
218.6881291999889	82.0	100.0
218.7081049999979	82.0	100.0
218.7267919999722	82.0	100.0
218.74794279999333	82.0	100.0
218.76783569998224	82.0	100.0
218.7872860999778	82.0	100.0
218.80752659999416	82.0	100.0
218.82714549999218	82.0	100.0
218.84760609999648	82.0	100.0
218.86795609997353	82.0	100.0
218.88692069999524	82.0	100.0
218.90780059999088	82.0	100.0
218.9274895999988	82.0	100.0
218.9486044999794	82.0	100.0
218.96891549997963	82.0	100.0
218.98787469998933	82.0	100.0
219.00666619997355	82.0	100.0
219.02774649998173	82.0	100.0
219.0492125999881	82.0	100.0
219.06796449999092	82.0	100.0
219.086519399978	82.0	100.0
219.10710109997308	82.0	100.0
219.12723939999705	82.0	100.0
219.14763099999982	82.0	100.0
219.16766229999484	82.0	100.0
219.18754469999112	82.0	100.0
219.20737189997453	82.0	100.0
219.227550599986	82.0	100.0
219.24714639998274	82.0	100.0
219.26722009998048	82.0	100.0
219.2874309999752	82.0	100.0
219.30741769997985	82.0	100.0
219.3271684999927	82.0	100.0
219.3472167	82.0	100.0
219.36750359999132	82.0	100.0
219.3878459999978	82.0	100.0
219.40834559997893	82.0	100.0
219.42617739998968	82.0	100.0
219.44745869998587	82.0	100.0
219.46745279998868	82.0	100.0
219.4864615999977	82.0	100.0
219.50812569999835	82.0	100.0
219.527866599994	82.0	100.0
219.54969269997673	82.0	100.0
219.5678726999904	82.0	100.0
219.5879539999878	82.0	100.0
219.60766419998254	82.0	100.0
219.62990659999195	82.0	100.0
219.64761960000033	82.0	100.0
219.6674742999894	82.0	100.0
219.6883335999737	82.0	100.0
219.70851329999277	82.0	100.0
219.7282635999727	82.0	100.0
219.74673519999487	82.0	100.0
219.76784190000035	82.0	100.0
219.78788779999013	82.0	100.0
219.8077983999974	82.0	100.0
219.82802349998383	82.0	100.0
219.8475012999843	82.0	100.0
219.86878259998048	82.0	100.0
219.88769299999694	82.0	100.0
219.90845729998546	82.0	100.0
219.9278344999766	82.0	100.0
219.9487498999806	82.0	100.0
219.96781360000023	82.0	100.0
219.9877862999856	82.0	100.0
220.0081834999728	82.0	100.0
220.0280430999992	82.0	100.0
220.0478847999766	82.0	100.0
220.0679166999762	82.0	100.0
220.0876887999766	82.0	100.0
220.10811169998487	82.0	100.0
220.12800359999528	82.0	100.0
220.14771419999306	82.0	100.0
220.16795019997517	82.0	100.0
220.18803509999998	82.0	100.0
220.20735199999763	82.0	100.0
220.22748789997422	82.0	100.0
220.24793209999916	82.0	100.0
220.26770869997563	82.0	100.0
220.2871675999777	82.0	100.0
220.30878759999177	82.0	100.0
220.32988029997796	82.0	100.0
220.34795109997503	82.0	100.0
220.3675874999899	82.0	100.0
220.3873600999941	82.0	100.0
220.41104899998754	82.0	100.0
220.42808809998678	82.0	100.0
220.4480603999982	82.0	100.0
220.46902599997702	82.0	100.0
220.48776189997443	82.0	100.0
220.50793829999748	82.0	100.0
220.528064299986	82.0	100.0
220.54783039999893	82.0	100.0
220.56741209997563	82.0	100.0
220.58873139999923	82.0	100.0
220.6082639999804	82.0	100.0
220.62810759997228	82.0	100.0
220.64756059998763	82.0	100.0
220.66795179998735	82.0	100.0
220.6882895999879	82.0	100.0
220.70849299998372	83.0	100.0
220.7276961999887	83.0	100.0
220.74787679998553	83.0	100.0
220.76776279998012	83.0	100.0
220.78771419997793	83.0	100.0
220.80794649999007	83.0	100.0
220.82818469998892	83.0	100.0
220.8483037999831	83.0	100.0
220.86818909997237	83.0	100.0
220.88786479999544	83.0	100.0
220.90818589998526	83.0	100.0
220.92777569999453	83.0	100.0
220.94798869997612	83.0	100.0
220.96884319998208	83.0	100.0
220.98786099997233	83.0	100.0
221.00802819998353	83.0	100.0
221.02908559999196	83.0	100.0
221.04797219997272	83.0	100.0
221.0674480999878	83.0	100.0
221.08875429999898	83.0	100.0
221.10875629997463	83.0	100.0
221.12785599997733	83.0	100.0
221.14912149999873	83.0	100.0
221.16880679997848	83.0	100.0
221.18764469999587	83.0	100.0
221.20702459997847	83.0	100.0
221.2266716999875	83.0	100.0
221.244821100001	83.0	100.0
221.26392139997915	83.0	100.0
221.28354469998158	83.0	100.0
221.30791989999125	83.0	100.0
221.32878719997825	83.0	100.0
221.3470096999954	83.0	100.0
221.3669437999779	83.0	100.0
221.38780029999907	83.0	100.0
221.40793319998193	83.0	100.0
221.4283213999879	83.0	100.0
221.44948139999178	83.0	100.0
221.46927689999575	83.0	100.0
221.4889699999767	83.0	100.0
221.50951869998244	83.0	100.0
221.5290934999939	83.0	100.0
221.54924899997422	83.0	100.0
221.56978719998733	83.0	100.0
221.58790169999702	83.0	100.0
221.608739599993	83.0	100.0
221.62891459997627	83.0	100.0
221.64872119997744	83.0	100.0
221.66807979997247	83.0	100.0
221.68965589997242	83.0	100.0
221.71055679998244	85.0	100.0
221.72883999999613	85.0	100.0
221.749362499977	85.0	100.0
221.76958059999743	85.0	100.0
221.7891170999792	85.0	100.0
221.80837579999934	85.0	100.0
221.8280618999852	85.0	100.0
221.8478044999938	85.0	100.0
221.870190799993	85.0	100.0
221.88893929999904	85.0	100.0
221.90929179999512	85.0	100.0
221.92891239997698	85.0	100.0
221.94877769998857	85.0	100.0
221.969743499998	85.0	100.0
221.99014049998368	85.0	100.0
222.01064779999433	85.0	100.0
222.02926909999223	85.0	100.0
222.04892559998552	85.0	100.0
222.07094269999652	85.0	100.0
222.08790169999702	85.0	100.0
222.10894969999208	85.0	100.0
222.12907969998196	85.0	100.0
222.14888159997645	85.0	100.0
222.1703422999999	85.0	100.0
222.18930969998473	85.0	100.0
222.20867949997773	85.0	100.0
222.2280741999857	85.0	100.0
222.24934599999688	85.0	100.0
222.269595699996	85.0	100.0
222.288026299997	85.0	100.0
222.3095926999813	85.0	100.0
222.32900139997946	85.0	100.0
222.34909869998228	85.0	100.0
222.3687082999968	85.0	100.0
222.38950229997863	85.0	100.0
222.40917449997505	85.0	100.0
222.4295774999773	85.0	100.0
222.44898879999528	85.0	100.0
222.47041579999495	85.0	100.0
222.49034469999606	85.0	100.0
222.50846929999534	85.0	100.0
222.52926649997244	85.0	100.0
222.5490968999802	85.0	100.0
222.56938749999972	85.0	100.0
222.58930909997434	85.0	100.0
222.6096564999898	85.0	100.0
222.63116849999642	85.0	100.0
222.6493887999968	85.0	100.0
222.6699427999847	85.0	100.0
222.69131909997668	85.0	100.0
222.71021419999306	85.0	100.0
222.7296446999826	85.0	100.0
222.74960269997246	85.0	100.0
222.76995899999747	85.0	100.0
222.78997289997642	85.0	100.0
222.80925809999462	85.0	100.0
222.82938589999685	85.0	100.0
222.84933859997545	85.0	100.0
222.8698546999949	85.0	100.0
222.88980269999593	85.0	100.0
222.90972689999035	85.0	100.0
222.9295725999982	85.0	100.0
222.94992229997297	85.0	100.0
222.96972839999944	85.0	100.0
222.9894382999919	85.0	100.0
223.01076799997827	85.0	100.0
223.02903099998366	85.0	100.0
223.04947329999413	85.0	100.0
223.06983089999994	85.0	100.0
223.08960489998572	85.0	100.0
223.11016809998546	85.0	100.0
223.12965349998558	85.0	100.0
223.14954449998913	85.0	100.0
223.16920249999384	85.0	100.0
223.1900005999778	85.0	100.0
223.2088497999939	85.0	100.0
223.228970999975	85.0	100.0
223.2492933999747	85.0	100.0
223.26924879997387	85.0	100.0
223.2887118999788	85.0	100.0
223.30936509999447	85.0	100.0
223.328907099989	85.0	100.0
223.34962009999435	85.0	100.0
223.36953299999004	85.0	100.0
223.3892291999946	85.0	100.0
223.41004469999461	85.0	100.0
223.43006699997932	85.0	100.0
223.45050919998903	85.0	100.0
223.47052729999996	85.0	100.0
223.489219399984	85.0	100.0
223.5100129999919	85.0	100.0
223.52878969997982	85.0	100.0
223.54928069998277	85.0	100.0
223.5703427999979	85.0	100.0
223.58953619998647	85.0	100.0
223.60949179998715	85.0	100.0
223.62972439997247	85.0	100.0
223.64998819999164	85.0	100.0
223.6700137000007	85.0	100.0
223.69006959997932	85.0	100.0
223.71057099997415	84.0	100.0
223.73037469998235	84.0	100.0
223.75003409999772	84.0	100.0
223.76956169999903	84.0	100.0
223.78989759998512	84.0	100.0
223.81150109998998	84.0	100.0
223.8299994999834	84.0	100.0
223.84979269999894	84.0	100.0
223.87009319997742	84.0	100.0
223.88995469998918	84.0	100.0
223.91043989997706	84.0	100.0
223.9300813000009	84.0	100.0
223.94974409998395	84.0	100.0
223.96975999997812	84.0	100.0
223.9898902999994	84.0	100.0
224.00998789997539	84.0	100.0
224.03043829998933	84.0	100.0
224.04990669997642	84.0	100.0
224.07063029997516	84.0	100.0
224.08969699998852	84.0	100.0
224.10961649997625	84.0	100.0
224.13029659999302	84.0	100.0
224.1496927999833	84.0	100.0
224.16957819997333	84.0	100.0
224.19079569997848	84.0	100.0
224.20920849998947	84.0	100.0
224.22972299999674	84.0	100.0
224.24922549998155	84.0	100.0
224.27078259998234	84.0	100.0
224.28998609998962	84.0	100.0
224.31008799999836	84.0	100.0
224.33000349998474	84.0	100.0
224.34995569998864	84.0	100.0
224.36975029998575	84.0	100.0
224.39022599998862	84.0	100.0
224.4098361999786	84.0	100.0
224.43017300000065	84.0	100.0
224.44984209997347	84.0	100.0
224.4702743999951	84.0	100.0
224.49072009997326	84.0	100.0
224.5104959999735	84.0	100.0
224.52965579999727	84.0	100.0
224.55016849999083	84.0	100.0
224.57004769999185	84.0	100.0
224.59008869997342	84.0	100.0
224.60981519997586	84.0	100.0
224.63058749999618	84.0	100.0
224.6506019999797	84.0	100.0
224.6705595999956	84.0	100.0
224.69140189999598	84.0	100.0
224.71043699997244	84.0	100.0
224.73029109998606	84.0	100.0
224.74989659999846	84.0	100.0
224.76968369999668	84.0	100.0
224.7898342999979	84.0	100.0
224.80969299998833	84.0	100.0
224.8296620999754	84.0	100.0
224.8497433999728	84.0	100.0
224.8698300999822	84.0	100.0
224.88960229998338	84.0	100.0
224.9098441999813	84.0	100.0
224.9310690999846	84.0	100.0
224.94996289999108	84.0	100.0
224.9701126999862	84.0	100.0
224.98973459997796	84.0	100.0
225.0103603999887	84.0	100.0
225.03090489999158	84.0	100.0
225.05112969997572	84.0	100.0
225.0705230999738	84.0	100.0
225.0903655999864	84.0	100.0
225.1104815999861	84.0	100.0
225.12948039997718	84.0	100.0
225.15023749999818	84.0	100.0
225.17071119998582	84.0	100.0
225.1906336999964	84.0	100.0
225.209879299975	84.0	100.0
225.229717899987	84.0	100.0
225.24990289998823	84.0	100.0
225.27091219997965	84.0	100.0
225.29029749997426	84.0	100.0
225.31659609999042	84.0	100.0
225.33121019997634	84.0	100.0
225.3505497999722	84.0	100.0
225.36957459998666	84.0	100.0
225.38976269998238	84.0	100.0
225.41043609997723	84.0	100.0
225.43056789998082	84.0	100.0
225.45062649998	84.0	100.0
225.47122899998794	84.0	100.0
225.4903176999942	84.0	100.0
225.51155619998462	84.0	100.0
225.52982949998113	84.0	100.0
225.55213169998024	84.0	100.0
225.5697039999941	84.0	100.0
225.5914320999873	84.0	100.0
225.6106988999818	84.0	100.0
225.63325289997738	84.0	100.0
225.65059649999603	84.0	100.0
225.6712770999875	84.0	100.0
225.69156259999727	84.0	100.0
225.71197340000072	83.0	100.0
225.7310821999854	83.0	100.0
225.7506269000005	83.0	100.0
225.7714496999979	83.0	100.0
225.79090369999176	83.0	100.0
225.81073629998718	83.0	100.0
225.8314583999745	83.0	100.0
225.85049349998008	83.0	100.0
225.8711583999975	83.0	100.0
225.89128019998316	83.0	100.0
225.91082719998667	83.0	100.0
225.9305870999815	83.0	100.0
225.9511454999738	83.0	100.0
225.97093529999256	83.0	100.0
225.9906040999922	83.0	100.0
226.01127469999483	83.0	100.0
226.03146769999876	83.0	100.0
226.05099929997232	83.0	100.0
226.07200989997364	83.0	100.0
226.09084309998434	83.0	100.0
226.11110849998659	83.0	100.0
226.1315718999831	83.0	100.0
226.15138139997725	83.0	100.0
226.17146969999885	83.0	100.0
226.1913241999864	83.0	100.0
226.21055479999632	83.0	100.0
226.23119789999328	83.0	100.0
226.25218019998283	83.0	100.0
226.2714998999727	83.0	100.0
226.29002489999402	83.0	100.0
226.31051279997337	83.0	100.0
226.33040139998775	83.0	100.0
226.35163989997818	83.0	100.0
226.37176839998574	83.0	100.0
226.39122269998188	83.0	100.0
226.41102419997333	83.0	100.0
226.4314211999881	83.0	100.0
226.45123539998895	83.0	100.0
226.4738129999896	83.0	100.0
226.491389599978	83.0	100.0
226.51045159998466	83.0	100.0
226.53247059998102	83.0	100.0
226.5504906999995	83.0	100.0
226.57189319998724	83.0	100.0
226.59158139998908	83.0	100.0
226.61147959998925	83.0	100.0
226.63170709999395	83.0	100.0
226.65089069999522	83.0	100.0
226.67191669999738	83.0	100.0
226.6924796999956	83.0	100.0
226.7153849999886	82.0	100.0
226.73184769999352	82.0	100.0
226.75162070000079	82.0	100.0
226.7704675999994	82.0	100.0
226.79089369997382	82.0	100.0
226.8115524999739	82.0	100.0
226.83225979999406	82.0	100.0
226.85127909999574	82.0	100.0
226.87030549999326	82.0	100.0
226.88930489998893	82.0	100.0
226.91350669998792	82.0	100.0
226.92967009998392	82.0	100.0
226.95034689997556	82.0	100.0
226.97131509997416	82.0	100.0
226.992943499994	82.0	100.0
227.01347569999052	82.0	100.0
227.0331612000009	82.0	100.0
227.05183049998595	82.0	100.0
227.07179209997412	82.0	100.0
227.09208449997823	82.0	100.0
227.11282509999	82.0	100.0
227.1310073999921	82.0	100.0
227.1526919999742	82.0	100.0
227.1718775999907	82.0	100.0
227.1920928999898	82.0	100.0
227.21190419999766	82.0	100.0
227.23186539998278	82.0	100.0
227.2517248999793	82.0	100.0
227.27303779998329	82.0	100.0
227.29293779999716	82.0	100.0
227.31173069999204	82.0	100.0
227.3314997999987	82.0	100.0
227.35265059999074	82.0	100.0
227.3718049999734	82.0	100.0
227.39264879998518	82.0	100.0
227.41153589999885	82.0	100.0
227.43185629998334	82.0	100.0
227.45316569998977	82.0	100.0
227.47179759998107	82.0	100.0
227.49154389998876	82.0	100.0
227.51185029998305	82.0	100.0
227.5318473999796	82.0	100.0
227.5515405999904	82.0	100.0
227.57312839999213	82.0	100.0
227.59181209999952	82.0	100.0
227.62166039997828	82.0	100.0
227.6319987999741	82.0	100.0
227.6518725999922	82.0	100.0
227.6726705999754	82.0	100.0
227.69406089998665	82.0	100.0
227.7142610999872	84.0	100.0
227.7336088999873	84.0	100.0
227.75248939997982	84.0	100.0
227.7719068999868	84.0	100.0
227.7916799999948	84.0	100.0
227.8116893999977	84.0	100.0
227.8316909999994	84.0	100.0
227.8517872999946	84.0	100.0
227.87312429997837	84.0	100.0
227.89158249998582	84.0	100.0
227.91302869998617	84.0	100.0
227.93208829997457	84.0	100.0
227.95276219997322	84.0	100.0
227.97210649997578	84.0	100.0
227.9929978	84.0	100.0
228.01174729998456	84.0	100.0
228.03158650000114	84.0	100.0
228.05157719997806	84.0	100.0
228.07467289999477	84.0	100.0
228.09255589998793	84.0	100.0
228.11270369999693	84.0	100.0
228.13309069999377	84.0	100.0
228.1523483999772	84.0	100.0
228.17178119998425	84.0	100.0
228.1918874999974	84.0	100.0
228.21190379999462	84.0	100.0
228.2334554999834	84.0	100.0
228.2518661999784	84.0	100.0
228.2718853999977	84.0	100.0
228.293010399997	84.0	100.0
228.312904099992	84.0	100.0
228.3319939999783	84.0	100.0
228.3543517999933	84.0	100.0
228.37290089999442	84.0	100.0
228.39354489999823	84.0	100.0
228.4124777999823	84.0	100.0
228.4322224999778	84.0	100.0
228.45032819997869	84.0	100.0
228.47064200000023	84.0	100.0
228.48923899998772	84.0	100.0
228.51103739999235	84.0	100.0
228.530864499975	84.0	100.0
228.5508528999926	84.0	100.0
228.57202169997618	84.0	100.0
228.59339929997805	84.0	100.0
228.61308519999147	84.0	100.0
228.63433359999908	84.0	100.0
228.65295309998328	84.0	100.0
228.673232799978	84.0	100.0
228.69377839998924	84.0	100.0
228.70834329997888	85.0	100.0
228.732680599991	85.0	100.0
228.7529302999901	85.0	100.0
228.77333869997528	85.0	100.0
228.79291769998963	85.0	100.0
228.81292259998736	85.0	100.0
228.83353539998643	85.0	100.0
228.85279799997807	85.0	100.0
228.8733552999911	85.0	100.0
228.8926569999894	85.0	100.0
228.9213106999814	85.0	100.0
228.93304489998263	85.0	100.0
228.95364809999592	85.0	100.0
228.97311539997463	85.0	100.0
228.99325469997711	85.0	100.0
229.01302569999825	85.0	100.0
229.03377189999446	85.0	100.0
229.05303209999693	85.0	100.0
229.0738205999951	85.0	100.0
229.0927372999722	85.0	100.0
229.11291169998003	85.0	100.0
229.13339579998865	85.0	100.0
229.15315879997797	85.0	100.0
229.17324219999136	85.0	100.0
229.19322259997716	85.0	100.0
229.21324339997955	85.0	100.0
229.23261389997788	85.0	100.0
229.25264529997366	85.0	100.0
229.2738537999976	85.0	100.0
229.29263199999696	85.0	100.0
229.31314119999297	85.0	100.0
229.33237729998655	85.0	100.0
229.3528291999828	85.0	100.0
229.37360989997978	85.0	100.0
229.39336139999796	85.0	100.0
229.41306489999988	85.0	100.0
229.4333864999935	85.0	100.0
229.45310629997402	85.0	100.0
229.47316269998555	85.0	100.0
229.49297339998884	85.0	100.0
229.51258219999727	85.0	100.0
229.53268839998054	85.0	100.0
229.5538047000009	85.0	100.0
229.5730704999878	85.0	100.0
229.59293489999254	85.0	100.0
229.6127588999807	85.0	100.0
229.63369669998065	85.0	100.0
229.65290559999994	85.0	100.0
229.67323879999458	85.0	100.0
229.69387129999814	85.0	100.0
229.71359579998534	85.0	100.0
229.73391689997516	85.0	100.0
229.75403439998627	85.0	100.0
229.7738338999916	85.0	100.0
229.7939394999994	85.0	100.0
229.8135490999848	85.0	100.0
229.83354929997586	85.0	100.0
229.85386959998868	85.0	100.0
229.8737777999777	85.0	100.0
229.89333919997443	85.0	100.0
229.91397329999018	85.0	100.0
229.9337680999888	85.0	100.0
229.9564467999735	85.0	100.0
229.97447709998232	85.0	100.0
229.99390149998362	85.0	100.0
230.01392679999117	85.0	100.0
230.03392509999685	85.0	100.0
230.05381099999067	85.0	100.0
230.07392009999603	85.0	100.0
230.09403139998903	85.0	100.0
230.1138255999831	85.0	100.0
230.1336468999798	85.0	100.0
230.15384299997822	85.0	100.0
230.17355499998666	85.0	100.0
230.1939735999913	85.0	100.0
230.21394089999376	85.0	100.0
230.23511539999163	85.0	100.0
230.25416659997427	85.0	100.0
230.2742997999885	85.0	100.0
230.2939598999801	85.0	100.0
230.31383479997749	85.0	100.0
230.33410499998718	85.0	100.0
230.35377679998055	85.0	100.0
230.37432129998342	85.0	100.0
230.3939700999763	85.0	100.0
230.4140117999923	85.0	100.0
230.43399669998325	85.0	100.0
230.4537135999999	85.0	100.0
230.4743738999823	85.0	100.0
230.4938751999871	85.0	100.0
230.5141949999961	85.0	100.0
230.53433819999918	85.0	100.0
230.5542641999782	85.0	100.0
230.57414620000054	85.0	100.0
230.5942164999724	85.0	100.0
230.61419499997282	85.0	100.0
230.63418289998663	85.0	100.0
230.6537012999761	85.0	100.0
230.6741240999836	85.0	100.0
230.69427529998939	85.0	100.0
230.71427769999718	85.0	100.0
230.73431999998866	85.0	100.0
230.75397989997873	85.0	100.0
230.77458869997645	85.0	100.0
230.79375299997628	85.0	100.0
230.81409770000027	85.0	100.0
230.83349889999954	85.0	100.0
230.8532749999722	85.0	100.0
230.8742568999878	85.0	100.0
230.89349749998655	85.0	100.0
230.91367719997652	85.0	100.0
230.93354129997897	85.0	100.0
230.95345919998363	85.0	100.0
230.97376079999958	85.0	100.0
230.9940194999799	85.0	100.0
231.01327539997874	85.0	100.0
231.03385469998466	85.0	100.0
231.05365319998236	85.0	100.0
231.07516689997283	85.0	100.0
231.09359519998543	85.0	100.0
231.1157623999752	85.0	100.0
231.1366472999798	85.0	100.0
231.15792559998226	85.0	100.0
231.17388729998493	85.0	100.0
231.1878569999826	85.0	100.0
231.206623999984	85.0	100.0
231.22774499998195	85.0	100.0
231.24744619999547	85.0	100.0
231.2694608999882	85.0	100.0
231.28980079997564	85.0	100.0
231.31143769997288	85.0	100.0
231.33388019999256	85.0	100.0
231.3543859999918	85.0	100.0
231.37491609997232	85.0	100.0
231.3944059999776	85.0	100.0
231.41428149997955	85.0	100.0
231.4356412999914	85.0	100.0
231.45595009997487	85.0	100.0
231.47531819998403	85.0	100.0
231.49399049999192	85.0	100.0
231.51436839997768	85.0	100.0
231.53406629999517	85.0	100.0
231.55478859998402	85.0	100.0
231.57479089999106	85.0	100.0
231.59434729997884	85.0	100.0
231.61414399999194	85.0	100.0
231.63668809999945	85.0	100.0
231.65467519999947	85.0	100.0
231.67480719997548	85.0	100.0
231.69625439998345	85.0	100.0
231.71583889998146	84.0	100.0
231.73591019999003	84.0	100.0
231.755594199989	84.0	100.0
231.7758609999728	84.0	100.0
231.7957820999727	84.0	100.0
231.81560269999318	84.0	100.0
231.83578649998526	84.0	100.0
231.85895959998015	84.0	100.0
231.87567259999923	84.0	100.0
231.89553569999407	84.0	100.0
231.9159627999761	84.0	100.0
231.9354029999813	84.0	100.0
231.95548479998251	84.0	100.0
231.97477529998287	84.0	100.0
231.99477829999523	84.0	100.0
232.0135882999748	84.0	100.0
232.03513769997517	84.0	100.0
232.05415419998462	84.0	100.0
232.07615509998868	84.0	100.0
232.09478989997297	84.0	100.0
232.11544139997568	84.0	100.0
232.13512639998225	84.0	100.0
232.1554608999868	84.0	100.0
232.17557500000112	84.0	100.0
232.19553219998488	84.0	100.0
232.21327399997972	84.0	100.0
232.23449369997252	84.0	100.0
232.25309079998988	84.0	100.0
232.27069249999477	84.0	100.0
232.28983259998495	84.0	100.0
232.31209189997753	84.0	100.0
232.33307949997834	84.0	100.0
232.3535052999796	84.0	100.0
232.37496749998536	84.0	100.0
232.39407260000007	84.0	100.0
232.41534609999508	84.0	100.0
232.43562949998886	84.0	100.0
232.45365309997578	84.0	100.0
232.4761963999772	84.0	100.0
232.49552849997417	84.0	100.0
232.51553619999322	84.0	100.0
232.53577399998903	84.0	100.0
232.55730869999388	84.0	100.0
232.57634979998693	84.0	100.0
232.59690679999767	84.0	100.0
232.61773379999795	84.0	100.0
232.6367326999898	84.0	100.0
232.65581399999792	84.0	100.0
232.67558709997684	84.0	100.0
232.69681249998393	84.0	100.0
232.71774989998084	82.0	100.0
232.73690779999015	82.0	100.0
232.75692279997747	82.0	100.0
232.7768870999862	82.0	100.0
232.79711599997245	82.0	100.0
232.81593649997376	82.0	100.0
232.83612899997388	82.0	100.0
232.85696869998355	82.0	100.0
232.8775028999953	82.0	100.0
232.89579959999537	82.0	100.0
232.91625539999222	82.0	100.0
232.9356805999996	82.0	100.0
232.95607349998318	82.0	100.0
232.97622859998955	82.0	100.0
232.99611479998566	82.0	100.0
233.01581149999402	82.0	100.0
233.03624749998562	82.0	100.0
233.05721749999793	82.0	100.0
233.07716269997763	82.0	100.0
233.09694119999767	82.0	100.0
233.11711179997656	82.0	100.0
233.13691649999237	82.0	100.0
233.1565697999904	82.0	100.0
233.17687919997843	82.0	100.0
233.1961897999863	82.0	100.0
233.21612149997964	82.0	100.0
233.2348740999878	82.0	100.0
233.25650869999663	82.0	100.0
233.27823279998847	82.0	100.0
233.29770709999138	82.0	100.0
233.31717689998914	82.0	100.0
233.33744669999578	82.0	100.0
233.35731479999959	82.0	100.0
233.3767551999772	82.0	100.0
233.39633629997843	82.0	100.0
233.41556039999705	82.0	100.0
233.43692729997565	82.0	100.0
233.45871339997393	82.0	100.0
233.47696239998913	82.0	100.0
233.4966996999865	82.0	100.0
233.5165796999936	82.0	100.0
233.5365685999859	82.0	100.0
233.55670849999296	82.0	100.0
233.57717459998094	82.0	100.0
233.59748039999977	82.0	100.0
233.61708779999753	82.0	100.0
233.63739199997508	82.0	100.0
233.65700119998655	82.0	100.0
233.6769154999929	82.0	100.0
233.69818529998884	82.0	100.0
233.7172128999955	81.0	100.0
233.73747379999259	81.0	100.0
233.75780379999196	81.0	100.0
233.77767169999424	81.0	100.0
233.79739490000065	81.0	100.0
233.8174576999736	81.0	100.0
233.83736939998926	81.0	100.0
233.8567871999985	81.0	100.0
233.8782102999976	81.0	100.0
233.89727950000088	81.0	100.0
233.91769919998478	81.0	100.0
233.93758179998258	81.0	100.0
233.95763109999825	81.0	100.0
233.97736879999866	81.0	100.0
233.99757169999066	81.0	100.0
234.0174225999799	81.0	100.0
234.03748999998788	81.0	100.0
234.05717580000055	81.0	100.0
234.07809529997758	81.0	100.0
234.0978044999938	81.0	100.0
234.1181488999864	81.0	100.0
234.1368796999741	81.0	100.0
234.15723129999242	81.0	100.0
234.17772439998225	81.0	100.0
234.19670489997952	81.0	100.0
234.21818119997624	81.0	100.0
234.2372972999874	81.0	100.0
234.26918939998723	81.0	100.0
234.27111469997908	81.0	100.0
234.28983639998478	81.0	100.0
234.31069429998752	81.0	100.0
234.33601339999586	81.0	100.0
234.35869860000093	81.0	100.0
234.37752119998913	81.0	100.0
234.39529049998964	81.0	100.0
234.41844239999773	81.0	100.0
234.4375201999792	81.0	100.0
234.45772039997973	81.0	100.0
234.47872139999527	81.0	100.0
234.4973604999832	81.0	100.0
234.5172083999787	81.0	100.0
234.53718329998082	81.0	100.0
234.55729459997383	81.0	100.0
234.57801519997884	81.0	100.0
234.59817779998411	81.0	100.0
234.61793299997225	81.0	100.0
234.63984059999348	81.0	100.0
234.6588294999965	81.0	100.0
234.67848889998277	81.0	100.0
234.69890899999882	81.0	100.0
234.71939029998612	81.0	100.0
234.73752099997364	81.0	100.0
234.7571684999857	81.0	100.0
234.77813839999726	81.0	100.0
234.7978345999727	81.0	100.0
234.81861949997256	81.0	100.0
234.83813910000026	81.0	100.0
234.85725279999315	81.0	100.0
234.87842279998586	81.0	100.0
234.89799989998573	81.0	100.0
234.91800589999184	81.0	100.0
234.9371320999926	81.0	100.0
234.9577926999773	81.0	100.0
234.97793049999746	81.0	100.0
234.99909709999338	81.0	100.0
235.01743049998186	81.0	100.0
235.03853249998065	81.0	100.0
235.05767409998225	81.0	100.0
235.07837549998658	81.0	100.0
235.0979736999725	81.0	100.0
235.11812879997888	81.0	100.0
235.13783189997775	81.0	100.0
235.15801279997686	81.0	100.0
235.17833369999425	81.0	100.0
235.19809890000033	81.0	100.0
235.2178878999839	81.0	100.0
235.2378985999967	81.0	100.0
235.25806029999512	81.0	100.0
235.28021159998025	81.0	100.0
235.29752589997952	81.0	100.0
235.31750229999307	81.0	100.0
235.33792699998594	81.0	100.0
235.35850189998746	81.0	100.0
235.3781566999969	81.0	100.0
235.39845959999366	81.0	100.0
235.4180416999734	81.0	100.0
235.4388952999725	81.0	100.0
235.45775589998811	81.0	100.0
235.4786594999896	81.0	100.0
235.49870699999155	81.0	100.0
235.51930299997912	81.0	100.0
235.5387180999969	81.0	100.0
235.55830999999307	81.0	100.0
235.57909539999673	81.0	100.0
235.59875989999273	81.0	100.0
235.61836100000073	81.0	100.0
235.63763779998408	81.0	100.0
235.65780319998157	81.0	100.0
235.67787309997948	81.0	100.0
235.6997793999908	81.0	100.0
235.71952969999984	80.0	100.0
235.73914579997654	80.0	100.0
235.75903799998923	80.0	100.0
235.77845429998706	80.0	100.0
235.79993709997507	80.0	100.0
235.81783979997272	80.0	100.0
235.83859139998094	80.0	100.0
235.85808529998758	80.0	100.0
235.87888459998067	80.0	100.0
235.8978348999808	80.0	100.0
235.91913849997218	80.0	100.0
235.93781089998083	80.0	100.0
235.9583222999936	80.0	100.0
235.97805239999434	80.0	100.0
235.99796549999155	80.0	100.0
236.0179441999935	80.0	100.0
236.03929319998133	80.0	100.0
236.05813699998544	80.0	100.0
236.0801903999818	80.0	100.0
236.09928450000007	80.0	100.0
236.11751149999327	80.0	100.0
236.13914989997284	80.0	100.0
236.15818389999913	80.0	100.0
236.17836809999426	80.0	100.0
236.20153609997942	80.0	100.0
236.21892769998522	80.0	100.0
236.23737769998843	80.0	100.0
236.25782319999416	80.0	100.0
236.27956349999295	80.0	100.0
236.30013319998397	80.0	100.0
236.31908190000104	80.0	100.0
236.33894899999723	80.0	100.0
236.36049110000022	80.0	100.0
236.37960599997314	80.0	100.0
236.3998609999835	80.0	100.0
236.4191210999852	80.0	100.0
236.43951619998552	80.0	100.0
236.45925479999278	80.0	100.0
236.47958659997676	80.0	100.0
236.49989359997562	80.0	100.0
236.5199811999919	80.0	100.0
236.53955419998965	80.0	100.0
236.55881639997824	80.0	100.0
236.5797766999749	80.0	100.0
236.59942119999323	80.0	100.0
236.61840619999566	80.0	100.0
236.63817959997687	80.0	100.0
236.65918099999544	80.0	100.0
236.67941179999616	80.0	100.0
236.70019889998366	80.0	100.0
236.72022129999823	79.0	100.0
236.73919519997435	79.0	100.0
236.7593195999798	79.0	100.0
236.7786295999831	79.0	100.0
236.79940279998118	79.0	100.0
236.81897759999265	79.0	100.0
236.8387042999966	79.0	100.0
236.859536199976	79.0	100.0
236.87963669997407	79.0	100.0
236.90119779997622	79.0	100.0
236.92028009999194	79.0	100.0
236.9398331999837	79.0	100.0
236.9595698999765	79.0	100.0
236.98007529997267	79.0	100.0
236.99957019998692	79.0	100.0
237.02100019998034	79.0	100.0
237.0401837999816	79.0	100.0
237.06074729998363	79.0	100.0
237.0808754999889	79.0	100.0
237.0982665999909	79.0	100.0
237.11929439997766	79.0	100.0
237.13852939999197	79.0	100.0
237.16038950000075	79.0	100.0
237.17989199998556	79.0	100.0
237.19980919998488	79.0	100.0
237.21969519997947	79.0	100.0
237.23989759999677	79.0	100.0
237.2598369999905	79.0	100.0
237.2783659999841	79.0	100.0
237.29856819999986	79.0	100.0
237.3284680999932	79.0	100.0
237.34130469997763	79.0	100.0
237.35692759999074	79.0	100.0
237.37624129999313	79.0	100.0
237.3953588999866	79.0	100.0
237.41592390000005	79.0	100.0
237.43800119997468	79.0	100.0
237.45774849998998	79.0	100.0
237.47760759998346	79.0	100.0
237.49896659998922	79.0	100.0
237.51963699999033	79.0	100.0
237.5397563999868	79.0	100.0
237.55907659998047	79.0	100.0
237.57864819999668	79.0	100.0
237.60148509999271	79.0	100.0
237.62109149998287	79.0	100.0
237.6423941999965	79.0	100.0
237.66111309998087	79.0	100.0
237.68123039999045	79.0	100.0
237.701988899993	79.0	100.0
237.72185769997304	78.0	100.0
237.74134269999922	78.0	100.0
237.76154529998894	78.0	100.0
237.78587789999438	78.0	100.0
237.80116069997894	78.0	100.0
237.8213054999942	78.0	100.0
237.8416123999923	78.0	100.0
237.86126099998364	78.0	100.0
237.8815343999886	78.0	100.0
237.9015988999745	78.0	100.0
237.92014349999954	78.0	100.0
237.9425751999952	78.0	100.0
237.96133269998245	78.0	100.0
237.9817460999766	78.0	100.0
238.00225389999105	78.0	100.0
238.02074809998157	78.0	100.0
238.04085619997932	78.0	100.0
238.06129519999376	78.0	100.0
238.08374499998172	78.0	100.0
238.10049649997381	78.0	100.0
238.12063339998713	78.0	100.0
238.14506519999122	78.0	100.0
238.16108339998755	78.0	100.0
238.18104079997283	78.0	100.0
238.20104939999874	78.0	100.0
238.22115299999132	78.0	100.0
238.2411380999838	78.0	100.0
238.2612017999927	78.0	100.0
238.28133189998334	78.0	100.0
238.30058029998327	78.0	100.0
238.3212917999772	78.0	100.0
238.34070619998965	78.0	100.0
238.3613135999767	78.0	100.0
238.38109499998973	78.0	100.0
238.4010883999872	78.0	100.0
238.42036879999796	78.0	100.0
238.44132099999115	78.0	100.0
238.46128849999513	78.0	100.0
238.48216849999153	78.0	100.0
238.50204319998738	78.0	100.0
238.5215707999887	78.0	100.0
238.54165239998838	78.0	100.0
238.56187989999307	78.0	100.0
238.58184809997329	78.0	100.0
238.6021867999807	78.0	100.0
238.6219596999872	78.0	100.0
238.64193949999753	78.0	100.0
238.66184059999068	78.0	100.0
238.6816529999778	78.0	100.0
238.70187439999427	78.0	100.0
238.72210789998644	79.0	100.0
238.74211319998722	79.0	100.0
238.76201619999483	79.0	100.0
238.77727869999944	79.0	100.0
238.80038089997834	79.0	100.0
238.82101200000034	79.0	100.0
238.8419611999998	79.0	100.0
238.86656869997387	79.0	100.0
238.88167919998523	79.0	100.0
238.9019680999918	79.0	100.0
238.92135129999951	79.0	100.0
238.9417898999818	79.0	100.0
238.96378229997936	79.0	100.0
238.9821747999813	79.0	100.0
239.00192939999397	79.0	100.0
239.02124779997393	79.0	100.0
239.04177250000066	79.0	100.0
239.06226079998305	79.0	100.0
239.08271209997474	79.0	100.0
239.10182829998666	79.0	100.0
239.12177429997246	79.0	100.0
239.14216819999274	79.0	100.0
239.16169599999557	79.0	100.0
239.18116799998097	79.0	100.0
239.20169209997403	79.0	100.0
239.22178699998767	79.0	100.0
239.24167719998513	79.0	100.0
239.26168859997415	79.0	100.0
239.2824708999833	79.0	100.0
239.30166329999338	79.0	100.0
239.3222081999993	79.0	100.0
239.34174189998885	79.0	100.0
239.36165629999596	79.0	100.0
239.38223209997523	79.0	100.0
239.40203759999713	79.0	100.0
239.42211879999377	79.0	100.0
239.44211429997813	79.0	100.0
239.46217089999118	79.0	100.0
239.48330649998388	79.0	100.0
239.50208629999543	79.0	100.0
239.52201739998418	79.0	100.0
239.54206979999435	79.0	100.0
239.56448149998323	79.0	100.0
239.5826516999805	79.0	100.0
239.60273099999176	79.0	100.0
239.6223045999941	79.0	100.0
239.64228789997287	79.0	100.0
239.6620441999985	79.0	100.0
239.68351699999766	79.0	100.0
239.7033513999777	79.0	100.0
239.72352099997806	79.0	100.0
239.7420223999943	79.0	100.0
239.76203349998104	79.0	100.0
239.78292589998455	79.0	100.0
239.8040020999906	79.0	100.0
239.8219411999744	79.0	100.0
239.84159599998384	79.0	100.0
239.98637119997875	79.0	100.0
239.9863906999817	79.0	100.0
239.98639959999127	79.0	100.0
239.98640749999322	79.0	100.0
239.98641829998815	79.0	100.0
239.98642629999085	79.0	100.0
239.98643349998747	79.0	100.0
240.00460449999082	79.0	100.0
240.02258749998873	79.0	100.0
240.1314525999769	79.0	100.0
240.1314882999868	79.0	100.0
240.13152209998225	79.0	100.0
240.1315529999847	79.0	100.0
240.13157049997244	79.0	100.0
240.14246899998398	79.0	100.0
240.16163319998304	79.0	100.0
240.18188079999527	79.0	100.0
240.2910942999879	79.0	100.0
240.29431269998895	79.0	100.0
240.29435899999226	79.0	100.0
240.2943836999766	79.0	100.0
240.29440609997255	79.0	100.0
240.30324049998308	79.0	100.0
240.32359449999058	79.0	100.0
240.43712389998836	79.0	100.0
240.437142699986	79.0	100.0
240.43715309997788	79.0	100.0
240.43716189998668	79.0	100.0
240.43716979998862	79.0	100.0
240.4443662999838	79.0	100.0
240.4620973999845	79.0	100.0
240.48397159998422	79.0	100.0
240.59789069998078	79.0	100.0
240.59791179999593	79.0	100.0
240.59792019997258	79.0	100.0
240.59792829997605	79.0	100.0
240.59793609997723	79.0	100.0
240.60489989997586	79.0	100.0
240.623059799982	79.0	100.0
240.64600009997957	79.0	100.0
240.7421540999785	79.0	100.0
240.74220209999476	79.0	100.0
240.7422267999791	79.0	100.0
240.7422495999781	79.0	100.0
240.74428220000118	79.0	100.0
240.76380309998058	79.0	100.0
240.78378800000064	79.0	100.0
240.8035001999815	79.0	100.0
240.90478669997538	79.0	100.0
240.90480659998138	79.0	100.0
240.90481919999002	79.0	100.0
240.90482739999425	79.0	100.0
240.90483569999924	79.0	100.0
240.92195479999646	79.0	100.0
240.94237089998205	79.0	100.0
241.04902879998554	79.0	100.0
241.04905359999975	79.0	100.0
241.0490624999802	79.0	100.0
241.04907009997987	79.0	100.0
241.0490777999803	79.0	100.0
241.06343699997524	79.0	100.0
241.08391599997412	79.0	100.0
241.10387569997692	79.0	100.0
241.2076337999897	79.0	100.0
241.20768149997457	79.0	100.0
241.20770579998498	79.0	100.0
241.20772839998244	79.0	100.0
241.20775059997686	79.0	100.0
241.22205199999735	79.0	100.0
241.24195009999676	79.0	100.0
241.43532069999492	79.0	100.0
241.43534060000093	79.0	100.0
241.43534939998062	79.0	100.0
241.43535739998333	79.0	100.0
241.4353675999737	79.0	100.0
241.43537549997563	79.0	100.0
241.4353830999753	79.0	100.0
241.435391099978	79.0	100.0
241.43539879997843	79.0	100.0
241.44344849998015	79.0	100.0
241.46328689999063	79.0	100.0
241.48395529997651	79.0	100.0
241.50334079997265	79.0	100.0
241.5232369999867	79.0	100.0
241.6646280999994	79.0	100.0
241.66464779997477	79.0	100.0
241.66465709998738	79.0	100.0
241.66466489998857	79.0	100.0
241.66467239998747	79.0	100.0
241.6646797999856	79.0	100.0
241.66468709998298	79.0	100.0
241.68588829998043	79.0	100.0
241.70442729999195	79.0	100.0
241.72415029999684	78.0	100.0
241.86908929998754	78.0	100.0
241.8691079999844	78.0	100.0
241.86911639999016	78.0	100.0
241.86912469999515	78.0	100.0
241.86913239999558	78.0	100.0
241.8691395999922	78.0	100.0
241.86914669998805	78.0	100.0
241.8841526999895	78.0	100.0
241.90323079997324	78.0	100.0
241.92349759998615	78.0	100.0
242.07404529998894	78.0	100.0
242.07409339997685	78.0	100.0
242.07411769998726	78.0	100.0
242.07414099999005	78.0	100.0
242.07416269998066	78.0	100.0
242.0741850999766	78.0	100.0
242.07420689999708	78.0	100.0
242.08507959998678	78.0	100.0
242.10372839999036	78.0	100.0
242.1241006999917	78.0	100.0
242.2211408999865	78.0	100.0
242.22116299998015	78.0	100.0
242.2211716999882	78.0	100.0
242.22117999999318	78.0	100.0
242.22343329997966	78.0	100.0
242.2471182999725	78.0	100.0
242.26408719999017	78.0	100.0
242.45140699998592	78.0	100.0
242.45145059999777	78.0	100.0
242.4514688999916	78.0	100.0
242.45148629997857	78.0	100.0
242.45150269998703	78.0	100.0
242.4515195999993	78.0	100.0
242.4515358999779	78.0	100.0
242.45155239998712	78.0	100.0
242.4515684999933	78.0	100.0
242.46409209998092	78.0	100.0
242.4848155999789	78.0	100.0
242.50388720000046	78.0	100.0
242.52372579998337	78.0	100.0
242.54386349997367	78.0	100.0
242.68836059997557	78.0	100.0
242.68838039998082	78.0	100.0
242.68838859998505	78.0	100.0
242.68839639998623	78.0	100.0
242.6884044999897	78.0	100.0
242.6884119999886	78.0	100.0
242.68841929998598	78.0	100.0
242.7010592999868	78.0	100.0
242.72012299997732	76.0	100.0
242.73948029999156	76.0	100.0
242.89346049999585	76.0	100.0
242.89348069997504	76.0	100.0
242.8934931999829	76.0	100.0
242.89350119998562	76.0	100.0
242.89350919998833	76.0	100.0
242.89351689998875	76.0	100.0
242.89352449998842	76.0	100.0
242.90417699998943	76.0	100.0
242.92410169998766	76.0	100.0
242.94484019998345	76.0	100.0
243.09778059998644	76.0	100.0
243.09782819999964	76.0	100.0
243.09785249998095	76.0	100.0
243.09787519997917	76.0	100.0
243.09789749997435	76.0	100.0
243.0979193999956	76.0	100.0
243.09794129998772	76.0	100.0
243.10382899999968	76.0	100.0
243.12503609998384	76.0	100.0
243.14496389997657	76.0	100.0
243.3027063999907	76.0	100.0
243.30272769997828	76.0	100.0
243.30273629998555	76.0	100.0
243.3027441999875	76.0	100.0
243.3027516999864	76.0	100.0
243.30275899998378	76.0	100.0
243.30489849997684	76.0	100.0
243.30491549998987	76.0	100.0
243.32489899999928	76.0	100.0
243.34398189999047	76.0	100.0
243.36583419999806	76.0	100.0
243.50782459997572	76.0	100.0
243.50784409997868	76.0	100.0
243.5078564999858	76.0	100.0
243.50786469999002	76.0	100.0
243.5078727999935	76.0	100.0
243.50788039999316	76.0	100.0
243.50788769999053	76.0	100.0
243.52368929999648	76.0	100.0
243.54389749999973	76.0	100.0
243.56387959999847	76.0	100.0
243.71221409999998	76.0	100.0
243.71223249999457	76.0	100.0
243.71224599998095	76.0	100.0
243.71225409998442	76.0	100.0
243.71226209998713	76.0	100.0
243.71226949998527	76.0	100.0
243.71227679998265	76.0	100.0
243.72507679997943	75.0	100.0
243.7450396999775	75.0	100.0
243.76505899999756	75.0	100.0
243.86862819999806	75.0	100.0
243.86864899998181	75.0	100.0
243.8686572999868	75.0	100.0
243.86866519998875	75.0	100.0
243.8704114999855	75.0	100.0
243.8839562999783	75.0	100.0
243.90421369997784	75.0	100.0
244.09689679997973	75.0	100.0
244.09691870000097	75.0	100.0
244.09692779998295	75.0	100.0
244.09693559998414	75.0	100.0
244.0969431999838	75.0	100.0
244.0969506999827	75.0	100.0
244.09695829998236	75.0	100.0
244.0969656999805	75.0	100.0
244.0969734999817	75.0	100.0
244.1036001999746	75.0	100.0
244.12435589998495	75.0	100.0
244.14382559998194	75.0	100.0
244.1654274999746	75.0	100.0
244.3282574999903	75.0	100.0
244.3282773999963	75.0	100.0
244.32828579997295	75.0	100.0
244.32829399997718	75.0	100.0
244.32830399999511	75.0	100.0
244.32831159999478	75.0	100.0
244.32831949999672	75.0	100.0
244.32832689999486	75.0	100.0
244.343730099994	75.0	100.0
244.36438439998892	75.0	100.0
244.38562839999213	75.0	100.0
244.48475899998448	75.0	100.0
244.48480259999633	75.0	100.0
244.48482939999667	75.0	100.0
244.4848551999894	75.0	100.0
244.4868545999925	75.0	100.0
244.5044531999738	75.0	100.0
244.52456859999802	75.0	100.0
244.6675249999971	75.0	100.0
244.6675604999764	75.0	100.0
244.66757879999932	75.0	100.0
244.66759599998477	75.0	100.0
244.6676137999748	75.0	100.0
244.66763089998858	75.0	100.0
244.66764729999704	75.0	100.0
244.6816418999806	75.0	100.0
244.69818559999112	75.0	100.0
244.7929001999728	74.0	100.0
244.79293699999107	74.0	100.0
244.79295469998033	74.0	100.0
244.79297189999488	74.0	100.0
244.8061179999786	74.0	100.0
244.82490059998236	74.0	100.0
244.84588179999264	74.0	100.0
244.8640884999768	74.0	100.0
244.88553729999694	74.0	100.0
244.9058561999991	74.0	100.0
244.9256109999842	74.0	100.0
244.94486509999842	74.0	100.0
244.9666224999819	74.0	100.0
244.9852988999919	74.0	100.0
245.00562979999813	74.0	100.0
245.0252112999733	74.0	100.0
245.04572669998743	74.0	100.0
245.06573599998956	74.0	100.0
245.0848950999789	74.0	100.0
245.1040304999915	74.0	100.0
245.12471479998203	74.0	100.0
245.14710079997894	74.0	100.0
245.16892679999	74.0	100.0
245.18541589999222	74.0	100.0
245.20447739999508	74.0	100.0
245.22572529999889	74.0	100.0
245.24543419998372	74.0	100.0
245.26494959997945	74.0	100.0
245.28537659998983	74.0	100.0
245.3046258999966	74.0	100.0
245.32512489997316	74.0	100.0
245.34491669997806	74.0	100.0
245.36492149997503	74.0	100.0
245.3849691999785	74.0	100.0
245.405437599984	74.0	100.0
245.4248606999754	74.0	100.0
245.44473299998208	74.0	100.0
245.46465689997422	74.0	100.0
245.48492459999397	74.0	100.0
245.50532699999167	74.0	100.0
245.52545379998628	74.0	100.0
245.54503419998218	74.0	100.0
245.56527579997783	74.0	100.0
245.58525769997505	74.0	100.0
245.60512329998892	74.0	100.0
245.6248615999939	74.0	100.0
245.64776309998706	74.0	100.0
245.66532339999685	74.0	100.0
245.68604939998477	74.0	100.0
245.70384029997513	74.0	100.0
245.7251236999873	74.0	100.0
245.74272809998365	74.0	100.0
245.76371859997744	74.0	100.0
245.78207190000103	74.0	100.0
245.80365409998922	74.0	100.0
245.82464649999747	74.0	100.0
245.84489629999734	74.0	100.0
245.86549209998338	74.0	100.0
245.88610279999557	74.0	100.0
245.906020800001	74.0	100.0
245.9257193999947	74.0	100.0
245.94588139999541	74.0	100.0
245.96953899998334	74.0	100.0
245.98582989998977	74.0	100.0
246.00570029998198	74.0	100.0
246.02582309997524	74.0	100.0
246.04648669998278	74.0	100.0
246.06694329998572	74.0	100.0
246.08506589999888	74.0	100.0
246.10531699997955	74.0	100.0
246.12740109997685	74.0	100.0
246.14613179999287	74.0	100.0
246.16522399999667	74.0	100.0
246.18564169999445	74.0	100.0
246.2058032999921	74.0	100.0
246.2261342999991	74.0	100.0
246.2470336999977	74.0	100.0
246.26621229999	74.0	100.0
246.28581459997804	74.0	100.0
246.3057440999837	74.0	100.0
246.32420409997576	74.0	100.0
246.34594669999206	74.0	100.0
246.3657667999796	74.0	100.0
246.38390409998829	74.0	100.0
246.40538899999228	74.0	100.0
246.42325409999467	74.0	100.0
246.44287589998567	74.0	100.0
246.46303269997588	74.0	100.0
246.48622379999142	74.0	100.0
246.5050024999946	74.0	100.0
246.5244731999992	74.0	100.0
246.5445958999917	74.0	100.0
246.56344059997355	74.0	100.0
246.58523099997547	74.0	100.0
246.60533669998404	74.0	100.0
246.6255207999784	74.0	100.0
246.64796239999123	74.0	100.0
246.6659343999927	74.0	100.0
246.6859889999905	74.0	100.0
246.70627249998506	74.0	100.0
246.72673099997337	73.0	100.0
246.7460854999954	73.0	100.0
246.76672309997957	73.0	100.0
246.7860829999845	73.0	100.0
246.80703689999063	73.0	100.0
246.82528949997504	73.0	100.0
246.84615309999208	73.0	100.0
246.86567299999297	73.0	100.0
246.88757349998923	73.0	100.0
246.90486339997733	73.0	100.0
246.92550019998453	73.0	100.0
246.94702309998684	73.0	100.0
246.96591469997657	73.0	100.0
246.98588919997565	73.0	100.0
247.00584659999004	73.0	100.0
247.0256989999907	73.0	100.0
247.0463013999979	73.0	100.0
247.06578469998203	73.0	100.0
247.09022909999476	73.0	100.0
247.105279099982	73.0	100.0
247.12566659998265	73.0	100.0
247.14585119998083	73.0	100.0
247.16573679997236	73.0	100.0
247.18559229999664	73.0	100.0
247.20618619999732	73.0	100.0
247.22554539999692	73.0	100.0
247.24593579999055	73.0	100.0
247.26651749998564	73.0	100.0
247.28638299999875	73.0	100.0
247.30559469998116	73.0	100.0
247.32607209999696	73.0	100.0
247.3457403999928	73.0	100.0
247.36615509999683	73.0	100.0
247.38643789998605	73.0	100.0
247.4053754999768	73.0	100.0
247.42601139997714	73.0	100.0
247.44564529997297	73.0	100.0
247.4665599	73.0	100.0
247.4861539999838	73.0	100.0
247.50586949998979	73.0	100.0
247.52630489997682	73.0	100.0
247.54595479997806	73.0	100.0
247.5682907999726	73.0	100.0
247.58654569997452	73.0	100.0
247.60623659999692	73.0	100.0
247.6261065999861	73.0	100.0
247.64688580000075	73.0	100.0
247.6662494999764	73.0	100.0
247.68761809999705	73.0	100.0
247.7071150999982	73.0	100.0
247.72747129999334	71.0	100.0
247.7467141999805	71.0	100.0
247.7671392999764	71.0	100.0
247.7863776999875	71.0	100.0
247.80718609999167	71.0	100.0
247.8264235999959	71.0	100.0
247.8464435999922	71.0	100.0
247.866432299983	71.0	100.0
247.88748089998262	71.0	100.0
247.9063208999869	71.0	100.0
247.92714669997804	71.0	100.0
247.94566519997898	71.0	100.0
247.9673458999896	71.0	100.0
247.9871298999933	71.0	100.0
248.0069304999779	71.0	100.0
248.02656689999276	71.0	100.0
248.04719389998354	71.0	100.0
248.06586769997375	71.0	100.0
248.08865209997748	71.0	100.0
248.1065126999747	71.0	100.0
248.12685289999354	71.0	100.0
248.1463883999968	71.0	100.0
248.16671799999312	71.0	100.0
248.1879713999806	71.0	100.0
248.20560109999496	71.0	100.0
248.2254685999942	71.0	100.0
248.24584809999214	71.0	100.0
248.26560439998866	71.0	100.0
248.28771720000077	71.0	100.0
248.30591989998356	71.0	100.0
248.32581529999152	71.0	100.0
248.34591720000026	71.0	100.0
248.3657934999792	71.0	100.0
248.38745189999463	71.0	100.0
248.40645479998784	71.0	100.0
248.42593949998263	71.0	100.0
248.44587629998568	71.0	100.0
248.46603739997954	71.0	100.0
248.49547239998356	71.0	100.0
248.50674699997762	71.0	100.0
248.52753479999956	71.0	100.0
248.5472110999981	71.0	100.0
248.56779239999014	71.0	100.0
248.58764359998167	71.0	100.0
248.60751229999005	71.0	100.0
248.6269499999762	71.0	100.0
248.6477269999741	71.0	100.0
248.6663860999979	71.0	100.0
248.68800049999845	71.0	100.0
248.7084363999893	71.0	100.0
248.72783150000032	71.0	100.0
248.74730799999088	71.0	100.0
248.76803699997254	71.0	100.0
248.78768199999467	71.0	100.0
248.80771829999867	71.0	100.0
248.82721279998077	71.0	100.0
248.8455325999821	71.0	100.0
248.86776509997435	71.0	100.0
248.88772419997258	71.0	100.0
248.90776889998233	71.0	100.0
248.92683049998595	71.0	100.0
248.94681969998055	71.0	100.0
248.9675212999864	71.0	100.0
248.98764959999244	71.0	100.0
249.00791580000077	71.0	100.0
249.02625729999272	71.0	100.0
249.046740699996	71.0	100.0
249.06714790000115	71.0	100.0
249.08718669999507	71.0	100.0
249.10724909999408	71.0	100.0
249.1272746999748	71.0	100.0
249.14673939999193	71.0	100.0
249.1667521999916	71.0	100.0
249.18724269999075	71.0	100.0
249.20682469999883	71.0	100.0
249.22616679998464	71.0	100.0
249.2500304999994	71.0	100.0
249.2670699999726	71.0	100.0
249.28760849998798	71.0	100.0
249.30627539998386	71.0	100.0
249.32745159999467	71.0	100.0
249.34654299999238	71.0	100.0
249.36756849999074	71.0	100.0
249.38613819997408	71.0	100.0
249.40787339999224	71.0	100.0
249.42731449997518	71.0	100.0
249.44708859999082	71.0	100.0
249.466153699992	71.0	100.0
249.48773879997316	71.0	100.0
249.5076233999862	71.0	100.0
249.52856719997362	71.0	100.0
249.54687039999408	71.0	100.0
249.56857009997475	71.0	100.0
249.5882755999919	71.0	100.0
249.60930419998476	71.0	100.0
249.6277103999746	71.0	100.0
249.6495755999931	71.0	100.0
249.6682659999933	71.0	100.0
249.6877061999985	71.0	100.0
249.70964939999976	71.0	100.0
249.72896929999115	73.0	100.0
249.74731999999494	73.0	100.0
249.76780799997505	73.0	100.0
249.78813629999058	73.0	100.0
249.8077238999831	73.0	100.0
249.82726879999973	73.0	100.0
249.84752459998708	73.0	100.0
249.86794769999688	73.0	100.0
249.8884917999967	73.0	100.0
249.9110004999966	73.0	100.0
249.92783589998726	73.0	100.0
249.94773359998362	73.0	100.0
249.96769149997272	73.0	100.0
249.98764849998406	73.0	100.0
250.00771719997283	73.0	100.0
250.02755879997858	73.0	100.0
250.0496477999841	73.0	100.0
250.06654119997984	73.0	100.0
250.08894999997574	73.0	100.0
250.1075481000007	73.0	100.0
250.12830319997738	73.0	100.0
250.1477541999775	73.0	100.0
250.1676786999742	73.0	100.0
250.1872184999811	73.0	100.0
250.20657759997994	73.0	100.0
250.22632399998838	73.0	100.0
250.2476786999905	73.0	100.0
250.26740769998287	73.0	100.0
250.28763049998088	73.0	100.0
250.3070413999958	73.0	100.0
250.32732539999415	73.0	100.0
250.34714509997866	73.0	100.0
250.36684059997788	73.0	100.0
250.38776199999847	73.0	100.0
250.40729839997948	73.0	100.0
250.42837009998038	73.0	100.0
250.44780699998955	73.0	100.0
250.46726639999542	73.0	100.0
250.48778999998467	73.0	100.0
250.50723739998648	73.0	100.0
250.52645309999934	73.0	100.0
250.55023489997257	73.0	100.0
250.56813289999263	73.0	100.0
250.58759349997854	73.0	100.0
250.6078653000004	73.0	100.0
250.62780809999094	73.0	100.0
250.6482454999932	73.0	100.0
250.66772729999502	73.0	100.0
250.68822939999518	73.0	100.0
250.70955429997412	73.0	100.0
250.7290935999772	73.0	100.0
250.74815390000003	73.0	100.0
250.7676859999774	73.0	100.0
250.7883638999774	73.0	100.0
250.8102710999956	73.0	100.0
250.8280235999846	73.0	100.0
250.84809949999908	73.0	100.0
250.86856429997715	73.0	100.0
250.8878053999797	73.0	100.0
250.90927649999503	73.0	100.0
250.93009099998744	73.0	100.0
250.94790069997543	73.0	100.0
250.96777089999523	73.0	100.0
250.98856569998316	73.0	100.0
251.0077213999757	73.0	100.0
251.0276840000006	73.0	100.0
251.0503100999922	73.0	100.0
251.06769820000045	73.0	100.0
251.08937089997926	73.0	100.0
251.10770689998753	73.0	100.0
251.127851199999	73.0	100.0
251.14763509997283	73.0	100.0
251.16818909998983	73.0	100.0
251.1880432999751	73.0	100.0
251.20753479999257	73.0	100.0
251.22813229999156	73.0	100.0
251.2479526999814	73.0	100.0
251.26780569998664	73.0	100.0
251.28907239998807	73.0	100.0
251.30799289999413	73.0	100.0
251.32821509998757	73.0	100.0
251.34770239997306	73.0	100.0
251.36784149997402	73.0	100.0
251.38815799998702	73.0	100.0
251.40787519997684	73.0	100.0
251.42781749999267	73.0	100.0
251.4480303999735	73.0	100.0
251.4698254999821	73.0	100.0
251.48848709999584	73.0	100.0
251.50788239997928	73.0	100.0
251.52836329999263	73.0	100.0
251.54820029999246	73.0	100.0
251.56840059999377	73.0	100.0
251.5884072999761	73.0	100.0
251.6080215999973	73.0	100.0
251.6284058999736	73.0	100.0
251.6482237999735	73.0	100.0
251.66785559998243	73.0	100.0
251.68867749997298	73.0	100.0
251.70913889998337	73.0	100.0
251.72919129999354	75.0	100.0
251.74769639997976	75.0	100.0
251.76922319998266	75.0	100.0
251.7891064999858	75.0	100.0
251.80853949999437	75.0	100.0
251.82886559999315	75.0	100.0
251.84899009999936	75.0	100.0
251.86905609999667	75.0	100.0
251.88954469998134	75.0	100.0
251.9079156999942	75.0	100.0
251.92705999998725	75.0	100.0
251.947826299991	75.0	100.0
251.9655739000009	75.0	100.0
251.98413449997315	75.0	100.0
252.0056976999913	75.0	100.0
252.02797519997694	75.0	100.0
252.04900699999416	75.0	100.0
252.06904169998597	75.0	100.0
252.08956729999045	75.0	100.0
252.10922169999685	75.0	100.0
252.12858839999535	75.0	100.0
252.1479714999732	75.0	100.0
252.16892639998696	75.0	100.0
252.19015809998382	75.0	100.0
252.20890949998284	75.0	100.0
252.2288345999841	75.0	100.0
252.24859299999662	75.0	100.0
252.2679872000008	75.0	100.0
252.28905659998418	75.0	100.0
252.3091781999974	75.0	100.0
252.32915710000088	75.0	100.0
252.35182939999504	75.0	100.0
252.36970289997407	75.0	100.0
252.38910229998874	75.0	100.0
252.4087357999815	75.0	100.0
252.42866959999083	75.0	100.0
252.44831279999926	75.0	100.0
252.46641569997882	75.0	100.0
252.48916069997358	75.0	100.0
252.50780569997733	75.0	100.0
252.52931409998564	75.0	100.0
252.54950009999448	75.0	100.0
252.56939159997273	75.0	100.0
252.58965159999207	75.0	100.0
252.60938289997284	75.0	100.0
252.62737549998565	75.0	100.0
252.65170819999184	75.0	100.0
252.66787259999546	75.0	100.0
252.68906419997802	75.0	100.0
252.709005599987	75.0	100.0
252.7293909	76.0	100.0
252.7486046999984	76.0	100.0
252.76885899997433	76.0	100.0
252.79070579999825	76.0	100.0
252.808795799996	76.0	100.0
252.82857509999303	76.0	100.0
252.8527322000009	76.0	100.0
252.86832349997712	76.0	100.0
252.8894208999991	76.0	100.0
252.90965239997604	76.0	100.0
252.9294721999904	76.0	100.0
252.9479620999773	76.0	100.0
252.9695302999753	76.0	100.0
252.98935069999425	76.0	100.0
253.0076473999943	76.0	100.0
253.0280981999822	76.0	100.0
253.04984139997396	76.0	100.0
253.0697489999875	76.0	100.0
253.09102319998783	76.0	100.0
253.10940359998494	76.0	100.0
253.12959069997305	76.0	100.0
253.14980879999348	76.0	100.0
253.1708472999744	76.0	100.0
253.190426199988	76.0	100.0
253.2090324999881	76.0	100.0
253.22888179999427	76.0	100.0
253.2486625999736	76.0	100.0
253.26855189999333	76.0	100.0
253.2906111999764	76.0	100.0
253.30892469998798	76.0	100.0
253.33127489997423	76.0	100.0
253.34937559999526	76.0	100.0
253.36962879999192	76.0	100.0
253.38973559997976	76.0	100.0
253.40969419997418	76.0	100.0
253.43094379999093	76.0	100.0
253.44975799997337	76.0	100.0
253.4695675999974	76.0	100.0
253.48956649997854	76.0	100.0
253.5094121999864	76.0	100.0
253.5307027999952	76.0	100.0
253.55004709999776	76.0	100.0
253.56952999997884	76.0	100.0
253.58976360000088	76.0	100.0
253.6098269999784	76.0	100.0
253.63143869998748	76.0	100.0
253.64904530000058	76.0	100.0
253.66835919997538	76.0	100.0
253.6897539999918	76.0	100.0
253.7122626999917	76.0	100.0
253.72950789998868	77.0	100.0
253.7498597999802	77.0	100.0
253.76945169997634	77.0	100.0
253.78964449997875	77.0	100.0
253.8096472999896	77.0	100.0
253.83087169998907	77.0	100.0
253.84967469997355	77.0	100.0
253.86932749999687	77.0	100.0
253.89131099998485	77.0	100.0
253.91003709999495	77.0	100.0
253.93004680000013	77.0	100.0
253.9497102999885	77.0	100.0
253.9691923999926	77.0	100.0
253.9895352999738	77.0	100.0
254.00962499997695	77.0	100.0
254.02960029998212	77.0	100.0
254.04928029997973	77.0	100.0
254.06944269998348	77.0	100.0
254.0897699999914	77.0	100.0
254.10974389998592	77.0	100.0
254.12988299998688	77.0	100.0
254.15069509999012	77.0	100.0
254.16974419998587	77.0	100.0
254.18972289998783	77.0	100.0
254.20972619997337	77.0	100.0
254.2294425999862	77.0	100.0
254.24964919997728	77.0	100.0
254.26981979998527	77.0	100.0
254.29023489999236	77.0	100.0
254.30965629999992	77.0	100.0
254.32969799998682	77.0	100.0
254.34963229999994	77.0	100.0
254.3690735999844	77.0	100.0
254.3890288999828	77.0	100.0
254.40948399997433	77.0	100.0
254.42981799997506	77.0	100.0
254.44982359997812	77.0	100.0
254.4698575999937	77.0	100.0
254.4896524999931	77.0	100.0
254.50926409999374	77.0	100.0
254.53133919998072	77.0	100.0
254.54999139998108	77.0	100.0
254.569185499975	77.0	100.0
254.58897679997608	77.0	100.0
254.61068889999297	77.0	100.0
254.6301793999737	77.0	100.0
254.65516019999632	77.0	100.0
254.669345399976	77.0	100.0
254.69023119998747	77.0	100.0
254.7101537999988	77.0	100.0
254.72977129998617	80.0	100.0
254.75015769997844	80.0	100.0
254.7697824999923	80.0	100.0
254.7916605999926	80.0	100.0
254.810736799991	80.0	100.0
254.83131099998718	80.0	100.0
254.97703839998576	80.0	100.0
254.97706189999008	80.0	100.0
254.97707069999888	80.0	100.0
254.97707909997553	80.0	100.0
254.9770863999729	80.0	100.0
254.9770941999741	80.0	100.0
254.97710150000057	80.0	100.0
254.98999360000016	80.0	100.0
255.0088496999815	80.0	100.0
255.02873789999285	80.0	100.0
255.04980359997717	80.0	100.0
255.0713201999897	80.0	100.0
255.09118349998607	80.0	100.0
255.1097242999822	80.0	100.0
255.1296404999739	80.0	100.0
255.1499326999765	80.0	100.0
255.1699751999986	80.0	100.0
255.18981849998818	80.0	100.0
255.20984379999572	80.0	100.0
255.22960109999985	80.0	100.0
255.2497083999915	80.0	100.0
255.26977019998594	80.0	100.0
255.29028789998847	80.0	100.0
255.3095895999868	80.0	100.0
255.33111139998073	80.0	100.0
255.3506070000003	80.0	100.0
255.36912079999456	80.0	100.0
255.3889846999955	80.0	100.0
255.40890129999025	80.0	100.0
255.4290059999912	80.0	100.0
255.45004619998508	80.0	100.0
255.470007899974	80.0	100.0
255.49017999999342	80.0	100.0
255.51015339998412	80.0	100.0
255.53034139997908	80.0	100.0
255.54999819997465	80.0	100.0
255.5698392999766	80.0	100.0
255.58965529999114	80.0	100.0
255.60990919999313	80.0	100.0
255.62991459999466	80.0	100.0
255.65222179997363	80.0	100.0
255.6700907999766	80.0	100.0
255.69228869999642	80.0	100.0
255.71507619999466	80.0	100.0
255.73060759998043	80.0	100.0
255.75095819999115	80.0	100.0
255.77062479997403	80.0	100.0
255.78916639997624	80.0	100.0
255.80993439999293	80.0	100.0
255.82825319998665	80.0	100.0
255.84942239997326	80.0	100.0
255.86993369998527	80.0	100.0
255.8898319999862	80.0	100.0
255.91033299997798	80.0	100.0
255.93009999999776	80.0	100.0
255.9575530999864	80.0	100.0
255.97054339997703	80.0	100.0
255.99001459998544	80.0	100.0
256.0100509999902	80.0	100.0
256.02956139997696	80.0	100.0
256.0514458999969	80.0	100.0
256.07036619997234	80.0	100.0
256.09132329997374	80.0	100.0
256.10973889997695	80.0	100.0
256.13132359998417	80.0	100.0
256.1541081999894	80.0	100.0
256.1704796999984	80.0	100.0
256.18940589998965	80.0	100.0
256.20996269999887	80.0	100.0
256.229580299987	80.0	100.0
256.2498809999961	80.0	100.0
256.27229090000037	80.0	100.0
256.2899967999838	80.0	100.0
256.3104862999753	80.0	100.0
256.33011759998044	80.0	100.0
256.34977349999826	80.0	100.0
256.37010889998055	80.0	100.0
256.390410299995	80.0	100.0
256.41018119998625	80.0	100.0
256.430238299974	80.0	100.0
256.45020099999965	80.0	100.0
256.47088559999247	80.0	100.0
256.4909841999761	80.0	100.0
256.51026839998667	80.0	100.0
256.530211699981	80.0	100.0
256.54977719997987	80.0	100.0
256.56939029999194	80.0	100.0
256.58667339998647	80.0	100.0
256.6070836999861	80.0	100.0
256.62625179998577	80.0	100.0
256.64656939997803	80.0	100.0
256.66605819997494	80.0	100.0
256.68655600000056	80.0	100.0
256.70909519999987	80.0	100.0
256.7280185999989	80.0	100.0
256.74624599999515	80.0	100.0
256.7671884999727	80.0	100.0
256.7879085999739	80.0	100.0
256.8098795999831	80.0	100.0
256.82918639999116	80.0	100.0
256.8512550999876	80.0	100.0
256.8701226999983	80.0	100.0
256.8945560999855	80.0	100.0
256.9118681999971	80.0	100.0
256.93086480000056	80.0	100.0
256.94931899997755	80.0	100.0
256.96972009999445	80.0	100.0
256.9904480999976	80.0	100.0
257.0097746999818	80.0	100.0
257.0296158999845	80.0	100.0
257.04988079998293	80.0	100.0
257.069786499982	80.0	100.0
257.0914053999877	80.0	100.0
257.1095076999918	80.0	100.0
257.1296177999757	80.0	100.0
257.1496578999795	80.0	100.0
257.1701878999884	80.0	100.0
257.19020069998805	80.0	100.0
257.21033399997395	80.0	100.0
257.23308169998927	80.0	100.0
257.24930079997284	80.0	100.0
257.269902799977	80.0	100.0
257.29069779999554	80.0	100.0
257.3098466999945	80.0	100.0
257.329687999998	80.0	100.0
257.35177919999114	80.0	100.0
257.3711420999898	80.0	100.0
257.39116089997697	80.0	100.0
257.4112845999771	80.0	100.0
257.4299725999881	80.0	100.0
257.4498609000002	80.0	100.0
257.4697106999811	80.0	100.0
257.4906575999921	80.0	100.0
257.51014009999926	80.0	100.0
257.53155649997643	80.0	100.0
257.549810699973	80.0	100.0
257.570385399973	80.0	100.0
257.5911349999951	80.0	100.0
257.6106673999748	80.0	100.0
257.62955399998464	80.0	100.0
257.6500777999754	80.0	100.0
257.66962549998425	80.0	100.0
257.69094889998087	80.0	100.0
257.7127009999822	80.0	100.0
257.7312899999961	80.0	100.0
257.7511975999805	80.0	100.0
257.77114839997375	80.0	100.0
257.79098209997755	80.0	100.0
257.8104520999768	80.0	100.0
257.8312058999727	80.0	100.0
257.85093629997573	80.0	100.0
257.87212259997614	80.0	100.0
257.8906008999911	80.0	100.0
257.9105872999935	80.0	100.0
257.93060249998234	80.0	100.0
257.94990139998845	80.0	100.0
257.96980309998617	80.0	100.0
257.9898053999932	80.0	100.0
258.01014269998996	80.0	100.0
258.02917489997344	80.0	100.0
258.05063990000053	80.0	100.0
258.07026449998375	80.0	100.0
258.09054219999234	80.0	100.0
258.1102608999936	80.0	100.0
258.13118729999405	80.0	100.0
258.14977009998984	80.0	100.0
258.1712389999884	80.0	100.0
258.19008039997425	80.0	100.0
258.2118272999942	80.0	100.0
258.2316080999735	80.0	100.0
258.2500766000012	80.0	100.0
258.2699265999836	80.0	100.0
258.2912900999945	80.0	100.0
258.30975689998013	80.0	100.0
258.33015609998256	80.0	100.0
258.3501039999828	80.0	100.0
258.3713232000009	80.0	100.0
258.3908001999953	80.0	100.0
258.41087490000064	80.0	100.0
258.43010030000005	80.0	100.0
258.4499195999815	80.0	100.0
258.4702309999848	80.0	100.0
258.4913737999741	80.0	100.0
258.5089661999955	80.0	100.0
258.5290880999819	80.0	100.0
258.5493044999894	80.0	100.0
258.56560659999377	80.0	100.0
258.5888038999983	80.0	100.0
258.6091312999779	80.0	100.0
258.62924949999433	80.0	100.0
258.6536761999887	80.0	100.0
258.67156719998457	80.0	100.0
258.691703199991	80.0	100.0
258.7119648999942	80.0	100.0
258.73189339999226	81.0	100.0
258.7518179999897	81.0	100.0
258.77303739998024	81.0	100.0
258.7919789000007	81.0	100.0
258.811327399977	81.0	100.0
258.8322350999806	81.0	100.0
258.8514812999929	81.0	100.0
258.8716346999863	81.0	100.0
258.89202819997445	81.0	100.0
258.90925189998234	81.0	100.0
258.930464199977	81.0	100.0
258.9520869999833	81.0	100.0
258.9716735999973	81.0	100.0
258.99155629999586	81.0	100.0
259.0114762999874	81.0	100.0
259.03164549998473	81.0	100.0
259.0515384999744	81.0	100.0
259.0712888999842	81.0	100.0
259.0916928999941	81.0	100.0
259.1112899	81.0	100.0
259.13221319997683	81.0	100.0
259.1513370999892	81.0	100.0
259.1712759999791	81.0	100.0
259.1909476000001	81.0	100.0
259.21102789998986	81.0	100.0
259.2297847000009	81.0	100.0
259.2517704999773	81.0	100.0
259.2713337999885	81.0	100.0
259.29166849999456	81.0	100.0
259.31149289998575	81.0	100.0
259.3316004999797	81.0	100.0
259.35175869998056	81.0	100.0
259.37106849998236	81.0	100.0
259.3912345999852	81.0	100.0
259.4112213999906	81.0	100.0
259.4304607999802	81.0	100.0
259.45124289998785	81.0	100.0
259.47101239999756	81.0	100.0
259.4912412999838	81.0	100.0
259.51007099999697	81.0	100.0
259.5321555999981	81.0	100.0
259.5566900999984	81.0	100.0
259.5715941999806	81.0	100.0
259.5906610999955	81.0	100.0
259.60527409997303	81.0	100.0
259.62557599999127	81.0	100.0
259.64598389997263	81.0	100.0
259.6651017999975	81.0	100.0
259.68788979999954	81.0	100.0
259.70767529998557	81.0	100.0
259.72758539998904	83.0	100.0
259.7496555999969	83.0	100.0
259.7696272999747	83.0	100.0
259.7902940999775	83.0	100.0
259.8136287999805	83.0	100.0
259.82903509997413	83.0	100.0
259.85040709999157	83.0	100.0
259.87030919999233	83.0	100.0
259.89060699997935	83.0	100.0
259.9106791999948	83.0	100.0
259.93233209999744	83.0	100.0
259.95143589997315	83.0	100.0
259.97169389997725	83.0	100.0
259.9915150999732	83.0	100.0
260.011477299995	83.0	100.0
260.0300111999968	83.0	100.0
260.05150760000106	83.0	100.0
260.07174569999916	83.0	100.0
260.0921308999823	83.0	100.0
260.10981939997873	83.0	100.0
260.13152649998665	83.0	100.0
260.1511484999792	83.0	100.0
260.17192009999417	83.0	100.0
260.19133879998117	83.0	100.0
260.2112672999792	83.0	100.0
260.2314280999999	83.0	100.0
260.25161690000095	83.0	100.0
260.2713875999907	83.0	100.0
260.29230159998406	83.0	100.0
260.3113004999759	83.0	100.0
260.33139589999337	83.0	100.0
260.3515080999932	83.0	100.0
260.3714152999746	83.0	100.0
260.3936214999994	83.0	100.0
260.4122723999899	83.0	100.0
260.4312167999742	83.0	100.0
260.4512967999908	83.0	100.0
260.4719294999959	83.0	100.0
260.49251569999615	83.0	100.0
260.51132919997326	83.0	100.0
260.5316706999729	83.0	100.0
260.5515121999779	83.0	100.0
260.5729586999805	83.0	100.0
260.5921152999799	83.0	100.0
260.61190179997357	83.0	100.0
260.6316569999908	83.0	100.0
260.65210659999866	83.0	100.0
260.6717455999751	83.0	100.0
260.6923390000011	83.0	100.0
260.71372509998037	83.0	100.0
260.7330231999804	84.0	100.0
260.75191679998534	84.0	100.0
260.7720592999831	84.0	100.0
260.7917987999972	84.0	100.0
260.8132649999752	84.0	100.0
260.8326182999881	84.0	100.0
260.8526436999964	84.0	100.0
260.8727774999861	84.0	100.0
260.89310239997576	84.0	100.0
260.9119142999989	84.0	100.0
260.932891799981	84.0	100.0
260.9517213999934	84.0	100.0
260.97190629999386	84.0	100.0
260.9918241999985	84.0	100.0
261.01374369999394	84.0	100.0
261.0316525999806	84.0	100.0
261.05301749997307	84.0	100.0
261.071752799995	84.0	100.0
261.0934280999936	84.0	100.0
261.1127352999756	84.0	100.0
261.1330157999764	84.0	100.0
261.1526564999949	84.0	100.0
261.1727259999898	84.0	100.0
261.1930575000006	84.0	100.0
261.2129257999768	84.0	100.0
261.2323494000011	84.0	100.0
261.2519448999956	84.0	100.0
261.2716309999814	84.0	100.0
261.29262399999425	84.0	100.0
261.3124469999748	84.0	100.0
261.33214210000006	84.0	100.0
261.3516781999788	84.0	100.0
261.3725971999811	84.0	100.0
261.39263229997596	84.0	100.0
261.4120151999814	84.0	100.0
261.4321671999933	84.0	100.0
261.45229869999457	84.0	100.0
261.47187449998455	84.0	100.0
261.49494199999026	84.0	100.0
261.51176439999836	84.0	100.0
261.5321661999915	84.0	100.0
261.55364079997526	84.0	100.0
261.57261579998885	84.0	100.0
261.5934338999796	84.0	100.0
261.61333259998355	84.0	100.0
261.63298389999545	84.0	100.0
261.65444369998295	84.0	100.0
261.67306969998754	84.0	100.0
261.69367539999075	84.0	100.0
261.71431969999685	84.0	100.0
261.7338292999775	84.0	100.0
261.7528503999929	84.0	100.0
261.7733443999896	84.0	100.0
261.7947779999813	84.0	100.0
261.81298809999134	84.0	100.0
261.83155350000015	84.0	100.0
261.85387849999825	84.0	100.0
261.8733697999851	84.0	100.0
261.89162739997846	84.0	100.0
261.9123080999998	84.0	100.0
261.93176159998984	84.0	100.0
261.9527989999915	84.0	100.0
261.97377279997454	84.0	100.0
261.9935028999753	84.0	100.0
262.01361819999875	84.0	100.0
262.03345649997937	84.0	100.0
262.05390400000033	84.0	100.0
262.0732919999864	84.0	100.0
262.09386839999934	84.0	100.0
262.1133432999777	84.0	100.0
262.13342989998637	84.0	100.0
262.15204529999755	84.0	100.0
262.17273619998014	84.0	100.0
262.1925906999968	84.0	100.0
262.21460319997277	84.0	100.0
262.23261759997695	84.0	100.0
262.2538166999875	84.0	100.0
262.27353229999426	84.0	100.0
262.2930610999756	84.0	100.0
262.31376009999076	84.0	100.0
262.3336950999801	84.0	100.0
262.35325159999775	84.0	100.0
262.3731394999777	84.0	100.0
262.39310529999784	84.0	100.0
262.41618779997225	84.0	100.0
262.43360419999226	84.0	100.0
262.45390439999755	84.0	100.0
262.4735163000005	84.0	100.0
262.4935468999902	84.0	100.0
262.5167576999811	84.0	100.0
262.5337727999722	84.0	100.0
262.5531430999981	84.0	100.0
262.57383539999137	84.0	100.0
262.5936914999911	84.0	100.0
262.6144348999951	84.0	100.0
262.63396419998026	84.0	100.0
262.65365529997507	84.0	100.0
262.67316229999415	84.0	100.0
262.6939903999737	84.0	100.0
262.71350829998846	84.0	100.0
262.7340207999805	85.0	100.0
262.7536697999749	85.0	100.0
262.7737179999822	85.0	100.0
262.79365139998845	85.0	100.0
262.81362249999074	85.0	100.0
262.833771399979	85.0	100.0
262.85360239999136	85.0	100.0
262.8727521999972	85.0	100.0
262.8941232999787	85.0	100.0
262.9138905	85.0	100.0
262.9336030999839	85.0	100.0
262.95346530000097	85.0	100.0
262.9737863999908	85.0	100.0
262.9937871999864	85.0	100.0
263.01343059999635	85.0	100.0
263.03381769999396	85.0	100.0
263.0528412999993	85.0	100.0
263.07374279998476	85.0	100.0
263.09382279997226	85.0	100.0
263.1136488999764	85.0	100.0
263.1382301999838	85.0	100.0
263.1537904999859	85.0	100.0
263.1737103999767	85.0	100.0
263.19386809997377	85.0	100.0
263.21297229998163	85.0	100.0
263.23547079999116	85.0	100.0
263.2538549999881	85.0	100.0
263.2736535999866	85.0	100.0
263.29377009999007	85.0	100.0
263.31299579999177	85.0	100.0
263.33297160000075	85.0	100.0
263.3528604999883	85.0	100.0
263.3729035999859	85.0	100.0
263.3938983999833	85.0	100.0
263.41355289999046	85.0	100.0
263.4336203999992	85.0	100.0
263.4539738999738	85.0	100.0
263.4739386999863	85.0	100.0
263.49366109998664	85.0	100.0
263.51313379997737	85.0	100.0
263.535194600001	85.0	100.0
263.5538556999818	85.0	100.0
263.5736135999905	85.0	100.0
263.59426339998026	85.0	100.0
263.614109999995	85.0	100.0
263.63369539999985	85.0	100.0
263.6538324999856	85.0	100.0
263.6737352999917	85.0	100.0
263.69446239998797	85.0	100.0
263.71577939999406	85.0	100.0
263.7336709999945	83.0	100.0
263.7537991999998	83.0	100.0
263.7742853999953	83.0	100.0
263.83282229999895	83.0	100.0
263.83286909997696	83.0	100.0
263.83375449999585	83.0	100.0
263.85386939998716	83.0	100.0
263.97293399999035	83.0	100.0
263.97296189999906	83.0	100.0
263.9729736999725	83.0	100.0
263.97298439999577	83.0	100.0
263.9729948999884	83.0	100.0
263.973004999978	83.0	100.0
263.99297389999265	83.0	100.0
264.01411229997757	83.0	100.0
264.033681699977	83.0	100.0
264.05534269998316	83.0	100.0
264.07397359999595	83.0	100.0
264.09435709999525	83.0	100.0
264.13992679998046	83.0	100.0
264.1399452999758	83.0	100.0
264.15409779999754	83.0	100.0
264.2801097999909	83.0	100.0
264.28032799999346	83.0	100.0
264.2803404999722	83.0	100.0
264.2803487999772	83.0	100.0
264.2803563999769	83.0	100.0
264.28036419997807	83.0	100.0
264.2934255999862	83.0	100.0
264.3134926999919	83.0	100.0
264.33375269998214	83.0	100.0
264.35442099999636	83.0	100.0
264.4064121999836	83.0	100.0
264.4064352999849	83.0	100.0
264.41367449998506	83.0	100.0
264.4343665999768	83.0	100.0
264.4536556999956	83.0	100.0
264.50383729999885	83.0	100.0
264.5038588999887	83.0	100.0
264.51693689997774	83.0	100.0
264.5344400999893	83.0	100.0
264.5540388999798	83.0	100.0
264.6068376999756	83.0	100.0
264.6068570999778	83.0	100.0
264.61347409998416	83.0	100.0
264.63343509999686	83.0	100.0
264.6553927999921	83.0	100.0
264.6731563999783	83.0	100.0
264.7092816999939	83.0	100.0
264.71578329999465	83.0	100.0
264.734973499988	82.0	100.0
264.75413789998856	82.0	100.0
264.77513899997575	82.0	100.0
264.8114223999728	82.0	100.0
264.81489129998954	82.0	100.0
264.83389139999053	82.0	100.0
264.85386939998716	82.0	100.0
264.87428759998875	82.0	100.0
264.91386339999735	82.0	100.0
264.91485789997387	82.0	100.0
264.9344232000003	82.0	100.0
264.9552400999819	82.0	100.0
264.97737449998385	82.0	100.0
265.01591389998794	82.0	100.0
265.0159330999886	82.0	100.0
265.0345264999778	82.0	100.0
265.05589689998305	82.0	100.0
265.07449879997876	82.0	100.0
265.10609839999233	82.0	100.0
265.1140974999871	82.0	100.0
265.13422729997546	82.0	100.0
265.15427859997726	82.0	100.0
265.17465879998053	82.0	100.0
265.36997849997715	82.0	100.0
265.37002719999873	82.0	100.0
265.3700517999823	82.0	100.0
265.37007469998207	82.0	100.0
265.37009749998106	82.0	100.0
265.37012239999603	82.0	100.0
265.37015049997717	82.0	100.0
265.37017259999993	82.0	100.0
265.3701938999875	82.0	100.0
265.37428089999594	82.0	100.0
265.3948075999797	82.0	100.0
265.57516969999415	82.0	100.0
265.57522020000033	82.0	100.0
265.5752442999801	82.0	100.0
265.5752670999791	82.0	100.0
265.57528919997276	82.0	100.0
265.5758103999833	82.0	100.0
265.57582869997714	82.0	100.0
265.5758370999829	82.0	100.0
265.57726369999	82.0	100.0
265.595410799986	82.0	100.0
265.6142927999899	82.0	100.0
265.6762989999843	82.0	100.0
265.67632009999943	82.0	100.0
265.6763284999761	82.0	100.0
265.69499799999176	82.0	100.0
265.8832105999754	82.0	100.0
265.8832579999871	82.0	100.0
265.8832760999794	82.0	100.0
265.8832926999894	82.0	100.0
265.8833092999994	82.0	100.0
265.8833252999757	82.0	100.0
265.88334119998035	82.0	100.0
265.8833573999873	82.0	100.0
265.88337299998966	82.0	100.0
265.89830359999905	82.0	100.0
265.93817359997774	82.0	100.0
265.9381938999868	82.0	100.0
265.9550861999742	82.0	100.0
265.9738988999743	82.0	100.0
265.99465789998067	82.0	100.0
266.0158816999756	82.0	100.0
266.03405729998485	82.0	100.0
266.0550982999848	82.0	100.0
266.07383599999594	82.0	100.0
266.09552839997923	82.0	100.0
266.13487599999644	82.0	100.0
266.1349094999896	82.0	100.0
266.1551659999823	82.0	100.0
266.1751375999884	82.0	100.0
266.1945667999971	82.0	100.0
266.2283280999982	82.0	100.0
266.23534409998683	82.0	100.0
266.255617399991	82.0	100.0
266.2755018999742	82.0	100.0
266.2964892999735	82.0	100.0
266.32290609998745	82.0	100.0
266.33510449997266	82.0	100.0
266.35456769997836	82.0	100.0
266.3740056999959	82.0	100.0
266.3950020999764	82.0	100.0
266.4147731999983	82.0	100.0
266.5986276999756	82.0	100.0
266.5986626999802	82.0	100.0
266.59868119997554	82.0	100.0
266.5986997	82.0	100.0
266.5987198999792	82.0	100.0
266.5994934999908	82.0	100.0
266.59951069997624	82.0	100.0
266.59951889998047	82.0	100.0
266.5995270999847	82.0	100.0
266.6153976999922	82.0	100.0
266.63499939997564	82.0	100.0
266.65489469998283	82.0	100.0
266.7128302999772	82.0	100.0
266.71391500000027	82.0	100.0
266.71783399998094	82.0	100.0
266.73584369997843	81.0	100.0
266.84873449997394	81.0	100.0
266.84879839999485	81.0	100.0
266.8488439999928	81.0	100.0
266.8488877999771	81.0	100.0
266.84893189999275	81.0	100.0
266.8573292999936	81.0	100.0
266.87543139999616	81.0	100.0
266.89789139997447	81.0	100.0
266.91603829999804	81.0	100.0
266.95439109997824	81.0	100.0
266.95541279998724	81.0	100.0
266.9749441999884	81.0	100.0
266.9949920999934	81.0	100.0
267.01506549998885	81.0	100.0
267.0408445999783	81.0	100.0
267.05633419999504	81.0	100.0
267.0757720999827	81.0	100.0
267.0957439999911	81.0	100.0
267.11330719999387	81.0	100.0
267.1311871999933	81.0	100.0
267.15308509999886	81.0	100.0
267.17331419998663	81.0	100.0
267.19514859997435	81.0	100.0
267.2148635999765	81.0	100.0
267.2348776999861	81.0	100.0
267.25565999999526	81.0	100.0
267.2766076999833	81.0	100.0
267.2955909999728	81.0	100.0
267.3154272999964	81.0	100.0
267.3358953999996	81.0	100.0
267.35531980000087	81.0	100.0
267.37576879997505	81.0	100.0
267.3956016000011	81.0	100.0
267.415588999982	81.0	100.0
267.43520029998035	81.0	100.0
267.4556169999996	81.0	100.0
267.4755301999976	81.0	100.0
267.49562219998916	81.0	100.0
267.5150599999761	81.0	100.0
267.53597339999396	81.0	100.0
267.55658929998754	81.0	100.0
267.5758968999726	81.0	100.0
267.59558419999667	81.0	100.0
267.6156357	81.0	100.0
267.63557449998916	81.0	100.0
267.65696269998443	81.0	100.0
267.67462719997275	81.0	100.0
267.6954702999792	81.0	100.0
267.7174226999923	81.0	100.0
267.73593079997227	83.0	100.0
267.75452550000045	83.0	100.0
267.77561199999764	83.0	100.0
267.79556909998064	83.0	100.0
267.815586599987	83.0	100.0
267.8359070000006	83.0	100.0
267.8567791999958	83.0	100.0
267.8753171999997	83.0	100.0
267.895590399974	83.0	100.0
267.915282699978	83.0	100.0
267.9356880999985	83.0	100.0
267.95558149999124	83.0	100.0
267.975606699998	83.0	100.0
267.996250999975	83.0	100.0
268.0155639000004	83.0	100.0
268.03430029997253	83.0	100.0
268.05591399999685	83.0	100.0
268.07622429999174	83.0	100.0
268.0965589999978	83.0	100.0
268.1144017999759	83.0	100.0
268.1356548999902	83.0	100.0
268.1551615999779	83.0	100.0
268.17530969998916	83.0	100.0
268.195556199993	83.0	100.0
268.2155834999867	83.0	100.0
268.2355531999783	83.0	100.0
268.25572649997775	83.0	100.0
268.27523289999226	83.0	100.0
268.29650849997415	83.0	100.0
268.3153893999988	83.0	100.0
268.33589669998037	83.0	100.0
268.3555015999882	83.0	100.0
268.3753425999894	83.0	100.0
268.3966560999979	83.0	100.0
268.41558499998064	83.0	100.0
268.4353418999817	83.0	100.0
268.45772969999234	83.0	100.0
268.4756680999999	83.0	100.0
268.4961547999992	83.0	100.0
268.51527869998245	83.0	100.0
268.5354043999978	83.0	100.0
268.5552708999894	83.0	100.0
268.57627649998176	83.0	100.0
268.5953719999816	83.0	100.0
268.6155269999872	83.0	100.0
268.63561309999204	83.0	100.0
268.65545609997935	83.0	100.0
268.6757876999909	83.0	100.0
268.6956265999761	83.0	100.0
268.71628549997695	83.0	100.0
268.7356246999989	83.0	100.0
268.7556344999757	83.0	100.0
268.77576929997304	83.0	100.0
268.79608339999686	83.0	100.0
268.81562289997237	83.0	100.0
268.83564659999683	83.0	100.0
268.85566729999846	83.0	100.0
268.8758643999754	83.0	100.0
268.8961585999932	83.0	100.0
268.9155953999725	83.0	100.0
268.93596329999855	83.0	100.0
268.95590309999534	83.0	100.0
268.97371849999763	83.0	100.0
268.9983280999877	83.0	100.0
269.0158450999879	83.0	100.0
269.035382299975	83.0	100.0
269.0559960999817	83.0	100.0
269.07623149998835	83.0	100.0
269.09569519999786	83.0	100.0
269.11568959997385	83.0	100.0
269.136840399995	83.0	100.0
269.1555588999763	83.0	100.0
269.1760019999929	83.0	100.0
269.1953484999831	83.0	100.0
269.21543479998945	83.0	100.0
269.23571899998933	83.0	100.0
269.25559169999906	83.0	100.0
269.2767315999954	83.0	100.0
269.2969266999862	83.0	100.0
269.3149146999931	83.0	100.0
269.33533639999223	83.0	100.0
269.3556252999988	83.0	100.0
269.3815679999825	83.0	100.0
269.39577659999486	83.0	100.0
269.41657979998854	83.0	100.0
269.4356998000003	83.0	100.0
269.4552786999848	83.0	100.0
269.4754361999803	83.0	100.0
269.49573629998486	83.0	100.0
269.5152780999779	83.0	100.0
269.5355173999851	83.0	100.0
269.55568939997465	83.0	100.0
269.57683119998546	83.0	100.0
269.5961247999803	83.0	100.0
269.6155323999992	83.0	100.0
269.63441179998335	83.0	100.0
269.65548299998045	83.0	100.0
269.6745623999741	83.0	100.0
269.6965677999833	83.0	100.0
269.7175003999728	83.0	100.0
269.7372413999983	82.0	100.0
269.75564299998223	82.0	100.0
269.7765318999882	82.0	100.0
269.79608989998815	82.0	100.0
269.81542400000035	82.0	100.0
269.8354094999959	82.0	100.0
269.85529419998056	82.0	100.0
269.8751412999991	82.0	100.0
269.8963384999952	82.0	100.0
269.915336999984	82.0	100.0
269.9355885999976	82.0	100.0
269.9554933999898	82.0	100.0
269.9756175999937	82.0	100.0
269.99569519999204	82.0	100.0
270.0159263999958	82.0	100.0
270.03459469997324	82.0	100.0
270.05541899998207	82.0	100.0
270.0768021999975	82.0	100.0
270.09698759997264	82.0	100.0
270.1155732999905	82.0	100.0
270.1358949999849	82.0	100.0
270.1556292999885	82.0	100.0
270.1771374999953	82.0	100.0
270.19836529999156	82.0	100.0
270.215601599979	82.0	100.0
270.23515849999967	82.0	100.0
270.2559162999969	82.0	100.0
270.2768378999899	82.0	100.0
270.2960834999976	82.0	100.0
270.31562189999386	82.0	100.0
270.33572319999803	82.0	100.0
270.3553879999963	82.0	100.0
270.3756422000006	82.0	100.0
270.3961061000009	82.0	100.0
270.4158013999986	82.0	100.0
270.43562489998294	82.0	100.0
270.4557758999872	82.0	100.0
270.4754916999955	82.0	100.0
270.49615229998017	82.0	100.0
270.51597849998507	82.0	100.0
270.53576229998725	82.0	100.0
270.55571239997516	82.0	100.0
270.5755162999849	82.0	100.0
270.59633789997315	82.0	100.0
270.61607429999276	82.0	100.0
270.6353057999804	82.0	100.0
270.65832029999	82.0	100.0
270.6759108999977	82.0	100.0
270.6962127999868	82.0	100.0
270.7157251999888	82.0	100.0
270.7391435999889	81.0	100.0
270.75562789998366	81.0	100.0
270.77661249999073	81.0	100.0
270.79666549997637	81.0	100.0
270.8157511999889	81.0	100.0
270.83656219998375	81.0	100.0
270.85679769999115	81.0	100.0
270.87521879997803	81.0	100.0
270.8956892999995	81.0	100.0
270.9167858999863	81.0	100.0
270.93663669997477	81.0	100.0
270.95651289998204	81.0	100.0
270.9768131999881	81.0	100.0
270.9971299999743	81.0	100.0
271.0175490999827	81.0	100.0
271.0363015999901	81.0	100.0
271.05632979999064	81.0	100.0
271.0771643999906	81.0	100.0
271.09966559999157	81.0	100.0
271.1295035999792	81.0	100.0
271.1331974999921	81.0	100.0
271.15346129998215	81.0	100.0
271.1730353999883	81.0	100.0
271.1929440999811	81.0	100.0
271.2132577999728	81.0	100.0
271.23322279998683	81.0	100.0
271.2534940999758	81.0	100.0
271.27311709997593	81.0	100.0
271.2956830999756	81.0	100.0
271.3156279999821	81.0	100.0
271.33605220000027	81.0	100.0
271.3568031999748	81.0	100.0
271.37686549997306	81.0	100.0
271.3969554999785	81.0	100.0
271.41689669998595	81.0	100.0
271.4368813999754	81.0	100.0
271.4570314999728	81.0	100.0
271.4770048999926	81.0	100.0
271.4967948999838	81.0	100.0
271.5157551000011	81.0	100.0
271.53653669997584	81.0	100.0
271.55637629999546	81.0	100.0
271.5766822999867	81.0	100.0
271.5967664999771	81.0	100.0
271.6166374999739	81.0	100.0
271.63667379997787	81.0	100.0
271.65666409998084	81.0	100.0
271.67596399999456	81.0	100.0
271.6971920999931	81.0	100.0
271.7170154999767	81.0	100.0
271.73785339997266	81.0	100.0
271.7574347999762	81.0	100.0
271.7768040999945	81.0	100.0
271.796671899996	81.0	100.0
271.8168990999984	81.0	100.0
271.8371844999783	81.0	100.0
271.85737699997844	81.0	100.0
271.8774534999975	81.0	100.0
271.8982388000004	81.0	100.0
271.9169161999889	81.0	100.0
271.93902379999054	81.0	100.0
271.9572371999966	81.0	100.0
271.9769182999735	81.0	100.0
271.9971718999732	81.0	100.0
272.01738339997246	81.0	100.0
272.03729779997957	81.0	100.0
272.05765369997243	81.0	100.0
272.07653339998797	81.0	100.0
272.0969037999748	81.0	100.0
272.11731129998225	81.0	100.0
272.13723349999054	81.0	100.0
272.15730829999666	81.0	100.0
272.1776823999826	81.0	100.0
272.1972477999807	81.0	100.0
272.2174270999967	81.0	100.0
272.23768500000006	81.0	100.0
272.2585210999823	81.0	100.0
272.2775535999972	81.0	100.0
272.29772369997227	81.0	100.0
272.3176574999816	81.0	100.0
272.3373573999852	81.0	100.0
272.35793009999907	81.0	100.0
272.3777437999961	81.0	100.0
272.39812869997695	81.0	100.0
272.4179223999963	81.0	100.0
272.43760079998174	81.0	100.0
272.45778499997687	81.0	100.0
272.47780369999236	81.0	100.0
272.498177499976	81.0	100.0
272.51641169999493	81.0	100.0
272.53696819997276	81.0	100.0
272.5575443999842	81.0	100.0
272.5782224999857	81.0	100.0
272.5980637999892	81.0	100.0
272.6173281999945	81.0	100.0
272.6376483999775	81.0	100.0
272.65791679997346	81.0	100.0
272.678943899984	81.0	100.0
272.6977305999899	81.0	100.0
272.7179823999759	81.0	100.0
272.73923479998484	80.0	100.0
272.75830989997485	80.0	100.0
272.7778909999761	80.0	100.0
272.7974845999852	80.0	100.0
272.8178922999941	80.0	100.0
272.83761339998455	80.0	100.0
272.8579250999901	80.0	100.0
272.87778119998984	80.0	100.0
272.89813129999675	80.0	100.0
272.9179726000002	80.0	100.0
272.9376595999929	80.0	100.0
272.95766809998895	80.0	100.0
272.98613320000004	80.0	100.0
272.9978830999753	80.0	100.0
273.01782149999053	80.0	100.0
273.0375621999847	80.0	100.0
273.0586387999938	80.0	100.0
273.07855719997315	80.0	100.0
273.0982238999859	80.0	100.0
273.11765000000014	80.0	100.0
273.1382417999848	80.0	100.0
273.1575573999726	80.0	100.0
273.1781400999753	80.0	100.0
273.1981356999895	80.0	100.0
273.21716669999296	80.0	100.0
273.2375466999947	80.0	100.0
273.2577575999894	80.0	100.0
273.2781737999758	80.0	100.0
273.29842019997886	80.0	100.0
273.3178173999768	80.0	100.0
273.337867299997	80.0	100.0
273.3576138999779	80.0	100.0
273.37804149999283	80.0	100.0
273.3980853999965	80.0	100.0
273.4170334999799	80.0	100.0
273.4397371999803	80.0	100.0
273.4592342999822	80.0	100.0
273.47828939999454	80.0	100.0
273.49901209998643	80.0	100.0
273.5179872000008	80.0	100.0
273.5380961999763	80.0	100.0
273.55849579998176	80.0	100.0
273.57830679998733	80.0	100.0
273.5984316999966	80.0	100.0
273.61908049997874	80.0	100.0
273.637639499997	80.0	100.0
273.66209709999384	80.0	100.0
273.6799169999722	80.0	100.0
273.6994355999923	80.0	100.0
273.7195062999963	80.0	100.0
273.73938849999104	81.0	100.0
273.7582496999821	81.0	100.0
273.7789674999949	81.0	100.0
273.7983926999732	81.0	100.0
273.8183097000001	81.0	100.0
273.8381702999759	81.0	100.0
273.858988699998	81.0	100.0
273.8783387999865	81.0	100.0
273.8992148999823	81.0	100.0
273.91866249998566	81.0	100.0
273.93914489998133	81.0	100.0
273.95819639999536	81.0	100.0
273.9782987999788	81.0	100.0
273.9988930999825	81.0	100.0
274.01792600000044	81.0	100.0
274.03759669998544	81.0	100.0
274.0583023999934	81.0	100.0
274.0775821999996	81.0	100.0
274.0992178999877	81.0	100.0
274.1171405999921	81.0	100.0
274.13755200000014	81.0	100.0
274.1575394999818	81.0	100.0
274.1806522999832	81.0	100.0
274.19639819997246	81.0	100.0
274.21548289997736	81.0	100.0
274.2339368999819	81.0	100.0
274.254219800001	81.0	100.0
274.276272099989	81.0	100.0
274.2956204999937	81.0	100.0
274.3154390999989	81.0	100.0
274.3366323999944	81.0	100.0
274.3572935999837	81.0	100.0
274.3775390999799	81.0	100.0
274.3972056999919	81.0	100.0
274.4159788999823	81.0	100.0
274.4373319000006	81.0	100.0
274.4577494999976	81.0	100.0
274.479506499978	81.0	100.0
274.49984409997705	81.0	100.0
274.5184210999869	81.0	100.0
274.5397555999807	81.0	100.0
274.5593395999749	81.0	100.0
274.5783655999985	81.0	100.0
274.60225339999306	81.0	100.0
274.61916889998247	81.0	100.0
274.6394386999891	81.0	100.0
274.66356589997304	81.0	100.0
274.6792007999902	81.0	100.0
274.69936509997933	81.0	100.0
274.7199657999736	81.0	100.0
274.73975719997543	82.0	100.0
274.75922919998993	82.0	100.0
274.7779098999745	82.0	100.0
274.799016999983	82.0	100.0
274.81972579998546	82.0	100.0
274.8377570999728	82.0	100.0
274.85916529997485	82.0	100.0
274.8792246999801	82.0	100.0
274.89956019999227	82.0	100.0
274.9197002000001	82.0	100.0
274.93942089998745	82.0	100.0
274.9589119000011	82.0	100.0
274.97965470000054	82.0	100.0
274.99957119999453	82.0	100.0
275.0193971999979	82.0	100.0
275.0396833999839	82.0	100.0
275.0591507999925	82.0	100.0
275.0795574999938	82.0	100.0
275.09956469997996	82.0	100.0
275.1196034999739	82.0	100.0
275.1397377999965	82.0	100.0
275.1597171999747	82.0	100.0
275.17959629997495	82.0	100.0
275.1996313999989	82.0	100.0
275.2198497999925	82.0	100.0
275.23957320000045	82.0	100.0
275.25944519997574	82.0	100.0
275.2792625000002	82.0	100.0
275.29953429999296	82.0	100.0
275.31961559999036	82.0	100.0
275.3401792999939	82.0	100.0
275.3595549999736	82.0	100.0
275.37947219997295	82.0	100.0
275.399528799986	82.0	100.0
275.4206889999914	82.0	100.0
275.4391051999992	82.0	100.0
275.4590613999753	82.0	100.0
275.4789310999913	82.0	100.0
275.4998847999959	82.0	100.0
275.51909229997545	82.0	100.0
275.5393837999727	82.0	100.0
275.5580871999846	82.0	100.0
275.5797587999841	82.0	100.0
275.59972749999724	82.0	100.0
275.6194070999918	82.0	100.0
275.63914729998214	82.0	100.0
275.6594094999891	82.0	100.0
275.67894249997335	82.0	100.0
275.6995410999807	82.0	100.0
275.720720399986	82.0	100.0
275.7397225999739	82.0	100.0
275.7590427999967	82.0	100.0
275.78225089999614	82.0	100.0
275.7977867999871	82.0	100.0
275.81952349998755	82.0	100.0
275.8395927999809	82.0	100.0
275.85937049999484	82.0	100.0
275.8792068999901	82.0	100.0
275.89989219998824	82.0	100.0
275.9193450999737	82.0	100.0
275.93947089998983	82.0	100.0
275.95920029998524	82.0	100.0
275.9785479999846	82.0	100.0
275.9993547999766	82.0	100.0
276.0198404999974	82.0	100.0
276.03910299998824	82.0	100.0
276.0584389999858	82.0	100.0
276.079496499995	82.0	100.0
276.0997599999828	82.0	100.0
276.11968329999945	82.0	100.0
276.13992989997496	82.0	100.0
276.15944559997297	82.0	100.0
276.1793208999734	82.0	100.0
276.1996699999727	82.0	100.0
276.2190192999842	82.0	100.0
276.240003599989	82.0	100.0
276.2596599999815	82.0	100.0
276.28186749998713	82.0	100.0
276.30011019998346	82.0	100.0
276.3195650999842	82.0	100.0
276.33960119998665	82.0	100.0
276.35868979999213	82.0	100.0
276.3799648999993	82.0	100.0
276.3980172999727	82.0	100.0
276.4200887999905	82.0	100.0
276.4376233999792	82.0	100.0
276.4576565999887	82.0	100.0
276.4768345999764	82.0	100.0
276.49796629999764	82.0	100.0
276.5182277999993	82.0	100.0
276.5400764999795	82.0	100.0
276.5584888999874	82.0	100.0
276.57957859997987	82.0	100.0
276.60101359998225	82.0	100.0
276.6196807999804	82.0	100.0
276.6396661999752	82.0	100.0
276.661755899986	82.0	100.0
276.6807122999744	82.0	100.0
276.7006300999783	82.0	100.0
276.7207002999785	82.0	100.0
276.73889379997854	83.0	100.0
276.7597477999807	83.0	100.0
276.78064599999925	83.0	100.0
276.8006438999728	83.0	100.0
276.82028960000025	83.0	100.0
276.83953699999256	83.0	100.0
276.8607855999726	83.0	100.0
276.8802696999919	83.0	100.0
276.9014337999979	83.0	100.0
276.92399489998934	83.0	100.0
276.9394434999849	83.0	100.0
276.96076170000015	83.0	100.0
276.98055299997213	83.0	100.0
276.99963399997796	83.0	100.0
277.0205803999852	83.0	100.0
277.04104469998856	83.0	100.0
277.0612228999962	83.0	100.0
277.0804314999841	83.0	100.0
277.10139499997604	83.0	100.0
277.1198694999912	83.0	100.0
277.14086029998725	83.0	100.0
277.1614831999759	83.0	100.0
277.1849367999821	83.0	100.0
277.19921189997694	83.0	100.0
277.2193922000006	83.0	100.0
277.23882369999774	83.0	100.0
277.2600897999946	83.0	100.0
277.27965299997595	83.0	100.0
277.30170889999135	83.0	100.0
277.3205450999958	83.0	100.0
277.3409587999922	83.0	100.0
277.3605105999741	83.0	100.0
277.3806637999951	83.0	100.0
277.40086339999107	83.0	100.0
277.42088419999345	83.0	100.0
277.4396252000006	83.0	100.0
277.4614473999827	83.0	100.0
277.48100729999715	83.0	100.0
277.5010001999908	83.0	100.0
277.5211182999774	83.0	100.0
277.5427862999786	83.0	100.0
277.5599062999827	83.0	100.0
277.5835894999909	83.0	100.0
277.5995682999783	83.0	100.0
277.6205320000008	83.0	100.0
277.64005569997244	83.0	100.0
277.6603548999992	83.0	100.0
277.68043999999645	83.0	100.0
277.7008254999819	83.0	100.0
277.72133739999845	83.0	100.0
277.74162929999875	84.0	100.0
277.76138739997987	84.0	100.0
277.78080999999656	84.0	100.0
277.80118209999637	84.0	100.0
277.82130119999056	84.0	100.0
277.84134139999514	84.0	100.0
277.86103770000045	84.0	100.0
277.8806179999956	84.0	100.0
277.9015101999976	84.0	100.0
277.92077369999606	84.0	100.0
277.9415593999729	84.0	100.0
277.96115419999114	84.0	100.0
277.9817051999853	84.0	100.0
278.0016480999766	84.0	100.0
278.0214723999961	84.0	100.0
278.0411689999746	84.0	100.0
278.0616233999899	84.0	100.0
278.08428689997527	84.0	100.0
278.1017217999906	84.0	100.0
278.12140979999094	84.0	100.0
278.1416272999777	84.0	100.0
278.16099229999236	84.0	100.0
278.18107489999966	84.0	100.0
278.2002320999745	84.0	100.0
278.2207915999752	84.0	100.0
278.2405135999725	84.0	100.0
278.2605932999868	84.0	100.0
278.28340449999087	84.0	100.0
278.301805999974	84.0	100.0
278.32121189997997	84.0	100.0
278.3415683999774	84.0	100.0
278.36120200000005	84.0	100.0
278.3815829999803	84.0	100.0
278.40171359997476	84.0	100.0
278.42158539997763	84.0	100.0
278.4397656999936	84.0	100.0
278.46176689999993	84.0	100.0
278.4814174999774	84.0	100.0
278.502112999995	84.0	100.0
278.5209430999821	84.0	100.0
278.54144339999766	84.0	100.0
278.5654413999873	84.0	100.0
278.5811458999815	84.0	100.0
278.60187569999835	84.0	100.0
278.62165609997464	84.0	100.0
278.64158809999935	84.0	100.0
278.6617954999965	84.0	100.0
278.68152689997805	84.0	100.0
278.702175399987	84.0	100.0
278.72227839997504	84.0	100.0
278.74223829997936	85.0	100.0
278.76185059998534	85.0	100.0
278.7818088999775	85.0	100.0
278.8017125999904	85.0	100.0
278.8214454999834	85.0	100.0
278.8417057999759	85.0	100.0
278.8615407999896	85.0	100.0
278.88187449998804	85.0	100.0
278.90221349999774	85.0	100.0
278.9216201999807	85.0	100.0
278.9416136999789	85.0	100.0
278.96096430000034	85.0	100.0
278.9810451999947	85.0	100.0
279.0012309999729	85.0	100.0
279.0221019999881	85.0	100.0
279.04108479997376	85.0	100.0
279.0591825999727	85.0	100.0
279.0799272999866	85.0	100.0
279.1018211999908	85.0	100.0
279.1214194999775	85.0	100.0
279.14170509998803	85.0	100.0
279.16125959999044	85.0	100.0
279.1824130999739	85.0	100.0
279.20253779998166	85.0	100.0
279.22286799998255	85.0	100.0
279.2410105999734	85.0	100.0
279.2615528999886	85.0	100.0
279.2815562999749	85.0	100.0
279.3019333999837	85.0	100.0
279.32184009999037	85.0	100.0
279.34192759997677	85.0	100.0
279.3608564999886	85.0	100.0
279.3856851999881	85.0	100.0
279.40220519999275	85.0	100.0
279.4222612999729	85.0	100.0
279.44187569999485	85.0	100.0
279.4615925999824	85.0	100.0
279.4814141999814	85.0	100.0
279.50369369998225	85.0	100.0
279.5216506999859	85.0	100.0
279.5416743999813	85.0	100.0
279.5615969999926	85.0	100.0
279.58238399997936	85.0	100.0
279.60258279999834	85.0	100.0
279.6239003999799	85.0	100.0
279.64347009998164	85.0	100.0
279.6638124999881	85.0	100.0
279.68094139997265	85.0	100.0
279.70215229998576	85.0	100.0
279.7228774999967	85.0	100.0
279.7418742000009	86.0	100.0
279.761611599999	86.0	100.0
279.7815663999936	86.0	100.0
279.8018037999864	86.0	100.0
279.8239151999878	86.0	100.0
279.84174350000103	86.0	100.0
279.86184879997745	86.0	100.0
279.8868583999865	86.0	100.0
279.9024445999821	86.0	100.0
279.921365599992	86.0	100.0
279.9411409999884	86.0	100.0
279.96125969997956	86.0	100.0
279.98164089999045	86.0	100.0
280.0016368999786	86.0	100.0
280.02164799999446	86.0	100.0
280.0410650999984	86.0	100.0
280.06123339998885	86.0	100.0
280.0811246999947	86.0	100.0
280.10150799999246	86.0	100.0
280.1211410999822	86.0	100.0
280.1435470999859	86.0	100.0
280.1609208000009	86.0	100.0
280.192791199981	86.0	100.0
280.20089569999254	86.0	100.0
280.22097589998157	86.0	100.0
280.2418951999862	86.0	100.0
280.26024029997643	86.0	100.0
280.2820325999928	86.0	100.0
280.3021428999782	86.0	100.0
280.321575399983	86.0	100.0
280.34164589998545	86.0	100.0
280.3613665999728	86.0	100.0
280.38124809999135	86.0	100.0
280.401429599995	86.0	100.0
280.4214294999838	86.0	100.0
280.44161749997875	86.0	100.0
280.46145039997646	86.0	100.0
280.481180999981	86.0	100.0
280.5014291999978	86.0	100.0
280.52210669999477	86.0	100.0
280.5420576999895	86.0	100.0
280.5617585	86.0	100.0
280.5822673999937	86.0	100.0
280.6021701999998	86.0	100.0
280.62164339999435	86.0	100.0
280.6430991999805	86.0	100.0
280.6615289999754	86.0	100.0
280.68129839998437	86.0	100.0
280.70161569997435	86.0	100.0
280.7224554999848	86.0	100.0
280.74274929999956	87.0	100.0
280.76161049999064	87.0	100.0
280.7816093000001	87.0	100.0
280.8017571999808	87.0	100.0
280.822345499997	87.0	100.0
280.8409691999841	87.0	100.0
280.8615350999753	87.0	100.0
280.88151619999553	87.0	100.0
280.90204689998063	87.0	100.0
280.92094789998373	87.0	100.0
280.9413254999963	87.0	100.0
280.9612380999897	87.0	100.0
280.98158609998063	87.0	100.0
281.0019176999922	87.0	100.0
281.02120089999516	87.0	100.0
281.0423622999806	87.0	100.0
281.06308919997537	87.0	100.0
281.0817660999892	87.0	100.0
281.1022322999779	87.0	100.0
281.1219324999838	87.0	100.0
281.1421881999995	87.0	100.0
281.162048499973	87.0	100.0
281.1866569999838	87.0	100.0
281.20213779999176	87.0	100.0
281.22254999997676	87.0	100.0
281.2418798999861	87.0	100.0
281.2619499999855	87.0	100.0
281.2816201999958	87.0	100.0
281.3027839999995	87.0	100.0
281.32171519999974	87.0	100.0
281.34185779999825	87.0	100.0
281.3634107999969	87.0	100.0
281.38291119999485	87.0	100.0
281.402311599988	87.0	100.0
281.4222402999876	87.0	100.0
281.4419081999804	87.0	100.0
281.4622880999814	87.0	100.0
281.4817801999743	87.0	100.0
281.50207119999686	87.0	100.0
281.5217839999823	87.0	100.0
281.54259629998705	87.0	100.0
281.56207169999834	87.0	100.0
281.5833719999937	87.0	100.0
281.6021622999979	87.0	100.0
281.6211421999906	87.0	100.0
281.6411561999994	87.0	100.0
281.66192239997326	87.0	100.0
281.6882287999906	87.0	100.0
281.7025316999934	87.0	100.0
281.7234743000008	87.0	100.0
281.7429742999957	86.0	100.0
281.76241279998794	86.0	100.0
281.7828212999739	86.0	100.0
281.80229259998305	86.0	100.0
281.8222221999895	86.0	100.0
281.8419881000009	86.0	100.0
281.8622059999907	86.0	100.0
281.881456299976	86.0	100.0
281.9016006999882	86.0	100.0
281.9209386000002	86.0	100.0
281.93766440000036	86.0	100.0
281.95757239998784	86.0	100.0
281.9780540999782	86.0	100.0
281.99815079997643	86.0	100.0
282.01842709997436	86.0	100.0
282.039251899987	86.0	100.0
282.06209549997584	86.0	100.0
282.0823776999896	86.0	100.0
282.10256519998075	86.0	100.0
282.12220689997775	86.0	100.0
282.1416013999842	86.0	100.0
282.1614017999964	86.0	100.0
282.18225990000064	86.0	100.0
282.20211349998135	86.0	100.0
282.2220063999994	86.0	100.0
282.2419173999806	86.0	100.0
282.2625339999795	86.0	100.0
282.2819451999967	86.0	100.0
282.3023284999945	86.0	100.0
282.32127169999876	86.0	100.0
282.34136569997645	86.0	100.0
282.3609216999903	86.0	100.0
282.38122039998416	86.0	100.0
282.40094259998295	86.0	100.0
282.4222536999732	86.0	100.0
282.4417257999885	86.0	100.0
282.46191220000037	86.0	100.0
282.4817455999728	86.0	100.0
282.5032352999842	86.0	100.0
282.5211490999791	86.0	100.0
282.5411346999754	86.0	100.0
282.56134849999216	86.0	100.0
282.58141019998584	86.0	100.0
282.60307379998267	86.0	100.0
282.6222913999809	86.0	100.0
282.64069079997716	86.0	100.0
282.66359609999927	86.0	100.0
282.6789223999949	86.0	100.0
282.69810629999847	86.0	100.0
282.71787429999677	86.0	100.0
282.7395961000002	85.0	100.0
282.7618731999828	85.0	100.0
282.7816548999981	85.0	100.0
282.8016926999844	85.0	100.0
282.82207999998354	85.0	100.0
282.84164899997995	85.0	100.0
282.86257739999564	85.0	100.0
282.88186489997315	85.0	100.0
282.9028448999743	85.0	100.0
282.921283499978	85.0	100.0
282.9410722999892	85.0	100.0
282.96146179997595	85.0	100.0
282.98923839998315	85.0	100.0
283.0018001999997	85.0	100.0
283.0214705999824	85.0	100.0
283.0415254999825	85.0	100.0
283.06186929999967	85.0	100.0
283.08210489997873	85.0	100.0
283.1028105999867	85.0	100.0
283.11866699997336	85.0	100.0
283.1419307999895	85.0	100.0
283.16174079998746	85.0	100.0
283.18147899999167	85.0	100.0
283.20306819997495	85.0	100.0
283.2221059000003	85.0	100.0
283.24187219998566	85.0	100.0
283.2655493999773	85.0	100.0
283.2841750999796	85.0	100.0
283.3020083999727	85.0	100.0
283.3203315999999	85.0	100.0
283.3430937999801	85.0	100.0
283.36168559998623	85.0	100.0
283.38164839998353	85.0	100.0
283.4030523999827	85.0	100.0
283.4219400000002	85.0	100.0
283.4421055999992	85.0	100.0
283.46208839997416	85.0	100.0
283.48160049997387	85.0	100.0
283.5033105999755	85.0	100.0
283.52225059998455	85.0	100.0
283.5419591999962	85.0	100.0
283.56142539999564	85.0	100.0
283.58240599997225	85.0	100.0
283.60188189998735	85.0	100.0
283.62248120000004	85.0	100.0
283.64225919998717	85.0	100.0
283.6619323999912	85.0	100.0
283.6819433999772	85.0	100.0
283.7022840999998	85.0	100.0
283.7237298999971	85.0	100.0
283.74257859998033	85.0	100.0
283.76191869998	85.0	100.0
283.7822258999804	85.0	100.0
283.8019827999815	85.0	100.0
283.82150559997535	85.0	100.0
283.84130049997475	85.0	100.0
283.861109999998	85.0	100.0
283.8811734999763	85.0	100.0
283.9016001999844	85.0	100.0
283.9211499999801	85.0	100.0
283.94151689999853	85.0	100.0
283.96102949997294	85.0	100.0
283.9810891999805	85.0	100.0
284.0019864999922	85.0	100.0
284.0222579999827	85.0	100.0
284.04136009997455	85.0	100.0
284.0613049999811	85.0	100.0
284.08153849997325	85.0	100.0
284.10161829998833	85.0	100.0
284.1212778999761	85.0	100.0
284.1418168999953	85.0	100.0
284.16133689999697	85.0	100.0
284.1813815999776	85.0	100.0
284.2017549999873	85.0	100.0
284.2218049999792	85.0	100.0
284.24165439998615	85.0	100.0
284.26173929998185	85.0	100.0
284.28129849999095	85.0	100.0
284.3029379999789	85.0	100.0
284.32261659999494	85.0	100.0
284.3415919999825	85.0	100.0
284.36138829999254	85.0	100.0
284.38156249999884	85.0	100.0
284.40151909997803	85.0	100.0
284.4218068999762	85.0	100.0
284.44151609999244	85.0	100.0
284.4614246999845	85.0	100.0
284.48159869998926	85.0	100.0
284.5025183999969	85.0	100.0
284.52124339999864	85.0	100.0
284.5416116999986	85.0	100.0
284.5612764999969	85.0	100.0
284.5816364999919	85.0	100.0
284.6022074999928	85.0	100.0
284.62286489998223	85.0	100.0
284.64236999998684	85.0	100.0
284.66294079998625	85.0	100.0
284.68210829998134	85.0	100.0
284.7007963999931	85.0	100.0
284.72408169999835	85.0	100.0
284.7401360999793	84.0	100.0
284.75934089999646	84.0	100.0
284.7794311999751	84.0	100.0
284.80194899998605	84.0	100.0
284.8220334999787	84.0	100.0
284.8430343999935	84.0	100.0
284.86304589998326	84.0	100.0
284.8839123999933	84.0	100.0
284.90318339999067	84.0	100.0
284.922597799974	84.0	100.0
284.9438962999848	84.0	100.0
284.96194869998726	84.0	100.0
284.98298519998207	84.0	100.0
285.00274239998544	84.0	100.0
285.0232208999805	84.0	100.0
285.041101299983	84.0	100.0
285.06136789999437	84.0	100.0
285.08185619997676	84.0	100.0
285.10160479997285	84.0	100.0
285.12135989998933	84.0	100.0
285.1416233999771	84.0	100.0
285.1615942999779	84.0	100.0
285.1817771999922	84.0	100.0
285.20156499999575	84.0	100.0
285.2220125999884	84.0	100.0
285.2421411999967	84.0	100.0
285.2617228999734	84.0	100.0
285.2815880999842	84.0	100.0
285.3033925999771	84.0	100.0
285.32167199999094	84.0	100.0
285.342485399975	84.0	100.0
285.36031509999884	84.0	100.0
285.3816861999803	84.0	100.0
285.4025625999784	84.0	100.0
285.4215880999982	84.0	100.0
285.4430177999893	84.0	100.0
285.46307109997724	84.0	100.0
285.48259169998346	84.0	100.0
285.50303029999486	84.0	100.0
285.5226679999905	84.0	100.0
285.54307189999963	84.0	100.0
285.56314199999906	84.0	100.0
285.5830425999884	84.0	100.0
285.60368699999526	84.0	100.0
285.6235174999747	84.0	100.0
285.64338179997867	84.0	100.0
285.66524109998136	84.0	100.0
285.68329789998825	84.0	100.0
285.7035727999755	84.0	100.0
285.72472639998887	84.0	100.0
285.74372139998013	84.0	100.0
285.76367379998555	84.0	100.0
285.7836964999733	84.0	100.0
285.80358079998405	84.0	100.0
285.8226878999849	84.0	100.0
285.84254959999816	84.0	100.0
285.8626965000003	84.0	100.0
285.88240929998574	84.0	100.0
285.90354459997616	84.0	100.0
285.92389679999906	84.0	100.0
285.94284519998473	84.0	100.0
285.96252769997227	84.0	100.0
285.9832507999963	84.0	100.0
286.0018348999729	84.0	100.0
286.0230918999878	84.0	100.0
286.04199889997835	84.0	100.0
286.06302819997654	84.0	100.0
286.08315629998106	84.0	100.0
286.10349169999245	84.0	100.0
286.1216824000003	84.0	100.0
286.1432580999972	84.0	100.0
286.1634060999786	84.0	100.0
286.18176259999746	84.0	100.0
286.20160739999847	84.0	100.0
286.22438390000025	84.0	100.0
286.24334829999134	84.0	100.0
286.2632844999898	84.0	100.0
286.28376309998566	84.0	100.0
286.30362299998524	84.0	100.0
286.3233995999908	84.0	100.0
286.3444045999786	84.0	100.0
286.3642700999917	84.0	100.0
286.38339989999076	84.0	100.0
286.40326309998636	84.0	100.0
286.4229455999739	84.0	100.0
286.44348079999327	84.0	100.0
286.46353189999354	84.0	100.0
286.4838280999975	84.0	100.0
286.50380159998895	84.0	100.0
286.52434269999503	84.0	100.0
286.5432902999746	84.0	100.0
286.56288949999725	84.0	100.0
286.58396169997286	84.0	100.0
286.6035859999829	84.0	100.0
286.62393389997305	84.0	100.0
286.6435161999834	84.0	100.0
286.6634927999985	84.0	100.0
286.6868813999754	84.0	100.0
286.70219839998754	84.0	100.0
286.7241738999728	84.0	100.0
286.7448590999993	85.0	100.0
286.765602999978	85.0	100.0
286.78366689998074	85.0	100.0
286.80394610000076	85.0	100.0
286.8235216999892	85.0	100.0
286.8436490999884	85.0	100.0
286.86312739999266	85.0	100.0
286.8851821999997	85.0	100.0
286.90562189999036	85.0	100.0
286.924909399997	85.0	100.0
286.94385259997216	85.0	100.0
286.98513399998774	85.0	100.0
286.9851845999947	85.0	100.0
287.01582869997947	85.0	100.0
287.04613649999374	85.0	100.0
287.0461670999939	85.0	100.0
287.0644346999761	85.0	100.0
287.083484999981	85.0	100.0
287.10541459999513	85.0	100.0
287.1235833999817	85.0	100.0
287.1440083999769	85.0	100.0
287.16348149999976	85.0	100.0
287.1837060999824	85.0	100.0
287.2189158999827	85.0	100.0
287.2323144999973	85.0	100.0
287.24460769997677	85.0	100.0
287.26341819998925	85.0	100.0
287.28383739999845	85.0	100.0
287.3085659999924	85.0	100.0
287.32352289999835	85.0	100.0
287.3425778999808	85.0	100.0
287.3633461999998	85.0	100.0
287.38335979997646	85.0	100.0
287.4037459999963	85.0	100.0
287.423283799988	85.0	100.0
287.44337480000104	85.0	100.0
287.46345759998076	85.0	100.0
287.4837024999724	85.0	100.0
287.5057783999946	85.0	100.0
287.5231412999856	85.0	100.0
287.54369429999497	85.0	100.0
287.56424680000055	85.0	100.0
287.5846001999744	85.0	100.0
287.60622819999116	85.0	100.0
287.623539799999	85.0	100.0
287.64351019999594	85.0	100.0
287.66380859998753	85.0	100.0
287.6837124999729	85.0	100.0
287.70526139999856	85.0	100.0
287.72905549997813	85.0	100.0
287.744686799997	85.0	100.0
287.7651626999723	85.0	100.0
287.78379809999024	85.0	100.0
287.8047787999967	85.0	100.0
287.8245982999797	85.0	100.0
287.84452989997226	85.0	100.0
287.8639282999793	85.0	100.0
287.8887230999826	85.0	100.0
287.9050874999957	85.0	100.0
287.9236699999892	85.0	100.0
287.9438309999823	85.0	100.0
287.9645683999988	85.0	100.0
287.9846104999888	85.0	100.0
288.0038246999902	85.0	100.0
288.02376159999403	85.0	100.0
288.043803699984	85.0	100.0
288.0632240999839	85.0	100.0
288.08329709997633	85.0	100.0
288.1033792999806	85.0	100.0
288.1236017999763	85.0	100.0
288.14368999999715	85.0	100.0
288.16328229999635	85.0	100.0
288.18394289998105	85.0	100.0
288.2038750999782	85.0	100.0
288.22456209998927	85.0	100.0
288.2431835999887	85.0	100.0
288.2632477999723	85.0	100.0
288.28337889999966	85.0	100.0
288.304703199974	85.0	100.0
288.3247113999969	85.0	100.0
288.3446013999928	85.0	100.0
288.36382009999943	85.0	100.0
288.3835920999991	85.0	100.0
288.4047842999862	85.0	100.0
288.4257429999998	85.0	100.0
288.4449383999745	85.0	100.0
288.46304239999154	85.0	100.0
288.48361060000025	85.0	100.0
288.50487219999195	85.0	100.0
288.52398609998636	85.0	100.0
288.54184339998756	85.0	100.0
288.56066419999115	85.0	100.0
288.58029019998503	85.0	100.0
288.60078849998536	85.0	100.0
288.6231238999753	85.0	100.0
288.64270189998206	85.0	100.0
288.6656973999925	85.0	100.0
288.68382519998704	85.0	100.0
288.7060289999936	85.0	100.0
288.7260167999775	85.0	100.0
288.74551199999405	86.0	100.0
288.7645349999948	86.0	100.0
288.78352379999706	86.0	100.0
288.8051529999939	86.0	100.0
288.82503459998406	86.0	100.0
288.84396249998827	86.0	100.0
288.8649106999801	86.0	100.0
288.88450469999225	86.0	100.0
288.9057136999909	86.0	100.0
288.92444839997916	86.0	100.0
288.94479979999596	86.0	100.0
288.9637867999845	86.0	100.0
288.98481749999337	86.0	100.0
289.00358499999857	86.0	100.0
289.02465409997967	86.0	100.0
289.04507129997364	86.0	100.0
289.0643470999785	86.0	100.0
289.08560539997416	86.0	100.0
289.1053251999838	86.0	100.0
289.1246263999783	86.0	100.0
289.1449125999934	86.0	100.0
289.164575599978	86.0	100.0
289.18489969999064	86.0	100.0
289.2049582999898	86.0	100.0
289.2329475999868	86.0	100.0
289.24464189997525	86.0	100.0
289.2815925999894	86.0	100.0
289.2848584999738	86.0	100.0
289.3054139999731	86.0	100.0
289.3410040999879	86.0	100.0
289.34702659997856	86.0	100.0
289.3641852999863	86.0	100.0
289.38676329999	86.0	100.0
289.40560869997717	86.0	100.0
289.4257472999743	86.0	100.0
289.4425777999859	86.0	100.0
289.4650887999742	86.0	100.0
289.48447729999316	86.0	100.0
289.5047166000004	86.0	100.0
289.5250606999907	86.0	100.0
289.5450851999922	86.0	100.0
289.5646272999875	86.0	100.0
289.5852277999802	86.0	100.0
289.60405159997754	86.0	100.0
289.6237816999783	86.0	100.0
289.6449451999797	86.0	100.0
289.6653915999923	86.0	100.0
289.6849489999877	86.0	100.0
289.7054872000008	86.0	100.0
289.724902499991	86.0	100.0
289.74580129998503	86.0	100.0
289.76497549997293	86.0	100.0
289.78390599999693	86.0	100.0
289.8045868999907	86.0	100.0
289.82537439998123	86.0	100.0
289.8451822999923	86.0	100.0
289.8660208999936	86.0	100.0
289.88492309997673	86.0	100.0
289.905071199988	86.0	100.0
289.9246860999847	86.0	100.0
289.94436929997755	86.0	100.0
289.9648631999735	86.0	100.0
289.98501619999297	86.0	100.0
290.0052555000002	86.0	100.0
290.02481819997774	86.0	100.0
290.04488889998174	86.0	100.0
290.0650082999782	86.0	100.0
290.08490839999286	86.0	100.0
290.1052299999865	86.0	100.0
290.1250310999749	86.0	100.0
290.1447151999746	86.0	100.0
290.16670709999744	86.0	100.0
290.1854340999853	86.0	100.0
290.20589869999094	86.0	100.0
290.2243899999885	86.0	100.0
290.2447379999794	86.0	100.0
290.2652262999909	86.0	100.0
290.28420269998605	86.0	100.0
290.30456989997765	86.0	100.0
290.3241095999838	86.0	100.0
290.3439537999802	86.0	100.0
290.3617189999786	86.0	100.0
290.3843756999995	86.0	100.0
290.4043879999954	86.0	100.0
290.4246516999847	86.0	100.0
290.44395019998774	86.0	100.0
290.4643001999939	86.0	100.0
290.48439299999154	86.0	100.0
290.5053772999963	86.0	100.0
290.5249419999891	86.0	100.0
290.5452604999882	86.0	100.0
290.56463199999416	86.0	100.0
290.5866693999851	86.0	100.0
290.60560079998686	86.0	100.0
290.6250953999988	86.0	100.0
290.64505449999706	86.0	100.0
290.6647245999775	86.0	100.0
290.68395399997826	86.0	100.0
290.7044431999966	86.0	100.0
290.7252401999722	86.0	100.0
290.74809509998886	86.0	100.0
290.7643119999848	86.0	100.0
290.7850840999745	86.0	100.0
290.80528760000016	86.0	100.0
290.8244743999967	86.0	100.0
290.84535599997616	86.0	100.0
290.8652508999803	86.0	100.0
290.8851040999871	86.0	100.0
290.9056321999815	86.0	100.0
290.92534489999525	86.0	100.0
290.9452515000012	86.0	100.0
290.96543919999385	86.0	100.0
290.9854465999815	86.0	100.0
291.00593249997473	86.0	100.0
291.0256506000005	86.0	100.0
291.04519289999735	86.0	100.0
291.0656836999988	86.0	100.0
291.0897044999874	86.0	100.0
291.10560699997586	86.0	100.0
291.12514239997836	86.0	100.0
291.14499039997463	86.0	100.0
291.16453199999523	86.0	100.0
291.18513410000014	86.0	100.0
291.20592019998	86.0	100.0
291.2254682999919	86.0	100.0
291.24507889998495	86.0	100.0
291.2660032999993	86.0	100.0
291.28556749998825	86.0	100.0
291.30497949998244	86.0	100.0
291.3244647999818	86.0	100.0
291.345055999991	86.0	100.0
291.364975399978	86.0	100.0
291.38486849999754	86.0	100.0
291.405701199983	86.0	100.0
291.4255159999884	86.0	100.0
291.44431629998144	86.0	100.0
291.46432749999803	86.0	100.0
291.48445509999874	86.0	100.0
291.50518779997947	86.0	100.0
291.5243760999874	86.0	100.0
291.5447829999903	86.0	100.0
291.56463539999095	86.0	100.0
291.5850283999753	86.0	100.0
291.60606939997524	86.0	100.0
291.62522669998	86.0	100.0
291.645008099993	86.0	100.0
291.6668201999855	86.0	100.0
291.68453049997333	86.0	100.0
291.7050874999841	86.0	100.0
291.7255661999807	86.0	100.0
291.74547759999405	84.0	100.0
291.76542999999947	84.0	100.0
291.78704349999316	84.0	100.0
291.8055352999945	84.0	100.0
291.8251143999805	84.0	100.0
291.8455437999801	84.0	100.0
291.8652333999926	84.0	100.0
291.8852172999759	84.0	100.0
291.90697659997386	84.0	100.0
291.92696739998064	84.0	100.0
291.9449934999866	84.0	100.0
291.9651313999784	84.0	100.0
291.985240399983	84.0	100.0
292.0060116999957	84.0	100.0
292.02529239997966	84.0	100.0
292.0449001999805	84.0	100.0
292.06759469999815	84.0	100.0
292.08567089997814	84.0	100.0
292.10610639999504	84.0	100.0
292.1258196999843	84.0	100.0
292.1456457999884	84.0	100.0
292.164996699983	84.0	100.0
292.18533199999365	84.0	100.0
292.20539599997574	84.0	100.0
292.2286552999867	84.0	100.0
292.24552649998805	84.0	100.0
292.2658776999742	84.0	100.0
292.2855218999903	84.0	100.0
292.30590699997265	84.0	100.0
292.3259148999932	84.0	100.0
292.345739899989	84.0	100.0
292.36574239999754	84.0	100.0
292.3856705999933	84.0	100.0
292.4057663999847	84.0	100.0
292.4256127999979	84.0	100.0
292.44675299999653	84.0	100.0
292.4666905999766	84.0	100.0
292.48694350000005	84.0	100.0
292.50705039998866	84.0	100.0
292.5261784999748	84.0	100.0
292.54602259999956	84.0	100.0
292.56579909997527	84.0	100.0
292.58547349998844	84.0	100.0
292.6063426999899	84.0	100.0
292.62606689997483	84.0	100.0
292.6458370999899	84.0	100.0
292.6657853999932	84.0	100.0
292.6854968999978	84.0	100.0
292.7052987999923	84.0	100.0
292.72709969998687	84.0	100.0
292.7457632999867	82.0	100.0
292.76538969998364	82.0	100.0
292.78565259999596	82.0	100.0
292.80527649997384	82.0	100.0
292.82592359997216	82.0	100.0
292.84523489998537	82.0	100.0
292.8649742999987	82.0	100.0
292.8856788999983	82.0	100.0
292.9067151999916	82.0	100.0
292.9256834999833	82.0	100.0
292.94682509999257	82.0	100.0
292.9660033999826	82.0	100.0
292.98711789998924	82.0	100.0
293.006252399995	82.0	100.0
293.02655549999326	82.0	100.0
293.0458537999948	82.0	100.0
293.0657477999921	82.0	100.0
293.08562429997255	82.0	100.0
293.10652469997876	82.0	100.0
293.125865399983	82.0	100.0
293.1455484999751	82.0	100.0
293.16549469999154	82.0	100.0
293.1855097999796	82.0	100.0
293.2055419999815	82.0	100.0
293.2253458999912	82.0	100.0
293.2459560999996	82.0	100.0
293.26579689999926	82.0	100.0
293.2877802999865	82.0	100.0
293.3072164999903	82.0	100.0
293.3257353999943	82.0	100.0
293.34642789998907	82.0	100.0
293.3655409999774	82.0	100.0
293.38586819998454	82.0	100.0
293.40572849998716	82.0	100.0
293.42588509997586	82.0	100.0
293.4449447999941	82.0	100.0
293.46590879998985	82.0	100.0
293.4872142999957	82.0	100.0
293.50703949999297	82.0	100.0
293.52573929997743	82.0	100.0
293.5469481999753	82.0	100.0
293.56592929997714	82.0	100.0
293.5863924000005	82.0	100.0
293.6059281999769	82.0	100.0
293.62614939999185	82.0	100.0
293.647777199978	82.0	100.0
293.666705599986	82.0	100.0
293.686209699983	82.0	100.0
293.7064589999791	82.0	100.0
293.7275579999841	82.0	100.0
293.74744599999394	85.0	100.0
293.766392599995	85.0	100.0
293.78716749997693	85.0	100.0
293.806284899998	85.0	100.0
293.8266748999886	85.0	100.0
293.8476768999826	85.0	100.0
293.8669083999994	85.0	100.0
293.88668519997736	85.0	100.0
293.90771419997327	85.0	100.0
293.92605459998595	85.0	100.0
293.94844429998193	85.0	100.0
293.96689949999563	85.0	100.0
293.9875909999828	85.0	100.0
294.007065999991	85.0	100.0
294.0271330999967	85.0	100.0
294.04656229997636	85.0	100.0
294.0652470999921	85.0	100.0
294.0866479999968	85.0	100.0
294.106999599986	85.0	100.0
294.1268762999971	85.0	100.0
294.14719059999334	85.0	100.0
294.1655420999741	85.0	100.0
294.18562559998827	85.0	100.0
294.20670309997513	85.0	100.0
294.2277476999734	85.0	100.0
294.24609209998744	85.0	100.0
294.2669486999803	85.0	100.0
294.28698999999324	85.0	100.0
294.30797909997636	85.0	100.0
294.32765609998023	85.0	100.0
294.3468872999947	85.0	100.0
294.3665564999974	85.0	100.0
294.38721049999003	85.0	100.0
294.4071394999919	85.0	100.0
294.4257848999987	85.0	100.0
294.4454627999803	85.0	100.0
294.46702109999023	85.0	100.0
294.4855345999822	85.0	100.0
294.5076113999821	85.0	100.0
294.5268306999933	85.0	100.0
294.5461683999747	85.0	100.0
294.56927949999226	85.0	100.0
294.58692619999056	85.0	100.0
294.60714019997977	85.0	100.0
294.6272808999929	85.0	100.0
294.6458095999842	85.0	100.0
294.6684493999928	85.0	100.0
294.6865713999723	85.0	100.0
294.7070014999772	85.0	100.0
294.72818849998293	85.0	100.0
294.7485640999803	88.0	100.0
294.76745539999683	88.0	100.0
294.7875061999948	88.0	100.0
294.80753849999746	88.0	100.0
294.82719059998635	88.0	100.0
294.84683469997253	88.0	100.0
294.8667175999726	88.0	100.0
294.88710409999476	88.0	100.0
294.90706669999054	88.0	100.0
294.92588639998576	88.0	100.0
294.94580629997654	88.0	100.0
294.96634659997653	88.0	100.0
294.986997	88.0	100.0
295.0060494999925	88.0	100.0
295.02630609998596	88.0	100.0
295.0468720999779	88.0	100.0
295.0653376999835	88.0	100.0
295.0857873999921	88.0	100.0
295.1073393999832	88.0	100.0
295.1256200999778	88.0	100.0
295.14573189997463	88.0	100.0
295.16578519999166	88.0	100.0
295.1861315999995	88.0	100.0
295.2072493999731	88.0	100.0
295.226488699991	88.0	100.0
295.2457503999758	88.0	100.0
295.26608489998034	88.0	100.0
295.2866623000009	88.0	100.0
295.3069107999909	88.0	100.0
295.3264574999921	88.0	100.0
295.3473092999775	88.0	100.0
295.36581949997344	88.0	100.0
295.38852119998774	88.0	100.0
295.4069161999796	88.0	100.0
295.4264786999847	88.0	100.0
295.44688259999384	88.0	100.0
295.4674200999725	88.0	100.0
295.48663979998673	88.0	100.0
295.50777769999695	88.0	100.0
295.5270277999807	88.0	100.0
295.5479603999993	88.0	100.0
295.56866819999414	88.0	100.0
295.58749209999223	88.0	100.0
295.60884399997303	88.0	100.0
295.6275530999992	88.0	100.0
295.6471186999988	88.0	100.0
295.6675110999786	88.0	100.0
295.6882808999799	88.0	100.0
295.7086210999987	88.0	100.0
295.72767669998575	88.0	100.0
295.7485505999939	89.0	100.0
295.7683941999858	89.0	100.0
295.78739879999193	89.0	100.0
295.8115767999843	89.0	100.0
295.827492899989	89.0	100.0
295.848047699983	89.0	100.0
295.86731049997616	89.0	100.0
295.88763559999643	89.0	100.0
295.90807700000005	89.0	100.0
295.9270797999925	89.0	100.0
295.9464360999991	89.0	100.0
295.9687447999895	89.0	100.0
295.98753679997753	89.0	100.0
296.00791899999604	89.0	100.0
296.0275149999943	89.0	100.0
296.0475269999879	89.0	100.0
296.0667937999824	89.0	100.0
296.0875123000005	89.0	100.0
296.1081837999809	89.0	100.0
296.127590899996	89.0	100.0
296.1477687000006	89.0	100.0
296.16746799999964	89.0	100.0
296.18747969999094	89.0	100.0
296.20858089998364	89.0	100.0
296.2274988999998	89.0	100.0
296.2475143999909	89.0	100.0
296.2671384999994	89.0	100.0
296.2874477999867	89.0	100.0
296.3102146999736	89.0	100.0
296.3273034999729	89.0	100.0
296.3488817999896	89.0	100.0
296.3706610999943	89.0	100.0
296.3874304999772	89.0	100.0
296.407858999999	89.0	100.0
296.4287907999824	89.0	100.0
296.44768829998793	89.0	100.0
296.46799489998375	89.0	100.0
296.4874762999825	89.0	100.0
296.50876889997744	89.0	100.0
296.5276758999971	89.0	100.0
296.54850720000104	89.0	100.0
296.56731679997756	89.0	100.0
296.5875728999963	89.0	100.0
296.60761579999235	89.0	100.0
296.6270335999725	89.0	100.0
296.651240599982	89.0	100.0
296.6686326999916	89.0	100.0
296.68961059997673	89.0	100.0
296.7075321000011	89.0	100.0
296.72824379999656	89.0	100.0
296.74926919999416	88.0	100.0
296.76757489997544	88.0	100.0
296.7885299999907	88.0	100.0
296.8075624999765	88.0	100.0
296.8280636999989	88.0	100.0
296.8475263	88.0	100.0
296.86744629999157	88.0	100.0
296.88775119997445	88.0	100.0
296.9096910999797	88.0	100.0
296.9291400999937	88.0	100.0
296.9484870999877	88.0	100.0
296.96840159999556	88.0	100.0
296.98845139998593	88.0	100.0
297.00742949999403	88.0	100.0
297.02863669997896	88.0	100.0
297.04744919997756	88.0	100.0
297.06740739999805	88.0	100.0
297.0878897999937	88.0	100.0
297.10785789997317	88.0	100.0
297.12935909998487	88.0	100.0
297.1459477999888	88.0	100.0
297.1654955999984	88.0	100.0
297.18565879997914	88.0	100.0
297.2077501999738	88.0	100.0
297.22759949998	88.0	100.0
297.2471397999907	88.0	100.0
297.2674872999778	88.0	100.0
297.2874562999932	88.0	100.0
297.30854879997787	88.0	100.0
297.32791069999803	88.0	100.0
297.34861469999305	88.0	100.0
297.36766809999244	88.0	100.0
297.3886276999838	88.0	100.0
297.4115706999728	88.0	100.0
297.4278623999853	88.0	100.0
297.4482301999815	88.0	100.0
297.4676718999981	88.0	100.0
297.48720689999755	88.0	100.0
297.50792439997895	88.0	100.0
297.5273320999986	88.0	100.0
297.55156919997535	88.0	100.0
297.5670080999844	88.0	100.0
297.58729879997554	88.0	100.0
297.6080570999766	88.0	100.0
297.6278883999912	88.0	100.0
297.64805079999496	88.0	100.0
297.669505799975	88.0	100.0
297.68835189999663	88.0	100.0
297.70837259999826	88.0	100.0
297.72816829997464	88.0	100.0
297.7496429999883	87.0	100.0
297.76863769997726	87.0	100.0
297.78852939998615	87.0	100.0
297.8086211999762	87.0	100.0
297.82787259999895	87.0	100.0
297.8473622999736	87.0	100.0
297.86786959998426	87.0	100.0
297.88691519998247	87.0	100.0
297.91372759998194	87.0	100.0
297.927491999988	87.0	100.0
297.9486127999844	87.0	100.0
297.9684456999821	87.0	100.0
297.99390499998117	87.0	100.0
298.00780619998113	87.0	100.0
298.0283565999998	87.0	100.0
298.05083539997577	87.0	100.0
298.0681758999999	87.0	100.0
298.08876259997487	87.0	100.0
298.1119084999955	87.0	100.0
298.127430499997	87.0	100.0
298.1484711999947	87.0	100.0
298.1688535999856	87.0	100.0
298.18862089997856	87.0	100.0
298.2085274999845	87.0	100.0
298.2284452999884	87.0	100.0
298.2485433999973	87.0	100.0
298.2681638999784	87.0	100.0
298.28764379999484	87.0	100.0
298.3083442999923	87.0	100.0
298.3272460999724	87.0	100.0
298.34784859998035	87.0	100.0
298.3679791999748	87.0	100.0
298.3879355999816	87.0	100.0
298.40811889999895	87.0	100.0
298.4277449999936	87.0	100.0
298.4476044999901	87.0	100.0
298.46819019998657	87.0	100.0
298.4878066999954	87.0	100.0
298.5081837999751	87.0	100.0
298.5277291999955	87.0	100.0
298.54790429997956	87.0	100.0
298.5674874999968	87.0	100.0
298.5891805999854	87.0	100.0
298.6092020999931	87.0	100.0
298.6279966000002	87.0	100.0
298.64771239997935	87.0	100.0
298.66743949998636	87.0	100.0
298.68516439999803	87.0	100.0
298.70745309998165	87.0	100.0
298.728406499984	87.0	100.0
298.7525209999876	86.0	100.0
298.76848819997394	86.0	100.0
298.788802199997	86.0	100.0
298.8089209999889	86.0	100.0
298.8288016000006	86.0	100.0
298.84815229999367	86.0	100.0
298.8701004999748	86.0	100.0
298.88890849999734	86.0	100.0
298.9090685999836	86.0	100.0
298.9285371999722	86.0	100.0
298.94862219999777	86.0	100.0
298.9691706999729	86.0	100.0
298.98911499997484	86.0	100.0
299.00922009997885	86.0	100.0
299.0288332999917	86.0	100.0
299.04859489999944	86.0	100.0
299.0692387999734	86.0	100.0
299.08882919998723	86.0	100.0
299.10906649997924	86.0	100.0
299.127660499973	86.0	100.0
299.1471722999995	86.0	100.0
299.1689273999946	86.0	100.0
299.1892499999958	86.0	100.0
299.20984060000046	86.0	100.0
299.2274824999913	86.0	100.0
299.2489917999774	86.0	100.0
299.2688774999988	86.0	100.0
299.28895759998704	86.0	100.0
299.3088961999747	86.0	100.0
299.3281091999961	86.0	100.0
299.3477302999818	86.0	100.0
299.36932259998866	86.0	100.0
299.38910879998	86.0	100.0
299.4085094999755	86.0	100.0
299.4281373999838	86.0	100.0
299.4476736999932	86.0	100.0
299.46790719998535	86.0	100.0
299.4881399999722	86.0	100.0
299.5081030000001	86.0	100.0
299.52758239998366	86.0	100.0
299.5481147999817	86.0	100.0
299.56857159998617	86.0	100.0
299.58804159998544	86.0	100.0
299.6085382999736	86.0	100.0
299.63027579998015	86.0	100.0
299.6486917999864	86.0	100.0
299.6679422999732	86.0	100.0
299.6894624999841	86.0	100.0
299.70918059998075	86.0	100.0
299.7293251999945	86.0	100.0
299.74952019998454	85.0	100.0
299.76873169999453	85.0	100.0
299.7889939999732	85.0	100.0
299.8091157999879	85.0	100.0
299.8282010999974	85.0	100.0
299.8478712999786	85.0	100.0
299.87000749999424	85.0	100.0
299.88851520000026	85.0	100.0
299.9093482999888	85.0	100.0
299.92858389997855	85.0	100.0
299.94835209997837	85.0	100.0
299.96816249997937	85.0	100.0
299.9892863999994	85.0	100.0
300.0093562999973	85.0	100.0
300.02894459999516	85.0	100.0
300.0487556999724	85.0	100.0
300.0640686999832	85.0	100.0
300.083956699993	85.0	100.0
300.1055985999992	85.0	100.0
300.1261914999923	85.0	100.0
300.14831289998256	85.0	100.0
300.1686517999915	85.0	100.0
300.1890515999985	85.0	100.0
300.209094299993	85.0	100.0
300.22887689998606	85.0	100.0
300.2485247000004	85.0	100.0
300.2694504999963	85.0	100.0
300.2886215999897	85.0	100.0
300.3088927999779	85.0	100.0
300.3280310999835	85.0	100.0
300.34865479997825	85.0	100.0
300.3678326999943	85.0	100.0
300.38846599997487	85.0	100.0
300.4083645999781	85.0	100.0
300.42834429998766	85.0	100.0
300.44825879999553	85.0	100.0
300.46817699997337	85.0	100.0
300.4881807999918	85.0	100.0
300.5090103999828	85.0	100.0
300.5279351999925	85.0	100.0
300.54883009998593	85.0	100.0
300.5681192999764	85.0	100.0
300.58870619998197	85.0	100.0
300.60848509997595	85.0	100.0
300.6285367999808	85.0	100.0
300.64809819997754	85.0	100.0
300.66967599999043	85.0	100.0
300.6888833999983	85.0	100.0
300.7084282999858	85.0	100.0
300.72952249998343	85.0	100.0
300.74931789998664	84.0	100.0
300.7687659999938	84.0	100.0
300.789346799982	84.0	100.0
300.80948029999854	84.0	100.0
300.82937299998594	84.0	100.0
300.84920430000057	84.0	100.0
300.86937359999865	84.0	100.0
300.88805699997465	84.0	100.0
300.9079544999986	84.0	100.0
300.9282145999896	84.0	100.0
300.9482076999848	84.0	100.0
300.9681395999796	84.0	100.0
300.98862859999645	84.0	100.0
301.0088352999883	84.0	100.0
301.0294955999998	84.0	100.0
301.0495043999981	84.0	100.0
301.0686247999838	84.0	100.0
301.0890170999919	84.0	100.0
301.1095555999782	84.0	100.0
301.1290303999849	84.0	100.0
301.1491452999762	84.0	100.0
301.169153899973	84.0	100.0
301.18919579999056	84.0	100.0
301.209103399975	84.0	100.0
301.22935889998917	84.0	100.0
301.2491660999949	84.0	100.0
301.26965299999574	84.0	100.0
301.2889856999973	84.0	100.0
301.3088871999935	84.0	100.0
301.3288111999864	84.0	100.0
301.3493376999977	84.0	100.0
301.36897159999353	84.0	100.0
301.3891620999784	84.0	100.0
301.4092702999769	84.0	100.0
301.4303602	84.0	100.0
301.4491700999788	84.0	100.0
301.4692393000005	84.0	100.0
301.4891693999816	84.0	100.0
301.5101595999731	84.0	100.0
301.5286803999916	84.0	100.0
301.5496702999808	84.0	100.0
301.5692540999735	84.0	100.0
301.5894529999932	84.0	100.0
301.60958389998996	84.0	100.0
301.6286795999913	84.0	100.0
301.64988049998647	84.0	100.0
301.66943689997424	84.0	100.0
301.6893069999933	84.0	100.0
301.7108538999746	84.0	100.0
301.73042589999386	84.0	100.0
301.74521809999715	83.0	100.0
301.7678005999769	83.0	100.0
301.78919199999655	83.0	100.0
301.80875479997485	83.0	100.0
301.8296769000008	83.0	100.0
301.84967939998023	83.0	100.0
301.86994279999635	83.0	100.0
301.88932239997666	83.0	100.0
301.90954589998	83.0	100.0
301.92909559997497	83.0	100.0
301.9490251999814	83.0	100.0
301.9691680999822	83.0	100.0
301.99125909997383	83.0	100.0
302.0097986999899	83.0	100.0
302.0296166999906	83.0	100.0
302.04969889999484	83.0	100.0
302.06976259997464	83.0	100.0
302.0896098999947	83.0	100.0
302.1094619999931	83.0	100.0
302.1287638999929	83.0	100.0
302.14954059998854	83.0	100.0
302.169333799975	83.0	100.0
302.1897677999805	83.0	100.0
302.20893219998106	83.0	100.0
302.2294912999787	83.0	100.0
302.2498809999961	83.0	100.0
302.27070489997277	83.0	100.0
302.2894939999969	83.0	100.0
302.30987409999943	83.0	100.0
302.3297623999824	83.0	100.0
302.35212689999025	83.0	100.0
302.36942529998487	83.0	100.0
302.3897297999938	83.0	100.0
302.4095166999905	83.0	100.0
302.42943789999117	83.0	100.0
302.4494788000011	83.0	100.0
302.469715299987	83.0	100.0
302.48950179998064	83.0	100.0
302.51067029999103	83.0	100.0
302.5289107999997	83.0	100.0
302.54956409998704	83.0	100.0
302.568764799973	83.0	100.0
302.58933809999144	83.0	100.0
302.6096122999734	83.0	100.0
302.6296715999779	83.0	100.0
302.6495667999843	83.0	100.0
302.66957939998247	83.0	100.0
302.68872879998526	83.0	100.0
302.7086485999753	83.0	100.0
302.7299915999756	83.0	100.0
302.7496349999856	82.0	100.0
302.769596499973	82.0	100.0
302.789022699988	82.0	100.0
302.8093629999785	82.0	100.0
302.8296007999743	82.0	100.0
302.84964779997244	82.0	100.0
302.8689956999733	82.0	100.0
302.88952089997474	82.0	100.0
302.9101936999941	82.0	100.0
302.9344725999981	82.0	100.0
302.9493354999868	82.0	100.0
302.97023419998004	82.0	100.0
302.98875509999925	82.0	100.0
303.00752799998736	82.0	100.0
303.0261706999736	82.0	100.0
303.0454073000001	82.0	100.0
303.064701700001	82.0	100.0
303.0852526999952	82.0	100.0
303.1059118999983	82.0	100.0
303.1255823999818	82.0	100.0
303.1457282999763	82.0	100.0
303.1643913999724	82.0	100.0
303.1881682999956	82.0	100.0
303.20753949999926	82.0	100.0
303.2287039999792	82.0	100.0
303.2472329000011	82.0	100.0
303.26937919997727	82.0	100.0
303.2898381999985	82.0	100.0
303.30984899998293	82.0	100.0
303.3302995999984	82.0	100.0
303.35056829999667	82.0	100.0
303.369401199976	82.0	100.0
303.38967219999176	82.0	100.0
303.40994369998225	82.0	100.0
303.42958549998	82.0	100.0
303.4495001999894	82.0	100.0
303.4696370999736	82.0	100.0
303.4894293999823	82.0	100.0
303.5099459999765	82.0	100.0
303.52949259997695	82.0	100.0
303.54963339999085	82.0	100.0
303.5696055999724	82.0	100.0
303.5898248000012	82.0	100.0
303.60956739998073	82.0	100.0
303.62903989999904	82.0	100.0
303.65016279998235	82.0	100.0
303.67315739998594	82.0	100.0
303.6901700999879	82.0	100.0
303.7095015999803	82.0	100.0
303.7295427999925	82.0	100.0
303.75062209999305	80.0	100.0
303.7696913999971	80.0	100.0
303.7899470999837	80.0	100.0
303.8102981999982	80.0	100.0
303.82893959997455	80.0	100.0
303.8489614999853	80.0	100.0
303.86928329998045	80.0	100.0
303.88971339998534	80.0	100.0
303.90996209997684	80.0	100.0
303.92992259998573	80.0	100.0
303.9492706999881	80.0	100.0
303.9688994999742	80.0	100.0
303.99046489998	80.0	100.0
304.00958279997576	80.0	100.0
304.0298435000004	80.0	100.0
304.04992089999723	80.0	100.0
304.0697631999792	80.0	100.0
304.08989609999117	80.0	100.0
304.11068009998417	80.0	100.0
304.1299146999954	80.0	100.0
304.1493460999918	80.0	100.0
304.1693161999865	80.0	100.0
304.18929619999835	80.0	100.0
304.20930579997366	80.0	100.0
304.22914809998474	80.0	100.0
304.2489841999777	80.0	100.0
304.2689881999977	80.0	100.0
304.2903716999863	80.0	100.0
304.3098995999899	80.0	100.0
304.3291556999902	80.0	100.0
304.34971739997854	80.0	100.0
304.3695547999814	80.0	100.0
304.38944919998175	80.0	100.0
304.4103378999862	80.0	100.0
304.4292879999848	80.0	100.0
304.4475550999923	80.0	100.0
304.469944499986	80.0	100.0
304.4889181999897	80.0	100.0
304.5097288999823	80.0	100.0
304.5294522999902	80.0	100.0
304.549524299975	80.0	100.0
304.56901459998335	80.0	100.0
304.5896807999816	80.0	100.0
304.60907549998956	80.0	100.0
304.6296758999815	80.0	100.0
304.64912759998697	80.0	100.0
304.66940349998185	80.0	100.0
304.6891373999824	80.0	100.0
304.71083229998476	80.0	100.0
304.73116169997957	80.0	100.0
304.74814689997584	79.0	100.0
304.7689037999953	79.0	100.0
304.78263019997394	79.0	100.0
304.8023498999828	79.0	100.0
304.82264169998234	79.0	100.0
304.84842399999616	79.0	100.0
304.86933789998875	79.0	100.0
304.89056789997267	79.0	100.0
304.91178529997705	79.0	100.0
304.9295921000012	79.0	100.0
304.9505012999871	79.0	100.0
304.9707651999779	79.0	100.0
304.99080679999315	79.0	100.0
305.01135819999035	79.0	100.0
305.03099969998584	79.0	100.0
305.05042949999915	79.0	100.0
305.07099359997665	79.0	100.0
305.09052459997474	79.0	100.0
305.11116549998405	79.0	100.0
305.1303473000007	79.0	100.0
305.15105149999727	79.0	100.0
305.16970419997233	79.0	100.0
305.1912776999816	79.0	100.0
305.2120884999749	79.0	100.0
305.2312836999772	79.0	100.0
305.2513872999989	79.0	100.0
305.26955489997636	79.0	100.0
305.29100439997273	79.0	100.0
305.31179149998934	79.0	100.0
305.32966219997616	79.0	100.0
305.349514099973	79.0	100.0
305.36956479999935	79.0	100.0
305.38955399999395	79.0	100.0
305.4112849999801	79.0	100.0
305.4300191999937	79.0	100.0
305.44959889998427	79.0	100.0
305.4707703999884	79.0	100.0
305.4896428999782	79.0	100.0
305.5116473999806	79.0	100.0
305.529655499995	79.0	100.0
305.5510978999955	79.0	100.0
305.5705108999973	79.0	100.0
305.59149349998916	79.0	100.0
305.6114538999973	79.0	100.0
305.63176559997373	79.0	100.0
305.6512117999955	79.0	100.0
305.67148910000105	79.0	100.0
305.6915353999939	79.0	100.0
305.70946679997724	79.0	100.0
305.7311416999728	79.0	100.0
305.75027699998464	77.0	100.0
305.7686918999825	77.0	100.0
305.7904753999901	77.0	100.0
305.81009089999134	77.0	100.0
305.8308258999896	77.0	100.0
305.85158799999044	77.0	100.0
305.87146409999696	77.0	100.0
305.89117339998484	77.0	100.0
305.9116855999746	77.0	100.0
305.93161459997646	77.0	100.0
305.9516238999786	77.0	100.0
305.97167219998664	77.0	100.0
305.9911880999862	77.0	100.0
306.01147079997463	77.0	100.0
306.0315202999918	77.0	100.0
306.0520465999725	77.0	100.0
306.07248649999383	77.0	100.0
306.09158169999137	77.0	100.0
306.1113894999726	77.0	100.0
306.1314380999829	77.0	100.0
306.1520057999878	77.0	100.0
306.1714630999777	77.0	100.0
306.1914745999966	77.0	100.0
306.21254639999825	77.0	100.0
306.23133869998856	77.0	100.0
306.2511009000009	77.0	100.0
306.2710256999999	77.0	100.0
306.2910000999982	77.0	100.0
306.31159459997434	77.0	100.0
306.3311184999766	77.0	100.0
306.35127539999667	77.0	100.0
306.3717071999854	77.0	100.0
306.3914883999969	77.0	100.0
306.41121769999154	77.0	100.0
306.4303639999998	77.0	100.0
306.45681899998453	77.0	100.0
306.4698808999965	77.0	100.0
306.4899551999988	77.0	100.0
306.5100822999957	77.0	100.0
306.5301100999932	77.0	100.0
306.55143569997745	77.0	100.0
306.57100629998604	77.0	100.0
306.5914491000003	77.0	100.0
306.6114392999734	77.0	100.0
306.6322562999849	77.0	100.0
306.652692499978	77.0	100.0
306.67347169999266	77.0	100.0
306.6924129999825	77.0	100.0
306.71253549997346	77.0	100.0
306.7323705999879	77.0	100.0
306.75532679999014	77.0	100.0
306.77258609997807	77.0	100.0
306.7924908999994	77.0	100.0
306.8124619000009	77.0	100.0
306.83262019997346	77.0	100.0
306.85212069997215	77.0	100.0
306.8718693999981	77.0	100.0
306.8922422999749	77.0	100.0
306.9138138999988	77.0	100.0
306.9337057999801	77.0	100.0
306.9523198999814	77.0	100.0
306.97188869997626	77.0	100.0
306.9912942999799	77.0	100.0
307.0111852999835	77.0	100.0
307.0322331999778	77.0	100.0
307.0522060999938	77.0	100.0
307.072791899991	77.0	100.0
307.0915458999807	77.0	100.0
307.11236029997235	77.0	100.0
307.1314064999751	77.0	100.0
307.15298089999123	77.0	100.0
307.17188309997437	77.0	100.0
307.1915474999987	77.0	100.0
307.21171969998977	77.0	100.0
307.2321010999731	77.0	100.0
307.25484009998036	77.0	100.0
307.271556599997	77.0	100.0
307.291948899976	77.0	100.0
307.3126347999787	77.0	100.0
307.33118199999444	77.0	100.0
307.3513047999877	77.0	100.0
307.37200229999144	77.0	100.0
307.39170659999945	77.0	100.0
307.4120969999931	77.0	100.0
307.4314188999997	77.0	100.0
307.45195639997837	77.0	100.0
307.47310059997835	77.0	100.0
307.4924589000002	77.0	100.0
307.5128258999903	77.0	100.0
307.5326224999735	77.0	100.0
307.5518613999884	77.0	100.0
307.57438599999296	77.0	100.0
307.5925522999896	77.0	100.0
307.61546449997695	77.0	100.0
307.63231379998615	77.0	100.0
307.6530091999739	77.0	100.0
307.6731748999737	77.0	100.0
307.692859999981	77.0	100.0
307.71371219999855	77.0	100.0
307.73337829997763	77.0	100.0
307.7534270999895	76.0	100.0
307.7727525999944	76.0	100.0
307.7908217999793	76.0	100.0
307.813355899998	76.0	100.0
307.83775489998516	76.0	100.0
307.8511202999798	76.0	100.0
307.86998569997377	76.0	100.0
307.8891357999819	76.0	100.0
307.90935789997457	76.0	100.0
307.92843699999503	76.0	100.0
307.9503788999864	76.0	100.0
307.9691517999745	76.0	100.0
307.9908363999857	76.0	100.0
308.0112698999874	76.0	100.0
308.0329811999982	76.0	100.0
308.05362839999725	76.0	100.0
308.07312429999	76.0	100.0
308.09346479998203	76.0	100.0
308.11305549999815	76.0	100.0
308.13323799998034	76.0	100.0
308.1530430999992	76.0	100.0
308.17325129997334	76.0	100.0
308.1935101999843	76.0	100.0
308.2134776999883	76.0	100.0
308.23401389998617	76.0	100.0
308.25334679998923	76.0	100.0
308.27351859997725	76.0	100.0
308.29346199997235	76.0	100.0
308.31736079999246	76.0	100.0
308.33330249998835	76.0	100.0
308.35376749999705	76.0	100.0
308.37311759998556	76.0	100.0
308.3935602999991	76.0	100.0
308.413473099994	76.0	100.0
308.4334664999915	76.0	100.0
308.4527969999763	76.0	100.0
308.4733827999735	76.0	100.0
308.4960108999803	76.0	100.0
308.5137189999805	76.0	100.0
308.5332271999796	76.0	100.0
308.55356909998227	76.0	100.0
308.573372999992	76.0	100.0
308.59349369999836	76.0	100.0
308.6139991999953	76.0	100.0
308.6331818999897	76.0	100.0
308.65294949998497	76.0	100.0
308.6728151999996	76.0	100.0
308.6935846999986	76.0	100.0
308.71314300000085	76.0	100.0
308.73546249998617	76.0	100.0
308.75323009997373	76.0	100.0
308.774124699994	76.0	100.0
308.7934772000008	76.0	100.0
308.81408849998843	76.0	100.0
308.83373739998206	76.0	100.0
308.85776479999186	76.0	100.0
308.8735877999861	76.0	100.0
308.8935746999923	76.0	100.0
308.9138045999862	76.0	100.0
308.933876999974	76.0	100.0
308.9532757999841	76.0	100.0
308.97262219997356	76.0	100.0
308.99325020000106	76.0	100.0
309.0140244999784	76.0	100.0
309.03388269999414	76.0	100.0
309.05298569999286	76.0	100.0
309.0734365999815	76.0	100.0
309.09356569999363	76.0	100.0
309.1138195999956	76.0	100.0
309.1335293999873	76.0	100.0
309.1536495999899	76.0	100.0
309.1734518999874	76.0	100.0
309.1933541999897	76.0	100.0
309.2134825999965	76.0	100.0
309.23243029997684	76.0	100.0
309.25208129998646	76.0	100.0
309.27163949998794	76.0	100.0
309.2924385999795	76.0	100.0
309.31566149997525	76.0	100.0
309.3328735999821	76.0	100.0
309.3532835999795	76.0	100.0
309.373322999978	76.0	100.0
309.3936991999799	76.0	100.0
309.41389649998746	76.0	100.0
309.4337047999725	76.0	100.0
309.453560199996	76.0	100.0
309.4737788999919	76.0	100.0
309.49367839997285	76.0	100.0
309.51315399998566	76.0	100.0
309.53407309998875	76.0	100.0
309.55399629997555	76.0	100.0
309.57379639998544	76.0	100.0
309.59381449999637	76.0	100.0
309.6145456999948	76.0	100.0
309.6340486999834	76.0	100.0
309.6534631999966	76.0	100.0
309.675725899986	76.0	100.0
309.69373459997587	76.0	100.0
309.7141971999954	76.0	100.0
309.735217199981	76.0	100.0
309.75482899998315	78.0	100.0
309.7743559999799	78.0	100.0
309.7942188999732	78.0	100.0
309.8145796999743	78.0	100.0
309.8341439999931	78.0	100.0
309.8536042999767	78.0	100.0
309.8744296999939	78.0	100.0
309.8942523000005	78.0	100.0
309.91453329997603	78.0	100.0
309.9338950999954	78.0	100.0
309.95396619997337	78.0	100.0
309.9738906999992	78.0	100.0
309.9943801999907	78.0	100.0
310.0144715999777	78.0	100.0
310.03377189999446	78.0	100.0
310.0543065999809	78.0	100.0
310.0744740999944	78.0	100.0
310.09391959998175	78.0	100.0
310.11468469997635	78.0	100.0
310.1343205999874	78.0	100.0
310.1544520999887	78.0	100.0
310.1761710999999	78.0	100.0
310.19311009999365	78.0	100.0
310.2139731999778	78.0	100.0
310.23374199998216	78.0	100.0
310.2532968999876	78.0	100.0
310.273429199995	78.0	100.0
310.29368139998405	78.0	100.0
310.3148036999919	78.0	100.0
310.3334487999964	78.0	100.0
310.3535830999899	78.0	100.0
310.37345039998763	78.0	100.0
310.3934331999917	78.0	100.0
310.41432879999047	78.0	100.0
310.43441769998753	78.0	100.0
310.45385519997217	78.0	100.0
310.4748362999817	78.0	100.0
310.49332939999294	78.0	100.0
310.51379639998777	78.0	100.0
310.5368438999867	78.0	100.0
310.5554362999974	78.0	100.0
310.5737126999884	78.0	100.0
310.5951242999872	78.0	100.0
310.6151302999933	78.0	100.0
310.6353456999932	78.0	100.0
310.6551741999865	78.0	100.0
310.6749496999837	78.0	100.0
310.6949636999925	78.0	100.0
310.7152371999982	78.0	100.0
310.73545709997416	78.0	100.0
310.75558939998155	78.0	100.0
310.7754852999933	78.0	100.0
310.795270099974	78.0	100.0
310.8148571999918	78.0	100.0
310.84027539999806	78.0	100.0
310.8545069999818	78.0	100.0
310.87303869999596	78.0	100.0
310.8912609999825	78.0	100.0
310.9111468999763	78.0	100.0
310.93330129998503	78.0	100.0
310.95422210000106	78.0	100.0
310.9741871999868	78.0	100.0
310.9952075999754	78.0	100.0
311.0148555999913	78.0	100.0
311.0363158999826	78.0	100.0
311.0558667999867	78.0	100.0
311.07455389999086	78.0	100.0
311.0953853999963	78.0	100.0
311.1155109999818	78.0	100.0
311.13511039997684	78.0	100.0
311.1553226999822	78.0	100.0
311.175215700001	78.0	100.0
311.1953944999841	78.0	100.0
311.21521699998993	78.0	100.0
311.2349919999833	78.0	100.0
311.25521449997905	78.0	100.0
311.2749797999859	78.0	100.0
311.29447589998017	78.0	100.0
311.31554640000104	78.0	100.0
311.3332265999925	78.0	100.0
311.3565056999796	78.0	100.0
311.37220199999865	78.0	100.0
311.39207969998824	78.0	100.0
311.41269679999095	78.0	100.0
311.4332239999785	78.0	100.0
311.4550283999997	78.0	100.0
311.475466599979	78.0	100.0
311.4953434999916	78.0	100.0
311.51573089999147	78.0	100.0
311.53832679998595	78.0	100.0
311.55600919999415	78.0	100.0
311.574859299988	78.0	100.0
311.5955243999779	78.0	100.0
311.6153973999899	78.0	100.0
311.63538249998237	78.0	100.0
311.65507499998785	78.0	100.0
311.67557849999866	78.0	100.0
311.6953369999828	78.0	100.0
311.7148726999876	78.0	100.0
311.73691479998524	78.0	100.0
311.75587419999647	77.0	100.0
311.77533879998373	77.0	100.0
311.7955616999825	77.0	100.0
311.8153792999801	77.0	100.0
311.8354790999729	77.0	100.0
311.8553584999754	77.0	100.0
311.8755909999891	77.0	100.0
311.89510859997245	77.0	100.0
311.9152222999837	77.0	100.0
311.9352521999972	77.0	100.0
311.9552055999811	77.0	100.0
311.97741249998217	77.0	100.0
311.99520149998716	77.0	100.0
312.0147689000005	77.0	100.0
312.03494889999274	77.0	100.0
312.0543673999782	77.0	100.0
312.07571019997704	77.0	100.0
312.0954009999987	77.0	100.0
312.11531159997685	77.0	100.0
312.1351083999907	77.0	100.0
312.1554414999846	77.0	100.0
312.17545149999205	77.0	100.0
312.1958236999926	77.0	100.0
312.21540739998454	77.0	100.0
312.23477179999463	77.0	100.0
312.2547377999872	77.0	100.0
312.27554569998756	77.0	100.0
312.29446429997915	77.0	100.0
312.3152186999796	77.0	100.0
312.3353759999736	77.0	100.0
312.35488259998965	77.0	100.0
312.3743965999747	77.0	100.0
312.39471769999363	77.0	100.0
312.41552909999155	77.0	100.0
312.4344459999993	77.0	100.0
312.4550997999904	77.0	100.0
312.47493109997595	77.0	100.0
312.49452419998124	77.0	100.0
312.5153726999997	77.0	100.0
312.5347122999956	77.0	100.0
312.55341599998064	77.0	100.0
312.57495159999235	77.0	100.0
312.59436429999187	77.0	100.0
312.6150077999919	77.0	100.0
312.6371898999787	77.0	100.0
312.6542965999979	77.0	100.0
312.6766605999728	77.0	100.0
312.6950948999729	77.0	100.0
312.7153199999884	77.0	100.0
312.7356507999939	77.0	100.0
312.7558103999763	79.0	100.0
312.7747754000011	79.0	100.0
312.79684359999374	79.0	100.0
312.81525269997655	79.0	100.0
312.835674699978	79.0	100.0
312.855205299973	79.0	100.0
312.8754609999887	79.0	100.0
312.89494790000026	79.0	100.0
312.9158403999754	79.0	100.0
312.9349002999952	79.0	100.0
312.95532429998275	79.0	100.0
312.9743712999916	79.0	100.0
312.99535189999733	79.0	100.0
313.0151393999986	79.0	100.0
313.03546739998274	79.0	100.0
313.0553888999857	79.0	100.0
313.0785699999833	79.0	100.0
313.09497389997705	79.0	100.0
313.1158472999814	79.0	100.0
313.13445969999884	79.0	100.0
313.155440499977	79.0	100.0
313.17525849997764	79.0	100.0
313.19521849998273	79.0	100.0
313.2156662999769	79.0	100.0
313.235663999978	79.0	100.0
313.25510639999993	79.0	100.0
313.2751939999871	79.0	100.0
313.29508029998397	79.0	100.0
313.31583509998745	79.0	100.0
313.3354662999918	79.0	100.0
313.35473049999564	79.0	100.0
313.37437869998394	79.0	100.0
313.394605199981	79.0	100.0
313.41296019998845	79.0	100.0
313.43105779998587	79.0	100.0
313.45172309997724	79.0	100.0
313.4720138999983	79.0	100.0
313.49535109999124	79.0	100.0
313.5166758999985	79.0	100.0
313.53635969999596	79.0	100.0
313.5567331999773	79.0	100.0
313.575386099983	79.0	100.0
313.59621419999166	79.0	100.0
313.61720629999763	79.0	100.0
313.6339029999799	79.0	100.0
313.65584389999276	79.0	100.0
313.67659399998956	79.0	100.0
313.6951421999838	79.0	100.0
313.71863019999	79.0	100.0
313.7365560999897	79.0	100.0
313.7566786999814	80.0	100.0
313.77647299997625	80.0	100.0
313.79655790000106	80.0	100.0
313.81653009998263	80.0	100.0
313.83625529997516	80.0	100.0
313.85593359998893	80.0	100.0
313.8763460999762	80.0	100.0
313.894822799979	80.0	100.0
313.9171715999837	80.0	100.0
313.9333706999896	80.0	100.0
313.9543697999907	80.0	100.0
313.9746784999734	80.0	100.0
313.9953661999898	80.0	100.0
314.0166422999755	80.0	100.0
314.03680649999296	80.0	100.0
314.0554147999792	80.0	100.0
314.07728299999144	80.0	100.0
314.09566989997984	80.0	100.0
314.11630099997274	80.0	100.0
314.13642909997725	80.0	100.0
314.1565355999919	80.0	100.0
314.17564989998937	80.0	100.0
314.1972660999745	80.0	100.0
314.21666939998977	80.0	100.0
314.23656809999375	80.0	100.0
314.2556766999769	80.0	100.0
314.2765773999854	80.0	100.0
314.29640969997854	80.0	100.0
314.31670779999695	80.0	100.0
314.3362862999784	80.0	100.0
314.3567020999908	80.0	100.0
314.3767065999855	80.0	100.0
314.39679189998424	80.0	100.0
314.41611279998324	80.0	100.0
314.43638449997525	80.0	100.0
314.45611629998893	80.0	100.0
314.4757195999846	80.0	100.0
314.49568559997715	80.0	100.0
314.5160533999733	80.0	100.0
314.5374661999813	80.0	100.0
314.5562612999929	80.0	100.0
314.5749760999752	80.0	100.0
314.59574829999474	80.0	100.0
314.61637319999863	80.0	100.0
314.636265499983	80.0	100.0
314.65573790000053	80.0	100.0
314.67741809997824	80.0	100.0
314.69696739999927	80.0	100.0
314.7164610999753	80.0	100.0
314.73721829999704	80.0	100.0
314.75787189998664	80.0	100.0
314.77707269997336	80.0	100.0
314.7971882999991	80.0	100.0
314.8171567999816	80.0	100.0
314.8375643999898	80.0	100.0
314.8570135999762	80.0	100.0
314.87710719997995	80.0	100.0
314.8988475999795	80.0	100.0
314.9169043999864	80.0	100.0
314.9365829999733	80.0	100.0
314.9576288999815	80.0	100.0
314.97758949999115	80.0	100.0
314.9973537999904	80.0	100.0
315.0172008999798	80.0	100.0
315.03726759998244	80.0	100.0
315.0572829999728	80.0	100.0
315.0772884999751	80.0	100.0
315.09717669998645	80.0	100.0
315.11739149998175	80.0	100.0
315.1370508999971	80.0	100.0
315.15773189999163	80.0	100.0
315.1770688999968	80.0	100.0
315.1970446999767	80.0	100.0
315.2176260999986	80.0	100.0
315.2374054999964	80.0	100.0
315.2571695999941	80.0	100.0
315.27691049998975	80.0	100.0
315.2964553999773	80.0	100.0
315.3166463999951	80.0	100.0
315.3363917999959	80.0	100.0
315.3569718999788	80.0	100.0
315.37646349999704	80.0	100.0
315.3961803999846	80.0	100.0
315.4167914999998	80.0	100.0
315.43943229998695	80.0	100.0
315.45988069998566	80.0	100.0
315.47679599997355	80.0	100.0
315.49705999999424	80.0	100.0
315.5175645999843	80.0	100.0
315.5378673999803	80.0	100.0
315.5579616999894	80.0	100.0
315.5780597999983	80.0	100.0
315.5968456999981	80.0	100.0
315.6179066999757	80.0	100.0
315.6380066999991	80.0	100.0
315.65779810000095	80.0	100.0
315.67963020000025	80.0	100.0
315.6978321999777	80.0	100.0
315.71780319997924	80.0	100.0
315.73926059997757	80.0	100.0
315.76139129998046	81.0	100.0
315.77705539998715	81.0	100.0
315.79738899998483	81.0	100.0
315.8174441999872	81.0	100.0
315.8374585999991	81.0	100.0
315.85755269997753	81.0	100.0
315.8779631999787	81.0	100.0
315.8974974999728	81.0	100.0
315.91783379999106	81.0	100.0
315.9367067999847	81.0	100.0
315.9574536999862	81.0	100.0
315.977109200001	81.0	100.0
315.9978553999972	81.0	100.0
316.0177385999996	81.0	100.0
316.0374684999988	81.0	100.0
316.05679049997707	81.0	100.0
316.0776330999797	81.0	100.0
316.0976707999944	81.0	100.0
316.1182774999761	81.0	100.0
316.1375227999815	81.0	100.0
316.1567808999971	81.0	100.0
316.1784665999876	81.0	100.0
316.1975869999733	81.0	100.0
316.2174516999803	81.0	100.0
316.2375539999921	81.0	100.0
316.257040699973	81.0	100.0
316.27828329999465	81.0	100.0
316.29829579999205	81.0	100.0
316.3182271999831	81.0	100.0
316.3374864999787	81.0	100.0
316.3571333999862	81.0	100.0
316.38097719999496	81.0	100.0
316.3969088999729	81.0	100.0
316.41725349999615	81.0	100.0
316.4351030999969	81.0	100.0
316.4579537999816	81.0	100.0
316.4787267999782	81.0	100.0
316.4977006999834	81.0	100.0
316.5185881999787	81.0	100.0
316.5377545999945	81.0	100.0
316.5576918000006	81.0	100.0
316.578582999995	81.0	100.0
316.59812859998783	81.0	100.0
316.61798809998436	81.0	100.0
316.6378800999955	81.0	100.0
316.6581904999912	81.0	100.0
316.6732118999935	81.0	100.0
316.69438069997705	81.0	100.0
316.7152067999996	81.0	100.0
316.7354126999853	81.0	100.0
316.75480849997257	81.0	100.0
316.77565359999426	81.0	100.0
316.79413749999367	81.0	100.0
316.81439319998026	81.0	100.0
316.8351858999813	81.0	100.0
316.85594439998385	81.0	100.0
316.8768547999789	81.0	100.0
316.8964825999865	81.0	100.0
316.9201358999999	81.0	100.0
316.93913529999554	81.0	100.0
316.9578819999879	81.0	100.0
316.9756017999898	81.0	100.0
316.99753369999235	81.0	100.0
317.01885709998896	81.0	100.0
317.03763579999213	81.0	100.0
317.05786089997855	81.0	100.0
317.0789976999804	81.0	100.0
317.098276899982	81.0	100.0
317.11867919997894	81.0	100.0
317.137925899995	81.0	100.0
317.1574048999755	81.0	100.0
317.1772786999936	81.0	100.0
317.1998404999904	81.0	100.0
317.2191399000003	81.0	100.0
317.23946219999925	81.0	100.0
317.25708879999	81.0	100.0
317.27823179998086	81.0	100.0
317.29797909999616	81.0	100.0
317.3190910999838	81.0	100.0
317.337432100001	81.0	100.0
317.3576245000004	81.0	100.0
317.37748469997314	81.0	100.0
317.397685599979	81.0	100.0
317.4174944999977	81.0	100.0
317.4384228999843	81.0	100.0
317.4573620999872	81.0	100.0
317.477747500001	81.0	100.0
317.49768039997434	81.0	100.0
317.5188784999773	81.0	100.0
317.537410799996	81.0	100.0
317.55875579998246	81.0	100.0
317.57744619998266	81.0	100.0
317.5982970999903	81.0	100.0
317.6180027999799	81.0	100.0
317.6389158999955	81.0	100.0
317.6574811999744	81.0	100.0
317.67874839997967	81.0	100.0
317.6983199999959	81.0	100.0
317.71944789998815	81.0	100.0
317.7413087999739	81.0	100.0
317.7590889999992	83.0	100.0
317.779034999985	83.0	100.0
317.79941479998524	83.0	100.0
317.819642699993	83.0	100.0
317.8394304999965	83.0	100.0
317.85944369999925	83.0	100.0
317.87915039999643	83.0	100.0
317.898873499973	83.0	100.0
317.9204094999877	83.0	100.0
317.9391368999786	83.0	100.0
317.95785259999684	83.0	100.0
317.9794322999951	83.0	100.0
317.9990682999778	83.0	100.0
318.0192375999759	83.0	100.0
318.03896919998806	83.0	100.0
318.0582907999924	83.0	100.0
318.07938099998864	83.0	100.0
318.0988302999758	83.0	100.0
318.121808899974	83.0	100.0
318.1384702999785	83.0	100.0
318.1588301999727	83.0	100.0
318.1780033999821	83.0	100.0
318.1984611999942	83.0	100.0
318.2191082999925	83.0	100.0
318.23889459998463	83.0	100.0
318.2580535999732	83.0	100.0
318.2791397999972	83.0	100.0
318.297931899986	83.0	100.0
318.3190752999799	83.0	100.0
318.3391304999823	83.0	100.0
318.35921649998636	83.0	100.0
318.37752270000055	83.0	100.0
318.39885549998144	83.0	100.0
318.4192501999787	83.0	100.0
318.43898029997945	83.0	100.0
318.45873980000033	83.0	100.0
318.47983859997476	83.0	100.0
318.49971289999667	83.0	100.0
318.520786899986	83.0	100.0
318.53950189999887	83.0	100.0
318.56031259999145	83.0	100.0
318.57897059997777	83.0	100.0
318.59946049997234	83.0	100.0
318.61930429999484	83.0	100.0
318.6404637999949	83.0	100.0
318.6589294000005	83.0	100.0
318.6807895999809	83.0	100.0
318.6988846999884	83.0	100.0
318.7202114999818	83.0	100.0
318.74049499997636	83.0	100.0
318.76069299998926	83.0	100.0
318.7804522999795	83.0	100.0
318.8002316999773	83.0	100.0
318.8203015999752	83.0	100.0
318.8398576999898	83.0	100.0
318.85960119997617	83.0	100.0
318.8802642999799	83.0	100.0
318.8996183999989	83.0	100.0
318.9203973999829	83.0	100.0
318.9405273000011	83.0	100.0
318.95882249998976	83.0	100.0
318.9792244999844	83.0	100.0
318.9992869999842	83.0	100.0
319.0193260999804	83.0	100.0
319.0430434999871	83.0	100.0
319.0599905999843	83.0	100.0
319.07957919998444	83.0	100.0
319.0996313999931	83.0	100.0
319.1200495999947	83.0	100.0
319.1391704999842	83.0	100.0
319.15971989999525	83.0	100.0
319.1793984999822	83.0	100.0
319.1998046999797	83.0	100.0
319.2195546999865	83.0	100.0
319.2404462999839	83.0	100.0
319.2596933999739	83.0	100.0
319.28288839999004	83.0	100.0
319.30072499997914	83.0	100.0
319.32231359998696	83.0	100.0
319.34037549997447	83.0	100.0
319.3609539999743	83.0	100.0
319.3806122999813	83.0	100.0
319.4007259999926	83.0	100.0
319.4209234000009	83.0	100.0
319.4398947999871	83.0	100.0
319.45970269999816	83.0	100.0
319.48011959998985	83.0	100.0
319.4995846999809	83.0	100.0
319.52021079999395	83.0	100.0
319.54244569997536	83.0	100.0
319.5570367999899	83.0	100.0
319.579823499982	83.0	100.0
319.6002915999852	83.0	100.0
319.619915999996	83.0	100.0
319.6404006999801	83.0	100.0
319.6617250999843	83.0	100.0
319.68078879997483	83.0	100.0
319.7002404999803	83.0	100.0
319.7215760999825	83.0	100.0
319.74177129997406	83.0	100.0
319.7614904999791	84.0	100.0
319.781072999991	84.0	100.0
319.8009814999823	84.0	100.0
319.821303899982	84.0	100.0
319.8409758999769	84.0	100.0
319.8622191999748	84.0	100.0
319.8809050999989	84.0	100.0
319.90122459997656	84.0	100.0
319.92140139997355	84.0	100.0
319.94081179998466	84.0	100.0
319.9617149999831	84.0	100.0
319.98144009997486	84.0	100.0
320.00199409999186	84.0	100.0
320.02105709997704	84.0	100.0
320.040350700001	84.0	100.0
320.06172209998476	84.0	100.0
320.0816392999841	84.0	100.0
320.1004776999762	84.0	100.0
320.1213187999965	84.0	100.0
320.1408966999734	84.0	100.0
320.1625155999791	84.0	100.0
320.1815533999761	84.0	100.0
320.20132389999344	84.0	100.0
320.2214611999807	84.0	100.0
320.24168539998936	84.0	100.0
320.26126559998374	84.0	100.0
320.28155849999166	84.0	100.0
320.3015056999866	84.0	100.0
320.3217625999823	84.0	100.0
320.34093829998164	84.0	100.0
320.36134689999744	84.0	100.0
320.381599299988	84.0	100.0
320.40161709999666	84.0	100.0
320.421296799992	84.0	100.0
320.44159859998035	84.0	100.0
320.46480869999505	84.0	100.0
320.4821757999889	84.0	100.0
320.50121769998805	84.0	100.0
320.52191419998417	84.0	100.0
320.54134039999917	84.0	100.0
320.5617553999764	84.0	100.0
320.58139799998025	84.0	100.0
320.6015608999878	84.0	100.0
320.62087029998656	84.0	100.0
320.6409525999916	84.0	100.0
320.6611673999869	84.0	100.0
320.6815433999873	84.0	100.0
320.70088869999745	84.0	100.0
320.72156379997614	84.0	100.0
320.74251739998	84.0	100.0
320.7620222999831	84.0	100.0
320.78389329998754	84.0	100.0
320.8013705999765	84.0	100.0
320.82141479998245	84.0	100.0
320.84108699997887	84.0	100.0
320.86153449999983	84.0	100.0
320.8817747999856	84.0	100.0
320.9014389999793	84.0	100.0
320.92262159998063	84.0	100.0
320.94165759999305	84.0	100.0
320.9614584999799	84.0	100.0
320.98176969998167	84.0	100.0
321.00175579998177	84.0	100.0
321.0222190999775	84.0	100.0
321.04121759999543	84.0	100.0
321.06144789999234	84.0	100.0
321.08111569998437	84.0	100.0
321.1010861999821	84.0	100.0
321.12124759997823	84.0	100.0
321.1409512999817	84.0	100.0
321.16110999998637	84.0	100.0
321.18072509998456	84.0	100.0
321.20101499999873	84.0	100.0
321.2215532999835	84.0	100.0
321.24102019998827	84.0	100.0
321.26062259997707	84.0	100.0
321.2812400999828	84.0	100.0
321.30110659997445	84.0	100.0
321.32111209997674	84.0	100.0
321.3432818999863	84.0	100.0
321.3614522999851	84.0	100.0
321.3810448999866	84.0	100.0
321.4016182999767	84.0	100.0
321.421262799995	84.0	100.0
321.44206769997254	84.0	100.0
321.46122789999936	84.0	100.0
321.4811696999823	84.0	100.0
321.50098149999394	84.0	100.0
321.5214879999985	84.0	100.0
321.54201489998377	84.0	100.0
321.5621002999833	84.0	100.0
321.582141699997	84.0	100.0
321.603240299999	84.0	100.0
321.62160179999773	84.0	100.0
321.6415203999786	84.0	100.0
321.66131259998656	84.0	100.0
321.6834244999918	84.0	100.0
321.70245679997606	84.0	100.0
321.72328739997465	84.0	100.0
321.7423763999832	84.0	100.0
321.7634788999858	85.0	100.0
321.7821572999819	85.0	100.0
321.80270239998936	85.0	100.0
321.82287969999015	85.0	100.0
321.84280939999735	85.0	100.0
321.86198849999346	85.0	100.0
321.88296289998107	85.0	100.0
321.9028599000012	85.0	100.0
321.92356979998294	85.0	100.0
321.94197349998285	85.0	100.0
321.96267389997956	85.0	100.0
321.9813476999989	85.0	100.0
322.00140479998663	85.0	100.0
322.0217562999751	85.0	100.0
322.04215259998455	85.0	100.0
322.0616503999918	85.0	100.0
322.08235609999974	85.0	100.0
322.101362299989	85.0	100.0
322.12203179998323	85.0	100.0
322.1424393999914	85.0	100.0
322.16279539998504	85.0	100.0
322.18192789997556	85.0	100.0
322.2028771999758	85.0	100.0
322.22331789997406	85.0	100.0
322.2435335999762	85.0	100.0
322.26211159999366	85.0	100.0
322.2820031999727	85.0	100.0
322.3019037999911	85.0	100.0
322.32328669997514	85.0	100.0
322.3425432999793	85.0	100.0
322.3628023999918	85.0	100.0
322.3823319999792	85.0	100.0
322.402270599996	85.0	100.0
322.4231206999975	85.0	100.0
322.4426092999929	85.0	100.0
322.46296239999356	85.0	100.0
322.48320049999165	85.0	100.0
322.50269729999127	85.0	100.0
322.52455740000005	85.0	100.0
322.5431089999911	85.0	100.0
322.5630365999823	85.0	100.0
322.582866199984	85.0	100.0
322.60313179998775	85.0	100.0
322.6231076999975	85.0	100.0
322.64501729997573	85.0	100.0
322.661483999982	85.0	100.0
322.68177579998155	85.0	100.0
322.7028036999982	85.0	100.0
322.72328689999995	85.0	100.0
322.743536199996	85.0	100.0
322.76319179998245	86.0	100.0
322.7831163999799	86.0	100.0
322.80269539999426	86.0	100.0
322.8215175999794	86.0	100.0
322.84309239999857	86.0	100.0
322.8617886999855	86.0	100.0
322.8827630999731	86.0	100.0
322.90177989998483	86.0	100.0
322.922969199979	86.0	100.0
322.94289709997247	86.0	100.0
322.9627676999953	86.0	100.0
322.9823071999999	86.0	100.0
323.0027253999724	86.0	100.0
323.02356409997446	86.0	100.0
323.0444900000002	86.0	100.0
323.0649325999839	86.0	100.0
323.08260759999393	86.0	100.0
323.10308449997683	86.0	100.0
323.123348299996	86.0	100.0
323.1426109999884	86.0	100.0
323.1633868999779	86.0	100.0
323.1833690999774	86.0	100.0
323.2035847999796	86.0	100.0
323.22336859998177	86.0	100.0
323.24360649997834	86.0	100.0
323.2633885999967	86.0	100.0
323.283858699986	86.0	100.0
323.30325689999154	86.0	100.0
323.32418579998193	86.0	100.0
323.34374109999044	86.0	100.0
323.36424229998374	86.0	100.0
323.38336139998864	86.0	100.0
323.40344469997217	86.0	100.0
323.4231426999904	86.0	100.0
323.44667019997723	86.0	100.0
323.46336789999623	86.0	100.0
323.4842357999878	86.0	100.0
323.5039020999975	86.0	100.0
323.5240136999928	86.0	100.0
323.5434385999979	86.0	100.0
323.5647063999786	86.0	100.0
323.58424529997865	86.0	100.0
323.6041942999873	86.0	100.0
323.6239256999979	86.0	100.0
323.6439304999949	86.0	100.0
323.66330039998866	86.0	100.0
323.6847804999852	86.0	100.0
323.703946499998	86.0	100.0
323.7253381999908	86.0	100.0
323.7459482999984	86.0	100.0
323.94107569998596	86.0	100.0
323.94111269997666	86.0	100.0
323.94113059999654	86.0	100.0
323.94114739997895	86.0	100.0
323.94116399998893	86.0	100.0
323.94161329997587	86.0	100.0
323.9416300999874	86.0	100.0
323.94163839999237	86.0	100.0
323.9416480999789	86.0	100.0
323.9430954999989	86.0	100.0
323.9647761999804	86.0	100.0
323.98358989998815	86.0	100.0
324.0046458999859	86.0	100.0
324.0571453999728	86.0	100.0
324.0571689999779	86.0	100.0
324.0638481999922	86.0	100.0
324.19214889997966	86.0	100.0
324.1921844999888	86.0	100.0
324.19220269998186	86.0	100.0
324.1922196999949	86.0	100.0
324.19223609997425	86.0	100.0
324.19225269998424	86.0	100.0
324.20470539998496	86.0	100.0
324.2243286999874	86.0	100.0
324.24359459997504	86.0	100.0
324.26610660000006	86.0	100.0
324.3104973999725	86.0	100.0
324.3105206999753	86.0	100.0
324.32514539998374	86.0	100.0
324.3440927999909	86.0	100.0
324.3642379999801	86.0	100.0
324.4075541999773	86.0	100.0
324.4075811999792	86.0	100.0
324.4242736999877	86.0	100.0
324.44721889999346	86.0	100.0
324.4630083999946	86.0	100.0
324.51055329997325	86.0	100.0
324.51057399998535	86.0	100.0
324.52453949998016	86.0	100.0
324.5443828999996	86.0	100.0
324.5650879999739	86.0	100.0
324.6171229999745	86.0	100.0
324.6171432999836	86.0	100.0
324.62398329999996	86.0	100.0
324.6444228999899	86.0	100.0
324.66397149997647	86.0	100.0
324.71481309999945	86.0	100.0
324.71484179998515	86.0	100.0
324.72486119999667	86.0	100.0
324.7451602999936	86.0	100.0
324.76566009997623	86.0	100.0
324.82154569998966	86.0	100.0
324.8215827999811	86.0	100.0
324.8250662999926	86.0	100.0
324.84653629999957	86.0	100.0
324.8646708999877	86.0	100.0
324.8850295000011	86.0	100.0
324.9278163999843	86.0	100.0
324.927841799974	86.0	100.0
324.94475299998885	86.0	100.0
324.96561179999844	86.0	100.0
324.98464289997355	86.0	100.0
325.17062439999427	86.0	100.0
325.17064669998945	86.0	100.0
325.1706550999952	86.0	100.0
325.1706625999941	86.0	100.0
325.1706698999915	86.0	100.0
325.17150949998177	86.0	100.0
325.17153469999903	86.0	100.0
325.17154779998236	86.0	100.0
325.17156099999556	86.0	100.0
325.1875390999776	86.0	100.0
325.2050340999849	86.0	100.0
325.225730199978	86.0	100.0
325.27751079999143	86.0	100.0
325.2775323999813	86.0	100.0
325.28600659998483	86.0	100.0
325.4137762999744	86.0	100.0
325.413808399986	86.0	100.0
325.4138207999931	86.0	100.0
325.4138326999964	86.0	100.0
325.4138438999944	86.0	100.0
325.41385559999617	86.0	100.0
325.4253359999857	86.0	100.0
325.44547609999427	86.0	100.0
325.46571789999143	86.0	100.0
325.4869296999823	86.0	100.0
325.50562739997986	86.0	100.0
325.52586969998083	86.0	100.0
325.5797373999958	86.0	100.0
325.57976129997405	86.0	100.0
325.58577099998365	86.0	100.0
325.6061090999865	86.0	100.0
325.6286604999914	86.0	100.0
325.6456659999967	86.0	100.0
325.6652893999999	86.0	100.0
325.68540699998266	86.0	100.0
325.70585389999906	86.0	100.0
325.8902898999804	86.0	100.0
325.8903271999734	86.0	100.0
325.8903449999925	87.0	100.0
325.8903615999734	87.0	100.0
325.8903781999834	87.0	100.0
325.8903946999926	87.0	100.0
325.8904110000003	87.0	100.0
325.8904269999766	87.0	100.0
325.8904498999764	87.0	100.0
325.90547289999085	87.0	100.0
325.9447266999923	87.0	100.0
325.9462086999847	87.0	100.0
325.9658902999945	87.0	100.0
325.9855208999943	87.0	100.0
326.00676920000114	87.0	100.0
326.0419837999798	87.0	100.0
326.0458402999793	87.0	100.0
326.0653811999946	87.0	100.0
326.08521269998164	87.0	100.0
326.1057421999867	87.0	100.0
326.12612639999134	87.0	100.0
326.14727589997347	87.0	100.0
326.165780899988	87.0	100.0
326.18556049998733	87.0	100.0
326.2053967999818	87.0	100.0
326.25136279998696	87.0	100.0
326.25138769997284	87.0	100.0
326.26693629997317	87.0	100.0
326.28599569998914	87.0	100.0
326.30641829999513	87.0	100.0
326.32886149999104	87.0	100.0
326.3456454999978	87.0	100.0
326.3657241999754	87.0	100.0
326.38515049999114	87.0	100.0
326.40521179998177	87.0	100.0
326.42528849997325	87.0	100.0
326.4458446999779	87.0	100.0
326.5012752999901	87.0	100.0
326.50131419999525	87.0	100.0
326.50501059999806	87.0	100.0
326.525960799976	87.0	100.0
326.6411564000009	87.0	100.0
326.64119359999313	87.0	100.0
326.64121139998315	87.0	100.0
326.6412278999924	87.0	100.0
326.641243799997	87.0	100.0
326.64579270000104	87.0	100.0
326.6657527999778	87.0	100.0
326.68612159998156	87.0	100.0
326.7056477999722	87.0	100.0
326.725549099996	87.0	100.0
326.7474062999827	87.0	100.0
326.76600799997686	88.0	100.0
326.81370319999405	88.0	100.0
326.81372679999913	88.0	100.0
326.825943999982	88.0	100.0
326.94833839999046	88.0	100.0
326.94953299997724	88.0	100.0
326.94955879999907	88.0	100.0
326.9495672999765	88.0	100.0
326.94957489997614	88.0	100.0
326.94958259997657	88.0	100.0
326.9671440999955	88.0	100.0
326.9869216999796	88.0	100.0
327.00670549998176	88.0	100.0
327.0256174999813	88.0	100.0
327.04599829998915	88.0	100.0
327.0653441999748	88.0	100.0
327.11581019998994	88.0	100.0
327.11583349999273	88.0	100.0
327.1269379000005	88.0	100.0
327.2565749999776	88.0	100.0
327.25666259997524	88.0	100.0
327.2567064999894	88.0	100.0
327.25674199999776	88.0	100.0
327.2567529999942	88.0	100.0
327.25676739998744	88.0	100.0
327.26484869999695	88.0	100.0
327.28536339997663	88.0	100.0
327.30507129998296	88.0	100.0
327.3269301999826	88.0	100.0
327.3461330999853	88.0	100.0
327.36538819997804	88.0	100.0
327.42758309998317	88.0	100.0
327.4276029999892	88.0	100.0
327.4276116999972	88.0	100.0
327.44752909999806	88.0	100.0
327.563098899991	88.0	100.0
327.5631239999784	88.0	100.0
327.5631447999913	88.0	100.0
327.56316529997275	88.0	100.0
327.56320829998003	88.0	100.0
327.5669452000002	88.0	100.0
327.5869224999915	88.0	100.0
327.60570639997604	88.0	100.0
327.6262495999981	88.0	100.0
327.64680449999287	88.0	100.0
327.6684361999796	88.0	100.0
327.6892965999723	88.0	100.0
327.7082467	88.0	100.0
327.72754029999487	88.0	100.0
327.7477298999729	88.0	100.0
327.7674569999799	87.0	100.0
327.787296399998	87.0	100.0
327.8073199999926	87.0	100.0
327.82738519998384	87.0	100.0
327.8489604999777	87.0	100.0
327.86666599998716	87.0	100.0
327.886812599987	87.0	100.0
327.9055068999878	87.0	100.0
327.9268546999956	87.0	100.0
327.9468055999896	87.0	100.0
327.9670803999761	87.0	100.0
327.9870853999746	87.0	100.0
328.00681029999396	87.0	100.0
328.0272808999871	87.0	100.0
328.0532408999861	87.0	100.0
328.067218399985	87.0	100.0
328.08740639997995	87.0	100.0
328.1070018999744	87.0	100.0
328.12822149999556	87.0	100.0
328.1468413999828	87.0	100.0
328.1674388999818	87.0	100.0
328.1868945999886	87.0	100.0
328.2073726999806	87.0	100.0
328.2273096999852	87.0	100.0
328.2483948999725	87.0	100.0
328.2675255999784	87.0	100.0
328.28733799999463	87.0	100.0
328.3072917999816	87.0	100.0
328.3278631999856	87.0	100.0
328.3467128999764	87.0	100.0
328.3671841999749	87.0	100.0
328.38686999998754	87.0	100.0
328.40719399999944	87.0	100.0
328.4274298999808	87.0	100.0
328.4472678999882	87.0	100.0
328.4672971999971	87.0	100.0
328.48731239998597	87.0	100.0
328.50700049998704	87.0	100.0
328.5272575999843	87.0	100.0
328.553914899996	87.0	100.0
328.56686409999384	87.0	100.0
328.587369099987	87.0	100.0
328.607628400001	87.0	100.0
328.6277173999988	87.0	100.0
328.64694690000033	87.0	100.0
328.6683474999736	87.0	100.0
328.68794849998085	87.0	100.0
328.70752889997675	87.0	100.0
328.7280381999735	87.0	100.0
328.7484093999956	87.0	100.0
328.76925249997294	87.0	100.0
328.7879626999784	87.0	100.0
328.8076830999926	87.0	100.0
328.8312299999816	87.0	100.0
328.8562383999815	87.0	100.0
328.8676616999728	87.0	100.0
328.88765809999313	87.0	100.0
328.9076286999916	87.0	100.0
328.9277765999723	87.0	100.0
328.9476450999791	87.0	100.0
328.968513299973	87.0	100.0
328.98726199998055	87.0	100.0
329.0074844999763	87.0	100.0
329.028179099987	87.0	100.0
329.04754259999027	87.0	100.0
329.06718099999125	87.0	100.0
329.08836959998007	87.0	100.0
329.10745489998953	87.0	100.0
329.1279165999731	87.0	100.0
329.14866249999614	87.0	100.0
329.16901979999966	87.0	100.0
329.18931919999886	87.0	100.0
329.20783319999464	87.0	100.0
329.22950379998656	87.0	100.0
329.2487433999777	87.0	100.0
329.2690473999828	87.0	100.0
329.28851279997616	87.0	100.0
329.30874679997214	87.0	100.0
329.328907099989	87.0	100.0
329.3492770999728	87.0	100.0
329.3670202999783	87.0	100.0
329.3864578999928	87.0	100.0
329.4074311000004	87.0	100.0
329.4283219999925	87.0	100.0
329.4481827999989	87.0	100.0
329.4685704000003	87.0	100.0
329.48863089998486	87.0	100.0
329.5084748999798	87.0	100.0
329.5288243999821	87.0	100.0
329.54752939997707	87.0	100.0
329.5688121999847	87.0	100.0
329.5901660999807	87.0	100.0
329.60872419999214	87.0	100.0
329.62824869999895	87.0	100.0
329.64833179998095	87.0	100.0
329.66882599997916	87.0	100.0
329.6890474999964	87.0	100.0
329.7071326999867	87.0	100.0
329.7289714999788	87.0	100.0
329.7523944999848	87.0	100.0
329.76938929999596	85.0	100.0
329.78891979999025	85.0	100.0
329.8089908999973	85.0	100.0
329.828904999973	85.0	100.0
329.856002799992	85.0	100.0
329.8683969999838	85.0	100.0
329.8881993999821	85.0	100.0
329.9088345999771	85.0	100.0
329.929012699984	85.0	100.0
329.9487178999989	85.0	100.0
329.9691864999768	85.0	100.0
329.98816049998277	85.0	100.0
330.008600799978	85.0	100.0
330.02895029998035	85.0	100.0
330.0491727999761	85.0	100.0
330.06890519999433	85.0	100.0
330.0890815999883	85.0	100.0
330.1088336999819	85.0	100.0
330.12863500000094	85.0	100.0
330.1479451999767	85.0	100.0
330.1683731999947	85.0	100.0
330.1879852999991	85.0	100.0
330.20827969998936	85.0	100.0
330.22870539998985	85.0	100.0
330.24899579997873	85.0	100.0
330.2682367999805	85.0	100.0
330.2891982999863	85.0	100.0
330.3085377999814	85.0	100.0
330.3287484999746	85.0	100.0
330.34905449999496	85.0	100.0
330.3681998999964	85.0	100.0
330.3892389999819	85.0	100.0
330.40924769997946	85.0	100.0
330.4293531999865	85.0	100.0
330.44929049999337	85.0	100.0
330.4689897999924	85.0	100.0
330.4889600999886	85.0	100.0
330.50884049999877	85.0	100.0
330.52918109999155	85.0	100.0
330.54883809998864	85.0	100.0
330.569411799981	85.0	100.0
330.5894869999902	85.0	100.0
330.6091610000003	85.0	100.0
330.62879119999707	85.0	100.0
330.6490782999899	85.0	100.0
330.668376799993	85.0	100.0
330.69024989998434	85.0	100.0
330.70921489998	85.0	100.0
330.72899929998675	85.0	100.0
330.7501828999957	85.0	100.0
330.76995409998926	85.0	100.0
330.7894414999755	85.0	100.0
330.80943860000116	85.0	100.0
330.82983949998743	85.0	100.0
330.8495966999908	85.0	100.0
330.8694901999843	85.0	100.0
330.88958679998177	85.0	100.0
330.9095223999757	85.0	100.0
330.9295668999839	85.0	100.0
330.94878709997283	85.0	100.0
330.96947969999746	85.0	100.0
330.98917919999803	85.0	100.0
331.0093498999777	85.0	100.0
331.0297620999918	85.0	100.0
331.0493405999732	85.0	100.0
331.0684333999816	85.0	100.0
331.0888985999918	85.0	100.0
331.1095322999754	85.0	100.0
331.1294559999951	85.0	100.0
331.14921199998935	85.0	100.0
331.16937479999615	85.0	100.0
331.1891827999789	85.0	100.0
331.20948749998934	85.0	100.0
331.22932609997224	85.0	100.0
331.24917269998696	85.0	100.0
331.26994149998063	85.0	100.0
331.2897842999955	85.0	100.0
331.30945339999744	85.0	100.0
331.3308226999943	85.0	100.0
331.34929459998966	85.0	100.0
331.3694182999898	85.0	100.0
331.389537799987	85.0	100.0
331.4091966999986	85.0	100.0
331.4299055999727	85.0	100.0
331.45001939998474	85.0	100.0
331.46925569997984	85.0	100.0
331.48961819999386	85.0	100.0
331.50964849998127	85.0	100.0
331.5299128999759	85.0	100.0
331.55009079998126	85.0	100.0
331.56887179997284	85.0	100.0
331.58968549998826	85.0	100.0
331.6096701999777	85.0	100.0
331.630906699982	85.0	100.0
331.6581851999799	85.0	100.0
331.66978929998004	85.0	100.0
331.68988739998895	85.0	100.0
331.70986239999183	85.0	100.0
331.73092239999096	85.0	100.0
331.7509331999754	85.0	100.0
331.7699829999765	85.0	100.0
331.7894608999777	85.0	100.0
331.8091520999733	85.0	100.0
331.82948779998696	85.0	100.0
331.84945939999307	85.0	100.0
331.8692380999855	85.0	100.0
331.88993669999763	85.0	100.0
331.90978489999543	85.0	100.0
331.9297076999792	85.0	100.0
331.9496815999737	85.0	100.0
331.96997259999625	85.0	100.0
331.98944869998377	85.0	100.0
332.00975229998585	85.0	100.0
332.0301778999856	85.0	100.0
332.04949629999464	85.0	100.0
332.0695093999966	85.0	100.0
332.0893431000004	85.0	100.0
332.10929619998205	85.0	100.0
332.1294161999831	85.0	100.0
332.1500164999743	85.0	100.0
332.16963969997596	85.0	100.0
332.19026949998806	85.0	100.0
332.2115946999984	85.0	100.0
332.2307344999863	85.0	100.0
332.25249609997263	85.0	100.0
332.2703826999932	85.0	100.0
332.29084579998744	85.0	100.0
332.310064099991	85.0	100.0
332.331366599974	85.0	100.0
332.35007879999466	85.0	100.0
332.37013450000086	85.0	100.0
332.3893944999727	85.0	100.0
332.4094260999991	85.0	100.0
332.4293190999888	85.0	100.0
332.4503552999813	85.0	100.0
332.46958549998817	85.0	100.0
332.48935899999924	85.0	100.0
332.5094211999967	85.0	100.0
332.52951480000047	85.0	100.0
332.5494027999812	85.0	100.0
332.5710591999814	85.0	100.0
332.58974839997245	85.0	100.0
332.6107813999988	85.0	100.0
332.63031539999065	85.0	100.0
332.6506702999759	85.0	100.0
332.6706266999827	85.0	100.0
332.690617699991	85.0	100.0
332.7093224999844	85.0	100.0
332.73047039998346	85.0	100.0
332.7513668999891	85.0	100.0
332.77142889998504	86.0	100.0
332.7896101999795	86.0	100.0
332.81054179999046	86.0	100.0
332.8315367999894	86.0	100.0
332.851073799975	86.0	100.0
332.8705294999818	86.0	100.0
332.8909749999875	86.0	100.0
332.9106647000008	86.0	100.0
332.93128349998733	86.0	100.0
332.95095099997707	86.0	100.0
332.9711442999833	86.0	100.0
332.99069739997503	86.0	100.0
333.00967109997873	86.0	100.0
333.03032829999574	86.0	100.0
333.05098839997663	86.0	100.0
333.07156669997494	86.0	100.0
333.0912777999765	86.0	100.0
333.1111839999794	86.0	100.0
333.13105119997635	86.0	100.0
333.1507807999733	86.0	100.0
333.1712006999878	86.0	100.0
333.19116529999883	86.0	100.0
333.2114297999942	86.0	100.0
333.23085699998774	86.0	100.0
333.2502550999925	86.0	100.0
333.2703316999832	86.0	100.0
333.2909658999997	86.0	100.0
333.31024819999584	86.0	100.0
333.330819899973	86.0	100.0
333.3507916999806	86.0	100.0
333.37140279999585	86.0	100.0
333.3914068999875	86.0	100.0
333.4113603000005	86.0	100.0
333.43126819998724	86.0	100.0
333.4512435999932	86.0	100.0
333.4712005999754	86.0	100.0
333.4912422999914	86.0	100.0
333.5106281999906	86.0	100.0
333.53133959998377	86.0	100.0
333.5502582999761	86.0	100.0
333.57094649999635	86.0	100.0
333.5910173000011	86.0	100.0
333.610938799975	86.0	100.0
333.63101759998244	86.0	100.0
333.65091079997364	86.0	100.0
333.67289429999073	86.0	100.0
333.6931704999879	86.0	100.0
333.7115919999778	86.0	100.0
333.7298141999927	86.0	100.0
333.75183039999683	86.0	100.0
333.7720931999793	88.0	100.0
333.7911599999934	88.0	100.0
333.8110101999773	88.0	100.0
333.83102279997547	88.0	100.0
333.85141959998873	88.0	100.0
333.8707499000011	88.0	100.0
333.89181659999304	88.0	100.0
333.9110837999906	88.0	100.0
333.93176419998053	88.0	100.0
333.9510483999911	88.0	100.0
333.9711054999789	88.0	100.0
333.9932585999777	88.0	100.0
334.01230569998734	88.0	100.0
334.0314565000008	88.0	100.0
334.0515152999724	88.0	100.0
334.07134129997576	88.0	100.0
334.0913704999839	88.0	100.0
334.1114916999941	88.0	100.0
334.1326980999729	88.0	100.0
334.1513463999727	88.0	100.0
334.1724363999965	88.0	100.0
334.1914439999964	88.0	100.0
334.21155959999305	88.0	100.0
334.2318000999803	88.0	100.0
334.2510462999926	88.0	100.0
334.271018200001	88.0	100.0
334.29346559999976	88.0	100.0
334.3117172999773	88.0	100.0
334.33130119999987	88.0	100.0
334.3513049999892	88.0	100.0
334.3721901999961	88.0	100.0
334.3915400999831	88.0	100.0
334.41273769998224	88.0	100.0
334.43230099999346	88.0	100.0
334.4515976999828	88.0	100.0
334.47094389999984	88.0	100.0
334.490864899999	88.0	100.0
334.5110853999795	88.0	100.0
334.5316758999834	88.0	100.0
334.55131589999655	88.0	100.0
334.5718317999854	88.0	100.0
334.59156359999906	88.0	100.0
334.61280969998916	88.0	100.0
334.6320582999906	88.0	100.0
334.6516407999734	88.0	100.0
334.6718477999966	88.0	100.0
334.6924235999759	88.0	100.0
334.71231350000016	88.0	100.0
334.73288279998815	88.0	100.0
334.7527566999779	88.0	100.0
334.7731073999894	88.0	100.0
334.7928274999722	88.0	100.0
334.812535199977	88.0	100.0
334.8325964999967	88.0	100.0
334.85277599998517	88.0	100.0
334.87255619998905	88.0	100.0
334.8944167000009	88.0	100.0
334.91510399998515	88.0	100.0
334.93339779999224	88.0	100.0
334.95242449999205	88.0	100.0
334.9726618999848	88.0	100.0
334.99320079997415	88.0	100.0
335.01279309997335	88.0	100.0
335.0326185999729	88.0	100.0
335.0523987999768	88.0	100.0
335.07313889998477	88.0	100.0
335.0928940999729	88.0	100.0
335.11247259998345	88.0	100.0
335.132898699987	88.0	100.0
335.1528746999975	88.0	100.0
335.1724893999926	88.0	100.0
335.1923179999867	88.0	100.0
335.2124571999884	88.0	100.0
335.2333772999991	88.0	100.0
335.2528620999947	88.0	100.0
335.2738019999815	88.0	100.0
335.29261599999154	88.0	100.0
335.3125247999851	88.0	100.0
335.33428689997527	88.0	100.0
335.3512137999933	88.0	100.0
335.37267109999084	88.0	100.0
335.3915718999924	88.0	100.0
335.4131137999939	88.0	100.0
335.43340660000104	88.0	100.0
335.4529149000009	88.0	100.0
335.47287239998695	88.0	100.0
335.4928344999789	88.0	100.0
335.512840099982	88.0	100.0
335.5332785999926	88.0	100.0
335.55268919997616	88.0	100.0
335.57325329998275	88.0	100.0
335.5928814999934	88.0	100.0
335.61236369999824	88.0	100.0
335.6336087999807	88.0	100.0
335.6530388999963	88.0	100.0
335.67265959997894	88.0	100.0
335.6930102999904	88.0	100.0
335.71200379999937	88.0	100.0
335.7370468999725	88.0	100.0
335.75405249997857	88.0	100.0
335.7736891999957	87.0	100.0
335.79312619997654	87.0	100.0
335.81323669999256	87.0	100.0
335.83225029997993	87.0	100.0
335.85247569999774	87.0	100.0
335.87208709999686	87.0	100.0
335.8938766999927	87.0	100.0
335.913117899996	87.0	100.0
335.9336856000009	87.0	100.0
335.95299449999584	87.0	100.0
335.9722589000012	87.0	100.0
335.9928955999785	87.0	100.0
336.01307409998844	87.0	100.0
336.0327326999977	87.0	100.0
336.05344569997396	87.0	100.0
336.0726999999897	87.0	100.0
336.093088900001	87.0	100.0
336.11330619998625	87.0	100.0
336.133385299996	87.0	100.0
336.15398579998873	87.0	100.0
336.173367099982	87.0	100.0
336.19325809998554	87.0	100.0
336.2126342999982	87.0	100.0
336.2332694999932	87.0	100.0
336.2532515999919	87.0	100.0
336.2729580999876	87.0	100.0
336.29356399999233	87.0	100.0
336.3131387999747	87.0	100.0
336.3333799999964	87.0	100.0
336.35307019998436	87.0	100.0
336.37243639997905	87.0	100.0
336.39240309997695	87.0	100.0
336.41196249998757	87.0	100.0
336.4339978999924	87.0	100.0
336.4526884999941	87.0	100.0
336.47363619998214	87.0	100.0
336.4907696999726	87.0	100.0
336.51071299999603	87.0	100.0
336.5309723999817	87.0	100.0
336.5530893999967	87.0	100.0
336.5722898999811	87.0	100.0
336.5922687999846	87.0	100.0
336.6136102999735	87.0	100.0
336.6332647999807	87.0	100.0
336.6555218999856	87.0	100.0
336.6733733000001	87.0	100.0
336.69504949997645	87.0	100.0
336.7133210999891	87.0	100.0
336.7336482999963	87.0	100.0
336.7534490999824	87.0	100.0
336.773114599986	86.0	100.0
336.793532199983	86.0	100.0
336.8134720999806	86.0	100.0
336.83329779998166	86.0	100.0
336.8532069999783	86.0	100.0
336.8733808999823	86.0	100.0
336.89329670000006	86.0	100.0
336.9128961999959	86.0	100.0
336.9341443000012	86.0	100.0
336.9542863999959	86.0	100.0
336.9752980999765	86.0	100.0
336.994712899992	86.0	100.0
337.01371109997854	86.0	100.0
337.03301329998067	86.0	100.0
337.05432569998084	86.0	100.0
337.0727129999723	86.0	100.0
337.09308799999417	86.0	100.0
337.1135005999822	86.0	100.0
337.13335599997663	86.0	100.0
337.1531025999866	86.0	100.0
337.1728387999756	86.0	100.0
337.1930804000003	86.0	100.0
337.2130887999956	86.0	100.0
337.2329659999814	86.0	100.0
337.2531419999723	86.0	100.0
337.27315559997805	86.0	100.0
337.29301049999776	86.0	100.0
337.3130906999868	86.0	100.0
337.33339179999894	86.0	100.0
337.3531756000011	86.0	100.0
337.373337099998	86.0	100.0
337.39302199997474	86.0	100.0
337.4130868999928	86.0	100.0
337.43345289997524	86.0	100.0
337.45337969998945	86.0	100.0
337.4750618999824	86.0	100.0
337.4933530999988	86.0	100.0
337.5129190000007	86.0	100.0
337.5335270999931	86.0	100.0
337.55328480000026	86.0	100.0
337.5737216999987	86.0	100.0
337.5932526999968	86.0	100.0
337.61322369999834	86.0	100.0
337.63346019998426	86.0	100.0
337.65392369998153	86.0	100.0
337.67350949998945	86.0	100.0
337.6942051999795	86.0	100.0
337.7138597999874	86.0	100.0
337.73583099999814	86.0	100.0
337.7548877999943	86.0	100.0
337.7749724999885	83.0	100.0
337.7928044	83.0	100.0
337.8125770999759	83.0	100.0
337.8324772999913	83.0	100.0
337.8495811999892	83.0	100.0
337.87116239999887	83.0	100.0
337.8930398999946	83.0	100.0
337.9129406999855	83.0	100.0
337.9338920999726	83.0	100.0
337.952656199981	83.0	100.0
337.9734936999739	83.0	100.0
337.9925918999943	83.0	100.0
338.0152507999737	83.0	100.0
338.03642309998395	83.0	100.0
338.0549700999982	83.0	100.0
338.07492159999674	83.0	100.0
338.09540109999944	83.0	100.0
338.1150563999836	83.0	100.0
338.13528419999056	83.0	100.0
338.1549773000006	83.0	100.0
338.17481119997683	83.0	100.0
338.19517089999863	83.0	100.0
338.2153481999994	83.0	100.0
338.23503929999424	83.0	100.0
338.25454749999335	83.0	100.0
338.27773379997234	83.0	100.0
338.29583189997356	83.0	100.0
338.31678439999814	83.0	100.0
338.3364212999877	83.0	100.0
338.353334799991	83.0	100.0
338.37514809999266	83.0	100.0
338.3964142999903	83.0	100.0
338.41470709998976	83.0	100.0
338.4352513999911	83.0	100.0
338.45713199998136	83.0	100.0
338.47523869998986	83.0	100.0
338.4955201999983	83.0	100.0
338.5152013999759	83.0	100.0
338.53555789997336	83.0	100.0
338.55442629999015	83.0	100.0
338.5755342999764	83.0	100.0
338.5949820999813	83.0	100.0
338.6153300999722	83.0	100.0
338.63512249998166	83.0	100.0
338.6551558999927	83.0	100.0
338.6756177999778	83.0	100.0
338.6962731999811	83.0	100.0
338.7144242999784	83.0	100.0
338.7354962999816	83.0	100.0
338.75599269999657	83.0	100.0
338.77676280000014	84.0	100.0
338.7953570999962	84.0	100.0
338.8163849999837	84.0	100.0
338.8353868999984	84.0	100.0
338.85840639998787	84.0	100.0
338.8755086999736	84.0	100.0
338.89541519997874	84.0	100.0
338.91516319999937	84.0	100.0
338.93525179999415	84.0	100.0
338.95454299999983	84.0	100.0
338.97532249998767	84.0	100.0
338.99523539998336	84.0	100.0
339.0160251999914	84.0	100.0
339.03625129998545	84.0	100.0
339.0559578999819	84.0	100.0
339.0754906999937	84.0	100.0
339.09690919998684	84.0	100.0
339.11628489999566	84.0	100.0
339.1364242999989	84.0	100.0
339.1552222999744	84.0	100.0
339.17577909998363	84.0	100.0
339.1957546999911	84.0	100.0
339.2155831999844	84.0	100.0
339.235663200001	84.0	100.0
339.25566209998215	84.0	100.0
339.2746094999893	84.0	100.0
339.2976787999796	84.0	100.0
339.3179096999811	84.0	100.0
339.33625199997914	84.0	100.0
339.35552009998355	84.0	100.0
339.3780048999761	84.0	100.0
339.395294499991	84.0	100.0
339.4153226999915	84.0	100.0
339.43563449999783	84.0	100.0
339.45578039999236	84.0	100.0
339.4762377999723	84.0	100.0
339.4953126999899	84.0	100.0
339.5154956999759	84.0	100.0
339.53699899997446	84.0	100.0
339.55657119999523	84.0	100.0
339.5756205999933	84.0	100.0
339.59641659999033	84.0	100.0
339.61616589999176	84.0	100.0
339.6367642999976	84.0	100.0
339.6575179999927	84.0	100.0
339.6761116999842	84.0	100.0
339.6993048999866	84.0	100.0
339.7165103999723	84.0	100.0
339.7371474999818	84.0	100.0
339.7571826999774	84.0	100.0
339.7763763999974	84.0	100.0
339.7966539999761	84.0	100.0
339.817004099983	84.0	100.0
339.83700869997847	84.0	100.0
339.8552557999792	84.0	100.0
339.876425800001	84.0	100.0
339.89686660000007	84.0	100.0
339.91685189999407	84.0	100.0
339.937216499995	84.0	100.0
339.9564937999821	84.0	100.0
339.97631269998965	84.0	100.0
339.99665759998607	84.0	100.0
340.0171248999832	84.0	100.0
340.0370594999986	84.0	100.0
340.05611349997343	84.0	100.0
340.0763130999985	84.0	100.0
340.0969517999911	84.0	100.0
340.11680029999116	84.0	100.0
340.1372327999852	84.0	100.0
340.15692699997453	84.0	100.0
340.1770543999737	84.0	100.0
340.1963538999844	84.0	100.0
340.2171952999779	84.0	100.0
340.23676909998176	84.0	100.0
340.25729849998606	84.0	100.0
340.27660959999776	84.0	100.0
340.2968808999867	84.0	100.0
340.3169855999877	84.0	100.0
340.3374797999859	84.0	100.0
340.35687839999446	84.0	100.0
340.37738429999445	84.0	100.0
340.39683509999304	84.0	100.0
340.4176453999826	84.0	100.0
340.4374443999841	84.0	100.0
340.4558560999867	84.0	100.0
340.47639009999693	84.0	100.0
340.49622689999524	84.0	100.0
340.5153206999821	84.0	100.0
340.5371201999951	84.0	100.0
340.5565047999844	84.0	100.0
340.5766871999949	84.0	100.0
340.59624429998803	84.0	100.0
340.61679329999606	84.0	100.0
340.6365049999731	84.0	100.0
340.6562414999935	84.0	100.0
340.676427599974	84.0	100.0
340.6965426999959	84.0	100.0
340.7159094999952	84.0	100.0
340.7372745999892	84.0	100.0
340.7575485999987	84.0	100.0
340.77786499998183	83.0	100.0
340.7973567000008	83.0	100.0
340.81724259999464	83.0	100.0
340.8374078999914	83.0	100.0
340.8577483999834	83.0	100.0
340.87668439999106	83.0	100.0
340.89732489999733	83.0	100.0
340.91658929997357	83.0	100.0
340.9383265999786	83.0	100.0
340.95721039999626	83.0	100.0
340.9771622999979	83.0	100.0
340.9971076999791	83.0	100.0
341.0185195999802	83.0	100.0
341.0387926999829	83.0	100.0
341.0587259999884	83.0	100.0
341.07756649999646	83.0	100.0
341.09743329999037	83.0	100.0
341.11734389999765	83.0	100.0
341.137375899998	83.0	100.0
341.1572965999949	83.0	100.0
341.17828559997724	83.0	100.0
341.19767969998065	83.0	100.0
341.21805599998333	83.0	100.0
341.23746689999825	83.0	100.0
341.2573516999837	83.0	100.0
341.27739609999117	83.0	100.0
341.2970438999764	83.0	100.0
341.3168742999842	83.0	100.0
341.33774039999116	83.0	100.0
341.3585879999737	83.0	100.0
341.3780078999989	83.0	100.0
341.3981125999999	83.0	100.0
341.4177691999939	83.0	100.0
341.4373077999917	83.0	100.0
341.45721169997705	83.0	100.0
341.47774399997434	83.0	100.0
341.49702809998416	83.0	100.0
341.5168254999735	83.0	100.0
341.5367563999898	83.0	100.0
341.556826199987	83.0	100.0
341.57647759999963	83.0	100.0
341.59742399997776	83.0	100.0
341.61767689997214	83.0	100.0
341.6368450000009	83.0	100.0
341.65791270000045	83.0	100.0
341.6776159000001	83.0	100.0
341.6978841999953	83.0	100.0
341.71844639998744	83.0	100.0
341.7375055999728	83.0	100.0
341.7582615999854	83.0	100.0
341.7783809999819	82.0	100.0
341.79719209999894	82.0	100.0
341.817358100001	82.0	100.0
341.8371311999799	82.0	100.0
341.8574055999925	82.0	100.0
341.87876919997507	82.0	100.0
341.89720690000104	82.0	100.0
341.9170908999804	82.0	100.0
341.9376888999832	82.0	100.0
341.9571742999833	82.0	100.0
341.9802892000007	82.0	100.0
341.99792669998715	82.0	100.0
342.0177169999806	82.0	100.0
342.03737549998914	82.0	100.0
342.05711239998345	82.0	100.0
342.07728119997773	82.0	100.0
342.0971868999768	82.0	100.0
342.1168832999829	82.0	100.0
342.13768859999254	82.0	100.0
342.1576842999784	82.0	100.0
342.17813989997376	82.0	100.0
342.197614899982	82.0	100.0
342.21734079997987	82.0	100.0
342.2384315999807	82.0	100.0
342.2578711999813	82.0	100.0
342.2777475999901	82.0	100.0
342.2985176999937	82.0	100.0
342.31756989998394	82.0	100.0
342.3374064999807	82.0	100.0
342.3568761999777	82.0	100.0
342.37719489997835	82.0	100.0
342.39687849997426	82.0	100.0
342.41731689998414	82.0	100.0
342.4373268999916	82.0	100.0
342.4569838999887	82.0	100.0
342.47724589999416	82.0	100.0
342.49719299998833	82.0	100.0
342.51714949999587	82.0	100.0
342.5376340999792	82.0	100.0
342.5568191999919	82.0	100.0
342.5771053999779	82.0	100.0
342.5975293999945	82.0	100.0
342.61726499997894	82.0	100.0
342.6372545999766	82.0	100.0
342.65726409998024	82.0	100.0
342.6774955999863	82.0	100.0
342.699656199984	82.0	100.0
342.7170664999867	82.0	100.0
342.7382775999722	82.0	100.0
342.75789589999476	82.0	100.0
342.77765459998045	81.0	100.0
342.79950139997527	81.0	100.0
342.8174860999861	81.0	100.0
342.83756580000045	81.0	100.0
342.85680309997406	81.0	100.0
342.8761986999889	81.0	100.0
342.89919050000026	81.0	100.0
342.9175430999894	81.0	100.0
342.93829099999857	81.0	100.0
342.957848799997	81.0	100.0
342.97932839998975	81.0	100.0
342.99766199997975	81.0	100.0
343.01817019999726	81.0	100.0
343.03799230000004	81.0	100.0
343.05918139999267	81.0	100.0
343.0770838999888	81.0	100.0
343.0973982999858	81.0	100.0
343.11753399999	81.0	100.0
343.13855529998546	81.0	100.0
343.157658799988	81.0	100.0
343.1784150999738	81.0	100.0
343.1971176999796	81.0	100.0
343.21777419999125	81.0	100.0
343.2377965999767	81.0	100.0
343.2577068999817	81.0	100.0
343.2805449999869	81.0	100.0
343.29774319997523	81.0	100.0
343.31777689998853	81.0	100.0
343.3380869999819	81.0	100.0
343.3571587999759	81.0	100.0
343.37780909999856	81.0	100.0
343.3973751999729	81.0	100.0
343.4178926999739	81.0	100.0
343.4379084999964	81.0	100.0
343.45732609997503	81.0	100.0
343.4775539999828	81.0	100.0
343.4978486999753	81.0	100.0
343.5176896999765	81.0	100.0
343.5377049999952	81.0	100.0
343.55834289998165	81.0	100.0
343.5774868999724	81.0	100.0
343.59731610000017	81.0	100.0
343.61882359997253	81.0	100.0
343.6376268999884	81.0	100.0
343.656951699988	81.0	100.0
343.6768173999735	81.0	100.0
343.6966009999742	81.0	100.0
343.71705049998127	81.0	100.0
343.73813179999706	81.0	100.0
343.7589208999998	81.0	100.0
343.7783294999972	77.0	100.0
343.7969171000004	77.0	100.0
343.81728599997587	77.0	100.0
343.8369079999975	77.0	100.0
343.8566120999749	77.0	100.0
343.8767373999872	77.0	100.0
343.8972380999767	77.0	100.0
343.91742429998703	77.0	100.0
343.93793039998855	77.0	100.0
343.95726679998916	77.0	100.0
343.97745320000104	77.0	100.0
343.99736679997295	77.0	100.0
344.01778909997665	77.0	100.0
344.03813349999837	77.0	100.0
344.05712349998066	77.0	100.0
344.07577719999244	77.0	100.0
344.0963780999882	77.0	100.0
344.11375429999316	77.0	100.0
344.1334294999833	77.0	100.0
344.15213819997734	77.0	100.0
344.17343830000027	77.0	100.0
344.1949344999739	77.0	100.0
344.2166940999741	77.0	100.0
344.2373834999744	77.0	100.0
344.2574903999921	77.0	100.0
344.2772420999827	77.0	100.0
344.29579909998574	77.0	100.0
344.3175890999846	77.0	100.0
344.33838389997254	77.0	100.0
344.35751459997846	77.0	100.0
344.37712659998215	77.0	100.0
344.3961383999849	77.0	100.0
344.41639579998446	77.0	100.0
344.4379795999848	77.0	100.0
344.45685619997676	77.0	100.0
344.47956929999054	77.0	100.0
344.4971669999941	77.0	100.0
344.521181899996	77.0	100.0
344.5377796999819	77.0	100.0
344.55755479997606	77.0	100.0
344.57727619999787	77.0	100.0
344.5972047999967	77.0	100.0
344.61716429999797	77.0	100.0
344.6376170000003	77.0	100.0
344.65789740000037	77.0	100.0
344.676896399993	77.0	100.0
344.6973674999899	77.0	100.0
344.7167914999882	77.0	100.0
344.73821769998176	77.0	100.0
344.7592662999814	77.0	100.0
344.7794530999963	76.0	100.0
344.79691649999586	76.0	100.0
344.81476660000044	76.0	100.0
344.83778569998685	76.0	100.0
344.85747170000104	76.0	100.0
344.87689559999853	76.0	100.0
344.8967373999767	76.0	100.0
344.9170566999819	76.0	100.0
344.93729909998365	76.0	100.0
344.9570255999861	76.0	100.0
344.97764379999717	76.0	100.0
344.9982851999812	76.0	100.0
345.0171517999843	76.0	100.0
345.03743259998737	76.0	100.0
345.0572452999768	76.0	100.0
345.0780669999949	76.0	100.0
345.0980616999732	76.0	100.0
345.1172132999927	76.0	100.0
345.1373083999788	76.0	100.0
345.157209099998	76.0	100.0
345.17767710000044	76.0	100.0
345.1973809999763	76.0	100.0
345.2170728999772	76.0	100.0
345.237556099979	76.0	100.0
345.25768429998425	76.0	100.0
345.2773918999883	76.0	100.0
345.29752169997664	76.0	100.0
345.3173198000004	76.0	100.0
345.33693839999614	76.0	100.0
345.3568269999814	76.0	100.0
345.3774808999733	76.0	100.0
345.39706299998215	76.0	100.0
345.41756679999526	76.0	100.0
345.4373871999851	76.0	100.0
345.4576976999815	76.0	100.0
345.47679939999944	76.0	100.0
345.4979042999912	76.0	100.0
345.516907799989	76.0	100.0
345.53749839999364	76.0	100.0
345.5574410999834	76.0	100.0
345.57769749997533	76.0	100.0
345.59761759999674	76.0	100.0
345.6177366999909	76.0	100.0
345.6368997999816	76.0	100.0
345.65686949997325	76.0	100.0
345.6772086999845	76.0	100.0
345.6995490999834	76.0	100.0
345.7170545999834	76.0	100.0
345.7373833999736	76.0	100.0
345.7576804999844	76.0	100.0
345.7788544999785	75.0	100.0
345.7974381999811	75.0	100.0
345.81722289999016	75.0	100.0
345.8379487999773	75.0	100.0
345.8584632999846	75.0	100.0
345.8779072999896	75.0	100.0
345.8985970999929	75.0	100.0
345.91684439999517	75.0	100.0
345.93722119997256	75.0	100.0
345.95692689999123	75.0	100.0
345.9771531999868	75.0	100.0
345.99698299999	75.0	100.0
346.0172678999952	75.0	100.0
346.0380277999793	75.0	100.0
346.0575629999803	75.0	100.0
346.0788956999895	75.0	100.0
346.0980706999835	75.0	100.0
346.11807039999985	75.0	100.0
346.13931339999544	75.0	100.0
346.15726639999775	75.0	100.0
346.17865269997856	75.0	100.0
346.19784499998786	75.0	100.0
346.2184161999903	75.0	100.0
346.2385334999999	75.0	100.0
346.2585304999957	75.0	100.0
346.27836399999796	75.0	100.0
346.2987664999964	75.0	100.0
346.3187684000004	75.0	100.0
346.33896029999596	75.0	100.0
346.3583537999948	75.0	100.0
346.37781009997707	75.0	100.0
346.39809469998	75.0	100.0
346.4183650999912	75.0	100.0
346.43928919997416	75.0	100.0
346.45884269999806	75.0	100.0
346.477286999987	75.0	100.0
346.4974171999784	75.0	100.0
346.51829670000006	75.0	100.0
346.53860909998184	75.0	100.0
346.55732039999566	75.0	100.0
346.57948909999686	75.0	100.0
346.59784939998644	75.0	100.0
346.61922249998315	75.0	100.0
346.638610999973	75.0	100.0
346.6584061999747	75.0	100.0
346.6789198999759	75.0	100.0
346.69918139997753	75.0	100.0
346.7185721999849	75.0	100.0
346.73776569997426	75.0	100.0
346.76031419998617	75.0	100.0
346.7800163999782	74.0	100.0
346.79917859999114	74.0	100.0
346.81889579998096	74.0	100.0
346.8390137999959	74.0	100.0
346.85852679997333	74.0	100.0
346.8772262999846	74.0	100.0
346.8988751999859	74.0	100.0
346.91946919998736	74.0	100.0
346.9397748999763	74.0	100.0
346.9595152999973	74.0	100.0
346.97837239998626	74.0	100.0
346.99802989998716	74.0	100.0
347.01888559997315	74.0	100.0
347.0393023999932	74.0	100.0
347.05867999998736	74.0	100.0
347.07927229997586	74.0	100.0
347.1003647999896	74.0	100.0
347.1186929999967	74.0	100.0
347.13919019998866	74.0	100.0
347.159030299983	74.0	100.0
347.1789288999862	74.0	100.0
347.1987149999768	74.0	100.0
347.21892269997625	74.0	100.0
347.2386098999996	74.0	100.0
347.2592271999747	74.0	100.0
347.27792909997515	74.0	100.0
347.2998720999749	74.0	100.0
347.319139899977	74.0	100.0
347.3391816999938	74.0	100.0
347.3589773999993	74.0	100.0
347.3792754999886	74.0	100.0
347.39893939998	74.0	100.0
347.4185451999947	74.0	100.0
347.4390748999722	74.0	100.0
347.45976169998175	74.0	100.0
347.4804363999865	74.0	100.0
347.50052219998906	74.0	100.0
347.5193456999841	74.0	100.0
347.5389646999829	74.0	100.0
347.55890899998485	74.0	100.0
347.5791937999893	74.0	100.0
347.59930709999753	74.0	100.0
347.61916069997824	74.0	100.0
347.63924479999696	74.0	100.0
347.65902859999915	74.0	100.0
347.6788763999939	74.0	100.0
347.6985724999977	74.0	100.0
347.71835139999166	74.0	100.0
347.73906870000064	74.0	100.0
347.76026039998396	74.0	100.0
347.77930709999055	72.0	100.0
347.79926189998514	72.0	100.0
347.81944019999355	72.0	100.0
347.83928919999744	72.0	100.0
347.85800359997666	72.0	100.0
347.87865899997996	72.0	100.0
347.8992403000011	72.0	100.0
347.91960379999364	72.0	100.0
347.9397728999902	72.0	100.0
347.9589651999995	72.0	100.0
347.979015799996	72.0	100.0
347.99872229999164	72.0	100.0
348.0193293999764	72.0	100.0
348.0392003999732	72.0	100.0
348.05816489999415	72.0	100.0
348.078789399995	72.0	100.0
348.0985876999912	72.0	100.0
348.1192585999961	72.0	100.0
348.13931859997683	72.0	100.0
348.15817119998974	72.0	100.0
348.1785486000008	72.0	100.0
348.19884729999467	72.0	100.0
348.2221537999867	72.0	100.0
348.23896259997855	72.0	100.0
348.25865529998555	72.0	100.0
348.2781294999877	72.0	100.0
348.29891099999077	72.0	100.0
348.3193248999887	72.0	100.0
348.339654099982	72.0	100.0
348.3591738999821	72.0	100.0
348.3814916999836	72.0	100.0
348.3988979999849	72.0	100.0
348.41911659998004	72.0	100.0
348.4390481999726	72.0	100.0
348.4592078999849	72.0	100.0
348.47935189999407	72.0	100.0
348.498852299992	72.0	100.0
348.51862559997244	72.0	100.0
348.53930969999055	72.0	100.0
348.558063399978	72.0	100.0
348.5792431999871	72.0	100.0
348.5992272000003	72.0	100.0
348.6199563999835	72.0	100.0
348.6372105999908	72.0	100.0
348.65771629998926	72.0	100.0
348.6765081999765	72.0	100.0
348.70006589998957	72.0	100.0
348.71868439999525	72.0	100.0
348.7396208999853	72.0	100.0
348.76040039997315	72.0	100.0
348.78059009998105	72.0	100.0
348.7991861999908	72.0	100.0
348.8194226999767	72.0	100.0
348.8412183999899	72.0	100.0
348.85942119997344	72.0	100.0
348.8791193999932	72.0	100.0
348.8992068999796	72.0	100.0
348.91945729998406	72.0	100.0
348.9408196999866	72.0	100.0
348.9595613999991	72.0	100.0
348.98111589998007	72.0	100.0
348.9997665999981	72.0	100.0
349.0189493999933	72.0	100.0
349.0389786999731	72.0	100.0
349.0565199999837	72.0	100.0
349.0757172999729	72.0	100.0
349.0954308999935	72.0	100.0
349.1157460999966	72.0	100.0
349.13647800000035	72.0	100.0
349.1576457999763	72.0	100.0
349.179298699979	72.0	100.0
349.1991651999997	72.0	100.0
349.2192361999769	72.0	100.0
349.23918119998416	72.0	100.0
349.26096549999784	72.0	100.0
349.28106879998813	72.0	100.0
349.3005151999823	72.0	100.0
349.3206606999738	72.0	100.0
349.3411329999799	72.0	100.0
349.36044209997635	72.0	100.0
349.3805160999764	72.0	100.0
349.40022260000114	72.0	100.0
349.42063529998995	72.0	100.0
349.4395301999757	72.0	100.0
349.46063339998364	72.0	100.0
349.47975349999615	72.0	100.0
349.5006175999879	72.0	100.0
349.5204220999731	72.0	100.0
349.5404714999895	72.0	100.0
349.55998709998676	72.0	100.0
349.5802146999922	72.0	100.0
349.59993779999786	72.0	100.0
349.6203381999803	72.0	100.0
349.64003879998927	72.0	100.0
349.660324699973	72.0	100.0
349.68215329997474	72.0	100.0
349.6993868999998	72.0	100.0
349.7202075999812	72.0	100.0
349.74057649998576	72.0	100.0
349.76312789999065	72.0	100.0
349.7841499999922	73.0	100.0
349.8012684999849	73.0	100.0
349.82087689999025	73.0	100.0
349.84063629998127	73.0	100.0
349.86093399999663	73.0	100.0
349.8813022999966	73.0	100.0
349.9008123999811	73.0	100.0
349.9207632999751	73.0	100.0
349.94105039999704	73.0	100.0
349.96023339999374	73.0	100.0
349.9812916999799	73.0	100.0
350.00065239999094	73.0	100.0
350.02051089997985	73.0	100.0
350.0414196999918	73.0	100.0
350.06088699999964	73.0	100.0
350.08103919998393	73.0	100.0
350.10072409998975	73.0	100.0
350.120789699984	73.0	100.0
350.1411198999849	73.0	100.0
350.1608405999723	73.0	100.0
350.1842821999744	73.0	100.0
350.1991116999998	73.0	100.0
350.22042169998167	73.0	100.0
350.24049859997467	73.0	100.0
350.26034759997856	73.0	100.0
350.28004079998937	73.0	100.0
350.3000507999968	73.0	100.0
350.3200513999909	73.0	100.0
350.34061019998626	73.0	100.0
350.3600483999762	73.0	100.0
350.38008409997565	73.0	100.0
350.4000992999936	73.0	100.0
350.4202807999973	73.0	100.0
350.44024779999745	73.0	100.0
350.4601596999855	73.0	100.0
350.48005129999365	73.0	100.0
350.50205779998214	73.0	100.0
350.52061229999526	73.0	100.0
350.54182089999085	73.0	100.0
350.5606035999954	73.0	100.0
350.5821315999783	73.0	100.0
350.6011712999898	73.0	100.0
350.62064709997503	73.0	100.0
350.64185169999837	73.0	100.0
350.66112249999424	73.0	100.0
350.68101589998696	73.0	100.0
350.70133549999446	73.0	100.0
350.7214073999785	73.0	100.0
350.74114809997263	73.0	100.0
350.76135689998046	73.0	100.0
350.7817557999806	73.0	100.0
350.8013755999855	73.0	100.0
350.8215038999915	73.0	100.0
350.8414165999857	73.0	100.0
350.8608812999737	73.0	100.0
350.88209409997216	73.0	100.0
350.901592899987	73.0	100.0
350.92089839998516	73.0	100.0
350.9421132999996	73.0	100.0
350.9609961999813	73.0	100.0
350.98118219999014	73.0	100.0
351.0005588999775	73.0	100.0
351.02082529998734	73.0	100.0
351.0412579999829	73.0	100.0
351.06151069997577	73.0	100.0
351.0808121000009	73.0	100.0
351.1007397999929	73.0	100.0
351.1213552999834	73.0	100.0
351.1404927999829	73.0	100.0
351.16105439999956	73.0	100.0
351.1813862999843	73.0	100.0
351.2014109999873	73.0	100.0
351.2212693999754	73.0	100.0
351.2412074999884	73.0	100.0
351.2612374999735	73.0	100.0
351.28060849997564	73.0	100.0
351.30141109999386	73.0	100.0
351.3213069999765	73.0	100.0
351.3415582999878	73.0	100.0
351.3613580999954	73.0	100.0
351.38061629998265	73.0	100.0
351.4011615999916	73.0	100.0
351.4205226999766	73.0	100.0
351.44051269997726	73.0	100.0
351.46105949999765	73.0	100.0
351.48328479999327	73.0	100.0
351.5033954999817	73.0	100.0
351.5213476999779	73.0	100.0
351.5418134999927	73.0	100.0
351.56143489998067	73.0	100.0
351.5813642999856	73.0	100.0
351.60139339999296	73.0	100.0
351.6213232000009	73.0	100.0
351.641398799984	73.0	100.0
351.66145569999935	73.0	100.0
351.68115199997555	73.0	100.0
351.7032763999887	73.0	100.0
351.72156039997935	73.0	100.0
351.7417450999783	73.0	100.0
351.76105469997856	73.0	100.0
351.7817544999998	73.0	100.0
351.80175059998874	73.0	100.0
351.82138389998	73.0	100.0
351.84210019998136	73.0	100.0
351.86169749998953	73.0	100.0
351.8811777999799	73.0	100.0
351.90156069997465	73.0	100.0
351.92129889997886	73.0	100.0
351.9414533999807	73.0	100.0
351.9611570999841	73.0	100.0
351.98536319998675	73.0	100.0
352.00093589999597	73.0	100.0
352.02118949999567	73.0	100.0
352.04102169998805	73.0	100.0
352.0607747999893	73.0	100.0
352.0808073999942	73.0	100.0
352.1014931999962	73.0	100.0
352.1214277999825	73.0	100.0
352.1420663999743	73.0	100.0
352.1612231999752	73.0	100.0
352.1814221999957	73.0	100.0
352.20130339998286	73.0	100.0
352.22165019999375	73.0	100.0
352.2415618999803	73.0	100.0
352.2618452999741	73.0	100.0
352.28100170000107	73.0	100.0
352.30062359999283	73.0	100.0
352.322685799998	73.0	100.0
352.3409982000012	73.0	100.0
352.3607529999863	73.0	100.0
352.38129679998383	73.0	100.0
352.40147509999224	73.0	100.0
352.4223838999751	73.0	100.0
352.44229019997874	73.0	100.0
352.4608840000001	73.0	100.0
352.48070279997773	73.0	100.0
352.5016923999938	73.0	100.0
352.5215474999859	73.0	100.0
352.54255389998434	73.0	100.0
352.56180879997555	73.0	100.0
352.5815140999912	73.0	100.0
352.60152229998494	73.0	100.0
352.62277269997867	73.0	100.0
352.64195649998146	73.0	100.0
352.6614847999881	73.0	100.0
352.6806827999826	73.0	100.0
352.70113889998174	73.0	100.0
352.7211100999848	73.0	100.0
352.74235289997887	73.0	100.0
352.76189139997587	73.0	100.0
352.7818476999819	74.0	100.0
352.80139739997685	74.0	100.0
352.8215572999907	74.0	100.0
352.8414195999794	74.0	100.0
352.8617337999749	74.0	100.0
352.88093579999986	74.0	100.0
352.9062113999971	74.0	100.0
352.9210686000006	74.0	100.0
352.9415606999828	74.0	100.0
352.960903899977	74.0	100.0
352.9811437999888	74.0	100.0
353.0007204999856	74.0	100.0
353.02110519999405	74.0	100.0
353.04285189998336	74.0	100.0
353.06141549997847	74.0	100.0
353.08197319999454	74.0	100.0
353.10122499999125	74.0	100.0
353.1213262999954	74.0	100.0
353.14243849998456	74.0	100.0
353.1614320999943	74.0	100.0
353.181981599977	74.0	100.0
353.20239729998866	74.0	100.0
353.2228854999994	74.0	100.0
353.24433429999044	74.0	100.0
353.26153469999554	74.0	100.0
353.28261279998696	74.0	100.0
353.3022396999877	74.0	100.0
353.3217501999752	74.0	100.0
353.34273199999006	74.0	100.0
353.36182659998303	74.0	100.0
353.3812134999898	74.0	100.0
353.4016836999799	74.0	100.0
353.4226633999788	74.0	100.0
353.4426925999869	74.0	100.0
353.461381000001	74.0	100.0
353.481277999992	74.0	100.0
353.5021038999839	74.0	100.0
353.521656500001	74.0	100.0
353.5428255999868	74.0	100.0
353.5634650999855	74.0	100.0
353.5842094999971	74.0	100.0
353.604196100001	74.0	100.0
353.62222729998757	74.0	100.0
353.6432450999855	74.0	100.0
353.6633548999962	74.0	100.0
353.68320039997343	74.0	100.0
353.70314529997995	74.0	100.0
353.72240489997785	74.0	100.0
353.7431419999921	74.0	100.0
353.76447069999995	74.0	100.0
353.78372539998963	75.0	100.0
353.8022535999771	75.0	100.0
353.8232510999951	75.0	100.0
353.8431515999837	75.0	100.0
353.8635871000006	75.0	100.0
353.88268969999626	75.0	100.0
353.902339799999	75.0	100.0
353.9211546999868	75.0	100.0
353.9430333999917	75.0	100.0
353.96263639998506	75.0	100.0
353.9823723999725	75.0	100.0
354.00211289999424	75.0	100.0
354.0224935999722	75.0	100.0
354.04260659997817	75.0	100.0
354.06346279999707	75.0	100.0
354.082404899993	75.0	100.0
354.1022035999922	75.0	100.0
354.1221525000001	75.0	100.0
354.14320309998584	75.0	100.0
354.162623399985	75.0	100.0
354.1826537999732	75.0	100.0
354.20217529998627	75.0	100.0
354.22316109997337	75.0	100.0
354.24308069999097	75.0	100.0
354.2631693999865	75.0	100.0
354.28388599999016	75.0	100.0
354.3028095999907	75.0	100.0
354.3227054999734	75.0	100.0
354.3431005999737	75.0	100.0
354.3635836999747	75.0	100.0
354.3828318999731	75.0	100.0
354.4022896999959	75.0	100.0
354.4226728999929	75.0	100.0
354.4427725999849	75.0	100.0
354.4627946999972	75.0	100.0
354.4831449999765	75.0	100.0
354.5028319999983	75.0	100.0
354.5224105999805	75.0	100.0
354.5433914999885	75.0	100.0
354.5625354999793	75.0	100.0
354.5824640999781	75.0	100.0
354.602673699992	75.0	100.0
354.62281799997436	75.0	100.0
354.64294619997963	75.0	100.0
354.66301259998	75.0	100.0
354.6824063999811	75.0	100.0
354.7045665999758	75.0	100.0
354.72342399999616	75.0	100.0
354.74324109999	75.0	100.0
354.76382259998354	75.0	100.0
354.78404389999923	76.0	100.0
354.80343279999215	76.0	100.0
354.82305819998146	76.0	100.0
354.8430959999969	76.0	100.0
354.8636050999921	76.0	100.0
354.8830845999764	76.0	100.0
354.9032067999942	76.0	100.0
354.9227986999904	76.0	100.0
354.94374989997596	76.0	100.0
354.96286879997933	76.0	100.0
354.98518979997607	76.0	100.0
355.0027504999889	76.0	100.0
355.02367689998937	76.0	100.0
355.0433396999724	76.0	100.0
355.06255699999747	76.0	100.0
355.09005629998865	76.0	100.0
355.10327279998455	76.0	100.0
355.1233893999888	76.0	100.0
355.1432660999999	76.0	100.0
355.16317879999406	76.0	100.0
355.1843939999817	76.0	100.0
355.20363219999126	76.0	100.0
355.22330809998675	76.0	100.0
355.24442249999265	76.0	100.0
355.2643302999786	76.0	100.0
355.28315639999346	76.0	100.0
355.30335539998487	76.0	100.0
355.3231948999746	76.0	100.0
355.3433906999999	76.0	100.0
355.3631865999778	76.0	100.0
355.3842004999751	76.0	100.0
355.40434459998505	76.0	100.0
355.4241062999936	76.0	100.0
355.44348499999614	76.0	100.0
355.4637140999839	76.0	100.0
355.48346799999126	76.0	100.0
355.5036805999989	76.0	100.0
355.5233269999735	76.0	100.0
355.54372489999514	76.0	100.0
355.56342199997744	76.0	100.0
355.5838388999982	76.0	100.0
355.60348109999904	76.0	100.0
355.62327929999446	76.0	100.0
355.64423229999375	76.0	100.0
355.66388769997866	76.0	100.0
355.6838888999773	76.0	100.0
355.70428629999515	76.0	100.0
355.72372149999137	76.0	100.0
355.7442869999795	76.0	100.0
355.7667713999981	76.0	100.0
355.78530439999304	76.0	100.0
355.8044558999827	76.0	100.0
355.82485330000054	76.0	100.0
355.84457229997497	76.0	100.0
355.86550899999565	76.0	100.0
355.8848817999824	76.0	100.0
355.9088931999868	76.0	100.0
355.9245903999836	76.0	100.0
355.9444881999807	76.0	100.0
355.96437139998307	76.0	100.0
355.9846181999892	76.0	100.0
356.0044021999929	76.0	100.0
356.02506529999664	76.0	100.0
356.05022609999287	76.0	100.0
356.0641102999798	76.0	100.0
356.0837214999774	76.0	100.0
356.1041673999862	76.0	100.0
356.12411089998204	76.0	100.0
356.14456599997357	76.0	100.0
356.16367939999327	76.0	100.0
356.18422029999783	76.0	100.0
356.2038760999858	76.0	100.0
356.22436789999483	76.0	100.0
356.2440852999862	76.0	100.0
356.2645991999889	76.0	100.0
356.28481610000017	76.0	100.0
356.3041989999765	76.0	100.0
356.32433819997823	76.0	100.0
356.3444704999856	76.0	100.0
356.3637458999874	76.0	100.0
356.3840222999861	76.0	100.0
356.4047390999913	76.0	100.0
356.4244921999925	76.0	100.0
356.4444011999876	76.0	100.0
356.4641135999991	76.0	100.0
356.4842329999956	76.0	100.0
356.5037242999824	76.0	100.0
356.52457549999235	76.0	100.0
356.5451327999763	76.0	100.0
356.5640606999805	76.0	100.0
356.5836133999983	76.0	100.0
356.60545339999953	76.0	100.0
356.62545809999574	76.0	100.0
356.64612439999473	76.0	100.0
356.66569699998945	76.0	100.0
356.68454209997435	76.0	100.0
356.704654000001	76.0	100.0
356.72573549998924	76.0	100.0
356.7451641999942	76.0	100.0
356.7655216999992	76.0	100.0
356.7854707999795	77.0	100.0
356.8051118000003	77.0	100.0
356.82548709999537	77.0	100.0
356.84561659998144	77.0	100.0
356.8644632999785	77.0	100.0
356.88460579997627	77.0	100.0
356.9039969999867	77.0	100.0
356.92437829999835	77.0	100.0
356.9458001999883	77.0	100.0
356.9655194999941	77.0	100.0
356.98474349998287	77.0	100.0
357.0044554999913	77.0	100.0
357.0260930999939	77.0	100.0
357.0453068999923	77.0	100.0
357.065437799989	77.0	100.0
357.08490219997475	77.0	100.0
357.1051594999735	77.0	100.0
357.1251883999794	77.0	100.0
357.1448807999841	77.0	100.0
357.16410249998444	77.0	100.0
357.1834019999951	77.0	100.0
357.2021466999722	77.0	100.0
357.22456779997447	77.0	100.0
357.2431062999822	77.0	100.0
357.2650572999846	77.0	100.0
357.2846045999904	77.0	100.0
357.30494839997846	77.0	100.0
357.3252333999844	77.0	100.0
357.3455410999886	77.0	100.0
357.3653509999858	77.0	100.0
357.3854185999953	77.0	100.0
357.40485479999916	77.0	100.0
357.4246236999752	77.0	100.0
357.4442759999947	77.0	100.0
357.4652648999763	77.0	100.0
357.4852879999962	77.0	100.0
357.5052396999963	77.0	100.0
357.52513799999724	77.0	100.0
357.54565519999596	77.0	100.0
357.5653441999748	77.0	100.0
357.5852383999736	77.0	100.0
357.6050200999889	77.0	100.0
357.62514549997286	77.0	100.0
357.6473869999754	77.0	100.0
357.664440499997	77.0	100.0
357.6894686999731	77.0	100.0
357.7072766999772	77.0	100.0
357.72524419997353	77.0	100.0
357.7447092999937	77.0	100.0
357.7654965999827	77.0	100.0
357.7863134999934	77.0	100.0
357.8054193999851	77.0	100.0
357.8252148999891	77.0	100.0
357.84522619997733	77.0	100.0
357.86545209999895	77.0	100.0
357.89276139999856	77.0	100.0
357.905168199999	77.0	100.0
357.92513739998685	77.0	100.0
357.9451408999739	77.0	100.0
357.965223999985	77.0	100.0
357.98484129999997	77.0	100.0
358.00478989997646	77.0	100.0
358.02513049999834	77.0	100.0
358.0451197999937	77.0	100.0
358.0656255999929	77.0	100.0
358.08529049999197	77.0	100.0
358.1044831999752	77.0	100.0
358.12407409999287	77.0	100.0
358.14441339997575	77.0	100.0
358.16493999998784	77.0	100.0
358.1846668999933	77.0	100.0
358.2047386999766	77.0	100.0
358.22506719999365	77.0	100.0
358.2453920999833	77.0	100.0
358.2651540999941	77.0	100.0
358.28511679999065	77.0	100.0
358.30526199997985	77.0	100.0
358.3252941999817	77.0	100.0
358.34528979999595	77.0	100.0
358.36529089999385	77.0	100.0
358.38602629999514	77.0	100.0
358.4056188999966	77.0	100.0
358.4251084999996	77.0	100.0
358.45019449997926	77.0	100.0
358.4665761999786	77.0	100.0
358.4852952999936	77.0	100.0
358.5051625999913	77.0	100.0
358.5250508999743	77.0	100.0
358.54568749998	77.0	100.0
358.5652036999818	77.0	100.0
358.58584779998637	77.0	100.0
358.60504579998087	77.0	100.0
358.6255230999959	77.0	100.0
358.64515259998734	77.0	100.0
358.66514099997585	77.0	100.0
358.6857905999932	77.0	100.0
358.70583299998543	77.0	100.0
358.72568939998746	77.0	100.0
358.745755299984	77.0	100.0
358.7671835999936	77.0	100.0
358.7860707999789	78.0	100.0
358.8059125999862	78.0	100.0
358.824756099988	78.0	100.0
358.84476199999335	78.0	100.0
358.8652718999947	78.0	100.0
358.88529099998414	78.0	100.0
358.90449099999387	78.0	100.0
358.9256236999936	78.0	100.0
358.94559699998354	78.0	100.0
358.96537369998987	78.0	100.0
358.98568189999787	78.0	100.0
359.00543419999303	78.0	100.0
359.02540579999913	78.0	100.0
359.0454912999994	78.0	100.0
359.06728659998043	78.0	100.0
359.08586589997867	78.0	100.0
359.10487539999303	78.0	100.0
359.12541749997763	78.0	100.0
359.14598439997644	78.0	100.0
359.16528669997933	78.0	100.0
359.18513919998077	78.0	100.0
359.20488449998084	78.0	100.0
359.22539629999665	78.0	100.0
359.2456245999783	78.0	100.0
359.2657098999771	78.0	100.0
359.28626499997335	78.0	100.0
359.3057324999827	78.0	100.0
359.3250139999727	78.0	100.0
359.3468135999865	78.0	100.0
359.36549999998533	78.0	100.0
359.38563459998113	78.0	100.0
359.4057829999947	78.0	100.0
359.4257584999723	78.0	100.0
359.4464560999768	78.0	100.0
359.46589899997343	78.0	100.0
359.48459169999114	78.0	100.0
359.5051327999972	78.0	100.0
359.5249002999917	78.0	100.0
359.5453595999861	78.0	100.0
359.56385839998256	78.0	100.0
359.5859567000007	78.0	100.0
359.60527789997286	78.0	100.0
359.62560089997714	78.0	100.0
359.6459269999759	78.0	100.0
359.66658419999294	78.0	100.0
359.68650759998127	78.0	100.0
359.70873399998527	78.0	100.0
359.7279403999855	78.0	100.0
359.746359199984	78.0	100.0
359.7671923999733	78.0	100.0
359.78763779997826	79.0	100.0
359.8053068999725	79.0	100.0
359.8262523000012	79.0	100.0
359.84678239998175	79.0	100.0
359.8659088999848	79.0	100.0
359.8857684999821	79.0	100.0
359.90580299997237	79.0	100.0
359.92587839998305	79.0	100.0
359.9467889999796	79.0	100.0
359.9653792999743	79.0	100.0
359.9864299999899	79.0	100.0
360.00633039997774	79.0	100.0
360.02581479999935	79.0	100.0
360.04682989997673	79.0	100.0
360.0645870999724	79.0	100.0
360.08593919998384	79.0	100.0
360.10677439998835	79.0	100.0
360.1267818999768	79.0	100.0
360.14658179998514	79.0	100.0
360.1662486999994	79.0	100.0
360.18683259998215	79.0	100.0
360.2075401999755	79.0	100.0
360.2258372999786	79.0	100.0
360.24598799998057	79.0	100.0
360.2652973999793	79.0	100.0
360.2851119999832	79.0	100.0
360.30535819998477	79.0	100.0
360.32521569999517	79.0	100.0
360.34626079999725	79.0	100.0
360.3650361999753	79.0	100.0
360.38524389997474	79.0	100.0
360.4050921999733	79.0	100.0
360.4262600999791	79.0	100.0
360.4454027999891	79.0	100.0
360.46675689998665	79.0	100.0
360.48677150000003	79.0	100.0
360.507672799984	79.0	100.0
360.5261343999882	79.0	100.0
360.5468936999969	79.0	100.0
360.5664921999851	79.0	100.0
360.58713289999287	79.0	100.0
360.6068805999821	79.0	100.0
360.6269101999933	79.0	100.0
360.64722600000096	79.0	100.0
360.66684289998375	79.0	100.0
360.6860248000012	79.0	100.0
360.7079095999943	79.0	100.0
360.72625859998516	79.0	100.0
360.7465653999825	79.0	100.0
360.7668057999981	79.0	100.0
360.78677129998687	80.0	100.0
360.806434099999	80.0	100.0
360.8271324999805	80.0	100.0
360.8469203999848	80.0	100.0
360.86693279998144	80.0	100.0
360.8852775999985	80.0	100.0
360.9056183999928	80.0	100.0
360.92730089998804	80.0	100.0
360.9471589999739	80.0	100.0
360.9665362999949	80.0	100.0
360.9867723999778	80.0	100.0
361.00504189997446	80.0	100.0
361.0274409999838	80.0	100.0
361.046222999983	80.0	100.0
361.0672111999884	80.0	100.0
361.0871289999923	80.0	100.0
361.10650119997445	80.0	100.0
361.12363219997496	80.0	100.0
361.14434299999266	80.0	100.0
361.1614078999846	80.0	100.0
361.1820407999912	80.0	100.0
361.2031386999879	80.0	100.0
361.2260648999945	80.0	100.0
361.2503593000001	80.0	100.0
361.266881699994	80.0	100.0
361.287102399976	80.0	100.0
361.3069880999974	80.0	100.0
361.32707959998515	80.0	100.0
361.34794799998053	80.0	100.0
361.3668293999799	80.0	100.0
361.3870364999748	80.0	100.0
361.40683229998103	80.0	100.0
361.4271366999892	80.0	100.0
361.4472992999945	80.0	100.0
361.4665184999758	80.0	100.0
361.48522219998995	80.0	100.0
361.5072712999827	80.0	100.0
361.52612789999694	80.0	100.0
361.546921799978	80.0	100.0
361.5660866999824	80.0	100.0
361.5868117999926	80.0	100.0
361.6054658999783	80.0	100.0
361.6268896999827	80.0	100.0
361.6465930999839	80.0	100.0
361.666579599987	80.0	100.0
361.6862476999813	80.0	100.0
361.70526759998756	80.0	100.0
361.7269494999782	80.0	100.0
361.7474176999822	80.0	100.0
361.76837669999804	80.0	100.0
361.78337299998384	81.0	100.0
361.8042571999831	81.0	100.0
361.8212787999946	81.0	100.0
361.842421999987	81.0	100.0
361.86337399997865	81.0	100.0
361.88924849999603	81.0	100.0
361.90454229997704	81.0	100.0
361.92516849999083	81.0	100.0
361.948716599989	81.0	100.0
361.9673456999881	81.0	100.0
361.98745159999817	81.0	100.0
362.00729909999063	81.0	100.0
362.0275455999945	81.0	100.0
362.04786169997533	81.0	100.0
362.0668180999928	81.0	100.0
362.08702939999057	81.0	100.0
362.1068606999761	81.0	100.0
362.12656389997574	81.0	100.0
362.1473132999963	81.0	100.0
362.16733969998313	81.0	100.0
362.18709009999293	81.0	100.0
362.206681199983	81.0	100.0
362.2273013999802	81.0	100.0
362.2480975999788	81.0	100.0
362.26686389997485	81.0	100.0
362.28692419998697	81.0	100.0
362.3060719999776	81.0	100.0
362.3258342999907	81.0	100.0
362.34784189998754	81.0	100.0
362.3674039999896	81.0	100.0
362.3869810999895	81.0	100.0
362.4067459999933	81.0	100.0
362.4269721999881	81.0	100.0
362.4473848999769	81.0	100.0
362.46731419998105	81.0	100.0
362.486871000001	81.0	100.0
362.50680669999565	81.0	100.0
362.5272120999871	81.0	100.0
362.54756389997783	81.0	100.0
362.5654082999972	81.0	100.0
362.58786689999397	81.0	100.0
362.60679669998353	81.0	100.0
362.6271057999984	81.0	100.0
362.64735590000055	81.0	100.0
362.667816399975	81.0	100.0
362.68699689998175	81.0	100.0
362.70802569997613	81.0	100.0
362.72775559997535	81.0	100.0
362.74913049998577	81.0	100.0
362.7677493999945	81.0	100.0
362.78715059999377	81.0	100.0
362.8069627999794	81.0	100.0
362.8280571999785	81.0	100.0
362.8459687999857	81.0	100.0
362.86712609999813	81.0	100.0
362.8863225999812	81.0	100.0
362.9084449999791	81.0	100.0
362.9271941999905	81.0	100.0
362.9484850000008	81.0	100.0
362.9672066999774	81.0	100.0
362.9886413999775	81.0	100.0
363.00816579998354	81.0	100.0
363.0271489000006	81.0	100.0
363.0485178999952	81.0	100.0
363.0686402999854	81.0	100.0
363.088485699991	81.0	100.0
363.108104599989	81.0	100.0
363.12856359998113	81.0	100.0
363.1486566999811	81.0	100.0
363.16813809997984	81.0	100.0
363.1887834999943	81.0	100.0
363.2081837999867	81.0	100.0
363.22830409999005	81.0	100.0
363.2481754999899	81.0	100.0
363.26882219998515	81.0	100.0
363.28833529999247	81.0	100.0
363.3082927999785	81.0	100.0
363.32758929999545	81.0	100.0
363.3482745999936	81.0	100.0
363.36753969997517	81.0	100.0
363.38774559999	81.0	100.0
363.4077171999961	81.0	100.0
363.42800429998897	81.0	100.0
363.44776659997297	81.0	100.0
363.467496999976	81.0	100.0
363.4872121999797	81.0	100.0
363.5081787999952	81.0	100.0
363.5276233999757	81.0	100.0
363.54805279997527	81.0	100.0
363.56781489998684	81.0	100.0
363.5889865999925	81.0	100.0
363.60778909997316	81.0	100.0
363.62806419999106	81.0	100.0
363.6480037999863	81.0	100.0
363.66926979998243	81.0	100.0
363.6891793999821	81.0	100.0
363.7105938999739	81.0	100.0
363.7288961999875	81.0	100.0
363.74885939998785	81.0	100.0
363.76810529999784	81.0	100.0
363.78874150000047	81.0	100.0
363.80865309998626	81.0	100.0
363.8288879999891	81.0	100.0
363.8483516999986	81.0	100.0
363.86729959998047	81.0	100.0
363.8866429999762	81.0	100.0
363.9069092999853	81.0	100.0
363.92345439997735	81.0	100.0
363.94325889999163	81.0	100.0
363.96717289998196	81.0	100.0
363.9896651999734	81.0	100.0
364.00663049999275	81.0	100.0
364.0259644999751	81.0	100.0
364.04887269999017	81.0	100.0
364.06828709997353	81.0	100.0
364.08865629998036	81.0	100.0
364.1106866999762	81.0	100.0
364.1283571999811	81.0	100.0
364.1461865999736	81.0	100.0
364.16466669997317	81.0	100.0
364.18185909997555	81.0	100.0
364.2041044999787	81.0	100.0
364.22408869999344	81.0	100.0
364.2481748999853	81.0	100.0
364.2671599999885	81.0	100.0
364.2886282999825	81.0	100.0
364.30685829999857	81.0	100.0
364.3280555999954	81.0	100.0
364.3491844999953	81.0	100.0
364.36873969997396	81.0	100.0
364.38904739997815	81.0	100.0
364.4088548999862	81.0	100.0
364.42818129999796	81.0	100.0
364.44845799999894	81.0	100.0
364.4681533999974	81.0	100.0
364.48699189999024	81.0	100.0
364.5083694999921	81.0	100.0
364.5280867999827	81.0	100.0
364.548539099982	81.0	100.0
364.56825759998173	81.0	100.0
364.58839319998515	81.0	100.0
364.60804679998546	81.0	100.0
364.62907249998534	81.0	100.0
364.6492906999774	81.0	100.0
364.66919389998657	81.0	100.0
364.6887630999845	81.0	100.0
364.70914649998304	81.0	100.0
364.7292242999829	81.0	100.0
364.7491689999879	81.0	100.0
364.76925089998986	81.0	100.0
364.78883369997493	81.0	100.0
364.8088652000006	81.0	100.0
364.82777299999725	81.0	100.0
364.84508829997503	81.0	100.0
364.8627026999893	81.0	100.0
364.88081969998893	81.0	100.0
364.90055369999027	81.0	100.0
364.92588689998956	81.0	100.0
364.94871869997587	81.0	100.0
364.966944099986	81.0	100.0
364.9927869999956	81.0	100.0
365.00903950000065	81.0	100.0
365.0282909999951	81.0	100.0
365.0494057999749	81.0	100.0
365.0694824999955	81.0	100.0
365.08902779998607	81.0	100.0
365.1089961999969	81.0	100.0
365.12887819999014	81.0	100.0
365.14867869997397	81.0	100.0
365.1694092999969	81.0	100.0
365.1894390999805	81.0	100.0
365.2093309999909	81.0	100.0
365.2294945999747	81.0	100.0
365.24944899999537	81.0	100.0
365.2692783999955	81.0	100.0
365.28926799999317	81.0	100.0
365.3092391999962	81.0	100.0
365.32919339998625	81.0	100.0
365.3501753999735	81.0	100.0
365.36912129999837	81.0	100.0
365.38853129997733	81.0	100.0
365.4087940999889	81.0	100.0
365.4300059999805	81.0	100.0
365.4486797999998	81.0	100.0
365.46888929998386	81.0	100.0
365.4892094999959	81.0	100.0
365.50925549998647	81.0	100.0
365.5294882999733	81.0	100.0
365.54926079997676	81.0	100.0
365.56847509997897	81.0	100.0
365.5893880999938	81.0	100.0
365.6092163999856	81.0	100.0
365.6293170999852	81.0	100.0
365.6496480999922	81.0	100.0
365.66934449999826	81.0	100.0
365.68922659999225	81.0	100.0
365.71082279999973	81.0	100.0
365.72582110000076	81.0	100.0
365.7482718999963	81.0	100.0
365.7668803999841	81.0	100.0
365.78514809999615	81.0	100.0
365.80380489997333	81.0	100.0
365.8256225999794	81.0	100.0
365.8468737999792	81.0	100.0
365.8677861999895	81.0	100.0
365.8883536999929	81.0	100.0
365.90985759999603	81.0	100.0
365.92864049997297	81.0	100.0
365.9495462999912	81.0	100.0
365.9690524999751	81.0	100.0
365.9891163999855	81.0	100.0
366.00925479998114	81.0	100.0
366.02864399997634	81.0	100.0
366.04936459998135	81.0	100.0
366.0692042999726	81.0	100.0
366.08832179999445	81.0	100.0
366.1091123999795	81.0	100.0
366.12941299998784	81.0	100.0
366.1502185999998	81.0	100.0
366.1694111999823	81.0	100.0
366.1891107999836	81.0	100.0
366.20955809997395	81.0	100.0
366.22991569997976	81.0	100.0
366.24945599999046	81.0	100.0
366.26930239997455	81.0	100.0
366.28917599999113	81.0	100.0
366.309389299975	81.0	100.0
366.32911919997423	81.0	100.0
366.3516659999732	81.0	100.0
366.36863809998613	81.0	100.0
366.3890249999822	81.0	100.0
366.40928209997946	81.0	100.0
366.42932959998143	81.0	100.0
366.44955520000076	81.0	100.0
366.4681220999919	81.0	100.0
366.4856685999839	81.0	100.0
366.5213120999979	81.0	100.0
366.5218048999959	81.0	100.0
366.5413746999984	81.0	100.0
366.56047169998055	81.0	100.0
366.58075279998593	81.0	100.0
366.60182879999047	81.0	100.0
366.6244861999876	81.0	100.0
366.64689589999034	81.0	100.0
366.6650645999762	81.0	100.0
366.684641299973	81.0	100.0
366.70942489997833	81.0	100.0
366.72838039998896	81.0	100.0
366.74807829997735	81.0	100.0
366.76816219999455	81.0	100.0
366.78915139997844	80.0	100.0
366.8083781999885	80.0	100.0
366.8319893000007	80.0	100.0
366.8493763000006	80.0	100.0
366.86891249998007	80.0	100.0
366.8888382999867	80.0	100.0
366.90880889998516	80.0	100.0
366.92768039999646	80.0	100.0
366.9455778999836	80.0	100.0
366.9654110999836	80.0	100.0
366.9855154999823	80.0	100.0
367.0015486999764	80.0	100.0
367.0234589999891	80.0	100.0
367.04469149999204	80.0	100.0
367.06539549998706	80.0	100.0
367.0876866999897	80.0	100.0
367.10853609998594	80.0	100.0
367.12913919999846	80.0	100.0
367.14907849999145	80.0	100.0
367.1706995999848	80.0	100.0
367.1886123000004	80.0	100.0
367.20914519997314	80.0	100.0
367.2293338999734	80.0	100.0
367.2495668999909	80.0	100.0
367.2695762999938	80.0	100.0
367.28942349998397	80.0	100.0
367.30914699999266	80.0	100.0
367.3292540999828	80.0	100.0
367.3487407999928	80.0	100.0
367.36936379998224	80.0	100.0
367.38964609999675	80.0	100.0
367.4093623999797	80.0	100.0
367.42919889997575	80.0	100.0
367.44904039998073	80.0	100.0
367.4691882999905	80.0	100.0
367.48950019999756	80.0	100.0
367.50889279998955	80.0	100.0
367.52879039998516	80.0	100.0
367.545965599973	80.0	100.0
367.568632599985	80.0	100.0
367.58930599997984	80.0	100.0
367.6086743999913	80.0	100.0
367.62895169999683	80.0	100.0
367.64938789998996	80.0	100.0
367.66899939998984	80.0	100.0
367.6894685999723	80.0	100.0
367.71005099997274	80.0	100.0
367.72865859998274	80.0	100.0
367.7487120000005	80.0	100.0
367.771219199989	80.0	100.0
367.79030919997604	79.0	100.0
367.8094301999954	79.0	100.0
367.8290710999863	79.0	100.0
367.8494546999864	79.0	100.0
367.86877719999757	79.0	100.0
367.88962279999396	79.0	100.0
367.9091050999996	79.0	100.0
367.9294871999882	79.0	100.0
367.9494021999999	79.0	100.0
367.96898059998057	79.0	100.0
367.99036899997736	79.0	100.0
368.00927469998715	79.0	100.0
368.0293948999897	79.0	100.0
368.0491481999925	79.0	100.0
368.06908809999004	79.0	100.0
368.08966539998073	79.0	100.0
368.109341399977	79.0	100.0
368.1284775999957	79.0	100.0
368.1512974999787	79.0	100.0
368.1696832999878	79.0	100.0
368.18939059998957	79.0	100.0
368.20927039999515	79.0	100.0
368.23020059999544	79.0	100.0
368.2492987999867	79.0	100.0
368.26926669999375	79.0	100.0
368.29135109999334	79.0	100.0
368.30958949998603	79.0	100.0
368.3292765999795	79.0	100.0
368.34959969998454	79.0	100.0
368.36927189998096	79.0	100.0
368.3885878000001	79.0	100.0
368.40930649999063	79.0	100.0
368.42920349998167	79.0	100.0
368.44916349998675	79.0	100.0
368.46932549998746	79.0	100.0
368.48899389998405	79.0	100.0
368.5154598999943	79.0	100.0
368.5284288999974	79.0	100.0
368.5496487999917	79.0	100.0
368.56912139998167	79.0	100.0
368.58981359997415	79.0	100.0
368.60913539998	79.0	100.0
368.62976849998813	79.0	100.0
368.64941169999656	79.0	100.0
368.66882839999744	79.0	100.0
368.68899249998503	79.0	100.0
368.70990659997915	79.0	100.0
368.7291796999925	79.0	100.0
368.7492948999861	79.0	100.0
368.77014459998463	79.0	100.0
368.78896899998654	79.0	100.0
368.8093475999776	79.0	100.0
368.8304914999753	79.0	100.0
368.8501505999884	79.0	100.0
368.86937519998173	79.0	100.0
368.8892228999757	79.0	100.0
368.91148569999496	79.0	100.0
368.9291112999781	79.0	100.0
368.9498901999905	79.0	100.0
368.96904279998853	79.0	100.0
368.98902909999015	79.0	100.0
369.0087591999909	79.0	100.0
369.02925839999807	79.0	100.0
369.04934229998617	79.0	100.0
369.0696444999776	79.0	100.0
369.08934089998365	79.0	100.0
369.109277999989	79.0	100.0
369.12929139999324	79.0	100.0
369.14957009998034	79.0	100.0
369.16995279997354	79.0	100.0
369.1895343999786	79.0	100.0
369.20932339999126	79.0	100.0
369.22958639997523	79.0	100.0
369.2496869999741	79.0	100.0
369.26968219998525	79.0	100.0
369.2891860999807	79.0	100.0
369.3093673999829	79.0	100.0
369.32938949999516	79.0	100.0
369.3498173999833	79.0	100.0
369.37037069999496	79.0	100.0
369.38922569999704	79.0	100.0
369.40891549998196	79.0	100.0
369.4297058999946	79.0	100.0
369.44968249998055	79.0	100.0
369.4689639999997	79.0	100.0
369.4888160999981	79.0	100.0
369.51004309998825	79.0	100.0
369.52912209997885	79.0	100.0
369.55366129998583	79.0	100.0
369.56892089999747	79.0	100.0
369.5890054999909	79.0	100.0
369.6091902999906	79.0	100.0
369.6296208999993	79.0	100.0
369.64918839998427	79.0	100.0
369.66851119999774	79.0	100.0
369.68699349998496	79.0	100.0
369.71100879998994	79.0	100.0
369.73087609998765	79.0	100.0
369.7497127999959	79.0	100.0
369.76982139999745	79.0	100.0
369.79060409998056	79.0	100.0
369.809443199978	79.0	100.0
369.83030879998114	79.0	100.0
369.8505568999972	79.0	100.0
369.87045560000115	79.0	100.0
369.8896203999757	79.0	100.0
369.9096709000005	79.0	100.0
369.92976419997285	79.0	100.0
369.9498292999924	79.0	100.0
369.9700824999891	79.0	100.0
369.989771499997	79.0	100.0
370.0097640999884	79.0	100.0
370.0305589999771	79.0	100.0
370.0500446999795	79.0	100.0
370.07054699998116	79.0	100.0
370.0895143999951	79.0	100.0
370.10930399998324	79.0	100.0
370.1291462999943	79.0	100.0
370.15090299997246	79.0	100.0
370.16965109997545	79.0	100.0
370.190218099975	79.0	100.0
370.20960569998715	79.0	100.0
370.22977759997593	79.0	100.0
370.2491322999995	79.0	100.0
370.26913029997377	79.0	100.0
370.2887439999904	79.0	100.0
370.3096260999737	79.0	100.0
370.32887979998486	79.0	100.0
370.3502793999796	79.0	100.0
370.36968919998617	79.0	100.0
370.3900619999913	79.0	100.0
370.408987599978	79.0	100.0
370.42956089999643	79.0	100.0
370.4491879999987	79.0	100.0
370.4691445999779	79.0	100.0
370.48939029997564	79.0	100.0
370.5105872999993	79.0	100.0
370.5297511999961	79.0	100.0
370.55098289999296	79.0	100.0
370.5695308999857	79.0	100.0
370.59057659999235	79.0	100.0
370.6097912999976	79.0	100.0
370.6307340999774	79.0	100.0
370.6523356999969	79.0	100.0
370.6690214999835	79.0	100.0
370.68881699998747	79.0	100.0
370.7104450999759	79.0	100.0
370.7292974999873	79.0	100.0
370.7511174999818	79.0	100.0
370.77101589998347	79.0	100.0
370.7909881999949	78.0	100.0
370.8101853999833	78.0	100.0
370.8300183999818	78.0	100.0
370.84993549998035	78.0	100.0
370.8703795999754	78.0	100.0
370.8891921999748	78.0	100.0
370.91001509997295	78.0	100.0
370.92973189998884	78.0	100.0
370.95203609997407	78.0	100.0
370.96923289998085	78.0	100.0
370.98932299998705	78.0	100.0
371.00974199999473	78.0	100.0
371.0291930999956	78.0	100.0
371.05006699997466	78.0	100.0
371.0703595999803	78.0	100.0
371.0891762999818	78.0	100.0
371.110017399973	78.0	100.0
371.1292727999971	78.0	100.0
371.1499644999858	78.0	100.0
371.1693896999932	78.0	100.0
371.19052879998344	78.0	100.0
371.2119920999976	78.0	100.0
371.2327656999987	78.0	100.0
371.2496183999756	78.0	100.0
371.27082859998336	78.0	100.0
371.2893569000007	78.0	100.0
371.30998869999894	78.0	100.0
371.3296785999846	78.0	100.0
371.3511851999792	78.0	100.0
371.3698945999786	78.0	100.0
371.3891515999858	78.0	100.0
371.40925109997625	78.0	100.0
371.4304713999736	78.0	100.0
371.44921500000055	78.0	100.0
371.4715591999993	78.0	100.0
371.48913719999837	78.0	100.0
371.50924599997234	78.0	100.0
371.5297514999984	78.0	100.0
371.5505253999727	78.0	100.0
371.5693732999789	78.0	100.0
371.5906710999843	78.0	100.0
371.60972489998676	78.0	100.0
371.6294800999749	78.0	100.0
371.65041039997595	78.0	100.0
371.6705305999785	78.0	100.0
371.6896116999851	78.0	100.0
371.7111460999877	78.0	100.0
371.7300123999885	78.0	100.0
371.7509954999841	78.0	100.0
371.7715091999853	78.0	100.0
371.79119819999323	78.0	100.0
371.80971619999036	78.0	100.0
371.8306829999783	78.0	100.0
371.8506998999801	78.0	100.0
371.8706085999729	78.0	100.0
371.89089499998954	78.0	100.0
371.9104621000006	78.0	100.0
371.9306450999866	78.0	100.0
371.9510585999815	78.0	100.0
371.97070320000057	78.0	100.0
371.9911774999928	78.0	100.0
372.01394959999016	78.0	100.0
372.02986909999163	78.0	100.0
372.05079609999666	78.0	100.0
372.07095169997774	78.0	100.0
372.09078489997773	78.0	100.0
372.1107578999945	78.0	100.0
372.1313989999762	78.0	100.0
372.1513413999928	78.0	100.0
372.1709200999758	78.0	100.0
372.19033679997665	78.0	100.0
372.2090997999767	78.0	100.0
372.2301797999826	78.0	100.0
372.2500273999758	78.0	100.0
372.2701842999959	78.0	100.0
372.29064289998496	78.0	100.0
372.31064869998954	78.0	100.0
372.32935559999896	78.0	100.0
372.3504271999991	78.0	100.0
372.3691768999852	78.0	100.0
372.3896066999878	78.0	100.0
372.41050389999873	78.0	100.0
372.43061589999706	78.0	100.0
372.4505291999958	78.0	100.0
372.47007429998484	78.0	100.0
372.49044949997915	78.0	100.0
372.50946099997964	78.0	100.0
372.52918449998833	78.0	100.0
372.54912599999807	78.0	100.0
372.56967929998063	78.0	100.0
372.59171499998774	78.0	100.0
372.6098517999926	78.0	100.0
372.6310688999947	78.0	100.0
372.65093459998025	78.0	100.0
372.67106039999635	78.0	100.0
372.69004439999117	78.0	100.0
372.71278049997636	78.0	100.0
372.7307064999768	78.0	100.0
372.75119569999515	78.0	100.0
372.7709705999878	78.0	100.0
372.79105429997435	79.0	100.0
372.81117979998817	79.0	100.0
372.8306632999738	79.0	100.0
372.85088789998554	79.0	100.0
372.87062689999584	79.0	100.0
372.8908585999743	79.0	100.0
372.9115028999804	79.0	100.0
372.9296338999993	79.0	100.0
372.9500075999822	79.0	100.0
372.9710220999841	79.0	100.0
372.9897249999922	79.0	100.0
373.00968269997975	79.0	100.0
373.02990759999375	79.0	100.0
373.05028879997553	79.0	100.0
373.07055609999225	79.0	100.0
373.090381099988	79.0	100.0
373.1117684999772	79.0	100.0
373.1304748999828	79.0	100.0
373.1508418000012	79.0	100.0
373.16945729998406	79.0	100.0
373.19012590000057	79.0	100.0
373.20944089998375	79.0	100.0
373.2292107999965	79.0	100.0
373.250784999982	79.0	100.0
373.2710576999816	79.0	100.0
373.2907635999727	79.0	100.0
373.3097669999988	79.0	100.0
373.3306976999738	79.0	100.0
373.3510582999734	79.0	100.0
373.37028149998514	79.0	100.0
373.3905087999883	79.0	100.0
373.4108855999948	79.0	100.0
373.43085219999193	79.0	100.0
373.4501534999872	79.0	100.0
373.46997539998847	79.0	100.0
373.4905364999722	79.0	100.0
373.51208580000093	79.0	100.0
373.530282599997	79.0	100.0
373.55112289998215	79.0	100.0
373.5700446999981	79.0	100.0
373.5909148999781	79.0	100.0
373.611519899976	79.0	100.0
373.62932219999493	79.0	100.0
373.65040009998484	79.0	100.0
373.67047259997344	79.0	100.0
373.69047309999587	79.0	100.0
373.7100375999871	79.0	100.0
373.7293126999866	79.0	100.0
373.7505823999818	79.0	100.0
373.7712031999836	79.0	100.0
373.79104529999313	80.0	100.0
373.8106313999742	80.0	100.0
373.832434299984	80.0	100.0
373.85081669999636	80.0	100.0
373.87087189999875	80.0	100.0
373.8907920999918	80.0	100.0
373.91088599999784	80.0	100.0
373.9306085999997	80.0	100.0
373.9512655999861	80.0	100.0
373.9707276999834	80.0	100.0
373.99063419998856	80.0	100.0
374.0107640999777	80.0	100.0
374.03159599998617	80.0	100.0
374.05108869998367	80.0	100.0
374.07070639997255	80.0	100.0
374.09043479998945	80.0	100.0
374.11103979998734	80.0	100.0
374.13105119997635	80.0	100.0
374.1511877999874	80.0	100.0
374.1707861999748	80.0	100.0
374.1906101999921	80.0	100.0
374.20897649999824	80.0	100.0
374.2300964999886	80.0	100.0
374.24988579997444	80.0	100.0
374.2690445999906	80.0	100.0
374.2891134999809	80.0	100.0
374.31017029998475	80.0	100.0
374.3291267999739	80.0	100.0
374.350275099976	80.0	100.0
374.36916019997443	80.0	100.0
374.38995240000077	80.0	100.0
374.4090757999802	80.0	100.0
374.42995520000113	80.0	100.0
374.45025039999746	80.0	100.0
374.4700824999891	80.0	100.0
374.4891693999816	80.0	100.0
374.5119117999857	80.0	100.0
374.5312253999873	80.0	100.0
374.55069059997913	80.0	100.0
374.56937089998974	80.0	100.0
374.5894346999994	80.0	100.0
374.6097910999961	80.0	100.0
374.6299752999912	80.0	100.0
374.65035889999126	80.0	100.0
374.66913029999705	80.0	100.0
374.6890835999802	80.0	100.0
374.70950819997233	80.0	100.0
374.7298273999768	80.0	100.0
374.7501900999923	80.0	100.0
374.7694088999997	80.0	100.0
374.78966799998307	81.0	100.0
374.80870359999244	81.0	100.0
374.82959389997995	81.0	100.0
374.8470698999881	81.0	100.0
374.8653505999828	81.0	100.0
374.8863790999749	81.0	100.0
374.9152274999942	81.0	100.0
374.9279767999833	81.0	100.0
374.9486697999819	81.0	100.0
374.96882829998503	81.0	100.0
374.9897042999801	81.0	100.0
375.01002989997505	81.0	100.0
375.02897899999516	81.0	100.0
375.05023419999634	81.0	100.0
375.07112349997624	81.0	100.0
375.0892776999972	81.0	100.0
375.10986639998737	81.0	100.0
375.13015729998006	81.0	100.0
375.1508894999861	81.0	100.0
375.16980559998774	81.0	100.0
375.1902631999983	81.0	100.0
375.20898369999486	81.0	100.0
375.2292728999746	81.0	100.0
375.2489108000009	81.0	100.0
375.26964989997214	81.0	100.0
375.2892181999923	81.0	100.0
375.30903989999206	81.0	100.0
375.32876519998536	81.0	100.0
375.3490147999837	81.0	100.0
375.3692231999885	81.0	100.0
375.38925569999265	81.0	100.0
375.4089841999812	81.0	100.0
375.429490599985	81.0	100.0
375.44925899998634	81.0	100.0
375.4690718999773	81.0	100.0
375.4891029999999	81.0	100.0
375.5092519999889	81.0	100.0
375.5289208999893	81.0	100.0
375.5504494999768	81.0	100.0
375.5693443999917	81.0	100.0
375.58948429999873	81.0	100.0
375.6091198999784	81.0	100.0
375.62890509999124	81.0	100.0
375.6490664999874	81.0	100.0
375.66982389998157	81.0	100.0
375.68899759999476	81.0	100.0
375.71097949999967	81.0	100.0
375.72919489999185	81.0	100.0
375.74903869998525	81.0	100.0
375.772350299987	81.0	100.0
375.7906476999924	82.0	100.0
375.8097615999868	82.0	100.0
375.8301406999817	82.0	100.0
375.85058829997433	82.0	100.0
375.8699539999943	82.0	100.0
375.88970839997637	82.0	100.0
375.9091474999732	82.0	100.0
375.9284603999986	82.0	100.0
375.94854639997357	82.0	100.0
375.96973069998785	82.0	100.0
375.98844819999067	82.0	100.0
376.00914509998984	82.0	100.0
376.029132799973	82.0	100.0
376.0497711999924	82.0	100.0
376.06952039999305	82.0	100.0
376.0896421999787	82.0	100.0
376.10974609997356	82.0	100.0
376.12901369997417	82.0	100.0
376.1498123999918	82.0	100.0
376.1719377999834	82.0	100.0
376.1894833999977	82.0	100.0
376.2097543999844	82.0	100.0
376.2297434999782	82.0	100.0
376.2494322999846	82.0	100.0
376.26996599999256	82.0	100.0
376.2890190999897	82.0	100.0
376.3101675999933	82.0	100.0
376.32955349999247	82.0	100.0
376.35068319999846	82.0	100.0
376.36934879998444	82.0	100.0
376.3898650999763	82.0	100.0
376.40950569999404	82.0	100.0
376.4295572999981	82.0	100.0
376.45028039999306	82.0	100.0
376.4696735999896	82.0	100.0
376.4893212999741	82.0	100.0
376.50942009998835	82.0	100.0
376.5285928999947	82.0	100.0
376.5492635999981	82.0	100.0
376.5690087999974	82.0	100.0
376.59140499998466	82.0	100.0
376.6091131999856	82.0	100.0
376.6291846999957	82.0	100.0
376.6528560000006	82.0	100.0
376.6687521999993	82.0	100.0
376.68867499998305	82.0	100.0
376.7108807999757	82.0	100.0
376.72977499998524	82.0	100.0
376.7492685999896	82.0	100.0
376.76824029997806	82.0	100.0
376.79085119999945	81.0	100.0
376.8101303000003	81.0	100.0
376.8253759999934	81.0	100.0
376.8464327999973	81.0	100.0
376.86683889999404	81.0	100.0
376.88644069997827	81.0	100.0
376.9095420999802	81.0	100.0
376.927639099973	81.0	100.0
376.94819559997995	81.0	100.0
376.9659999999858	81.0	100.0
376.9864762999932	81.0	100.0
377.0063514999929	81.0	100.0
377.02810609998414	81.0	100.0
377.0490749999881	81.0	100.0
377.06914109998615	81.0	100.0
377.08946999997715	81.0	100.0
377.10916999998153	81.0	100.0
377.12972959998297	81.0	100.0
377.1502808999794	81.0	100.0
377.1698455999722	81.0	100.0
377.1897122999944	81.0	100.0
377.2122108999756	81.0	100.0
377.2304790999915	81.0	100.0
377.2506834999949	81.0	100.0
377.2699303999834	81.0	100.0
377.2901141999755	81.0	100.0
377.3098192999896	81.0	100.0
377.3284833999933	81.0	100.0
377.34924209999735	81.0	100.0
377.3685750000004	81.0	100.0
377.3889835999871	81.0	100.0
377.4107143000001	81.0	100.0
377.42946049998864	81.0	100.0
377.44908299998497	81.0	100.0
377.46903729997575	81.0	100.0
377.488910199987	81.0	100.0
377.5095327999734	81.0	100.0
377.5299196999986	81.0	100.0
377.5502582999761	81.0	100.0
377.56865519998246	81.0	100.0
377.5898038999876	81.0	100.0
377.6097148999979	81.0	100.0
377.62967709999066	81.0	100.0
377.650874199986	81.0	100.0
377.6694222999795	81.0	100.0
377.6895462999819	81.0	100.0
377.71076479999465	81.0	100.0
377.7295269999886	81.0	100.0
377.74988019999	81.0	100.0
377.77108659999794	81.0	100.0
377.7904157000012	81.0	100.0
377.8087228999939	81.0	100.0
377.82927079999354	81.0	100.0
377.8492204999784	81.0	100.0
377.8688704999804	81.0	100.0
377.8889158999955	81.0	100.0
377.9089024999994	81.0	100.0
377.9299099999771	81.0	100.0
377.9493840999785	81.0	100.0
377.9704205999733	81.0	100.0
377.98848239998915	81.0	100.0
378.00944649998564	81.0	100.0
378.0295330999943	81.0	100.0
378.0495260999887	81.0	100.0
378.06951109998045	81.0	100.0
378.08909359999234	81.0	100.0
378.1097862999886	81.0	100.0
378.12974619999295	81.0	100.0
378.1505608999869	81.0	100.0
378.1696980999841	81.0	100.0
378.19049670000095	81.0	100.0
378.20908489997964	81.0	100.0
378.22998219999135	81.0	100.0
378.2491976999736	81.0	100.0
378.26910209999187	81.0	100.0
378.28899979998823	81.0	100.0
378.3096977999958	81.0	100.0
378.3296028999903	81.0	100.0
378.35050679999404	81.0	100.0
378.3704606999818	81.0	100.0
378.3904234999791	81.0	100.0
378.4095932999917	81.0	100.0
378.4298320999951	81.0	100.0
378.45036299998173	81.0	100.0
378.4705990999937	81.0	100.0
378.4901768999989	81.0	100.0
378.5103833999892	81.0	100.0
378.53011609998066	81.0	100.0
378.55118059998495	81.0	100.0
378.56916029998683	81.0	100.0
378.5895058999886	81.0	100.0
378.60974999997416	81.0	100.0
378.63039609999396	81.0	100.0
378.64921849998063	81.0	100.0
378.6692054999876	81.0	100.0
378.6900277999812	81.0	100.0
378.71213089997764	81.0	100.0
378.72916569997324	81.0	100.0
378.7495381999761	81.0	100.0
378.7710574999801	81.0	100.0
378.79110529998434	80.0	100.0
378.8100912999944	80.0	100.0
378.82936599999084	80.0	100.0
378.85062549999566	80.0	100.0
378.8696262000012	80.0	100.0
378.8904847999802	80.0	100.0
378.9109096999746	80.0	100.0
378.929178099992	80.0	100.0
378.95047469998826	80.0	100.0
378.9693369999877	80.0	100.0
378.98946269997396	80.0	100.0
379.0093539999798	80.0	100.0
379.03051169999526	80.0	100.0
379.05058649997227	80.0	100.0
379.07066629998735	80.0	100.0
379.0894061999861	80.0	100.0
379.10977169999387	80.0	100.0
379.1306521999941	80.0	100.0
379.15151339999284	80.0	100.0
379.1707784999744	80.0	100.0
379.1905105999904	80.0	100.0
379.21052389999386	80.0	100.0
379.2307137999742	80.0	100.0
379.2509155999869	80.0	100.0
379.27082839998184	80.0	100.0
379.29155749999336	80.0	100.0
379.3105012999731	80.0	100.0
379.33039979997557	80.0	100.0
379.35072329998366	80.0	100.0
379.37016689998563	80.0	100.0
379.3904031999991	80.0	100.0
379.4098555999808	80.0	100.0
379.4301052999799	80.0	100.0
379.4512285999954	80.0	100.0
379.47023310000077	80.0	100.0
379.49002289999044	80.0	100.0
379.5106848999858	80.0	100.0
379.5307087999827	80.0	100.0
379.5507185999886	80.0	100.0
379.57058770000003	80.0	100.0
379.59066089999396	80.0	100.0
379.61000619997503	80.0	100.0
379.630508799979	80.0	100.0
379.6506614999962	80.0	100.0
379.67074109998066	80.0	100.0
379.6918118999747	80.0	100.0
379.709192099981	80.0	100.0
379.7304603999946	80.0	100.0
379.751964199997	80.0	100.0
379.77239079997526	80.0	100.0
379.7921845999954	82.0	100.0
379.81090659997426	82.0	100.0
379.832496499992	82.0	100.0
379.85081669999636	82.0	100.0
379.8735287999734	82.0	100.0
379.8911323999928	82.0	100.0
379.9109783999738	82.0	100.0
379.93108169999323	82.0	100.0
379.95119039999554	82.0	100.0
379.97119329997804	82.0	100.0
379.9913882999972	82.0	100.0
380.0110754999914	82.0	100.0
380.03110419999575	82.0	100.0
380.0520062999858	82.0	100.0
380.07305619999534	82.0	100.0
380.0918672999833	82.0	100.0
380.11139419997926	82.0	100.0
380.1315982999804	82.0	100.0
380.1522534999822	82.0	100.0
380.17115249999915	82.0	100.0
380.1911210999824	82.0	100.0
380.2112874999875	82.0	100.0
380.23219379998045	82.0	100.0
380.25131959997816	82.0	100.0
380.2713909999875	82.0	100.0
380.29205689998344	82.0	100.0
380.31206749999546	82.0	100.0
380.3313106999849	82.0	100.0
380.3521862999769	82.0	100.0
380.37305809999816	82.0	100.0
380.3911212999956	82.0	100.0
380.4110637999838	82.0	100.0
380.4336790999805	82.0	100.0
380.4512569999788	82.0	100.0
380.47216330000083	82.0	100.0
380.4911380999838	82.0	100.0
380.5121225999901	82.0	100.0
380.5327071999782	82.0	100.0
380.5519459999923	82.0	100.0
380.570914299984	82.0	100.0
380.59178099999554	82.0	100.0
380.610903599998	82.0	100.0
380.6325794000004	82.0	100.0
380.65162409999175	82.0	100.0
380.6715171999822	82.0	100.0
380.69128969998565	82.0	100.0
380.71179399997345	82.0	100.0
380.731475699984	82.0	100.0
380.75189499999397	82.0	100.0
380.7727494999999	82.0	100.0
380.79245119998814	83.0	100.0
380.8116088999959	83.0	100.0
380.8320324999804	83.0	100.0
380.85216549999313	83.0	100.0
380.87108119999175	83.0	100.0
380.8925876999856	83.0	100.0
380.91254049999407	83.0	100.0
380.9315856999892	83.0	100.0
380.95258669997565	83.0	100.0
380.9725604999985	83.0	100.0
380.9948957999877	83.0	100.0
381.01187949997257	83.0	100.0
381.03510689997347	83.0	100.0
381.05265379999764	83.0	100.0
381.0718596999941	83.0	100.0
381.0911813999992	83.0	100.0
381.1127615000005	83.0	100.0
381.13246279998566	83.0	100.0
381.1527212999936	83.0	100.0
381.17236019999837	83.0	100.0
381.1927037999849	83.0	100.0
381.21205379997264	83.0	100.0
381.2315317999746	83.0	100.0
381.25178819999564	83.0	100.0
381.2720979999867	83.0	100.0
381.29273449999164	83.0	100.0
381.31283829998574	83.0	100.0
381.33221969997976	83.0	100.0
381.35277709999355	83.0	100.0
381.37244699997245	83.0	100.0
381.3924297999765	83.0	100.0
381.4126617999864	83.0	100.0
381.43318100000033	83.0	100.0
381.4527039999957	83.0	100.0
381.4725185999996	83.0	100.0
381.49209649997647	83.0	100.0
381.5123600999941	83.0	100.0
381.5321645999793	83.0	100.0
381.55255699998816	83.0	100.0
381.5713843999838	83.0	100.0
381.592276099982	83.0	100.0
381.6120150999923	83.0	100.0
381.63184599997476	83.0	100.0
381.65193739999086	83.0	100.0
381.67201119998936	83.0	100.0
381.69167419997393	83.0	100.0
381.7131987999892	83.0	100.0
381.7319892999949	83.0	100.0
381.7520994999795	83.0	100.0
381.77261329998146	83.0	100.0
381.7933885999955	84.0	100.0
381.81387009998434	84.0	100.0
381.8316050999856	84.0	100.0
381.8520741999964	84.0	100.0
381.8719911999942	84.0	100.0
381.89196139998967	84.0	100.0
381.91215189997456	84.0	100.0
381.93150469998363	84.0	100.0
381.9522367999889	84.0	100.0
381.9717299999902	84.0	100.0
381.9914795999939	84.0	100.0
382.0115976999805	84.0	100.0
382.032524499984	84.0	100.0
382.05211119999876	84.0	100.0
382.0721757999854	84.0	100.0
382.09187879998353	84.0	100.0
382.1120584999735	84.0	100.0
382.1328796999878	84.0	100.0
382.1526745999872	84.0	100.0
382.17210699999123	84.0	100.0
382.19201699999394	84.0	100.0
382.2123157999886	84.0	100.0
382.2329110999999	84.0	100.0
382.2528195999912	84.0	100.0
382.2726035999949	84.0	100.0
382.2922378999938	84.0	100.0
382.31121059998986	84.0	100.0
382.33308339997893	84.0	100.0
382.36110439998447	84.0	100.0
382.37202429998433	84.0	100.0
382.3922815999831	84.0	100.0
382.4116353999998	84.0	100.0
382.4318278999999	84.0	100.0
382.4521102999861	84.0	100.0
382.47215139999753	84.0	100.0
382.4918850999966	84.0	100.0
382.51209769997513	84.0	100.0
382.53147749998607	84.0	100.0
382.55260019999696	84.0	100.0
382.57203499999014	84.0	100.0
382.5920451999991	84.0	100.0
382.61190029999125	84.0	100.0
382.63318679999793	84.0	100.0
382.65281579998555	84.0	100.0
382.67185309997876	84.0	100.0
382.6920027999731	84.0	100.0
382.71212439998635	84.0	100.0
382.7321274999995	84.0	100.0
382.7545398999937	84.0	100.0
382.77273749999586	84.0	100.0
382.79325089999475	84.0	100.0
382.8127791000006	84.0	100.0
382.8340560999932	84.0	100.0
382.85321899998235	84.0	100.0
382.87282499999856	84.0	100.0
382.89260639998247	84.0	100.0
382.9131032000005	84.0	100.0
382.93691179997404	84.0	100.0
382.9535523999948	84.0	100.0
382.9729402999801	84.0	100.0
382.993307799974	84.0	100.0
383.0119564999768	84.0	100.0
383.0325397999841	84.0	100.0
383.0532980999851	84.0	100.0
383.0728991999931	84.0	100.0
383.0924278999737	84.0	100.0
383.1125331999792	84.0	100.0
383.13306309998734	84.0	100.0
383.1530200999987	84.0	100.0
383.1724529999774	84.0	100.0
383.1929955999949	84.0	100.0
383.21304569998756	84.0	100.0
383.2329483999929	84.0	100.0
383.2529359999753	84.0	100.0
383.2730879999872	84.0	100.0
383.2925576999842	84.0	100.0
383.31235699998797	84.0	100.0
383.33214079999016	84.0	100.0
383.35272219998296	84.0	100.0
383.37251249997644	84.0	100.0
383.3921726999979	84.0	100.0
383.41200189999654	84.0	100.0
383.4324229999911	84.0	100.0
383.45272799997474	84.0	100.0
383.47252549999394	84.0	100.0
383.4924666999723	84.0	100.0
383.5131509999919	84.0	100.0
383.5325997999753	84.0	100.0
383.55493289997685	84.0	100.0
383.5729243999813	84.0	100.0
383.59300579997944	84.0	100.0
383.61307439999655	84.0	100.0
383.632993599982	84.0	100.0
383.6533977999934	84.0	100.0
383.6724826999998	84.0	100.0
383.6928258999833	84.0	100.0
383.7524140999885	84.0	100.0
383.7524510999792	84.0	100.0
383.7533690999844	84.0	100.0
383.7745629999845	84.0	100.0
383.89148379999097	83.0	100.0
383.89153009999427	83.0	100.0
383.8915527999925	83.0	100.0
383.8915705999825	83.0	100.0
383.8915910999931	83.0	100.0
383.89353989998926	83.0	100.0
383.91318709999905	83.0	100.0
383.9345887999807	83.0	100.0
383.95380559997284	83.0	100.0
384.1606180999952	83.0	100.0
384.1606588999857	83.0	100.0
384.160676999978	83.0	100.0
384.1606941999926	83.0	100.0
384.16071060000104	83.0	100.0
384.16120349999983	83.0	100.0
384.1612366999907	83.0	100.0
384.1612545999815	83.0	100.0
384.161271399993	83.0	100.0
384.1612881999754	83.0	100.0
384.1654137999867	83.0	100.0
384.2182741999859	83.0	100.0
384.2182994999748	83.0	100.0
384.2333327999804	83.0	100.0
384.2508470999892	83.0	100.0
384.3751521999948	83.0	100.0
384.3751906999969	83.0	100.0
384.37520919999224	83.0	100.0
384.3752268999815	83.0	100.0
384.37524389999453	83.0	100.0
384.3752605999762	83.0	100.0
384.41456149998703	83.0	100.0
384.41458529999363	83.0	100.0
384.51674979997915	83.0	100.0
384.5167765999795	83.0	100.0
384.5167884999828	83.0	100.0
384.5167992999777	83.0	100.0
384.5168075999827	83.0	100.0
384.533262699988	83.0	100.0
384.5550876999914	83.0	100.0
384.57321549998596	83.0	100.0
384.67272869998123	83.0	100.0
384.67274959999486	83.0	100.0
384.67275809997227	83.0	100.0
384.67276619997574	83.0	100.0
384.6753800000006	83.0	100.0
384.7214443999983	83.0	100.0
384.72147399999085	83.0	100.0
384.8265588999784	83.0	100.0
384.8266098999884	83.0	100.0
384.82663669998874	83.0	100.0
384.82666099999915	83.0	100.0
384.82668449997436	83.0	100.0
384.8349164999963	83.0	100.0
384.8544161999889	83.0	100.0
384.87510569998994	83.0	100.0
384.9814648999891	83.0	100.0
384.9814953999885	83.0	100.0
384.98150659998646	83.0	100.0
384.9815167999768	83.0	100.0
384.98152709999704	83.0	100.0
384.99328329999116	83.0	100.0
385.1783562999917	83.0	100.0
385.17838259998825	83.0	100.0
385.1783912999963	83.0	100.0
385.17839889999595	83.0	100.0
385.1784062999941	83.0	100.0
385.178413799993	83.0	100.0
385.1784235999803	83.0	100.0
385.17843379999977	83.0	100.0
385.17844109999714	83.0	100.0
385.40404349999153	83.0	100.0
385.404089299991	83.0	100.0
385.4041108999809	83.0	100.0
385.4041304999846	83.0	100.0
385.40414799997234	83.0	100.0
385.4041648999846	83.0	100.0
385.4041816999961	83.0	100.0
385.40419819997624	83.0	100.0
385.40421519998927	83.0	100.0
385.4042319	83.0	100.0
385.4042486999824	83.0	100.0
385.41362279999885	83.0	100.0
385.43324179999763	83.0	100.0
385.5466413999966	83.0	100.0
385.54666819999693	83.0	100.0
385.5466795999964	83.0	100.0
385.546689299983	83.0	100.0
385.5466990999994	83.0	100.0
385.5541865999985	83.0	100.0
385.57499499997357	83.0	100.0
385.5933558999968	83.0	100.0
385.79084339999827	83.0	100.0
385.7908685999864	83.0	100.0
385.790877499996	83.0	100.0
385.7908857000002	83.0	100.0
385.79089340000064	83.0	100.0
385.7909010000003	83.0	100.0
385.7909087999724	83.0	100.0
385.79091640000115	83.0	100.0
385.7909245999763	83.0	100.0
385.795026399981	86.0	100.0
385.9483793999825	86.0	100.0
385.94840539997676	86.0	100.0
385.9484137999825	86.0	100.0
385.9484215999837	86.0	100.0
385.9484293999849	86.0	100.0
385.9484370999853	86.0	100.0
385.9484448999865	86.0	100.0
385.9562268999871	86.0	100.0
385.97740479998174	86.0	100.0
385.9950952999934	86.0	100.0
386.0867650999862	86.0	100.0
386.0867951999826	86.0	100.0
386.0868080999935	86.0	100.0
386.08681989999604	86.0	100.0
386.09451439999975	86.0	100.0
386.11568550000084	86.0	100.0
386.27333599998383	86.0	100.0
386.27336880000075	86.0	100.0
386.2733797999972	86.0	100.0
386.27338999998756	86.0	100.0
386.2734015999886	86.0	100.0
386.27341169997817	86.0	100.0
386.2734219999984	86.0	100.0
386.2754832999781	86.0	100.0
386.2951207999722	86.0	100.0
386.31732589998865	86.0	100.0
386.5445200999966	86.0	100.0
386.5445407999796	86.0	100.0
386.5445494999876	86.0	100.0
386.54455749999033	86.0	100.0
386.5445652999915	86.0	100.0
386.54457299999194	86.0	100.0
386.5445808999939	86.0	100.0
386.5445886999951	86.0	100.0
386.54459649999626	86.0	100.0
386.5446058999805	86.0	100.0
386.54461749998154	86.0	100.0
386.5551050999784	86.0	100.0
386.57513529999414	86.0	100.0
386.5948205999739	86.0	100.0
386.6133818999806	86.0	100.0
386.97433219998493	86.0	100.0
386.97436009999365	86.0	100.0
386.9743724	86.0	100.0
386.97438439997495	86.0	100.0
386.97439579997445	86.0	100.0
386.97440789997927	86.0	100.0
386.974419199978	86.0	100.0
386.9744298000005	86.0	100.0
386.9744409999985	86.0	100.0
386.9744496999774	86.0	100.0
386.97445739997784	86.0	100.0
386.9744657999836	86.0	100.0
386.97447519999696	86.0	100.0
386.9744830999989	86.0	100.0
386.9744905999978	86.0	100.0
386.97449849999975	86.0	100.0
386.9745062000002	86.0	100.0
386.9770804999862	86.0	100.0
387.0201438999793	86.0	100.0
387.0201645999914	86.0	100.0
387.17517619999126	86.0	100.0
387.1752166999795	86.0	100.0
387.1752349999733	86.0	100.0
387.17525359999854	86.0	100.0
387.17527479998535	86.0	100.0
387.1752916999976	86.0	100.0
387.17530789997545	86.0	100.0
387.1753237999801	86.0	100.0
387.19661970000016	86.0	100.0
387.2119022999832	86.0	100.0
387.2275826999976	86.0	100.0
387.36800469999434	86.0	100.0
387.36804269999266	86.0	100.0
387.3680559999775	86.0	100.0
387.36807299999055	86.0	100.0
387.36809499998344	86.0	100.0
387.3681088000012	86.0	100.0
387.37268249999033	86.0	100.0
387.3925121999928	86.0	100.0
387.4127176999755	86.0	100.0
387.4324645999877	86.0	100.0
387.57247509999434	86.0	100.0
387.5725015999924	86.0	100.0
387.57251389999874	86.0	100.0
387.5725251999975	86.0	100.0
387.57253739997395	86.0	100.0
387.57254799999646	86.0	100.0
387.57255629997235	86.0	100.0
387.59185829997296	86.0	100.0
387.6117425999837	86.0	100.0
387.632389699982	86.0	100.0
387.77719769999385	86.0	100.0
387.77722019999055	86.0	100.0
387.7772291000001	86.0	100.0
387.77723699997296	86.0	100.0
387.7772448999749	86.0	100.0
387.7772526999761	86.0	100.0
387.77726029997575	86.0	100.0
387.7932820999995	84.0	100.0
387.8130334999878	84.0	100.0
387.8332733999996	84.0	100.0
387.9379623999994	84.0	100.0
387.9379860999761	84.0	100.0
387.93799449998187	84.0	100.0
387.93800229998305	84.0	100.0
387.93801009998424	84.0	100.0
387.95308429998113	84.0	100.0
387.9721969999955	84.0	100.0
388.1493825999787	84.0	100.0
388.14940729999216	84.0	100.0
388.1494160000002	84.0	100.0
388.1494245999784	84.0	100.0
388.1494330999849	84.0	100.0
388.14944099998684	84.0	100.0
388.1494493999926	84.0	100.0
388.1494573999953	84.0	100.0
388.1528331999725	84.0	100.0
388.17218139997567	84.0	100.0
388.19293520000065	84.0	100.0
388.2128321999917	84.0	100.0
388.2329686000012	84.0	100.0
388.25275970000075	84.0	100.0
388.3920803999936	84.0	100.0
388.3921178999881	84.0	100.0
388.3921363999834	84.0	100.0
388.3921542999742	84.0	100.0
388.392171399988	84.0	100.0
388.3921886999742	84.0	100.0
388.39323309998144	84.0	100.0
388.4129913999932	84.0	100.0
388.4330221999844	84.0	100.0
388.45336549999774	84.0	100.0
388.5362586999836	84.0	100.0
388.5362821999879	84.0	100.0
388.53629039999214	84.0	100.0
388.5362991000002	84.0	100.0
388.55346099997405	84.0	100.0
388.572755399975	84.0	100.0
388.71466409999994	84.0	100.0
388.7146899999934	84.0	100.0
388.71469869997236	84.0	100.0
388.71470679997583	84.0	100.0
388.71471429997473	84.0	100.0
388.714722899982	84.0	100.0
388.71473029998015	84.0	100.0
388.73359169997275	84.0	100.0
388.7537382999726	84.0	100.0
388.7740340999735	84.0	100.0
388.8441018999729	83.0	100.0
388.8441256999795	83.0	100.0
388.8441380999866	83.0	100.0
388.85342179998406	83.0	100.0
388.87367619998986	83.0	100.0
388.89326519999304	83.0	100.0
388.9133082999906	83.0	100.0
388.93265549998614	83.0	100.0
388.9532602999825	83.0	100.0
388.9734615999914	83.0	100.0
388.9937879999925	83.0	100.0
389.0132979999762	83.0	100.0
389.0335106999846	83.0	100.0
389.05381799998577	83.0	100.0
389.0735847999749	83.0	100.0
389.09209349998855	83.0	100.0
389.1133081000007	83.0	100.0
389.13325039998745	83.0	100.0
389.15402379998704	83.0	100.0
389.17209789998014	83.0	100.0
389.1940170999733	83.0	100.0
389.21287309998297	83.0	100.0
389.23340279998956	83.0	100.0
389.2532223999733	83.0	100.0
389.27354349999223	83.0	100.0
389.29379449997214	83.0	100.0
389.31346619999385	83.0	100.0
389.336886199977	83.0	100.0
389.3545416999841	83.0	100.0
389.37406689999625	83.0	100.0
389.3941097999923	83.0	100.0
389.41365249999217	83.0	100.0
389.43384949999745	83.0	100.0
389.4539135999803	83.0	100.0
389.4738408999983	83.0	100.0
389.49433219997445	83.0	100.0
389.51374809999834	83.0	100.0
389.53375509998295	83.0	100.0
389.5540403999912	83.0	100.0
389.5737871999736	83.0	100.0
389.59456409999984	83.0	100.0
389.61425959999906	83.0	100.0
389.63384289998794	83.0	100.0
389.6541239999933	83.0	100.0
389.6739428000001	83.0	100.0
389.69366169997375	83.0	100.0
389.7136817999999	83.0	100.0
389.7337923999876	83.0	100.0
389.7539063000004	83.0	100.0
389.77459849999286	83.0	100.0
389.79292819998227	81.0	100.0
389.8140996999864	81.0	100.0
389.8346702999843	81.0	100.0
389.85368000000017	81.0	100.0
389.8725105999911	81.0	100.0
389.8893127999909	81.0	100.0
389.9101471999893	81.0	100.0
389.9297578999831	81.0	100.0
389.9503641999909	81.0	100.0
389.9709582999931	81.0	100.0
389.99220189999323	81.0	100.0
390.01380369998515	81.0	100.0
390.0338697999832	81.0	100.0
390.0540049999836	81.0	100.0
390.07448279997334	81.0	100.0
390.09315939998487	81.0	100.0
390.1138202000002	81.0	100.0
390.13806659998954	81.0	100.0
390.1540841999813	81.0	100.0
390.17361529998016	81.0	100.0
390.1942806999723	81.0	100.0
390.2143619999988	81.0	100.0
390.2298016999848	81.0	100.0
390.2521903999732	81.0	100.0
390.27398969998467	81.0	100.0
390.2942447999958	81.0	100.0
390.316195899999	81.0	100.0
390.3344655999972	81.0	100.0
390.35367509999196	81.0	100.0
390.3745487999986	81.0	100.0
390.39569929998834	81.0	100.0
390.4145669999998	81.0	100.0
390.43461449997267	81.0	100.0
390.454167399992	81.0	100.0
390.4740734999941	81.0	100.0
390.4944367999851	81.0	100.0
390.51731309999013	81.0	100.0
390.5339709999971	81.0	100.0
390.5545997999725	81.0	100.0
390.57396479998715	81.0	100.0
390.5941921999911	81.0	100.0
390.61359939997783	81.0	100.0
390.6337766999786	81.0	100.0
390.6541651999869	81.0	100.0
390.6739993999945	81.0	100.0
390.69365959998686	81.0	100.0
390.7160345999873	81.0	100.0
390.7342021999939	81.0	100.0
390.75476539999363	81.0	100.0
390.77454499999294	81.0	100.0
390.79436439997517	80.0	100.0
390.81357819997356	80.0	100.0
390.83417339998414	80.0	100.0
390.85437699998147	80.0	100.0
390.87416779997875	80.0	100.0
390.8944484999811	80.0	100.0
390.914675899985	80.0	100.0
390.9346596999967	80.0	100.0
390.95498979999684	80.0	100.0
390.97480789999827	80.0	100.0
390.9945772999781	80.0	100.0
391.01445569997304	80.0	100.0
391.0345993999799	80.0	100.0
391.0544284999778	80.0	100.0
391.07432210000115	80.0	100.0
391.09444529999746	80.0	100.0
391.1142821999965	80.0	100.0
391.1387372999743	80.0	100.0
391.15478519999306	80.0	100.0
391.17453169997316	80.0	100.0
391.1945955999836	80.0	100.0
391.2142956999887	80.0	100.0
391.2344015999988	80.0	100.0
391.2544272999803	80.0	100.0
391.2747065000003	80.0	100.0
391.2942989000003	80.0	100.0
391.3143806999724	80.0	100.0
391.33543029997963	80.0	100.0
391.35553789997357	80.0	100.0
391.3745018999907	80.0	100.0
391.3945992999943	80.0	100.0
391.4147524999862	80.0	100.0
391.434778899973	80.0	100.0
391.45521379998536	80.0	100.0
391.4737050999829	80.0	100.0
391.49431819998426	80.0	100.0
391.51473979998264	80.0	100.0
391.53420889997506	80.0	100.0
391.5557210999832	80.0	100.0
391.5754623999819	80.0	100.0
391.59453999999096	80.0	100.0
391.6142420999822	80.0	100.0
391.63572359998943	80.0	100.0
391.65381579997484	80.0	100.0
391.6741046999814	80.0	100.0
391.69452889999957	80.0	100.0
391.714553400001	80.0	100.0
391.7343910999771	80.0	100.0
391.7551843999827	80.0	100.0
391.775527699996	80.0	100.0
391.7951269999903	82.0	100.0
391.815168799978	82.0	100.0
391.8345747999847	82.0	100.0
391.8537952999759	82.0	100.0
391.876125699986	82.0	100.0
391.89500789999147	82.0	100.0
391.9143276999821	82.0	100.0
391.9354643999832	82.0	100.0
391.9556325999729	82.0	100.0
391.9756131999893	82.0	100.0
391.9945881999738	82.0	100.0
392.01457029997255	82.0	100.0
392.0356604999979	82.0	100.0
392.0548256999755	82.0	100.0
392.07572339999024	82.0	100.0
392.09469649998937	82.0	100.0
392.11478589999024	82.0	100.0
392.13537839998025	82.0	100.0
392.1555081999977	82.0	100.0
392.17469339998206	82.0	100.0
392.19593249997706	82.0	100.0
392.2146943999978	82.0	100.0
392.23657819998334	82.0	100.0
392.2556305999751	82.0	100.0
392.2752052999858	82.0	100.0
392.2956433999934	82.0	100.0
392.31586459997925	82.0	100.0
392.3355563999794	82.0	100.0
392.35601369998767	82.0	100.0
392.3757738999848	82.0	100.0
392.39488509998773	82.0	100.0
392.4149623999838	82.0	100.0
392.43827919999603	82.0	100.0
392.45543679999537	82.0	100.0
392.4753358999733	82.0	100.0
392.49491389998	82.0	100.0
392.51507899997523	82.0	100.0
392.5353161999956	82.0	100.0
392.55538439998054	82.0	100.0
392.575237299985	82.0	100.0
392.59575859998586	82.0	100.0
392.6154087999894	82.0	100.0
392.6348401999858	82.0	100.0
392.6552660999878	82.0	100.0
392.67638679998345	82.0	100.0
392.69578219999676	82.0	100.0
392.71606789997895	82.0	100.0
392.7355757999758	82.0	100.0
392.7559811999963	82.0	100.0
392.7757160999754	82.0	100.0
392.7960550999851	83.0	100.0
392.81583039998077	83.0	100.0
392.8360481999989	83.0	100.0
392.8559667999798	83.0	100.0
392.8760775999981	83.0	100.0
392.8957468000008	83.0	100.0
392.9155264000001	83.0	100.0
392.93501809999	83.0	100.0
392.9554315999849	83.0	100.0
392.9755172999867	83.0	100.0
392.99560319999	83.0	100.0
393.0156917999848	83.0	100.0
393.03587329998845	83.0	100.0
393.055257	83.0	100.0
393.076142099977	83.0	100.0
393.09529810000095	83.0	100.0
393.11554109997815	83.0	100.0
393.13547029998153	83.0	100.0
393.15615589998197	83.0	100.0
393.17542039998807	83.0	100.0
393.19570509999176	83.0	100.0
393.2159112999798	83.0	100.0
393.235541299975	83.0	100.0
393.25485539998044	83.0	100.0
393.27476209998713	83.0	100.0
393.29244629997993	83.0	100.0
393.31625239999266	83.0	100.0
393.3359591999906	83.0	100.0
393.3565879999951	83.0	100.0
393.3761109999905	83.0	100.0
393.3961554999987	83.0	100.0
393.4163293999736	83.0	100.0
393.4361355000001	83.0	100.0
393.45641479999176	83.0	100.0
393.4762148000009	83.0	100.0
393.49630159998196	83.0	100.0
393.5162699999928	83.0	100.0
393.5354312999989	83.0	100.0
393.55582270000014	83.0	100.0
393.5755156999803	83.0	100.0
393.5959631000005	83.0	100.0
393.61581529999967	83.0	100.0
393.6355590999883	83.0	100.0
393.6555454999907	83.0	100.0
393.67607059999136	83.0	100.0
393.6958689999883	83.0	100.0
393.7176047999819	83.0	100.0
393.7356303999841	83.0	100.0
393.7571821999736	83.0	100.0
393.7760580999893	83.0	100.0
393.7970793999848	82.0	100.0
393.8162931999832	82.0	100.0
393.835529199976	82.0	100.0
393.8555980999954	82.0	100.0
393.877955199976	82.0	100.0
393.89628729998367	82.0	100.0
393.9163891999924	82.0	100.0
393.93643779997365	82.0	100.0
393.956784399983	82.0	100.0
393.97646899998654	82.0	100.0
393.9976238999807	82.0	100.0
394.0160487999965	82.0	100.0
394.03660469999886	82.0	100.0
394.05643659998896	82.0	100.0
394.07682550000027	82.0	100.0
394.0962748999882	82.0	100.0
394.1170102999895	82.0	100.0
394.13644489998114	82.0	100.0
394.15722599998116	82.0	100.0
394.1762039999885	82.0	100.0
394.19655039999634	82.0	100.0
394.21643039997434	82.0	100.0
394.23594249997404	82.0	100.0
394.2560350999993	82.0	100.0
394.2759651999804	82.0	100.0
394.2957217999792	82.0	100.0
394.3165922999906	82.0	100.0
394.3359884999809	82.0	100.0
394.35694879997754	82.0	100.0
394.37577109999256	82.0	100.0
394.3967502999876	82.0	100.0
394.416037899995	82.0	100.0
394.43633509997744	82.0	100.0
394.45635559997754	82.0	100.0
394.4760400999803	82.0	100.0
394.4960328999732	82.0	100.0
394.51613479998196	82.0	100.0
394.53621639998164	82.0	100.0
394.557261799986	82.0	100.0
394.5767731999804	82.0	100.0
394.5967131999787	82.0	100.0
394.61619929998415	82.0	100.0
394.63711469998816	82.0	100.0
394.6570982999983	82.0	100.0
394.6768557999749	82.0	100.0
394.69618639998953	82.0	100.0
394.71709479999845	82.0	100.0
394.7380408999743	82.0	100.0
394.7569328999962	82.0	100.0
394.7775010999758	82.0	100.0
394.7975313999923	81.0	100.0
394.8174116999726	81.0	100.0
394.837518299988	81.0	100.0
394.8574068999733	81.0	100.0
394.8779908999859	81.0	100.0
394.89760139997816	81.0	100.0
394.91659709997475	81.0	100.0
394.93780829999014	81.0	100.0
394.9579012999893	81.0	100.0
394.9767173999862	81.0	100.0
394.99723639999866	81.0	100.0
395.0173979999963	81.0	100.0
395.0368676999933	81.0	100.0
395.0579536999867	81.0	100.0
395.077644999983	81.0	100.0
395.0970254999993	81.0	100.0
395.11752599998727	81.0	100.0
395.13686449997476	81.0	100.0
395.1577952999796	81.0	100.0
395.1778967999853	81.0	100.0
395.19742359998054	81.0	100.0
395.2173119999934	81.0	100.0
395.2390382999729	81.0	100.0
395.2572942999832	81.0	100.0
395.2775732000009	81.0	100.0
395.29837340000086	81.0	100.0
395.31747179999365	81.0	100.0
395.3373098000011	81.0	100.0
395.3583602999861	81.0	100.0
395.3771569999808	81.0	100.0
395.3972591999918	81.0	100.0
395.417692899995	81.0	100.0
395.4377708999964	81.0	100.0
395.4580001999857	81.0	100.0
395.47816799997236	81.0	100.0
395.49762989999726	81.0	100.0
395.51801989998785	81.0	100.0
395.53758999999263	81.0	100.0
395.5575351000007	81.0	100.0
395.577807499998	81.0	100.0
395.59853479999583	81.0	100.0
395.61843879998196	81.0	100.0
395.63830869999947	81.0	100.0
395.6586512999784	81.0	100.0
395.67829309997614	81.0	100.0
395.6980000999756	81.0	100.0
395.71831829997245	81.0	100.0
395.73827179998625	81.0	100.0
395.75849670000025	81.0	100.0
395.77944289997686	81.0	100.0
395.79876359997434	83.0	100.0
395.8183086999925	83.0	100.0
395.8389404999907	83.0	100.0
395.8586720999738	83.0	100.0
395.87893429998076	83.0	100.0
395.8991183999751	83.0	100.0
395.9185384000011	83.0	100.0
395.93847809999716	83.0	100.0
395.95943059999263	83.0	100.0
395.9784801999922	83.0	100.0
395.99903639999684	83.0	100.0
396.019107399974	83.0	100.0
396.03905490000034	83.0	100.0
396.0592084999953	83.0	100.0
396.0788393999974	83.0	100.0
396.09844679999514	83.0	100.0
396.11874799997895	83.0	100.0
396.1386505999835	83.0	100.0
396.1596827999747	83.0	100.0
396.1789945999917	83.0	100.0
396.19897389999824	83.0	100.0
396.21920129997307	83.0	100.0
396.2389541999728	83.0	100.0
396.259714099986	83.0	100.0
396.2787527999899	83.0	100.0
396.29927949997364	83.0	100.0
396.3165521999763	83.0	100.0
396.3362344999914	83.0	100.0
396.358395999996	83.0	100.0
396.37865410000086	83.0	100.0
396.3991399999941	83.0	100.0
396.41925529998844	83.0	100.0
396.4391420999891	83.0	100.0
396.45966439999756	83.0	100.0
396.47842679999303	83.0	100.0
396.4993725999957	83.0	100.0
396.5153739999805	83.0	100.0
396.5353108999843	83.0	100.0
396.55747699999483	83.0	100.0
396.57789019998745	83.0	100.0
396.5984460999898	83.0	100.0
396.6191605999775	83.0	100.0
396.6392826999945	83.0	100.0
396.66023399998085	83.0	100.0
396.67992149997735	83.0	100.0
396.6997033999942	83.0	100.0
396.7219902999932	83.0	100.0
396.73994889997994	83.0	100.0
396.76008039998123	83.0	100.0
396.7798117999919	83.0	100.0
396.8003380999726	83.0	100.0
396.8199370999937	83.0	100.0
396.8401917999727	83.0	100.0
396.85962089998065	83.0	100.0
396.8794510999869	83.0	100.0
396.89948239998193	83.0	100.0
396.9197489999933	83.0	100.0
396.9396020999993	83.0	100.0
396.96007119998103	83.0	100.0
396.9792076999729	83.0	100.0
396.9996637000004	83.0	100.0
397.0200025999802	83.0	100.0
397.04360149998683	83.0	100.0
397.0600738999783	83.0	100.0
397.0797190000012	83.0	100.0
397.09939969997504	83.0	100.0
397.11934539998765	83.0	100.0
397.1395077999914	83.0	100.0
397.1599336999934	83.0	100.0
397.17971629998647	83.0	100.0
397.1998104999948	83.0	100.0
397.2194819999859	83.0	100.0
397.2396491999971	83.0	100.0
397.25970129997586	83.0	100.0
397.2803234999883	83.0	100.0
397.2996534999984	83.0	100.0
397.3204338999931	83.0	100.0
397.33995869997307	83.0	100.0
397.36071889998857	83.0	100.0
397.3796942999761	83.0	100.0
397.4002195999783	83.0	100.0
397.4198346999765	83.0	100.0
397.4408623999916	83.0	100.0
397.46089930000016	83.0	100.0
397.4804609999992	83.0	100.0
397.50047799997265	83.0	100.0
397.5207446999848	83.0	100.0
397.54048559998046	83.0	100.0
397.5613579999772	83.0	100.0
397.5805103999737	83.0	100.0
397.60028759998386	83.0	100.0
397.6199231999926	83.0	100.0
397.64028509997297	83.0	100.0
397.6601147999754	83.0	100.0
397.6809243999887	83.0	100.0
397.70158619998256	83.0	100.0
397.7203067999799	83.0	100.0
397.74023659998784	83.0	100.0
397.7611171999888	83.0	100.0
397.781530999986	83.0	100.0
397.8014178999874	86.0	100.0
397.8211931999831	86.0	100.0
397.8411008999974	86.0	100.0
397.8613647999882	86.0	100.0
397.8810986999888	86.0	100.0
397.9014495999727	86.0	100.0
397.9219274999923	86.0	100.0
397.9413112999755	86.0	100.0
397.9619894999778	86.0	100.0
397.98167379997903	86.0	100.0
398.00193179998314	86.0	100.0
398.02148889997625	86.0	100.0
398.04081989999395	86.0	100.0
398.0610712999769	86.0	100.0
398.0809812999796	86.0	100.0
398.10108679998666	86.0	100.0
398.12141569997766	86.0	100.0
398.14095009997254	86.0	100.0
398.1614316999912	86.0	100.0
398.18130699999165	86.0	100.0
398.20130519999657	86.0	100.0
398.2208103000012	86.0	100.0
398.2414524999913	86.0	100.0
398.2614043999929	86.0	100.0
398.28094019999844	86.0	100.0
398.30091279998305	86.0	100.0
398.32095999998273	86.0	100.0
398.35009359999094	86.0	100.0
398.3616501999786	86.0	100.0
398.38114359998144	86.0	100.0
398.40144019998843	86.0	100.0
398.42133099999046	86.0	100.0
398.441287499998	86.0	100.0
398.4616465999861	86.0	100.0
398.48142229998484	86.0	100.0
398.50136329999077	86.0	100.0
398.521287999989	86.0	100.0
398.5416812999756	86.0	100.0
398.5617804999929	86.0	100.0
398.58149919999414	86.0	100.0
398.60221749998163	86.0	100.0
398.6216559999739	86.0	100.0
398.64174179997644	86.0	100.0
398.6619897999917	86.0	100.0
398.6817350999918	86.0	100.0
398.7015795999905	86.0	100.0
398.72245279999333	86.0	100.0
398.7422604999738	86.0	100.0
398.76245499998913	86.0	100.0
398.7832545999845	86.0	100.0
398.8027883999748	86.0	100.0
398.8224683999724	86.0	100.0
398.8427214999974	86.0	100.0
398.862243999989	86.0	100.0
398.8824535999738	86.0	100.0
399.02199319997453	86.0	100.0
399.02201439999044	86.0	100.0
399.02202269999543	86.0	100.0
399.02203089999966	86.0	100.0
399.02203899997403	86.0	100.0
399.02204669997445	86.0	100.0
399.0225833999866	86.0	100.0
399.0424879999773	86.0	100.0
399.0633892999904	86.0	100.0
399.08277909999015	86.0	100.0
399.1024785999907	86.0	100.0
399.12249149999116	86.0	100.0
399.1429232999799	86.0	100.0
399.16280759999063	86.0	100.0
399.18851099998574	86.0	100.0
399.2032388999942	86.0	100.0
399.2229927999724	86.0	100.0
399.2425320999755	86.0	100.0
399.26346299998113	86.0	100.0
399.28281519998563	86.0	100.0
399.30246959999204	86.0	100.0
399.32332699999097	86.0	100.0
399.34161919998587	86.0	100.0
399.36155459997826	86.0	100.0
399.38163979997626	86.0	100.0
399.40180929997587	86.0	100.0
399.4217377999739	86.0	100.0
399.4437171999889	86.0	100.0
399.46343799997703	86.0	100.0
399.48342999999295	86.0	100.0
399.5039413999766	86.0	100.0
399.52294219998294	86.0	100.0
399.5425156999845	86.0	100.0
399.56349619998946	86.0	100.0
399.5825502999942	86.0	100.0
399.60314579997794	86.0	100.0
399.6226781999867	86.0	100.0
399.64318129999447	86.0	100.0
399.6626906999736	86.0	100.0
399.6831572999945	86.0	100.0
399.7027239999734	86.0	100.0
399.7253185999871	86.0	100.0
399.74372269999003	86.0	100.0
399.76356129997293	86.0	100.0
399.78354999999283	86.0	100.0
399.8040566999989	84.0	100.0
399.823336499976	84.0	100.0
399.84408229999826	84.0	100.0
399.86375869999756	84.0	100.0
399.8833484999777	84.0	100.0
399.9036319000006	84.0	100.0
399.9240166999807	84.0	100.0
399.9483467999962	84.0	100.0
399.9639497999742	84.0	100.0
399.9837744999968	84.0	100.0
400.003693799983	84.0	100.0
400.0231235999963	84.0	100.0
400.0443803999806	84.0	100.0
400.0631491999957	84.0	100.0
400.0840246999869	84.0	100.0
400.10391259999597	84.0	100.0
400.123724199977	84.0	100.0
400.15052919997834	84.0	100.0
400.1641713999852	84.0	100.0
400.1837108999898	84.0	100.0
400.2039631999796	84.0	100.0
400.22402239998337	84.0	100.0
400.2441803999827	84.0	100.0
400.2635365999886	84.0	100.0
400.2834027999779	84.0	100.0
400.30338129997835	84.0	100.0
400.32340199998	84.0	100.0
400.34358449999127	84.0	100.0
400.36386709997896	84.0	100.0
400.3833510999975	84.0	100.0
400.40376560000004	84.0	100.0
400.4234609999985	84.0	100.0
400.44351859999006	84.0	100.0
400.46389359998284	84.0	100.0
400.48372259997996	84.0	100.0
400.50361839999096	84.0	100.0
400.52351339999586	84.0	100.0
400.54347959998995	84.0	100.0
400.5639935999934	84.0	100.0
400.58342819998506	84.0	100.0
400.6037802999781	84.0	100.0
400.62352179997833	84.0	100.0
400.6436973999953	84.0	100.0
400.6640973999747	84.0	100.0
400.6834703999921	84.0	100.0
400.70438250000007	84.0	100.0
400.72365219998755	84.0	100.0
400.7437871999864	84.0	100.0
400.76421949997894	84.0	100.0
400.7841530999867	84.0	100.0
400.8041430999874	84.0	100.0
400.8239513000008	84.0	100.0
400.84463699997286	84.0	100.0
400.86403219998465	84.0	100.0
400.88412329999846	84.0	100.0
400.9034829000011	84.0	100.0
400.9236791000003	84.0	100.0
400.94399780000094	84.0	100.0
400.9647666999954	84.0	100.0
400.9839547999727	84.0	100.0
401.0040326999733	84.0	100.0
401.02396179997595	84.0	100.0
401.04402109998045	84.0	100.0
401.0649541999737	84.0	100.0
401.08403599998564	84.0	100.0
401.1050713000004	84.0	100.0
401.1246867000009	84.0	100.0
401.1438254999812	84.0	100.0
401.1656002999807	84.0	100.0
401.18402699998114	84.0	100.0
401.2041023999918	84.0	100.0
401.2237927999813	84.0	100.0
401.24484759999905	84.0	100.0
401.26468799999566	84.0	100.0
401.28468909999356	84.0	100.0
401.3045559999882	84.0	100.0
401.32476759998826	84.0	100.0
401.3441691999906	84.0	100.0
401.3652601999929	84.0	100.0
401.3839704999991	84.0	100.0
401.4041553999996	84.0	100.0
401.4239214999834	84.0	100.0
401.4440439999744	84.0	100.0
401.46423199999845	84.0	100.0
401.48490369998035	84.0	100.0
401.5054539999983	84.0	100.0
401.5245018999849	84.0	100.0
401.5457311999926	84.0	100.0
401.5651177999971	84.0	100.0
401.5843160999939	84.0	100.0
401.60484069999075	84.0	100.0
401.62469820000115	84.0	100.0
401.6449021999724	84.0	100.0
401.6654706999834	84.0	100.0
401.68443629998364	84.0	100.0
401.7051186999888	84.0	100.0
401.72483999998076	84.0	100.0
401.7449361999752	84.0	100.0
401.7653072999965	84.0	100.0
401.7891749999835	84.0	100.0
401.80534709998756	83.0	100.0
401.8257813999953	83.0	100.0
401.84593969999696	83.0	100.0
401.8653346999781	83.0	100.0
401.88537499998347	83.0	100.0
401.90479499998037	83.0	100.0
401.92509009997593	83.0	100.0
401.95462389997556	83.0	100.0
401.96572279999964	83.0	100.0
401.98496479997993	83.0	100.0
402.0051372999733	83.0	100.0
402.0251254999894	83.0	100.0
402.04536989997723	83.0	100.0
402.0655005000008	83.0	100.0
402.0859821999911	83.0	100.0
402.10497749998467	83.0	100.0
402.1250992999994	83.0	100.0
402.1447629999893	83.0	100.0
402.1650438999932	83.0	100.0
402.18496719998075	83.0	100.0
402.20569689999684	83.0	100.0
402.22462299998733	83.0	100.0
402.24486339997384	83.0	100.0
402.26544139999896	83.0	100.0
402.2853530999855	83.0	100.0
402.3046196999785	83.0	100.0
402.3254725000006	83.0	100.0
402.34481349997805	83.0	100.0
402.3656405999791	83.0	100.0
402.3849342999747	83.0	100.0
402.40502119998564	83.0	100.0
402.42972379998537	83.0	100.0
402.4456069000007	83.0	100.0
402.46490129997255	83.0	100.0
402.4856241999951	83.0	100.0
402.50598339998396	83.0	100.0
402.5259207999916	83.0	100.0
402.54553229999146	83.0	100.0
402.56619159999536	83.0	100.0
402.58538549998775	83.0	100.0
402.6056335999747	83.0	100.0
402.6258708999958	83.0	100.0
402.6461609999824	83.0	100.0
402.66519889998017	83.0	100.0
402.6858945999993	83.0	100.0
402.7060521999956	83.0	100.0
402.72778359998483	83.0	100.0
402.74583979998715	83.0	100.0
402.7669246000005	83.0	100.0
402.78647229998023	83.0	100.0
402.80649069999345	84.0	100.0
402.8260290999897	84.0	100.0
402.8462481999886	84.0	100.0
402.8664397999819	84.0	100.0
402.88595409999834	84.0	100.0
402.90714839997236	84.0	100.0
402.92634799997904	84.0	100.0
402.9462612999778	84.0	100.0
402.96631289998186	84.0	100.0
402.9859800999984	84.0	100.0
403.0059742000012	84.0	100.0
403.0257057999843	84.0	100.0
403.0462164999917	84.0	100.0
403.06614709997666	84.0	100.0
403.08599189997767	84.0	100.0
403.1059264999931	84.0	100.0
403.1328538999951	84.0	100.0
403.14561279999907	84.0	100.0
403.1680486999976	84.0	100.0
403.1864678999991	84.0	100.0
403.21269929999835	84.0	100.0
403.2258307999873	84.0	100.0
403.2462021999818	84.0	100.0
403.267463199998	84.0	100.0
403.28758399997605	84.0	100.0
403.3242874999996	84.0	100.0
403.33935149997706	84.0	100.0
403.34611539999605	84.0	100.0
403.3671584999829	84.0	100.0
403.3867844999768	84.0	100.0
403.4063940999913	84.0	100.0
403.4266355999862	84.0	100.0
403.4466384999978	84.0	100.0
403.4673696999962	84.0	100.0
403.4869392999972	84.0	100.0
403.5067226999963	84.0	100.0
403.5266994999838	84.0	100.0
403.5466356999823	84.0	100.0
403.5666529999871	84.0	100.0
403.586745699984	84.0	100.0
403.6065240999742	84.0	100.0
403.6261983999866	84.0	100.0
403.64777009998215	84.0	100.0
403.6675101000001	84.0	100.0
403.68771229998674	84.0	100.0
403.70730349997757	84.0	100.0
403.7272514999786	84.0	100.0
403.74688819999574	84.0	100.0
403.76754999998957	84.0	100.0
403.78715119999833	84.0	100.0
403.80669789999956	85.0	100.0
403.8267143999983	85.0	100.0
403.8465790999762	85.0	100.0
403.86647609999636	85.0	100.0
403.88738089997787	85.0	100.0
403.9067047999997	85.0	100.0
403.9267439999967	85.0	100.0
403.9471674999804	85.0	100.0
403.96732709999196	85.0	100.0
403.9865951999964	85.0	100.0
404.00750469998457	85.0	100.0
404.02549919998273	85.0	100.0
404.04675899998983	85.0	100.0
404.06673599997885	85.0	100.0
404.086487099994	85.0	100.0
404.1066673999885	85.0	100.0
404.12710769998375	85.0	100.0
404.1466172999935	85.0	100.0
404.16774720000103	85.0	100.0
404.18773059998057	85.0	100.0
404.2074932999967	85.0	100.0
404.22756179998396	85.0	100.0
404.2479379999859	85.0	100.0
404.2677663999784	85.0	100.0
404.2876619999879	85.0	100.0
404.30763379999553	85.0	100.0
404.32729819999076	85.0	100.0
404.3470667999936	85.0	100.0
404.36747999998624	85.0	100.0
404.3870093000005	85.0	100.0
404.4073357999732	85.0	100.0
404.4272306999774	85.0	100.0
404.447446199978	85.0	100.0
404.46721099998103	85.0	100.0
404.4872576999769	85.0	100.0
404.5073413999926	85.0	100.0
404.52738479999243	85.0	100.0
404.5473466999829	85.0	100.0
404.5674941999896	85.0	100.0
404.58739189998596	85.0	100.0
404.60727759997826	85.0	100.0
404.6270694999839	85.0	100.0
404.6473841999832	85.0	100.0
404.66741779999575	85.0	100.0
404.68795699998736	85.0	100.0
404.7076089999755	85.0	100.0
404.7281963999849	85.0	100.0
404.7476727999747	85.0	100.0
404.76750299998093	85.0	100.0
404.7882862999977	85.0	100.0
404.80821199997445	87.0	100.0
404.8279520999931	87.0	100.0
404.8482566999737	87.0	100.0
404.8682004000002	87.0	100.0
404.8875636999728	87.0	100.0
404.9074974999821	87.0	100.0
404.9274555000011	87.0	100.0
404.94744249997893	87.0	100.0
404.96822359997896	87.0	100.0
404.9876056999783	87.0	100.0
405.0077263999847	87.0	100.0
405.0275289999845	87.0	100.0
405.0474676999729	87.0	100.0
405.0680095999851	87.0	100.0
405.0878356999892	87.0	100.0
405.1074267999793	87.0	100.0
405.12779049997334	87.0	100.0
405.1479670999979	87.0	100.0
405.1680012999859	87.0	100.0
405.18724010000005	87.0	100.0
405.2079828999995	87.0	100.0
405.22748959998717	87.0	100.0
405.24830049998127	87.0	100.0
405.2679263999744	87.0	100.0
405.2876699999906	87.0	100.0
405.3074591999757	87.0	100.0
405.3280183999741	87.0	100.0
405.3473408999853	87.0	100.0
405.36787009998807	87.0	100.0
405.38775869997335	87.0	100.0
405.40783589999774	87.0	100.0
405.4282897999801	87.0	100.0
405.44782479997957	87.0	100.0
405.4690785999992	87.0	100.0
405.4890103999933	87.0	100.0
405.50889259998803	87.0	100.0
405.52849469997454	87.0	100.0
405.54848619998666	87.0	100.0
405.56874909999897	87.0	100.0
405.5886770999932	87.0	100.0
405.607901499985	87.0	100.0
405.6283460999839	87.0	100.0
405.6490079999785	87.0	100.0
405.66798519997974	87.0	100.0
405.6879483999801	87.0	100.0
405.70773329999065	87.0	100.0
405.7305987	87.0	100.0
405.74795079999603	87.0	100.0
405.76927209997666	87.0	100.0
405.78904919998604	87.0	100.0
405.8095737999829	86.0	100.0
405.8289606999897	86.0	100.0
405.84910419999505	86.0	100.0
405.86903239999083	86.0	100.0
405.8887644999777	86.0	100.0
405.90872919998947	86.0	100.0
405.9292688999849	86.0	100.0
405.9493253999972	86.0	100.0
405.96957959997235	86.0	100.0
405.98908010000014	86.0	100.0
406.0091593999823	86.0	100.0
406.0288189999992	86.0	100.0
406.04922879999503	86.0	100.0
406.06895479999366	86.0	100.0
406.08928479999304	86.0	100.0
406.10914229997434	86.0	100.0
406.12919719997444	86.0	100.0
406.1491294000007	86.0	100.0
406.16969919999246	86.0	100.0
406.1894595999911	86.0	100.0
406.2104911999777	86.0	100.0
406.2293522999971	86.0	100.0
406.24931709998054	86.0	100.0
406.26992359998985	86.0	100.0
406.2895550999965	86.0	100.0
406.30971699999645	86.0	100.0
406.32983399997465	86.0	100.0
406.34937639997224	86.0	100.0
406.3690067999996	86.0	100.0
406.38880289997905	86.0	100.0
406.409568699979	86.0	100.0
406.42873629997484	86.0	100.0
406.44919659997686	86.0	100.0
406.46946109997225	86.0	100.0
406.49023659998784	86.0	100.0
406.5093386999797	86.0	100.0
406.529941899993	86.0	100.0
406.54895859997487	86.0	100.0
406.56886169998324	86.0	100.0
406.5892907999805	86.0	100.0
406.60946849998436	86.0	100.0
406.6306479999912	86.0	100.0
406.6505074999877	86.0	100.0
406.6693974999944	86.0	100.0
406.6890020999999	86.0	100.0
406.70919850000064	86.0	100.0
406.7293877999764	86.0	100.0
406.74939240000094	86.0	100.0
406.7699865999748	86.0	100.0
406.7897648999933	86.0	100.0
406.8096619999851	85.0	100.0
406.829439299996	85.0	100.0
406.84951689999434	85.0	100.0
406.86960439998074	85.0	100.0
406.8902546999743	85.0	100.0
406.91000059997896	85.0	100.0
406.9301037999976	85.0	100.0
406.9500365999993	85.0	100.0
406.97060959998635	85.0	100.0
406.9899769999902	85.0	100.0
407.01038079999853	85.0	100.0
407.0300298999937	85.0	100.0
407.0510746999935	85.0	100.0
407.0704469999764	85.0	100.0
407.0897505999892	85.0	100.0
407.1096422999981	85.0	100.0
407.1299822999863	85.0	100.0
407.1496483999945	85.0	100.0
407.1702909999876	85.0	100.0
407.1897017999727	85.0	100.0
407.21009109998704	85.0	100.0
407.2299737999856	85.0	100.0
407.25019729998894	85.0	100.0
407.2702106999932	85.0	100.0
407.290408699977	85.0	100.0
407.3103090999939	85.0	100.0
407.3300482999766	85.0	100.0
407.34949259998393	85.0	100.0
407.37048089999007	85.0	100.0
407.3901154999912	85.0	100.0
407.4101673999976	85.0	100.0
407.4301044999738	85.0	100.0
407.45045819997904	85.0	100.0
407.47018789997674	85.0	100.0
407.49021429999266	85.0	100.0
407.5101419999846	85.0	100.0
407.53076239998336	85.0	100.0
407.55061320000095	85.0	100.0
407.5707709999988	85.0	100.0
407.59044589998666	85.0	100.0
407.6112082999898	85.0	100.0
407.63016380000045	85.0	100.0
407.6502141999954	85.0	100.0
407.6719400000002	85.0	100.0
407.69028689997504	85.0	100.0
407.7110970999929	85.0	100.0
407.73123320000013	85.0	100.0
407.75068879997707	85.0	100.0
407.77120739998645	85.0	100.0
407.79103279998526	85.0	100.0
407.8112174999842	84.0	100.0
407.830784699996	84.0	100.0
407.8506558999943	84.0	100.0
407.87426379998215	84.0	100.0
407.89065149999806	84.0	100.0
407.9106829999946	84.0	100.0
407.9307573999977	84.0	100.0
407.95062429999234	84.0	100.0
407.9715749999741	84.0	100.0
407.9901890999754	84.0	100.0
408.01154789997963	84.0	100.0
408.0311893999751	84.0	100.0
408.0505107999779	84.0	100.0
408.0700888999854	84.0	100.0
408.09132029998	84.0	100.0
408.11119419999886	84.0	100.0
408.1305658999772	84.0	100.0
408.15082589999656	84.0	100.0
408.1716990999994	84.0	100.0
408.1906468999805	84.0	100.0
408.2114209999854	84.0	100.0
408.23127319998457	84.0	100.0
408.25069459999213	84.0	100.0
408.27160169999115	84.0	100.0
408.2906910999736	84.0	100.0
408.3105814999726	84.0	100.0
408.3317747999972	84.0	100.0
408.3510747999826	84.0	100.0
408.3717971999722	84.0	100.0
408.39148099999875	84.0	100.0
408.4114880999841	84.0	100.0
408.43120819999604	84.0	100.0
408.450775699981	84.0	100.0
408.4696637999732	84.0	100.0
408.4902971999836	84.0	100.0
408.5110071999952	84.0	100.0
408.5312225999951	84.0	100.0
408.5513555999787	84.0	100.0
408.5717088999809	84.0	100.0
408.59107639998547	84.0	100.0
408.6111718999746	84.0	100.0
408.6311416999961	84.0	100.0
408.65057859997614	84.0	100.0
408.6691857999831	84.0	100.0
408.6906721999985	84.0	100.0
408.7106896999758	84.0	100.0
408.73168489997624	84.0	100.0
408.7501318999857	84.0	100.0
408.77172429999337	84.0	100.0
408.7916026999883	84.0	100.0
408.8120071000012	85.0	100.0
408.83188179999706	85.0	100.0
408.85191109997686	85.0	100.0
408.87399569997797	85.0	100.0
408.8919328999764	85.0	100.0
408.91194649998215	85.0	100.0
408.9319161999738	85.0	100.0
408.95185679997667	85.0	100.0
408.97197569999844	85.0	100.0
408.9919592999795	85.0	100.0
409.01184019999346	85.0	100.0
409.0315198999888	85.0	100.0
409.05211039999267	85.0	100.0
409.0719806999841	85.0	100.0
409.09207799998694	85.0	100.0
409.1119673999783	85.0	100.0
409.1320168999955	85.0	100.0
409.1517348999914	85.0	100.0
409.17227509999066	85.0	100.0
409.1918928999803	85.0	100.0
409.21194799998193	85.0	100.0
409.2319248999993	85.0	100.0
409.2520123999857	85.0	100.0
409.27286299999105	85.0	100.0
409.2920499999891	85.0	100.0
409.3117760999885	85.0	100.0
409.33132449997356	85.0	100.0
409.35126249998575	85.0	100.0
409.3719133999839	85.0	100.0
409.39137539998046	85.0	100.0
409.411641099985	85.0	100.0
409.4313917999971	85.0	100.0
409.45148329998483	85.0	100.0
409.4724137999874	85.0	100.0
409.49212369997986	85.0	100.0
409.5120051999984	85.0	100.0
409.5322721999837	85.0	100.0
409.5523299999768	85.0	100.0
409.5720112999843	85.0	100.0
409.5912889999745	85.0	100.0
409.61133889999473	85.0	100.0
409.6313560999988	85.0	100.0
409.65178989997366	85.0	100.0
409.67157969999244	85.0	100.0
409.69185089998064	85.0	100.0
409.7115542999818	85.0	100.0
409.73182950000046	85.0	100.0
409.75158999999985	85.0	100.0
409.77335969998967	85.0	100.0
409.79289069998777	85.0	100.0
409.81242459997884	83.0	100.0
409.8328834999993	83.0	100.0
409.85223530000076	83.0	100.0
409.87457529999665	83.0	100.0
409.89213169997674	83.0	100.0
409.91229159999057	83.0	100.0
409.932900099986	83.0	100.0
409.95244389999425	83.0	100.0
409.9730118000007	83.0	100.0
409.9924189999874	83.0	100.0
410.01261609999347	83.0	100.0
410.0325810999784	83.0	100.0
410.0522315999842	83.0	100.0
410.0748010999814	83.0	100.0
410.0924218999862	83.0	100.0
410.11224569997285	83.0	100.0
410.1324372999952	83.0	100.0
410.1528402999975	83.0	100.0
410.17377679998754	83.0	100.0
410.192902699986	83.0	100.0
410.2130074999877	83.0	100.0
410.23163029999705	83.0	100.0
410.25256279998575	83.0	100.0
410.2725233999954	83.0	100.0
410.29200749998563	83.0	100.0
410.3119485999923	83.0	100.0
410.3319205000007	83.0	100.0
410.3516418999934	83.0	100.0
410.37350929999957	83.0	100.0
410.39199149998603	83.0	100.0
410.411950699985	83.0	100.0
410.43215539999073	83.0	100.0
410.4518786999979	83.0	100.0
410.4731863999914	83.0	100.0
410.493365399976	83.0	100.0
410.5118997999816	83.0	100.0
410.5318359999801	83.0	100.0
410.55251409998164	83.0	100.0
410.57288829999743	83.0	100.0
410.59204559997306	83.0	100.0
410.61197399999946	83.0	100.0
410.63198320000083	83.0	100.0
410.6518890999723	83.0	100.0
410.6727116999973	83.0	100.0
410.69270599997253	83.0	100.0
410.71204699997907	83.0	100.0
410.73275959998136	83.0	100.0
410.7519016999868	83.0	100.0
410.7729945999745	83.0	100.0
410.7935425999749	83.0	100.0
410.81299889998627	84.0	100.0
410.8327665999823	84.0	100.0
410.8526927999919	84.0	100.0
410.872951599973	84.0	100.0
410.89235699997516	84.0	100.0
410.91206139998394	84.0	100.0
410.9325650999963	84.0	100.0
410.9533187999914	84.0	100.0
410.9740109999839	84.0	100.0
410.9927626999852	84.0	100.0
411.01270829999703	84.0	100.0
411.0331197999767	84.0	100.0
411.0526538999984	84.0	100.0
411.07322849999764	84.0	100.0
411.0934037999832	84.0	100.0
411.1129741999903	84.0	100.0
411.13312699997914	84.0	100.0
411.1527548999875	84.0	100.0
411.17344969999976	84.0	100.0
411.1927552999987	84.0	100.0
411.2132955999987	84.0	100.0
411.2327217999846	84.0	100.0
411.2527975999983	84.0	100.0
411.2734884999809	84.0	100.0
411.293273599993	84.0	100.0
411.3130738999753	84.0	100.0
411.3334943999944	84.0	100.0
411.3527753999806	84.0	100.0
411.37367649999214	84.0	100.0
411.3933956999972	84.0	100.0
411.4130873999966	84.0	100.0
411.4331647999934	84.0	100.0
411.453637300001	84.0	100.0
411.4731016999867	84.0	100.0
411.4944404999842	84.0	100.0
411.5112636999984	84.0	100.0
411.5336046999728	84.0	100.0
411.55353649999597	84.0	100.0
411.57411119999597	84.0	100.0
411.5934446999745	84.0	100.0
411.6137637999782	84.0	100.0
411.6340357000008	84.0	100.0
411.6536854999722	84.0	100.0
411.67322899997816	84.0	100.0
411.6936715999909	84.0	100.0
411.7136056999734	84.0	100.0
411.73549459999776	84.0	100.0
411.7539737999905	84.0	100.0
411.7742436999979	84.0	100.0
411.79420819997904	84.0	100.0
411.8150823999895	83.0	100.0
411.83396949997405	83.0	100.0
411.85456309997244	83.0	100.0
411.8744630999863	83.0	100.0
411.8942320999922	83.0	100.0
411.91443409997737	83.0	100.0
411.9347673000011	83.0	100.0
411.9544216999784	83.0	100.0
411.97509929997614	83.0	100.0
411.99458079997567	83.0	100.0
412.01471569997375	83.0	100.0
412.035358299996	83.0	100.0
412.05456709998543	83.0	100.0
412.07473559997743	83.0	100.0
412.0944109999982	83.0	100.0
412.1143538999895	83.0	100.0
412.1345042999892	83.0	100.0
412.1544143999927	83.0	100.0
412.1747331999941	83.0	100.0
412.19425569998566	83.0	100.0
412.2145133999875	83.0	100.0
412.23470369999995	83.0	100.0
412.2548334999883	83.0	100.0
412.2744180999871	83.0	100.0
412.29492999997456	83.0	100.0
412.31455339997774	83.0	100.0
412.33463359999587	83.0	100.0
412.35476639997796	83.0	100.0
412.3746033999778	83.0	100.0
412.3944615999935	83.0	100.0
412.4150984999724	83.0	100.0
412.43473019998055	83.0	100.0
412.4544581999944	83.0	100.0
412.47461699999985	83.0	100.0
412.4946579999814	83.0	100.0
412.5147439999855	83.0	100.0
412.53450329997577	83.0	100.0
412.5544439999794	83.0	100.0
412.5746787999815	83.0	100.0
412.59435010000016	83.0	100.0
412.61447799997404	83.0	100.0
412.63458929999615	83.0	100.0
412.6554527999833	83.0	100.0
412.67565559997456	83.0	100.0
412.6952161999943	83.0	100.0
412.7150516999827	83.0	100.0
412.73552029998973	83.0	100.0
412.7546347999887	83.0	100.0
412.7755440999754	83.0	100.0
412.7960495999723	83.0	100.0
412.81551319998107	82.0	100.0
412.83527219999814	82.0	100.0
412.85522279998986	82.0	100.0
412.8755187999923	82.0	100.0
412.8955221999786	82.0	100.0
412.9154535999987	82.0	100.0
412.9353535999835	82.0	100.0
412.9554164999863	82.0	100.0
412.97564729998703	82.0	100.0
412.99516399999266	82.0	100.0
413.0156313999905	82.0	100.0
413.0351036999782	82.0	100.0
413.0558635999914	82.0	100.0
413.0758492999885	82.0	100.0
413.09551590000046	82.0	100.0
413.1153411999985	82.0	100.0
413.13584229999105	82.0	100.0
413.1547394999943	82.0	100.0
413.1749602999771	82.0	100.0
413.19640129999607	82.0	100.0
413.21515589999035	82.0	100.0
413.2345787999802	82.0	100.0
413.2552037999849	82.0	100.0
413.27608799998416	82.0	100.0
413.2954446999938	82.0	100.0
413.3152559000009	82.0	100.0
413.3353733999829	82.0	100.0
413.3560220999934	82.0	100.0
413.37593979999656	82.0	100.0
413.39530989999184	82.0	100.0
413.41536609997274	82.0	100.0
413.4338948999939	82.0	100.0
413.4516928999801	82.0	100.0
413.4738360999909	82.0	100.0
413.4915587999858	82.0	100.0
413.512485299987	82.0	100.0
413.5335779999732	82.0	100.0
413.55615589997615	82.0	100.0
413.5783228999935	82.0	100.0
413.59603649997734	82.0	100.0
413.61587799998233	82.0	100.0
413.6360490999941	82.0	100.0
413.656367699994	82.0	100.0
413.6764254999871	82.0	100.0
413.6959427999973	82.0	100.0
413.71590899999137	82.0	100.0
413.7358817999775	82.0	100.0
413.7564590999973	82.0	100.0
413.77694849998807	82.0	100.0
413.79599799998687	82.0	100.0
413.8163495999761	80.0	100.0
413.83705479998025	80.0	100.0
413.8564073999878	80.0	100.0
413.87640269999974	80.0	100.0
413.8999818000011	80.0	100.0
413.91619819999323	80.0	100.0
413.93618499999866	80.0	100.0
413.9561183999758	80.0	100.0
413.9765619999962	80.0	100.0
413.9960817999963	80.0	100.0
414.01618759997655	80.0	100.0
414.0363129999896	80.0	100.0
414.05579469999066	80.0	100.0
414.07563589999336	80.0	100.0
414.0959305999859	80.0	100.0
414.11560339998687	80.0	100.0
414.1355182999978	80.0	100.0
414.1558642999735	80.0	100.0
414.17592369997874	80.0	100.0
414.19564199997694	80.0	100.0
414.2161940999795	80.0	100.0
414.2358649999951	80.0	100.0
414.2558918999857	80.0	100.0
414.2760379999818	80.0	100.0
414.295956499991	80.0	100.0
414.31575099998736	80.0	100.0
414.3363771000004	80.0	100.0
414.35555559999193	80.0	100.0
414.3765996999864	80.0	100.0
414.39609119997476	80.0	100.0
414.41609129999415	80.0	100.0
414.4356945999898	80.0	100.0
414.4561792999739	80.0	100.0
414.4763575999823	80.0	100.0
414.496693699999	80.0	100.0
414.5162384999858	80.0	100.0
414.53557079998427	80.0	100.0
414.55555309998454	80.0	100.0
414.5768093999941	80.0	100.0
414.5967746999813	80.0	100.0
414.61722309998004	80.0	100.0
414.6374431999866	80.0	100.0
414.65695179998875	80.0	100.0
414.67639689997304	80.0	100.0
414.69602879998274	80.0	100.0
414.71666039997945	80.0	100.0
414.7387562999793	80.0	100.0
414.7573377999943	80.0	100.0
414.777325699979	80.0	100.0
414.79730439998093	80.0	100.0
414.81768339997507	80.0	100.0
414.8372027000005	80.0	100.0
414.85752209997736	80.0	100.0
414.8773486999853	80.0	100.0
414.89713439997286	80.0	100.0
414.9173505999788	80.0	100.0
414.9375081999751	80.0	100.0
414.95662439998705	80.0	100.0
414.97697709998465	80.0	100.0
414.9965498999809	80.0	100.0
415.0168166999938	80.0	100.0
415.0371463999909	80.0	100.0
415.0573874999827	80.0	100.0
415.07745789998444	80.0	100.0
415.0969315999828	80.0	100.0
415.1168462999922	80.0	100.0
415.1383131999755	80.0	100.0
415.15699779998977	80.0	100.0
415.17731639998965	80.0	100.0
415.19701869998244	80.0	100.0
415.2179455999867	80.0	100.0
415.2383732999733	80.0	100.0
415.2570782999974	80.0	100.0
415.27743259997806	80.0	100.0
415.2975871999806	80.0	100.0
415.3170162999886	80.0	100.0
415.33710469998186	80.0	100.0
415.35741219998454	80.0	100.0
415.3824491999985	80.0	100.0
415.3973352999892	80.0	100.0
415.41710139997303	80.0	100.0
415.4373630999762	80.0	100.0
415.4575364999764	80.0	100.0
415.47794729997986	80.0	100.0
415.49756109999726	80.0	100.0
415.5174583999906	80.0	100.0
415.5373569999938	80.0	100.0
415.55679309999687	80.0	100.0
415.5775370999763	80.0	100.0
415.5975741999864	80.0	100.0
415.6183560999925	80.0	100.0
415.638023699983	80.0	100.0
415.658331499988	80.0	100.0
415.6782401999808	80.0	100.0
415.6981943999999	80.0	100.0
415.7186537999951	80.0	100.0
415.7384271999763	80.0	100.0
415.7578116999939	80.0	100.0
415.77847529997234	80.0	100.0
415.7985610999749	80.0	100.0
415.81838379998226	80.0	100.0
415.83838209998794	80.0	100.0
415.8584184999927	80.0	100.0
415.8783212999988	80.0	100.0
415.8984529999725	80.0	100.0
415.91849459998775	80.0	100.0
415.9387206999818	80.0	100.0
415.95881429998553	80.0	100.0
415.9783936999738	80.0	100.0
415.9983518999943	80.0	100.0
416.01903509997646	80.0	100.0
416.0381524999975	80.0	100.0
416.0583934999886	80.0	100.0
416.0787782999978	80.0	100.0
416.098336199997	80.0	100.0
416.11846209998475	80.0	100.0
416.1386022999941	80.0	100.0
416.15761719999136	80.0	100.0
416.17985319998115	80.0	100.0
416.198616699985	80.0	100.0
416.21832869999344	80.0	100.0
416.23822959998506	80.0	100.0
416.2625223999785	80.0	100.0
416.2790608999785	80.0	100.0
416.29835989998537	80.0	100.0
416.3235579999746	80.0	100.0
416.33846379999886	80.0	100.0
416.3584420999978	80.0	100.0
416.37917549998383	80.0	100.0
416.3967756999773	80.0	100.0
416.41882859999896	80.0	100.0
416.4386673999834	80.0	100.0
416.4590929999831	80.0	100.0
416.4790060999803	80.0	100.0
416.49961229998735	80.0	100.0
416.5184587999829	80.0	100.0
416.53909469998325	80.0	100.0
416.5589254999941	80.0	100.0
416.5787655999884	80.0	100.0
416.5990890999965	80.0	100.0
416.6194600999879	80.0	100.0
416.63941009997507	80.0	100.0
416.65954599998076	80.0	100.0
416.67974219997996	80.0	100.0
416.6995285000012	80.0	100.0
416.7189546999871	80.0	100.0
416.73879339999985	80.0	100.0
416.7587702999881	80.0	100.0
416.7790624999907	80.0	100.0
416.79955269998754	80.0	100.0
416.8191634999821	78.0	100.0
416.83909359999234	78.0	100.0
416.85935600000084	78.0	100.0
416.8794526999991	78.0	100.0
416.89920729998266	78.0	100.0
416.91916729998775	78.0	100.0
416.9392178999842	78.0	100.0
416.9599561999785	78.0	100.0
416.9802037999907	78.0	100.0
416.9995063999959	78.0	100.0
417.0194484999811	78.0	100.0
417.0396768999926	78.0	100.0
417.0596704999916	78.0	100.0
417.08005749998847	78.0	100.0
417.1000846999814	78.0	100.0
417.1198901999742	78.0	100.0
417.1403217999905	78.0	100.0
417.16003249998903	78.0	100.0
417.18094809999457	78.0	100.0
417.1999188999762	78.0	100.0
417.21729189998587	78.0	100.0
417.2364691999974	78.0	100.0
417.2597976999823	78.0	100.0
417.2806997000007	78.0	100.0
417.2998321999912	78.0	100.0
417.3199122999795	78.0	100.0
417.34046639999724	78.0	100.0
417.35997459999635	78.0	100.0
417.3802813999937	78.0	100.0
417.4015565000009	78.0	100.0
417.41945469999337	78.0	100.0
417.43952779998654	78.0	100.0
417.4598575999844	78.0	100.0
417.47963449999224	78.0	100.0
417.49965449998854	78.0	100.0
417.51963949998026	78.0	100.0
417.5401068999781	78.0	100.0
417.5601858999871	78.0	100.0
417.5806656999921	78.0	100.0
417.5976965999871	78.0	100.0
417.61976739999955	78.0	100.0
417.64057959997444	78.0	100.0
417.6604024999833	78.0	100.0
417.68046069997945	78.0	100.0
417.70086849998916	78.0	100.0
417.7202234999859	78.0	100.0
417.7423491999798	78.0	100.0
417.76127849999466	78.0	100.0
417.78158650000114	78.0	100.0
417.8009941999917	78.0	100.0
417.8214819999994	76.0	100.0
417.841199699993	76.0	100.0
417.86115149999387	76.0	100.0
417.8813596999971	76.0	100.0
417.9071508999914	76.0	100.0
417.9204371999949	76.0	100.0
417.94106409998494	76.0	100.0
417.9610429999884	76.0	100.0
417.9816433999804	76.0	100.0
418.00134599997546	76.0	100.0
418.02098539998406	76.0	100.0
418.04144989998895	76.0	100.0
418.06145309997373	76.0	100.0
418.0810638999974	76.0	100.0
418.1010608999932	76.0	100.0
418.120666599978	76.0	100.0
418.1411604999739	76.0	100.0
418.160931099992	76.0	100.0
418.18294339999557	76.0	100.0
418.2015019999817	76.0	100.0
418.2215255999763	76.0	100.0
418.2412783999753	76.0	100.0
418.26123839998036	76.0	100.0
418.28145009998116	76.0	100.0
418.301426799997	76.0	100.0
418.32103289998486	76.0	100.0
418.34130079997703	76.0	100.0
418.361577499978	76.0	100.0
418.3824686000007	76.0	100.0
418.4011131999723	76.0	100.0
418.4216084999789	76.0	100.0
418.44140559999505	76.0	100.0
418.4614336999948	76.0	100.0
418.4796294999833	76.0	100.0
418.50138429997605	76.0	100.0
418.52088709999225	76.0	100.0
418.5416864999861	76.0	100.0
418.5612420999969	76.0	100.0
418.5819440999767	76.0	100.0
418.60141459997976	76.0	100.0
418.6214600999956	76.0	100.0
418.6462537999905	76.0	100.0
418.66207789999316	76.0	100.0
418.68185499997344	76.0	100.0
418.70193059998564	76.0	100.0
418.72183829999994	76.0	100.0
418.7419393999735	76.0	100.0
418.761190899997	76.0	100.0
418.7825259999954	76.0	100.0
418.803402199992	76.0	100.0
418.8229374999937	75.0	100.0
418.84239519998664	75.0	100.0
418.8623466999852	75.0	100.0
418.88218570000026	75.0	100.0
418.90235779999057	75.0	100.0
418.9222739999823	75.0	100.0
418.94237219999195	75.0	100.0
418.9623624999949	75.0	100.0
418.9830321999907	75.0	100.0
419.0021507999918	75.0	100.0
419.02272670000093	75.0	100.0
419.04244439999457	75.0	100.0
419.06222459999844	75.0	100.0
419.08264509998844	75.0	100.0
419.10251109997625	75.0	100.0
419.12264729998424	75.0	100.0
419.1439810000011	75.0	100.0
419.1623519999848	75.0	100.0
419.18368309998186	75.0	100.0
419.2024212999968	75.0	100.0
419.223041499994	75.0	100.0
419.24298919999273	75.0	100.0
419.26351259998046	75.0	100.0
419.2830297999899	75.0	100.0
419.30240769998636	75.0	100.0
419.32346599997254	75.0	100.0
419.3427251999965	75.0	100.0
419.3623034999764	75.0	100.0
419.3834447999834	75.0	100.0
419.4026507999806	75.0	100.0
419.42303059998085	75.0	100.0
419.4427675999759	75.0	100.0
419.46353579999413	75.0	100.0
419.4834256999893	75.0	100.0
419.5030053999799	75.0	100.0
419.5231280000007	75.0	100.0
419.543715399981	75.0	100.0
419.56487029997515	75.0	100.0
419.5830885999894	75.0	100.0
419.6030985999969	75.0	100.0
419.6232868999941	75.0	100.0
419.6431749999756	75.0	100.0
419.6631843999785	75.0	100.0
419.68347609997727	75.0	100.0
419.70318899999256	75.0	100.0
419.72317639997345	75.0	100.0
419.74334929999895	75.0	100.0
419.7632051999972	75.0	100.0
419.7841750999796	75.0	100.0
419.8034921999788	75.0	100.0
419.82297749997815	72.0	100.0
419.8441285000008	72.0	100.0
419.86404200000106	72.0	100.0
419.88425869998173	72.0	100.0
419.9047164999938	72.0	100.0
419.9232179999817	72.0	100.0
419.9434151999885	72.0	100.0
419.96299010000075	72.0	100.0
419.98390110000037	72.0	100.0
420.0033318999922	72.0	100.0
420.0242408999766	72.0	100.0
420.0443614999822	72.0	100.0
420.0640370999754	72.0	100.0
420.08395369999926	72.0	100.0
420.1042135999887	72.0	100.0
420.1233040999796	72.0	100.0
420.14329209999414	72.0	100.0
420.1634678999835	72.0	100.0
420.1838495999982	72.0	100.0
420.20329849998234	72.0	100.0
420.22362949998933	72.0	100.0
420.24333819997264	72.0	100.0
420.26337449997663	72.0	100.0
420.28363890000037	72.0	100.0
420.30355719997897	72.0	100.0
420.32411299998057	72.0	100.0
420.3442909999867	72.0	100.0
420.36395069997525	72.0	100.0
420.38496889997623	72.0	100.0
420.40380929998355	72.0	100.0
420.4238523999811	72.0	100.0
420.4440429999959	72.0	100.0
420.4640390999848	72.0	100.0
420.48483069997746	72.0	100.0
420.5039757999766	72.0	100.0
420.5242906999774	72.0	100.0
420.5440338999906	72.0	100.0
420.5637813999783	72.0	100.0
420.5836567999795	72.0	100.0
420.60392199998023	72.0	100.0
420.62466709999717	72.0	100.0
420.6433713999868	72.0	100.0
420.66482349997386	72.0	100.0
420.68431099999	72.0	100.0
420.70506069998373	72.0	100.0
420.72387519999756	72.0	100.0
420.7466328999726	72.0	100.0
420.76483129998087	72.0	100.0
420.78523449998465	72.0	100.0
420.8047869000002	72.0	100.0
420.82616659998894	74.0	100.0
420.84479429997737	74.0	100.0
420.86501539999153	74.0	100.0
420.8848594999872	74.0	100.0
420.90423779998673	74.0	100.0
420.92423389997566	74.0	100.0
420.9447192999942	74.0	100.0
420.9637474999763	74.0	100.0
420.98394409997854	74.0	100.0
421.00448229999165	74.0	100.0
421.0238889999746	74.0	100.0
421.0438468999928	74.0	100.0
421.06466079998063	74.0	100.0
421.0846904999926	74.0	100.0
421.1039916999871	74.0	100.0
421.1241965999943	74.0	100.0
421.1443529999815	74.0	100.0
421.16325329997926	74.0	100.0
421.1855426999973	74.0	100.0
421.20487359998515	74.0	100.0
421.2250775999855	74.0	100.0
421.2448888999934	74.0	100.0
421.26565249997657	74.0	100.0
421.2855680999928	74.0	100.0
421.30548709997674	74.0	100.0
421.32483800000045	74.0	100.0
421.34507139999187	74.0	100.0
421.36501199999475	74.0	100.0
421.3852631999762	74.0	100.0
421.40481919999	74.0	100.0
421.4247952999722	74.0	100.0
421.44394859997556	74.0	100.0
421.46412559997407	74.0	100.0
421.4851216999814	74.0	100.0
421.50414359997376	74.0	100.0
421.52455249999184	74.0	100.0
421.5448434999853	74.0	100.0
421.56473339998047	74.0	100.0
421.58524629997555	74.0	100.0
421.60481479999726	74.0	100.0
421.62493699998595	74.0	100.0
421.6454152999795	74.0	100.0
421.664830099995	74.0	100.0
421.68506109999726	74.0	100.0
421.70520239998586	74.0	100.0
421.7252313999925	74.0	100.0
421.74513169997954	74.0	100.0
421.76495189999696	74.0	100.0
421.78553199997987	74.0	100.0
421.8056670999795	74.0	100.0
421.82540329999756	75.0	100.0
421.8452314999886	75.0	100.0
421.8652361999848	75.0	100.0
421.88555929998984	75.0	100.0
421.90530969999963	75.0	100.0
421.92941719997907	75.0	100.0
421.9460969999782	75.0	100.0
421.96637789998204	75.0	100.0
421.98592519998783	75.0	100.0
422.00497409998206	75.0	100.0
422.02543899999	75.0	100.0
422.04531759998645	75.0	100.0
422.0660056999768	75.0	100.0
422.0860882999841	75.0	100.0
422.10582819997217	75.0	100.0
422.1255194999976	75.0	100.0
422.1466412000009	75.0	100.0
422.16638619999867	75.0	100.0
422.18632660000003	75.0	100.0
422.20630459999666	75.0	100.0
422.2263027000008	75.0	100.0
422.24615799999447	75.0	100.0
422.2663806999917	75.0	100.0
422.2872019999777	75.0	100.0
422.3063896999811	75.0	100.0
422.3260784999875	75.0	100.0
422.34611699997913	75.0	100.0
422.3661248999997	75.0	100.0
422.38746249998803	75.0	100.0
422.4066263999848	75.0	100.0
422.4263027999841	75.0	100.0
422.44680059998063	75.0	100.0
422.4674262999906	75.0	100.0
422.48699449998094	75.0	100.0
422.5069390999852	75.0	100.0
422.52664889997686	75.0	100.0
422.5466188999999	75.0	100.0
422.5671278999944	75.0	100.0
422.5877342999738	75.0	100.0
422.6071053999767	75.0	100.0
422.6272100999777	75.0	100.0
422.64739319999353	75.0	100.0
422.6675283999939	75.0	100.0
422.687162599992	75.0	100.0
422.7074374999793	75.0	100.0
422.72653859999264	75.0	100.0
422.74710079998476	75.0	100.0
422.76639639999485	75.0	100.0
422.78735319999396	75.0	100.0
422.8079722999828	75.0	100.0
422.82753239999874	78.0	100.0
422.846974199987	78.0	100.0
422.8672405999969	78.0	100.0
422.8894818999979	78.0	100.0
422.9072450999811	78.0	100.0
422.9273969999922	78.0	100.0
422.9471168999735	78.0	100.0
422.9675763999985	78.0	100.0
422.98819419997744	78.0	100.0
423.00743229998625	78.0	100.0
423.0265833000012	78.0	100.0
423.0471864999854	78.0	100.0
423.06735099997604	78.0	100.0
423.08736269999645	78.0	100.0
423.10749319999013	78.0	100.0
423.12743659998523	78.0	100.0
423.14759239999694	78.0	100.0
423.16721859999234	78.0	100.0
423.1876878999756	78.0	100.0
423.2064775999752	78.0	100.0
423.2279332999897	78.0	100.0
423.24727239998174	78.0	100.0
423.2674939999997	78.0	100.0
423.2881835999724	78.0	100.0
423.30784309998853	78.0	100.0
423.32752669998445	78.0	100.0
423.347918799991	78.0	100.0
423.3671775999828	78.0	100.0
423.3879556999891	78.0	100.0
423.40817689997493	78.0	100.0
423.4280683999823	78.0	100.0
423.447526599979	78.0	100.0
423.46794029997545	78.0	100.0
423.48861899998155	78.0	100.0
423.50785949997953	78.0	100.0
423.52782459999435	78.0	100.0
423.54810329998145	78.0	100.0
423.5680922999745	78.0	100.0
423.58915899999556	78.0	100.0
423.6075356999936	78.0	100.0
423.6274640999909	78.0	100.0
423.6471358999843	78.0	100.0
423.66974659997504	78.0	100.0
423.6879501999938	78.0	100.0
423.70753459999105	78.0	100.0
423.7282051999937	78.0	100.0
423.750284299982	78.0	100.0
423.76807089999784	78.0	100.0
423.7885543000011	78.0	100.0
423.80861979999463	78.0	100.0
423.828445799998	79.0	100.0
423.8488497999788	79.0	100.0
423.86985099999583	79.0	100.0
423.8892300000007	79.0	100.0
423.9099372999917	79.0	100.0
423.9248681999743	79.0	100.0
423.9433929999941	79.0	100.0
423.9639746999892	79.0	100.0
423.98530579998624	79.0	100.0
424.0058913999819	79.0	100.0
424.02904519997537	79.0	100.0
424.04974209997454	79.0	100.0
424.07079489997705	79.0	100.0
424.0905446999823	79.0	100.0
424.11054899997544	79.0	100.0
424.1305283999827	79.0	100.0
424.15030799998203	79.0	100.0
424.16993539998657	79.0	100.0
424.190329199977	79.0	100.0
424.2094794999866	79.0	100.0
424.2303962999722	79.0	100.0
424.25057109998306	79.0	100.0
424.2710610999784	79.0	100.0
424.29065539999283	79.0	100.0
424.3105569999898	79.0	100.0
424.32973420000053	79.0	100.0
424.3502607999835	79.0	100.0
424.3707039000001	79.0	100.0
424.3906577999878	79.0	100.0
424.41172629999346	79.0	100.0
424.43081049999455	79.0	100.0
424.44986149997567	79.0	100.0
424.47072029998526	79.0	100.0
424.4906025999808	79.0	100.0
424.5112069999741	79.0	100.0
424.53078549998463	79.0	100.0
424.5505868999753	79.0	100.0
424.57080239997595	79.0	100.0
424.5909181999741	79.0	100.0
424.6103850999789	79.0	100.0
424.630931599997	79.0	100.0
424.65070119997836	79.0	100.0
424.6717282999889	79.0	100.0
424.6906339999987	79.0	100.0
424.710027299996	79.0	100.0
424.7317175999924	79.0	100.0
424.7514687999792	79.0	100.0
424.77412659997935	79.0	100.0
424.79236629998195	79.0	100.0
424.81168489999254	79.0	100.0
424.83219929999905	79.0	100.0
424.85172849998344	79.0	100.0
424.87181669997517	79.0	100.0
424.89090819997364	79.0	100.0
424.9081849999784	79.0	100.0
424.92548749997513	79.0	100.0
424.9444107999734	79.0	100.0
424.9640561999986	79.0	100.0
424.98586719998275	79.0	100.0
425.0094846999855	79.0	100.0
425.0321679999761	79.0	100.0
425.0525708999776	79.0	100.0
425.0738319999946	79.0	100.0
425.0928635999735	79.0	100.0
425.1124201999919	79.0	100.0
425.1324411999958	79.0	100.0
425.15278009997564	79.0	100.0
425.1727382999961	79.0	100.0
425.1917776999762	79.0	100.0
425.2115646999737	79.0	100.0
425.2316595999873	79.0	100.0
425.25163009998505	79.0	100.0
425.2756586999749	79.0	100.0
425.2918986000004	79.0	100.0
425.3115341999801	79.0	100.0
425.3338789999834	79.0	100.0
425.35267179997754	79.0	100.0
425.3678922999825	79.0	100.0
425.3924147999787	79.0	100.0
425.41214649999165	79.0	100.0
425.4331975999812	79.0	100.0
425.4526493999874	79.0	100.0
425.472743899998	79.0	100.0
425.49191749998135	79.0	100.0
425.5130562999984	79.0	100.0
425.5329875999887	79.0	100.0
425.5525989999878	79.0	100.0
425.57410809997236	79.0	100.0
425.5931256999902	79.0	100.0
425.61281699998653	79.0	100.0
425.63269279999076	79.0	100.0
425.6536885999958	79.0	100.0
425.6728322999843	79.0	100.0
425.6929327999824	79.0	100.0
425.7129909999785	79.0	100.0
425.73116869997466	79.0	100.0
425.75103759998456	79.0	100.0
425.77056289999746	79.0	100.0
425.7901227999828	79.0	100.0
425.81072789998143	79.0	100.0
425.8330065999762	77.0	100.0
425.84781579999253	77.0	100.0
425.8674617999932	77.0	100.0
425.8910704999871	77.0	100.0
425.9091143999831	77.0	100.0
425.93011939999997	77.0	100.0
425.9504422999744	77.0	100.0
425.97138269999414	77.0	100.0
425.9907774999738	77.0	100.0
426.0129668999871	77.0	100.0
426.0329047999985	77.0	100.0
426.0527469999797	77.0	100.0
426.07324119997793	77.0	100.0
426.09280759998364	77.0	100.0
426.1129794999724	77.0	100.0
426.13277019999805	77.0	100.0
426.1534921999846	77.0	100.0
426.172903699975	77.0	100.0
426.19317039998714	77.0	100.0
426.21336349999183	77.0	100.0
426.23343569997814	77.0	100.0
426.25587219998124	77.0	100.0
426.2722266999772	77.0	100.0
426.2932546999946	77.0	100.0
426.3129897999752	77.0	100.0
426.33296639999026	77.0	100.0
426.3531029999722	77.0	100.0
426.37296209999477	77.0	100.0
426.3933025999868	77.0	100.0
426.412834799994	77.0	100.0
426.43282959997305	77.0	100.0
426.45272049997584	77.0	100.0
426.4734114999883	77.0	100.0
426.4921484999941	77.0	100.0
426.5136011999857	77.0	100.0
426.5325456999999	77.0	100.0
426.55374299999676	77.0	100.0
426.57072549997247	77.0	100.0
